"5-digit FIPS Code","Uninsured raw value","Primary care physicians raw value","Social associations raw value","Preventable hospital stays raw value","Uninsured adults raw value","Uninsured children raw value","Health care costs raw value","Food environment index raw value","Poor or fair health raw value","Poor physical health days raw value","Poor mental health days raw value","Excessive drinking raw value","Frequent physical distress raw value","Frequent mental distress raw value","Insufficient sleep raw value","Adult smoking raw value","Access to exercise opportunities raw value","Mental health providers raw value","Other primary care providers raw value","Adult obesity raw value","Physical inactivity raw value","MentalDisordersDeath","Suicide"
"01001",0.0872168595,0.000450418,12.071202076,7108,0.1114898915,0.0266915405,11793.42,7.2,0.1841112436,4.2005779826,4.3067392835,0.1687801512,0.1282443447,0.1263835707,0.3590540606,0.191246585,0.686775027,0.0001263173,0.0002887253,0.33,0.306,23.4204694903346,22.2194197728815
"01003",0.1133340447,0.0007289727,10.205617322,4041,0.1434852477,0.0353876329,10160.76,8,0.1806045782,4.0987477691,4.2496487805,0.1671496869,0.1262200157,0.1282255819,0.3330586814,0.1679548515,0.7197103119,0.0008918169,0.000436319,0.3,0.247,58.0401212115523,19.5552969041618
"01005",0.1224279246,0.0003165809,7.5187969925,6209,0.1608583414,0.0291353383,11655.99,5.6,0.2577341563,5.0674383044,4.634994147,0.1269871542,0.1621615961,0.1463231059,0.3856316713,0.2154087757,0.5362566923,7.70268e-05,0.0002695937,0.412,0.28,39.4135267223711,14.4516264648694
"01007",0.1020625259,0.0004852656,8.3818598906,5961,0.13,0.0261780105,11652.95,7.8,0.1999691186,4.3633772783,4.3157100192,0.1592515079,0.1316296828,0.1285403606,0.381488654,0.1991640424,0.1625136374,8.83275e-05,0.0007507839,0.374,0.334,36.9216227791644,17.7223789339989
"01009",0.1336075949,0.0002240877,8.4463827073,4060,0.1708234188,0.0407728371,11964.7,8.4,0.2109532316,4.5127526482,4.7015992588,0.1537872189,0.1372005681,0.138279427,0.3594501042,0.1965215818,0.2294930393,8.66491e-05,0.0001213087,0.33,0.333,35.1469546028106,18.4377466768843
"01011",0.1144037612,0.0002910079,7.7602095257,6632,0.1524096386,0.0228544776,9366.14,4.3,0.2940771388,5.2266193898,4.7919184772,0.1289631731,0.1663247935,0.1484005471,0.4502063587,0.2347829118,0.2669048928,9.65065e-05,0.0007720517,0.466,0.424,32.4580479729949,32.4580479729949
"01013",0.1118600954,0.0002522068,9.079445145,9203,0.1450576534,0.0265945946,11811.18,6.6,0.265026132,5.1174326174,5.1345730819,0.1304281127,0.1619792823,0.1547420506,0.419110839,0.2219765552,0.4857974889,0.000250025,0.000550055,0.468,0.403,35.2923382014352,33.6117506680335
"01015",0.1192916752,0.0006362876,14.469004951,6581,0.1538868712,0.0243855085,12450.83,6.9,0.1958470142,4.2904480661,4.4765721664,0.1543167701,0.1302095258,0.138065685,0.4131434398,0.2046223175,0.4471376042,0.0009423179,0.0005060596,0.397,0.311,34.9227044142298,22.9907804060346
"01017",0.1193807681,0.0004152701,17.79728888,5622,0.1522631684,0.0253876767,9572.97,6.4,0.2521983554,5.0370446678,4.9326462099,0.1352845089,0.1542820773,0.1456000236,0.3726657479,0.2204036962,0.6186467923,2.95482e-05,0.000147741,0.423,0.287,39.5370214784869,28.664340571903
"01019",0.1117264992,0.0003867425,8.5083343002,5521,0.1394033268,0.0313909774,11340.18,8.3,0.1929159345,4.2779170785,4.6812529447,0.1523273067,0.1300955694,0.1364344403,0.3535507081,0.1914485261,0.3342952788,0.0001943635,0.0004664723,0.384,0.304,56.6908032056072,25.7685469116396
"01021",0.1375970587,0.0002042345,15.204120998,6148,0.1750468398,0.0439966725,12945.76,8.1,0.2146530717,4.7362771144,4.6255724065,0.1506431265,0.1444537954,0.1426070407,0.3517456926,0.1967327502,0.4724239855,0.0003868824,9.10312e-05,0.419,0.333,28.7528090737812,9.83648731471463
"01023",0.1134207871,0.0003862495,19.312475859,4968,0.1411301277,0.0351721585,11865.59,6.4,0.2411128491,4.7381487719,4.7562769582,0.1302524035,0.146574409,0.1420809993,0.3829117428,0.1906205957,0.2756331626,0,0.0003078581,0.472,0.337,25.7871528404549,30.9445834085459
"01025",0.1192636629,0.0005397999,16.193995765,6299,0.1531550802,0.0285087719,10244.46,5.4,0.2770052858,5.0341224717,4.8038714851,0.1335369528,0.1583283955,0.1462674381,0.4084477971,0.2093332271,0.2386482406,0.0005739587,0.0004919646,0.361,0.405,26.244906416189,16.5757303681193
"01027",0.1388333809,0.0003740555,10.473554275,5249,0.1721845839,0.0433869839,9919.39,7.8,0.2058763477,4.472032396,4.5860482369,0.1481913369,0.1379201709,0.1385778102,0.3854052487,0.1913940444,0.6397502153,7.4118e-05,0.000444708,0.373,0.338,89.6995066527134,14.9499177754522
"01029",0.1334452371,0.0002684564,8.0536912752,6416,0.1684013566,0.0459543276,12161.94,8,0.1830098389,4.3509719859,4.6239163437,0.1597004722,0.1327959796,0.1366156229,0.3350478468,0.1971051177,0.4148410366,0.000402037,0.0002010185,0.34,0.26,49.0950882595791,42.4003034969092
"01031",0.1199236659,0.0005397694,14.650884836,4863,0.1528678951,0.03796875,11047.49,7.5,0.2022687141,4.5482444526,4.606066663,0.155284197,0.1359314658,0.1344527255,0.3730473188,0.182012209,0.5717546248,0.0005465974,0.0005661188,0.367,0.316,39.9976775542065,14.1927242934281
"01033",0.0968386252,0.0006422018,16.880733945,6414,0.1212130609,0.0288509784,11329.8,7.4,0.2024993655,4.3370482596,4.4916322024,0.1582277262,0.1311340438,0.13365516,0.3695078304,0.1837114645,0.5528220769,0.0002582264,0.0012173528,0.37,0.35,52.6064669252132,19.5744993210096
"01035",0.1203345531,0.0004009945,7.217900393,12070,0.1533437456,0.0296435272,11395.81,5.6,0.2906951469,5.5701879313,5.2802804094,0.1145255112,0.1794440036,0.1651926789,0.4232037304,0.2347999723,0.3712579377,0.0006454215,0.0001613554,0.421,0.426,29.6168654586575,37.6941924019278
"01037",0.1302620142,0,10.228752092,4956,0.1553275454,0.0388828039,11811.93,6.9,0.2398760761,4.824660434,4.7071571194,0.1353170396,0.1500797576,0.1441541472,0.3680937197,0.205045703,0.0831094549,9.4509e-05,9.4509e-05,0.448,0.358,71.7628705148206,62.402496099844
"01039",0.1210361769,0.0005122398,12.671195945,9181,0.1529156034,0.0370636059,12310.84,7.6,0.2244928919,4.7699995605,4.7970467132,0.1540189052,0.1447478206,0.14119544,0.3591244884,0.2093981084,0.5061829737,0.0005339313,0.0006407176,0.358,0.365,28.6902883373978,19.724573231961
"01041",0.1226752504,0.0001441857,10.092999784,7057,0.1560636183,0.0387526491,10448.2,6.2,0.222906023,4.589517957,4.6641646183,0.1443564624,0.1415386866,0.1406169471,0.3755186144,0.1997713662,0.2637710341,0.0005031266,0.0008625027,0.353,0.344,36.0507594693328,43.2609113631994
"01043",0.1265824677,0.0005558577,11.721346142,6442,0.1622100084,0.0338648522,11471.62,8.2,0.2070415356,4.4965092871,4.7505766135,0.1589564952,0.137452814,0.1386381597,0.3537426646,0.2034060491,0.4632117006,0.0011397946,0.0007760304,0.357,0.341,44.2356877443016,21.7157012562935
"01045",0.0969886392,0.0001828302,10.563523341,5120,0.1248971193,0.0253737719,12300.66,6.7,0.2261333682,4.7168411445,4.4415549183,0.1439450885,0.1444525049,0.1364086153,0.4084584768,0.1861218467,0.4834729657,0.0007922643,0.0007516353,0.418,0.317,43.4169108867904,20.351676978183
"01047",0.1037240769,0.0007395129,11.985209741,7183,0.1370767594,0.0216847373,10719.42,4.6,0.2870515352,5.1390385639,5.0755569488,0.1201647655,0.1736425244,0.1653663583,0.4232435317,0.2219683462,0.4905979005,0.00044991,0.00039992,0.422,0.329,25.5247462414811,12.7623731207406
"01049",0.1731903394,0.000418895,8.5175307539,5868,0.2281160115,0.0415215348,11045.74,8.2,0.2309744566,4.5474356903,4.6503286583,0.1489396326,0.1461162377,0.144119461,0.3581592162,0.2236335316,0.4653560028,0.0001692525,0.0005218618,0.303,0.328,36.9328010023282,20.1026638367103
"01051",0.0865571645,0.0002571103,10.896580433,6334,0.1100243976,0.0274876016,11162.87,7.6,0.1895798772,4.2276166824,4.4079859115,0.1657222355,0.1263404828,0.1277338597,0.3842432624,0.1866105088,0.5209008486,0.0001100258,0.0002445018,0.348,0.245,24.4535647183968,22.4157676585304
"01053",0.1442834487,0.0003471573,14.420380805,7412,0.1894849349,0.035600987,11494.13,6.6,0.2445262368,4.8504784353,4.6951595774,0.1314663492,0.1540777056,0.1471505698,0.3974832963,0.2086807753,0.4865732404,0.0004770992,0.0003445717,0.365,0.335,50.9278700535189,25.9106707289833
"01055",0.1246599573,0.0008077466,15.765656172,7421,0.1596350062,0.0291884817,14116.22,7.1,0.2297362931,4.9820185085,4.9093520355,0.1380467062,0.1510505505,0.1456439887,0.4083559392,0.2313035858,0.4515752178,0.0009262509,0.0007410007,0.362,0.336,54.9022155805341,17.217854590345
"01057",0.1145995637,0.0009715812,7.8940976439,5911,0.1452828186,0.0310852068,12044.71,7.9,0.1961169181,4.5742285702,4.6227692147,0.1490913411,0.1387846566,0.1383820484,0.3891526204,0.2003300017,0.349863697,0.0001208751,0.0002417503,0.376,0.3,50.5591845814711,24.2684085991061
"01059",0.153034504,0.000444515,9.5253214796,8122,0.1986769331,0.0425827647,12502.71,7.9,0.2240936248,4.7426679365,4.8541644472,0.1495359809,0.1488287769,0.1471926991,0.3842066779,0.2088748226,0.5798637396,9.48527e-05,0.0004110282,0.366,0.369,39.1592405224054,15.8753677793536
"01061",0.1407272901,0.0003027894,8.7051966239,6845,0.1814714971,0.0337433511,11737.23,7.8,0.2376159435,4.9219445063,4.909681346,0.1465654977,0.1480443879,0.148545345,0.3692114575,0.2230488096,0.2020530049,0.0001502968,0.000187871,0.413,0.408,51.6704684369053,15.1230639327528
"01063",0.1144634526,0.0004801921,9.6038415366,7121,0.1468769985,0.0282455187,9476.6,3.2,0.3409874843,5.6448489571,5.2551586158,0.0995368216,0.1868353863,0.1711977165,0.4523545272,0.2442496003,0.0622443339,0.0001187366,0.0002374733,0.38,0.237,40.0240144086452,32.0192115269161
"01065",0.1056016246,0.0002025385,6.0761544693,6986,0.1367974549,0.0274243709,9853.41,6.1,0.2747581533,5.1895385187,4.9825127522,0.129096037,0.1650702926,0.1544143288,0.4179543605,0.2206263417,0.2989847716,6.68807e-05,0.0003344034,0.453,0.318,49.449314452686,60.6877950101146
"01067",0.1218773656,0.0002915962,13.996617484,4872,0.1530559836,0.0361806311,11188,7.9,0.2128018723,4.6427827893,4.5446280757,0.1367640884,0.1410612823,0.1363625174,0.3811461866,0.1966662856,0.2570223096,0.0001747844,0.0002913074,0.35,0.29,62.111801242236,19.4099378881988
"01069",0.110702235,0.0008433481,11.979376306,4859,0.1443704945,0.0244942284,11480.38,7.1,0.2381457627,4.7606834541,4.4201565459,0.1560567081,0.1458431051,0.1362149009,0.3704631196,0.2150920125,0.5775158301,0.0012397171,0.0012781579,0.385,0.324,39.9202871705778,14.371303381408
"01071",0.1305094171,0.0005394055,9.054306575,5903,0.1649047246,0.0338923213,11679.61,7.9,0.1952073055,4.5794785716,4.7882880007,0.151252171,0.1442799819,0.14618798,0.3804265797,0.2231374277,0.4773141451,0.0004219571,0.0004986766,0.356,0.339,33.3797654429559,28.2444169132704
"01073",0.1004948485,0.001075551,14.441813297,4653,0.1269599677,0.0312833846,10998.9,6.3,0.1983986562,4.0097180011,4.2821536358,0.1613199242,0.1299725047,0.1291210137,0.3634513264,0.1840787557,0.7953516203,0.0014434719,0.0011144452,0.346,0.291,57.0773370110889,13.9533613950935
"01075",0.1153169829,0,7.8875663273,5184,0.1449757095,0.0390848427,10546.01,7.8,0.2508058365,4.8804161471,4.9696916296,0.1390192664,0.1524173114,0.1518095172,0.3787654685,0.2068624791,0.1752952486,0.0001436988,0.0006466446,0.339,0.311,47.9524311882612,67.1334036635657
"01077",0.1128515877,0.0005078995,14.804728868,5323,0.1407030578,0.0306860145,10342.8,7.6,0.1938435625,4.2925684613,4.5422093871,0.1467552571,0.1321558562,0.1359712388,0.3505816101,0.1874983866,0.5883139717,0.0013756797,0.0007257523,0.323,0.27,54.1041613313952,15.5098595816666
"01079",0.1402862986,0.0001512905,13.616145723,7507,0.174546371,0.0454484335,11712.13,8,0.2141235223,4.6446993533,4.74040373,0.1540081733,0.1428106604,0.1425113656,0.3871894829,0.211006472,0.4898511896,0.0010829022,0.0003609674,0.327,0.301,27.2040302267003,24.1813602015113
"01081",0.1035018499,0.0005259771,8.0443553377,4208,0.127768885,0.0314428691,9513.2,6.4,0.193778864,4.1862444941,4.4031089733,0.1841105629,0.1317186146,0.1365566011,0.365670481,0.1873573328,0.6641211577,0.000786208,0.0004717248,0.308,0.199,17.5425561774564,12.3829808311457
"01083",0.1101404217,0.0003389759,9.1099764835,5987,0.1405203275,0.0323325635,11768.31,8.1,0.1841558326,4.043275324,4.3472540258,0.1569438092,0.1230260967,0.1262634982,0.3739478359,0.1878264669,0.6035370008,0.0003989089,0.0004420342,0.33,0.264,29.6475122560698,16.235542425943
"01085",0.1082283173,9.92457e-05,5.954743946,5247,0.1381935047,0.0276315789,9944.78,4.6,0.3004841205,5.3598503857,5.1214773594,0.1075884011,0.1715129181,0.1601088985,0.4273863118,0.2235740491,0.0486768741,0,0.0001930875,0.436,0.325,32.8860826098395,39.4632991318074
"01087",0.1055468224,0.0003732338,6.9314849374,5948,0.1307595305,0.0217657879,8536.46,4,0.299782061,5.1694021738,4.8515590133,0.1182009195,0.1668662789,0.153076351,0.4589316797,0.2178973115,0.3226738766,0.003691399,0.0010019512,0.509,0.325,28.4915504745624,33.8337161885428
"01089",0.0943934713,0.0008835439,10.801947674,5439,0.1183323748,0.0291517209,10803.24,7.5,0.1471834807,3.775368643,4.0359967125,0.1559193318,0.115280211,0.1210149337,0.3615362162,0.1642110787,0.6915692734,0.0012073945,0.0008852359,0.338,0.243,31.9031619168452,17.8879000343005
"01091",0.0979742891,0.0003612903,17.032258065,4803,0.1255847427,0.0276121051,10023.55,5.5,0.2740450755,5.1515753089,4.8260141372,0.1160809131,0.1669305638,0.1560156569,0.3926068391,0.2143325958,0.4455699815,0.0003049865,0.0006099731,0.45,0.329,73.9924975049042,82.5962762845442
"01093",0.1140808344,0.0003351993,10.391177555,8236,0.1447594247,0.0305319969,11907.83,7.9,0.2086046427,4.5941142751,4.7683140467,0.138242026,0.1416067782,0.1447112013,0.3753765331,0.2081832463,0.4641603847,0.0001000067,0.0005000333,0.382,0.327,53.5750161841195,18.9744848985423
"01095",0.1564357699,0.000554695,10.256624942,6189,0.207977208,0.0363294963,11995.36,8,0.219612101,4.7101504958,4.98102738,0.1457171834,0.1482824646,0.1474551997,0.3571209728,0.2159965441,0.6156054139,0.0022173881,0.0005569743,0.37,0.372,35.5631175605096,17.7815587802548
"01097",0.1171989015,0.0006715706,11.66793492,6431,0.1524828305,0.0276721546,11514.89,6.4,0.1987617161,4.6302995393,4.4253812589,0.1646166331,0.14397171,0.1384266299,0.3729141239,0.1891319867,0.7200454246,0.0007834421,0.0008244222,0.378,0.287,43.539565473527,15.7740385079691
"01099",0.127897351,0.0003751114,12.66000844,5990,0.1632455148,0.0330783544,10787.1,5,0.2616900103,5.0725714661,4.7905260827,0.1212058725,0.1618401408,0.1512062351,0.3805333372,0.2191414582,0.5209380961,0.0006967023,0.0003251277,0.432,0.36,45.3663725674238,9.38614604843251
"01101",0.1100542222,0.0009750889,15.045489442,6020,0.1433731655,0.0266117768,10472.84,5.5,0.2126913715,4.2554118139,4.3200480261,0.1589581581,0.1345322562,0.1346436122,0.3711891253,0.1960646437,0.7732110236,0.0011309968,0.0009631145,0.371,0.291,30.6442060351407,11.9335610040692
"01103",0.1156025222,0.0004881415,12.540187514,6098,0.1487256158,0.0303353984,11097.93,7.9,0.2048308759,4.6482707685,4.4578000847,0.1466605166,0.1403016131,0.1326448233,0.3751680578,0.2007158591,0.5730688761,0.0012771821,0.0005797735,0.356,0.269,41.1858152690106,25.2158052667412
"01105",0.1148098831,0.0003212335,10.707784559,5342,0.1505487679,0.0255528256,9378.38,4.9,0.3230499582,5.7646986118,5.343085588,0.1176306446,0.1914731977,0.1739529256,0.440162448,0.2327089354,0.5272401095,0.0003133487,0.0004177982,0.468,0.359,60.5995793676256,0
"01107",0.1160720353,0.0003965107,9.9127676447,6592,0.1461495742,0.0345494081,10671.47,7.1,0.2513970967,4.9825218966,4.7546497828,0.1383629505,0.1574217952,0.1486957095,0.4024090013,0.214232526,0.0588473615,0.0001476087,0.0001968117,0.388,0.263,57.9105860551309,59.5651742281346
"01109",0.1291665076,0.0004809571,10.520936664,5568,0.1598155204,0.0334337349,10905.84,6.2,0.2221603018,4.9194641547,4.8683110128,0.160278005,0.1535189146,0.1489286289,0.3909668052,0.2222820971,0.6244566704,0.000180256,0.0006008532,0.383,0.282,33.0360092500826,32.0349180606862
"01111",0.1322766245,0.0003087781,9.2633436259,3494,0.1679012346,0.0363311495,10673.06,7.2,0.2158400866,4.6184419698,4.7413872283,0.1426182008,0.1404074339,0.1399243607,0.3635385851,0.1974937246,0.348448479,0.0002207311,0.0007063394,0.34,0.337,54.3741825502961,29.3914500271871
"01113",0.11304654,0.0002629503,9.9921114909,5042,0.1488662883,0.0228911446,10286.06,6.6,0.2377769306,4.6772566446,4.6882317909,0.1466127363,0.1460189769,0.1426776106,0.4124697987,0.2177860829,0.699170869,0.0003609984,0.000171904,0.389,0.324,24.8557786795223,17.9192823038417
"01115",0.1004106833,0.00017007,8.6168777424,6284,0.1292079208,0.0263932403,11767.94,8.4,0.1814137408,3.8707443437,4.1142439461,0.1567937566,0.1196842325,0.1234616941,0.3663076878,0.196323482,0.4771811037,0.0001476954,0.0003408355,0.367,0.3,41.5238497893608,19.2519667205218
"01117",0.0785913405,0.0008052246,11.142061281,5125,0.0991076382,0.0282656524,11346.48,8.6,0.1462267655,3.6781023342,3.8635533239,0.1877449432,0.1092386343,0.1135379171,0.3670310007,0.1687485205,0.8686316221,0.0005839846,0.0003750795,0.377,0.238,27.9716345748155,14.8452809195948
"01119",0.113622162,0.0005517459,9.4585008276,5643,0.14001657,0.0344827586,9791.71,4.6,0.3197898612,5.6968072571,5.2310376871,0.1148554402,0.1844589032,0.1679092647,0.4327665962,0.2300803497,0.1830996149,7.66871e-05,0.0001533742,0.431,0.33,26.0294653547816,33.8383049612161
"01121",0.1030204108,0.0003122463,12.364953475,5467,0.1312455791,0.0244014733,12000.32,7,0.2439321881,4.832574374,4.7931945282,0.1309925771,0.1476668831,0.1449592912,0.4218156803,0.214248488,0.5979876293,0.0001123553,0.0003870017,0.39,0.367,62.0843680728012,17.083618060301
"01123",0.1190483693,0.00049163,14.011454979,4305,0.150748183,0.0314800136,11158.54,7.2,0.2364316692,4.8893836487,5.0550994673,0.1441983356,0.1520181239,0.1518866731,0.4119439254,0.2092048346,0.7056180315,0.0002209836,0.0007366121,0.345,0.268,80.3904679873672,20.5077724457569
"01125",0.0930868308,0.0007218097,11.06774906,5853,0.1172726208,0.0235317425,11471.12,7.1,0.2085753228,4.4562688533,4.6907003293,0.1883549073,0.1409913961,0.1399199215,0.3790466333,0.2008367679,0.7095542906,0.001164472,0.000727795,0.361,0.275,28.258384391096,12.2024841688824
"01127",0.1167076647,0.0004058822,14.674201505,6561,0.1498498015,0.0293175155,11716.01,7.5,0.2163012974,4.6992715923,4.8957519644,0.1375526378,0.1462967667,0.1474770582,0.3947672409,0.1979027189,0.460453874,0.0004463805,0.0005849123,0.394,0.319,48.7713763905031,23.8668437655653
"01129",0.1390946502,0.0001814772,15.123102051,5311,0.1754565976,0.0431168831,11864.26,7.2,0.2274661871,4.6852534552,4.8276197062,0.146188119,0.1433590505,0.146220046,0.3875590021,0.2073555711,0.1828678687,0.0001193602,0.0003580807,0.319,0.335,36.2428269405014,36.2428269405014
"01131",0.1051888457,0.0003731691,6.530459931,4464,0.1366954214,0.0291666667,9922.19,2.5,0.3037122834,5.6574797296,5.1811226212,0.1097714136,0.1847252571,0.1652306529,0.4328828118,0.2425493419,0.0977720651,9.10249e-05,0.0002730748,0.498,0.346,24.7432883830261,24.7432883830261
"01133",0.1277275435,0.0004215496,9.2740915606,13447,0.1604117991,0.0351987344,12197.62,8,0.2178087205,4.9434301634,4.942185917,0.1470121874,0.1496645645,0.1483072751,0.3649100341,0.227808315,0.7617627839,4.2008e-05,0.0003780718,0.356,0.356,30.9045190835405,18.2617612766376
"04001",0.1917271189,0.0003212021,3.4913275424,5244,0.2299695552,0.1129498164,9066.33,2,0.2615931018,5.5989093474,5.4996181421,0.1189385569,0.1803830748,0.1897581913,0.3494037892,0.2155277574,0.1910008669,0.000848014,0.0005471058,0.354,0.259,44.3344293789485,35.0980899250009
"04003",0.1045641986,0.000545064,8.4164288692,3324,0.1229122577,0.0640076852,8802.15,6.8,0.173962766,4.1236492277,3.9730759412,0.160204045,0.1269440301,0.1229144717,0.3093368862,0.1593978864,0.6026373091,0.0011528981,0.000739445,0.309,0.244,46.9127687545057,23.5889063228871
"04005",0.1311674912,0.0008453145,9.3765982838,2370,0.1484364802,0.0870752723,8541.59,6.1,0.1599106898,4.2000149525,4.5429215895,0.1986299228,0.1318244389,0.1409197346,0.3063310324,0.1635938031,0.8296992285,0.0018877566,0.0008587163,0.245,0.165,23.7905676288106,26.3816195487801
"04007",0.1347724621,0.000467281,9.7194444964,3501,0.1541442173,0.0877554679,10020.95,6.2,0.214606879,5.090789447,4.8472804947,0.1452460715,0.1549406399,0.1462838315,0.3242381874,0.1814261957,0.9150698733,0.0005414893,0.0006161775,0.311,0.265,31.0663203807488,41.6288693102034
"04009",0.1001835112,0.0005871991,4.8043559494,2766,0.121587449,0.0634335413,8464.14,6.3,0.2138923871,4.4307672449,4.0436397813,0.1742891512,0.1391904767,0.1291251944,0.2929763507,0.1791420647,0.586646964,0.0003989468,0.0008510865,0.339,0.229,21.2132193712048,22.9809876521386
"04011",0.0861478218,0.0005288207,5.2882072977,2571,0.097547879,0.0652014652,8179.82,5.8,0.1916354423,4.0842838654,3.7756633915,0.1760244064,0.1263556468,0.1181045779,0.3404365561,0.1530389075,0.461419936,0.0001040258,0.000520129,0.302,0.189,21.0150257434065,21.0150257434065
"04012",0.1976077339,0.000291248,4.3687199651,4251,0.2290180088,0.1193149916,9427.85,6.2,0.2249547748,4.6720514728,4.3995939061,0.124728908,0.1468880159,0.1416609114,0.3153598945,0.1549751216,0.3493093855,0.0011812768,0.0006398582,0.33,0.381,16.124871001032,41.9246646026832
"04013",0.12081176,0.0007035005,5.3029544933,3050,0.1386635529,0.0793784896,10473.08,7.7,0.1463431052,3.5912711936,3.6695195859,0.18537748,0.1101404933,0.1121233572,0.3426794227,0.1374925703,0.9170800895,0.0012196568,0.0008769745,0.271,0.198,22.3673532623699,16.2489292758024
"04015",0.1336297683,0.000492278,5.6467181467,4000,0.1522911306,0.0808709176,9789.89,5.8,0.2085326239,4.8952247486,4.5083802462,0.1551207371,0.1479868895,0.1345012407,0.3323755135,0.2002779048,0.6562846553,0.0006772262,0.0006967147,0.307,0.322,42.4437981411546,34.8875158963278
"04017",0.1512011359,0.0006241051,6.7917324425,3413,0.1830080954,0.0885753089,8764.56,4.6,0.2379440337,5.7644938886,5.0731126171,0.1513784889,0.1789684418,0.1697148023,0.3541784351,0.2149919413,0.5974183101,0.0007361896,0.0006907458,0.333,0.269,42.498034465906,39.7660179645263
"04019",0.1086259278,0.0008437878,6.3064093652,2929,0.1268121332,0.0631477722,9114.31,7.5,0.1605641558,3.8693081864,3.853326337,0.1697051248,0.1203691504,0.1189651205,0.3090993482,0.1389351317,0.8596366485,0.0016768254,0.0008325084,0.254,0.194,31.4485024275125,19.9477071182776
"04021",0.1102796475,0.0001603767,3.4167214814,3118,0.1322099572,0.0649909952,10776.26,7.6,0.1957434113,4.5099918592,3.9778323343,0.1573683488,0.1328583666,0.1221923323,0.3549079084,0.150965481,0.7428719696,0.0007143881,0.0004515697,0.342,0.282,13.8126343162939,17.3622498389169
"04023",0.1399328322,0.0004977062,4.1114861941,2337,0.1710100292,0.0798482032,6738.31,7.8,0.253747981,4.6456548859,3.928240888,0.1384585438,0.1532193256,0.1309291075,0.3143252488,0.1560468406,0.666617461,0.0003261933,0.0001304773,0.301,0.178,12.9769011160135,10.0931453124549
"04025",0.1292438197,0.0006223484,8.8969531223,2246,0.1425306233,0.0906222969,8569.71,6.8,0.1428128618,3.6555769043,3.7658564728,0.1648173399,0.1115900782,0.1168329806,0.2989418785,0.1525279399,0.8664237347,0.0016713808,0.0008556406,0.243,0.225,41.2703088564916,35.2912181741024
"04027",0.1419948099,0.0004722118,4.5775631945,3604,0.176579222,0.0728896465,9943.5,6.8,0.2593220555,4.8751959021,4.0338357488,0.1548240407,0.1557137422,0.1285018893,0.2977412231,0.1489587161,0.8358169307,0.0005300757,0.0006322004,0.379,0.243,19.6707783391146,13.433702280371
"05001",0.0892445314,0.0005565759,13.357822675,6767,0.1077428075,0.0423076923,9741.35,5.5,0.2435948554,4.714443704,4.9346157216,0.1297711916,0.1409631046,0.1459645164,0.361572473,0.1946592114,0.4768915295,0.000933348,0.000603931,0.35,0.392,42.6320667284523,33.3642261353105
"05003",0.0920272211,0.000394419,13.804664004,7550,0.1135890316,0.0388084749,12553.96,6,0.2349308298,4.7913865966,4.8133501098,0.1324519162,0.1444302189,0.1450508627,0.3327037939,0.2011461134,0.5025396971,0.000731993,0.0005367948,0.42,0.445,23.0183653672251,9.86501372881077
"05005",0.083837602,0.0007496071,9.6723491718,4453,0.0992222484,0.0401373119,9938.17,7.7,0.2029167443,4.677697163,5.0742670533,0.1292055116,0.1359714905,0.1409917595,0.3174083172,0.1795878972,0.7519090405,0.0028006429,0.0010715503,0.311,0.298,79.009319874875,30.6362668902577
"05007",0.1042660788,0.0006045813,8.5617724371,3144,0.1285429142,0.0521716921,10048.02,8.2,0.1990779502,4.4344465088,4.3871706724,0.1732967924,0.1330264102,0.1302373442,0.3030248546,0.1757684087,0.7646822295,0.0020403344,0.0005575107,0.311,0.226,23.4571292738701,17.5614871569081
"05009",0.0861648016,0.0007490436,10.700623311,3839,0.1046090109,0.0404737266,9746.78,7,0.1981726228,4.5755641209,4.5732988464,0.1556871701,0.1369443726,0.1382829236,0.2964911616,0.1960301011,0.5558355689,0.000965044,0.0007773965,0.292,0.324,30.3124860696296,24.0716801141176
"05011",0.1155674047,0.0005522828,11.966126657,7001,0.1438860697,0.0485584219,12370.6,6.5,0.2890434881,5.299967602,5.2426639851,0.1226870441,0.1646420244,0.1601467145,0.3802559825,0.2255589448,0.6807438304,9.09422e-05,0.0002728265,0.312,0.374,30.5278261135025,30.5278261135025
"05013",0.0833755702,0.0003811702,13.340956737,4115,0.0984594776,0.0373647984,9606.2,4.6,0.2408956168,5.0077959961,4.975184463,0.1352526377,0.1509946087,0.1491031388,0.3563525329,0.2149731607,0.1058122206,0,0.0011664075,0.258,0.397,6.38243553740107,6.38243553740107
"05015",0.1277965783,0.0005725737,13.240767249,3898,0.1540521126,0.0628380528,9716.79,8.1,0.2211498983,4.8270361131,4.7749545821,0.1316246491,0.1448505296,0.1434574978,0.3432681775,0.1868254705,0.522444072,0.0007957752,0.0002170296,0.295,0.337,35.7939699092026,26.2489112667486
"05017",0.0890782339,0.0010342234,8.4618277548,7061,0.1099800036,0.0390756303,11331.63,2.9,0.2883932592,5.3908146606,4.9976090863,0.1138653274,0.1706659221,0.1587012964,0.3748387529,0.2297519922,0.2942372881,0.0051164915,0.0012791229,0.406,0.351,34.3546019550892,43.7240388519317
"05019",0.0720669688,0.0004485713,15.251424214,4252,0.0852996096,0.0362084871,9184.02,5.1,0.2331334818,4.9427005792,4.9982571758,0.1471558041,0.1498785859,0.1498339746,0.3323600688,0.205630671,0.6687975647,0.0020744141,0.000662047,0.264,0.391,31.3381385145722,32.83043082479
"05021",0.0865793355,0.0001340483,14.745308311,6965,0.1034031414,0.0429354446,13684.86,7.1,0.2279065597,4.9143815104,5.1077978316,0.1373988631,0.1487241326,0.1519844975,0.3240768564,0.2121881733,0.3282347821,0.0002010724,0.0006032172,0.374,0.349,31.3290218631817,11.1889363797077
"05023",0.091217696,0.0005589269,15.170871926,4667,0.1068032726,0.0481660621,9726.91,7.6,0.1801410343,4.2309664907,4.4838471262,0.1439144296,0.1250514028,0.1337683055,0.3065829619,0.1799265373,0.6515979977,0.0005937302,0.0003958201,0.337,0.329,47.8233723448065,22.5832591628253
"05025",0.0888581952,0.0001219215,7.3152889539,5769,0.1054522401,0.0465362242,13249.92,7,0.2068209807,4.5993095536,4.7315220848,0.1442175623,0.1360502436,0.1385966256,0.3330169139,0.1879179507,0.0689377374,0,0,0.384,0.337,77.6746657945301,65.4102448796043
"05027",0.0827831386,0.0005925424,13.967071571,5337,0.099907919,0.0376788233,10435.63,5.9,0.2428123597,5.0555066281,4.895989825,0.1360101551,0.1516644229,0.1487586625,0.3742275777,0.2141267237,0.5961225155,0.0019246057,0.0004602318,0.435,0.373,30.9575740519243,8.4429747414339
"05029",0.085021947,0.000669344,14.343086632,4012,0.1027402931,0.0400167609,10312.25,6.9,0.2231282155,4.7914520433,4.852045873,0.1402729851,0.1435134375,0.1444079519,0.3407768628,0.2101056134,0.4368918347,0.0023403544,0.0002388117,0.398,0.343,27.0942241489226,15.9377789111309
"05031",0.0794046886,0.0011576343,8.402184568,5917,0.0974237911,0.0384699374,11022.33,6.7,0.2103782042,4.4617925506,4.796595972,0.142584188,0.1352410661,0.1419956978,0.313895805,0.2096940424,0.6425557065,0.003637738,0.0011905324,0.393,0.334,56.6082336986949,16.7958495589534
"05033",0.098941617,0.0003968506,7.6195313988,4683,0.1224671265,0.04383238,11117.3,7.4,0.2114032775,4.6210846506,5.056938927,0.1559626473,0.1371780697,0.1444360069,0.3410747444,0.2032802496,0.7356815394,0.0004336165,0.0001927185,0.389,0.292,22.261208783637,22.261208783637
"05035",0.0798873791,0.0003487179,9.2307692308,4890,0.1033719103,0.0301240402,10800.96,5.8,0.250226607,5.0382086856,4.997353262,0.1348386439,0.1548812334,0.1541627313,0.3632218693,0.2400204619,0.7230560685,0.0017873464,0.0007108764,0.37,0.394,45.1044578239149,8.884211389559
"05037",0.0881896743,0.00041511,17.197414458,6557,0.1089949281,0.0379654417,10619.01,6.7,0.2346283879,4.9147301733,4.8790999802,0.1349489682,0.1479171075,0.1476544635,0.3431668546,0.2147414796,0.4931169558,0.0004108705,0.0004695662,0.42,0.37,53.3850047453338,27.6811135716545
"05039",0.080890538,0.0004057893,20.289463006,4796,0.0969184891,0.0352697095,10574.66,5.5,0.2383399439,4.7606202256,4.7406064127,0.1260974701,0.1401638439,0.1385199024,0.3629400381,0.1907861275,0.1848201084,0.0018744142,0.0008033204,0.398,0.474,68.0457267283615,54.4365813826892
"05041",0.0953091684,0.0004250255,17.001020061,8575,0.1204131977,0.0409433344,12255.79,4.1,0.3037802905,5.6020748141,5.224990981,0.1125535712,0.1752870566,0.1654950657,0.3995325075,0.2538666552,0.5873308733,0.000589424,0.0006736275,0.475,0.348,31.2926718252162,34.1374601729631
"05043",0.0842156252,0.000700922,10.783415108,10206,0.1016037736,0.0382244143,11594.21,5.8,0.2445280368,5.0834865245,5.1576687239,0.13623359,0.157623173,0.1570568833,0.3677830222,0.2139009933,0.3968880004,0.0061658892,0.0003216986,0.349,0.319,34.218204084573,18.0095810971437
"05045",0.079798884,0.000493312,9.0575314992,3918,0.0978329228,0.0349965235,10604.51,7.2,0.1943906304,4.5536248884,4.6769490332,0.1556228777,0.1328195457,0.1374391411,0.3505157956,0.1831142552,0.5495995125,0.0010717763,0.0006136124,0.365,0.273,28.8653230353371,18.0745480688559
"05047",0.0943724753,0.0002794857,10.620458357,5538,0.1151720795,0.0432041102,10821.68,7.4,0.2067100416,4.7834656818,5.0164450914,0.145549511,0.1440265242,0.147578221,0.326137279,0.2060018709,0.7060965517,0,0.0001702031,0.422,0.327,28.1288677193114,28.1288677193114
"05049",0.0958826206,0.0005806719,6.6362505185,6902,0.1135330093,0.0510204082,11756.84,6.5,0.2176457799,4.8150868311,4.9386395224,0.1289146705,0.1439534957,0.1479405776,0.3248421343,0.1876575381,0.4432013067,0.0002474635,0.0005774148,0.321,0.328,74.0801712075068,27.4371004472247
"05051",0.0982478436,0.0008818342,11.048267753,4743,0.1173683151,0.045995086,10399.97,6.6,0.2117294403,4.9245838856,4.951510915,0.1492143019,0.1451795236,0.1461131342,0.3456161551,0.1879290382,0.8147025744,0.0023800486,0.0008412241,0.288,0.291,49.4430879578989,25.0601952663323
"05053",0.0607035176,0.0001101018,9.9091659785,4963,0.0718170923,0.0334106729,10997.25,7.8,0.1888458304,4.4403311364,4.5817338793,0.1541718989,0.1279734297,0.1319281168,0.3263070005,0.1942911473,0.1209320562,0.0009401615,0.0004424289,0.344,0.376,42.2522274272068,22.0446403968035
"05055",0.0701399606,0.0005770981,11.098040086,5782,0.0874494836,0.029161177,11974.13,7,0.2133762923,4.6401345102,4.7550531494,0.1605178888,0.1334344453,0.1380391613,0.3481151904,0.205660352,0.3960798289,0.0018386475,0.0007399435,0.38,0.347,22.226173541963,31.1166429587482
"05057",0.1076914357,0.0002744614,10.521019167,5911,0.1338929183,0.0497793469,10890.29,5.8,0.2808958607,5.3891296242,5.1298217881,0.1228932549,0.1676457517,0.15902942,0.3667495394,0.2226998583,0.6374894953,0.0005916083,0.000409575,0.316,0.316,24.3991704282054,19.8243259729169
"05059",0.0761320153,0.0002084947,10.424733425,5591,0.0926942113,0.0308722878,11513.77,7.2,0.2028236039,4.6810987376,4.6696323457,0.1572762043,0.1369009893,0.136508459,0.3203729439,0.1907167204,0.2632506151,0.0017079163,0.0004794151,0.349,0.307,36.7614183946189,32.7872110006061
"05061",0.1159857417,0.0004451699,13.355097195,5791,0.1454328517,0.0522618713,12298.56,5.7,0.2687604564,5.2794284692,5.0684896004,0.1238935095,0.1610676226,0.1565174334,0.3630169811,0.2266432476,0.1013126405,0.0007475518,0.0002242655,0.425,0.421,37.3171459846751,44.7805751816101
"05063",0.0814072678,0.0007732509,13.865187713,5283,0.1008741177,0.0358874879,11601.4,7.2,0.2240572551,4.94037633,4.8460867941,0.1468092211,0.1448960701,0.1447301011,0.351050094,0.2082882832,0.5065626109,0.0016681016,0.000591907,0.297,0.327,28.4824210057855,21.3618157543391
"05065",0.103901703,0.0003653368,13.15212626,6526,0.1219512195,0.0549323017,12071.05,7.7,0.2248249111,4.7752460176,4.8537832071,0.136208471,0.1437269419,0.147241513,0.3440066953,0.2137734824,0.4989778037,0.0004466612,0.0008188789,0.323,0.287,66.3195126743958,34.3878954607978
"05067",0.0872500211,0.0004085206,10.504814707,6959,0.1058698977,0.0413694722,12461.52,6,0.2490074733,5.1262872343,5.1347505653,0.1362394634,0.1574118225,0.1571659124,0.3634114182,0.2384647671,0.4254597989,0.0010452355,0.0005226177,0.39,0.27,60.5859245216644,62.5403091836535
"05069",0.0723452562,0.000680026,14.323952832,4960,0.0896672034,0.0304138595,10329.01,5.4,0.2654940972,4.8037933462,4.9693239047,0.1255001031,0.1491495436,0.1518021987,0.385844661,0.2236096749,0.5322399432,0.0018995658,0.0004713208,0.425,0.334,34.2589688532896,12.545537889937
"05071",0.105673693,0.0005649292,8.2856282013,4187,0.1315859147,0.0467940175,9551.68,7.6,0.249815131,5.1151047177,5.1194626603,0.1467580169,0.1546849372,0.1521733256,0.3296143851,0.2173380256,0.5792873923,0.0024831907,0.0004966381,0.404,0.314,25.1667295834906,20.1333836667925
"05073",0.1059098888,0.0002914602,10.201107549,6579,0.1236586612,0.0512820513,10996.21,5.8,0.261091,5.1356084454,4.9210694227,0.118096641,0.1575535772,0.1508805605,0.3763420737,0.206880855,0.1373446697,0.0004381481,0.0004381481,0.464,0.322,34.3288705801579,34.3288705801579
"05075",0.0827930954,0.0003025719,9.6822995461,7665,0.1012699096,0.0357529794,12291.56,6.3,0.2206786093,4.9210559134,5.0583900565,0.1396952458,0.1493397769,0.1534413362,0.3233262622,0.2126112284,0.431467126,0.0023304452,0.000537795,0.379,0.273,64.3940918420735,22.1354690707128
"05077",0.0855204428,0.0001089799,11.987794246,7217,0.1063989962,0.0355892649,10304.85,3.4,0.2946092996,5.4506287506,5.0658086721,0.1292851541,0.1712832063,0.1598591594,0.4002372542,0.2599112225,0.4427283193,0,0.0003222342,0.406,0.323,40.0422263477849,18.2010119762659
"05079",0.093666709,0.0001465631,8.0609702477,6493,0.1126532084,0.0508957655,11303.54,5.7,0.2427400867,4.8937762309,4.7368513097,0.1521140956,0.1487614269,0.1418691725,0.3626503716,0.2282574297,0.3901938588,0.0010944911,0.0002188982,0.446,0.368,31.9143712868856,12.2747581872637
"05081",0.0897568013,0.0002427381,12.946031232,5371,0.1093484419,0.0391241924,12078.65,6.8,0.2312343468,4.8932329729,4.985775247,0.1329388807,0.1480230996,0.1497337248,0.3634256874,0.2049052843,0.6872674816,8.03148e-05,0.0006425187,0.337,0.347,32.313657906075,45.7776820336062
"05083",0.0962221317,0.0001841451,12.890157444,5631,0.1183595915,0.0367219917,11643.78,7.3,0.2054532938,4.7579230955,4.7826644265,0.1477331164,0.1439286724,0.142809766,0.3404946392,0.2014317103,0.7021428891,0.000229442,0.000458884,0.299,0.374,15.3254356255077,26.053240563363
"05085",0.0711518473,0.0001646136,8.5050344317,5364,0.0884860451,0.032212674,10495.25,7.5,0.1771323446,4.1995727558,4.2964953956,0.1592222342,0.1213163522,0.1256015561,0.3406648439,0.1856997472,0.5897507168,0.0004153514,0.0004015063,0.41,0.314,28.3385820653341,24.6819908310975
"05087",0.1146205952,0.0001836098,4.2842279209,5305,0.1367939581,0.0607987789,9629.28,7,0.2250646642,4.9515354195,5.0583673922,0.1474361975,0.1505691095,0.1518533309,0.3552933778,0.2170086116,0.4762359229,0.0013688402,0.00012444,0.31,0.298,26.5892170498241,28.6345414382721
"05089",0.0972067039,0.0001217434,7.9133187241,5431,0.1141880342,0.0471729675,9512.24,7.2,0.2128799448,4.9257052884,4.9580148662,0.1303980905,0.1462581711,0.1484820827,0.3613313279,0.1996041613,0.326007326,0.0001837672,0.0004287902,0.271,0.295,68.7215765538151,38.4032339565437
"05091",0.0807627119,0.0007275373,10.003637686,5478,0.1008603259,0.0328818309,11886.39,5.8,0.2082776857,4.7606175592,4.7795979641,0.1344666214,0.1436109402,0.1432580823,0.368021832,0.2140136432,0.6712990659,0.0021239181,0.0005252701,0.392,0.318,23.5987302360634,22.8374808736098
"05093",0.0756535667,0.0004269551,12.334258403,8228,0.0945801464,0.0339875112,11587.92,5.7,0.2694228756,5.2343235056,5.2117210665,0.1339478189,0.1628477648,0.1577156142,0.3702340697,0.2235157425,0.7207616179,0.0009571612,0.0003501809,0.429,0.363,29.3108775042976,13.467159934407
"05095",0.0849180945,0.0004234298,9.8800282287,6706,0.1034038164,0.0350761085,10163.3,5.7,0.2765086009,5.3700089486,5.2124314174,0.111678905,0.1674922612,0.1617191332,0.3771886537,0.2244513828,0.6838875936,0,0.0006974473,0.435,0.326,4.72723834735747,4.72723834735747
"05097",0.1142946123,0.0002242404,5.6060096423,4727,0.1346913324,0.0551319648,9385.95,6.9,0.2143737993,4.6751098636,4.9409372764,0.1375565187,0.1392085317,0.1440761913,0.3326464271,0.193663989,0.9794455571,0.0001126253,0.0007883771,0.237,0.269,116.009280742459,104.782576154479
"05099",0.0836027714,0.0003602738,9.6073015492,5380,0.1027280477,0.0352631579,10486.12,5.6,0.2801644951,5.5070268466,5.290599791,0.1119257453,0.1731518647,0.1665019677,0.3639627022,0.2437738862,0.4035789708,0.0009526078,0.0005953799,0.434,0.46,39.9185661251048,39.9185661251048
"05101",0.0963350785,0,5.1098620337,2774,0.1139896373,0.0478927203,8410.04,6.2,0.2243606092,4.9159263775,5.0438183734,0.1297567284,0.1485573089,0.1525063778,0.3269839847,0.2078268974,0.6487394958,0.0002520161,0.0006300403,0.395,0.286,21.2143069285926,21.2143069285926
"05103",0.0695050559,0.0005027652,19.272666331,5116,0.0853523824,0.0302643573,9685.47,5.2,0.2337239268,5.0981015066,5.0974291957,0.1200999097,0.1563897795,0.1545242093,0.3770648093,0.2084954316,0.4142419602,0.0015353971,0.0002489833,0.408,0.335,41.9158330073213,13.9719443357738
"05105",0.0885492479,9.6637e-05,7.7309625048,3981,0.1042985671,0.0489245044,9902.3,7.4,0.1987502332,4.7185696715,5.0052170725,0.1510168628,0.1395641791,0.1435610523,0.3235304327,0.1988481937,0.4610818573,0,9.86972e-05,0.361,0.295,45.4073689673067,45.4073689673067
"05107",0.0731026025,0.000538445,11.307344389,7250,0.0925214307,0.0306336551,9714.74,2.4,0.3069228885,5.9307349025,5.346253917,0.1002505355,0.1880824493,0.1721388412,0.373770475,0.2645763925,0.1270855357,0.0004743083,0.0007905138,0.449,0.361,39.5854325608176,23.3913919677559
"05109",0.1199715201,0.0002796942,12.120082044,5971,0.1400903809,0.0666100976,11315.33,7,0.2245018965,4.9003894852,4.9400914653,0.1429175913,0.1448178792,0.1452637604,0.322081253,0.2047545354,0.5057125144,0.0001846381,0.0003692762,0.287,0.319,31.0260308398747,40.333840091837
"05111",0.0950648286,0.000165604,10.764262648,6884,0.1184929537,0.0379661017,12473.03,5.7,0.2402088447,5.0967729719,5.0224816902,0.1469961014,0.1536217822,0.1527095017,0.3490955339,0.23048709,0.3419029411,0.0027889939,0.0006244016,0.413,0.329,60.9832157558454,27.7196435253843
"05113",0.1298405467,0.0006958942,13.917884482,4818,0.1623853211,0.0523738557,9781.05,5.7,0.2390328787,5.1271500123,5.0561427335,0.1313024108,0.1565723604,0.1560601403,0.3407349102,0.2126360108,0.604878521,0.0006444257,0.0009914242,0.359,0.296,26.5164070268479,33.1455087835598
"05115",0.1051077825,0.0006422809,13.315579228,5216,0.129693962,0.0445966821,10157.91,7.2,0.2168174921,4.7710633709,4.9743561225,0.1576180052,0.143045347,0.1447688536,0.3558877726,0.2012038929,0.6911940927,0.0021323633,0.0003606203,0.347,0.293,33.9223647541411,17.2221236444101
"05117",0.0915335463,0.0001212415,14.548981571,6015,0.1071583514,0.0497109827,11276.07,5.8,0.2280602505,4.8504065689,4.9685647188,0.1368507593,0.144648576,0.1480016218,0.3418479049,0.2042690294,0.407114171,0.0002423949,0.0004847897,0.36,0.504,24.4170430960811,36.6255646441216
"05119",0.0765733743,0.0011676431,15.73779813,4776,0.0934459536,0.0342190016,10064.24,6.2,0.1942507355,4.3796493082,4.6408338586,0.1600399015,0.1363833062,0.1397854017,0.3516190774,0.1891926496,0.8555498657,0.003827082,0.0010832804,0.339,0.267,21.5275035045759,17.7135757183321
"05121",0.0892182505,0.0005695734,5.6957338953,5443,0.1082115869,0.041769649,11445.22,6.3,0.208891866,4.8024342365,4.8699143247,0.1447748773,0.1442522921,0.1442928358,0.3103706456,0.197431165,0.421392398,0.0006877579,0.0004011921,0.33,0.368,88.7579551677903,24.5500727059846
"05123",0.0847303518,0.0004627844,10.026995758,5509,0.1057075587,0.03692418,9694.67,4.5,0.2742269083,4.9803620854,4.8622332586,0.1273326511,0.1539906571,0.1499282224,0.3992509154,0.2460936302,0.6212400028,0.0024812949,0.0004580852,0.482,0.31,21.9171017855992,20.6278605040933
"05125",0.0750563251,0.0004357919,7.5425525674,5006,0.0904393494,0.0380987796,11217.09,7.9,0.1762098313,3.9712120295,4.1442810111,0.1633602377,0.1153197946,0.1177593277,0.3095340714,0.166181451,0.6338150451,0.0012299605,0.0003201267,0.301,0.263,20.5871797511177,19.1961540922584
"05127",0.1165202538,0.0001914792,10.531354715,5139,0.1444425474,0.0482171799,9960.21,7.2,0.2268967821,5.0442020548,5.0614023069,0.1362511033,0.1503075335,0.1499896533,0.3473684973,0.2036799153,0.8848927268,9.73047e-05,0.000291914,0.378,0.375,25.7723655810058,25.7723655810058
"05129",0.1002048481,0.0002519526,5.0390526581,3439,0.1198423737,0.0460405157,10306.17,6.4,0.2067179384,4.7769707635,5.0323989305,0.1327008727,0.1435780569,0.1485233767,0.3159512502,0.2003893426,0.2333129957,0.0021338019,0.0008786243,0.252,0.303,46.096467334367,46.096467334367
"05131",0.1285922719,0.0012879858,10.694185329,4953,0.1579058032,0.056562589,10972.75,7.3,0.2172382763,4.8294583063,4.8370374416,0.1409475929,0.147155696,0.1474745677,0.3281073693,0.218242171,0.7901450566,0.0030048594,0.0005868866,0.347,0.305,22.6767417431898,17.985002072185
"05133",0.1774372486,0.0004674262,8.7642418931,6610,0.2278869779,0.07420278,11486.83,7.4,0.2662995993,5.1859636122,4.8540988383,0.1427765342,0.1575220287,0.1503218529,0.3487972941,0.2094763244,0.5618478133,0.0004730928,0.0003548196,0.326,0.362,11.7269955437417,23.4539910874834
"05135",0.1047904192,0.000287472,15.52348646,4389,0.1271872266,0.048455804,11307.05,6.5,0.2424575762,5.174332734,5.1615645512,0.127394191,0.1571259724,0.1589799308,0.3414991673,0.2165675547,0.4895736793,0.0015737017,0.000699423,0.407,0.39,65.4904075814778,25.0404499576239
"05137",0.1186666667,0.0004785834,11.16694584,4256,0.1402823671,0.0589660743,10251.11,6.3,0.2425405971,5.3172852696,5.3307433873,0.1318421047,0.1616283298,0.160244119,0.338852888,0.2097192663,0.5750363079,0.0005582582,0.0003987559,0.405,0.349,34.6361868222631,37.3005088855141
"05139",0.0889518061,0.0005576821,24.081725773,5023,0.1107161664,0.0380594743,10419.81,5.8,0.2441602407,4.8069158437,5.0792266661,0.1360560424,0.1435082764,0.1455954415,0.3598991706,0.1998562326,0.4804870434,0.0017048161,0.0007270539,0.35,0.375,36.2985598757407,16.8830511049957
"05141",0.098048983,0.0002423361,12.72264631,3949,0.1170753757,0.047307349,10090.41,7.1,0.2136474472,4.8765752352,4.976285151,0.1327730549,0.1446439773,0.1483169833,0.3123549904,0.2016602666,0.5742700202,0.0006013952,0.0008419533,0.368,0.278,38.2009369282426,10.0528781390112
"05143",0.1241816198,0.0008060484,8.491525716,3574,0.1491788707,0.0644821732,9996.5,7.5,0.1967297016,4.093646217,4.2756762698,0.1757760202,0.1271436804,0.1341546411,0.3430567041,0.206897463,0.8652155714,0.0034817079,0.0006840635,0.319,0.264,13.1993124879843,17.6469069132834
"05145",0.0853837999,0.0005062266,10.377645034,6792,0.104676763,0.0398452207,11307.86,7.3,0.2193648999,4.6269662009,4.799000565,0.1516227855,0.1383153126,0.1408655245,0.3497186222,0.1940550702,0.5471742177,0.0015896446,0.0007317412,0.329,0.345,33.3324894728404,20.6745820780909
"05147",0.0966505246,0.0004565515,15.218383808,7327,0.1134673644,0.0517613228,10859.83,6.4,0.2490863611,5.1045265876,5.0832257034,0.122311158,0.1552810386,0.1535418094,0.3606189848,0.2187379586,0.2301652893,0.0007528987,0.0010540581,0.333,0.375,25.3781341995736,50.7562683991473
"05149",0.1200959397,0.0005575431,11.150861869,11211,0.1478844754,0.0559866962,12225.75,7.7,0.2450519444,5.1515733809,4.8914859898,0.1416830099,0.1566197323,0.1480065069,0.371369807,0.2077389762,0.538336714,0.0001855976,0.0006495917,0.368,0.362,26.3117164525615,7.73874013310633
"06001",0.0578279356,0.0011014977,6.4755079095,3298,0.0684175412,0.0271184761,9521.13,8.3,0.1268649669,3.0505700548,3.3459090873,0.1958502522,0.0904586205,0.0954415379,0.3345597712,0.1067353273,0.9967820345,0.0055022019,0.0004721722,0.222,0.146,21.4157412126653,9.42212254103194
"06003",0.075669383,0,0,2480,0.0840840841,0.0434782609,9163.29,6.9,0.1695788476,4.1251628051,4.3640180342,0.1741399804,0.1256150446,0.1331300849,0.311481511,0.1480225287,1,0.0046685341,0,0.168,0.202,30.3766707168894,30.3766707168894
"06005",0.0619590714,0.0006731217,7.7667892093,3115,0.071628842,0.0322791001,8488.08,8.2,0.130682275,3.3486884582,3.5951208757,0.1917072238,0.0995256098,0.1068065222,0.3016504008,0.1104443698,0.7580005776,0.0019527593,0.0006152529,0.301,0.244,20.7986688851913,28.5981697171381
"06007",0.0716365279,0.000614931,7.7629593448,4656,0.0870609622,0.0262429781,10070.36,7,0.1627319333,4.0166533519,4.1478602515,0.1893858454,0.1218670543,0.1263449431,0.3168925688,0.1415561774,0.8541045455,0.0056685944,0.0009124409,0.302,0.231,32.731367123742,21.2390204447393
"06009",0.0733077597,0.0004379242,8.5395226626,3050,0.0846552537,0.0372208437,8391.85,8.2,0.1284324303,3.4388109763,3.6839559469,0.1829147197,0.1011495095,0.1093614563,0.3081286168,0.1174399119,0.5350388345,0.0015275287,0.000221381,0.283,0.268,32.9808051713903,23.4530170107664
"06011",0.1072809454,0.0003210273,5.044714515,3534,0.1383572568,0.0422051366,8118.19,8.2,0.1946637885,3.8863643308,3.8719486651,0.1841380942,0.1210004256,0.1164988049,0.3332763457,0.123601661,0.7488211401,0.0017602372,0.0003242542,0.39,0.262,32.2977545370655,32.2977545370655
"06013",0.0589561733,0.0010309916,5.621213851,3379,0.0695774063,0.0321470363,9440.07,8.5,0.1214341659,3.1637810204,3.4033021657,0.1627890933,0.0926648348,0.0991365236,0.316533259,0.1046856736,0.9675069708,0.0030833554,0.0004078839,0.251,0.161,35.0736035884608,10.6036475965114
"06015",0.0623344164,0.0006188569,4.0043684019,2869,0.0766479663,0.0282042724,8113.97,6.4,0.1751144731,4.0259299973,4.0769955833,0.1924143817,0.1235716103,0.124240878,0.3253161026,0.1514706413,0.9139112199,0.0037763253,0.0007988381,0.339,0.328,65.1874743475217,16.9004563123204
"06017",0.0540307153,0.0008148709,5.9263335573,3277,0.062993386,0.0293949701,8339.92,8.2,0.1129312585,3.3566609116,3.738504263,0.2217481303,0.0966382883,0.1057251608,0.3057721696,0.1099345121,0.8864673199,0.0029306397,0.0003824916,0.256,0.182,41.2177820233862,17.3362344991067
"06019",0.0873437865,0.0006712122,5.2160464188,4172,0.1160123895,0.0285158215,9833.23,7.7,0.2417111184,4.1993344325,3.8931131154,0.1609479989,0.1346160015,0.1266526042,0.3475548304,0.1418186937,0.7759686173,0.0029318869,0.0006674048,0.33,0.227,17.7151206146641,10.7977878032238
"06021",0.1098054408,0.0001779739,7.4749056738,5716,0.1399724931,0.0446685879,9385.49,8,0.2068696217,4.16160668,4.0802796138,0.1763831817,0.1292408442,0.1260029724,0.3403111117,0.1400330581,0.6835929166,0.0011393983,0.0003916682,0.342,0.214,28.494764087099,24.9329185762116
"06023",0.0887955233,0.000694678,8.9942524533,2855,0.1052619033,0.0371538603,7693.25,7.1,0.1648021378,4.1558918626,4.279223942,0.2038809677,0.1271618022,0.1313919911,0.3217788158,0.1527977715,0.8441871003,0.0038054535,0.0009220907,0.249,0.162,38.3138957422768,23.183567487365
"06025",0.0790440187,0.0002351912,4.4303451294,3679,0.1056860006,0.0287756289,10611.43,7.2,0.2669976811,4.4396037449,4.1203659901,0.1662235449,0.1498499971,0.1300680765,0.3377175298,0.1343298112,0.6768598735,0.0011996705,0.0004643886,0.328,0.272,19.063680023463,7.51548924001906
"06027",0.0896229855,0.0011095085,7.7665594142,2288,0.106986465,0.04461738,8366.97,7.5,0.1415127758,3.4730907595,3.832014225,0.1881341618,0.104061648,0.1134239777,0.3195611561,0.1183561833,0.5351558288,0.0038580247,0.0009920635,0.27,0.269,46.1620843104308,22.1578004690068
"06029",0.085992791,0.0004948949,4.7026208154,4914,0.114170254,0.0304029818,10968.39,7.7,0.240440379,4.0575354223,4.0812433519,0.1947817329,0.1332312834,0.1295097022,0.369358562,0.1619314053,0.7925410091,0.0016297689,0.0005097266,0.312,0.251,14.24474262442,13.0109460191553
"06031",0.0900412602,0.0003997308,3.864064863,4781,0.1205891262,0.0308374266,9632.84,7.8,0.2171846518,4.1533213204,3.8405875034,0.1916708836,0.1310144658,0.1223765385,0.350561305,0.1454645021,0.425625237,0.0018626698,0.0007010048,0.34,0.243,23.9334119294762,12.6315229627791
"06033",0.09244419,0.00045139,6.3817202627,3379,0.1139870444,0.0338359691,9920.01,7,0.1834352422,4.1941709496,4.3719859084,0.1701928146,0.1306011696,0.1356841677,0.3215250628,0.1540097745,0.6482177376,0.0033221037,0.0007174496,0.224,0.233,61.2211015647699,30.0917278877682
"06035",0.0477164281,0.0003208934,5.1342938741,4434,0.0574346346,0.0237452779,8954.05,7.5,0.1535417201,3.6557364498,3.7436918331,0.2210752205,0.1096852684,0.1109760426,0.3281883599,0.1385607733,0.5458661699,0.0029802397,0.000712666,0.328,0.336,44.164377659288,30.161038401465
"06037",0.1005948502,0.0007278,5.7283376693,4346,0.1235501948,0.0346645911,12811.73,8.5,0.1880944795,3.6582850676,3.6402303376,0.1726186136,0.1123443127,0.1092268204,0.3514728053,0.1060574833,0.9705739257,0.0029192393,0.0004992151,0.221,0.165,13.4706090122847,8.8170661039881
"06039",0.1038586454,0.0004397986,4.4617247753,3584,0.1404738111,0.0307541044,9095.35,7.7,0.2285716595,4.2463020109,4.2278677648,0.1708541659,0.1356683665,0.1313561479,0.346135165,0.142694435,0.7264441719,0.0014285991,0.0005236042,0.368,0.298,15.1302372463821,12.1468101837152
"06041",0.0541319491,0.0014830143,8.7371385871,2012,0.0631821728,0.0304962374,8225.32,8.8,0.110283905,2.9886913283,3.2956834694,0.1988491928,0.0873898153,0.0966012537,0.280835438,0.0966976422,0.9924408401,0.0070170458,0.0005064243,0.176,0.131,29.1831782017018,16.5115350351734
"06043",0.079952644,0.0003415106,7.9685810234,3317,0.0912698413,0.0430541541,8245.63,7.5,0.1390793104,3.6085136813,3.8478157263,0.1784692561,0.1069519602,0.1151437145,0.2981614709,0.1225506721,0.6531696893,0.0024124067,0.000689259,0.156,0.179,45.7578646329838,30.5052430886559
"06045",0.1072739553,0.0008975437,7.8393055966,2743,0.1313714021,0.0444968473,7839.66,7.6,0.1738762025,4.128927102,4.1472259486,0.1869794971,0.1256626415,0.1288255972,0.3131687895,0.1409600528,0.6652018989,0.0055119368,0.0009243621,0.304,0.164,40.2656010210749,20.8925288316898
"06047",0.0874712378,0.000443755,4.3642018095,5413,0.1181537555,0.0277142752,9468,7.6,0.246018615,4.3492902207,4.3295800847,0.1761845713,0.1420247425,0.1326287408,0.3570366181,0.1445934305,0.7496022174,0.0013845879,0.0004801394,0.334,0.274,22.9135778265185,8.82234012571835
"06049",0.1053047048,0.0006772773,0,3131,0.1191534392,0.0641330166,7765.68,6.8,0.1633431459,3.890919687,4.0824047516,0.1723138296,0.1201921146,0.1256660606,0.3042234708,0.134463523,0.4480693785,0.0031836271,0.0005685048,0.256,0.243,18.9171805834058,37.8343611668117
"06051",0.0997901804,0.0006352343,2.8232636928,2685,0.1148227712,0.0484048405,7417.69,7.4,0.1420798333,3.4785479996,3.6624087168,0.2181323044,0.105313948,0.1094544148,0.3065895363,0.1278715861,0.9248697367,0.0019311923,0.0007152564,0.285,0.136,7.07563857638152,7.07563857638152
"06053",0.1146941315,0.0006028677,5.0924054651,3224,0.1528163122,0.032058325,8381.11,8.6,0.2244785995,3.7506119027,3.4901942953,0.175737807,0.1162412124,0.1117542277,0.3198186505,0.1236516151,0.9067814782,0.0029823175,0.0003997868,0.249,0.19,30.2582726958058,8.40507574883494
"06055",0.0853752902,0.0009647237,7.4482347684,2743,0.1022974082,0.0404613167,8981.56,9,0.1406497811,3.3666845608,3.568570562,0.2007742855,0.0999005704,0.1033593696,0.3098683282,0.1090926044,0.923529498,0.0046565283,0.0004994162,0.241,0.176,56.7972055774856,9.93951097605998
"06057",0.070499405,0.0007013044,9.9184483139,2300,0.0832960624,0.0312311323,7749.29,7.8,0.1158769921,3.2052603958,3.6390708806,0.1909389128,0.0966798104,0.1082557259,0.2742460621,0.11800872,0.7897007007,0.0062356847,0.0006558568,0.181,0.138,57.2639869799777,19.7577498936765
"06059",0.0833657593,0.0009741725,6.2123871615,3107,0.1018790534,0.0324943808,11180.98,8.9,0.1529273031,3.4602960299,3.3479358683,0.1697840905,0.1029947451,0.09714317,0.307875609,0.0999516076,0.9908963827,0.0022688502,0.0004882535,0.199,0.145,17.824042559876,10.6923310538387
"06061",0.0427167781,0.0012352201,7.4061414003,2264,0.0515543755,0.0217054602,8449.77,8.5,0.1073686937,3.0576758646,3.4100916984,0.2088014001,0.0882474945,0.0993367227,0.2885820065,0.0971520434,0.9233021077,0.00264893,0.0005597441,0.202,0.137,40.0053110499152,13.7087165020184
"06063",0.069043152,0.0008536976,11.738341692,3349,0.0796512198,0.036019536,8295.1,7.6,0.1377933828,3.6116421841,3.9158940134,0.1802900295,0.1080939553,0.1171196902,0.2962863841,0.1232064431,0.9795071725,0.002415848,0.0003757986,0.236,0.232,53.4064408167625,23.1427910205971
"06065",0.0893202396,0.0004250462,4.0028622528,3750,0.112897773,0.0345965635,10560.25,8.3,0.1916145726,3.8451492062,3.5608008416,0.1939338421,0.1179323567,0.1115491836,0.3712447781,0.1235872909,0.8905811501,0.001734694,0.0004133614,0.283,0.195,14.0599427274223,11.9254754181662
"06067",0.0641593718,0.0008532518,7.2323869817,3917,0.0787934932,0.0270333324,9035.55,7.6,0.1544768872,3.6734474581,3.8495857001,0.1890206803,0.1132900974,0.1137384027,0.3547531609,0.1253032663,0.9691194174,0.0033952696,0.0005341838,0.299,0.198,31.7484545523926,13.2357911492461
"06069",0.0810517704,0.000315039,4.145249544,3669,0.1006747493,0.0357999631,8742.48,9.4,0.1834787665,3.5498867523,3.5386356399,0.1898234444,0.1085968041,0.1063349262,0.3118346533,0.1091542333,0.6670828132,0.0009257077,0.0003029589,0.357,0.26,23.7226982086604,11.0338131203072
"06071",0.0833384129,0.0005849623,4.472968438,4585,0.1084535156,0.0258686727,11302.04,8.1,0.1974832113,4.0656270212,3.9313351668,0.1781358298,0.126000271,0.1216774531,0.3743813528,0.1305438795,0.8432407467,0.001941969,0.0005752078,0.308,0.221,15.7363393348351,10.7124588988612
"06073",0.0840512886,0.000798158,5.776458833,3121,0.101703226,0.0355445898,9970.31,8.4,0.1306946896,3.1635195992,3.6547747517,0.2188115996,0.0986142889,0.1108178314,0.3208728464,0.111223271,0.9704252849,0.0031557541,0.000623917,0.203,0.149,23.4528190288473,12.9515567771246
"06075",0.0500786211,0.0015446146,8.9103682538,3213,0.0556543191,0.0234319337,8471.81,8.2,0.1182611986,2.9713939702,3.2302780125,0.2389842064,0.0830246368,0.0929534949,0.2906894322,0.1015553353,1,0.0084982323,0.0008152608,0.169,0.146,26.2264762341509,11.1045629141708
"06077",0.0757560583,0.0005808775,4.7758054476,3961,0.0969009077,0.0306599498,9307.56,7.9,0.2041223831,3.8958280512,4.0001332864,0.1786570155,0.1204873219,0.1176984068,0.3449196191,0.122277161,0.8525228146,0.0020430443,0.0003052981,0.355,0.256,21.4625639564243,10.4848433524077
"06079",0.0725762622,0.000829202,9.1388648754,2270,0.085779697,0.0323965138,8059.86,8.1,0.1312974492,3.5295177927,3.7104546616,0.2051184948,0.1035547911,0.1081533216,0.2738078331,0.1121189403,0.8883795622,0.0053095406,0.0006186216,0.286,0.156,25.1675287133277,20.3457124645126
"06081",0.0541008174,0.0010590996,5.7945839437,2135,0.064212439,0.0260980865,8245.19,9.1,0.1152598811,2.7262133785,2.9481156081,0.1693582583,0.0801083845,0.0878611327,0.3043737093,0.0908424947,0.9974277995,0.0033302955,0.0003556499,0.229,0.156,20.470544967542,8.58722013468925
"06083",0.1050855283,0.0007631373,7.742943211,2161,0.1306247697,0.0384823221,8370.97,8.6,0.1764525178,3.8046965185,3.4611946276,0.1944515153,0.1162635777,0.1107138657,0.2693432059,0.111877815,0.9479706059,0.0046103503,0.0005401529,0.242,0.14,21.1806417883621,12.0819153863192
"06085",0.0510150671,0.0010375858,5.7271020399,2977,0.0610142931,0.0249332497,9041.62,8.9,0.1158074444,2.895257355,2.9005243314,0.1592344763,0.0846675954,0.0842906929,0.3039520435,0.0819943121,0.9887637359,0.0030431353,0.0005684062,0.199,0.158,6.31565324302754,7.69612389724122
"06087",0.0735668087,0.0010003733,6.8141371599,2792,0.0858611886,0.0371904484,7913.05,8.3,0.1636196586,3.6872244111,3.8838007296,0.1996997787,0.1089272361,0.1127609857,0.2724694691,0.11555175,0.9402016907,0.006647905,0.0005970736,0.193,0.111,23.7626163125511,16.1246324978026
"06089",0.0709858876,0.0007225393,8.0035126528,3393,0.0857380232,0.0322258056,8533.39,6.9,0.1493934321,3.7416906055,4.1248436634,0.1866410196,0.1130851532,0.1230171178,0.2971087593,0.1431330477,0.7953143779,0.002777917,0.0009352506,0.266,0.17,40.030245074056,25.5748787973135
"06091",0.0784408085,0.0003334445,0,3101,0.0887647424,0.0406504065,7295.94,5.8,0.1357903002,3.5025462022,3.8036950415,0.182434348,0.1041195988,0.1126899907,0.2923812372,0.1155592401,0.7018518519,0.0016966407,0.0016966407,0.191,0.26,67.1666853240793,67.1666853240793
"06093",0.0863999506,0.0007525141,10.717624792,3256,0.104269984,0.0388072791,7215.68,6.6,0.1731187146,4.0889329889,4.2493289001,0.1646142274,0.1264125404,0.1315216465,0.3175636321,0.1459513042,0.7638975501,0.0038300117,0.0008026971,0.345,0.251,60.9849062357067,23.6316511663363
"06095",0.0565407308,0.0008104019,5.4775085418,3456,0.0693125501,0.02351546,8627.5,8,0.1483002348,3.3634411393,3.5869186858,0.1807655495,0.1007598197,0.1056332987,0.3535025837,0.1176509788,0.9694878842,0.0033961295,0.0004111702,0.292,0.224,23.7188268187874,12.384830459177
"06097",0.0758244425,0.0010213856,6.9811212236,2710,0.0904315949,0.0337183771,8657.7,8.5,0.1301988738,3.4057050307,3.8092630584,0.1933685809,0.0997504729,0.1108868223,0.3137821205,0.1115110372,0.9349195458,0.0041385891,0.0005307412,0.239,0.157,36.1590707185172,14.3972813686573
"06099",0.0695650514,0.0006588806,5.8039894214,4613,0.0917464375,0.0218121902,9714.38,8,0.1883067866,3.850544435,3.932331114,0.1779377366,0.1225875754,0.1216046113,0.3496281699,0.1265945641,0.9068913973,0.0018335918,0.0004690154,0.315,0.233,18.5447948299064,10.7974627792547
"06101",0.0859156835,0.0007553183,5.7942223326,4285,0.1084311821,0.0359262971,9076.97,7,0.182410647,3.8147469209,3.7248318597,0.1692000782,0.1158341378,0.1139027177,0.3274732503,0.1307124651,0.6166334167,0.0026590516,0.0007242553,0.297,0.295,26.8867241628922,13.788063673278
"06103",0.0781764092,0.0004692926,5.1622188155,3433,0.0991498258,0.0290846331,8355.37,7.1,0.1873571049,4.2345399933,4.29424039,0.1878625111,0.1306737921,0.1309392361,0.310601367,0.147413241,0.5564187007,0.0016277894,0.0005373285,0.347,0.281,36.1033497629737,24.592136795069
"06105",0.0870893812,0.0002360532,5.5079077819,2912,0.0991782375,0.0498204668,8187.16,7,0.1735416229,4.2112909173,4.3640508813,0.1646210102,0.1304355495,0.1359094523,0.3100108974,0.1533494556,0.8770491803,0.004146456,0.0009388202,0.289,0.215,36.8169147425446,42.0764739914795
"06107",0.0876070499,0.0004176597,4.9085777396,4469,0.1202483307,0.0269322293,9740.52,7.5,0.2661324539,4.4506414323,4.0179066805,0.1778235621,0.1478446296,0.1331544331,0.329351897,0.157733915,0.6054516384,0.0023586289,0.0006558986,0.372,0.263,16.465450236592,9.99431258902308
"06109",0.0636083991,0.0008479575,9.0325910633,2464,0.0747183099,0.0302070131,8646.66,7.2,0.1384355252,3.4821289337,3.7035774811,0.1909233545,0.1051268462,0.112474548,0.3132355342,0.1229873162,0.8630723381,0.0014311204,0.0007248532,0.297,0.223,87.9507475813544,24.6016077150642
"06111",0.0925821891,0.0007644374,6.1108164964,3359,0.1157680499,0.0338002217,10565.54,9,0.1494540915,3.2967202851,3.4978018334,0.1882616442,0.1006493145,0.1040112818,0.3260536764,0.1064246705,0.9719476557,0.0032727735,0.0003448122,0.202,0.181,12.4073946506516,11.0766330792883
"06113",0.0597851827,0.001232224,6.3436718451,2878,0.0721400434,0.0253073327,7807.25,8,0.1622094957,3.684050162,3.751757963,0.1946963434,0.1123319663,0.1129838449,0.303638795,0.1168360979,0.9603732157,0.0033456594,0.0005189943,0.244,0.147,21.0582214043087,10.3765148948767
"06115",0.0741021942,0.0002466539,4.4138074282,4921,0.0972222222,0.0245627093,9802.23,6.8,0.1817917144,4.0736270326,4.0164069821,0.1868218254,0.1249949881,0.1236110876,0.3375177349,0.1485597663,0.8828632804,0.0017668549,0.0005446695,0.294,0.317,24.3111479637243,18.6674886150026
"08001",0.1102655117,0.0004352432,4.9486552179,3120,0.138427164,0.0470134736,10372.12,8.7,0.1483081717,3.4887859412,3.5140661337,0.1967761907,0.1072631966,0.1035550524,0.3103764476,0.1806983536,0.9248125579,0.0029306265,0.0015395825,0.286,0.186,26.9623359956437,20.0234995261766
"08003",0.1319106163,0.000785451,10.271282702,2265,0.1601878139,0.0648593869,8721.26,8.2,0.203566499,4.0512562882,4.0673163514,0.16960833,0.1355623725,0.1309562614,0.3233611485,0.1713742749,0.8241502104,0.0139906329,0.0015611865,0.31,0.208,44.0987812700449,24.0538806927518
"08005",0.0852505611,0.0008366353,7.9620310644,3069,0.1028938433,0.0402972978,10542.25,8.4,0.1197505455,2.7173219317,3.237230589,0.1985387442,0.0819659178,0.0973680317,0.2825261426,0.1344736207,0.988101461,0.0030907219,0.0010705294,0.227,0.161,36.3479147843331,18.0704020793907
"08007",0.1291539246,0.0009012392,12.016522719,2929,0.1429145998,0.0870967742,7557.77,7.8,0.1258615293,3.297084279,3.3758905625,0.1637874545,0.1002330513,0.1056792281,0.2460161296,0.1390336175,0.8940748097,0.0010891551,0.0006223744,0.242,0.12,32.5537136274854,30.0495818099865
"08009",0.1579558653,0.0008422235,16.844469399,8662,0.1598930481,0.1489932886,11642.13,7.5,0.1578931062,3.7451647717,3.8277322905,0.1619252652,0.1152742559,0.1194586013,0.2643164524,0.1578349063,0.8587645195,0.0002802691,0.0011210762,0.31,0.284,93.3271115258983,93.3271115258983
"08011",0.1037110669,0,0,5023,0.123683005,0.0509626274,8881.92,7.2,0.2076010899,4.0835545338,3.8031767695,0.1778149354,0.132680479,0.1188779258,0.3104370699,0.206645425,0.8512078781,0.0008530967,0.000511858,0.33,0.237,5.65578869973418,5.65578869973418
"08013",0.0677298951,0.0012371556,9.2709153711,2572,0.0766243739,0.0416176781,9396.97,8.3,0.0944922126,2.9360337306,3.0606339752,0.2359660259,0.0889952775,0.0944404819,0.2344308602,0.1095400533,0.9662793185,0.0062347545,0.000986885,0.143,0.089,33.1679058278689,18.5410653696161
"08014",0.0477880254,0.0010535403,6.2919769977,1582,0.0563305464,0.0268116785,9211.51,8.6,0.1009908956,2.7966769011,3.284937614,0.2109666966,0.0832366578,0.0940473595,0.2585945418,0.1283650941,0.996206767,0.0010672038,0.0005110553,0.195,0.121,33.3109627358098,18.614949764129
"08015",0.1017303103,0.0009165903,15.78572156,2715,0.1124524715,0.0642833716,8387.12,8.6,0.1155177227,3.1038725406,3.6381078529,0.2048711241,0.0945135317,0.1040123071,0.2491121783,0.1333834298,0.9712504913,0.0015216707,0.0005771854,0.163,0.155,73.2251417672803,32.3552951994959
"08017",0.148981026,0.0005420054,0,2371,0.1575757576,0.1274298056,7390.15,8,0.1228980425,3.1174861414,3.4460484085,0.1881908754,0.0957781001,0.1027779328,0.2627396588,0.1352830637,0.5517429194,0,0.0005411255,0.238,0.25,17.9565451607111,17.9565451607111
"08019",0.0551057717,0.0001044496,4.1779820347,942,0.0583076173,0.0427841635,10367.4,8.7,0.0940768284,2.7570039798,3.1038075938,0.1888547989,0.083384935,0.0926375787,0.2586688944,0.1233436405,0.8181117958,0.0004239084,0.0002119542,0.212,0.142,20.9680237637603,20.9680237637603
"08021",0.1073970907,0.0006109482,4.8875855327,2416,0.1277513047,0.063908046,9416.32,9,0.233718225,4.361004487,4.0715804443,0.1505730175,0.1398027659,0.1258772496,0.2858903011,0.1706183625,0.2211724806,0.0001230164,0.0008611145,0.272,0.227,48.9536164484151,24.4768082242076
"08023",0.1485628966,0,0,3019,0.1750992063,0.0706214689,6400.58,4.7,0.2895384893,4.837304914,4.3779884309,0.1210499138,0.1624419957,0.14083104,0.2882352303,0.1878240666,0.4242338252,0.000268745,0.000268745,0.247,0.251,61.8101545253863,61.8101545253863
"08025",0.1106094808,0.000172117,6.8846815835,3988,0.1289490651,0.066572238,9932.09,8,0.2350594932,4.3925270543,4.0030492081,0.1784183673,0.145082122,0.128034044,0.3239683017,0.2202534102,0.3312725399,0,0.0005268704,0.294,0.272,5.75970510309872,5.75970510309872
"08027",0.1261006289,0.0006155109,32.827246615,886,0.1312450436,0.1043478261,6493.99,7.7,0.1322581017,3.3939829478,3.6674754286,0.152977633,0.1060042577,0.1124439245,0.2498780784,0.1467179448,0.9499412456,0.0004345937,0.0010864841,0.209,0.198,6.93000693000693,34.6500346500346
"08029",0.1072303366,0.0007851348,13.412719183,2375,0.1269114096,0.0552530429,7409.43,8,0.1529903871,3.8062188266,3.7837192841,0.1586773278,0.1175167701,0.1163405719,0.2817971811,0.1648020374,0.7325536314,0.0014125222,0.0005912884,0.24,0.184,56.5444798451551,33.7092091384579
"08031",0.1074199013,0.0013241161,10.743364163,2728,0.1241365879,0.0516636615,9713.32,8.1,0.1433583541,3.1684113592,3.6067893531,0.2566068182,0.1001200712,0.1069726397,0.2769124053,0.1592843582,0.9947597133,0.0049764811,0.0010374282,0.173,0.126,35.9005625367461,19.5348252011543
"08033",0.1170351105,0,0,1980,0.1286956522,0.0814814815,6417.25,4.1,0.1610130907,3.791615375,4.0259160739,0.1614063163,0.1190683818,0.1241218202,0.2677722745,0.1670754942,0.2781007752,0,0.0004863813,0.217,0.166,16.1368404066484,0
"08035",0.0378018517,0.000700867,6.1139460601,3171,0.0446414498,0.0244757792,10461.99,9.2,0.0828916695,2.4857312471,2.9316980071,0.1969255694,0.0737582959,0.0870967125,0.2489614752,0.0952750229,0.9349027026,0.0009067894,0.0005781543,0.201,0.09,22.0520965881831,16.7874068621754
"08037",0.1224993318,0.0007668152,7.8507266487,1140,0.1375427088,0.0798701813,8753.3,9.1,0.1058630726,2.8888501207,3.0611992407,0.2294791454,0.0878332249,0.0924584191,0.2358048243,0.1329632752,0.9784470372,0.0014817833,0.0007408917,0.161,0.116,9.77075369151288,19.5415073830258
"08039",0.0779034865,0.0001559941,4.6798221668,2563,0.0840710704,0.0618486246,10045.93,8.7,0.1007970566,2.7528491443,2.928506926,0.1877659955,0.0813190565,0.0904228109,0.2561605873,0.1320906097,0.5694360218,0.0009512108,0.0001189014,0.249,0.17,23.3296610718683,12.9609228177046
"08041",0.0761091645,0.0005992289,8.609445792,2906,0.0930108725,0.0354167966,9239.88,7.7,0.1243687395,3.4295209216,3.4837740793,0.1826843811,0.0998081167,0.102866761,0.2896456283,0.1367758512,0.8838722534,0.0026980142,0.0010504385,0.229,0.156,34.7867964358524,26.3161401217871
"08043",0.0907194638,0.0004625833,9.4619314956,2658,0.1046410409,0.0506748154,8019.49,7.2,0.1452895433,3.6276189119,3.8107302363,0.1779332032,0.1141050491,0.1120329374,0.293263356,0.1700836444,0.670169144,0.0029507229,0.0007166041,0.302,0.207,57.3322333002391,34.259505264777
"08045",0.138440385,0.0008795967,9.6417334822,2290,0.1658158338,0.0748095579,8614.95,8.7,0.1304722408,3.1490700344,3.3362039048,0.2049431437,0.0977178907,0.1018441553,0.2602283835,0.1309940015,0.8658426289,0.0021227096,0.0005943587,0.245,0.166,41.6256504007875,22.5003515679932
"08047",0.0434351448,0.0003326127,4.9891900881,NA,0.0452765541,0.0354679803,10409.82,9.1,0.1011553183,2.9315052676,3.2224496578,0.1982604672,0.087285503,0.0967237964,0.2644828485,0.1435466938,0.8169454144,0.0006744225,0.0003372113,0.216,0.149,5.53556601162469,5.53556601162469
"08049",0.1063897007,0.0007832387,15.01207493,1627,0.1157967851,0.0716636197,7998.39,8.5,0.1040898186,2.9476127648,3.2842846115,0.2125604616,0.0901691895,0.0988174288,0.2448433401,0.1441347793,0.7848817624,0.0016657783,0.0003997868,0.18,0.137,21.8083482357046,13.0850089414228
"08051",0.1048966268,0.0008264951,15.349194167,2620,0.1165279429,0.061517887,8210.44,8,0.1187966325,3.4028308744,3.6242799777,0.2253097862,0.1036509541,0.1101436784,0.2612546033,0.1558552523,0.9090315844,0.0020721599,0.0006094588,0.142,0.12,33.6014863716324,47.4373925246576
"08053",0.1052631579,0,0,NA,0.1129411765,0.0828025478,7769.25,8.2,0.1219105591,3.2940552567,3.5478039682,0.1703629458,0.1006613622,0.1085289809,0.2534834204,0.1390244163,0.4163701068,0.0025380711,0.0012690355,0.238,0.22,41.7885499373172,0
"08055",0.0792833147,0.0010507355,9.0063044131,2630,0.0901188061,0.0444033302,8307.32,7.6,0.1761173892,3.7372066146,3.7925482495,0.1502587864,0.1177349832,0.1171422433,0.2790965186,0.1456257993,0.753687975,0.0014976786,0.001048375,0.263,0.227,118.647419418628,108.760134467075
"08057",0.1364485981,0.0014440433,0,5245,0.1481042654,0.0901639344,9492.09,8.3,0.1346941587,3.4069260938,3.5395855132,0.1763249646,0.105107979,0.1095258898,0.2672618775,0.1497094277,0.8715925395,0.002210759,0,0.24,0.287,0,0
"08059",0.0675075253,0.0008544882,7.7617457315,2427,0.0777342772,0.0381555273,9758.57,8.6,0.1020105111,2.8360640365,3.1817543536,0.219316942,0.0861346969,0.0932950574,0.2533115887,0.1330239673,0.9920436709,0.0025182001,0.0008341538,0.212,0.133,45.9841209996276,18.9959593046321
"08061",0.1126082772,0,21.802325581,3055,0.1173333333,0.1016393443,14579.79,4.7,0.1337989398,3.438052405,3.7368974281,0.1648282192,0.106328771,0.1151246286,0.2676175621,0.144991429,0.5851216023,0,0.0007283321,0.283,0.298,121.006776379477,121.006776379477
"08063",0.1490595887,0.0005588153,15.367421067,4352,0.1702935223,0.1008174387,11071.5,8.4,0.1423470917,3.430135006,3.3982026914,0.1782855072,0.1063054166,0.1052276403,0.2752267608,0.1446163772,0.1992744861,0.0004881025,0.000976205,0.32,0.217,26.647717178895,35.53028957186
"08065",0.1174496644,0.0007714065,6.4283877603,2308,0.1384305835,0.0559857058,7959.54,8.3,0.1493420419,3.3827176341,3.5303679182,0.1984467377,0.1081490699,0.1091773055,0.2712470501,0.1534234743,0.9865937073,0.0005250722,0.0015752166,0.272,0.163,25.8397932816537,25.8397932816537
"08067",0.1155457009,0.0011333177,9.8940437856,1736,0.1282546935,0.076287349,7583.64,8.4,0.1118126011,3.0625104474,3.5792569986,0.2058811262,0.0921184511,0.1060666797,0.232892142,0.1293908747,0.7839638446,0.0033798968,0.0010607123,0.182,0.135,29.2498895667435,26.8621434796624
"08069",0.074209331,0.0008808754,9.215759239,2433,0.0839103813,0.0459408258,9115.5,8.1,0.1036782733,2.9528122129,3.1829714935,0.2150552804,0.0944231849,0.0976485713,0.2507605605,0.1260744805,0.9254647398,0.0028529999,0.0008500175,0.209,0.116,41.4698299736971,22.0399096363705
"08071",0.1219878012,0.0007023458,9.1304958562,5223,0.1406859449,0.0692561378,8817.17,7.6,0.1832656262,3.7384555596,3.6537155653,0.1648083653,0.114285096,0.1098072434,0.2728052501,0.1505132109,0.8038950152,0.0014890449,0.0003545345,0.315,0.271,49.0150312762581,39.6788348426851
"08073",0.0953302017,0.0003606203,12.62170934,3957,0.1030160595,0.0785714286,9891.23,7.8,0.1495136071,3.396158961,3.550934222,0.1965101767,0.1059944558,0.1079584142,0.3045283436,0.1557505296,0.5983171758,0.0015948963,0.001772107,0.301,0.246,35.7164116911721,59.5273528186202
"08075",0.1052808611,0.0007307271,10.04749726,3179,0.1240796291,0.0535889872,9792.38,7.7,0.137165516,3.3501040595,3.385163441,0.2096233248,0.1038693825,0.1053106498,0.2661342855,0.1563803407,0.8399753402,0.0027829737,0.0007299603,0.36,0.223,45.911574307883,18.3646297231532
"08077",0.0954143188,0.0011080625,8.9700295483,3157,0.1138266317,0.047187953,7309.79,7.4,0.1476979048,3.7094193928,3.9229969387,0.1958728422,0.1097078254,0.1154370314,0.2687096021,0.1719761923,0.7759928573,0.0027651366,0.0008595244,0.258,0.15,51.6590240621139,33.6333220489508
"08079",0.0992509363,0.001305483,0,NA,0.1009389671,0.0884955752,7959.15,8.5,0.1083592246,3.0046779486,3.3417957643,0.1777627873,0.0920972279,0.1008753732,0.2398616122,0.1331301682,1,0,0.0013661202,0.175,0.178,43.9753737906772,0
"08081",0.0992573809,0.0003807783,6.8540095956,3425,0.1166666667,0.0594892629,9611.02,8,0.1392186237,3.3606539575,3.3766880322,0.1856128068,0.103611447,0.1048675254,0.2817694137,0.1552945557,0.7657122146,0.0016019529,0.0007628347,0.204,0.214,25.3626864157452,35.5077609820432
"08083",0.1379889372,0.0009946442,8.7987758225,2207,0.1555084456,0.0934911243,7008.05,7.6,0.165388319,4.0307430332,4.2806337162,0.1705838434,0.1222463546,0.1274905581,0.2805402674,0.1734369205,0.7915018602,0.0011852291,0.0005926145,0.282,0.198,58.0097607727909,46.6600249694188
"08085",0.1220348581,0.0007419108,9.333716255,2341,0.1458460466,0.0620445778,6890.17,7.6,0.1491072656,3.5534275424,3.637196711,0.1569891221,0.1098663784,0.1128213305,0.2613214025,0.1396724274,0.8450673515,0.002146078,0.000916303,0.201,0.19,49.414596434179,31.0833751763384
"08087",0.1235154394,0.0007094211,12.414869467,2961,0.1493881608,0.0669618894,9369.24,8.9,0.1598597758,3.520471272,3.532365579,0.1650826978,0.1091395847,0.110385902,0.2766879251,0.1625500302,0.7342235165,0.0019098819,0.0006012591,0.349,0.216,56.4546480993602,18.8182160331201
"08089",0.1082291074,0.0006548074,12.004801921,5465,0.1314096119,0.0535469108,8466.76,7.3,0.2289830646,4.3007858667,4.0524606185,0.150313596,0.1357296187,0.1263022247,0.2891719153,0.1785256841,0.5938080824,0.0034982236,0.0010385351,0.347,0.24,34.5121973371115,18.1643143879534
"08091",0.086821267,0.0012515645,14.601585315,1049,0.0909090909,0.075308642,5804.67,8.4,0.1066755091,2.9819547281,3.270101908,0.180897026,0.0901211737,0.0992840173,0.2453723393,0.1263184499,0.6943192065,0.0014412189,0,0.206,0.168,6.90417011875173,6.90417011875173
"08093",0.0874179584,0.000167551,4.4680256911,1973,0.0929329537,0.0655509066,7586.34,7.7,0.098599312,2.814754063,3.1674898743,0.2044731028,0.0849874495,0.0941081923,0.2720678369,0.1462196691,0.7212760706,0.0006990563,0.0001165094,0.185,0.172,20.5120554944338,46.6183079418949
"08095",0.132402065,0.0011649581,23.29916123,3336,0.1506129597,0.0915157293,13103.81,8.9,0.1226658022,3.2384580694,3.4436110939,0.1656097351,0.1002048793,0.105465388,0.2475670071,0.1346123005,0.8187753264,0.0009328358,0.0006996269,0.313,0.23,46.6345406497746,69.9518109746619
"08097",0.1225104373,0.0007266629,19.564002236,1566,0.1270015169,0.1039861352,9918.05,8.5,0.0959696095,2.9612232191,3.1420890265,0.232045759,0.08855372,0.0948234294,0.2461601701,0.1270058651,0.9366106835,0.0029292474,0.0005069851,0.147,0.123,9.32975070906105,18.6595014181221
"08099",0.1410350235,0.0004142502,10.770505385,5154,0.1752046075,0.0662842575,11038.06,7.7,0.1818593195,3.712122601,3.7545572715,0.1748541332,0.1186635017,0.1190577612,0.2806926328,0.1654185447,0.5915863278,0.0021808421,0.0011742996,0.359,0.208,38.7210974665339,38.7210974665339
"08101",0.0843123389,0.0006427392,8.4697402012,3511,0.1003656538,0.0436951213,9624.32,7.3,0.220507732,4.6173534895,4.1921171075,0.1580543309,0.1423077054,0.1251487089,0.3313558264,0.1713706218,0.6810446175,0.004566293,0.0008963015,0.31,0.232,56.6989964477979,26.6465248323573
"08103",0.0917342603,0.0014018692,10.903426791,2516,0.1019629226,0.0687022901,10104.89,8.2,0.1187490282,3.0541973708,3.3457245951,0.2046143984,0.0948764207,0.1021751037,0.2684001667,0.1408714028,0.9477947795,0.0018334607,0.0006111536,0.232,0.184,31.0864722035128,62.1729444070255
"08105",0.1360973411,0.0011503407,17.697548889,5389,0.1601690935,0.0763416478,8996.41,8.4,0.1716064728,3.8054110786,3.6495122138,0.1571661573,0.1186877829,0.1129246566,0.259458472,0.1369843681,0.7835085962,0.0002613468,0.0009582716,0.288,0.232,64.6488392594769,14.6929180135175
"08107",0.0846157444,0.0012291832,14.670896114,1358,0.093153626,0.0556815838,8021.29,8.1,0.098372999,2.8905976852,3.3523511711,0.2274007279,0.0890026191,0.0991717016,0.2575291789,0.1241328905,0.8061168063,0.0028805583,0.0007302824,0.161,0.102,41.0047486144363,7.93640295763284
"08109",0.1694881498,0.0001509206,13.582855418,1797,0.1945567233,0.0987831067,7951.57,7.8,0.2135947608,4.5304918151,4.1857641976,0.1354323253,0.1478078788,0.1352469255,0.2957230671,0.1811379631,0.4834643091,0.0006260761,0.000156519,0.27,0.262,5.0357538523517,5.0357538523517
"08111",0.0857664234,0.0013986014,0,NA,0.091684435,0.0481927711,5955.81,5.4,0.1297026604,3.273774856,3.4436872932,0.1890042327,0.1003991055,0.1048788905,0.2681270278,0.1556205628,0.9971387697,0,0,0.203,0.188,0,0
"08113",0.1181964103,0.0007531066,5.0207104305,996,0.1235380117,0.1004817619,5786.59,8.3,0.1110882181,3.016223426,3.388843496,0.2126835389,0.0933660869,0.1021714437,0.2633409162,0.1479919473,0.8211713548,0.0026194337,0.0007484096,0.162,0.155,4.13650465356774,4.13650465356774
"08115",0.1210710128,0.0004266212,17.064846416,2387,0.1312649165,0.0920245399,8765.7,7.9,0.1366786945,3.3290221376,3.5142881054,0.1626909344,0.1025985528,0.1091067219,0.2841836304,0.1492117796,0.6250525431,0,0.0012463648,0.253,0.274,14.1763538417919,14.1763538417919
"08117",0.110537229,0.0006212196,5.2313225437,1606,0.1193829954,0.0726630008,7417.39,8.3,0.1028664147,2.9968563223,3.0959485035,0.228378515,0.0902458934,0.0970711396,0.2629423884,0.1487980732,1,0.00250214,0.0004279976,0.154,0.102,4.34943348628841,21.7471674314421
"08119",0.0818064516,0.0004868944,9.7378885012,3628,0.0892621,0.0568383659,8507.64,8.7,0.090573949,2.689594232,3.1178702849,0.1975113441,0.082870833,0.0950001263,0.2302834778,0.1351400084,0.8131905782,0.001414133,0.0004159215,0.228,0.147,17.6218619530445,32.5326682210053
"08121",0.0961281709,0.0002025111,16.200891049,2219,0.1078208049,0.0699658703,8022.6,7.3,0.1240961763,3.2760821132,3.4622100234,0.1796805645,0.1010103493,0.1072901452,0.2760758332,0.1371799846,0.4372663066,0.000407498,0.000407498,0.295,0.285,74.5509996611318,67.7736360555744
"08123",0.093993736,0.0004891131,6.3026658307,3197,0.1132829491,0.0520500356,9739.37,8.8,0.1400767253,3.254835799,3.491396965,0.2056200254,0.0979108154,0.1033704479,0.2796431269,0.15520743,0.7976901018,0.002193726,0.0006069196,0.292,0.186,26.3713657303555,17.836234913062
"08125",0.1341964397,0.0004962779,13.895781638,3649,0.1553292106,0.0888888889,9602.34,8.1,0.1482848878,3.4090246623,3.4566881061,0.1749739192,0.1046562391,0.1094618433,0.2440669594,0.1500403127,0.7213979886,0.000791844,0.000395922,0.305,0.214,89.4098946950129,86.0984171137161
"09001",0.0889632006,0.0009169184,9.1797107338,3794,0.1074991814,0.0407147794,10171.95,8.7,0.1107221306,2.9033480383,3.209818479,0.1984576575,0.0892037785,0.0966347301,0.3242233292,0.1044629179,0.9675719245,0.002676405,0.0008907228,0.212,0.173,51.6222967446944,8.59784328034501
"09003",0.054384862,0.0009225051,10.420063704,4247,0.0648031435,0.025924665,9990.38,8.2,0.1284677417,3.1896883357,3.4815559818,0.1830723919,0.0963449855,0.1024422686,0.3302345536,0.1258687662,0.9653987521,0.0044733855,0.0013861668,0.272,0.209,78.1205115214697,11.0801298576297
"09005",0.0512572199,0.0006257651,10.594092558,3635,0.0601831426,0.023597332,9821.94,8.7,0.0883486298,2.6165005432,3.3208180941,0.1880607197,0.0824987471,0.098522913,0.2887735649,0.1207309899,0.8031296235,0.0021690192,0.0005367775,0.267,0.19,67.2334797081298,14.2894044066325
"09007",0.0409050943,0.0007098709,10.525671624,4402,0.0474956125,0.0205865403,9998.1,8.5,0.1018970542,2.7786538741,3.2052700106,0.1917578961,0.0845306869,0.0960918361,0.3053787612,0.1133875565,0.9769067336,0.0039613296,0.0010102309,0.269,0.184,95.8275186393718,12.8723532500649
"09009",0.0568989919,0.0008786253,8.5886789821,4231,0.0682587627,0.0244903333,10763.9,8,0.1292249666,3.2275016381,3.7561173737,0.1782287528,0.0981782722,0.1108898214,0.3527993291,0.1364890156,0.9392540323,0.0038838804,0.0012183807,0.288,0.216,70.1766649967184,12.0391622296528
"09011",0.0500668059,0.0006430438,9.5527314493,4332,0.0596424321,0.0222609264,10103.09,8,0.1212906477,3.2064315206,3.7403090689,0.1852054625,0.0964851316,0.1087893323,0.3015719152,0.1325646548,0.9291127693,0.0032357182,0.0007487,0.304,0.205,69.1394680853705,12.4128308950396
"09013",0.0374139532,0.0005017793,7.0645248612,4029,0.0429479295,0.0210376688,10002.9,8.2,0.0975888091,2.7929855597,3.5641942617,0.2158076718,0.0837588296,0.1004339887,0.313206071,0.1234432513,0.7673340275,0.0020976985,0.0005095356,0.263,0.18,56.4498346196251,16.3175303197354
"09015",0.0560402613,0.0004554869,9.453501663,4763,0.0661366404,0.02547237,10204.37,8.2,0.1286118492,3.3342984251,4.0386535528,0.2233774602,0.0978690215,0.1143066879,0.3362611727,0.1641673676,0.8263164117,0.0027798816,0.000464748,0.31,0.24,47.1997665756998,15.7332555252333
"10001",0.0640751607,0.000463738,8.9354386282,5870,0.0766586289,0.0325749988,10504.14,7.9,0.1687178787,3.5358741785,3.680999543,0.1644597252,0.109268999,0.1168085632,0.3681973119,0.1817064059,0.6003142135,0.0016015833,0.0006635131,0.384,0.309,39.7962282228815,12.448109301944
"10003",0.0559584051,0.0008378097,10.486018939,5189,0.067276152,0.0249372185,9775.77,8.1,0.1459408012,3.3040313202,3.7584157039,0.1944858209,0.0994200579,0.1099973663,0.3679203769,0.1677249024,0.9654712626,0.0028007835,0.0013375537,0.302,0.247,53.7552614229931,11.1567523708099
"10005",0.071545503,0.000621333,10.828947018,4463,0.0844309995,0.0357890902,10215.78,8.5,0.1640621937,3.3045250846,3.6328186786,0.1530420144,0.1024551512,0.1125018068,0.3185719303,0.1756139165,0.7285652692,0.0016344988,0.0006901217,0.333,0.309,58.9752822441428,13.4842982015503
"11001",0.0430057807,0.001174399,28.747557538,5520,0.0518314102,0.0106074685,8974.12,8.6,0.1302512679,3.0064168988,3.5424234802,0.2800474195,0.0907536051,0.1047263411,0.3620131325,0.1668600618,0.9991806861,0.0043630812,0.0015737628,0.24,0.174,28.3981927197623,6.78668673472285
"12001",0.1186566958,0.0015808559,9.3277990889,5058,0.1370562552,0.0586788756,10574,6.6,0.1930867221,4.4095938796,4.2777984357,0.2056176922,0.1353374724,0.1325376531,0.3585795384,0.148948162,0.8634367824,0.0055332908,0.0024630355,0.272,0.234,57.7214278931929,13.243444494975
"12003",0.1196643895,0.0003535693,6.3642470742,4966,0.1479395786,0.0592373716,13404.34,6.7,0.1992612885,4.315002168,4.4597827811,0.1807304235,0.1310905754,0.1318532476,0.3717702784,0.1940368539,0.4165222202,0.0008948706,0.0005727172,0.383,0.338,34.2890925214307,14.1885900088679
"12005",0.1483486049,0.0005447721,8.6073990946,5756,0.1794027724,0.0633016743,12452.14,6.8,0.1866007994,4.233586094,4.1691639144,0.1954133706,0.1321178518,0.1311806338,0.3651047425,0.1803883197,0.7181022434,0.0022883668,0.0010871101,0.3,0.31,27.6760777390273,25.8671837691562
"12007",0.1326909986,0.0002958799,14.424143798,7074,0.1607129812,0.0642315158,12891.91,7.4,0.2034880228,4.6016216266,4.0944422879,0.1685860669,0.1362444834,0.1254879463,0.3849281213,0.2154745229,0.661430575,0.0001856941,0.0007427765,0.371,0.35,95.475910693302,12.2405013709362
"12009",0.1301291399,0.0007315475,7.451261283,4963,0.1532338864,0.060465403,11160.27,7.1,0.1571226066,3.9790836294,4.2359708964,0.1832134193,0.1209301654,0.1286593835,0.3348785066,0.1712400232,0.8507368747,0.0014590852,0.0008702709,0.288,0.268,98.4057364255887,22.9443426899041
"12011",0.1689230811,0.0007335173,5.5220421948,5286,0.1986407329,0.0834336385,12579.7,7.9,0.1642106422,3.6609080223,3.9176931969,0.1892751027,0.1153282571,0.1224414364,0.3660211604,0.1419505811,0.9562825431,0.0015112859,0.0007435988,0.246,0.237,17.7340139422471,12.4379611404282
"12013",0.1521010061,0.0004142788,8.2855761928,7492,0.182441701,0.0775116434,13565.83,7.2,0.2414106394,5.0767179848,4.1202111385,0.1567649592,0.1524905861,0.1326078247,0.4010380071,0.1998091653,0.2001367521,0.0001386674,0.0005546696,0.369,0.414,50.582852413032,45.9844112845745
"12015",0.1710471538,0.0006427406,6.1527305489,4780,0.1919882755,0.0938312657,11229.39,7,0.146700831,3.8355104494,4.0503764261,0.1685525113,0.117561408,0.1228989483,0.315912691,0.1644984271,0.8321331683,0.0010534278,0.0006892108,0.276,0.262,77.3607872468359,19.0652177101207
"12017",0.1544619809,0.0005149437,7.6898253998,4771,0.1801883324,0.0710789816,10062.68,6.8,0.1900776207,4.5057565391,4.3932917789,0.1642587513,0.1353707185,0.1366788826,0.3454962022,0.184434352,0.7923121584,0.0005848727,0.0008146441,0.287,0.357,48.0332664679767,26.9901211581964
"12019",0.1135014878,0.0004900344,7.0206851058,4810,0.135862186,0.0595168499,11881.02,7.8,0.1533637704,3.6526275438,3.9768819775,0.2162521889,0.1111679703,0.1214578,0.3670326982,0.1782554271,0.8789930055,0.0008064865,0.0009409009,0.332,0.295,51.9939115286681,18.6926751417266
"12021",0.2282220646,0.00074823,7.1336623042,3493,0.2645474052,0.1257563564,9928.17,8,0.1580772264,3.5460739343,3.4809924702,0.1503730365,0.1158414521,0.1144854422,0.2877103012,0.1111242132,0.8688199801,0.0009256825,0.0008435213,0.219,0.229,27.854803923676,14.4200110344432
"12023",0.1238089793,0.0004596909,8.3318967994,8203,0.1505081679,0.0595785441,12713.5,7.1,0.2156562568,4.5904533566,4.5968062501,0.1842107029,0.1419300641,0.1409673882,0.3981961154,0.220678617,0.7008484992,0.0014718827,0.0010966969,0.368,0.367,44.4096383240853,18.6233967165519
"12027",0.2307025835,0.0002441539,7.595898215,5879,0.2771744916,0.1016172893,11754.66,7.3,0.2627141989,5.1902803902,4.3793012547,0.1668134719,0.1648030208,0.1483902389,0.3569807178,0.202322291,0.4148069531,0.0004748603,0.0004748603,0.313,0.357,42.6687002387632,19.0647384045537
"12029",0.1582024114,5.99772e-05,7.1972650393,5742,0.1911322645,0.0720691864,12370.8,7.3,0.2690979361,5.4999707433,4.716501665,0.1716008189,0.1690284913,0.1487977442,0.3661901533,0.2474569113,0.3477042991,0,0.0003680982,0.331,0.434,74.487145934411,72.4739798280756
"12031",0.1323418899,0.0008604017,8.8172515337,5911,0.1573602407,0.0645100369,12359.95,6.6,0.1780867915,3.8498588626,4.1213193494,0.2001230366,0.1213726681,0.1258526544,0.3703476789,0.181628334,0.9372378547,0.0016269818,0.0013743516,0.32,0.267,47.2219359927799,16.0604327078529
"12033",0.1138312192,0.0006793998,9.0267677154,5292,0.1354880421,0.0558903217,11094.55,6.5,0.1691419111,4.0354477518,3.9533683066,0.1794590825,0.1209260907,0.1202247363,0.3632397096,0.1670521768,0.7269159563,0.0016339506,0.0012976424,0.294,0.288,43.3155799468987,20.2280581170114
"12035",0.1472159254,0.0005067415,6.1532892951,4514,0.1704610082,0.0783345095,10381.75,7.1,0.1361328354,3.5732110075,3.8808455088,0.1730029885,0.1111571217,0.1194622862,0.3190043354,0.155408318,0.8130956362,0.0005078017,0.0004616379,0.266,0.262,46.2393505940094,24.1774382190899
"12037",0.1772597913,0.0002558199,9.3800631022,4514,0.2034476567,0.0990047145,10095.5,7.6,0.1890959833,4.2832870492,4.0403428402,0.2465916017,0.1304613377,0.125931417,0.3404195224,0.1816087652,0.8835397004,0.0005041593,0.0003361062,0.344,0.314,67.8656260604004,56.554688383667
"12039",0.1631201622,0.0001953507,10.201645287,6430,0.2000630368,0.0684567719,9537.89,6,0.2387900729,4.5671631917,4.1561796278,0.1444704846,0.1453572103,0.139003613,0.3814307044,0.1724891417,0.4846623122,0.0011085511,0.0001521541,0.435,0.353,60.1575693442825,9.42226989729726
"12041",0.1552912658,0.0003945218,5.0724229274,6870,0.1858370432,0.075677111,11550.79,7.9,0.2031179914,4.9119996719,4.4705804053,0.1714512453,0.1490029021,0.1413708058,0.3597877083,0.214915807,0.2243934117,0.000232396,0.000639089,0.377,0.352,69.5344947473267,20.6724173573133
"12043",0.2588360038,0,4.3623673113,7077,0.2955005449,0.1475034356,11916.62,5.3,0.2192340047,4.6358757768,4.4585493667,0.1779392915,0.1458789417,0.1385516815,0.3735425507,0.2050195437,0.446522819,0,0.0004294918,0.39,0.35,12.0633082416522,24.1266164833044
"12045",0.1346544715,0.0004331683,11.138613861,5642,0.1555043384,0.0755436856,11460.18,7.2,0.2118406104,4.6660582633,3.9410294566,0.2199728361,0.1402231238,0.120077483,0.3538493116,0.1830739406,0.5403139381,0.0006253909,0.00068793,0.326,0.319,51.7448358653806,49.6750424307654
"12047",0.1510319974,7.0502e-05,6.345177665,6465,0.1854801654,0.0677045619,10897.64,6,0.2325813147,4.9768134745,4.3678063088,0.1933716009,0.153462125,0.139559656,0.4009416547,0.2298926463,0.4534765863,6.9633e-05,6.9633e-05,0.398,0.37,25.6679500641699,28.0014000700035
"12049",0.2003753225,0.0001094451,10.944511328,7502,0.257648283,0.083390765,13440.29,6.4,0.2885412963,4.9997698662,4.2224668537,0.1488868819,0.1621673304,0.145316808,0.3609141262,0.1878949907,0.580685875,0.0001461988,0.0003289474,0.397,0.362,13.412017167382,14.6312914553258
"12051",0.2685429493,0.0003222049,8.6747465735,6468,0.3406556126,0.1103485642,11193.43,6.9,0.2424022437,4.3970440597,3.8140183441,0.1625189748,0.1445510873,0.1362480336,0.3632941998,0.152581581,0.6254982115,0.0004581318,0.0003563248,0.35,0.348,15.6774731213849,13.2020826285347
"12053",0.1579732302,0.0005682031,6.3252802153,5489,0.1893482817,0.0679516589,12065.52,7,0.1877396,4.5214011532,4.3130165794,0.1712232854,0.1378148495,0.1332881604,0.3651251604,0.1708730507,0.8127365753,0.000716493,0.0005961659,0.323,0.311,39.2679735762236,18.7415328431976
"12055",0.1848619389,0.0005929065,11.469338958,6189,0.2245045119,0.0757893575,12500.26,6.7,0.2126659943,4.3855671996,4.4559380977,0.1527425526,0.1390526963,0.1405986195,0.3131953511,0.1687656246,0.8700726824,0.0006540028,0.0006639119,0.304,0.341,39.1302098155383,26.5179934287119
"12057",0.1428953897,0.000830632,7.3975944329,5272,0.1699169819,0.0714506911,12122.84,7.5,0.1850178779,3.9156424569,3.9876247996,0.1963268263,0.1251267029,0.1241614442,0.3347562053,0.1655315199,0.9225846183,0.0016319852,0.0011509637,0.264,0.234,35.6492136328278,13.5727570841265
"12059",0.1567964309,0.0003579098,12.271193374,4012,0.1869886644,0.0775448346,11931.83,6.6,0.2250379403,5.0267490732,4.4916669131,0.1568349417,0.1558950635,0.1435042157,0.3689802235,0.2135409882,0.3427008581,0.0008210602,0.0005131626,0.358,0.374,61.5153275691193,22.2138682888486
"12061",0.1692008965,0.0006153527,9.1979039143,3621,0.1956417078,0.0878534112,10535.78,7,0.1644741015,4.0215171841,4.2095097268,0.1937519831,0.1239467096,0.1312672111,0.3381272731,0.1570814849,0.7884269858,0.0011942229,0.0008247395,0.266,0.256,62.8022764206587,20.286645991553
"12063",0.1517667565,0.0004138216,10.552451893,7204,0.1815995452,0.0760584897,11600.61,7,0.2610430839,4.7739366934,4.4882808396,0.1605477599,0.1470986548,0.1411190422,0.3727560088,0.2444862516,0.2245808708,0.0010989239,0.000953783,0.371,0.373,56.6048155511376,15.8769604594654
"12065",0.1359103526,0.0002121041,9.1911764706,5129,0.1550736498,0.0801905518,10358.74,6.9,0.1741752083,4.3325628515,3.904542689,0.1520682696,0.132454996,0.1281724366,0.3632416451,0.1607531535,0.5238127498,0.000359557,0.0001438228,0.351,0.261,82.6680523406869,89.75388539846
"12067",0.1976827094,0.0001183292,15.382794936,7815,0.2344183699,0.111747851,12679.93,7.8,0.2279867239,4.6455765861,4.1935451812,0.1691511896,0.1451277021,0.1371809365,0.4006715949,0.2213213934,0.1358511838,0.0001160497,0.0004641987,0.339,0.333,42.6356589147287,0
"12069",0.1553454111,0.0007022776,8.1498885893,4749,0.1831529305,0.079772203,11182.08,7.4,0.1529996499,3.8839566833,3.9394017857,0.1743020448,0.1224327524,0.1237119973,0.3451253157,0.1689663784,0.8244482448,0.0007781846,0.000742406,0.314,0.284,64.7456229261168,20.7147454302308
"12071",0.1861685293,0.0006479768,6.2092139866,4308,0.2181322772,0.0926542835,10708.11,7.5,0.1698112151,3.7573789077,3.7268686672,0.1878430255,0.1183597272,0.1213473568,0.3167800669,0.1401089448,0.8711814388,0.0009316994,0.0008694015,0.25,0.245,20.2150557042104,16.1539954064896
"12073",0.1080443412,0.0008646466,13.43474846,4826,0.1248969144,0.0554635762,10225.99,6.3,0.1479910782,3.8691271095,4.0270985666,0.2193013773,0.1184466048,0.1275577099,0.3234254626,0.1431004937,0.8589733817,0.0019491213,0.0011013752,0.311,0.218,42.6135058395435,11.0266753654883
"12075",0.1801852839,0.0001734605,7.4340230455,5823,0.2145156963,0.0815996013,10414.01,7.4,0.2078907816,4.6609979984,4.5654883008,0.1569651961,0.1427038796,0.1446803372,0.398080906,0.221638661,0.4706992476,0.0001751708,0.0005755612,0.333,0.366,73.5014782881588,18.9947640519961
"12077",0.1469723692,0,7.2797864596,7554,0.1755190078,0.0734194426,14992.39,6.8,0.2223766939,4.7742450754,4.2248572215,0.1740193219,0.1442866217,0.1334358016,0.4100772127,0.2135011984,0.195218171,0.0010972933,0.0004876859,0.399,0.372,24.0954178547046,28.1113208304887
"12079",0.1418261688,0.000108407,11.92476557,6278,0.1700294241,0.0610259434,11519.16,5.7,0.2204314332,4.5823762732,4.3462494262,0.1622196268,0.1457954014,0.1464648371,0.3797226776,0.1946753825,0.4977632127,0.0003841089,0.0004389816,0.359,0.328,45.2882141951379,9.05764283902757
"12081",0.1605422991,0.000555021,7.3916347443,4187,0.1909183542,0.0751693977,10743.56,7.8,0.1570931217,3.7641198044,3.7832011531,0.1715188325,0.1164277633,0.1206022596,0.3294609381,0.1611503203,0.908485192,0.0009391095,0.0006491295,0.263,0.251,38.484356325358,18.9394922140526
"12083",0.153584122,0.0005756971,7.0551117106,4759,0.1877210205,0.0625461091,10852.04,7,0.1972698048,4.5058143352,4.3038788405,0.1613437594,0.1390753698,0.1362383177,0.3493166407,0.1778797989,0.7741338614,0.0008423586,0.000762134,0.328,0.329,40.2501528189213,22.288051911412
"12085",0.1699132005,0.000662819,9.3795138911,4521,0.1917976245,0.1050140886,10918.86,7.9,0.1397097452,3.3648953623,3.7727316857,0.2009537809,0.1035087545,0.117261033,0.2535027636,0.132561439,0.9606268538,0.0015311813,0.0010711968,0.199,0.225,57.7641720329652,21.0620266257382
"12086",0.2001779972,0.0007925733,4.8622790352,7118,0.2434635119,0.0673490799,13787.51,8.8,0.2066449076,3.6060803426,3.5001321971,0.166783909,0.1252322412,0.1193794093,0.332593524,0.1351362174,0.9600486293,0.0014264941,0.000845207,0.224,0.229,28.250778415919,9.5060708783342
"12087",0.2027179496,0.0007661044,12.075883292,4066,0.2228877812,0.1222359227,9575.1,7.8,0.142307469,3.8008921627,3.7317686945,0.2608026735,0.1172419597,0.1167887294,0.3077165193,0.1598241262,1,0.0018463017,0.0006322951,0.209,0.228,43.7008095466798,31.5857336327488
"12089",0.1248494952,0.0004714643,11.121722416,5098,0.1432826559,0.0739225628,10809.82,7.7,0.165197713,4.1210594287,4.2666073862,0.1855805143,0.1203593259,0.1284700311,0.3457203634,0.1585476571,0.6770057561,0.0010170921,0.0005705639,0.296,0.24,54.981438747868,20.8688672619645
"12091",0.1345246989,0.0007932207,8.6712322018,4905,0.1586575258,0.0709677419,11116.53,7.3,0.1649073595,3.9940150787,4.0136327384,0.2010227154,0.1176547456,0.120283983,0.3644081241,0.1735434661,0.7982988796,0.0014713924,0.0010240095,0.273,0.292,35.4917902745952,21.5894761117354
"12093",0.2245510981,0.0004807115,7.2106717943,9091,0.2743986729,0.0965255407,13079.63,5.6,0.2628445517,4.9886083343,4.4251607831,0.1628273364,0.1609696268,0.1477997688,0.361092374,0.2146614238,0.7699769977,0.0005209108,0.0006945478,0.338,0.367,25.1101607050285,17.8201140487299
"12095",0.1565244711,0.0008739969,7.2128838563,5186,0.1853185998,0.0768541218,12079.44,7.5,0.180804746,4.0997397667,3.8508079563,0.2068165202,0.1268530675,0.1221043906,0.3602824508,0.1454695338,0.9330916719,0.0019728128,0.0010651515,0.271,0.243,23.7389487157105,10.4105181347022
"12097",0.1615224936,0.0004088818,4.4579476404,6798,0.1998102834,0.0656919507,12293.31,8,0.2336733304,4.5702200299,4.464102093,0.1835138299,0.144671232,0.1405128733,0.4017106272,0.1639119838,0.7648138154,0.0013005372,0.0005892594,0.316,0.294,27.457310982451,11.6456870718671
"12099",0.1744629292,0.0007918975,6.2196241036,4410,0.2065636949,0.0837971573,12139.03,7.9,0.1615280777,3.8386183164,3.71237783,0.1775419062,0.120640102,0.119031079,0.368763451,0.1336608864,0.932911356,0.0017675456,0.0008339047,0.222,0.267,40.9461607975276,15.5195492922926
"12101",0.1494881764,0.000585949,5.6311983609,5246,0.1846789093,0.0549320153,12322.89,7.6,0.1860055421,4.634421346,4.2732609037,0.1903446351,0.1359735838,0.1322854972,0.3544853675,0.2073052754,0.8054065337,0.0006831028,0.0007084752,0.312,0.298,38.6019379567341,20.0932911860176
"12103",0.1433539891,0.0008818951,7.4178091295,5096,0.1660826811,0.0648941532,12498.78,7.7,0.1613095941,3.8660614469,4.044096511,0.2074610894,0.1120388673,0.1238778521,0.3664093786,0.1744587594,0.96347576,0.0017632425,0.0010210985,0.273,0.233,58.2802108408761,21.1239961371298
"12105",0.1575724854,0.0004894513,7.8661816826,7012,0.1939504832,0.067315734,11668.45,6.9,0.2029634073,4.2705053638,4.0020036595,0.1500791031,0.1362833688,0.1283366333,0.3467548841,0.1692735661,0.8216361205,0.0007836085,0.0006049698,0.365,0.289,40.0360858587207,14.4129909091394
"12107",0.1716801972,0.0004355875,10.617445279,7245,0.2132060859,0.0645888096,12227.79,6,0.2460720119,5.3417184699,4.747921974,0.1738458923,0.1658962722,0.1521235459,0.36887939,0.2489182312,0.4922543166,0.0005395907,0.0004427411,0.386,0.376,68.2115832363213,25.9204016298021
"12109",0.1064759838,0.0009556544,6.3983725165,3663,0.127467146,0.0545646438,10669.03,8.1,0.1125727686,3.4148047936,3.431818968,0.2139899515,0.1008749442,0.1079297268,0.2866527105,0.1340964645,0.8887070549,0.0011229885,0.000582763,0.231,0.216,57.0134759124884,20.1865895575318
"12111",0.1692419776,0.0003827678,5.6458249603,5951,0.2055803571,0.0703020212,11720.75,6.8,0.1708139739,4.1369581268,3.7926972901,0.1817686636,0.1285681851,0.1236375207,0.3537262666,0.1733598231,0.7546195134,0.0013246027,0.0006264131,0.312,0.29,42.9266177969082,16.3631166849601
"12113",0.125145268,0.0007115314,7.4596033786,5310,0.1515619719,0.0579155347,11575.85,7.3,0.1509303998,3.8720034459,4.0548785303,0.1939546939,0.1204288796,0.1232751873,0.3443806752,0.1942959214,0.7228879846,0.0005102729,0.000568925,0.311,0.294,36.6329719643286,21.7508271038201
"12115",0.1630058849,0.0007611204,9.0189182547,3013,0.1867647059,0.0852013693,10189.73,7.9,0.1250927603,3.612960107,3.8485803,0.177574788,0.1096384322,0.117233527,0.2934416907,0.126977611,0.9187240412,0.001650633,0.0008653098,0.214,0.225,85.8228584415523,22.6476987554096
"12117",0.1013315796,0.0007564967,6.7652417871,4527,0.1218546512,0.0444030535,12051.97,7.8,0.1609640615,3.654353591,3.5818643734,0.2067683884,0.1133047983,0.1119728967,0.3460817586,0.1581163036,0.9125705553,0.0014819564,0.0006103465,0.263,0.218,29.6543215221109,13.9974169715073
"12119",0.1190445337,0.0003755043,5.1132505093,5155,0.1305611864,0.0712817739,10859.88,8.1,0.1318402487,3.4867561,3.3303329002,0.1481526033,0.1057795692,0.1061995778,0.2864839284,0.1045443493,0.8119460501,0.0003871093,0.0004113036,0.293,0.226,75.4137835227498,15.08275670455
"12121",0.1720233977,0.0001584069,9.2781172211,7665,0.2082896118,0.0815565032,10948.74,6.9,0.2348124179,4.6665923164,4.3070802815,0.1736501535,0.1492086689,0.1372721451,0.4005179728,0.2015010555,0.5538976198,0.0002968443,0.0004338494,0.388,0.364,58.2560998675998,21.1840363154908
"12123",0.1491805481,0.0003664178,13.282645537,5804,0.1822197162,0.0684838928,9829.35,6.6,0.2038056671,4.6592919354,4.1338402142,0.1742690012,0.1399278316,0.1282267539,0.396032258,0.2116808077,0.6806823217,0.0001803833,0.0009470124,0.355,0.345,67.041489540004,24.3787234690923
"12125",0.1267605634,0.0002577818,3.8667268158,6820,0.1555319901,0.0713073005,13340.85,6.5,0.237378125,4.64825791,4.6132497453,0.1645399662,0.1455306404,0.1409526296,0.3870558137,0.2486143478,0.2162214355,0.0005943733,0.0005283318,0.374,0.316,35.0884887826487,28.5093971359021
"12127",0.1462295627,0.0006868489,7.4996472938,4633,0.1750232402,0.0567141558,11077.5,6.8,0.1855348332,4.3638340942,4.537288695,0.1764043836,0.1320926263,0.1369518522,0.3522966418,0.1813428883,0.8592297101,0.0011995527,0.0006555036,0.321,0.287,53.540679155778,21.9733423124869
"12129",0.1239744011,0.0003113325,9.0286425903,5428,0.148202996,0.0650451703,9960.45,8.2,0.1693035228,3.8998376612,3.8291796618,0.2264162666,0.116746707,0.1177202701,0.3761628951,0.1906390478,0.7616649337,0.0003762581,0.0002194839,0.397,0.301,47.681240541493,22.8040715633228
"12131",0.1764172336,0.0005265005,10.676260676,6816,0.2047882512,0.0988826816,10997.09,7.6,0.1856909613,4.3374619761,4.0601627877,0.1847988924,0.1277565992,0.1269769824,0.3317212979,0.1895716923,0.6098686481,0.0006222586,0.0006526127,0.318,0.312,39.3892238864034,18.4788951565843
"12133",0.1657049106,0.0002442301,10.583302805,6438,0.1977920173,0.0804897631,12423.54,5.6,0.2300692561,4.7163619515,4.4481772961,0.1594068775,0.1467413738,0.139990792,0.3711211112,0.211610221,0.3335877249,0.0001628068,0.0007326306,0.377,0.349,87.8188499783831,29.7233030696066
"13001",0.1914535666,0.0003779494,11.878408293,7237,0.238209586,0.0851836038,11191.24,7.3,0.208603206,4.3156232967,4.1676433723,0.1468605511,0.1351321329,0.1363161855,0.3604084231,0.2020040121,0.2764860715,0.0003798567,0.0007597135,0.343,0.414,45.0807847663012,50.4904789382574
"13003",0.2238741959,0,4.7950131863,5718,0.2786647315,0.1042031524,10104.11,7.2,0.2676641496,4.8631776536,4.4399411888,0.1442352105,0.1574656956,0.1497351006,0.3839203402,0.2355266878,0,0,0.0006043757,0.306,0.299,24.0847784200385,36.1271676300578
"13005",0.1938321208,0.0006184292,8.8347027123,9126,0.2362723564,0.1009793989,14777.24,7.6,0.1915764265,4.3312008624,4.0207623553,0.1575706925,0.1321376399,0.1312766561,0.3643416321,0.1999915848,0.6109408796,0,0.0002638058,0.435,0.375,79.7024442082891,100.366040854883
"13007",0.191636216,0,0,10012,0.2216828479,0.1,14741,4.8,0.1851254125,3.903933324,3.7861305052,0.1381896785,0.1184107257,0.1203497896,0.3756049167,0.1821963125,0.0582439873,0.0003174603,0.0003174603,0.361,0.262,10.5909764880322,10.5909764880322
"13009",0.1591263651,0.0005567185,8.0167460918,4560,0.1942077667,0.0589720055,9912.99,6,0.2350329359,4.7027278202,4.2507282802,0.1397612912,0.149511436,0.1431755912,0.3861825744,0.2410759283,0.6300743657,0.0012626263,0.0008417508,0.407,0.261,58.5736211102296,13.3458883542295
"13011",0.1934038824,0.0002146614,8.0498014382,6769,0.2322438163,0.0904893813,10822.07,8.7,0.1727013888,4.1198983089,3.9798975804,0.1603702652,0.1235355253,0.1260395142,0.3425578205,0.194769147,0.3671106279,0,0.0004348535,0.325,0.359,32.1319552294757,19.6361948624574
"13013",0.1687280809,0.0002150238,6.7036844968,5278,0.2099187159,0.0753525671,10493.26,8.4,0.17900314,3.9647396049,3.8077804705,0.1681787161,0.1185017334,0.1187146247,0.3603604725,0.18116682,0.665547018,0.0001555896,0.0002463501,0.388,0.232,23.6290907863424,18.565714189269
"13015",0.1792470667,0.0004188322,7.4247529842,6686,0.2171042435,0.0875803318,11348.47,7.3,0.175698786,3.9116058482,3.8248911928,0.1646376567,0.11684788,0.1199288688,0.3555530903,0.1922099373,0.666523558,0.000992226,0.0006550618,0.294,0.299,32.3533236696282,17.1282301780384
"13017",0.1626825547,0.000470699,7.06048482,5991,0.2075373754,0.0606130445,10813.19,5.6,0.257942694,4.9378742057,4.4235043134,0.1285072126,0.1584080684,0.1492885732,0.393159144,0.2326292478,0.389021209,0.0002319782,0.0007539291,0.421,0.411,64.6729118488614,74.4718378865676
"13019",0.1894340586,0.000156364,4.6909204628,5256,0.2366035365,0.0762623088,11597.78,7.1,0.2026796491,4.3910586153,4.3062363509,0.1462513101,0.1354594528,0.1386464796,0.3487665518,0.2164274181,0.422534481,0.0002632549,0.0002106039,0.367,0.285,26.118298479915,26.118298479915
"13021",0.144036174,0.0013149115,13.149114888,5329,0.1792527868,0.0618578484,10298.71,5.7,0.2214088597,4.4179393011,4.0958538201,0.1417133997,0.1393942462,0.135679163,0.4020257281,0.2130915904,0.7596353514,0.0015907306,0.0018591254,0.391,0.308,43.8178659173303,13.2979593082445
"13023",0.1377442651,0.0003117693,10.911925175,6835,0.1636599798,0.0689786585,13018.69,7.2,0.1890539744,4.1433729125,4.0132547,0.1552307799,0.1263121283,0.1290987623,0.3581979265,0.1893533858,0.7847355125,7.7101e-05,0.000616808,0.408,0.34,51.7625135876598,62.1150163051918
"13025",0.1820458486,0.0001601623,6.4064919118,6946,0.2201834862,0.0865658558,11932.88,8,0.2019895679,4.4515201504,4.3535305504,0.1565942432,0.1386198388,0.1424850348,0.3567417755,0.2275139645,0.3028624192,0,0.0001089621,0.336,0.309,25.0075915903042,17.8625654216459
"13027",0.1942977825,0.0001924681,7.6987232951,5818,0.234040191,0.088150289,12586.14,7.3,0.2173653293,4.2611469243,4.0436282418,0.1377397719,0.1332742346,0.1323842598,0.3809760877,0.2002407498,0.2350551007,0.0001912412,0.0003187353,0.306,0.275,100.455254664757,111.141983884412
"13029",0.122164206,0.0007825148,8.3648138154,4627,0.1482208151,0.0721613327,10155.3,8,0.1561402948,3.6192932764,3.6582530039,0.1775200657,0.1075658028,0.1130566573,0.346367368,0.1831166106,0.8312770813,0.0005796301,0.0007176373,0.396,0.291,22.4418531584664,11.6697636424025
"13031",0.1677986288,0.0005515503,6.9600388712,6884,0.2020886733,0.0667423669,11749.19,6.8,0.2250565143,4.5216555962,4.3775448253,0.1683336484,0.1422716351,0.1422223603,0.3822264543,0.2188622022,0.3404588632,0.0007895934,0.0008297422,0.366,0.203,29.3644567356366,9.20378494699058
"13033",0.1517947624,0.0003552082,7.5481751177,5367,0.1891106523,0.0681359354,9440.19,6.3,0.2326492349,4.6565581843,4.2412201568,0.1320623189,0.1462739237,0.141544754,0.3892216775,0.2197771306,0.4710499228,0.000528914,0.000264457,0.39,0.316,36.9642038649772,16.26424970059
"13035",0.1496005401,0.0002078224,7.8972525874,5151,0.1814029111,0.0696141167,11081.68,7.4,0.184107761,4.1074279614,3.8211387768,0.1601281226,0.124303181,0.1230857678,0.376994803,0.1940601249,0.6403720144,0.0005038418,0.0005458286,0.381,0.266,29.1387420388794,16.6507097365025
"13037",0.1797307997,0.0001549187,10.844306739,5724,0.2150220913,0.0936952715,10084.55,6,0.2822338252,4.9540517874,4.2374995444,0.1325084989,0.161578976,0.1456774893,0.4346696007,0.2569551582,0.0028383627,0.0001581278,0.0004743833,0.35,0.402,52.271182896869,41.8169463174952
"13039",0.1346505589,0.0003204887,9.0490913204,4582,0.1633980706,0.0664913599,10641.1,7.1,0.1647653989,3.7421756166,3.7325384171,0.1864472344,0.1136126454,0.1158409552,0.3721457233,0.1861364589,0.6069328688,0.0009998491,0.000490492,0.373,0.288,21.2860532526968,14.3993889650596
"13043",0.2079460967,0.0003704733,7.4094655923,6598,0.2588333333,0.0937840785,12583.95,7.2,0.2440155484,4.7622548601,4.3511057012,0.1343579121,0.1501357363,0.1448456335,0.3749368277,0.220239732,0.5930169122,0.0004582951,0.0004582951,0.537,0.281,49.1657192022862,55.311434102572
"13045",0.1597832963,0.0004583574,10.100838624,4235,0.193826458,0.0774368107,10642.75,7.1,0.2069464453,4.27484517,4.09909869,0.1707391583,0.1290888996,0.1287686346,0.3543961424,0.2001419125,0.4776027577,0.000946147,0.0008343297,0.361,0.35,14.7645899703005,20.1593439979102
"13047",0.1273913122,0.0004958678,8.2644628099,4463,0.1555645202,0.0587764155,11038.8,7.9,0.1360869385,3.5511191761,3.6002923835,0.1687764506,0.1037709806,0.1115825821,0.339660374,0.154294531,0.7535266335,0.0007831561,0.0004367601,0.323,0.265,22.4586760360936,18.9651042082568
"13049",0.1571192834,0.0003145891,3.1458906803,6592,0.1940151266,0.0669306931,11766.91,7.1,0.1896355612,3.9584933999,3.7011063945,0.1657795345,0.1212034089,0.1190431145,0.3922541146,0.1980644341,0.7311642429,0.0001600384,0.0004801152,0.364,0.342,52.3834468308015,15.7150340492404
"13051",0.1622367937,0.0008812362,10.981029325,4502,0.1973838944,0.0675812454,10225.17,6.9,0.1707449966,3.8718573179,3.822934656,0.1766289806,0.1195360692,0.1210011781,0.3837249391,0.1795987656,0.8692141154,0.0011899738,0.0014009866,0.298,0.235,33.3802191123624,16.6901095561812
"13053",0.1213337023,0.00077347,0,2514,0.1502923977,0.0520977409,9566.06,4.4,0.1939835134,4.0840196933,3.7581200466,0.2331439139,0.1246833936,0.1189104151,0.3756625625,0.1964341402,0.9397355108,0,0.0001831166,0.43,0.277,6.2599768380857,6.2599768380857
"13055",0.1663803425,8.07428e-05,9.2854259184,6840,0.2061848204,0.067877292,11066.84,7.7,0.1944314456,4.2476964374,4.0978225863,0.1616944651,0.1314798166,0.1332682553,0.3623561573,0.2107186611,0.4872573515,0.0003222688,0.0004431196,0.343,0.238,32.2650032265003,17.4768767476877
"13057",0.1283745041,0.0003877644,6.9070536771,4084,0.1544210851,0.0691647938,10446.73,8.7,0.1250623923,3.2016959013,3.4492731464,0.1825861931,0.0953273813,0.1059614573,0.3289421993,0.148834906,0.9352308884,0.0008275097,0.0004013422,0.283,0.211,17.2179319380531,15.8727810053927
"13059",0.162971595,0.0006532141,10.703267645,5005,0.1877373515,0.0712050778,9824.76,5,0.2320104567,4.5656880042,4.2711860745,0.1650838342,0.1477409329,0.1452889118,0.3801984961,0.2175837683,0.8011635279,0.0024858268,0.0013311201,0.25,0.217,30.8624878330577,14.50800710101
"13061",0.1544983514,0.0003376097,10.128291695,4552,0.1917808219,0.0594855305,11256.66,0.5,0.3298371541,5.6260106705,4.906987279,0.0928781449,0.1886048684,0.1751692089,0.4230498451,0.2687011506,0.3107131637,0,0.0003311258,0.407,0.428,78.9265982636148,78.9265982636148
"13063",0.1883298003,0.000252496,4.3134738193,4867,0.248840671,0.0537287798,10229.71,5.2,0.209811956,4.0752290244,3.7414476835,0.1182596432,0.1329094209,0.1279470946,0.417023756,0.1999340684,0.7633141113,0.0005939985,0.0002433247,0.369,0.317,12.9941584819077,9.36515926623977
"13065",0.1659743543,0.0001486547,14.865467519,7636,0.2103626943,0.066364152,13069.33,6.4,0.2470043781,4.8161805391,4.4797460065,0.1376479258,0.1524750465,0.1488302692,0.3873792288,0.2307065313,0.051338629,0,0.0002928686,0.455,0.221,24.7475747376757,24.7475747376757
"13067",0.1378960675,0.0007052559,7.6744549152,4469,0.1611481424,0.0807317883,9792.83,7.7,0.1487907187,3.376843808,3.4053309483,0.1833713139,0.0996806674,0.1072547082,0.3506370403,0.1424582382,0.9186850909,0.0014141549,0.0008768295,0.279,0.212,15.4814578579236,12.6063299700235
"13069",0.194105661,0.0005347096,8.8343330079,6047,0.2419945298,0.0852342063,11862.29,7.1,0.2221238316,4.4860445846,4.1049070282,0.1532255833,0.1408480374,0.1356427061,0.3682948839,0.2254335347,0.5499102843,0.0002092439,0.0011857156,0.342,0.353,37.9494884563852,13.9406284125497
"13071",0.2355458123,0.0004581652,8.7269553834,6689,0.3019681135,0.0894315583,11500.39,7.1,0.2437887335,4.619184407,4.2858819042,0.1535122109,0.1454049709,0.1410695729,0.3716813952,0.2131749703,0.6505560684,0.0003938041,0.0008094863,0.398,0.361,43.7525066540271,18.2302111058446
"13073",0.1129135748,0.001048958,7.322914124,3738,0.1399212286,0.0531703294,9284.64,8.7,0.134826078,3.3744668959,3.2955355494,0.1758203232,0.0960132622,0.1012808019,0.3556727002,0.1569575076,0.848975841,0.0007460156,0.0004408274,0.333,0.27,26.2507720815318,15.0004411894467
"13075",0.1844368314,0.0006366846,6.366846096,5000,0.2306544659,0.077557388,10340.89,7.1,0.222627841,4.5752484901,4.2411158868,0.141549738,0.1425406894,0.1402225683,0.3665243594,0.2122680908,0.6585521729,0.0002912565,0.0001747539,0.288,0.395,23.2531101034763,9.68879587644848
"13077",0.1251615613,0.0005030954,7.616305882,4182,0.1526122149,0.0613529806,10335.33,8.1,0.1480073192,3.4516749744,3.5790304546,0.1754772973,0.0996500118,0.109473921,0.3594994351,0.1671176041,0.5605849965,0.0006048703,0.0006831476,0.311,0.292,26.5422440768887,14.6680822530174
"13079",0.1656441718,8.13339e-05,4.8800325336,6126,0.1929022718,0.0877659574,12714.01,8,0.1822240302,4.0344183434,3.9007270592,0.1508130387,0.1237398699,0.1263720091,0.3533071481,0.1929134434,0.052810768,0,0,0.444,0.41,40.6118857452281,27.0745904968187
"13081",0.165849309,0.0008356791,8.3567909923,9069,0.2069612828,0.0675973549,10456.53,6.2,0.2509908672,4.8685240654,4.4796833116,0.119419813,0.1571753714,0.1512591587,0.3964904729,0.2389600974,0.5145697342,0.0003520972,0.0010562915,0.361,0.369,45.5493843486438,26.4480296217932
"13083",0.1490138787,0.000307031,7.3687442432,3490,0.1753642096,0.0747039174,10805.37,8.4,0.1478363879,3.7081606708,3.7861262249,0.1740265578,0.1109914232,0.1167460474,0.3329038408,0.1720246589,0.6738411591,6.1512e-05,0.0007381436,0.378,0.311,43.0610236220472,53.3136482939633
"13085",0.1721324095,0.0006973215,11.485294721,4810,0.1951067369,0.1096121417,11134.95,9.1,0.1330261003,3.4319925211,3.5850923185,0.1773462093,0.1012831692,0.1102554973,0.3195634442,0.1562979182,0.9590237349,0.0011862396,0.0005083884,0.283,0.238,42.4273944105329,31.4783894013632
"13087",0.1768819223,0.000449169,11.977840994,6455,0.219413482,0.0769230769,9359.92,6.6,0.2342974472,4.5227156824,4.1842087367,0.1321973703,0.1443012705,0.1391492426,0.3839996779,0.2231134479,0.6196393937,0.0004473939,0.0003728283,0.274,0.291,81.1353962527929,23.7165004431241
"13089",0.1591653577,0.0010726808,7.3016635845,4513,0.1937476338,0.0663922952,9370.79,6.5,0.1544666861,3.4861969515,3.6499322497,0.1540107548,0.1102594077,0.1183602347,0.3901991766,0.1561087757,0.9393403315,0.0026353433,0.0009239235,0.271,0.204,21.1987563396281,9.11057662394917
"13091",0.166138114,0.0003859141,9.165460685,5629,0.1973958333,0.0774068699,12042.39,7.3,0.2071978718,4.3996412891,4.0239889447,0.1489765091,0.1353345071,0.132423722,0.3567779777,0.2086613729,0.533354744,0.0002917862,0.0005835724,0.424,0.254,50.0016129552566,20.9684183360754
"13093",0.1836072664,7.27961e-05,7.2796098129,8036,0.2200637866,0.0801603206,11683.11,7.1,0.2379046028,4.4230071481,3.9794295472,0.135892623,0.139937525,0.132098183,0.4014727311,0.2151610021,0.2149081646,0,0.0004359515,0.393,0.309,36.4024656603407,31.5488035722953
"13095",0.1442755628,0.0007709325,12.513686845,5324,0.1823684467,0.0530517289,9343.67,3.9,0.2595742527,4.6649095473,4.3971725356,0.1301040043,0.151318973,0.1459026073,0.4670778346,0.2185222159,0.7684767091,0.0011442283,0.0015219347,0.391,0.351,39.8874288120194,10.3411852475606
"13097",0.1416700302,0.0003614073,4.9345991854,5586,0.1733232183,0.0691296406,11076.45,6.7,0.1867762825,3.7720773197,3.7575963253,0.146500447,0.1171995795,0.1180797314,0.389486357,0.1776773415,0.7922328044,0.0007523343,0.0004078074,0.337,0.25,21.0923031636137,12.2845282161706
"13099",0.1471489884,0.0006798757,12.626262626,8077,0.1858624934,0.060629317,10755.52,6.3,0.2562564436,4.9540270331,4.4900186566,0.1186698455,0.1587821567,0.1515579118,0.4201479077,0.2301293638,0.5870276163,0.0006770481,0.0007737692,0.46,0.281,71.2389093970598,58.2863804157762
"13101",0.2756676558,0,0,2736,0.339399069,0.1276391555,9738.81,8.3,0.2265071884,4.5193666126,4.1298540288,0.1609417777,0.1420219802,0.137090282,0.3767610918,0.2156425636,0.0017352504,0,0,0.343,0.273,8.40477391158178,8.40477391158178
"13103",0.1360518437,0.000250075,7.5022506752,3839,0.1689647685,0.0634312728,10962.85,8.5,0.1418551907,3.5401385978,3.660107462,0.1848113152,0.1029917596,0.1113251371,0.3608596937,0.1633182658,0.7097033493,0.0003747105,0.0002214198,0.356,0.317,27.0891842285664,22.6664602728821
"13105",0.1759228244,0.0005233136,12.559526924,6204,0.2124300009,0.0799151344,9274.34,6.4,0.1944428789,4.0383859342,3.9423118199,0.1432400331,0.1240400032,0.1268396157,0.3619146953,0.183645709,0.6034910245,0.0003134305,0.0002089537,0.444,0.392,43.5752631945897,10.4580631667015
"13107",0.1595102409,0.0004438526,8.8770528185,8057,0.202692838,0.0636684303,10185.2,5.8,0.2256112889,4.5138489083,4.2916158698,0.1358134841,0.1427940135,0.1423520001,0.374028323,0.2267499197,0.4671209842,0.0011486636,0.0010161255,0.372,0.289,42.7873762485799,7.37713383596205
"13109",0.171271365,0.0002784223,12.064965197,6181,0.2207859359,0.0696291113,10352.04,7.4,0.2221584529,4.452435992,4.142174538,0.1375638312,0.1395218408,0.1364322439,0.3737363774,0.2102589053,0.656,0,0.0008434864,0.42,0.255,37.3064726730088,37.3064726730088
"13111",0.1826106392,0.0004344049,15.401627044,4248,0.2082756611,0.1023371908,9765.46,8.6,0.1588597448,3.7847631935,3.9506084158,0.1465735185,0.116052262,0.125274251,0.3332507073,0.1635570187,0.8837935985,0.0006827309,0.0006425703,0.287,0.304,55.1282387840286,24.9389651642034
"13113",0.1049403931,0.0011017424,13.327528454,3584,0.1228606265,0.0641681063,9324.25,8.6,0.1264149794,3.248266308,3.2821935873,0.1620177712,0.0947521329,0.099844918,0.3286793021,0.1340227548,0.8614392823,0.0015766795,0.0012989689,0.277,0.202,47.0922742014305,10.9585795311505
"13115",0.1788191311,0.001239589,10.654318585,6249,0.2255818149,0.066732427,11248.24,7.4,0.181454828,3.9191850392,3.8948084194,0.1543925529,0.121100811,0.1247968512,0.3334632077,0.1810921709,0.7009250703,0.0012323944,0.0019676885,0.343,0.328,35.2618966107497,20.1985621362547
"13117",0.1169513927,0.0003904074,6.2289717371,3971,0.135357419,0.081475091,10598.58,9.4,0.1214986676,2.8788315208,3.0795175036,0.1759158515,0.0849776173,0.095302755,0.3105401724,0.1358424954,0.8883374831,0.0004796185,0.0004162726,0.265,0.171,17.3573633144104,12.5439768490697
"13119",0.1884383962,0.0002629273,15.337423313,6781,0.2277588345,0.0880466472,10907.91,7.9,0.1885610948,4.3546228296,4.2078124399,0.156340023,0.134016633,0.1360603209,0.3484488478,0.1997620018,0.4435337801,0.0007168459,0.0008064516,0.275,0.265,48.4133620879363,30.8085031468685
"13121",0.1304343934,0.0010850538,9.3237810189,4430,0.1506098708,0.0760392487,9643.96,6.9,0.1386773986,3.3071099586,3.3375904926,0.1781632497,0.1067257941,0.109070878,0.3681943325,0.1481259133,0.9463556167,0.0020579751,0.0014892469,0.248,0.206,21.7023294368663,11.7179737344027
"13123",0.2249869724,0.0005216144,6.8461889548,3589,0.2626626394,0.1174267101,9569.01,8.4,0.175758602,4.1487624133,3.9892325169,0.1479784358,0.1265154428,0.1272675649,0.3285669194,0.1803228366,0.8731443518,0.0007062859,0.000403592,0.251,0.321,35.0788726527301,27.4053692599454
"13125",0.1485623003,0.0003265839,9.7975179621,4805,0.1770833333,0.0731034483,9467.16,6.2,0.1757547804,4.0787477138,4.0127328358,0.1570551474,0.125276533,0.1302097898,0.3452527527,0.1923230635,0.009733939,0,0,0.306,0.226,11.033873993159,11.033873993159
"13127",0.1737026679,0.0005159354,11.491287728,5227,0.2082307207,0.0859872611,10232.05,6.9,0.1654005022,3.7672475104,3.8560521559,0.1519934744,0.1163536612,0.1229715087,0.3687147969,0.1764209796,0.7753623188,0.0012307401,0.0009467232,0.32,0.302,27.842809692435,17.2546989643259
"13129",0.2138782478,0.0004554292,10.1595754,6569,0.2579377783,0.1077232949,11390.24,7.9,0.1945911267,4.1784708563,3.9934971803,0.1614424338,0.1285607287,0.1293284177,0.341933656,0.2064161231,0.5316747001,0.0003866161,0.0007205117,0.325,0.344,32.0367199058703,20.3870035764629
"13131",0.2075292944,0.0004835005,10.072927999,5146,0.2544059125,0.100127348,9527.43,7,0.2505092245,4.8747239344,4.3971234466,0.1306896927,0.1533646732,0.1460420454,0.3855560917,0.2331177475,0.6074527208,0.0001209287,0.0002015479,0.356,0.367,76.6386554621849,20.1680672268908
"13133",0.2008888157,0.0005208032,12.152074533,4650,0.2278353965,0.1283358321,9196.24,7.5,0.2231278877,4.4605823609,4.1142067013,0.1199603051,0.1372700869,0.1340484659,0.3644977532,0.2036910115,0.5985994748,0.0001764395,0.0004705052,0.323,0.361,63.4835135239121,23.0849140086953
"13135",0.1840606498,0.0006313433,7.1066872406,4126,0.2250144505,0.0933268914,10147.39,8,0.1614949746,3.4569097998,3.224165742,0.1592883918,0.1070581691,0.1053302967,0.345008981,0.1379844814,0.8464339065,0.0009337089,0.0006040997,0.323,0.253,13.2477925185179,11.6870936738706
"13137",0.1932391228,0.0004936388,11.219063433,4854,0.2296415593,0.1086789555,9504.6,8,0.1865422641,4.1055242317,4.0053509447,0.1613998028,0.1219022827,0.1251730756,0.3300415519,0.1976225982,0.7030738133,0.0003842155,0.0006554265,0.314,0.253,32.7866409341212,18.6287732580234
"13139",0.2172450531,0.0005418015,8.0768555447,4780,0.2696202315,0.0995165036,10444.52,8.3,0.1923245177,3.9707626223,3.8009050969,0.1664769112,0.1244565301,0.1212755112,0.3173169032,0.1772784153,0.7225518132,0.0007424849,0.0012103521,0.32,0.25,47.3149200829265,17.2206246238213
"13141",0.1589342277,0.0001168088,0,3166,0.1924491297,0.057706355,9583.75,5,0.2802556858,4.8771654808,4.2327929016,0.1124241597,0.1584274594,0.1444837022,0.4227537691,0.2406180903,0.0940714816,0.0002314815,0.0002314815,0.301,0.238,82.1949978472739,70.4528552976633
"13143",0.1519736842,0.0004443533,7.8616352201,3248,0.1839516825,0.074780461,10878.92,8.2,0.1659741434,4.0858770017,4.0034792369,0.1647530791,0.1224660885,0.1269318636,0.365894894,0.2001737448,0.3371091035,0.000619792,0.0002410302,0.248,0.263,26.1866539149048,14.8011522127723
"13145",0.1069038266,0.0003538257,9.1404983046,3718,0.1244848304,0.0625643666,9941.45,9,0.1368349363,3.3965297704,3.4929441281,0.1729162567,0.0978116951,0.1050298564,0.3395481404,0.1501981422,0.3190419685,0.0001188637,0.0001188637,0.307,0.2,23.5197271711648,13.7198408498461
"13147",0.1807099867,0.0003489184,12.018298829,4799,0.2184826813,0.0828877005,9394.76,7.6,0.198913606,4.3282822105,4.1133683446,0.1411147924,0.1336799277,0.1354348349,0.3544186312,0.1965727217,0.7389045334,0.000117403,0.0001956717,0.317,0.26,67.14355809209,10.3297781680138
"13149",0.1522958654,0.000170503,6.8201193521,4179,0.1829441913,0.0736574746,11052.26,8,0.1718875216,3.9948518093,4.0470780675,0.1656395261,0.1213589117,0.1265546756,0.3506337705,0.1876898915,0.2500422511,0.0002611648,0.0001741099,0.369,0.286,22.7946204695692,45.5892409391384
"13151",0.1279740122,0.0004738434,6.4212423554,4236,0.1561740089,0.0637405511,10054.33,7.3,0.168226896,3.7900673326,3.8150801263,0.1585924369,0.1126569451,0.116194224,0.3611400139,0.1735721852,0.7657290533,0.001330219,0.0008071498,0.347,0.248,11.8028742949627,13.278233581833
"13153",0.1357445304,0.000534275,7.1019488008,5957,0.1661634953,0.0654926645,11089.29,6.9,0.1747619489,3.9001449747,3.8040223101,0.1577018053,0.120723621,0.1212466553,0.3615819859,0.1886071193,0.7870407434,0.0011175241,0.0008282826,0.37,0.269,26.6770772333919,15.6158500878392
"13155",0.1452306779,0.0003188098,5.3134962806,5294,0.1779014636,0.064516129,10906.09,7.1,0.2353747403,4.7458234381,4.3088039,0.1413759094,0.1504612409,0.1447452257,0.3786626888,0.2236406587,0.4897253093,0,0.0005306729,0.345,0.312,63.7619553666312,53.134962805526
"13157",0.1574159434,0.0005331833,8.1458552407,4922,0.1902409967,0.0840508861,10371.64,8.9,0.1412940793,3.5288728257,3.5867724014,0.1854370945,0.1055754003,0.1127260382,0.3401099007,0.1701063854,0.2944862363,0.0004488122,0.0004178596,0.273,0.319,31.596200556883,22.2160785165584
"13159",0.1752009787,0.0003580636,5.0128902893,4920,0.2115571776,0.0857988166,10276.95,7.2,0.2073412129,4.4268621557,4.2181931325,0.1510902654,0.1361785315,0.1368565086,0.3687814741,0.2070971478,0.6986330935,0.0003661931,0.0001464772,0.351,0.279,69.6144798118008,67.2139805079456
"13161",0.1881474344,0.000266223,6.6555740433,4519,0.2353215284,0.0867446394,11941.3,7.7,0.2182708119,4.6295682427,4.3076690389,0.1504071664,0.1439462439,0.1410819337,0.3833917807,0.2118078297,0.6816432174,6.72179e-05,0.0002016536,0.376,0.299,24.4819834857893,24.4819834857893
"13163",0.1634002742,0.0003195297,10.224948875,4490,0.2017693093,0.0718261331,9818.97,6.5,0.2501801743,4.6928723225,4.2572527907,0.1279871144,0.1476472135,0.1414890273,0.4034605863,0.2222927839,0.5056704076,0,0.0005654687,0.282,0.298,51.0703494063072,74.477592884198
"13165",0.1567213115,0.0003421923,9.1251283221,4078,0.1952446273,0.0617149099,11348.95,6.8,0.2480677119,4.7204187508,4.226014126,0.1368395391,0.1503587125,0.1412520816,0.3852263332,0.2294946277,0.5685851319,0.0001130071,0.0002260142,0.35,0.223,76.0485189550934,83.6533708506027
"13167",0.161630469,0.0005108296,17.368205966,4542,0.1950794688,0.076344086,10176.14,7.3,0.2203520403,4.3701895407,3.9522611932,0.1492206655,0.134141045,0.1281940375,0.3865213829,0.2150279922,0.000501002,0.0001052078,0.0004208311,0.474,0.384,75.8594531223061,55.1705113616772
"13169",0.1293636247,0.0002458728,6.3224446786,5232,0.1559578748,0.0645626171,10537.91,8.1,0.161204001,3.6334658306,3.789746705,0.1602624854,0.1088599485,0.1164911499,0.3669099139,0.1780823146,0.7402420733,0.0002794955,0.0002096216,0.35,0.301,47.8362832374663,25.6682495420551
"13171",0.1484304622,0.0004301307,8.0649497285,4758,0.1805176471,0.0622344414,9372.09,7.3,0.1900366535,4.1659173727,4.0396305451,0.1517444676,0.1284717491,0.1297777679,0.375198412,0.1992959427,0.5181525359,0.0005955926,0.0004331583,0.374,0.293,39.2380680602126,39.2380680602126
"13173",0.1638803594,0,6.7146282974,5308,0.2040525566,0.0640679274,11807.94,7.1,0.2170869901,4.4428541126,4.1284294755,0.1556527337,0.1382594409,0.1352779106,0.3936405588,0.2182397672,0.3054177416,9.61631e-05,9.61631e-05,0.267,0.389,19.2529842125529,19.2529842125529
"13175",0.1503362026,0.0008873864,12.465666596,4488,0.1879878094,0.0630630631,10304.89,6.5,0.221244882,4.6222249599,4.1545797965,0.1371578216,0.1426121634,0.1396713852,0.3621847989,0.2201852229,0.5407358467,0.0021045543,0.0011364593,0.382,0.373,72.4479675883267,12.6608098698047
"13177",0.1277650044,0.0006786563,4.4112656939,4973,0.1599770971,0.0589099816,8845.67,8.3,0.1403667317,3.4249331906,3.5902799416,0.1808824429,0.1004093883,0.1090302461,0.3476916393,0.1676817452,0.35405329,0.0001704332,0.0004772131,0.402,0.22,7.90326404805185,16.935565817254
"13179",0.1208328698,0.0003909686,7.4935653081,3951,0.1511299815,0.0562934851,10409.6,5.5,0.2045657059,4.1226781221,3.8711537842,0.1698186109,0.1274380851,0.1245605445,0.408705779,0.2054154301,0.7028982081,0.003835704,0.0024452613,0.376,0.353,22.1080273708163,18.8727062921603
"13181",0.1645654732,0.0002538071,15.228426396,4554,0.1942268964,0.0791320996,10120.84,7.3,0.189227229,4.2139586954,4.0615421492,0.1369682439,0.1288988025,0.1309509676,0.3601950166,0.1877857773,0.8788144072,0.0001277466,0.0001277466,0.242,0.299,4.2331625957753,4.2331625957753
"13183",0.1635320558,0,3.6814978437,6430,0.20475382,0.073793231,11387.73,7.7,0.1839865269,3.9204022792,3.9004507971,0.1755249492,0.1202482538,0.1220139257,0.3813887857,0.1977703984,0.1538301991,0.0001084775,0.0001084775,0.327,0.31,31.8871902070896,30.1156796400291
"13185",0.172514743,0.0005888007,10.217423304,5022,0.2163146074,0.0653513743,10311.17,6.2,0.2246676718,4.2718323417,4.0467665605,0.1624057352,0.1343963234,0.132855295,0.3738635109,0.1951981145,0.7289189164,0.0014568866,0.0009421782,0.361,0.301,30.5971053983685,11.5460775088183
"13187",0.199044586,0.0003650412,4.5630152405,5521,0.2309913378,0.1000819001,11078.45,8.3,0.1796694888,4.1795758068,4.0579079703,0.1769098341,0.1270466126,0.1304482115,0.3294357625,0.1953645819,0.8428886071,0.0006996343,0.0007632374,0.31,0.29,39.0653110318382,28.7849660234597
"13189",0.1510515157,0.0005116755,10.698669644,5440,0.186504679,0.0728904847,10775.73,6.6,0.2077780238,4.2395324178,4.0910499882,0.1376873266,0.132684834,0.1334316753,0.3891418057,0.2058722573,0.6430628571,0.000511866,0.0006049325,0.404,0.36,30.998620561385,35.6484136455928
"13191",0.1641343269,0,4.9624273359,4856,0.1896636993,0.0754084625,9821.86,7.4,0.1792609733,3.9739709282,3.8121884469,0.1390198514,0.120401106,0.1220521466,0.3526577354,0.178309753,0.6064327077,0.0016514684,0.0003590149,0.308,0.293,23.599933920185,33.039907488259
"13193",0.1916410706,7.51089e-05,10.515247108,5956,0.2339181287,0.0796629644,10635.27,5.6,0.2706878456,4.8078672946,4.2183672159,0.1287496871,0.1537213951,0.1425498254,0.4252815158,0.2520910724,0.4478290366,7.43494e-05,0.0007434944,0.303,0.426,50.1165209111184,50.1165209111184
"13195",0.1827432164,0.0001365095,10.238208996,6222,0.2186894587,0.0917957544,10204.03,8.4,0.1792991589,4.1355264164,4.0464563317,0.1542364113,0.1254876667,0.1288812442,0.3580678473,0.188794471,0.0436344239,6.93866e-05,0.0002775465,0.245,0.297,50.1275975209624,27.342325920525
"13197",0.1706260272,0.0001183432,3.550295858,2688,0.2035272654,0.0811827957,9188.06,7.4,0.2169268955,4.4398765611,4.1784058214,0.1341853274,0.1391623021,0.1362613548,0.377431785,0.1990913034,0.0256234271,0,0.0001173158,0.311,0.336,23.6920039486673,23.6920039486673
"13199",0.1620216432,0.0003325574,10.451802936,5754,0.1958059211,0.0718136726,11206.07,7.1,0.2244936782,4.3978850563,4.1552576138,0.1329921849,0.1374002325,0.1360645007,0.3799997417,0.2001475615,0.3928246635,0.0005219702,0.0001423555,0.412,0.383,52.2226266398696,15.8250383757181
"13201",0.1652289317,0.0003425831,10.277492292,7096,0.1973807297,0.0894015862,14395.49,7.4,0.1924638698,4.2148457232,4.0790084872,0.1400012363,0.1294977714,0.1321185647,0.3614245779,0.1924077629,0.267755102,0.0001687479,0.0008437395,0.24,0.302,63.0372492836676,63.0372492836676
"13205",0.176416819,0.0003588731,12.560559842,5271,0.2224530425,0.0695956454,10102.56,6.1,0.2389641608,4.5361666592,4.2247654082,0.1334209785,0.1447647882,0.1403281606,0.392384572,0.2263798054,0.6480125968,0.004452558,0.0003116791,0.37,0.305,61.2461347713727,17.9256979818652
"13207",0.1381150803,0.0006270055,10.327149338,4850,0.1628054184,0.0720108696,10350.39,8,0.1668982438,3.8294205669,3.7814780044,0.1541000111,0.1134052884,0.1181893176,0.3495457094,0.1786965274,0.717567363,0.0002929759,0.0002929759,0.364,0.372,36.6126020576282,25.6288214403398
"13209",0.168976703,0,7.7510796147,6591,0.1972541894,0.0962539022,11278.83,7.2,0.194402043,4.1764902447,3.9194398581,0.1586462861,0.1279170628,0.1272798069,0.3520468274,0.1932600903,0.2413679711,0.0006622517,0.0002207506,0.303,0.316,25.6560621609735,36.6515173728192
"13211",0.1589781915,0.000543124,10.862480991,5015,0.184632811,0.0959688502,9888.56,7.8,0.1569051008,3.636743778,3.7417768101,0.1533306778,0.1070464976,0.1150823954,0.3492686815,0.16998199,0.3429594806,0.0002201431,0.0003852504,0.312,0.23,41.4900333724181,46.901776855777
"13213",0.2045441045,0.000175959,3.5191795284,6416,0.2517686226,0.0911686522,10870.74,8,0.2002955701,4.2109566583,4.0907604658,0.1636204842,0.1281353179,0.1297077184,0.3490932699,0.2048290221,0.8595942263,2.54356e-05,0.0005087117,0.356,0.319,25.2062713203045,13.4433447041624
"13215",0.1347317218,0.0010203135,10.254666131,4383,0.1708815186,0.0493275373,10224.66,6,0.2151126396,4.3134448714,3.9516496235,0.1502367989,0.1337975174,0.1277504326,0.4090638666,0.1963601286,0.8850725439,0.0026938755,0.0017874775,0.379,0.272,27.4883345313239,13.3173297729395
"13217",0.1478363306,0.0002775773,6.939432632,5721,0.1879456706,0.0586228076,10583.37,6.7,0.1884472625,3.8988680609,3.8065176576,0.1497802904,0.1195878267,0.1216765288,0.4105265401,0.1808250768,0.7268052582,0.000869167,0.0004579482,0.398,0.314,38.198744370306,13.554393163657
"13219",0.1177428273,0.0013937099,11.044493531,3996,0.1395987043,0.0739342602,9792.95,8.9,0.1194322068,3.2027323312,3.4141006673,0.1877614493,0.0928389727,0.1026636661,0.331738958,0.1438003114,0.8160814436,0.0017373364,0.0007329388,0.247,0.241,22.7794424293399,15.7703832203123
"13221",0.1893397638,6.72179e-05,6.0496067756,6403,0.2156556646,0.1153488372,9989.13,8.2,0.1742011289,3.9674810275,3.955240724,0.1550053733,0.1196396403,0.1245331457,0.3671556464,0.1832493759,0.3429089201,6.70196e-05,0.0003350982,0.374,0.394,66.8866494247748,24.5251047890841
"13223",0.1284820326,0.0001567939,4.1393583994,6370,0.1551956281,0.0679099621,10876.98,8.2,0.1509211107,3.5190785736,3.5271363704,0.174632783,0.103586804,0.1105832345,0.3621416439,0.1675803128,0.8397248532,0.000365795,0.0003016204,0.371,0.255,12.3092586488189,13.3524161614307
"13225",0.1733505821,0.0002583121,6.2732942175,6794,0.2109862672,0.0726517041,11528.12,6.8,0.2010146382,4.1266219407,3.9749295026,0.1475849104,0.1285185117,0.1285121146,0.3715292371,0.1935864172,0.6987181802,0.0009379103,0.0003376477,0.416,0.372,40.7151053040678,18.5068660473036
"13227",0.1751524206,0.0004115487,8.5475497024,4291,0.2053986121,0.0929034158,10073.9,9,0.1261538802,3.4402904869,3.598706968,0.1675422304,0.1020308769,0.1107564307,0.2957886518,0.1564984164,0.6904284598,0.0006811105,0.0007459782,0.344,0.27,52.9661016949153,26.4830508474576
"13229",0.1599144439,0.0002589734,9.3230434557,6833,0.1978258917,0.0747905864,10819.76,7.8,0.1773279034,4.080289903,4.0392615778,0.1598147834,0.1241483534,0.1289214278,0.3525757543,0.1943180893,0.7015673313,0.0002608106,0,0.358,0.377,48.3868180482831,10.3686038674892
"13231",0.1443407388,0.0002195751,10.978756107,5132,0.1688016717,0.0848824188,9634,8.8,0.1470969585,3.631532231,3.6916111646,0.1753327682,0.108518545,0.1150377122,0.3421377694,0.1710499216,0.5221333035,0.0003901678,0.0001672148,0.397,0.273,41.9769309388232,9.12541976930939
"13233",0.1910840816,0.0002851372,11.643103243,6714,0.2407156633,0.0792931581,11914.39,7.8,0.192325983,4.1616474167,4.1209428651,0.1576967792,0.1264740077,0.1296443535,0.363013778,0.1879696225,0.8135503315,0.0006223669,0.0002872463,0.423,0.327,34.0375679761895,22.9555691002208
"13235",0.1570508608,0.0007142219,8.9277743059,6395,0.188871054,0.0701754386,11318.39,7,0.2026083214,4.3158028325,4.1675728633,0.1355756372,0.1341233286,0.1362302789,0.3764453334,0.1927210006,0.8013322231,0.000177762,0.0007999289,0.451,0.354,29.8320455833656,17.8992273500194
"13237",0.1872107186,0.0003681546,11.965025311,4246,0.2206890854,0.0969085727,10057.63,8,0.1889352691,3.9638958871,3.8733622364,0.1506834338,0.1196822259,0.1226113855,0.3489126264,0.1812115873,0.6398812329,0.0003724915,0.0002793686,0.361,0.279,27.6854928017719,15.3808293343177
"13239",0.1720098644,0,0,NA,0.2112321878,0.0643015521,9505,5.2,0.2334477681,4.5605966397,4.2179819983,0.1093877338,0.1438378383,0.1396889879,0.3832046152,0.2014119858,0.4918424194,0,0.000856531,0.289,0.266,14.3430866322433,14.3430866322433
"13241",0.2127266622,0.0006023371,15.660763763,4463,0.2455063569,0.1102150538,9930.96,8.5,0.1827382322,4.1103942617,4.0142745033,0.1481534475,0.1252370854,0.1281391351,0.3306127414,0.1856433933,1,0.0013285826,0.0006642913,0.38,0.231,43.9753737906772,9.99440313424482
"13243",0.1588635454,0.0002826855,11.307420495,6088,0.1971600218,0.0559886605,8540,4.6,0.2726737025,4.9102544885,4.4098862983,0.1126987977,0.1583152021,0.1511415373,0.4084839805,0.2255598896,0,0.0006966699,0.000418002,0.379,0.235,52.1697889494902,0
"13245",0.142376723,0.0009811695,10.307234886,4454,0.1762715888,0.0551719702,8783.79,5.1,0.2151269732,4.4250165887,3.9696774328,0.1485167806,0.1379705783,0.1332674581,0.4216165692,0.2061927518,0.7279467861,0.0026581105,0.001844808,0.364,0.286,40.3305118503936,13.2231186394733
"13247",0.1554586749,0.0007307999,7.4187261936,5640,0.1891318657,0.0764996775,9625.17,6.4,0.1943931624,3.9256238105,3.8178311805,0.1326466848,0.1211248748,0.1217781391,0.3827273826,0.1804228222,0.8299477791,0.0010855576,0.0005259918,0.448,0.329,41.8114341321907,14.060482274542
"13249",0.1511708787,0,11.50968732,3097,0.1822414366,0.0836940837,9087.77,7.6,0.1890134617,4.1402489933,4.0549462139,0.1508869658,0.1273209471,0.1298396282,0.3614491218,0.1938244752,0.6538922156,0,0.0009807768,0.276,0.225,6.43210908857014,6.43210908857014
"13251",0.1618010433,0.0001433384,12.183759765,4887,0.1922370515,0.0740868367,10924.61,6.4,0.2248474459,4.5227946237,4.1612953553,0.1356703444,0.1433908278,0.1400531333,0.3861360995,0.223959101,0.5263482492,0.0003560239,0.0002848191,0.318,0.363,33.3850005961607,45.3082150947896
"13253",0.1627053757,0.0012059817,12.059816691,7234,0.1988278706,0.0648618161,10629.27,7,0.1964723335,4.0467895408,3.8996543548,0.1353832668,0.1230600297,0.1243237583,0.3637854347,0.1826422987,0.4509107572,0.0002361833,0.0001180916,0.437,0.231,111.665004985045,119.641076769691
"13255",0.1568605093,0.0004588559,9.7889262771,5920,0.1950674435,0.0644937149,10030.79,6.8,0.2095515677,4.3485886666,4.0541390016,0.1401526535,0.1346333312,0.1345952851,0.3919587507,0.2089427355,0.7907386887,0.0009567015,0.0009258402,0.416,0.359,30.0581804102177,15.7932812324873
"13257",0.1577645895,0.0006566242,15.449980688,5867,0.192395123,0.072036018,9653.74,7.6,0.1943061926,4.3199874548,4.1291810309,0.1531322763,0.1314012477,0.1335285816,0.3432622565,0.1929180841,0.7997325692,0.0005825017,0.0009708361,0.389,0.301,36.0471702971317,28.322776662032
"13259",0.1792237443,0.0003341688,6.6833751044,5923,0.2103536274,0.0708180708,10571,6.1,0.3392289101,5.4215775682,4.3516079685,0.1292473787,0.1827215332,0.1551269405,0.4150909527,0.264465024,0.0500165071,0.0001752848,0.0017528484,0.323,0.369,5.59002739113422,5.59002739113422
"13261",0.1724466381,0.0006700841,11.391429624,5101,0.2133525111,0.0693811554,9969.2,5.3,0.2655737852,4.9025216478,4.4246752076,0.1256217818,0.1561616902,0.1477712565,0.3982762144,0.2329943385,0.5819799506,0.0018756787,0.0011846392,0.363,0.295,85.5850348453356,14.4494214673943
"13263",0.151957672,0.0003200512,4.8007681229,2635,0.172311828,0.0823311748,7911.73,6.2,0.2194420147,4.3708080491,4.0343622856,0.1210702,0.1363692874,0.1314467749,0.3944925136,0.1984991826,0.0603058995,0.0001620483,0,0.197,0.299,26.7494115129467,26.7494115129467
"13265",0.1980033278,0,0,1246,0.2345415778,0.0690909091,7388.69,2.7,0.258457899,4.7703922598,4.297237199,0.1101820935,0.152856226,0.1444112515,0.409106664,0.2197177728,0.3529411765,0,0,0.125,0.273,20.708221163802,0
"13267",0.1895489421,0.0002763085,10.262887819,6332,0.2339848883,0.0848129958,11638.03,7.6,0.2338570389,4.5486914951,4.0731735941,0.1595455278,0.1420806221,0.1328822393,0.3903911484,0.2225480819,0.3998824451,0.00011956,0.0005180934,0.355,0.37,35.6120658955116,23.7413772636744
"13269",0.158643326,0,11.053795136,7027,0.1901306241,0.0652173913,12009.71,6.5,0.247087568,4.8007070242,4.3851425314,0.125609598,0.1534587095,0.1488288432,0.3826035449,0.2289391047,0.5862339996,0.0001214772,0.0006073858,0.458,0.385,24.5770695940687,40.9617826567812
"13271",0.1626090485,0.000250172,7.5051597974,6236,0.1984784676,0.0602957907,11717.58,6.8,0.27029487,4.8832741183,4.2031595931,0.1347526255,0.1573576016,0.1428015391,0.3968355551,0.2385997487,0.5861818182,0,0.0001879111,0.313,0.368,45.9962366715451,39.7240225799707
"13273",0.1823327871,0,11.456065987,5710,0.2285832815,0.0668329177,9036.22,5.7,0.2589897142,4.8751148468,4.3708203635,0.1156857469,0.1563991577,0.1485937588,0.409487905,0.2315393313,0.6395061728,0,0.00022304,0.354,0.331,41.8139658645988,45.6152354886532
"13275",0.1611927039,0.0009602716,14.962370754,5535,0.1949410571,0.0814619511,10545.81,6.2,0.2017859856,4.2447628913,4.1169642336,0.1383112088,0.1309051766,0.1328000335,0.3711820572,0.1985552521,0.4586314848,0.0019227369,0.001613331,0.367,0.3,81.799591002045,11.8981223275702
"13277",0.177676399,0.0008621114,11.576924972,5823,0.2225529528,0.0731083342,10998.18,7,0.217189277,4.4404896905,4.1455097287,0.1437567257,0.1384629059,0.1371090353,0.3692888254,0.2071591384,0.7820180468,0.0005633389,0.0026942295,0.384,0.337,25.4104609129733,10.6559997376985
"13279",0.1857650605,0.001000037,10.741138561,5010,0.2329849771,0.084638637,9489.14,6.7,0.2309422023,4.6480312147,4.2836400884,0.137194097,0.1456416832,0.1412284506,0.3674831325,0.2224882836,0.7155713918,0.0004780115,0.0017281953,0.448,0.357,29.5996645371352,13.5665129128537
"13281",0.1732725892,0.0009560229,13.036676517,3386,0.1923076923,0.1116071429,8941.37,8.6,0.1533615992,3.8062424894,3.8424331119,0.1440356089,0.1138254379,0.1205704736,0.3088868032,0.1509257335,0.9987584758,8.77886e-05,0.0007900974,0.255,0.254,103.600103600104,83.4556390111946
"13283",0.1609924986,0,13.353115727,5226,0.2029419777,0.0613650595,11525.15,7.4,0.1853432589,4.0061567927,3.8264380723,0.1571447938,0.1221421839,0.1229754117,0.3680795017,0.1921781583,0.4807552651,0.000301341,0.0004520115,0.283,0.302,69.3549985138215,69.3549985138215
"13285",0.1472001672,0.0005301923,12.609979079,5454,0.180345997,0.0696868073,10317.13,6.8,0.1886761047,4.1503143421,3.956352374,0.1465773824,0.1258189192,0.1265092616,0.3811455728,0.1980038058,0.738410596,0.0009285051,0.0007428041,0.503,0.313,42.4162992970332,14.774216609079
"13287",0.1844981782,0.0001256124,17.585730436,5042,0.2329355609,0.0769625449,11166.32,6.8,0.2163159944,4.4842114064,4.1930923906,0.1336713873,0.1395363605,0.1372118063,0.3943296054,0.2100422301,0.2063829787,0.000124533,0.000373599,0.393,0.4,66.9372045349956,58.5700539681212
"13289",0.1720893142,0.0001223391,8.5637386836,5790,0.2052309639,0.0711166563,11260.42,6.9,0.2481305561,4.8177550304,4.3648394599,0.1239468848,0.1519850223,0.1459467259,0.3996256466,0.2352024334,0.1004100632,0,0.000122384,0.37,0.303,73.3705621000285,61.1421350833571
"13291",0.1868625313,0.0008099237,11.083166375,3060,0.2147021546,0.102926337,8720.91,8.9,0.1443841615,3.7584560422,3.7224500604,0.1440488718,0.1107859965,0.1170743801,0.3205827939,0.1503215739,0.9421708185,0.0006542219,0.0013520586,0.283,0.271,62.5106552253225,26.993237483662
"13293",0.1382082877,0.0005356801,11.096231108,5597,0.1681202812,0.0599263475,9450.32,6.2,0.2067442662,4.299243835,4.149849206,0.1446455439,0.1331056947,0.1351988953,0.3741094726,0.2090804408,0.7405074946,0.000265806,0.0007974179,0.224,0.328,40.6684882760374,19.0633538793925
"13295",0.1520594779,0.0001740669,8.9934579846,4915,0.1836643717,0.0704993972,11331.31,7.4,0.1803157424,4.1578249369,4.0673446216,0.1595119433,0.1241099091,0.129043475,0.3325967059,0.1945349627,0.5935481994,0.0003387534,0.0001620125,0.353,0.355,30.0613348202381,15.5155276491551
"13297",0.1352927485,0.0002620087,7.5327510917,5091,0.1669842782,0.0641953736,10136.55,8.1,0.1466416612,3.6924315891,3.8002174359,0.1628203102,0.109113349,0.1166245956,0.3712281798,0.1797349128,0.6972949098,0.000576599,0.0005655105,0.323,0.325,46.4969286599077,20.3424062887096
"13299",0.155830453,0.0007248195,15.332720025,6932,0.195812552,0.0652602295,11299.8,5.9,0.2190949268,4.6552712443,4.2324880158,0.1396068672,0.1443773971,0.1388996389,0.3859342455,0.2261694309,0.7430326063,0.0012871453,0.0015109967,0.34,0.371,57.787844047386,14.9129920122287
"13301",0.1564876134,0.0005657175,9.4286253064,3558,0.1871306632,0.0690607735,9355.3,6.5,0.2383270506,4.5968159689,4.2686820738,0.1146586513,0.1459421776,0.1412201337,0.3990102921,0.2134595881,0.0800479945,0.000183756,0.0003675119,0.495,0.218,75.0187546886722,87.5218804701175
"13303",0.1522668948,0.0006399842,10.830502634,3650,0.1885456885,0.0627753304,10337.63,5.7,0.2230407345,4.4304209864,4.0786981821,0.1326026253,0.1380297566,0.1335440324,0.4001528516,0.2115740293,0.2808797848,0.0001955321,0.0004888302,0.338,0.368,73.5823140820197,71.9471515468638
"13305",0.1452267966,0.000402455,14.085924137,7873,0.1822499075,0.0644261424,11509.27,6.4,0.1894455559,4.1090854118,3.975513654,0.1544103162,0.1270610236,0.1285340556,0.3578308733,0.1941525225,0.3377188611,0.0002325272,0.0006311454,0.406,0.298,26.7472054742614,22.2893378952178
"13307",0.1629778672,0,11.516314779,5489,0.1887550201,0.0841300191,9694.6,7.1,0.2086539498,4.2521642423,3.9907534344,0.1289888051,0.1320198297,0.1303674476,0.3795072414,0.1956644734,0,0,0,0.234,0.201,12.7959053103007,0
"13309",0.1565585331,0.0001257545,3.7726358149,4348,0.1947261663,0.0715328467,14645.25,6.3,0.2450372263,4.6946127179,4.0150317338,0.1552711848,0.1506313069,0.1375469949,0.3912860999,0.2496149119,0.1114405067,0,0,0.392,0.345,25.2005544121971,25.2005544121971
"13311",0.1716397849,0.0002376668,9.5066716464,4575,0.2040358744,0.0838605028,9915.13,NA,0.1575762312,3.8412560858,3.8724888202,0.1588622197,0.1163680479,0.1234669503,0.3278417057,0.1743176734,0.7420424403,0.0006231824,0.0003808337,0.257,0.227,40.7668701235463,15.8537828258235
"13313",0.2304366477,0.0005350762,8.59943817,5001,0.2881520264,0.1031926215,9926.55,8.1,0.2270746947,4.3626138668,4.2587675191,0.153585467,0.1355081011,0.1340986315,0.3802054726,0.2034630456,0.6919073285,0.0009178786,0.0011760319,0.333,0.333,26.8105927375211,13.4052963687606
"13315",0.1728209934,0.0001136364,4.5454545455,7559,0.2063619353,0.0961084906,12935.41,7.5,0.2085566297,4.2606608526,3.8529592316,0.1535081294,0.1318569463,0.1255641465,0.3819319774,0.207245546,0.2064829822,0.0001141422,0.0001141422,0.346,0.406,41.7093239297767,45.5010806506655
"13317",0.1775140037,0.0004043672,13.141932875,5285,0.2142857143,0.0801864802,10065.3,6.1,0.2255496584,4.5056787228,4.197066356,0.1245714762,0.139732608,0.1370891981,0.3845421393,0.199749113,0.5857641839,0.0001019888,0.0001019888,0.406,0.295,60.8663307746931,57.4848679538768
"13319",0.1343304445,0.0003348588,12.278156044,5639,0.1618732997,0.0663821716,10227.36,6.5,0.1988210676,4.2012500817,4.0680158917,0.1345921945,0.129227515,0.1299126744,0.3770090528,0.1991266505,0.0207047997,0.0002196837,0.0003295255,0.339,0.295,88.5641536588066,81.1838075205727
"13321",0.1710860879,0.0002922125,7.7923342911,5333,0.2091128295,0.0724058093,10961.03,7.3,0.1754958535,3.9470608321,3.9119252197,0.1491226538,0.1218878746,0.1257719356,0.3641939798,0.1939892568,0.5162599751,4.81974e-05,0.0002891845,0.44,0.337,38.9736927573888,19.4868463786944
"16001",0.0874329176,0.0009368522,7.9238435457,2677,0.1106735377,0.0317417139,8919.9,8.1,0.116468335,3.0852357585,3.6876212914,0.193106133,0.092579979,0.1117991156,0.2629686038,0.1178129846,0.8792348961,0.0026574901,0.0013535182,0.25,0.153,28.5225952206051,21.8113963451686
"16003",0.1438309475,0.0002411382,0,1413,0.1699819168,0.0679094541,7444.65,7.6,0.16267289,3.9356969198,4.0933916931,0.134700743,0.1204104631,0.1293540296,0.2804072091,0.1571459457,0.2925050302,0.0007692308,0.0002564103,0.324,0.193,8.13206473123526,8.13206473123526
"16005",0.1072309763,0.0007505659,6.4501753275,2883,0.1407987918,0.0356945095,10155.95,7.4,0.1690503796,4.3910059276,4.3003304688,0.176792781,0.1269820034,0.1282219302,0.3176398284,0.158692273,0.7509506392,0.0038636121,0.0012444149,0.312,0.217,28.0391301638731,29.5968596174216
"16007",0.1023919429,0.0008294625,0,2471,0.1328050713,0.0441436139,9401.4,7.7,0.1427137252,3.5027218734,3.7108021178,0.1568151565,0.1049754374,0.1150436583,0.2716585621,0.1366209233,0.4894754427,0.0008410429,0.0006728343,0.295,0.26,72.1300560395051,66.5815901903124
"16009",0.1419263456,0.0007621951,5.4442508711,3408,0.1751142914,0.0614446529,7673.14,7,0.1645960892,3.9994582196,4.0443942303,0.1679649031,0.1194990259,0.1272332938,0.3118940706,0.1601243019,0.7260096931,0.0020897492,0.0006599208,0.301,0.276,134.535670133081,18.1804959639299
"16011",0.1481690865,0.0003266053,1.741894746,3267,0.1995513899,0.0588315775,9818.37,8,0.1904175016,4.0971318737,4.1573972684,0.1644513125,0.1201372658,0.1257337379,0.3087991936,0.1563274858,0.4621658956,0.0012389106,0.0006415787,0.34,0.232,42.2235811420751,22.5677761276608
"16013",0.1769350534,0.0010443153,12.259353433,2021,0.2118245587,0.0889099526,9121.08,8,0.1361302093,3.2679823373,3.4477341629,0.1868287951,0.1001801582,0.1081554025,0.2609708376,0.1212032672,0.7966878743,0.0014226057,0.0004130145,0.165,0.142,22.584919296555,9.03396771862202
"16015",0.1333696244,0.0002743484,8.2304526749,2865,0.1574895007,0.0506912442,8835.89,6.1,0.1407855321,3.638826442,3.9471064606,0.1457766522,0.108929229,0.1205723879,0.3069096436,0.1498177432,0.796243597,0.0002807412,0.0002807412,0.3,0.248,22.677793904209,22.677793904209
"16017",0.132954649,0.0005968779,8.7235996327,1863,0.1610523728,0.0539968827,7839.98,7.4,0.1270375983,3.6498489873,3.7020241504,0.1767521942,0.1082306611,0.1154761305,0.2841218043,0.1356930356,0.7900530861,0.0019747978,0.00047019,0.25,0.194,54.2718023589124,27.5180969707162
"16019",0.0949062636,0.0003926873,4.1886644269,2220,0.1298287286,0.032964939,10431.12,8,0.1501898678,3.3874889447,3.8334499981,0.1602014552,0.1013489066,0.1152239174,0.2903271397,0.138909351,0.7909415354,0.0026908547,0.0011137643,0.292,0.199,58.1934992042039,23.5683671777026
"16021",0.1815721091,0.0004193927,7.5490689482,756,0.2209266646,0.0872739917,7518.21,7.2,0.1619445912,4.0043848223,4.0193967679,0.1433386996,0.1173231966,0.1243414392,0.2925860506,0.1433064302,0.8620123952,0.0012841366,0.0003424364,0.272,0.274,14.0643019886923,30.9414643751231
"16023",0.1233502538,0.0003843198,0,2548,0.1531065089,0.0594512195,11750.63,7.3,0.1534512257,3.6768794712,3.7869308065,0.1521666931,0.1081154828,0.1145884532,0.288080677,0.1383848192,0.4780352819,0.0003998401,0.0003998401,0.26,0.284,12.9634430904848,12.9634430904848
"16025",0.1748251748,0,0,NA,0.2108731466,0.0905660377,8342.35,3.2,0.1780308584,4.1344799476,4.1077274758,0.1462165538,0.1259297472,0.1310540654,0.2942294817,0.1648717675,0.0617726052,0,0.0009328358,0.3,0.257,30.2938503483793,0
"16027",0.1456780516,0.0003507169,5.3991942741,2949,0.1992775041,0.0404817612,9551.73,7.8,0.1860663543,3.9024339648,3.9113435547,0.1499739806,0.1187731343,0.1247014646,0.3156346755,0.1595296084,0.7758875309,0.0013131914,0.0006093586,0.345,0.239,25.4641844711426,18.4078441960067
"16029",0.0910509886,0.0004264999,0,2595,0.1202767429,0.0379867047,10125.67,7.8,0.1339905398,3.5427822355,3.615103026,0.1708642381,0.1016096792,0.1105459893,0.2861142896,0.136516145,0.3475513428,0.0002904022,0.0004356033,0.279,0.198,52.4283875887708,42.8959534817216
"16031",0.1554772098,0.0008029074,4.2258282623,3358,0.2175925926,0.0517959396,8897,7.8,0.1810630677,3.7405010524,3.7522463451,0.150916247,0.1123587353,0.1172625847,0.2936118091,0.1424860772,0.6125827815,0.0010636487,0.0006381892,0.34,0.261,50.6813830386305,25.3406915193152
"16033",0.2619047619,0,0,NA,0.32,0.1293103448,5728.83,2.7,0.2746605276,4.9326717216,4.4212570523,0.1313745484,0.158572922,0.146524486,0.3211368021,0.1881127893,0.6283095723,0,0,0.266,0.245,38.6847195357834,0
"16035",0.125088968,0.0011701381,7.0208284578,4085,0.1506913522,0.0461538462,8946.5,7.3,0.1474547962,3.634219918,3.6547851705,0.159497218,0.1054397145,0.1120980394,0.2881464939,0.1514430742,0.7326789179,0.0010591974,0.0008238202,0.342,0.241,73.6405565675749,23.2549126002868
"16037",0.1376614548,0,0,1954,0.1614906832,0.0611111111,8445.87,6.4,0.1466619178,3.8220895067,3.831471226,0.148264505,0.1148906461,0.1194184952,0.2849461293,0.1463569747,0.7582417582,0,0.0017089844,0.238,0.218,7.96939751354798,7.96939751354798
"16039",0.135206243,0.0006710659,5.9650300116,3321,0.1728441995,0.0472270364,9433.19,7,0.1691135575,3.9250990624,3.8585395611,0.1771676101,0.1198209071,0.1230084368,0.3029528332,0.1714404993,0.8846808196,0.0011530479,0.0009224383,0.364,0.232,32.4594257178527,23.7203495630462
"16041",0.1184551581,0.0003686228,0,3232,0.1633896428,0.0458715596,9578.04,8.3,0.1434276366,3.5876841688,3.780739747,0.1618662105,0.105055555,0.1152454157,0.2950962496,0.1414941795,0.6598623494,0.0005967477,0.0002983739,0.294,0.244,34.4014153725182,34.4014153725182
"16043",0.1404136065,0.0002291126,3.0548342752,2255,0.1801548205,0.0553278689,8807.75,8.4,0.1570239348,3.9097083602,3.7949377664,0.1551635154,0.1165154253,0.1185238488,0.2704911511,0.1475639232,0.6306449177,0.0003863092,0.0003090474,0.285,0.256,33.1590358372657,38.2604259660758
"16045",0.1415480891,0.0005754071,5.1786639047,1531,0.1797337278,0.0517737296,8351.62,6.9,0.1914006467,4.2921733817,3.9583555674,0.145853528,0.1286040791,0.1269874455,0.2993447225,0.1673285372,0.7675698307,0.000698324,0.000523743,0.378,0.3,68.9694810046554,38.3163783359197
"16047",0.1968176255,0.0003306004,6.6120074054,3363,0.2613291216,0.0671553559,10939.57,8.8,0.1894293273,4.0464639749,3.9505913836,0.1618803393,0.1210792622,0.1231283271,0.3114455427,0.1578032044,0.7243921366,0.0012512348,0.0007243991,0.31,0.277,46.1487748599055,21.9756070761455
"16049",0.1587357331,0.0006109109,3.0545543405,4221,0.1928554188,0.069448675,9227.86,6.9,0.1447396963,3.5489115303,3.6628660823,0.1489826169,0.1105653777,0.1196692056,0.2844529764,0.1406647847,0.6378557816,0.0008665511,0.0006189651,0.301,0.237,69.3339858884946,46.9024022186875
"16051",0.125290488,0.0002460803,1.0546298249,2147,0.1742262021,0.048143329,9131.98,8.4,0.1511144166,3.430285667,3.6748268312,0.1611079771,0.1039162341,0.1140682454,0.2808389723,0.1326752787,0.7308339709,0.0002514458,0.0003951291,0.355,0.205,36.1625682422659,13.9984135131352
"16053",0.2049347168,0.0003809201,6.7719134888,3168,0.2794409653,0.0684317719,9551.19,7.8,0.1814942043,3.9530969619,3.8220749559,0.1665388834,0.1187174549,0.1213325678,0.3091060448,0.1605873087,0.7244122642,0.0001739584,0.0003044272,0.32,0.264,28.3141740755422,14.1570870377711
"16055",0.1012158387,0.0007802737,8.9446005697,2390,0.1270455286,0.0374368155,8888.17,7.6,0.1536429506,3.913350234,4.1911986707,0.1886517335,0.1131323565,0.12108429,0.3120770735,0.1598934293,0.8642540471,0.0017885958,0.0009591021,0.261,0.192,58.5063353701423,19.4317070543433
"16057",0.0929387987,0.0009406859,11.440774922,2512,0.1118461857,0.0354618879,7888.43,7.3,0.1399357433,3.7202274846,3.8709563514,0.1953772424,0.1136300746,0.122965547,0.2709923302,0.1404864285,0.8168295564,0.001326666,0.0003316665,0.256,0.15,33.7089067358823,19.3826213731323
"16059",0.1237396884,0.0006349206,5.0793650794,2238,0.1511541325,0.0462156731,7907.22,6.4,0.1683595165,4.0680494565,4.0146123853,0.1384727087,0.1207443259,0.1271876965,0.2742383834,0.156127575,0.7794858871,0.0012948336,0.0005179334,0.251,0.235,50.935948045333,42.4466233711108
"16061",0.1439153439,0.0005145356,7.7180344739,3590,0.1836317136,0.0563380282,9176.23,6.4,0.1590456495,3.8880168929,4.0508886389,0.143409618,0.1166621779,0.1278949058,0.2897598834,0.1538996172,0.5480240775,0.0007786141,0.000519076,0.306,0.239,43.0997327816568,43.0997327816568
"16063",0.176483663,0.0001880406,0,3274,0.2282645183,0.0765877958,9198.78,5,0.1892536012,4.1343446957,3.9384596002,0.1548998723,0.1257567942,0.124704864,0.3072910445,0.1664606623,0.2000768049,0.0001897173,0.0007588693,0.303,0.293,56.4298702112985,56.4298702112985
"16065",0.0864375212,0.0006387164,0,2345,0.1108987377,0.0305384409,8322.69,6.2,0.1804862579,4.464788768,4.5257609531,0.1630928118,0.143012689,0.1467346219,0.2919907972,0.1595223634,0.8446557971,0.0013316943,0.0006914567,0.268,0.159,11.0644889482778,8.51114534482905
"16067",0.1748378426,0.0002894496,4.3417434512,2438,0.2355110643,0.0565659937,8596.57,8.2,0.2027611826,4.0118588396,3.8753102167,0.1465062872,0.1240509185,0.1233147476,0.2939495096,0.1444815011,0.6506054113,0.0002425301,0.0002425301,0.308,0.271,28.9528711597233,22.5188997908959
"16069",0.106319051,0.0007428501,11.142751021,3504,0.1311769224,0.0400401517,8992.47,7.9,0.1530171091,3.8092228852,3.7805862009,0.1675207144,0.1131744234,0.1194600264,0.3039381777,0.1480407338,0.6053228066,0.0023532909,0.0014119745,0.302,0.215,98.2156121556263,21.4588732440864
"16071",0.1192241871,0.0004517732,0,4116,0.1545574637,0.05645785,10398.07,8,0.1414050329,3.6090531582,3.7813724117,0.161984428,0.1064079195,0.1157806013,0.294523935,0.1444976485,0.4815678955,0.0011512779,0.0011512779,0.323,0.254,45.2556946749133,45.2556946749133
"16073",0.2315360703,8.59993e-05,0,2294,0.2954510169,0.090729783,8500.2,7.5,0.2075575787,4.2570366737,4.0100568893,0.1477109136,0.1329913785,0.1333783722,0.3180615368,0.1720045662,0.6702238417,0.0002634121,0.0004390201,0.402,0.266,17.286084701815,31.6911552866609
"16075",0.1414324569,0.000430756,5.1690717209,1387,0.1860629365,0.0486495024,8691.91,7.6,0.1827337725,4.0738910985,3.913569052,0.1497357808,0.1198172871,0.1228885641,0.3117951873,0.1570585765,0.6741811431,0.0008685833,0.001302875,0.379,0.284,31.5222375057313,27.2237505731316
"16077",0.1688044339,0.0002631579,3.9473684211,1462,0.2324888227,0.0586522463,8898.9,8.5,0.2082478271,4.3339069801,4.1356339629,0.1459095292,0.133184773,0.1331229445,0.2939793479,0.1641297997,0.6609952667,0.0002613013,0.0002613013,0.389,0.253,43.4367127095821,34.7493701676657
"16079",0.1359529313,0.0004783926,7.1758890129,2311,0.1682733201,0.0457541683,9248.41,7.3,0.1602450806,4.0064968941,4.0543105501,0.1436322346,0.1174120024,0.1253351357,0.2812966616,0.1615076814,0.9280846063,0.0012849341,0.0004015419,0.352,0.227,63.5088647790421,34.4006350886478
"16081",0.1649955326,0.0004393287,2.6359722344,2544,0.2006954103,0.078042328,8427.28,8.8,0.1378781641,3.4219913467,3.6393551667,0.1844214298,0.1015856783,0.1104561194,0.2764773396,0.1461844578,0.9046214356,0.0010948905,0.0009124088,0.189,0.173,14.7141049409964,23.5425679055943
"16083",0.1397748065,0.0006931065,9.0456275551,2784,0.1842755444,0.0504111842,9909.16,8.3,0.1580280885,3.7305156973,3.7419614569,0.1636647814,0.1130166,0.1199728794,0.2818665537,0.157246233,0.7594458112,0.0024666523,0.0009698973,0.314,0.26,45.1477903101064,26.303495224149
"16085",0.1183475996,0.0014971461,14.035744362,1854,0.1378409276,0.0588235294,9771.64,7.8,0.1307948514,3.4105133033,3.579988377,0.1692251874,0.0984502435,0.1079151731,0.2791175305,0.1323783792,0.8554045832,0.0018102134,0.0006669207,0.294,0.193,43.4458788480636,37.2393247269116
"16087",0.1643744158,0.0004940223,4.9402232981,1831,0.2091152815,0.062838119,8943.49,7.5,0.1994288986,4.3351375608,4.0665520737,0.1332219801,0.1326372159,0.1305019826,0.2888452045,0.1695555521,0.7417140616,0.0004915454,0.0003932363,0.362,0.289,72.2400998226834,65.6728180206213
"17001",0.05236587,0.0008907812,14.645046351,6027,0.0641460096,0.0235477786,10671.78,8.3,0.1358492894,3.5771048196,3.5083575336,0.2046208324,0.1052553992,0.1076621493,0.2881150991,0.1522048388,0.8176981655,0.0023280964,0.0010213584,0.379,0.29,79.0920036473,19.647058230858
"17003",0.0636512485,0.0001583531,12.668250198,5385,0.0824652778,0.0194761585,10164.67,5.4,0.2731640985,5.4404687076,4.6883034959,0.1435509035,0.1709090593,0.154146665,0.3643294075,0.2370422883,0.5835154164,0.0021611609,0.0003087373,0.179,0.185,37.1293693311409,37.1293693311409
"17005",0.0661225163,0.0007080481,11.210762332,4068,0.0791415158,0.031175772,9879.86,8.4,0.1679726176,4.0207112538,3.6822619359,0.2087090472,0.1160497703,0.1118698022,0.3100416211,0.172408715,0.627476362,0.0014265335,0.0005349501,0.275,0.224,53.5693028054442,53.5693028054442
"17007",0.0750194035,0.0005606114,6.5404668025,5445,0.092815595,0.0340208378,10791.9,8.8,0.1615707299,3.8857964082,3.6056652431,0.2055337183,0.1115966168,0.1078187686,0.3090931551,0.1530302766,0.8945813717,0.0001682149,0.0001495243,0.335,0.263,42.3430660115945,8.09499791398131
"17009",0.0362473348,0.0001488982,10.422870756,5062,0.0439077936,0.0161750714,10442.6,7.5,0.1526822133,3.7029972301,3.301171734,0.2377515814,0.1061185015,0.0988896364,0.3284603125,0.169434824,0.7707942915,0.0034013605,0.0001478852,0.214,0.207,54.9066586802436,49.9151442547669
"17011",0.0607133238,0.0004813043,16.544836507,2647,0.0735239706,0.0281350482,9836.19,8,0.1507733769,3.8530057362,3.7459826085,0.2002912859,0.1112998893,0.1102109684,0.3114007801,0.1509645279,0.7873520499,0.0004796307,0.0005695614,0.32,0.344,40.1626587680104,15.0609970380039
"17013",0.0598818475,0.0004138216,0,4241,0.0706739526,0.0317919075,9965.81,8.4,0.1399824198,3.68702275,3.5743182786,0.2017332091,0.106175312,0.1078044883,0.3019770087,0.1493666717,0.3024169778,0,0.0002043318,0.295,0.214,34.4139307591713,0
"17015",0.0698339483,0.0003444001,15.842402535,4724,0.0842052815,0.0309555855,9389.65,8.3,0.1390980009,3.6763705731,3.5461177816,0.1962146872,0.105590972,0.1063069941,0.2800330767,0.1467440357,0.7517384805,0.0011692689,0.0002063416,0.292,0.253,83.0086006133413,94.5375729207499
"17017",0.0850359992,0,13.594562175,5951,0.1046241986,0.0381630013,11286.38,8.8,0.1655944318,3.9036074323,3.5990902911,0.2033949448,0.1139810683,0.1103061832,0.3072496984,0.1594197972,0.637223281,0.0026033449,0.0006311139,0.329,0.235,56.0882455062632,64.1008520071579
"17019",0.0605911564,0.0009503388,11.891174265,5169,0.0717187368,0.0267606994,10115.45,7.5,0.1698949929,3.9285402242,3.7102067418,0.2181205396,0.116706029,0.1128538026,0.2926815033,0.162697407,0.8211367558,0.0022790628,0.0011947087,0.304,0.219,39.3436773754741,12.4243191712023
"17021",0.060268122,0.0003927255,14.500634403,6709,0.072859745,0.0261044177,11417.21,8.4,0.1470491487,3.8617642545,3.5924723015,0.2084430801,0.110904499,0.1096701495,0.3050164621,0.1721577347,0.675862069,0.0004203068,0.0003902849,0.36,0.315,72.6744186046512,19.1779715762274
"17023",0.0591664697,0.0004439652,17.758609755,6770,0.0724685276,0.0266737797,10321.33,8.4,0.1593626521,4.0033776049,3.7919781904,0.1985790681,0.1173363187,0.1162870412,0.3147777367,0.1696287559,0.6252219161,0.0002509725,0.0003137156,0.308,0.346,38.0541637597514,21.1412020887508
"17025",0.062036156,0.0001507273,20.348179968,2511,0.0771568239,0.0252508903,11222.87,8.4,0.1579742392,3.9894540481,3.713408935,0.204575024,0.1153949704,0.1136635622,0.3081754993,0.1751241732,0.52247557,0.0012781955,0.0008270677,0.284,0.351,40.1787956406007,35.1564461855256
"17027",0.0475774184,0.000345616,11.963630563,3090,0.0573845871,0.022235434,9988.81,8.7,0.1275095101,3.4297438657,3.3427315819,0.2392663011,0.0984850016,0.0998270063,0.3083209375,0.1504449893,0.6569037657,0.0003445625,0.000424077,0.31,0.211,54.8759979465756,11.5062576339594
"17029",0.0694430607,0.000750303,13.466977048,8415,0.0828715041,0.0252598753,11468.57,7.5,0.1840180264,4.4913291621,4.0426472956,0.2099132048,0.1341010554,0.128325949,0.3116104807,0.1889944138,0.7633322815,0.0018340561,0.0010698661,0.327,0.246,52.1883677926898,9.02021171725502
"17031",0.0997226849,0.0009331711,7.2093847499,5194,0.1234075916,0.032616338,11101.38,8.3,0.1770658088,3.6268382019,3.5627965411,0.2230404996,0.1083109459,0.1054601927,0.3340278161,0.1398659067,0.9937447482,0.0022529071,0.0006286155,0.277,0.205,41.1856042110244,8.64365475267958
"17033",0.0592514124,0.0005801382,15.821950319,2689,0.0714354021,0.0265306122,10161.01,8.3,0.15064896,3.7941310491,3.5844642369,0.2169883887,0.1081077893,0.1075767564,0.3093811676,0.1564020753,0.6169450472,0.0019680961,0.000569712,0.282,0.315,91.1065947158175,80.5942953255309
"17035",0.065301479,0,10.084341768,7774,0.077755134,0.0343873518,10698.48,NA,0.1519311223,3.9038689827,3.7247268891,0.203747477,0.1140829395,0.1137938976,0.3022752274,0.1679883039,0.0142107169,0.00046049,0.000368392,0.254,0.253,64.4685945846381,55.2587953582612
"17037",0.0630721337,0.0003055388,9.2616462815,5605,0.0776462884,0.023655548,10856.69,7.2,0.166588367,4.0589286143,3.7604281438,0.23974466,0.1193193376,0.1154230069,0.2903962551,0.1710019585,0.8356124002,0.0020759988,0.0003731058,0.328,0.196,35.4175441283455,15.9538487064619
"17039",0.0520582056,0.0003763643,13.800025091,4976,0.0625465376,0.025,10609.8,8.7,0.1390100673,3.641168185,3.5394386384,0.2111815215,0.1033215577,0.1056686297,0.3013199512,0.1508257281,0.7704848741,0.0004930359,0.0003081474,0.283,0.259,43.8074973402591,20.860713019171
"17041",0.092782867,0.0003038282,15.191411789,6882,0.1134991119,0.0463215259,11544.76,8.7,0.1529120354,3.9008764836,3.6484202611,0.2094939703,0.1115218053,0.1101483001,0.3072102476,0.1625171183,0.7207207207,5.09424e-05,0.0004584819,0.264,0.224,37.3787315017755,30.5825985014527
"17043",0.0639759466,0.0013492767,9.3320489223,4037,0.0765407155,0.0316179094,10409.73,9.1,0.1353249079,3.3617857305,3.1391465704,0.2242015413,0.0974749725,0.0912108973,0.299222743,0.1247022931,0.9962417823,0.0025350561,0.000638068,0.263,0.163,55.5219801404907,10.6883398461668
"17045",0.0601193546,0.0003462604,15.581717452,6728,0.0719038633,0.0273564464,10615.52,7.2,0.1579408104,4.0094347792,3.7850239358,0.1968304393,0.1171402805,0.116811697,0.2944144233,0.1668978135,0.5093669251,0.0010247068,0.000740066,0.311,0.309,59.3256018677996,24.8784782026256
"17047",0.0581896552,0,21.584952205,2955,0.0711365495,0.0264550265,9752.02,8.2,0.1416313325,3.7593873707,3.5835878778,0.2088343147,0.1074640455,0.107823014,0.3024345219,0.1536431909,0.4222585925,0.0004599111,0.0004599111,0.304,0.253,30.9262409154167,30.9262409154167
"17049",0.0559482789,0.0008203445,15.234970116,5193,0.0690596763,0.0242337847,10228.37,8.5,0.1316697089,3.6176821752,3.4678310352,0.2130554293,0.1045952849,0.1049978135,0.2855690687,0.1532217811,0.5387827814,0.0010760193,0.0012505089,0.288,0.214,49.6466327901408,18.4958043727975
"17051",0.0720045003,0.0001377158,16.066838046,5275,0.0885529158,0.0300622718,10140.73,7.2,0.167609589,4.0477639223,3.7566078614,0.2061043369,0.1190757985,0.1155521496,0.3121756365,0.1838131023,0.5292682927,0.0005507366,0.0004130525,0.302,0.256,24.6195510009386,21.5421071258213
"17053",0.0618682142,0.000753012,17.319277108,3549,0.0760515692,0.0271464646,10677.88,8,0.1581937713,3.9028293023,3.6886598817,0.2007988943,0.1139132651,0.1127706812,0.3055639172,0.1600135356,0.5547901427,0.0038305709,0.0006629834,0.292,0.29,114.658889802837,109.673720680974
"17055",0.0675447703,0.0003329833,16.39302272,6875,0.0848058122,0.0235701519,11133.51,7.8,0.1699484461,4.2316564773,3.9119779267,0.1945235818,0.1237082647,0.1215679714,0.3091618435,0.1776849418,0.6019311949,0.0064613342,0.0006895495,0.332,0.298,42.7723314342418,18.8198258310664
"17057",0.0638414111,0.0003133011,16.804329251,5795,0.0777559578,0.0265808618,10031.5,7.9,0.1571114433,3.9471955562,3.6752947944,0.2008303641,0.116055456,0.1129393218,0.3154493792,0.1777353802,0.5714208638,0.0003939667,0.0004221072,0.253,0.255,118.494644042089,19.907100199071
"17059",0.0662200464,0.0001968504,11.811023622,7096,0.0804355462,0.0287836583,11091.7,5.8,0.1671299881,4.2015895485,3.9432543055,0.1878781508,0.1230422469,0.1213654668,0.3039219771,0.1742715453,0.3653605296,0,0.0003837299,0.262,0.231,39.0879478827362,39.0879478827362
"17061",0.0642960115,0.0002277213,12.904205253,6002,0.0770333681,0.0298507463,10963.65,7.9,0.1583836061,4.0338375067,3.8017561083,0.2003575726,0.1178162846,0.1164497104,0.3072922864,0.1779320371,0.5566037736,0,0.0006873902,0.253,0.23,45.7887105390349,50.8763450433721
"17063",0.0499759401,0.000316293,9.4887913652,5451,0.0622119816,0.0218084712,12033.46,8.6,0.1364610743,3.5727097928,3.4337193981,0.2264954916,0.1017035678,0.1025220748,0.2977661616,0.1488722742,0.8787927212,0.0009913357,0.0006146281,0.316,0.227,48.6858120332906,13.8162439553933
"17065",0.0568483523,0.0004881621,35.391750061,7113,0.0704683435,0.0223880597,12099.75,8.3,0.1544489455,3.9757780707,3.7458992472,0.1996703787,0.1149986712,0.1140632032,0.3031211982,0.164477136,0.1168262977,0,0.0006202704,0.289,0.273,40.9533950364485,40.9533950364485
"17067",0.0557201706,0.0002219756,17.758046615,4397,0.0674615002,0.0258555133,10016.74,7.6,0.1467844913,3.6610642666,3.5702186616,0.197488348,0.106567154,0.108432044,0.2949886074,0.1509786444,0.5888819095,0.0009725524,0.0004862762,0.304,0.259,57.0146398881777,18.391819318767
"17069",0.0729346699,0.0009886307,7.4147305981,12206,0.0863471971,0.0304709141,13938.51,7.8,0.1814044968,4.3373205109,3.9842052478,0.1812917116,0.1272874281,0.1230251423,0.314711928,0.179097737,0.7780092593,0.0002485089,0.0007455268,0.294,0.268,125.208681135225,91.8196994991653
"17071",0.0751569859,0,11.773362767,6167,0.0869453044,0.0393215112,10713.73,8.8,0.1395887805,3.7003159662,3.5523036558,0.1999667543,0.1064097013,0.1068320321,0.2999385634,0.1485249667,0.4408675488,0,0.0002911632,0.345,0.284,29.4507436312767,29.4507436312767
"17073",0.0624536077,0.0002229971,13.987998703,3841,0.077204057,0.0257867133,9136.2,8.4,0.1422759653,3.6715469883,3.5482875734,0.203898634,0.105313326,0.106630533,0.2964441109,0.1562315645,0.7624489958,0.0003246753,0.0004058442,0.326,0.261,64.3204376497989,14.8952592452166
"17075",0.0774434014,0.0003587315,15.425455589,5088,0.0950912524,0.0309211591,10905.87,8.1,0.1619026913,3.9891526405,3.7569439766,0.1921956056,0.1162388453,0.1147451117,0.3061407498,0.1673713577,0.4813580995,0.0022587704,0.0006705725,0.304,0.257,68.0077314052545,16.7036533276064
"17077",0.0769663529,0.0013039599,15.784777984,4902,0.0912910406,0.0289546716,10589.61,6.4,0.2040503573,4.599019716,4.159072791,0.2078065077,0.13950008,0.1321435444,0.3451754087,0.1955854343,0.6959214853,0.0020723628,0.0015457788,0.245,0.198,29.7869659111088,14.3206566880331
"17079",0.0582360571,0.0001044059,15.660889539,4948,0.0710559453,0.0251766784,10213.1,8.5,0.1287494673,3.5387127777,3.5004278886,0.2172199909,0.1015545185,0.1038964125,0.2892736947,0.1507314103,0.3563621365,0.0034605705,0.0005243289,0.237,0.2,52.2193211488251,48.7380330722367
"17081",0.0587243704,0.0006286178,19.120458891,5831,0.0724966236,0.0254208176,11136.71,7.4,0.1652182446,4.1523724007,3.7950861022,0.2122120746,0.1203023935,0.1155329032,0.3134239295,0.1852694759,0.5762484869,0.0016640666,0.0007280291,0.375,0.248,40.1890633327218,14.8524799273102
"17083",0.0504406308,0.000410191,8.2038193337,6972,0.0606650572,0.022459893,10954.01,8.6,0.1347635732,3.5958632071,3.4915012624,0.214101649,0.1018794082,0.1047669894,0.300761508,0.1506609765,0.6362410268,0.0006810443,0.0003178207,0.315,0.326,69.8950055460167,24.3113062768754
"17085",0.0712692038,0.0004630916,10.651106789,6946,0.0848442787,0.0352,8762.52,8.6,0.1269930512,3.4143635263,3.3965012356,0.1987717817,0.0988234975,0.1018927496,0.2742959459,0.1346330357,0.7344563013,0.000597152,0.0002756086,0.26,0.227,75.6990576239765,15.4487872701993
"17087",0.0587888784,7.75194e-05,12.403100775,5408,0.0695764213,0.0312891114,10563.15,7.1,0.1648441493,3.9536445265,3.6106028162,0.2143944437,0.1135402207,0.1080745872,0.3136234837,0.1761710309,0.6905897314,0.0037203534,0.0003875368,0.234,0.224,41.8213184170631,33.9798212138638
"17089",0.0910372451,0.0004077304,7.2007436404,4709,0.1166434508,0.0324018777,11331.11,9.3,0.1623071798,3.6357234468,3.1425108367,0.207557482,0.1042446906,0.0997613386,0.3200402643,0.1408324377,0.9587380572,0.0019540543,0.0006018262,0.283,0.143,44.1709910920793,8.68425425997034
"17091",0.0665810441,0.0004014415,10.948405638,5900,0.0829623057,0.026822113,11921.46,8,0.1775269392,3.9666121591,3.7167384761,0.1966276098,0.1161684577,0.1119346127,0.3154422293,0.1558166183,0.7871025747,0.0010544688,0.0007363101,0.38,0.33,42.7743244842054,10.9211041236269
"17093",0.0525636183,0.0003723716,5.3082761571,4117,0.0671211867,0.0227523514,10796.51,9.4,0.1259237177,3.2850334827,3.1643503999,0.238929987,0.093223912,0.0938537117,0.3059355716,0.1368790458,0.9413436062,0.0008099763,0.0002806849,0.346,0.2,23.7574836073363,10.0309375230976
"17095",0.057804572,0.0005726924,13.626130574,4615,0.0707482489,0.0234497645,9755.69,7.6,0.1720404854,4.2277667693,3.8607261153,0.1960336377,0.1234865839,0.119794578,0.3026883989,0.1712352444,0.7675315104,0.000942322,0.0006478464,0.354,0.28,46.8066030272665,15.821950319076
"17097",0.071348184,0.0011129748,7.71833068,4711,0.0879155988,0.0322824981,10448.05,9,0.1542862707,3.5006323564,3.2321782259,0.1836968755,0.0990784285,0.0963251345,0.3191934019,0.138421482,0.9895331944,0.0024351146,0.0005703744,0.251,0.196,48.0687330685836,9.96489036959778
"17099",0.059211205,0.000363415,12.992086638,4608,0.0726328631,0.0240675352,10300.69,8.2,0.1557437784,3.8127374091,3.6817171315,0.2081303136,0.111381414,0.1101149715,0.3060646585,0.1673870089,0.8160352516,0.0008043962,0.0004699843,0.32,0.271,68.7589166987239,19.3857738710058
"17101",0.0679806552,0.0002474023,16.699653637,7582,0.0833646264,0.0276883451,11651.68,7.7,0.1793660137,4.1615664454,3.7754463872,0.2066243804,0.1222458023,0.115339866,0.329393126,0.1860005501,0.4100873285,0.0021371436,0.0003663675,0.295,0.264,66.238873939143,62.0989443179466
"17103",0.0581096573,0.0006975528,13.660408068,4301,0.0699741435,0.0267100057,9774.37,8.6,0.157937526,3.8674326369,3.5721559806,0.2055360536,0.1110068856,0.1079596834,0.2967133007,0.1611903524,0.7002581111,0.0035035473,0.0004087472,0.345,0.26,40.8242612752722,22.3561430793157
"17105",0.0572226859,0.0004655239,16.704091133,3647,0.0691234959,0.0277469478,9915.72,8.5,0.1533339072,3.8670216252,3.560522473,0.212208023,0.1111018822,0.1079347702,0.3022720485,0.156957621,0.710012837,0.000903466,0.0006296884,0.299,0.261,58.8208262487937,20.2196590230228
"17107",0.0525163025,0.000273551,15.387245683,4200,0.0639363381,0.0234968901,9579.53,7.9,0.1484731892,3.7685371219,3.5749979883,0.2104384216,0.1090549254,0.1081776642,0.3069956596,0.16190541,0.7387889787,0.0006773462,0.0004064077,0.351,0.258,61.5756525308733,12.5431884785112
"17109",0.0713799519,0.0004866496,13.950621289,4206,0.0852996697,0.0273335813,9999.15,7.4,0.1701295454,4.2104902208,3.8722027041,0.2193079315,0.1244088417,0.1209149135,0.3148885553,0.1763100764,0.7257757881,0.0015808491,0.0005484579,0.363,0.235,39.2267962603788,15.2548652123695
"17111",0.0595374287,0.0005111251,6.9875324306,4866,0.0730927459,0.0263883015,11253.55,8.9,0.1286939945,3.4402938404,3.317884106,0.2296263426,0.0982882495,0.0970927407,0.2970759866,0.1487396445,0.9173630004,0.0015993277,0.0003517869,0.332,0.195,37.5258463322,11.2469395347228
"17113",0.0512815056,0.0005688084,11.782459806,4077,0.0619353843,0.0234924206,8855.65,7.7,0.1439977721,3.741790247,3.5768529801,0.2263178775,0.1063297881,0.1071117023,0.3234821268,0.1491730303,0.8266577029,0.0022793444,0.0006495842,0.314,0.213,40.1904408582205,12.3662894948371
"17115",0.0553622271,0.0008317502,15.311764539,6514,0.0692943957,0.0207635356,10518.89,7.4,0.1670472524,4.051292818,3.7891473552,0.1881891363,0.1185065993,0.1172891722,0.3150818394,0.1684824003,0.85559909,0.0012763961,0.0011262318,0.36,0.276,68.7560516364256,13.877368220196
"17117",0.0595356826,0.0002420455,16.063019848,4784,0.0723226704,0.0250874563,10594.8,8.2,0.1428703138,3.8154803806,3.6684117693,0.2054494886,0.109967081,0.1103072273,0.3085033473,0.1623010858,0.5709201298,0.0004356539,0.000501002,0.238,0.218,73.9022587749786,19.0243438430638
"17119",0.04920569,0.0004558675,13.638350136,5091,0.0595669099,0.0213441874,10597,7.5,0.1589402835,4.0149289567,3.6645061267,0.2082058653,0.1150625394,0.1096558232,0.3309000101,0.1556307635,0.8190929954,0.0013997644,0.0005042162,0.359,0.27,37.8307995495495,19.732343951094
"17121",0.0617341502,0.0003693736,22.42625719,6641,0.0782112539,0.0207207207,12401.16,7.2,0.1693287291,4.1707223927,3.9567909832,0.1929906955,0.1213202735,0.1199259155,0.3090017546,0.1767562336,0.6441159317,0.001914001,0.0009438909,0.241,0.327,42.2304728053351,22.8748394362232
"17123",0.0588628763,8.52515e-05,17.902813299,3463,0.0691272122,0.0327405012,10238.3,8.4,0.140268897,3.624638899,3.4696528416,0.2053873062,0.1033596072,0.1039828144,0.2896727618,0.1475153586,0.5853639241,0,0.0002512773,0.249,0.243,96.5826776127035,93.7420106240945
"17125",0.0625294728,0.0002187386,14.582573824,4358,0.0750896976,0.0295798319,10704.58,7.4,0.154634719,3.9728537391,3.7993033733,0.1973024115,0.1163854894,0.1161230982,0.2964793741,0.1663430208,0.5579571799,0.0002961427,0.0004442141,0.275,0.241,34.3246622698409,24.5176159070292
"17127",0.0614352547,0.0002091467,17.428890128,5597,0.0764727406,0.024026764,11778.95,7.8,0.1730143266,4.178455637,3.8304937391,0.1893213487,0.1217693426,0.1181013261,0.3146617111,0.1693349251,0.7716637501,0.0021148861,6.82221e-05,0.347,0.304,67.3134951952091,13.9269300403881
"17129",0.0540731757,0.0004083299,8.9832584728,3877,0.064578714,0.0276988636,9964.22,8.9,0.1381778498,3.6997593608,3.5943550895,0.2079949887,0.1064117277,0.1082884809,0.2995126842,0.1557533884,0.5589925226,0.0002396932,7.98977e-05,0.272,0.21,89.0712299927123,16.1947690895841
"17131",0.0534413618,0.0001920861,17.928031758,3304,0.0648292792,0.0235123367,9198.5,8.2,0.1269359248,3.4708140336,3.4163382981,0.2055980212,0.1000490251,0.1027268349,0.2819908522,0.1416133917,0.5444201047,6.35728e-05,0.0003814367,0.338,0.223,117.148395066988,21.2997081939977
"17133",0.0365905245,0.0003519371,14.077484823,5452,0.0444251292,0.0168150346,11046.18,9,0.1085538591,3.0997367338,3.0900764064,0.2277953138,0.0884619991,0.0929358594,0.2830144104,0.1316780057,0.7801377553,0.0011741223,0.0004402959,0.324,0.192,103.414634146341,10.7317073170732
"17135",0.0598144183,0.0006252171,14.935741577,5805,0.0731563422,0.0258192651,10209,7.8,0.152512358,3.8768205198,3.6696136759,0.209861114,0.1139365624,0.1122340549,0.3124078225,0.1684977277,0.4755182036,0.0006562586,0.0007598784,0.308,0.265,57.9085739434581,13.8980577464299
"17137",0.0522181702,0.0004142257,14.497899284,4656,0.062896122,0.0225642558,10488.46,7.3,0.156304378,3.8981642833,3.7009422031,0.2078628247,0.1141722715,0.1131133425,0.3159957525,0.1690501908,0.6668635891,0.0008460484,0.0005543076,0.379,0.292,55.8544257283123,17.6382397036776
"17139",0.0803097904,0.0002723312,13.616557734,6196,0.1000365542,0.0376175549,10697.99,8.8,0.1475782577,3.8727680858,3.7074575652,0.2043087021,0.1118369509,0.1124766534,0.2995628085,0.159819829,0.6902195878,0.0004046672,0.0002023336,0.244,0.225,144.691625972147,11.304033279074
"17141",0.0664981341,0.0006462605,14.49190216,4772,0.0796618598,0.0332752469,9781.75,8.5,0.1453690752,3.7420615931,3.5653867397,0.2073514966,0.1070009923,0.1073216172,0.294699161,0.1549998324,0.6232499019,0.0012287169,0.0002730482,0.366,0.306,46.3268062560763,11.7448241212588
"17143",0.0632063569,0.0012239701,13.878947167,3878,0.0777652264,0.028206386,9226.43,7.4,0.1754599835,4.2776258543,3.9900321646,0.2018807274,0.1225697436,0.1159886047,0.3157035317,0.1756646342,0.8382575311,0.0021080397,0.0015134644,0.386,0.223,73.8191667365367,16.2219897272883
"17145",0.0566087763,0.0005167959,25.369978858,5047,0.0697653348,0.0222743259,12993.56,7.5,0.1570159782,3.9161265365,3.6392783045,0.2101051471,0.1131232875,0.1097498117,0.318330726,0.1698009856,0.7943624161,0.0006555228,0.0005618767,0.283,0.229,40.7421336341983,15.6700513977686
"17147",0.0473617053,0.0004864701,14.594101551,3542,0.0569561158,0.024,10764.15,9.2,0.1147123274,3.2140648703,3.2395833799,0.223783509,0.0921293178,0.0964516549,0.2888041339,0.1358451547,0.5966883854,0.0004227053,0.0004227053,0.25,0.235,48.5820125098682,60.7275156373353
"17149",0.0714876033,0.000505657,11.377283358,4748,0.085931209,0.035903145,11042.79,7.8,0.1604900485,4.0552933287,3.8037894048,0.1991493031,0.1182907803,0.1159956943,0.3007038436,0.1679657133,0.5791235545,0.0007523511,0.0006896552,0.292,0.248,158.287957452197,143.514414756659
"17151",0.0754843019,0,20.809248555,8032,0.0840707965,0.0379310345,11105.12,7.9,0.1521769277,3.8497381644,3.6501778894,0.1977046401,0.1109189033,0.1100871194,0.3009588617,0.1580704815,0.977852349,0.0002405581,0.0002405581,0.255,0.212,7.87773751378604,7.87773751378604
"17153",0.0745181006,0,23.597749138,3773,0.0913492576,0.0305532618,10152.49,6.6,0.2277647618,4.7872555058,4.2725562596,0.1609035249,0.1453024198,0.1356546248,0.3502528672,0.201059988,0.6648271385,0,0,0.185,0.183,42.1915496353445,42.1915496353445
"17155",0.0584650113,0.0001746115,0,4199,0.0681887367,0.0309106099,9816.99,9,0.1293843296,3.4877251452,3.3919363492,0.2110600819,0.0989850103,0.100808765,0.2940345543,0.1426189343,0.4985014985,0,0.0001782214,0.262,0.186,29.2774329546785,46.8438927274857
"17157",0.0549396732,0.0004317922,20.972766246,6084,0.0669235945,0.024216082,11646.97,8.3,0.1566272594,3.9652704143,3.5459032699,0.2148931016,0.1136398829,0.10628,0.3137372564,0.167380165,0.6794121161,0.0007663775,0.0006437571,0.379,0.228,74.112197632527,14.4107050952136
"17159",0.0634289802,0.000503113,18.866737941,6472,0.0788188277,0.0261542567,9921.28,8.3,0.1596644751,4.0750236465,3.8553758337,0.1977058632,0.1196104933,0.1180792445,0.3061030988,0.1751769734,0.6776935871,0.0035153798,0.0005021971,0.221,0.2,98.7519435222927,96.6508383409674
"17161",0.0674291853,0.0005179272,12.844594221,4886,0.0830594015,0.0285791399,9749.57,8,0.1508331484,3.6827701051,3.5543303602,0.2223570342,0.1091860224,0.1103745913,0.3281076967,0.166252315,0.9101161672,0.0014987844,0.0007321251,0.346,0.225,83.3585410177131,15.0091555849068
"17163",0.0617902472,0.0005943333,11.086601214,6162,0.078122529,0.0208244927,10889.36,6.7,0.1794997015,4.1994022475,3.8804267392,0.1936571135,0.1230350194,0.1170878762,0.3450071602,0.1806948542,0.8570629795,0.0009171903,0.0007192903,0.368,0.317,47.1831890494304,12.8450191212735
"17165",0.070537428,0.000622355,19.915359721,7662,0.085840324,0.0286156226,11418.67,6.3,0.1847423789,4.4090153188,4.1360885027,0.1857566735,0.1310257072,0.1277684804,0.3163232307,0.1859095697,0.6594950427,0.0014810548,0.0011107911,0.272,0.346,99.5644057249533,20.7425845260319
"17167",0.0545739989,0.0012013113,19.037729318,4688,0.0669585702,0.0224450916,10096.68,7.9,0.1497928504,3.8288751254,3.7446320458,0.2061358099,0.1103448379,0.1103884159,0.3269653258,0.1798966251,0.8500139265,0.0020152001,0.0015392483,0.344,0.218,63.4652358140774,15.9511555254633
"17169",0.0683729433,0.0002842928,17.057569296,4029,0.0823302841,0.0264474625,10443.47,8,0.1533174481,3.9014126485,3.6676922944,0.206325633,0.1126625128,0.1110167119,0.3134334526,0.1713849199,0.5636267232,0.0008666763,0.0007222302,0.248,0.221,67.0980110232447,62.3052959501558
"17171",0.0501497006,0,13.994402239,6093,0.0593622795,0.0259159964,10709.63,8.5,0.14864395,3.8685489692,3.705354093,0.2033438587,0.1125486524,0.1132121179,0.2983397103,0.1653955315,0.1335200747,0,0.0001979022,0.255,0.274,40.0507309258394,66.7512182097323
"17173",0.050835407,0.0002762558,17.035775128,6031,0.0618715537,0.0223568742,10363.32,8.1,0.1494414763,3.8739072694,3.7930724229,0.1979130588,0.1128374305,0.1143399843,0.2967670576,0.1684778327,0.5116934222,0.0002762813,0.0002302344,0.305,0.268,76.7141783144361,15.3428356628872
"17175",0.0628064441,0.0001840265,18.402649982,3552,0.0757087629,0.0295055821,9382.48,7.8,0.1461928049,3.830287017,3.638404565,0.1924897025,0.1103154171,0.1102434801,0.2924581917,0.1559142359,0.5680680681,0,0.0003462604,0.229,0.232,96.1711847087816,132.235378974575
"17177",0.0628702905,0.0004217162,15.092999512,4744,0.0775166192,0.0254567236,8852.01,8.1,0.1604591099,3.9943664994,3.7528966341,0.1885721098,0.1171114317,0.11623285,0.3056147303,0.1662000522,0.6567458238,0.0016657899,0.0004164475,0.381,0.235,87.8676226270204,12.5525175181458
"17179",0.0462384265,0.000464329,13.929871336,4284,0.0572251424,0.0195813002,9900.47,8.1,0.1435001525,3.4450555514,3.470734659,0.2236927811,0.0998032407,0.1030526318,0.2809259076,0.1406147292,0.8335819903,0.0016222049,0.0003497414,0.304,0.258,70.2080506897129,14.2414907093012
"17181",0.0725276367,0.0007058824,14.117647059,5499,0.0887513947,0.0288487463,10582.95,8,0.1670696425,4.0337201227,3.8316524261,0.1953433591,0.1175966402,0.116343237,0.3068555699,0.1672466201,0.5430705301,0.00116198,0.001278178,0.314,0.249,50.9274675337395,31.3399800207627
"17183",0.0646256821,0.0004364066,14.760810689,6848,0.0817740004,0.0251990089,11361.93,7.4,0.1887385462,4.3792174748,3.9548761696,0.1857414521,0.1259891716,0.1208213723,0.3221226366,0.1802623506,0.7515834609,0.0023556221,0.0010113812,0.432,0.29,54.5471725666377,14.1736747614098
"17185",0.0598159509,0.0004351989,20.019148751,5165,0.0731560763,0.0252293578,10539.19,8.5,0.153431076,3.8991317318,3.7073045787,0.1995094159,0.1128635802,0.1124710325,0.2941225622,0.1629284135,0.7150749142,0.0028715628,0.0006091194,0.282,0.207,75.2968433246452,83.9849406313351
"17187",0.0773152082,0.0004077591,11.650259218,3889,0.0957712795,0.0339412361,8854.5,8.6,0.1718781176,4.2179679637,3.8223948865,0.1944995393,0.1228398303,0.117350239,0.3126403194,0.1692908813,0.6804088778,0.0001726321,0.0004028081,0.379,0.3,60.104310060686,63.982007483956
"17189",0.0533607437,0.0002138275,24.946543122,4107,0.0640184645,0.0249190939,11662.18,8.8,0.12994253,3.5470891212,3.5062406732,0.213793243,0.1011568116,0.1040510972,0.2964713643,0.1482163962,0.4961946181,0.0007065141,0.0006358627,0.305,0.273,66.3837454657531,30.8210246805282
"17191",0.0668368531,0.000424371,23.643528342,2627,0.0826284971,0.0285935085,9860.83,7.8,0.1545908755,3.9509323722,3.744429923,0.2025727899,0.1142194321,0.1139593072,0.3019029818,0.164205593,0.4167661098,0.0007928763,0.0007928763,0.286,0.245,79.2312536822217,20.3157060723645
"17193",0.0608101873,0.0002869852,27.981058975,6578,0.0738563762,0.0285805017,11343.23,7.4,0.1476438523,3.8558597867,3.703279545,0.1958434234,0.112118135,0.1127187229,0.2929832903,0.1589578381,0.3594272076,0.0009095998,0.0003498461,0.291,0.199,114.572144647333,14.3215180809166
"17195",0.0597843324,0.0005880466,15.324851206,4835,0.0741785804,0.0236695545,10158,8.4,0.1610349483,3.8087241197,3.6917755165,0.2008355045,0.1114849325,0.1095710639,0.2933364385,0.1585176835,0.6867072379,0.0010612707,0.0009197679,0.357,0.256,79.6291894461612,18.4216781554552
"17197",0.0626261817,0.0005471652,6.8864855969,6236,0.078639895,0.0253279675,11766.43,8.8,0.1426923061,3.4320346462,3.054194673,0.2053839501,0.0995845398,0.094342057,0.3147671802,0.1485003897,0.9705103607,0.0008904629,0.0004959907,0.342,0.213,38.6117136659436,11.6654615570017
"17199",0.0538570218,0.0008466017,18.862880228,6610,0.0664522488,0.0216262407,11069.34,8.1,0.1503548831,3.9216415421,3.7033400197,0.2196521285,0.1146953908,0.1117537478,0.3148353045,0.1676751917,0.7655861477,0.0018502072,0.0014801658,0.292,0.272,71.802083745989,15.350790318108
"17201",0.0739731444,0.0007093245,10.07802569,5152,0.0920234776,0.029015061,9965.9,7.7,0.1745003753,3.9652974417,3.6792255249,0.1840343488,0.1168253751,0.1129343501,0.3604682051,0.1774163822,0.8994703081,0.0014411994,0.0009304831,0.296,0.248,55.1049919740925,14.7414628210948
"17203",0.0449445325,0.0005164489,14.718793575,3103,0.0545823928,0.0233805668,8762.77,9.1,0.1249068363,3.3454101394,3.321563242,0.2234592943,0.095723955,0.0985553372,0.2822743845,0.1436469047,0.7450082764,0.0002043945,0.0004343383,0.307,0.208,56.7356377171643,17.1926174900498
"18001",0.1162389695,0.00036629,14.933363388,3652,0.1332873295,0.0868367256,8986.29,8.1,0.1783007986,3.8109958302,4.1418494722,0.1705963987,0.1174821279,0.1277516201,0.3391897699,0.2114990525,0.4458661704,0.0001419164,0.000397366,0.361,0.305,46.0703842646132,39.4889007982399
"18003",0.0971088543,0.0006731442,11.371041925,5079,0.1099730824,0.0680481459,10242.81,7.3,0.1459569166,3.8341232697,3.7726953554,0.186602769,0.1171965688,0.1174335169,0.3098714785,0.1878892001,0.7851230831,0.0016360514,0.0013363787,0.342,0.231,54.7096811104992,13.9456049889508
"18005",0.0988553134,0.0007069722,10.36079961,4787,0.1101598406,0.0716414944,9789.55,7.8,0.1553161337,3.7336169666,3.8741249055,0.1661333275,0.1085038496,0.1143196295,0.3341938676,0.1824954205,0.6882308514,0.0013881723,0.0005282425,0.318,0.254,44.6800300574748,15.0287373829688
"18007",0.1131028596,0,8.1272495066,3937,0.1224365482,0.0929283772,9748.76,8.4,0.170475933,3.828633811,4.0814802361,0.1747691923,0.1150741037,0.1237704247,0.3359295185,0.2072105964,0.5797379715,0.0002312139,0.0001156069,0.362,0.294,23.1517209445902,23.1517209445902
"18009",0.0859762675,0.0005845023,20.04008016,4751,0.098324188,0.0550355672,10454.67,8.3,0.1687160421,4.0658374557,4.1780089939,0.1658646627,0.1193854819,0.1249085717,0.3563781631,0.1992315003,0.6009713301,0.0002469339,0.0004938678,0.292,0.276,52.697268062682,44.376646789627
"18011",0.0672895252,0.0020645161,11.688804554,3944,0.0743477718,0.0526514947,10256.04,8.9,0.1211480667,3.1703510252,3.6057760092,0.1943623608,0.0936275851,0.1069044047,0.3415208401,0.1724925482,0.8072563559,0.0007888265,0.0008970968,0.268,0.214,51.132250274646,16.2003169186997
"18013",0.1048944926,0.0003325574,9.9767209844,3189,0.1126017659,0.0825752274,8013.35,8.7,0.148916926,3.6619657937,3.9986642596,0.16322753,0.1095320761,0.1199857541,0.3178334369,0.1829517145,0.7918252198,0.0005364807,0.0002682403,0.317,0.234,39.8397556494987,13.2799185498329
"18015",0.1020306775,0.0001497081,12.974699336,4075,0.1125906957,0.0754352031,10816.53,8.7,0.1592914458,3.6994781656,3.8492595734,0.1707540869,0.1082806638,0.1165152967,0.3328120973,0.1821085148,0.5312329447,0.0006509765,0.0005007511,0.405,0.309,58.2014101370227,16.6289743248636
"18017",0.1319856537,0.0004211191,12.896773175,4687,0.1496126824,0.0870830535,9887.99,8.6,0.203861081,4.2359781384,4.1695910517,0.1613209021,0.123626809,0.125398107,0.3377181996,0.2095474497,0.7368988349,0.0020555526,0.0007378907,0.352,0.303,72.8741384608631,21.9500417050792
"18019",0.0858382651,0.0004274491,9.9168184111,6519,0.09887765,0.0523738167,12174.8,7.9,0.1493067927,3.7507384566,3.9238513221,0.1913508881,0.1135898936,0.116032058,0.3542042186,0.2100642078,0.8910207562,0.0020684128,0.0007756548,0.377,0.279,68.7856058270827,15.1271249329269
"18021",0.0840850666,0.0004198794,15.650049622,5727,0.0965352911,0.0531760142,11205.13,8.3,0.180996476,4.0542664647,4.16215598,0.174938795,0.1207323057,0.127339525,0.3502592891,0.1985562376,0.7042023057,0.0004941275,0.0003800981,0.34,0.338,43.2146624807758,20.3363117556592
"18023",0.116640337,0.0001856608,13.305690503,4145,0.1335667013,0.0805801773,9783.84,8.8,0.1821080029,3.8928250189,4.0712409495,0.1788691171,0.1170300768,0.1231025374,0.3503408424,0.184720808,0.6329460631,0.00027729,0.0003697199,0.37,0.337,97.9139182058047,23.7054749340369
"18025",0.1146957656,0,4.7321597577,5805,0.1277042299,0.0805084746,9746.72,7.9,0.1922781156,4.4050843076,4.3415104466,0.1640621898,0.1323628263,0.134444001,0.3434754857,0.2253693186,0.7508634369,0.0003795427,0.0004744283,0.321,0.363,37.8991251618608,50.5321668824811
"18027",0.1793344882,0.0004831939,14.797813548,5440,0.1868331317,0.163764469,11249.28,8.2,0.1699140822,3.8139582965,4.0791343567,0.1810732233,0.1172470546,0.1247595682,0.3429941211,0.2049471804,0.557096815,0.0008492827,0.0007279566,0.302,0.285,67.5205837003296,10.0776990597507
"18029",0.0730124655,0.0004422911,11.459359482,5320,0.0823754147,0.0499448826,10642.42,8.1,0.1392082703,3.540702483,3.8281918957,0.1945444614,0.1045398038,0.1132392377,0.329927153,0.1836877568,0.70118089,0.0011960025,0.0002432547,0.317,0.251,71.9860064585576,26.9106566200215
"18031",0.0812711291,0.0005610203,12.716460336,6931,0.0914506623,0.0580139115,10571.21,8.1,0.1477158065,3.6208044091,3.9795767888,0.1891834719,0.1060076797,0.1170034086,0.3490351525,0.1934755169,0.6632478632,0.0003759681,0.0004135649,0.342,0.311,44.9275543186612,12.4798761996281
"18033",0.0827765508,0.0004902419,14.006910076,5854,0.0937927263,0.0564651163,9825.98,7.9,0.152900824,3.6147736445,4.001776952,0.1851719507,0.1087265613,0.1185570587,0.3550485267,0.1945375266,0.5891575682,0.000538062,0.000397698,0.312,0.205,60.5552450158375,15.5269859014968
"18035",0.0901322667,0.0009984026,14.064453396,5819,0.1025807883,0.0503366612,10536.81,7,0.1780110696,4.1098667,4.4587260796,0.1694538603,0.1256165082,0.1371425097,0.3407023051,0.1988103171,0.7823592899,0.0025085854,0.0007525756,0.337,0.281,44.2760859939981,15.0480815143
"18037",0.0894843132,0.0008459044,13.863433432,3026,0.1018745233,0.0616285555,9443.05,8.8,0.1544257305,3.5502192993,3.7061830768,0.1930799529,0.1046535515,0.1111275468,0.3113894212,0.1672198243,0.7816133114,0.0010105283,0.0007050197,0.317,0.228,36.0289798316037,20.364205991776
"18039",0.1419281418,0.0005218698,12.583401615,3859,0.1653808941,0.094330863,9040.7,8,0.174817903,3.7851461659,3.9934123879,0.157126524,0.1158771259,0.1225111403,0.3205429706,0.2073871035,0.7442080594,0.0011679205,0.0005643313,0.339,0.28,32.2279787685982,12.6958704239932
"18041",0.0960498279,0.0005601275,15.080356758,4694,0.1112190021,0.0563974679,10229.98,7.2,0.2016264974,4.4315222756,4.4847369046,0.1516889247,0.1343764181,0.1350125445,0.3446431797,0.2304089693,0.7132677019,0.0006429214,0.0004714757,0.388,0.278,61.793151019587,18.6816503082472
"18043",0.0692373342,0.0006876776,11.158542123,5480,0.0783905948,0.0469975322,11258.33,7.9,0.1608371576,3.8734622191,3.9587093654,0.175594606,0.111493244,0.1162574307,0.3461828905,0.1865556075,0.847032637,0.0012339265,0.000779322,0.318,0.268,66.8558759845067,15.95914458985
"18045",0.0864329268,0.0001817631,13.329294153,4724,0.0981672635,0.0574562549,10289.31,7.9,0.1659961617,3.9839661036,4.1796671827,0.1692169553,0.1172970977,0.1231421909,0.3607274374,0.2008326242,0.5232018561,0.0006065753,0.0003639452,0.342,0.323,44.5867617850918,28.3733938632402
"18047",0.0888230541,0.0008400018,7.5158052964,4571,0.0990917213,0.0647468819,9286.26,8.3,0.1511130007,3.6711280339,4.1426036854,0.1817595882,0.1099841914,0.1228985592,0.3401689158,0.1880626672,0.5265733963,0.0003081664,0.0003081664,0.356,0.296,48.4795063904804,17.6289114147201
"18049",0.1142017752,0.0004985293,17.448526846,4573,0.1282119205,0.0820304569,9390.44,8.1,0.1723474828,3.8855318948,4.0410282968,0.1651754186,0.1165408314,0.122992169,0.3508668569,0.1955866302,0.4636686504,0.0006455137,0.0003475843,0.354,0.303,44.7835461933986,16.5864985901476
"18051",0.0674593013,0.000327615,14.89158923,5165,0.0759900107,0.0475193894,10854.28,8.5,0.1511202718,3.5561679977,3.8890965882,0.1778502658,0.1061292666,0.1164202328,0.3246043503,0.1902918163,0.6934901352,0.0002076966,0.0005044061,0.344,0.253,51.6226385124738,23.8258331596033
"18053",0.0855864103,0.0004511889,16.543592366,5897,0.0997653238,0.0487197724,10653.18,7.2,0.1777752719,3.9462169716,4.4273417133,0.1603649066,0.1236339778,0.1344658607,0.3637572951,0.2111392452,0.6207733261,0.0018375487,0.0007320316,0.369,0.317,48.6547220160109,21.0669930378604
"18055",0.0889968896,0.0002486248,14.295925661,5725,0.1011666933,0.058309436,10610.81,7.9,0.1685193309,3.8691829535,4.239049093,0.1688032449,0.1158394346,0.1257423218,0.3153731383,0.215508494,0.4836725464,0.0005588153,0.000310453,0.4,0.387,40.4589497271614,12.4489076083574
"18057",0.0610592613,0.0014270403,9.6371549389,3121,0.0712389514,0.0405257626,9709.34,8.8,0.1032686156,2.6375328024,2.9794572025,0.203751736,0.0808511297,0.0948066623,0.30009087,0.1284951635,0.9158390059,0.001308582,0.0006384868,0.257,0.174,41.743712160098,11.7500819413609
"18059",0.0603624278,0.000840168,10.402080416,3607,0.0676825258,0.043783026,10312.05,8.3,0.1271164433,3.2979330639,3.6287116356,0.1679700035,0.0978548643,0.1080928582,0.333218646,0.1644972587,0.4822719351,0.0005426157,0.0003662656,0.384,0.239,54.2094528844317,15.5518922209435
"18061",0.0823148374,0.0004511504,8.020452153,5431,0.0919366993,0.0582243191,11115.68,8.5,0.1525998103,3.7336414233,4.0828687386,0.190160588,0.1119806036,0.1186918859,0.3350469402,0.2010196701,0.4225180368,0.000225983,0.0002510923,0.386,0.291,43.3066275796592,14.157935939504
"18063",0.0661766813,0.0005009622,8.6141063628,3636,0.0753559582,0.0467961741,9935.56,8.7,0.1251099222,3.0832601912,3.4224708222,0.1820407572,0.0917911802,0.1025374406,0.3464524547,0.1630118833,0.6966063473,0.0008592242,0.0005292323,0.316,0.213,60.4513702310586,17.504437171283
"18065",0.0797319094,0.0003919465,14.233847677,5367,0.0903242996,0.0525699795,10130.56,8.1,0.1634031207,3.8309115747,4.0497405946,0.1674849744,0.1155694675,0.1233415261,0.3160975501,0.2129346734,0.683130484,0.000844995,0.0006595083,0.306,0.282,46.8100338684363,17.8979541261668
"18067",0.0828894908,0.0006313515,16.390855117,4767,0.0947445869,0.0530334728,10874.77,7.3,0.1776040219,4.0285808797,4.0757515302,0.1579792221,0.1201961724,0.1251302527,0.358276274,0.2401113214,0.6521292537,0.0016713497,0.0005328941,0.352,0.341,71.5738565368767,18.1967431873415
"18069",0.0790482711,0.0005779233,18.163304621,5339,0.0901734642,0.050245098,9515.78,7.8,0.156891185,3.8181833877,4.0849424118,0.1772208308,0.1135444573,0.1225245146,0.3411579424,0.2177945288,0.763172072,0.0006318681,0.0006318681,0.391,0.266,46.7988658157226,12.8467474788258
"18071",0.1001097695,0.0005696837,14.811776502,2803,0.1164962377,0.0616835994,8516.07,8,0.1693434468,4.0126657258,4.1862094885,0.1730204219,0.1177634936,0.1246153342,0.3650306918,0.1999910097,0.6841136492,0.0007497785,0.000931543,0.358,0.303,63.6325071207806,21.9683655536028
"18073",0.0959188978,0.0002391844,14.351062876,5125,0.1078426277,0.0681065161,11347.78,8.5,0.1473469235,3.7733099646,3.9390040845,0.1865363986,0.1091720743,0.1153458039,0.3675695014,0.1909839452,0.5461198399,0.0004486585,0.0005683008,0.357,0.271,61.8453865336658,16.9576059850374
"18075",0.0954950727,0.0004296968,15.755550251,6368,0.1111393047,0.0613541478,9859.38,7.5,0.1861996616,4.1734522486,4.3081577672,0.1614102195,0.1249977567,0.1289824934,0.3652398559,0.2112354869,0.395426528,0.0009502993,0.0003801197,0.335,0.267,57.3659469364991,20.7154808381802
"18077",0.091005119,0.0005609399,11.530430989,5926,0.1035706486,0.0563655494,11062.88,7.7,0.1715653065,3.8877694628,4.0427265396,0.1724206107,0.1167996868,0.1257973499,0.3366475512,0.2052544357,0.583199704,0.0009562589,0.0008637177,0.327,0.248,66.1738096469007,31.0189732719847
"18079",0.087818325,0.0003981756,7.963512633,3636,0.1003362556,0.0559963381,9710.06,7.3,0.1668018104,3.8635700357,4.0724816176,0.1635605493,0.1149752504,0.1234145315,0.3467389279,0.2103811545,0.5193339176,0.0007565387,0.0005764104,0.424,0.349,62.6543767696849,28.9174046629315
"18081",0.0794306072,0.0007862401,8.8370793453,4480,0.0896802592,0.0565028503,9489.46,8,0.1316805733,3.4495615843,3.7295365599,0.184299557,0.1008877244,0.1114424294,0.3192833381,0.1702513917,0.7587609377,0.0007566686,0.0007764077,0.327,0.249,56.4807922026211,13.8496961722902
"18083",0.0845684394,0.0008264903,17.596246134,5896,0.0970355543,0.0525274997,11738.41,7.5,0.1741273296,3.814324194,4.0397789221,0.1773994337,0.1142630088,0.1227767315,0.3111184244,0.2024445708,0.670057232,0.0014571852,0.0008213226,0.35,0.331,44.5843401963494,16.0503624706858
"18085",0.1179468231,0.0003661339,16.791657198,5017,0.1296962343,0.0898188442,10025.51,8.3,0.159821527,3.7844566055,3.8368466346,0.1725629956,0.1099749992,0.1144496762,0.3334789599,0.1865748508,0.6734532951,0.0014413594,0.0003666616,0.347,0.293,41.238501611668,12.6240311056126
"18087",0.2485462113,0.0002544335,8.6507391293,4213,0.2431895573,0.2533603664,8990.92,9,0.163719514,3.9038377108,4.1057781307,0.1823676815,0.1166058133,0.1242086766,0.3522924856,0.2064696871,0.2337588882,0.000281258,0.0003323958,0.349,0.258,28.0271438641788,10.1916886778832
"18089",0.0967906025,0.0005374351,9.8014990528,7059,0.1097144754,0.0648028346,12900.29,7.1,0.1857432608,4.135005375,3.9233070383,0.1708201558,0.1285519727,0.1224430408,0.3861434172,0.1810892862,0.9284926563,0.0015889809,0.0006133631,0.379,0.267,54.3307665308741,13.7372355324587
"18091",0.0883938069,0.000354452,12.269492588,4989,0.099363347,0.0606185397,10322.48,7,0.172349354,3.9351728497,4.0618750881,0.188615615,0.1196510286,0.123268741,0.3677820924,0.2281877325,0.7531915275,0.0008544289,0.0005362905,0.374,0.295,53.3250921827233,17.5730417420338
"18093",0.0852304122,0.0003941663,15.985634827,3772,0.0970917904,0.0548715463,9979.4,8.1,0.1611236981,3.9164733056,3.9927899875,0.16443821,0.1172182247,0.1230239234,0.3543065438,0.1921135923,0.7100619933,0.0005492333,0.0004833253,0.326,0.299,73.0716394353024,17.5371934644726
"18095",0.0905414558,0.0004942161,13.822607299,5325,0.1068550869,0.0482816196,11101.7,7.1,0.2036908056,4.5738526769,4.76681216,0.1506919293,0.1299491121,0.1372824758,0.3742482091,0.2399407851,0.693837552,0.0011523945,0.0006187353,0.401,0.319,46.0823561213588,20.5954664229536
"18097",0.1168358637,0.0007978259,11.577948009,5110,0.1374427414,0.0646440778,10536.92,6.7,0.176629989,3.7832667814,4.1415286367,0.1923646251,0.1190673951,0.1275386776,0.3540824336,0.2143136174,0.8794411734,0.002490361,0.0012334937,0.33,0.265,47.1893522830968,15.2144374821898
"18099",0.1276473055,0.000430126,15.054410942,3920,0.1395975163,0.1007706969,9201.41,8.4,0.1629415014,3.9399714642,4.1648290027,0.1723215637,0.1167756099,0.1226008216,0.360495363,0.1942871822,0.5932286243,0.0009236189,0.0006443853,0.426,0.332,37.3289687154528,17.9466195747369
"18101",0.0938037866,0.0001957905,15.663240333,3696,0.1041631266,0.0686315789,9911.93,8.5,0.1657024501,3.9117925412,4.0502863265,0.173390867,0.1135115993,0.1216649675,0.3360294137,0.1939542609,0.7435649313,0.0001966375,0.000393275,0.458,0.39,19.6059209881384,32.6765349802307
"18103",0.0999962065,0.0001952853,13.39098898,4768,0.1141295697,0.0656998739,10116.63,7.3,0.1797574625,4.0971825722,4.2108659832,0.1748567419,0.1229272568,0.1270965002,0.3564292274,0.2328458958,0.5627997724,0.0004458936,0.0004180252,0.384,0.366,43.8044643273219,10.2521086723519
"18105",0.0915225126,0.0005850897,9.4566829494,2505,0.1002427264,0.0622622213,8766.56,7.2,0.1692640607,4.0995722419,4.3713922293,0.208593601,0.124572939,0.1324581219,0.3240765268,0.1924178086,0.8983866526,0.0022543575,0.0007629076,0.252,0.208,46.6546350810994,15.4756838317793
"18107",0.0976633689,0.0003893576,10.382868267,4555,0.1122759247,0.0625410015,9934.33,8.1,0.1744736441,3.8203909033,3.934731257,0.1769994905,0.1131342977,0.1203479355,0.3386401722,0.2019763411,0.6377872206,0.0009455271,0.0002889111,0.286,0.292,41.7591021793031,21.7495323850537
"18109",0.0822976267,0.0004590249,9.8977235236,3762,0.0953304632,0.0492449512,9767.02,8.2,0.1728985864,3.9254920143,4.056928201,0.1666283571,0.1133116712,0.1193255945,0.3111837593,0.1903223364,0.5561151915,0.0005452093,0.000373038,0.38,0.281,70.6352880535683,22.4314766116061
"18111",0.1220802115,7.07714e-05,7.0771408351,5274,0.1323652946,0.0954915466,10270.16,8,0.1875419389,4.0854907017,4.1279605813,0.1698132287,0.1211788666,0.1243758137,0.3420275915,0.2097815299,0.4582982308,7.18184e-05,0.0002872738,0.325,0.339,73.6954712944253,71.3181980268632
"18113",0.1039761532,0.0002739611,10.958442215,5699,0.1204070702,0.0675377705,9135.85,8.8,0.1604252123,3.7507716316,3.9624607922,0.1781190084,0.1106982611,0.1186439389,0.329873167,0.2076860239,0.6396415348,0.0008186742,0.0001889248,0.371,0.269,44.8738623774733,13.3219278933124
"18115",0.0738063951,0.0001715854,8.5792724777,5371,0.0788716177,0.0591818973,10351.16,NA,0.1260246417,3.2883201841,3.735901353,0.186340797,0.0957192249,0.107653724,0.3178478331,0.166258063,0.7423302872,0.0001685772,0.0003371544,0.284,0.269,113.610543058396,102.249488752556
"18117",0.0997925042,0.0005662514,13.898898384,3112,0.1141803131,0.064303017,9807.4,7.8,0.1779820948,4.2236337607,4.2016632069,0.1725337507,0.1259798332,0.1295467281,0.3358405632,0.2002435785,0.6530745968,0.0004654771,0.0004137574,0.343,0.266,44.6351931330472,41.2017167381974
"18119",0.1126904162,9.59739e-05,7.677911608,3000,0.1255172414,0.0785079159,8989.8,8.3,0.1667387535,3.9407484611,4.0181273008,0.174594284,0.1164525197,0.1232243857,0.3504848997,0.2039761431,0.50396292,0.0007677543,0.0005278311,0.322,0.252,35.1864883884588,20.7920158659075
"18121",0.1176229508,0.0002368826,14.805164041,6225,0.1265543289,0.0964238411,10101.61,7.8,0.180110655,4.0296466158,4.2446823065,0.1671771698,0.123542418,0.1312327982,0.3539200956,0.2156111199,0.3362362305,0.0006547619,0.0002380952,0.352,0.347,11.8546618457708,19.7577697429514
"18123",0.0810791969,0.0005240815,9.4334678476,2971,0.0928977546,0.0518856594,11633.31,7.5,0.1707627564,3.9145104602,4.2243545223,0.1720787244,0.11784346,0.1256977029,0.3266248493,0.1961303569,0.7555072913,0.0006327112,0.0003690815,0.385,0.283,66.492852018408,10.4988713713276
"18125",0.0902876964,8.08734e-05,16.983420946,4167,0.0989822947,0.0688288288,9535.51,8.5,0.1523494881,3.791877155,3.9160528063,0.1708336845,0.1111022553,0.117317695,0.3366874458,0.1808627267,0.7553912028,0.0004022203,0.0004826643,0.422,0.307,26.8773853679514,13.4386926839757
"18127",0.07477225,0.0006235006,9.0259138738,5243,0.0875489612,0.0417664747,11219.81,8.1,0.1654052109,3.8225529913,3.9310729543,0.1983474986,0.1132669575,0.1132016177,0.3681279534,0.187733343,0.8037640788,0.0015257076,0.000494663,0.334,0.233,53.1842329508945,18.1894030910123
"18129",0.0641239571,0.0003516312,10.548935339,5633,0.0721589059,0.0440209142,10327.59,8.3,0.1467719128,3.4598417164,3.9108182049,0.1843179917,0.1015047332,0.1129954861,0.3162230315,0.1760374616,0.298301814,0.0001177579,7.85053e-05,0.339,0.328,48.2959366148464,19.5794337627756
"18131",0.1000502765,0.000398915,21.541407372,5024,0.1126935841,0.068173913,10087.14,8.4,0.1748158446,3.896310058,4.1148266931,0.1731205144,0.1160757841,0.1232873132,0.340922226,0.1974188519,0.3630055216,0.0002369668,0.0005529226,0.346,0.236,26.5512572020285,13.2756286010143
"18133",0.0823568798,0.0003448093,12.200944247,4614,0.0922364672,0.0573749018,11105.45,8.4,0.1548121404,3.6067970051,3.9429475576,0.1893474244,0.1064528884,0.1149989976,0.3127771403,0.1928960509,0.5340463082,0.0007212309,0.0004541083,0.307,0.286,54.0219807469203,21.254549802067
"18135",0.0961087909,0.000200626,16.050076238,4315,0.1102982955,0.0621920136,10084.05,7.6,0.1695988747,3.9197721461,4.3550525133,0.160621123,0.1183326454,0.1330296703,0.3553877078,0.2049102684,0.4945932521,0.0002790846,0.0005183,0.334,0.281,44.0852314474651,57.4443924921515
"18137",0.0922409349,3.51593e-05,15.47007946,5236,0.1038749396,0.0654047182,9701.38,8.6,0.1536133181,3.727968606,4.0360114379,0.1827734564,0.1078070083,0.1172202526,0.3451682649,0.1810274014,0.5201610105,0.0004160022,0.0009706718,0.313,0.348,72.2518092086096,19.8109799442962
"18139",0.1031103853,0.0003604686,17.422649444,6982,0.1139266374,0.0759135358,10937.44,8.1,0.1748246568,3.9880106717,4.187939401,0.1729033971,0.1196039199,0.1280249351,0.3434155574,0.2040331098,0.4439972401,0.0008408913,0.000540573,0.299,0.245,36.0309866485177,40.0344296094641
"18141",0.1022559629,0.0009096489,11.315145285,3950,0.1205270778,0.0583589227,9505.86,7.2,0.1687632042,4.0781148455,4.2283157377,0.1947159352,0.1263390365,0.1263018195,0.3680304338,0.2028702125,0.8403145382,0.0020658317,0.0007022341,0.345,0.26,49.114822557278,13.9446606758101
"18143",0.0858030349,0.0004189359,10.054461667,7381,0.0983868725,0.0530220775,11860.79,8.3,0.1868018717,4.2477349992,4.4681273966,0.17261959,0.1234123583,0.1287438009,0.3590449535,0.215240027,0.5200363922,0.000337126,0.000505689,0.34,0.278,83.9419121967598,8.39419121967599
"18145",0.0853695324,0.0003153508,11.037278973,6698,0.0960922486,0.0583732057,11460.62,8.3,0.1721310105,4.0257700072,4.0999438735,0.1679756547,0.1211592201,0.1232012231,0.360363994,0.1941372992,0.5393374741,0.0008798845,0.0007219565,0.369,0.293,51.758281325012,18.0028804608737
"18147",0.0849240122,0.0003922722,12.7488477,4037,0.0939714834,0.0625265844,9938.64,8.8,0.1438444365,3.4679530126,3.7650633447,0.1815731581,0.1026159876,0.1125895427,0.3186797341,0.1762846583,0.4769473081,0.0001452925,0.0002421542,0.36,0.277,48.8846160113412,48.8846160113412
"18149",0.0981796639,0.0002184074,8.7362949373,4557,0.1123861701,0.0619601953,10799.62,8.1,0.1931925247,4.2505096542,4.2287066585,0.163606333,0.1289129139,0.1294851469,0.3636715335,0.2161820981,0.5474468176,0.0002607675,0.0002173063,0.33,0.281,31.9595566337871,21.7906067957639
"18151",0.0955857321,0.0003189885,13.629509338,3741,0.1074711168,0.0643042824,9440.72,8.1,0.1436566273,3.5306672441,3.8428426365,0.1800875626,0.1040433172,0.1155943913,0.3303277739,0.200485632,0.6007605675,0.0007914175,0.0001758706,0.298,0.273,49.425309635028,16.475103211676
"18153",0.0940792106,0.0004820206,10.12243324,7678,0.1053106936,0.0637989367,11280.63,8,0.1821256672,4.1295321981,4.1918337941,0.1690055133,0.1246461102,0.1275467503,0.3358236987,0.2133682461,0.495459837,0.0002403615,0.0003365061,0.366,0.284,35.3481795687522,19.2808252193194
"18155",0.114521301,0,4.674644727,6018,0.1278404447,0.084888401,9533.25,7.8,0.2060510051,4.4713442369,4.4149294428,0.1615442053,0.1355872869,0.1381079319,0.3665744649,0.2414183057,0.4833694526,0.0003799753,0.0001899877,0.411,0.377,46.9630557294928,43.8321853475266
"18157",0.0994632652,0.000697844,10.179078321,4011,0.1138942171,0.0612284301,10349.77,7.3,0.1661586949,3.8860140491,4.0650544631,0.1761339795,0.1188646715,0.1260808261,0.3206745907,0.1730883654,0.7711945827,0.0012655603,0.0005849228,0.298,0.236,37.7824500519509,11.7195562661144
"18159",0.0838628763,0.000330513,15.203595981,4990,0.0922313677,0.0617807389,10577.86,8.5,0.1426960207,3.516680147,3.8952522856,0.175539318,0.1041174275,0.1149249012,0.3325487065,0.1751660712,0.5014432731,0.0004610723,0.0002634699,0.374,0.212,92.4336458470883,26.4096130991681
"18161",0.0920552677,0.0001388889,5.5555555556,6065,0.1016751978,0.0668769716,9809.07,NA,0.156330328,3.7858279658,4.0403278372,0.171302252,0.112317064,0.120890568,0.3352204418,0.1983722614,0.6966471527,0,0.0004159734,0.281,0.227,27.9733320900741,27.9733320900741
"18163",0.0851613522,0.0008479429,14.921592811,5560,0.0971495974,0.0530556248,11091.02,7.5,0.1959889365,4.1716029786,4.4800967698,0.1811472174,0.124912576,0.13195162,0.343149727,0.2180894728,0.8804082291,0.0018985148,0.0011831324,0.341,0.287,56.5852977433857,20.5764719066857
"18165",0.081223202,0.0003869719,10.319251854,7235,0.0917788408,0.0548865864,10947.37,7.8,0.1654699412,3.7421832253,3.9997201922,0.1754442927,0.111426618,0.1183066289,0.3431755516,0.1914085083,0.5190599556,0.0004474273,0.0006391818,0.362,0.288,21.4458813184928,21.4458813184928
"18167",0.0910062793,0.0009114922,14.323449533,7540,0.1039977356,0.0563951674,11682.23,6.5,0.201894284,4.3426884085,4.551845997,0.1804051751,0.131704508,0.1364742059,0.3527847105,0.2178094109,0.8653197092,0.0014268375,0.0009635786,0.343,0.3,24.4708564489999,21.0635220067341
"18169",0.0918923486,0.0004452501,18.446077028,4504,0.1049007231,0.0574677786,10118.63,8.1,0.1561981858,3.8420515354,4.0926304704,0.169400854,0.1149754786,0.1216375347,0.3377990736,0.1893591652,0.6771162734,0.0019835023,0.000188905,0.342,0.256,138.646345980844,11.6420595861777
"18171",0.0725880551,0,10.97427143,4713,0.08010065,0.0547798067,9427.83,8.7,0.1446005725,3.5255117664,3.8479375046,0.1823179723,0.1023776026,0.1110131401,0.3361127529,0.1780966639,0.3470850964,0,0.0003673769,0.377,0.308,32.4807145757207,32.4807145757207
"18173",0.0721152924,0.0015992324,10.714856869,5190,0.0827307932,0.0484264531,11411.62,8.4,0.1608699985,3.6303540575,3.9914122056,0.1797563788,0.1051958692,0.1139711859,0.3268865682,0.1636401246,0.8567910335,0.0003680118,0.000720023,0.355,0.293,69.2982222340681,12.2604547029505
"18175",0.1046409807,0.0002515542,6.8279009595,4034,0.1156114588,0.0767353166,10993.36,8.1,0.1616256753,4.0196464893,4.1667964458,0.1824706375,0.1191198897,0.125635659,0.3380034144,0.2257325158,0.4690397,0.0002891218,0.0003975425,0.382,0.346,63.5186960690316,25.1677852348993
"18177",0.1098081023,0.000649694,13.749338974,5439,0.12704,0.0653036519,10750.75,7.4,0.1958406044,4.1989199913,4.4387156027,0.1691890003,0.1267219793,0.1346505538,0.3226898732,0.2148024417,0.7221875589,0.0047169811,0.0009914674,0.355,0.331,75.4948688654128,24.1583580369321
"18179",0.0798505823,0.0006432247,17.152658662,5465,0.0906310468,0.0557994618,9547.98,8.4,0.1480548249,3.6902946758,3.9786819082,0.172569094,0.1089674041,0.1172079737,0.3267920369,0.179952741,0.4409104067,0.000393574,0.0003220151,0.32,0.299,78.4416263563865,15.4506233732276
"18181",0.1096126705,0.0003308246,11.578860309,2872,0.1228988499,0.0787950987,9769.83,8.6,0.1581839816,3.669425744,3.7929049221,0.1669620934,0.1079121446,0.1137739981,0.3535174057,0.1751362566,0.6479324758,0.000416684,0.0002916788,0.302,0.334,77.4400531017507,17.977155184335
"18183",0.085666739,0.0005628629,13.627207015,3663,0.0969824351,0.0576684067,8951.81,8.6,0.1356096189,3.515648581,3.8215583994,0.1803803077,0.1023661768,0.1134172764,0.3152263719,0.1854874291,0.5739216629,0.0006577177,0.0001793776,0.311,0.3,54.3054335054651,15.7979442924989
"19001",0.0546257127,0.0004252906,9.9234476893,1682,0.0617283951,0.0367979342,9261.72,8.7,0.1171506578,2.9079177579,3.1790408007,0.1886209853,0.09054599,0.1008680999,0.2668019902,0.1400885523,0.7163499089,0,0.0007050197,0.287,0.245,127.304446225659,150.879343674855
"19003",0.0619437522,0.0002712968,10.851871948,2062,0.0683260127,0.0436408978,10579.3,8.7,0.1193368814,2.8138085636,3.1670415501,0.2070296984,0.0887813958,0.1000903143,0.2713089361,0.1452710947,0.5433109953,0,0.0005415651,0.367,0.254,54.4267053701016,54.4267053701016
"19005",0.079272316,0.0005762028,15.125324114,2671,0.0903010033,0.05356056,7631.93,8.5,0.124522314,2.860870636,3.2044701955,0.1966871817,0.0907474065,0.1012596926,0.2891731125,0.1423631429,0.7161200279,0.0002160761,0.0003601268,0.406,0.239,67.3076923076923,67.3076923076923
"19007",0.0634415447,0.000890544,9.7150259067,4379,0.0731814842,0.0392584515,10605.53,7.8,0.1472203618,3.3074462087,3.4479485643,0.1803930483,0.1039571149,0.11035036,0.2894027556,0.1643493307,0.6929463801,0.0006419515,0.0004012197,0.446,0.339,42.9518670639714,45.6363587554697
"19009",0.0666347076,0.0007171029,19.720329867,1846,0.0759410802,0.0414201183,10078.23,8.4,0.1250020616,2.8852754917,3.2324992437,0.1893610616,0.091042877,0.1029468325,0.2732855661,0.1505724888,0.6424252329,0,0.0017611835,0.318,0.207,101.419878296146,119.317503877819
"19011",0.0501216081,0.0001559941,14.429451681,4164,0.0584320511,0.0302158273,9557.9,8.7,0.1156027835,2.823538007,3.1318616872,0.2082919932,0.0852759741,0.0971520623,0.2844240802,0.1503543252,0.5039883418,7.7824e-05,0.0007782404,0.365,0.242,44.1655950014938,18.1858332359092
"19013",0.052627629,0.0009498824,12.061998673,3413,0.0625183259,0.0261730404,9959.38,7.1,0.1238972875,2.8432408164,3.2037110239,0.224139917,0.0943202073,0.1044975833,0.2737642114,0.154713746,0.8285376459,0.0013919822,0.0011286342,0.31,0.221,65.584480852347,14.3230475424666
"19015",0.0417656097,0.0004908624,13.97069929,4128,0.0487043397,0.0227707283,9278.23,8.5,0.1271195304,2.900465908,3.1529973433,0.2094849088,0.0902358787,0.1015269171,0.290402483,0.1427878161,0.8558503763,0.0006030454,0.0002638324,0.391,0.225,90.7235200725788,13.8605377888662
"19017",0.0390521226,0.0005218578,18.06430894,3487,0.04630394,0.0227233304,9778.02,8.9,0.1058774763,2.6721053569,2.9950884532,0.2153382251,0.0834294593,0.0947705004,0.2681523927,0.125939266,0.826536497,0.0011694491,0.00096782,0.352,0.206,37.5053579082726,13.3947706815259
"19019",0.0527412725,0.0002829922,10.848033204,3472,0.0634464089,0.0306211724,10204.6,8.5,0.1156010786,2.8130797881,3.069464381,0.2244176496,0.0869747328,0.0976297382,0.2835948263,0.1575550393,0.7472087031,0.0010956555,0.0004287348,0.385,0.284,70.985755525058,66.2533718233874
"19021",0.1131922838,0.0004475385,22.376926902,2518,0.1386192017,0.0568006182,7980.18,8.7,0.1709148406,3.1616256916,3.1178067035,0.1851646106,0.1003869225,0.101865415,0.2894404537,0.1436110164,0.7393879566,0.0003442849,0.0002459178,0.356,0.266,48.0801114132237,36.4745672789973
"19023",0.0520123839,0.00013693,20.539504313,4170,0.0596364542,0.0344626168,10228.21,7.6,0.1081696135,2.6677288624,3.0227095552,0.2028526936,0.0840204491,0.0957601455,0.2539921925,0.1449631315,0.6375193381,0.0006084781,0.0006084781,0.332,0.261,75.109249817917,77.3852876911872
"19025",0.0557386445,0.0007182434,24.625487379,3731,0.0641905531,0.0357142857,9358.77,8.4,0.1396705871,3.2040368376,3.2955943499,0.1943285876,0.1016940795,0.1073296684,0.2697264169,0.1595505363,0.7399172699,0.0002031282,0.001117205,0.352,0.33,92.1784848588304,81.936430985627
"19027",0.0439995056,0.0009350394,19.68503937,4065,0.0515017668,0.0276904949,8398.64,8.7,0.1123652849,2.7376044802,3.166462044,0.2117580273,0.0878511199,0.099384634,0.2852028665,0.139896664,0.7539873174,0.0008807555,0.0009296864,0.373,0.235,52.5356667925334,59.1026251416
"19029",0.0678219301,0.0005325219,19.779383796,2374,0.0786062718,0.0419022281,9305.42,7.6,0.1385791894,3.1911042949,3.3846955988,0.1848023556,0.1017115553,0.1104485049,0.2597901888,0.1595273276,0.7682000573,0.0033442274,0.0009880672,0.326,0.247,76.468189233279,12.7446982055465
"19031",0.0431178555,0.0002696435,12.9428895,3405,0.0495012929,0.0274130385,8429.94,8.6,0.1099681421,2.6882363215,3.021729057,0.2035511917,0.0826910533,0.0957503058,0.2672851675,0.1389218583,0.7194442943,0.0003251328,0.0004335104,0.41,0.254,48.5401984754782,8.98892564360708
"19033",0.045516202,0.0015346696,19.299632609,4264,0.0540297163,0.0225244831,9364.33,8.2,0.1329794724,2.8942133878,3.2704245069,0.2181660115,0.0905562329,0.1038968246,0.2646046155,0.1407170738,0.9336368372,0.0022985837,0.001300209,0.34,0.196,81.5705041057154,17.090962765007
"19035",0.059687352,0.0006185931,13.255567338,4857,0.0692939245,0.0356419603,9077.32,8.6,0.1247481373,2.9749125665,3.2527329636,0.1881462991,0.092986594,0.1041112928,0.2535880764,0.1441175179,0.7705434062,0.001216545,0.0014772332,0.351,0.242,93.71796749158,93.71796749158
"19037",0.0636124276,0.0005830904,20.824656393,3279,0.0723017293,0.0433138536,9373.1,8.4,0.1195990341,2.892829369,3.2097788776,0.2120487911,0.0926086209,0.1031031945,0.2694573183,0.1483391224,0.6757777956,0.0004990435,0.0004158696,0.313,0.231,33.3407423871972,33.3407423871972
"19039",0.0642213983,0.0003200341,7.4674631961,3781,0.0784015224,0.0323785803,10448.38,8.5,0.1478406656,3.1667036294,3.3741436797,0.1913459616,0.1004720936,0.1077151781,0.2762964075,0.1533719212,0.6701486108,0.0001074229,0.0006445375,0.401,0.268,42.6955098555469,49.8114281648047
"19041",0.0555642633,0.0008039579,16.079158936,3254,0.0663404024,0.0284182306,8671.56,8.2,0.1324065116,3.1437537594,3.2079671499,0.1966687851,0.0959226202,0.1038049621,0.2857109832,0.1534921191,0.7562848743,0.0029388355,0.0012857405,0.295,0.245,88.4100581861546,22.6165265127372
"19043",0.0619022908,0.0003401939,20.978624483,3654,0.0686314501,0.0454195535,9229.35,8.5,0.1317233268,3.0872907453,3.2331253324,0.2040575692,0.0970741513,0.1049100179,0.2608780081,0.147316184,0.737161454,0.000113701,0.0005685048,0.411,0.292,89.0438209271925,11.3672962885778
"19045",0.0486476433,0.0005105297,16.592214422,5334,0.0589344474,0.0234326089,9992.69,7.9,0.1460143937,3.1363659206,3.379759662,0.1941887105,0.098587627,0.1060563479,0.3151591678,0.1625653319,0.8096139751,0.001078019,0.0005707159,0.347,0.287,45.4426038612012,19.1710985039443
"19047",0.1043346774,0.0002345216,10.553470919,4699,0.1274348985,0.0511945392,8996.43,8,0.1781143251,3.3429676957,3.3776141397,0.2012137104,0.1101532306,0.1120174723,0.2879921711,0.1612306915,0.7681328966,0.0006493506,0.0003541913,0.367,0.299,52.781796144974,56.6915588223795
"19049",0.039317117,0.0004585316,8.8267323895,3413,0.0479757851,0.021954023,8350.22,9.2,0.107707092,2.5198964802,2.9160613534,0.2323723414,0.0801232388,0.0898663485,0.2551175445,0.1276189393,0.875179557,0.0003312982,0.0001893133,0.296,0.177,33.214854293688,12.2169579011266
"19051",0.1128479364,0.0004461298,8.9225964756,3989,0.1206788184,0.0968962907,9631.55,8.1,0.1555195308,3.478900624,3.5518063045,0.1874158508,0.1120234387,0.1173576686,0.2686715396,0.1787180062,0.4846338398,0.0001128668,0.0004514673,0.312,0.274,29.8029281376895,29.8029281376895
"19053",0.0721162262,0.0002515723,7.5471698113,2697,0.0842000991,0.0430107527,8975.07,7.8,0.1721873349,3.61974386,3.7001859782,0.1905319471,0.1170140993,0.1232269013,0.2931179986,0.1803565168,0.7786449095,0.0025795357,0.0008598452,0.345,0.289,62.5495183687086,58.3795504774613
"19055",0.0624729788,0.0005829884,12.825744768,2626,0.0705251442,0.0433752074,8952.27,8.7,0.1215514136,2.9621477,3.1630726677,0.1997221402,0.0938066011,0.1022493786,0.2750685306,0.1453924222,0.648727764,0.0009234143,0.0008079875,0.348,0.24,60.1369570699723,50.437447865138
"19057",0.0527576385,0.0006849836,18.012532664,5588,0.0629769279,0.0269196823,9177.84,7.4,0.14663868,3.3721313486,3.4760202294,0.1887216727,0.1052099954,0.1135595174,0.2978586426,0.1795169277,0.7596280223,0.0018369863,0.0007549259,0.36,0.262,52.411787580097,24.5151909648841
"19059",0.0484891075,0.0007558579,18.024303739,2987,0.0557194017,0.0289066972,8214.3,8.5,0.1115783008,2.739308104,3.024217695,0.1953775314,0.0845689245,0.0946352816,0.2479819265,0.1321386625,0.920201596,0.0004639564,0.0004639564,0.26,0.224,32.9489291598023,40.7016183738734
"19061",0.043499676,0.000793479,11.129316474,9443,0.0530275562,0.0206636631,8949.55,8.1,0.1183304828,3.0319590777,3.306371372,0.2265698953,0.093057373,0.1032656637,0.2796727371,0.1394885243,0.8793738588,0.0014123275,0.0008144078,0.373,0.238,58.783491120599,13.4067611327682
"19063",0.0675070028,0.0006361323,21.204410517,3225,0.0794939577,0.033436214,9727.48,7.9,0.1452586771,3.1442951193,3.2894451398,0.1880754331,0.1002341835,0.1065244119,0.2728551823,0.1512636249,0.8155697923,0.0017601988,0.0002070822,0.361,0.294,84.6769925554811,70.5641604629009
"19065",0.0541789445,0.0003536068,20.206102243,3076,0.063343055,0.0303464755,9810.13,8.4,0.123567452,2.9173949888,3.278263093,0.1943337257,0.0936394092,0.105088799,0.2782650191,0.1551860568,0.7822318008,0.0003490575,0.0009973073,0.385,0.276,82.3391026718199,23.5254579062342
"19067",0.0649958915,0.0003810976,15.879065041,5088,0.0752365567,0.0409214092,9632.21,8,0.1338603818,3.0738556953,3.2867364844,0.1867024327,0.0968171795,0.106658846,0.2786548146,0.1597466159,0.7276574864,0.0001260001,0.0004410004,0.43,0.283,40.1030013930516,21.1068428384482
"19069",0.0756566545,0.0002951594,23.612750885,2464,0.0883745397,0.0440118493,9711.07,8.3,0.1522956922,3.2603487366,3.3520811715,0.1797956546,0.104282407,0.1083719607,0.2792319923,0.1550203805,0.7228464419,9.83284e-05,0.0007866273,0.481,0.281,147.744434959617,131.32838663077
"19071",0.0488398204,0.0001439263,7.1963154865,4753,0.0560602128,0.0318268619,10714.24,6.8,0.1203901833,2.9716788875,3.1695500468,0.1950458167,0.0926994824,0.1013630369,0.2746371913,0.1459251655,0.4507458675,0.0001438849,0.0010071942,0.361,0.236,100.521755780001,95.7350055047628
"19073",0.0509572477,0.0004453847,25.60962031,3295,0.060040568,0.0289314046,10198.07,8.4,0.1316646918,3.0056871916,3.2644249229,0.1903424002,0.0946051177,0.1039859686,0.2802896095,0.1540136315,0.6890531277,0.0006658528,0.0001109755,0.402,0.303,37.0741111481852,55.6111667222778
"19075",0.036565492,0.0002432498,21.892483581,2003,0.0414878398,0.0254862508,9770.29,8.9,0.0997780336,2.5542658309,2.9329971841,0.203946502,0.0810692177,0.0931576326,0.2505747207,0.1267424858,0.7180599052,0.0003248599,0.0004872899,0.337,0.236,78.4844384303112,67.65899864682
"19077",0.0607607243,0.0003748828,20.618556701,3808,0.0690064429,0.040923825,9027.03,8.5,0.1186810464,2.8828216612,3.2120492259,0.1954877469,0.0921013082,0.1022754599,0.269673812,0.1523475404,0.7480372467,0.0001882353,0.0006588235,0.376,0.308,49.9765734811807,40.6059659534593
"19079",0.0565597668,0.0003307972,14.555077737,5009,0.0663727083,0.0328006728,10691.43,8.3,0.1186907078,2.7411620852,3.2043418174,0.20008174,0.0882372683,0.1005585611,0.2791061937,0.1507116734,0.848274102,0.0001989918,0.0010612895,0.359,0.256,66.4554859003611,57.5947544469796
"19081",0.0545825336,0.0002785257,26.924148176,3372,0.0618145563,0.0375663536,11004.64,8.5,0.1131230608,2.7747153987,3.1111829362,0.2057636407,0.0872578319,0.0986114273,0.2695508554,0.1351784482,0.7569879199,9.22935e-05,0.0006460545,0.342,0.202,108.298780865153,99.016028219568
"19083",0.0534696745,0.0004692633,24.636320976,2669,0.0620559967,0.0297462817,9833.86,8.5,0.1283272918,2.8655446116,3.2832132957,0.2074658214,0.0901505712,0.1009636847,0.2787940428,0.1439579151,0.854169043,0.0004644143,0.000522466,0.41,0.239,76.2582613116421,89.945641547065
"19085",0.0540612281,0.0003537068,15.563101302,1921,0.0627392862,0.0331851852,10509.23,8.3,0.1306406779,3.0103214001,3.254332489,0.1939156562,0.0931557403,0.1022028754,0.2989843966,0.143152704,0.5170819936,0.0002120291,0.0004240582,0.367,0.264,117.871708432542,28.2892100238101
"19087",0.0551420839,0.0007551729,12.586215577,3530,0.0656140683,0.0299684543,8195.71,7.7,0.149908573,3.0713211551,3.3828305602,0.2110958493,0.0963369241,0.1056743235,0.3069692052,0.1671298192,0.7855547282,0.0011126283,0.0002022961,0.357,0.269,80.3979699512587,20.0994924878147
"19089",0.0633190785,0.0005418292,15.171218032,2899,0.0749750748,0.0380504489,9483.26,7.7,0.1306304174,3.1196365916,3.3058683318,0.1970592474,0.0975267579,0.1062729259,0.2657709628,0.1511218321,0.8038887727,0.0002143163,0.0007501072,0.339,0.212,28.8319457959419,28.8319457959419
"19091",0.0540252828,0.0002091175,13.592639063,2609,0.0654470011,0.0267702936,9601.56,8.2,0.1319113186,3.1591547093,3.3649649655,0.1932221688,0.0999279512,0.1093552254,0.2795199347,0.1612391674,0.7234844626,0.0001054074,0.000527037,0.323,0.239,41.9609762920484,62.9414644380726
"19093",0.04834462,0.0002913328,21.849963583,6052,0.0553007823,0.0328554361,11096.25,8.8,0.116016164,2.8027297188,3.1372337218,0.1899775557,0.0889108652,0.1002048026,0.2606300307,0.1377607529,0.7805050078,0.0001431639,0.0010021475,0.318,0.288,106.326422115896,86.9943453675511
"19095",0.043691553,0.0006831025,16.767062038,3723,0.0504931389,0.0279415534,8787.76,8.6,0.117470108,2.7487907789,3.1670601421,0.2007345759,0.0860325233,0.0990491,0.2603780749,0.1389131312,0.7639254051,0.0005517749,0.0005517749,0.365,0.206,51.4880032952322,22.6547214499022
"19097",0.0540895366,0.0003614582,12.909222348,5554,0.0628805089,0.0325842697,9584.24,8,0.1239137191,2.9813336812,3.2505184382,0.1988556608,0.0947380535,0.1056963084,0.2685205225,0.1538885413,0.7474808545,0.0005649137,0.0003594906,0.344,0.281,77.2267032778445,17.1614896172988
"19099",0.0421429072,0.0004057783,15.6900936,3051,0.0505209357,0.0223958941,7986.74,8.4,0.1202336921,2.8447862254,3.2779153966,0.2020969845,0.089154703,0.0995462948,0.2695352403,0.1466100473,0.784702242,0.0009807127,0.0003813883,0.379,0.25,72.1884841320688,18.9494770846681
"19101",0.0745947607,0.0007599609,10.856584519,2798,0.0832436662,0.0447609359,9415.87,7.9,0.1393705622,3.2170148826,3.1251271629,0.1800907137,0.1013606054,0.1022125357,0.2936482803,0.1531361032,0.6666864573,0.001050304,0.0006633499,0.303,0.134,54.6517770936185,27.3258885468092
"19103",0.0550689757,0.0018162322,8.3774545942,3421,0.0645807968,0.027084908,8042.33,7.9,0.1218441805,2.8438413412,3.2702075764,0.2484138496,0.0901924632,0.1024715891,0.2666153254,0.1444233639,0.9157867392,0.0033026947,0.0024633735,0.27,0.166,31.5424245610346,12.0800774914601
"19105",0.0511099639,0.0004382548,11.199844176,3297,0.0598452124,0.0299544172,9738.71,8.2,0.1229230366,2.8445631611,3.1230671352,0.2065663915,0.089055755,0.0987690338,0.2604869483,0.1568407395,0.7688244985,0.0004403347,0.0004403347,0.35,0.266,42.1264116398516,42.1264116398516
"19107",0.0657662207,9.84931e-05,13.789027874,2706,0.0732309864,0.0475789474,9269.66,7.9,0.1312986895,2.9389552909,3.2605139272,0.1988715099,0.0935343761,0.1044674678,0.2798262352,0.1556984245,0.5550375797,0,0.00049412,0.383,0.251,39.3481326032069,55.7431878545431
"19109",0.0500174886,0.0005333689,24.001600107,3705,0.0568749239,0.0335590227,9632.09,7.6,0.118802585,2.8511492777,3.123175648,0.2108720398,0.0898191125,0.0994318716,0.2683768584,0.136231413,0.6402882326,0.0003308191,0.0003969829,0.397,0.3,55.5296417227516,62.1931987294818
"19111",0.0505476951,0.0005831754,16.91208631,4755,0.0601303781,0.025771131,9117.26,7.6,0.1494394117,3.3236944889,3.4700153308,0.1904359812,0.1050208665,0.1106055432,0.2989760415,0.1736914036,0.770258212,0.0007222302,0.000693341,0.385,0.255,51.473801777303,26.2225027922109
"19113",0.0416834442,0.0006023693,10.842647748,4201,0.0502821158,0.0206204446,9326.03,8.3,0.121750837,3.0130992956,3.396225688,0.2074725042,0.0904223313,0.1015615544,0.272527713,0.1466959012,0.9214822039,0.0015519194,0.0007443799,0.334,0.213,36.3265518807179,17.5677586964128
"19115",0.0892034233,8.94134e-05,14.306151645,3951,0.1021732569,0.0561456753,8526.66,9.1,0.1407694871,2.967812957,3.0878293151,0.196266529,0.0963240648,0.1024781362,0.2775197209,0.15836068,0.648897866,0.000179501,0.000359002,0.377,0.312,62.6959247648903,68.6669652186894
"19117",0.0557738815,0.0007030701,14.061401453,3881,0.0651991614,0.0322911328,8969.33,8,0.1250066225,2.9418549388,3.1655274645,0.1963188716,0.0910689554,0.1000758769,0.2648455721,0.1377152226,0.7293773882,0.0010408234,0.0008095293,0.37,0.264,54.2089367304267,38.7206690931619
"19119",0.0633423181,0.000339213,28.833107191,4206,0.0736659846,0.0444638187,9931.9,9.1,0.1097920147,2.6804482766,2.9791461816,0.2172873975,0.0834422556,0.0933340294,0.2535677055,0.1327271232,0.7009757361,8.50774e-05,0.0004253871,0.35,0.233,22.6263540458749,22.6263540458749
"19121",0.047518955,0.0005620433,11.865359395,3496,0.0559605489,0.0289373814,9369.5,8.6,0.115454343,2.9058077716,3.1418856483,0.2079218492,0.0880780237,0.0970958881,0.2757878273,0.1378882773,0.6950698386,0.000567895,0.000567895,0.381,0.263,58.1999584286011,54.0428185408439
"19123",0.0505010697,0.0005846638,18.439397347,3740,0.060433843,0.0282323323,9014.81,7.7,0.1226727531,2.9798232021,3.2299474773,0.196494578,0.0950157321,0.106237637,0.2760751551,0.1615404518,0.791430231,0.0013074253,0.000856589,0.3,0.254,28.6075644423031,16.562274150807
"19125",0.0419965577,0.0009666214,19.6344963,3318,0.0506714511,0.0225517833,8854.16,8.5,0.1119382052,2.777348626,3.0577055358,0.2090392067,0.0872953176,0.0978184125,0.2658777849,0.1437515219,0.8300159116,0.0009039139,0.0009943053,0.35,0.238,35.1049638418872,19.0569803713102
"19127",0.0813982444,0.000521247,13.403494837,2244,0.0979295413,0.0456241033,7865.21,8.5,0.1506535009,2.9607936922,3.1366238252,0.1810813081,0.0950193046,0.0997991964,0.2613448948,0.144151775,0.8164485338,0.001413971,0.0006697757,0.362,0.278,75.467942710709,10.7811346729584
"19129",0.0444111776,0.0005972923,9.291213167,4519,0.053002703,0.0243704305,10235.49,8.7,0.1114895391,2.758512149,3.0351814411,0.2283124402,0.0864291016,0.0964414964,0.2589687812,0.1516038119,0.5972508135,0.0004675394,0.0005343308,0.312,0.228,28.8229164357138,39.908653526373
"19131",0.0700483092,0.0002821936,18.812905653,2097,0.0799448656,0.0470723307,8984.68,8.4,0.1121691901,2.839292664,3.1452889999,0.2006887727,0.0889349134,0.100241165,0.2588961879,0.1370623336,0.7024870082,0,0.0005574654,0.382,0.205,62.5723492788537,65.7009667427964
"19133",0.0646492435,0.0008009153,10.297482838,5289,0.0759949196,0.0362506473,9990.7,7.9,0.1355439707,3.1218173281,3.3552681949,0.1772596088,0.0998844051,0.1098127545,0.2639004907,0.1571807996,0.682354214,0.0004495392,0.0010114633,0.334,0.277,79.796329368849,0
"19135",0.0579547279,0.0005098789,10.197578075,3190,0.0680009097,0.0339248434,9113.39,7.9,0.1392099862,3.1000786068,3.3538619442,0.1963478575,0.09950748,0.1084491833,0.2821472336,0.1599888364,0.7144291092,0.0002541296,0.0003811944,0.322,0.204,59.5617953626888,68.0706232716443
"19137",0.0657045196,0.0005918911,18.743217915,4565,0.077668193,0.0351694915,11525.91,7.6,0.1477322999,3.3338802481,3.5745711034,0.1930997494,0.1055294912,0.1144585709,0.2803676709,0.1630601114,0.8213221601,0.0005867971,0.0006845966,0.322,0.218,59.2787749053186,75.7451012679071
"19139",0.0516940076,0.0004664179,10.027985075,3245,0.0624574336,0.0273737465,9475.37,8.5,0.1460449987,3.1757278533,3.2887278395,0.2159370006,0.0987531552,0.103848491,0.2948903388,0.1510058182,0.8070417593,0.0004424779,0.0008616674,0.401,0.277,76.117096055115,15.5341012357378
"19141",0.0562108367,0.0006521267,27.53423665,2765,0.066353187,0.0337212772,9331.37,8.1,0.1237070332,2.8817581325,3.1769217437,0.2062137038,0.0903523799,0.1002006753,0.2670113349,0.1494676578,0.8107376024,0.00021398,0.0007845934,0.27,0.257,91.2124048870646,96.0130577758575
"19143",0.0758023649,0.0003308519,24.813895782,2784,0.0894236482,0.043085476,8530.76,8.6,0.1245135977,2.9953831371,3.1534200204,0.1943981531,0.0927507068,0.1004038127,0.2704885852,0.1421252998,0.6196224079,0,0.0001649077,0.368,0.234,44.0795636123202,55.0994545154003
"19145",0.061992062,0.0005911718,24.303730951,4462,0.0719706552,0.0332625619,11309.45,7.3,0.1454097942,3.2490990078,3.3271110674,0.1863104898,0.101637419,0.1088663439,0.2820130799,0.1714072989,0.8078081848,0.0010395686,0.0009096225,0.427,0.24,104.65724751439,89.3947322518751
"19147",0.0468054559,0.0003299604,17.597888253,2918,0.0549051272,0.0269503546,10047.45,8.2,0.1211353826,2.9259918862,3.1911008983,0.1958546068,0.0907270987,0.1016118104,0.2671412223,0.1434270967,0.814457064,0.0006632033,0.0007737372,0.332,0.297,77.5823851041821,103.443180138909
"19149",0.0519701914,0.0004361618,16.653449643,3816,0.060915124,0.0325439267,9384.1,9,0.1217491321,2.7958599494,3.1024927924,0.2140129797,0.0875691105,0.0980543417,0.258690083,0.138119866,0.7555030817,0.0012301587,0.0003968254,0.331,0.302,63.563530424419,14.5666423889294
"19151",0.0594759992,0.0002921414,29.214139644,3593,0.0682492582,0.0383406662,9769.01,8,0.1369411841,3.1174693467,3.3151753731,0.1914368477,0.0983615129,0.1069844816,0.2775469553,0.1534590332,0.7149110807,0,0.0004356666,0.374,0.278,48.8472059398202,68.3860883157483
"19153",0.0551049025,0.0009899757,12.639312621,3385,0.0669182858,0.0267361195,8322.71,8.3,0.130478085,3.0855557762,3.3437623063,0.2127040109,0.0945490319,0.1018447506,0.3011557275,0.1744367231,0.9286689578,0.0021390374,0.0010927233,0.335,0.183,38.5287291963919,13.5820700044835
"19155",0.0558909394,0.0004604545,11.350737798,4649,0.0673966431,0.0279252965,9601.2,7.7,0.1361617251,3.163708002,3.3642883704,0.2006941467,0.0994514927,0.1035563788,0.2960922302,0.1679269307,0.817192297,0.0016669872,0.0007266355,0.419,0.266,40.641566340227,16.3992285232495
"19157",0.0551348076,0.0009282516,14.742819701,2598,0.0640199543,0.0327176781,7487.36,8.1,0.1237532814,2.802189105,3.1663828806,0.2032558841,0.088663701,0.1014889623,0.2545328105,0.1385274298,0.741144126,0.0009172827,0.0008093671,0.339,0.227,72.0123861304144,68.4117668238937
"19159",0.0757855823,0.0011918951,13.905442988,2369,0.0836210203,0.0592051906,10581.41,8.4,0.1353419508,3.1017679038,3.3416453513,0.1778750892,0.0984132369,0.1076721635,0.2692177592,0.1494060678,0.6431494835,0,0.0005919495,0.321,0.241,33.178500331785,33.178500331785
"19161",0.0598324691,0.0006111847,22.41010492,2304,0.0675474507,0.0404984424,9172.78,7.8,0.1223395419,2.8278128028,3.1052895148,0.1898692667,0.0884105737,0.0998389294,0.2799918015,0.1406990508,0.7949758454,0.0006075334,0.000708789,0.369,0.303,88.3992928056576,84.99932000544
"19163",0.0502531185,0.0008753167,10.840014144,5229,0.0609251488,0.024221616,9769.13,8.2,0.1338626136,2.9919673029,3.3839662809,0.2231244286,0.0917570739,0.1022725918,0.2835142818,0.1637180168,0.940934731,0.0010842214,0.0007247469,0.341,0.221,55.7628708037957,14.8572354736757
"19165",0.0515107593,0.0005159959,14.619883041,3504,0.0600750939,0.0313306303,10608.98,8.2,0.1223231983,2.9478539821,3.3031824436,0.180815654,0.0927682059,0.1033341312,0.2551184967,0.1429737432,0.5541218049,0.0005932203,0.0005932203,0.337,0.246,71.4163286293778,68.5596754842027
"19167",0.0667687707,0.0008032129,27.538726334,2241,0.0812510343,0.0398316395,10192.51,9.2,0.1182146059,2.730594557,3.0976130014,0.2090735545,0.085343097,0.0971343807,0.2485691973,0.1242177917,0.8304058865,0.0010029228,0.0004871339,0.284,0.205,42.0380826812654,41.0826717112366
"19169",0.0529737444,0.0006769092,12.717687842,3329,0.0599389712,0.0292411368,8302.88,7,0.1346437554,3.2285702742,3.2307697815,0.2386587762,0.1016596813,0.1069625436,0.2563599397,0.1452000958,0.9208751201,0.0018230508,0.0004325883,0.289,0.165,52.6141368035887,7.51630525765553
"19171",0.0769174258,0.0002344941,14.655879939,3975,0.090132333,0.0466824645,9271.28,8.3,0.1302274418,2.9783520819,3.3314771838,0.1947411473,0.0945067735,0.1057923631,0.2675324884,0.1596239644,0.7734001238,0.0004041804,0.0004041804,0.334,0.271,58.5011992745851,11.700239854917
"19173",0.0691331924,0.0001618647,16.186468113,2319,0.0796645702,0.0443383356,9973.84,8.8,0.1469913799,3.2863934832,3.3277072944,0.1901542991,0.1034244347,0.1095400459,0.2641737926,0.1564929023,0.6393857844,0.0001608752,0.0004826255,0.341,0.216,80.7102502017756,75.3295668549906
"19175",0.0596349305,0.0008032129,11.24497992,2996,0.0690599769,0.0350385424,7863.67,7.9,0.1402626519,3.1528842534,3.3280845049,0.1922792128,0.0986220571,0.1080898886,0.2818886836,0.1633024557,0.8714696027,0.0014492754,0.0006441224,0.369,0.28,26.8607805742835,16.1164683445701
"19177",0.0791082344,0.0009780634,6.9861673886,4260,0.0896984925,0.0534534535,10327.58,6.7,0.1281530206,3.0120563964,3.2683270631,0.1909794584,0.0948015976,0.1049382251,0.2659622234,0.1490586525,0.5927344782,0,0.000825196,0.325,0.186,37.2995151063036,37.2995151063036
"19179",0.0679455002,0.0005707111,14.267777651,3711,0.0809748428,0.0337092891,9767.25,6.4,0.1629424574,3.3469699946,3.6047423622,0.1813725308,0.108614544,0.1164244106,0.3071109695,0.1810190979,0.6681824561,0.0009719284,0.0011148591,0.317,0.219,20.9063869011983,21.8566772148891
"19181",0.03854804,0.0005781153,10.764906405,3454,0.046495585,0.0208941466,8884.55,8.8,0.1138717342,2.8361685882,3.0001250942,0.2135670248,0.0863740809,0.0953549126,0.2743444019,0.1473452045,0.7327852893,0.0002012437,0.0003018655,0.369,0.161,40.4214432443178,19.216751706315
"19183",0.0591281109,0.0006732193,20.196580046,3325,0.0709009154,0.0336221837,8662.45,8.8,0.1214911499,2.8251978199,3.1600630937,0.1991186654,0.0895664728,0.0996606603,0.279999229,0.1393456806,0.7803630667,0.0005385755,0.0004488129,0.325,0.229,104.942806170637,20.9885612341274
"19185",0.0741631589,0.0006176652,13.897467573,5064,0.0860152136,0.0484848485,9643.87,7,0.1330738223,3.1398595265,3.4578328053,0.1866219836,0.1003263521,0.1108069771,0.2657589231,0.1594121896,0.5452131813,0,0.001549907,0.486,0.278,5.1735733871385,5.1735733871385
"19187",0.0585964529,0.0005190548,14.205709603,3464,0.0702809216,0.0292985723,8658.15,7.5,0.1445906277,3.3079612496,3.4415884762,0.2073626085,0.1035415396,0.110025878,0.2857046443,0.1685277885,0.7529003236,0.0022301395,0.001387038,0.375,0.256,65.6628758515654,18.2396877365459
"19189",0.0508221226,0.0004722773,13.223764995,3032,0.0591098748,0.0313676286,9195.66,8.3,0.1263255546,2.9441457105,3.1593450127,0.197612055,0.0928987159,0.1018222528,0.2729297151,0.1398619387,0.8689490153,9.40645e-05,0.0003762581,0.401,0.233,94.5298714393748,113.43584572725
"19191",0.0465050931,0.001089055,18.315924954,2375,0.0531451307,0.0291688178,8245.55,8.6,0.1041947757,2.6721106871,2.9978167891,0.2256736812,0.0841117967,0.0945427582,0.2601848416,0.1286678106,0.7643901976,0.0022372453,0.0009240796,0.313,0.247,64.1542333569114,69.0891743843661
"19193",0.0812992732,0.0006638745,13.76563278,4317,0.1027764497,0.0343636297,9526.95,7.9,0.1595314202,3.3509788967,3.3615075039,0.1918378192,0.1065847918,0.1090862974,0.2794647693,0.1682738749,0.9449947148,0.0019945709,0.0009340429,0.348,0.269,61.7390258881484,14.2974586267291
"19195",0.0574789916,0.0002677735,16.066407819,3921,0.0643115942,0.0392879067,9032.37,8.6,0.1195326336,2.9142506063,3.133661416,0.2025424815,0.0901134148,0.0995623639,0.2604565428,0.1478309645,0.7076862332,0,0,0.324,0.255,57.7931892949231,53.3475593491598
"19197",0.0700805876,0.0003911139,28.942428035,2834,0.0831868776,0.041161455,9004.13,8.6,0.1507769757,3.0981506544,3.3692286076,0.1927290943,0.099225214,0.1076524258,0.2672669257,0.1498488367,0.7472220122,0.0005477737,0.0011738008,0.384,0.302,62.7401772410007,67.9685253444174
"20001",0.0911913881,0.0006390287,11.981787683,5582,0.1073708648,0.052359628,11321.46,6.3,0.1620845778,3.3524084192,3.4756953195,0.1490581633,0.1031989972,0.1094236441,0.2876951539,0.1635792051,0.7296387705,0.0012584552,0.0010224949,0.391,0.33,69.007617379303,13.270695649866
"20003",0.1038575668,0.000382995,11.489850632,3071,0.1260786194,0.055359839,12336.19,7.4,0.1515822424,3.3043712345,3.407224502,0.1513210234,0.1025004358,0.1099742501,0.2890120226,0.1647922471,0.5454208837,0.0003832886,0.0006388144,0.349,0.242,42.4844931599966,38.2360438439969
"20005",0.0741395947,0.0005510654,14.695077149,5497,0.090312176,0.0386178862,10481.97,7.2,0.1611556075,3.3102360254,3.5308519022,0.1711708084,0.1032344234,0.1120173428,0.3461800046,0.1854781231,0.7445048452,0.0013431013,0.0008547009,0.373,0.296,36.8060525508639,12.2686841836213
"20007",0.1389438012,0.0004361099,28.34714348,4831,0.1528332003,0.1069124424,13660.82,7.9,0.1460813061,3.212496206,3.2613396286,0.1561387598,0.0999189511,0.1054957172,0.2909941845,0.1744632781,0.5492696976,0.0002133106,0.0008532423,0.304,0.28,87.2981230903536,72.748435908628
"20009",0.1289109005,0.0005287808,20.395830186,4460,0.1552907916,0.0667909289,11361.25,7.5,0.1743497677,3.4883618168,3.4947582534,0.1595820959,0.1080073354,0.1114450988,0.2745667159,0.1697873119,0.7483197225,0.0019794585,0.0011577965,0.374,0.282,84.4232756230942,20.1607822383508
"20011",0.1033466274,0.0005422258,14.233428223,4004,0.1245230221,0.0587160752,10090.53,7.1,0.16729619,3.591808943,3.6733123927,0.1592718582,0.1143893133,0.1192188321,0.3013561138,0.1994617944,0.430765175,0.0007525484,0.0009577889,0.372,0.272,74.9591132109758,74.9591132109758
"20013",0.1051121544,0.0010372368,23.856446427,2321,0.1300643696,0.052,11870.05,7.9,0.1636916341,3.4821110844,3.5164228694,0.1457682532,0.1059414694,0.110823655,0.2865788911,0.1832491686,0.5642027244,0.0028913672,0.0007228418,0.401,0.344,41.4894720464682,41.4894720464682
"20015",0.0789492701,0.0006280092,12.261132211,3928,0.0938711367,0.0479002263,10006.39,7.9,0.1311784988,3.1431258837,3.3596820145,0.1773773261,0.0911817612,0.1010736022,0.3240403364,0.1772630604,0.6789162113,0.0011040656,0.000462514,0.367,0.267,50.3318914824486,24.4184424023761
"20017",0.1031953903,0,0,2063,0.1169977925,0.0699658703,8148.25,5.4,0.1410374278,3.0978801807,3.2749778531,0.1538833227,0.0963580321,0.1028275893,0.2982826854,0.1554455088,0.6831541219,0,0.0003746722,0.421,0.216,12.5297581756672,12.5297581756672
"20019",0.1629418935,0.0002973536,17.841213202,4310,0.1890072911,0.0937062937,10929.3,6.7,0.1555248342,3.4121297456,3.5049405007,0.1432974944,0.1065384221,0.1129658072,0.2914621398,0.1646485255,0.1727991278,0,0.002667457,0.349,0.306,129.40473820426,99.5421063109695
"20021",0.1062472912,0.0002485707,11.931394482,5063,0.1260025873,0.057895829,11725.62,7.7,0.1559777283,3.3175346561,3.41880159,0.1510008167,0.1042626665,0.1133082374,0.3332823916,0.1971461063,0.4287367495,0.0013829892,0.0016299516,0.403,0.319,64.5952033920763,18.2191599310984
"20023",0.1351351351,0.0003727171,22.363026463,5549,0.1433666191,0.1196581197,13534.71,8.4,0.1343923374,3.0309597978,3.224710077,0.1428580612,0.0931556984,0.1009969105,0.2844872187,0.1423263278,0.7043286867,0.0003757986,0.0015031943,0.346,0.251,62.4687656171914,62.4687656171914
"20025",0.124516129,0.001996008,34.930139721,2854,0.1425925926,0.0841683367,12029.89,5.7,0.1652957122,3.41407914,3.4151834156,0.1445046218,0.1070327301,0.110763552,0.2917557061,0.1660991405,0.418510158,0,0.0024131274,0.363,0.261,16.4446637066272,16.4446637066272
"20027",0.082090775,0.0012565971,26.388539834,5142,0.0986505351,0.0441408303,12453.71,7.9,0.1296967479,3.0461233628,3.1404095427,0.1575297116,0.0921694979,0.0984713404,0.2775388118,0.1482304428,0.7473930873,0.0006140243,0.0004912195,0.318,0.285,62.2458295294215,66.3955514980496
"20029",0.0924394566,0.0004448893,31.142253364,5937,0.1135407906,0.0433962264,8923.14,7.2,0.1608243804,3.3933652573,3.3989080426,0.1489634078,0.1059158913,0.1110171093,0.2956433414,0.1690223328,0.6722962341,0.0018579235,0.0006557377,0.382,0.267,126.53516933383,111.648678823967
"20031",0.0767807586,0.0008511673,9.7276264591,4901,0.0890816758,0.0451855836,9522.57,7.3,0.1331564824,2.9999888207,3.2544925012,0.1616725782,0.0909752777,0.0998728426,0.3028974309,0.1555831053,0.5762120684,0.0010672359,0.0005929088,0.418,0.27,64.2828445158698,76.3358778625954
"20033",0.1452599388,0.0011173184,44.69273743,6156,0.1616972477,0.1118421053,10521.51,8.6,0.1235095344,2.8521840105,3.0878798231,0.1523626786,0.0881212044,0.0971270978,0.2708918057,0.1432557967,0.5552617663,0,0.0016111708,0.283,0.243,148.148148148148,0
"20035",0.1039605767,0.0005090354,16.6850485,3662,0.1251044277,0.0567761332,9841.62,6.9,0.1648433065,3.4937736365,3.5557782858,0.1439181625,0.1086707985,0.1112152477,0.3200466073,0.1840097142,0.7124838203,0.0012026963,0.0005593936,0.391,0.303,70.5337997968627,16.928111951247
"20037",0.1187607027,0.0008197981,11.784598043,4253,0.1432120978,0.0516545601,10919.95,6.3,0.1727868099,3.5047994478,3.7880988008,0.1739057611,0.1139859837,0.1197560132,0.3144793493,0.1888213665,0.788265958,0.001991625,0.0016341538,0.313,0.263,89.5774503698269,15.3561343491132
"20039",0.1256645723,0.0003466205,24.263431542,3657,0.1362738644,0.1001727116,13063.69,7.1,0.1478295986,3.2546531862,3.3257595495,0.1393837644,0.0996645313,0.1057293532,0.2827893204,0.1534392638,0.704154002,0.0003531073,0.001059322,0.359,0.354,69.8649278062413,69.8649278062413
"20041",0.0982532751,0.0003703312,21.690826368,4622,0.1151498075,0.0593490747,11372.93,8.1,0.133477754,2.9161931416,3.2281808935,0.1679611012,0.0919647754,0.1029946089,0.3060206926,0.1701996524,0.4698795181,0.0002622744,0.0007343684,0.401,0.299,104.087645325759,10.5851842704162
"20043",0.099318569,0.000388249,14.235796558,4396,0.1165413534,0.0547058824,9921.09,6.4,0.132234523,3.1694487894,3.1829303899,0.1594743607,0.0971650842,0.1013522782,0.2899114109,0.1621963215,0.2750157332,0.0001304802,0.0003914405,0.358,0.278,43.3407012525463,43.3407012525463
"20045",0.0924404563,0.0008692557,9.2720604671,3077,0.1077698501,0.0438552189,8900.65,7.3,0.1311803158,3.4171396622,3.6388120957,0.218617902,0.1034535188,0.1069933657,0.2833795938,0.1511177343,0.9217602368,0.0026875419,0.0006195579,0.28,0.163,36.7739562970561,14.6542833364209
"20047",0.1707638279,0.0003456619,10.369858279,4429,0.1905055487,0.1203438395,13366.97,8.5,0.1618378781,3.3334924983,3.3477444278,0.1439635187,0.1025475377,0.1058384759,0.298322317,0.15720453,0.7128745473,0,0.0003403676,0.351,0.237,11.5207373271889,11.5207373271889
"20049",0.1407322654,0.0004003203,12.009607686,3332,0.1648089172,0.078125,10851.85,4.6,0.1640897757,3.4485759057,3.4483549259,0.1292466717,0.1063441704,0.1114362088,0.2789632234,0.1602926605,0.2904233171,0,0.0003926188,0.334,0.301,13.2397722759169,13.2397722759169
"20051",0.0881457682,0.0006622747,11.502666527,3913,0.105335392,0.0415632754,10294.96,7.5,0.1285049134,3.1551864493,3.1136949213,0.1924954281,0.0974347588,0.1007079852,0.2904353682,0.164243249,0.9003936454,0.0026303949,0.0015920811,0.306,0.256,75.3256385296435,13.9062717285496
"20053",0.0861819933,0.0006319115,18.957345972,7493,0.0984473076,0.0541913633,13380.62,7.6,0.1311989243,2.9943352413,2.9941752068,0.1757374528,0.0903399508,0.0934649663,0.3028474544,0.1445520765,0.6375250115,0.0003160556,0.0006321113,0.401,0.311,74.2548000424313,63.6469714649411
"20055",0.1491591443,0.0006202136,10.247006795,5128,0.1915033601,0.0713061364,9749.06,8.4,0.1855155699,3.3577584542,3.3228328347,0.1409304022,0.1122152015,0.1072076152,0.3142350255,0.1757723981,0.8515064172,0.0011981918,0.0007080224,0.382,0.28,32.6036751587165,12.6792070061675
"20057",0.1802487345,0.0004072017,6.9805997499,3704,0.2335972565,0.077796869,9737.8,8.7,0.2165349843,3.564793614,3.1686319251,0.1538290066,0.1145035262,0.1076557023,0.3137989198,0.169167943,0.7773871425,0.0008831062,0.0005887375,0.319,0.279,55.7511737089202,21.5179968701095
"20059",0.0803529077,0.0004274667,12.435394241,4888,0.0958747648,0.0449885233,10409.88,6.7,0.1497770477,3.1711548722,3.2073189035,0.1610825776,0.0972689907,0.1021518024,0.3134783388,0.2013911819,0.5627885503,0.0016823161,0.0003521127,0.336,0.247,59.7992824086111,6.49992200093599
"20061",0.0789640345,0.0003544528,7.6798109585,2710,0.1018060741,0.0358061137,9526.74,6.3,0.1698634473,3.2182190462,3.2430764965,0.1774536438,0.0993764751,0.1028405715,0.3308369241,0.1809620679,0.8556545021,0.0026976901,0.0022480751,0.385,0.223,22.5412848532366,29.401675895526
"20063",0.1578411405,0.0015203345,34.207525656,7158,0.1637168142,0.1448818898,14744.23,7.4,0.1365150386,3.1607646586,3.214575241,0.1522005054,0.09642626,0.1022829034,0.283073759,0.1503968534,0.5858998145,0.0003862495,0.0003862495,0.323,0.277,76.608784473953,76.608784473953
"20065",0.1174200662,0.0004008016,24.048096192,5468,0.1287650602,0.0861056751,12761.17,7.7,0.1394820472,3.1230853925,3.1865570112,0.1478104047,0.0946817692,0.1000847898,0.2928692949,0.1453887064,0.7046592222,0,0.0003900156,0.314,0.301,105.946232287114,105.946232287114
"20067",0.170153417,0.0005314908,18.602179112,7021,0.2162684045,0.0887792848,8118.09,9.5,0.182821507,3.2994881791,3.1669298528,0.1518616683,0.1050981959,0.1042300244,0.298040847,0.1658294992,0.8009962958,0.0001307873,0.0002615747,0.359,0.259,4.44286475919673,0
"20069",0.1789244761,0.0001678416,21.819402484,2667,0.1990436342,0.1401766004,8343.44,7.9,0.1293328843,2.8087418651,2.9595323718,0.1621936813,0.0882645773,0.0949578862,0.2798006995,0.1372457748,0.4648684649,0.0001657275,0.0003314551,0.321,0.303,133.148404993065,122.052704576976
"20071",0.1380368098,0.0008006405,32.025620496,6956,0.1509715994,0.1059190031,14449.73,5.8,0.144491289,2.9379642381,3.0980158038,0.1543096709,0.0908962338,0.0967379442,0.2824305668,0.1414944618,0.0040096231,0,0.0030864198,0.342,0.277,26.5111346765642,0
"20073",0.1110134095,0.0004899559,16.331863466,2684,0.1305800182,0.0594059406,12641.61,6.6,0.1765896714,3.5902049558,3.5121043444,0.1391635029,0.1085484162,0.1108761783,0.2910925069,0.1664574212,0.6009866946,0.0001625752,0.0006503008,0.347,0.313,120.028370342081,136.395875388728
"20075",0.2343263673,0,22.727272727,2699,0.2688172043,0.1658354115,13338.76,5.6,0.1894843189,3.4477847139,3.2940984255,0.1532492704,0.1072806659,0.1073423591,0.3012677934,0.1735021142,0.8026022305,0,0.0007886435,0.392,0.251,12.8485159964024,12.8485159964024
"20077",0.1387149153,0.0005366726,25.044722719,5034,0.157734057,0.099009901,12475.86,7.4,0.1351834441,3.1471403412,3.2672825819,0.1489170782,0.095243517,0.103020857,0.2846722173,0.1627330908,0.7058336095,0.0001759015,0.0022867194,0.328,0.288,113.223288242655,131.100649544127
"20079",0.1016692518,0.000839509,17.948124132,2680,0.1262956466,0.0481332567,9670.34,8.1,0.1406799892,3.0302847727,3.1733217677,0.1432969932,0.0949509505,0.101080441,0.2886032977,0.1478761549,0.7538634529,0.0034371151,0.0010884198,0.302,0.24,85.8518139813055,13.5047797273964
"20081",0.2191304348,0.0002467308,19.738465334,4175,0.250650477,0.1555183946,10119.31,5.9,0.1762864602,3.376149694,3.3822881487,0.1536868887,0.1055893541,0.1062655091,0.3002084331,0.1648834044,0.4492481203,0.0002496256,0.0009985022,0.333,0.271,8.29462508294625,0
"20083",0.141754386,0.0016286645,16.286644951,6783,0.1525590551,0.1162790698,14450.31,8,0.1137926193,2.575236548,2.8587380388,0.1568363652,0.0791928356,0.0896629593,0.2659271122,0.128767492,0.5386221294,0,0.0010695187,0.387,0.256,18.0831826401447,0
"20085",0.0970945883,0.0006757771,8.2594984232,5003,0.1166442953,0.0555396507,11235.67,8.1,0.1449938743,3.0505482717,3.1761714062,0.1664720359,0.0923752388,0.1004122539,0.3096215873,0.1543158495,0.4896746397,0.0003009555,0.0005266722,0.383,0.255,52.6460929078192,45.1252224924165
"20087",0.0914318945,0.0004737341,11.580166333,3270,0.1057873486,0.0569993448,9404.22,8.7,0.1283392308,2.957123842,3.200182951,0.1694746302,0.0892077203,0.0992366868,0.2748849237,0.1716113975,0.5472655025,0.0002645923,0.0003704292,0.357,0.2,56.2686829611394,28.1343414805697
"20089",0.1231847772,0,21.052631579,4192,0.1341463415,0.0942028986,12917.86,7.5,0.1594625815,3.5079042801,3.4744092572,0.1289512758,0.1091380152,0.1131629692,0.2816840585,0.166821201,0.5131621709,0,0.0006894174,0.302,0.251,11.6387337057728,11.6387337057728
"20091",0.0716426629,0.001226365,8.6099279743,3919,0.0857718974,0.0391513138,10557.46,8.6,0.0893509086,2.3235109416,2.7134786175,0.2003202937,0.0693698659,0.0833294792,0.2511579406,0.1199043891,0.9471975214,0.0021438923,0.0009564532,0.262,0.167,50.0794051829929,16.4675521547679
"20093",0.1730941704,0.0007575758,12.626262626,6494,0.2035278155,0.1148648649,10643.69,6.4,0.1648888114,3.1886844718,3.2958311792,0.1582569438,0.1016431403,0.1042160547,0.3033009256,0.1579788957,0.6351521247,0.0005105948,0.0020423794,0.38,0.223,8.46023688663283,8.46023688663283
"20095",0.092670895,0.0001358696,19.02173913,4737,0.1071863581,0.0575194727,11388.28,7.8,0.1215520243,2.8507324198,3.1042637844,0.1639703053,0.0871115363,0.0957417727,0.2955262492,0.1460344422,0.5222702978,0.000669613,0.0014731485,0.312,0.325,189.727605366581,135.519718118986
"20097",0.1320441989,0.0004024145,52.3138833,3293,0.1477093207,0.0968309859,8810.33,5.3,0.1448332361,3.169320848,3.3625117281,0.156322639,0.098714391,0.1062103964,0.2780762753,0.1639326122,0.1907559734,0.0048328635,0.0016109545,0.35,0.257,66.8091929449492,106.894708711919
"20099",0.1049493883,0.0006949615,14.39563167,3663,0.124033701,0.05872622,10763.3,7.3,0.1717751054,3.6626540157,3.6416139359,0.1594240184,0.1124505858,0.1172097662,0.3094428182,0.2093541939,0.694080622,0.0007337116,0.0007337116,0.38,0.319,72.6636169966806,19.8173500900038
"20101",0.1376994123,0.0006414368,38.486209108,2948,0.1520467836,0.0952380952,14398.57,8.2,0.1241996542,2.9543588743,3.2326848708,0.1564018459,0.0884527874,0.0986317257,0.2847066163,0.1444113199,0.02,0,0.0018337408,0.345,0.283,21.0304942166141,21.0304942166141
"20103",0.0682117131,0.0004439238,7.5220420494,4570,0.082513502,0.0372541228,10839.9,7.5,0.1421261131,3.1894185062,3.1392846496,0.1683392843,0.0928819564,0.0946162721,0.3491554601,0.1608345553,0.7923308014,0.0018951673,0.0007356242,0.354,0.247,29.6722453235305,18.1330388088242
"20105",0.1072830353,0.0003286231,16.431153467,6174,0.1156211562,0.0865248227,14101.37,7.6,0.1324721226,3.062231773,3.2095440854,0.1499792043,0.0944099869,0.1020963882,0.2987871812,0.1672246199,0.2045664918,0,0.0006508298,0.312,0.22,54.7105810263705,0
"20107",0.1146513798,0.0002056344,7.1972033724,4863,0.1333082282,0.0709003915,10307.89,7.5,0.1628768238,3.5367987865,3.3494923878,0.1484140364,0.1032879618,0.1071593382,0.3128430538,0.1746740055,0.6359776305,0.0006277464,0.000523122,0.395,0.31,55.1078046428325,65.4405180133636
"20109",0.1009379187,0.0007089685,17.724211273,8354,0.1158227848,0.0648414986,14747.9,8,0.1224570402,2.8342644168,3.0898889621,0.1638383024,0.0861751969,0.0949536564,0.275484608,0.1470936972,0.7605224964,0,0.0017661604,0.325,0.297,94.1619585687382,0
"20111",0.1227535007,0.0006288931,10.781025395,3775,0.1474966171,0.0576319916,10506.11,7.5,0.1802018463,3.4642457142,3.4471398762,0.1587494032,0.1117708299,0.1128577617,0.289964368,0.185786535,0.7097358267,0.0028648165,0.0004774694,0.384,0.225,26.9170953463333,20.9355186027037
"20113",0.090378625,0.0007315034,24.035112164,2827,0.1109389526,0.042437276,8987.23,8,0.1217500633,2.688595507,2.9414590284,0.160546288,0.0831345445,0.0926194791,0.2789265189,0.1358984069,0.7428032899,0.000867935,0.000520761,0.301,0.232,109.240084138107,16.26979976525
"20115",0.1073504274,0.0003337227,27.532120808,2983,0.1260772423,0.0627836611,9956.37,7.7,0.1225257213,2.8864374879,3.2059494097,0.1498368215,0.0898416001,0.1014228671,0.2772829834,0.1434142915,0.5237756714,0.0004953765,0.0005779392,0.404,0.27,58.2556591211718,83.2223701731025
"20117",0.0846143739,0.0005130836,22.575679836,6306,0.1009191521,0.0476190476,10844.17,8.2,0.1336165063,3.0947577972,3.2723374986,0.1501129837,0.0963459388,0.1035942235,0.2750733081,0.1514557017,0.504003163,0.0004066694,0.0007116714,0.377,0.259,34.1261986827287,47.7766781558202
"20119",0.1531114327,0.000232396,32.53544039,4455,0.177787344,0.1045643154,11281.27,7.2,0.1449349849,3.1934281864,3.122592082,0.1531408761,0.0965264359,0.1006130368,0.2876017027,0.1501011927,0.6791256831,0,0.0014231499,0.36,0.325,78.9577575996842,78.9577575996842
"20121",0.0715988729,0.0004781686,13.448492275,4909,0.0839372912,0.0441836382,10361.25,8.5,0.1468003619,3.2269415565,3.2030783856,0.1628276933,0.0937641591,0.0973371667,0.309283678,0.1569734907,0.6326897856,0.0015471423,0.0003943696,0.327,0.278,44.9527995604615,24.9737775335897
"20123",0.101884312,0.0009791123,21.214099217,5490,0.1171508903,0.068197634,11791.19,7.8,0.1270993822,3.1126677655,3.1192943954,0.1616784557,0.0929637629,0.0979878267,0.2812743747,0.147371513,0.7911501648,0.000800897,0.0003203588,0.296,0.25,102.586253442039,107.985529938988
"20125",0.1255523267,0.0003378793,19.351271655,4530,0.1522638409,0.064516129,10388.32,7,0.1727817846,3.5707080793,3.6829579028,0.1574212856,0.1123122625,0.1170146687,0.3274847241,0.1866928044,0.7460178738,0.0020765895,0.001129909,0.394,0.314,65.69358050543,20.5292439079469
"20127",0.1089036056,0.0005499542,20.164986251,4733,0.1227197347,0.0704727921,10695.18,8,0.1296615307,2.903492197,3.1393599407,0.1499395,0.0899198844,0.0994332216,0.2677067241,0.1456228374,0.5267600878,0.0003588731,0,0.338,0.256,48.3412895038975,48.3412895038975
"20129",0.158839779,0.0010948905,29.197080292,6391,0.1832460733,0.1029411765,11332.94,8.2,0.1630641683,3.1326853945,3.2453048398,0.1531606935,0.0965003743,0.1010644565,0.2944112377,0.1451195857,0.9307145067,0.0003511236,0.0010533708,0.34,0.315,157.48031496063,145.366444579043
"20131",0.0835809807,0.0009883376,12.84838901,3976,0.0981945468,0.0551971326,9920.46,8.1,0.1179576178,2.9394101821,3.016853349,0.1540371105,0.0907568357,0.0978023866,0.2874128952,0.1383478814,0.4084299469,9.76467e-05,0.0004882336,0.338,0.288,111.424264272137,95.0383430556466
"20133",0.0923064607,0.0006244146,17.483609116,8058,0.1106017192,0.0518108652,12724.61,7.5,0.1682781653,3.4411257841,3.6740598753,0.153537756,0.1074819666,0.1161358154,0.3076247556,0.1888067318,0.7430353682,0.0010528924,0.0011148272,0.375,0.307,110.15962753575,10.3924176920519
"20135",0.1612903226,0.000697107,31.369815267,4467,0.1731147541,0.1321044547,10087.21,8,0.1464405487,3.1750115062,3.3639872286,0.1394442247,0.09964865,0.10692886,0.2749462279,0.1514420119,0.2146765369,0,0.0006752194,0.341,0.24,11.5326951908661,11.5326951908661
"20137",0.1031790296,0.0005513692,18.378974453,2466,0.1164410058,0.0686367969,9166.15,7.6,0.1417177215,3.11425179,3.1867342908,0.1674921623,0.0963037029,0.1004947789,0.2930075971,0.16347306,0.6386880621,0.0007281995,0.0003640998,0.299,0.284,67.2207284282571,97.7756049865558
"20139",0.0997466751,0,9.510524981,4010,0.1176535817,0.0567375887,9778.86,7.9,0.1391364626,3.0762062286,3.2764776018,0.1667330346,0.0935545514,0.1017356796,0.2838746474,0.1548358278,0.6449217551,6.31194e-05,0.0003787162,0.424,0.301,115.653124737152,21.0278408613004
"20141",0.123185709,0.0005540166,27.700831025,6383,0.1373966942,0.0883838384,11153.02,7.3,0.1489129312,3.2238510923,3.3252024928,0.1459526584,0.0994594844,0.1057138665,0.2797165226,0.1551057781,0.4696734059,0.0008237232,0.0008237232,0.337,0.305,55.933625431155,55.933625431155
"20143",0.0943152455,0.0003411223,15.350503155,2262,0.1067786443,0.0642135642,10163.78,8,0.1198388327,2.9189325314,3.1337420347,0.1674839831,0.0869920465,0.0957117758,0.2996113355,0.1439298157,0.4071581021,0,0.0001689189,0.347,0.326,90.9866363377879,90.9866363377879
"20145",0.0894941634,0.0010479042,14.97005988,3344,0.1045751634,0.0404515522,12657.12,8,0.1395265044,2.9835212657,3.0896523604,0.1658026375,0.0930444896,0.0978934605,0.3128888858,0.1545952572,0.6460633874,0.0062286816,0.0016313214,0.405,0.302,65.0487865899425,80.0600450337753
"20147",0.1109753117,0.0003724395,27.932960894,5185,0.1286206897,0.0700636943,13881.14,7.7,0.1452042393,3.2536869911,3.3364172044,0.1512555614,0.0994518565,0.1052796787,0.2996664757,0.1617965406,0.5687699397,0.0016580693,0.0007369197,0.361,0.319,80.6701830592616,62.0539869686627
"20149",0.072576717,0.0006692321,9.6202108081,3391,0.0895577036,0.0405555556,10324.62,8.7,0.12501391,2.7269394059,3.1992514826,0.1964242595,0.0830741876,0.0967747287,0.2758294117,0.1569600029,0.6856137752,0.0003381091,0.0003803728,0.355,0.259,52.8909055479776,9.74306154831167
"20151",0.1055900621,0.0008379596,15.711741908,3546,0.1279796796,0.0571786311,11039.5,8,0.1363004417,3.0450393264,3.1469075911,0.1661010911,0.0939621851,0.100849158,0.2867319831,0.1515038534,0.7600455675,0.0006260434,0.0013564274,0.318,0.257,59.6302921884317,56.1226279420534
"20153",0.1384701284,0,32.038446135,6171,0.1464919044,0.1156069364,12338.03,7.9,0.1387779572,3.0502667333,3.1526030963,0.1427713175,0.0931112486,0.099752444,0.2740441457,0.1430683562,0.5919015482,0,0.0015692428,0.212,0.219,66.190097961345,66.190097961345
"20155",0.1066937715,0.0006239002,15.357542793,3075,0.129606735,0.0524610506,10011.66,7.6,0.1626907049,3.3304874016,3.5109499788,0.142196383,0.1034870629,0.1082956181,0.3233247086,0.1714086648,0.6737455628,0.0014868712,0.0009490668,0.345,0.262,77.0981326300566,17.5464715640818
"20157",0.1047957371,0.0008526967,34.107866127,5348,0.1183941008,0.0694864048,10215.88,7.6,0.1497610202,3.2418743364,3.4011178095,0.1440511934,0.1000060472,0.1079537328,0.2769797428,0.1568920578,0.5524096386,0.0002128112,0.0010640562,0.35,0.307,120.962003700014,71.1541198235378
"20159",0.1103061782,0.0004140787,19.66873706,5341,0.1316202432,0.0636285469,10213.44,7.8,0.148867391,3.1296349474,3.2494682221,0.1677057246,0.0976313757,0.1033017378,0.3082656011,0.1603276552,0.6572448676,0.0002034381,0.0004068762,0.385,0.266,68.9132382330646,44.793604851492
"20161",0.0896496925,0.000687591,11.459850078,2769,0.1027551399,0.0453584019,9056.44,5.7,0.1350535785,3.2303019817,3.2653133784,0.2342075005,0.0985031144,0.1069790749,0.2798544702,0.1533890023,0.900105463,0.0019633776,0.0009135159,0.259,0.158,35.7113797249772,12.6571978772071
"20163",0.1088016423,0.001189768,15.86357327,5021,0.1239699033,0.0711835334,11006.81,8,0.1473200102,3.2478549622,3.2745458909,0.1498888469,0.0994479412,0.1059046597,0.2899063466,0.160588497,0.6602972399,0.0001970055,0.0005910165,0.348,0.254,33.0425588157547,59.4766058683584
"20165",0.1071737252,0.0003222688,22.558814051,5547,0.1230585424,0.0671641791,12209.99,8.1,0.1332745177,3.0642922332,3.2536346376,0.153325092,0.0938105501,0.1014815943,0.3052112794,0.1539765008,0.4179014212,0,0.0019620667,0.333,0.34,54.0306894315971,64.8368273179166
"20167",0.1244701349,0.0005784526,21.69197397,5067,0.1477819348,0.0645586298,12901.79,7.5,0.1482853516,3.3140725535,3.5948942613,0.1537915695,0.1022062715,0.1115749552,0.279367693,0.1608563702,0.63758967,0.0001431025,0.0012879222,0.333,0.288,38.4430562229697,38.4430562229697
"20169",0.0960324107,0.0008952388,15.712354295,3433,0.117568935,0.044457886,9716.76,7.9,0.1489012966,3.1225747402,3.0517585275,0.1643395197,0.0948353715,0.0993827402,0.2834576413,0.1584707657,0.8339567673,0.0031192195,0.0008886148,0.348,0.289,60.872794122123,20.6967500015218
"20171",0.1179410295,0.0010078613,16.125781093,4841,0.1437592868,0.0652014652,15142.31,9,0.1239243548,2.7919276931,2.8916587252,0.1690634288,0.0845514153,0.0907254463,0.2757744021,0.1338600604,0.8020664506,0.0009936407,0.0009936407,0.365,0.288,47.0114170584285,67.1591672263264
"20173",0.1137994584,0.000868233,9.9476918824,2686,0.1421554303,0.0499981678,9807.13,7.2,0.1513834025,3.2484650567,3.4702641434,0.1620016404,0.1005322788,0.1059676041,0.3364660873,0.1910566899,0.8638427658,0.0019531441,0.0012324339,0.328,0.247,54.5056841177972,19.6844127386085
"20175",0.1953512397,0.0005415407,10.830813665,4226,0.2594347071,0.0767362103,9738.69,9.2,0.2263303942,3.6083179149,3.308712088,0.145777936,0.1177048026,0.1087965979,0.3201396461,0.1724033341,0.8374869292,0.0006164957,0.0005284249,0.371,0.214,24.006721882127,15.0042011763294
"20177",0.0891743681,0.0007295706,16.162795266,4214,0.1063266826,0.0491541289,10422.15,7.4,0.1468345496,3.1472761554,3.5481811955,0.1479840767,0.0987974378,0.110234739,0.3040024075,0.1599093909,0.9122933222,0.0032838234,0.001639105,0.366,0.23,76.990513869532,22.6663070029522
"20179",0.1955624355,0.0003957262,31.6580926,8292,0.2046476762,0.1748807631,14873.67,8.1,0.1480005375,3.2007261332,3.3834145869,0.1439587945,0.1002465262,0.10762217,0.281312384,0.1608164201,0.6404538341,0,0.0015942607,0.239,0.264,13.2117849121416,13.2117849121416
"20181",0.1006569188,0.0003372681,21.922428331,7412,0.1213213213,0.0508940853,14667.56,5.9,0.1509431791,3.198692615,3.2720171767,0.1521038587,0.0966845094,0.1021664182,0.2981317353,0.1623008698,0.8196339434,0.0003352892,0.0015088013,0.398,0.31,84.2980780038215,84.2980780038215
"20183",0.1299734748,0.0016357688,40.894220284,5904,0.1410723581,0.1009296149,12368.13,7.3,0.1439524839,3.2049667217,3.3983400491,0.1442437555,0.1003086453,0.1080797508,0.2790714379,0.1591015573,0.383337659,0,0.0005506608,0.367,0.29,100.889663395396,128.405026139595
"20185",0.1676300578,0.0002376991,23.769907297,4162,0.1920384952,0.1134020619,9980.73,7.8,0.1722931852,3.3975182125,3.5426752568,0.139070021,0.105151541,0.1112637092,0.3106714966,0.1658539887,0.6752310119,0.0004752852,0.0004752852,0.338,0.221,134.995632494243,111.172873818788
"20187",0.1813842482,0.0004854369,19.417475728,3815,0.2106690778,0.1237623762,12638.42,9,0.1652116674,3.0221013876,3.0342664035,0.1594296426,0.0918203685,0.0936152941,0.2987523653,0.1399409017,0.7167785235,0,0,0.344,0.278,16.3692912096906,0
"20189",0.1640938888,0.0003563792,19.60085531,8979,0.201475778,0.09371293,10243.09,8.6,0.1912389291,3.375381939,3.2732516721,0.1488102409,0.1069080548,0.1062910203,0.3007535606,0.1658764292,0.5583508036,0.0005372493,0.0003581662,0.396,0.268,107.430617726052,0
"20191",0.0969029374,0.0003454381,17.703700505,2976,0.1173566274,0.0509306261,8882.97,7.5,0.1455350233,3.0678876087,3.4047844623,0.1560488481,0.0937045792,0.1027660327,0.3192544096,0.1559391336,0.6224929554,0.0009883121,0.0003007906,0.419,0.314,99.3849655033344,18.7247036455558
"20193",0.0927354548,0.0006420134,19.260400616,5933,0.108935404,0.0538666667,13055.54,7.6,0.1210651734,2.8687116702,3.1252581191,0.181306575,0.0870813197,0.097186309,0.2898166795,0.1473578144,0.7887341772,0.0012671059,0.0017739483,0.34,0.242,42.7514856141251,55.5769312983626
"20195",0.0985588099,0.0003467406,24.27184466,11249,0.1040498442,0.0823117338,18523.14,8.5,0.1214124222,2.7763776928,2.9513014736,0.1571381833,0.0821254774,0.0909354025,0.2736008989,0.1337493418,0.7100966345,0.0006963788,0.0013927577,0.339,0.303,128.670019885367,140.3672944204
"20197",0.0736151603,0.0002909514,16.002327611,3459,0.0861442657,0.0469293163,9494.35,7.6,0.1149818763,2.7483364638,3.0022257524,0.1731442965,0.0839420882,0.0939964017,0.2802247933,0.1444328718,0.3382957607,0.0005804673,0,0.34,0.243,91.947348044909,62.9113433991483
"20199",0.1325403568,0,32.80839895,3001,0.1478696742,0.1014851485,13641.55,6,0.1294685823,2.9335022524,3.1048898395,0.1585621343,0.089842871,0.0977417818,0.2790503868,0.1416436483,0.3878787879,0.0006680027,0.0006680027,0.256,0.241,22.10433244916,0
"20201",0.1249399327,0.0005469462,32.816773017,5195,0.1403389831,0.0891321345,12415.58,7.1,0.1188147517,2.8842982657,3.0973939316,0.1549020391,0.0885364086,0.0982997893,0.2709864574,0.1384084539,0.3535092257,0,0.0005409304,0.324,0.282,66.8652361558568,54.7079204911555
"20203",0.1986989947,0.0004705882,37.647058824,4542,0.2243645925,0.1431034483,14632.06,6.1,0.1848742558,3.3387973774,3.2537513658,0.1450734695,0.1032788047,0.1033492285,0.2997346279,0.1552377958,0.7376902417,0,0.0009469697,0.358,0.261,15.7678965625985,0
"20205",0.099049599,0.0006916427,21.902017291,4540,0.1201016734,0.0521616541,12019.04,7.5,0.1714353521,3.5618655847,3.5890081255,0.1517443419,0.1098963203,0.1138790462,0.3250755782,0.1915995087,0.5790200872,0.0002292789,0.001261034,0.411,0.345,49.8791390093236,53.7159958561946
"20207",0.120492151,0,19.06577693,5196,0.1398035817,0.0675675676,12998.75,7.1,0.1742815023,3.5393707506,3.6263955421,0.1398385333,0.1129706857,0.118382633,0.2852832796,0.1898249096,0.4297370807,0,0,0.358,0.222,63.1911532385466,84.2548709847288
"20209",0.1546034358,0.0004356033,10.224577707,6670,0.1990866742,0.0572809432,11790.09,6.4,0.2097575296,3.7248301889,3.7431987724,0.1479841706,0.1189066108,0.1187512833,0.3572705049,0.2296355692,0.9047712771,0.0013855742,0.001104797,0.396,0.329,34.9888662596093,18.4045481481182
"21001",0.0674605906,0.0003592507,4.6189376443,6794,0.077579807,0.0396264513,11735.1,7.4,0.2254366972,4.948147561,4.6737809882,0.1454385961,0.1508002178,0.1450854446,0.3640911143,0.2326039116,0.7036342196,0.0018153527,0.0006224066,0.401,0.342,20.6967919972404,20.6967919972404
"21003",0.0710558715,0.0001433144,3.8217169063,6192,0.0813697513,0.046031746,14647.47,8,0.1993356416,4.6442806227,4.5106687243,0.1479097513,0.1403905898,0.1353545057,0.3870194207,0.2244159831,0.3702645821,0.000581649,0.0002423537,0.365,0.397,79.7626264237629,23.9287879271289
"21005",0.0527420625,0.0002661462,9.3151171043,5161,0.0609489051,0.0331019754,10499.72,8,0.1726296235,4.2423094189,4.0452519082,0.1548261993,0.1239892697,0.1221377709,0.3509816215,0.1903336884,0.8116334438,0.0007672173,0.0004061738,0.41,0.312,77.1914198767906,14.8445038224597
"21007",0.064055811,0,13.683293942,5732,0.0713975694,0.0449750139,10656.93,7.7,0.197271412,4.6602949801,4.4422992963,0.1415894887,0.1382460067,0.1321500703,0.3748832818,0.2030045026,0.4817553643,0.0001241619,0.0002483238,0.382,0.362,78.92987703556,66.4672648720505
"21009",0.0701325694,0.0008675601,6.3925481153,5138,0.0813699485,0.0425552171,11607.14,7.5,0.2143719413,4.6766699739,4.6177099384,0.1394172861,0.1443865223,0.142408533,0.3998289905,0.233223442,0.6657102886,0.0013183916,0.0010001591,0.364,0.381,56.0733500037887,30.3099189209669
"21011",0.0725505596,8.07885e-05,4.0394247859,5485,0.0817978783,0.051177394,10975.85,7.6,0.2407532253,5.2876644009,4.7367714275,0.1300588925,0.164677049,0.1511950566,0.3959638796,0.2452840402,0.3959106203,0.0025148049,0.0006489819,0.462,0.397,64.7109577221743,48.5332182916307
"21013",0.0678676364,0.0004461962,10.039413996,9217,0.0809105691,0.0315585331,12285.17,5.6,0.3245047772,6.3672367605,5.474542088,0.1171250704,0.2068852688,0.1776351495,0.4032012959,0.2984704685,0.8652190582,0.0001843862,0.0009956854,0.386,0.348,28.5430627947381,21.0970464135021
"21015",0.0421787832,0.0006349061,6.9610182975,5015,0.049561763,0.0267332469,11585.73,8.3,0.147612498,3.7945024475,3.8224514263,0.1815004658,0.1126695901,0.1127543936,0.3793194522,0.1735491026,0.7389214803,0.0009024709,0.0005290347,0.368,0.231,31.4741413061001,15.6091269892041
"21017",0.0818096724,0.0007489141,9.9855209946,5675,0.0926132944,0.0551470588,8865.55,7.4,0.2084565122,4.6807691538,4.4345504309,0.144919273,0.1391678673,0.1338007031,0.3829977659,0.2082037409,0.7222416813,0.0009485771,0.0002496256,0.329,0.287,44.8184851352024,46.4784290290988
"21019",0.0535185236,0.0009170679,16.048687968,6494,0.0616915794,0.0327383793,11715.4,6.9,0.2293443735,4.7469756127,4.4937235475,0.1425548474,0.1403030979,0.1335552535,0.3939476592,0.2245396331,0.7408865205,0.0056719023,0.0025554725,0.397,0.348,64.8757246199887,20.9276531032222
"21021",0.0532494365,0.0008020318,13.367196899,4902,0.0610307414,0.0340760157,10663.38,6.9,0.2041624193,4.6699779218,4.3800040435,0.1473714517,0.1411749985,0.1328503737,0.3915818911,0.2052682835,0.7233047271,0.0018988607,0.0011659671,0.244,0.248,55.5296417227516,25.5436351924657
"21023",0.0629989839,0.0002419257,12.09628644,4280,0.0699272433,0.0467519685,10735.01,7.9,0.2025218687,4.6313968463,4.4225276741,0.1526634528,0.139239569,0.1359736475,0.3722032571,0.2264522267,0.2345664467,0.0002380952,0.0005952381,0.351,0.303,24.0905805829921,24.0905805829921
"21025",0.066009758,0.0006179515,3.089757454,10275,0.0767879548,0.0327868852,13236.09,6.1,0.2881991448,6.0057642224,5.1627125403,0.1201893093,0.1931161957,0.1692758709,0.4169755227,0.2725468163,0.5729932267,0.0015808491,0.0009033424,0.4,0.363,41.0719786425711,30.8039839819283
"21027",0.0781348061,0.0002486202,10.939286957,6708,0.0864002804,0.0582077052,11787.3,7.7,0.1951703531,4.6114764073,4.3303625591,0.1419472497,0.1396286154,0.1324001275,0.3809536925,0.2249122473,0.5482327135,0.0010019538,0.0004508792,0.301,0.243,66.1594442606682,9.92391663910023
"21029",0.0487096727,0.0001869252,6.3554569698,6584,0.0562914567,0.028626568,11612.29,8,0.1744082951,4.1217169591,4.1485639191,0.1689620941,0.1184136979,0.1193850903,0.4015846519,0.2002247777,0.7370793471,0.0008338492,0.0003537542,0.364,0.272,46.5762311511815,22.0405379554698
"21031",0.0792724443,7.79362e-05,13.249162185,6931,0.0883882149,0.0560875513,11764.73,7.5,0.2302373586,4.9778941167,4.6382990113,0.1305240528,0.1516133004,0.1463392148,0.3755473506,0.2317757798,0.2042553191,0.000778513,0.0005449591,0.353,0.311,127.444860590928,109.238451935081
"21033",0.058076225,0.0005538413,17.406440383,5063,0.0647671994,0.0414345404,10760.1,7.6,0.207387052,4.6051894851,4.404969287,0.1412042818,0.1403450713,0.1359636457,0.3849539127,0.2107778622,0.0626925447,0.0002387015,0.0005569701,0.355,0.297,73.835768155688,58.013817836612
"21035",0.0667827512,0.0004881934,12.07636373,6196,0.0714126709,0.0531084472,10473.5,7.4,0.1858512924,4.541803792,4.4043993326,0.1516232855,0.1405266805,0.1382781818,0.3755566258,0.2105605936,0.7641633729,0.0005983818,0.0010926971,0.34,0.291,61.8073499240285,18.0271437278416
"21037",0.0446796234,0.0006811694,8.0010379725,5638,0.0516572111,0.0259146341,11686.07,7.7,0.1473192737,4.0885963129,4.2024730259,0.1833645495,0.1215753418,0.122723695,0.344230734,0.1889853211,0.943389125,0.001377276,0.0007049051,0.35,0.25,73.4206463176307,11.8768692572638
"21039",0.074180865,0.0004127115,10.317787866,5927,0.0837927233,0.0505226481,10703.2,8,0.2096686927,4.8375522159,4.5030359626,0.1312743614,0.1454411453,0.1375434827,0.3651747432,0.2005028195,0.0768025078,0,0.0004119464,0.284,0.306,41.4593698175788,41.4593698175788
"21041",0.0762961286,0.0003733781,9.3344534677,9367,0.0911310008,0.0438472419,12830.89,6.1,0.2293034204,5.0001655007,4.5427790124,0.1443326564,0.15186825,0.1415122718,0.4066769109,0.2356156128,0.7238923319,0.0008427755,0.0006554921,0.263,0.279,52.9116997105419,18.6747175448971
"21043",0.0633425066,0.0002210433,4.4208664898,5936,0.0741720999,0.0362619808,11062.07,7.3,0.2418005855,5.093474687,4.8065219333,0.1456158167,0.1504944798,0.1420501035,0.4051970936,0.2336464194,0.5007936508,0.0015159358,0.000813429,0.419,0.387,72.6654678917161,12.316180998596
"21045",0.0845105328,6.34921e-05,5.7142857143,9954,0.0957239482,0.0555555556,14300.93,7.6,0.256830688,5.4734350546,4.954969214,0.1265346275,0.1672770216,0.1556955842,0.3963687983,0.2515207036,0.2633657161,0.0006955422,0.0006323111,0.289,0.323,54.7910564137146,40.0396181484838
"21047",0.0616289818,0.0006390593,13.491251988,6652,0.0747896951,0.0349321936,10254.04,6.2,0.2226553953,4.787402467,4.2694068494,0.155476195,0.1494306466,0.137745512,0.3903371748,0.2261845477,0.5872490028,0.0033448052,0.0026260867,0.365,0.304,31.7107975265578,20.9850865984574
"21049",0.0539373959,0.0005271043,10.542085113,4165,0.0621555991,0.0331000119,10142.11,8,0.1894398069,4.3493263094,4.1996433523,0.1507500166,0.1310908985,0.127237762,0.3711384371,0.2010711353,0.7989779013,0.0005583629,0.0008933806,0.392,0.247,44.3975803318719,11.099395082968
"21051",0.0802035689,0.0003928115,6.8742021015,10324,0.094807341,0.0393271737,13304.52,6.2,0.2876206853,5.8902745448,5.0282157363,0.1256847533,0.1904056281,0.168375737,0.4265489638,0.2925372158,0.9895996318,0.0001926226,0.0015891361,0.375,0.343,55.5219883403824,17.9629962277708
"21053",0.0813509183,0.0003892565,4.8657065006,11805,0.0935397039,0.0486744894,13070.06,7.8,0.2309228803,5.0478691392,4.5751943974,0.1309307522,0.1578282614,0.1469086195,0.3917468781,0.2463472169,0.2953660436,0.0017686941,0.0004913039,0.375,0.355,32.6168498646401,39.1402198375681
"21055",0.0664870995,0.0004403347,14.310876266,13912,0.0763751484,0.0429853566,13251.15,8.1,0.2163157671,4.7907677442,4.4407670143,0.1393300691,0.1457271606,0.1388628138,0.3744946219,0.2169638892,0.0265163714,0,0.0003265128,0.378,0.279,36.7822856512304,69.8863427373377
"21057",0.0753991152,0.0004473606,5.964807635,12534,0.0855038148,0.0493576741,14412.48,7.7,0.2321908789,4.965015889,4.6039702661,0.1271880205,0.1514513927,0.1437004298,0.3737517511,0.2184107135,0.1146441074,0.0016325319,0.0013357079,0.341,0.224,49.7438193304482,39.7950554643586
"21059",0.0561150199,0.0005280252,13.449698129,4116,0.0665431821,0.0323865673,10641.61,7.8,0.1961262843,4.6351976981,4.3736949489,0.1585062985,0.139073889,0.1327305873,0.3673954269,0.2176616715,0.7761649561,0.0024680458,0.0012340229,0.295,0.277,70.3963447030071,22.5799596217193
"21061",0.0767160162,8.17929e-05,0,6518,0.0858565469,0.0482076638,13598.8,7.9,0.2248295584,4.9460060297,4.6875797781,0.133127713,0.1487975361,0.1409043457,0.3777015791,0.2130564592,0.6529068333,0.0003301965,0.0001650982,0.395,0.251,43.6991314797618,54.6239143497023
"21063",0.0621179255,0.0001329257,0,5908,0.0713141026,0.0364285714,12610.58,6.8,0.2929592121,5.7649920534,5.0827363074,0.1233765762,0.1794403579,0.1631325053,0.4079117906,0.2691906874,0.4177279674,0.0013178703,0.0005271481,0.395,0.28,35.3684955126221,35.3684955126221
"21065",0.0714661984,0.0002801709,13.308117952,8505,0.0825884877,0.0411132195,11649.53,6.9,0.2458219016,5.3895953798,4.9574767276,0.12927418,0.1671893249,0.1567485225,0.384292986,0.254108624,0.6332470011,0.0006290627,0.0010484378,0.349,0.344,56.0983591229957,42.0737693422467
"21067",0.0736723105,0.0012392882,11.554266226,3752,0.0851347745,0.0409461454,10064.84,7.2,0.1819181651,4.260226477,3.9818639765,0.1982710214,0.132426488,0.1239242232,0.3826613539,0.1880416854,0.9913388302,0.003165342,0.0022075748,0.283,0.224,47.6048239554942,12.9642766763328
"21069",0.0805055989,0.0004845632,6.9223314412,5829,0.0935414681,0.0486849468,11994.86,7.6,0.2282562463,5.0832927687,4.6099134632,0.1270416755,0.1601098672,0.1483124024,0.3920814276,0.2322086659,0.523975467,0.0006203902,0.0007582546,0.392,0.273,43.7939379970036,46.098882102109
"21071",0.0640960076,0.0006065452,7.1682611453,11617,0.0749169129,0.0346614037,13624.37,6.9,0.26011928,5.6284104159,5.3685375981,0.1235746772,0.1710428541,0.165154931,0.4446028999,0.2625522197,0.4725102025,0.0112099165,0.0017246025,0.407,0.395,51.269844176295,20.1417244978302
"21073",0.0602001693,0.0003565415,21.39249282,5933,0.0677863621,0.0397946085,14302.74,7.7,0.173757639,4.2575539556,4.1522717126,0.1540225407,0.1261967371,0.1236231488,0.3421358498,0.1972242558,0.8282235974,0.0011075949,0.0006526899,0.386,0.238,90.8731726590281,14.4870275253523
"21075",0.0591505448,0.0003229974,12.919896641,8332,0.0702402957,0.0295678544,12931.17,6.8,0.2656578628,5.3484471831,4.8404059445,0.1178728469,0.1677606337,0.1540687845,0.4207308251,0.2457620995,0.8254806987,0,0.000323677,0.352,0.296,59.4883997620464,43.2642907360338
"21077",0.0833999467,0.0004557885,0,4520,0.0952645209,0.0545782589,12544.62,NA,0.1865106148,4.4199345675,4.2524026282,0.157368091,0.1323150135,0.1285178732,0.3695834584,0.2136013794,0.3978344394,0.0005807875,0.0003484725,0.301,0.297,91.5436548804211,61.0291032536141
"21079",0.0723395359,0.0002853393,6.2774639046,4382,0.0829069547,0.0444388652,11135.74,8.2,0.1953619949,4.5920851554,4.3976513195,0.1413142231,0.1384595987,0.1350983202,0.3664081433,0.2081204384,0.6210974456,0.0002313208,0.0001734906,0.312,0.267,42.0047732696897,22.9116945107399
"21081",0.0611258529,0.0004803074,7.204610951,4201,0.0728896768,0.0357195572,12002.52,7.2,0.2239662238,4.8071792185,4.5409170649,0.1509764102,0.1454069023,0.1379961353,0.3809069013,0.2315715837,0.6212391534,0.0008425952,0.0002407415,0.348,0.337,47.9820866876366,18.6597003785254
"21083",0.0733788965,0.0003232672,10.23679319,9057,0.0866429374,0.0422085078,11121.75,7.7,0.2206347913,4.9674001423,4.5338943822,0.1365660324,0.1469705,0.1382754027,0.3712152401,0.2164787487,0.471943105,0.0007530526,0.0006454736,0.344,0.357,51.0661171833005,22.3974198172371
"21085",0.0696108857,0.0006070263,6.0702632977,7720,0.0814117647,0.0416404777,11797.38,6.6,0.2213899431,4.9467268199,4.7082037131,0.1371634684,0.1520258196,0.1427996289,0.3652620355,0.2298225234,0.5969470986,0.0010311641,0.0005346777,0.435,0.349,58.3290009256559,26.6284569443212
"21087",0.0848020142,0.0001807501,12.652507908,7517,0.0943046766,0.0581787521,13804.78,7.5,0.189352084,4.5460294086,4.2863353884,0.1366978156,0.1387475614,0.1334107599,0.3723989093,0.2138445259,0,0.0014466546,0.0008137432,0.359,0.273,60.2881774883945,54.2593597395551
"21089",0.0526768129,0.000647559,9.5726110704,7177,0.0616039536,0.0295460309,11579.88,7.2,0.1810814635,4.3804909128,4.411962397,0.1368890821,0.1329768264,0.1309267838,0.3498708417,0.1937700991,0.7361419669,0.0013373081,0.0005850723,0.405,0.331,54.368713617488,17.8104406677978
"21091",0.0470073791,0,11.362345188,3048,0.0539901478,0.031183255,10524.43,8.2,0.189123895,4.5288543269,4.3298420931,0.150197343,0.1337742243,0.1298934886,0.3836347064,0.2040966996,0.0936368943,0.0005675369,0.0007945516,0.345,0.236,37.9233190488832,53.0926466684364
"21093",0.05111084,0.000629216,9.6233031988,6007,0.0583356717,0.0346649059,10707.92,7.2,0.1955983158,4.1167720692,4.1602852433,0.152819786,0.1246882575,0.1236644401,0.411052812,0.1988689997,0.5457586008,0.0033638973,0.0012113758,0.4,0.312,74.5986866947256,14.73554305081
"21095",0.0694796062,0.0002994797,8.984389623,13164,0.0833762555,0.0327087442,11667.97,5.7,0.2794081291,5.7561152722,5.2040209086,0.1199876305,0.1820365492,0.1693828856,0.4238949681,0.2851153699,0.5931757634,0.00018404,0.0008465842,0.402,0.349,42.3464939593972,17.43679163034
"21097",0.0652047351,0.0004259624,10.64906022,5121,0.0739750446,0.0430107527,10363.25,8,0.1975574488,4.6253105875,4.3468741097,0.1411525515,0.1378728822,0.1330035333,0.3758543234,0.2095351265,0.4862570307,0.0004826772,0.0008580929,0.325,0.353,51.5968330219731,42.7008273285295
"21099",0.0756767309,0.000373194,11.195820227,5635,0.0875183284,0.0472525123,11346.33,7.5,0.2414548982,5.1001100421,4.7290576491,0.1303595783,0.1588124148,0.1487477062,0.3905723728,0.2390466535,0.3941974834,0.0006442261,0.0006979116,0.303,0.316,56.848463314976,10.659086871558
"21101",0.0563561365,0.0005443303,12.62846194,6529,0.066438509,0.0317835089,11758.09,7.5,0.2287099864,4.9514514497,4.4574667122,0.1379728136,0.1481105436,0.136156186,0.4063395518,0.2182038769,0.7507459459,0.0011242514,0.0006269864,0.372,0.312,69.680341433673,20.3234329181546
"21103",0.0703273335,0.0004998126,11.245782831,5097,0.078294819,0.0509390275,11031.26,8.1,0.1818266677,4.3860470256,4.1806991913,0.1434685012,0.1321654282,0.1296118908,0.3544030997,0.2141090689,0.3229761287,0.0003793147,0.0006321912,0.336,0.218,87.6277905278531,73.0231587732109
"21105",0.0684468999,0.0002212389,8.8495575221,10548,0.077116513,0.043956044,11189.34,8,0.2277264419,5.1091846118,4.6764311863,0.1223004954,0.1570504116,0.1470605688,0.3784792163,0.2258306506,0.1315789474,0,0,0.277,0.39,36.8514150943396,36.8514150943396
"21107",0.0660121961,0.0011855885,18.662041408,5881,0.0784611299,0.035218485,10542.35,7.2,0.212736224,4.7573883954,4.2410740592,0.1349576207,0.141800331,0.1297636846,0.4037241508,0.1936498626,0.5311381074,0.0007624608,0.0008713838,0.389,0.365,90.0973490869403,22.7074619650012
"21109",0.0707908163,0.0002233639,0,5775,0.0797507788,0.0476650564,10670.52,7.1,0.2642890829,5.5631835083,5.1076181902,0.1252961622,0.1756892193,0.1634372801,0.4053916383,0.2818385355,0.7213576404,0.0002244165,0.000598444,0.424,0.395,29.8203324967073,24.8502770805894
"21111",0.0627133748,0.0009453316,9.9720161108,5562,0.0753456619,0.0291606187,10591.8,7.4,0.1872865946,3.8737441877,4.1106018327,0.1912723507,0.1197961998,0.1267727543,0.3594467663,0.1922277926,0.9005702365,0.0027673541,0.0015496138,0.319,0.251,74.5981733200348,17.0349111648888
"21113",0.0756372848,0.0007306792,11.803278689,4072,0.0876890676,0.0477742389,10567.66,7.7,0.1935297392,4.5425401927,4.3660775619,0.154841601,0.1366268779,0.1321277197,0.3586915313,0.2018378212,0.7945292883,0.0008594839,0.0004583914,0.348,0.273,66.3944078370456,15.0326961140481
"21115",0.0635026367,0.0007524121,3.9833584137,8987,0.0732317489,0.0382953653,12580.24,6.8,0.2596843897,5.4553619658,5.0208762038,0.1233120583,0.1633046129,0.1499594346,0.4191851562,0.2502580571,0.7061140606,0.0013055967,0.0008703978,0.429,0.371,52.9738956414256,19.1294623149592
"21117",0.0581158917,0.0008283001,7.497022352,4603,0.0676920965,0.0342766528,11514.45,7.8,0.1673629343,4.0134227953,3.9758984024,0.1777897446,0.1195352944,0.1223143313,0.3486044079,0.195267175,0.9378036564,0.0014671557,0.0010003334,0.352,0.249,52.1761903322959,15.10893542441
"21119",0.077053632,0.0003269897,5.2318357204,9912,0.0885759709,0.0443098502,11354.62,7.1,0.2903151627,5.6119470343,5.0085324877,0.1234512222,0.1756670811,0.1605915275,0.3877685842,0.246708199,0.4987764591,0.000386001,0.0004503345,0.432,0.408,26.1090924914602,21.7575770762168
"21121",0.0686297981,0.000224165,6.4047138694,7756,0.0837552278,0.0299245024,11689.13,6.3,0.2818138414,5.8195304028,5.4167562339,0.1224982743,0.1875138377,0.173771615,0.4065923463,0.294065335,0.3802339805,0.0002524695,0.0013885821,0.369,0.353,48.8229425375194,10.6136831603303
"21123",0.0691972077,7.03977e-05,13.375571982,6875,0.0798710602,0.0418719212,11618.43,8.2,0.2127849876,4.7320209707,4.4785614985,0.1375318441,0.1453282386,0.1386850315,0.3995245682,0.2174293492,0.5580215599,7.09421e-05,7.09421e-05,0.391,0.317,82.1441982726249,93.8790837401427
"21125",0.0690286496,0.0004154618,5.3179113903,5354,0.08185132,0.0357293869,10632.75,7.3,0.2217441767,4.8233994335,4.5550763273,0.1376649412,0.1501324454,0.1452072704,0.3715317861,0.2240182484,0.6104266852,0.0004149378,0.0012282158,0.383,0.319,35.893159868134,19.3270860828414
"21127",0.0683461628,0.0003817037,5.7255550608,7609,0.0812946525,0.0361763929,11123.16,6.7,0.2446613305,5.1074296587,4.7446141056,0.1279610077,0.1563134512,0.1470002855,0.3941552357,0.222729197,0.5502522068,0.0018281536,0.0008195171,0.448,0.332,38.173605072848,38.173605072848
"21129",0.0640297631,0.000304414,4.5662100457,9963,0.0746812386,0.0328358209,13505.61,7,0.2771213773,5.8007115208,5.23650312,0.1191623703,0.1845243649,0.1725734469,0.412533148,0.2820143442,0.7847090148,0.0015197568,0.0007598784,0.419,0.397,49.5466481692514,59.4559778031016
"21131",0.075328432,0.0001935359,4.8383975227,9050,0.0870488323,0.0441048035,13832.55,6.7,0.2627710337,5.5396883157,5.0243112157,0.124974528,0.1733478304,0.1618368573,0.3760715556,0.2626705881,1,0.0004744733,0.0012336307,0.407,0.304,32.242463324198,35.4667096566178
"21133",0.0632477672,0.0006267067,5.8194189534,12449,0.0729024427,0.0367858611,11939.15,NA,0.2577391365,5.3535936082,4.7630422943,0.1205190963,0.1633482721,0.1531304618,0.3778868401,0.2407645676,0.6032464619,0.0006586747,0.0009221446,0.386,0.367,52.2302308576204,22.3843846532659
"21135",0.0699730157,0.0002249044,3.7484069271,5633,0.0804178203,0.041934393,12206.58,7.3,0.2442851364,5.4654620941,4.9354465106,0.1314230475,0.170445441,0.1569039552,0.4034145161,0.2489539315,0.2674116799,0.0002231811,0.0008183306,0.432,0.381,69.9335631150407,27.4738997951946
"21137",0.0794752305,0.0003271181,11.040235525,5664,0.0922364172,0.0470914127,11419.48,6.7,0.2306737173,5.1007532546,4.8052958103,0.1328684429,0.1596856191,0.1509050357,0.4008565268,0.2288459428,0.3830733166,0.0009847366,0.0008206138,0.33,0.299,54.4425087108014,20.4159407665505
"21139",0.0604972376,0.0003236595,15.104110476,8546,0.0674470457,0.0410466906,12588.46,7.4,0.1949166572,4.5767539327,4.3856537511,0.1388166849,0.1353193615,0.1329154691,0.3621437085,0.2053949496,0.4364954302,0.000215773,0.0011867515,0.399,0.334,53.9956803455724,57.5953923686105
"21141",0.0690696185,0.0002956393,14.781966001,6794,0.0800436485,0.0427402243,11679.49,7.4,0.2107759019,4.7167049623,4.485662406,0.1347588331,0.1446781681,0.1382227879,0.3896422542,0.2181206261,0.4053288616,0.0005640582,0.0004888504,0.368,0.343,65.7225763249919,64.4825277150864
"21143",0.0642885143,0.0003711952,11.135857461,4835,0.0693144447,0.0486397362,11183.43,8.2,0.1785873458,4.3065396261,4.0574973845,0.1447713404,0.1268668016,0.1206859832,0.3635389484,0.187910738,0.583834496,0.0001239311,0.0009914488,0.322,0.381,103.476821192053,115.894039735099
"21145",0.0587238957,0.0009482297,18.352833219,4951,0.0679936306,0.0356427713,10274.5,7,0.1839863042,4.4442394647,4.2855793254,0.14923955,0.1363574526,0.1307241849,0.3687640724,0.2064562761,0.7619309083,0.0014579049,0.0027009607,0.313,0.309,54.1111729362458,20.4193105419796
"21147",0.0774593338,0.0002290295,3.4354423132,7302,0.0934449093,0.0373193167,12114.21,6.6,0.3489053922,6.4297779383,5.4892258255,0.1183129221,0.2110538708,0.1827377485,0.431111271,0.3075122051,1,0.0007994975,0.0010850323,0.377,0.331,76.3591936469151,11.4538790470373
"21149",0.0668470907,0,18.476252581,4613,0.0737379467,0.0506329114,10338.56,8.2,0.1882645592,4.519205067,4.406285183,0.1411231678,0.1367270039,0.1339627414,0.363945785,0.2051569188,0.0220333648,0.0003166227,0.0003166227,0.343,0.314,75.1933543397307,75.1933543397307
"21151",0.0621400424,0.0005480894,9.6463727446,4451,0.0714126394,0.037493658,10612.01,6.9,0.1913406102,4.6829539076,4.3940138162,0.1636853418,0.1429380066,0.1348296128,0.3850334252,0.1979148203,0.6569540258,0.0011614013,0.0006923738,0.364,0.232,30.0211246206172,16.1088961378921
"21153",0.0818332198,0.0003190301,2.3927261126,7913,0.0956418069,0.0443590639,12849.44,6.4,0.251319432,5.423802412,5.0842662403,0.1267952067,0.168546053,0.1592795116,0.4527670731,0.2455385028,0.0588764719,0.0010249133,0.0009460738,0.397,0.315,50.5534269902086,39.9106002554278
"21155",0.0628120063,0.0004640371,5.6715648363,3810,0.0729018492,0.0395445135,11367.13,8,0.2202841624,4.9518361823,4.4727950747,0.1462088847,0.1489763492,0.1402099487,0.376611984,0.2138865399,0.4817860747,0.0017703723,0.0006769071,0.37,0.411,46.5485138955934,49.9965519619337
"21157",0.0612002133,0.0004142502,19.119240329,4623,0.0691059178,0.0404947725,10532.2,8.4,0.1620438344,4.1777934889,4.1397924334,0.1609129977,0.1241706128,0.1240334916,0.307412172,0.18376916,0.5738679725,0.0002550614,0.0004463574,0.356,0.29,117.098511784368,15.9679788796866
"21159",0.073218433,0.000349284,4.3660495983,13308,0.0835413546,0.0458315146,14410.75,7.2,0.2820281422,5.5427856401,4.8602603892,0.1304231893,0.1757740235,0.1573892713,0.4278235203,0.2773467729,0.5407997525,0.0004165972,0.0004165972,0.407,0.357,34.5055640221986,40.2564913592317
"21161",0.0655417149,0.0006987306,18.050541516,4149,0.074628375,0.0443266683,10627.09,7.1,0.2200771283,4.6729735474,4.5544774429,0.1359052224,0.1438694215,0.1401176343,0.3761841936,0.2313756848,0.7499714122,0.003432228,0.0011052938,0.352,0.33,54.3541561517257,60.1778157394106
"21163",0.057855029,0.0002131136,5.6830290545,5744,0.0663806728,0.0357089046,11632.21,7.7,0.1856195676,4.480383084,4.3446450312,0.1604881368,0.1342656812,0.1310180478,0.3901025884,0.2409630523,0.5062583036,0.0009955202,0.0002844343,0.344,0.256,44.7085122654274,14.1184775575034
"21165",0.070713023,0.000464756,0,5335,0.0790413055,0.0451010886,11156.93,7.8,0.2204177793,4.9992185177,4.6248298954,0.1317803856,0.1517361401,0.1440574115,0.4015672628,0.2396616356,0.8423723438,0.0024968789,0.0017166042,0.416,0.332,56.9535052293673,62.1310966138552
"21167",0.0673589994,0.0002323312,11.616560569,5385,0.0758556171,0.044978435,11547.4,7.3,0.1987308515,4.6196515543,4.4466589755,0.1400124335,0.1377582133,0.1335312952,0.3794892463,0.2020646572,0.6167080774,0.0010709131,0.0003259301,0.282,0.31,81.825480145742,72.5622182424504
"21169",0.0663711366,0.0001978827,5.9364796676,5177,0.0766170875,0.0415986949,11972.16,8,0.2575733541,5.4905762172,4.9231860113,0.1336094108,0.1721278143,0.1578589269,0.3790157117,0.264157354,0.5405485692,0.0008983829,0.0004991016,0.337,0.324,19.8971978113082,29.8457967169624
"21171",0.0821018062,0.0004690872,9.3817431279,15420,0.0925060435,0.0555555556,14083.68,7.8,0.25445251,5.2691773767,4.9865585214,0.1305154414,0.1627347074,0.1522190506,0.3919738916,0.2419792486,0.4601842561,0.0008500189,0.0006611258,0.352,0.33,37.5410605349601,37.5410605349601
"21173",0.0617790642,0.000501289,8.2354626182,3505,0.0702873495,0.0401133313,10873.2,7.2,0.2266398734,4.8527328727,4.7307728271,0.142889226,0.1514384337,0.146563771,0.3787769277,0.2377650835,0.6784029586,0.0037449138,0.0011882899,0.341,0.35,59.5933350814045,15.4942671211652
"21175",0.0780845557,0.0002274795,3.0330603579,4530,0.0869188565,0.0528438887,10484.92,6.7,0.2709119492,5.2034991467,4.8477475815,0.1398555274,0.166570315,0.1528075676,0.4348600573,0.2814625979,0.5653953889,0.0018047827,0.0006015942,0.357,0.324,47.7015390022847,50.2121463181944
"21177",0.068126933,0.0004543094,20.443925234,6485,0.0796185662,0.0375735627,10935.19,7.6,0.2126181342,5.0735184655,4.4895640942,0.131615601,0.1509807684,0.1389149189,0.3749011993,0.2144887587,0.5206514493,0.0003545185,0.0007734949,0.364,0.349,70.1807424042843,18.3549633980436
"21179",0.0523992522,0.0004601227,8.9833479404,3393,0.0595778402,0.0351527999,10789.35,8.2,0.1922353062,4.321436073,4.3855692356,0.1617769164,0.1262468217,0.1271544074,0.4111538402,0.1992387071,0.6880079195,0.0013608727,0.0007682346,0.388,0.286,56.1838744983583,20.4304998175848
"21181",0.0809288031,0.0001402525,12.622720898,6538,0.0890995261,0.0596409959,10433.54,7.5,0.2300380434,5.088779267,4.6573257769,0.1325182013,0.1568951203,0.148155275,0.3875615909,0.2370041432,0.1353889278,0.0004234896,0.0007058159,0.35,0.292,51.4499532273152,32.7408793264733
"21183",0.0624363414,0.0002894715,12.819452485,5925,0.0746343562,0.0337454059,10704.32,7.2,0.2129729535,4.9060492022,4.4956154051,0.1443645464,0.1481744978,0.1392149925,0.3871831626,0.2264461585,0.3951010821,0.0003281647,0.0006973501,0.313,0.406,41.295579996421,20.6477899982105
"21185",0.0380858832,0.0006022736,6.3238726191,3534,0.0447277383,0.0250425614,10168.11,8.6,0.1285578997,3.571532432,3.5623919541,0.1914319916,0.1014853832,0.1039401934,0.3557952098,0.1588432074,0.9411598912,0.0008846858,0.0005338621,0.227,0.193,50.3917962155761,11.5901131295825
"21187",0.0643394935,0.0003715745,11.147236414,3845,0.0714174818,0.0463791701,12298.61,7.9,0.195264042,4.6376264422,4.3797287981,0.1475580334,0.1379959717,0.1322358719,0.3799069684,0.2117162238,0.1542293146,0.0002819019,0.0001879346,0.324,0.279,74.3333230092607,61.9444358410506
"21189",0.0611079383,0,0,9607,0.0715390565,0.0320579111,11246.29,6.9,0.2644159396,5.6047104444,4.9762861098,0.1194890093,0.1767443762,0.1630344957,0.398037822,0.2668488872,0.8668769716,0.0004453351,0.0015586729,0.467,0.274,59.7104045379907,59.7104045379907
"21191",0.0607947562,0.0002058602,9.606807109,5710,0.0677286399,0.0431591309,11237.28,8.3,0.1750005472,4.2283539408,4.2116950573,0.1635623397,0.1252475632,0.1235055917,0.3649732615,0.1967700679,0.3389124151,0.0005494505,0.0002747253,0.333,0.299,50.3870642664101,34.3548165452796
"21193",0.0668879362,0.001280458,6.0256844801,12206,0.0787104087,0.0352960581,13806.73,7.3,0.2568467105,5.2182206517,4.8178498551,0.1311380042,0.1639171161,0.1559788425,0.4085610492,0.2546352741,0.7375313458,0.0073144863,0.0027795048,0.433,0.365,42.5063759563935,12.5018752812922
"21195",0.0693101087,0.0008831072,6.6233038398,10159,0.0784768117,0.0429181093,12217.69,7.3,0.2658654805,5.6411976436,5.0756583363,0.1231096329,0.1723320876,0.154754962,0.4143982731,0.2232099806,0.4335322343,0.0009908348,0.0015853356,0.397,0.375,40.4858299595142,22.4921277552857
"21197",0.0643297758,8.08146e-05,8.889607241,5167,0.0761566808,0.0348684211,11508.77,7.5,0.233093141,5.0353737661,4.6053667619,0.1386800862,0.1548302035,0.1454403953,0.3907085986,0.2316693453,0.891223341,0.0008124797,0.0008937277,0.294,0.263,29.6304277556298,32.3241030061416
"21199",0.0686946089,0.0007602911,9.7751710655,4855,0.0802821009,0.0385087241,10528.2,7,0.2242069049,5.0650205691,4.3469283048,0.1299304998,0.156997639,0.1409287618,0.4050415579,0.2333455419,0.7233084376,0.0028926137,0.0009537807,0.391,0.338,81.3353503118718,15.5417866837972
"21201",0.0762250454,0,14.058106842,6427,0.083127572,0.0549450549,11678.47,4.3,0.2178533021,4.8560741636,4.5646585783,0.1310690752,0.147966816,0.1416267545,0.3721581887,0.2126549669,0.0297984224,0,0,0.239,0.334,15.5666251556663,0
"21203",0.0643240024,0.0004192119,5.9887411666,8602,0.0749546645,0.0357432981,11985.06,7.8,0.2141492203,4.9905143294,4.5249814385,0.1312008923,0.1542915473,0.1454970444,0.3800899643,0.2417639973,0.3112101313,0.0001186944,0.0008308605,0.365,0.326,55.668217424152,51.6919161795698
"21205",0.0711545945,0.0007749725,6.1182036954,7158,0.0816674071,0.0409071641,11650.34,7,0.2409149522,5.2323288365,4.8094516672,0.1582536851,0.1600755056,0.1542315225,0.3843111062,0.2437889115,0.9757853684,0.0042943029,0.0021267024,0.363,0.301,51.664831205558,13.596008211989
"21207",0.0805670323,0.0003375527,8.4388185654,4935,0.0913915094,0.0529179031,10564.33,7.6,0.2502513882,5.3112194485,4.6311818833,0.1289202466,0.1665235678,0.1486178885,0.4023619357,0.2416974693,0.8426985482,0.0009028326,0.0005642704,0.347,0.378,99.403578528827,22.5064706103005
"21209",0.0527387626,0.0005649409,8.2007544694,5198,0.0605925662,0.0349060486,9941,7.8,0.1671354475,3.9816020687,3.9798466652,0.1679396086,0.1174973368,0.1174323461,0.3715919513,0.1814757632,0.7331100418,0.0005373156,0.0005929,0.357,0.26,30.3258206167059,12.7368446590165
"21211",0.0800071503,0.0003795787,9.489466692,4683,0.0920623671,0.0513265129,10218.76,8.3,0.1835861952,4.1605009328,4.156617099,0.1546112495,0.1253386873,0.1248627873,0.3734266833,0.1883409519,0.7382944336,0.0010774004,0.0007541803,0.34,0.207,51.2831320646027,17.5627164604804
"21213",0.0610919424,0.0003865695,13.253810471,7620,0.0719855458,0.0356030263,13625.22,7.4,0.1986778553,4.6961231083,4.452695276,0.1411413607,0.139631418,0.1336840951,0.3741316957,0.2254281136,0.808737808,0.0009401095,0.0008295084,0.391,0.29,67.6169590643275,9.1374269005848
"21215",0.0513779773,0.0004322689,5.9436969795,5502,0.0559196527,0.04062707,10776.88,NA,0.1567978824,4.0218287381,4.0750879007,0.1651333774,0.11800986,0.1173139105,0.3843841985,0.1993823808,0.5387140261,0.0003283353,0.0004377805,0.356,0.258,44.9842555105713,17.9937022042285
"21217",0.0629027309,0.0006673995,15.703517588,5752,0.0728655719,0.0387463406,11805.87,6.9,0.2390840747,4.9741400833,4.6561359897,0.1372647654,0.1551800384,0.1480404151,0.3985608337,0.2363619682,0.8249428851,0.0015749892,0.0008268693,0.389,0.365,61.5038341751943,13.085922164935
"21219",0.0888711766,0.0001633587,17.969451932,7592,0.0983080513,0.0689552239,11153.5,8,0.2120536471,4.6042426088,4.4281221034,0.143519297,0.1407546109,0.1346475229,0.3904140488,0.2132960993,0.0209470305,0.0001626678,0.0008133388,0.395,0.345,48.8480013026134,48.8480013026134
"21221",0.0743631145,0.0002076987,16.615895874,4171,0.0774734764,0.0665833073,11714.95,7.6,0.1945765468,4.4954259556,4.2111915705,0.1324927677,0.1357476524,0.1305219354,0.3606641497,0.2042480649,0.6466978171,7.01066e-05,0.0004907459,0.363,0.341,50.7485409794468,23.0675186270213
"21223",0.0637240988,0.0002336176,10.512790562,6501,0.0717998075,0.0419651996,10042.65,8.2,0.2021549052,4.7107177463,4.2967074316,0.1549934251,0.1415055728,0.1323750454,0.3920184478,0.2117738454,0.6212964014,0.0002320186,0.0002320186,0.383,0.349,70.0498132004981,58.3748443337484
"21225",0.073468052,0.0002045269,10.22634306,7489,0.0825794235,0.0464507687,12732,7.1,0.2278984819,5.1496973705,4.6007917398,0.1430919863,0.1580822304,0.1421783654,0.4229268007,0.236627998,0.6183780902,0.0001344086,0.0003360215,0.401,0.322,77.1797607427417,22.6999296302181
"21227",0.0731564646,0.000706275,8.6926151577,5701,0.0861588121,0.0399839931,11375.8,7.4,0.1805678858,4.3430363718,4.2747523134,0.1529737307,0.1359816472,0.1311552777,0.3672744922,0.1945606049,0.5530617267,0.0021428799,0.0009240672,0.276,0.242,46.4162264904406,15.5585116727734
"21229",0.0735686435,0.0003298697,14.844136566,4366,0.0810191812,0.0562800275,11159.46,7.6,0.2051161541,4.6648065717,4.3140762516,0.145106278,0.1400230402,0.1304296958,0.3767594736,0.2021487147,0.0260305539,0.0009844942,0.0004922471,0.371,0.269,57.6938926893596,65.9358773592681
"21231",0.0779561497,0.0006275343,7.7234987449,4929,0.0909928781,0.0401019935,10174.25,6.9,0.267727774,5.6827099463,5.0690261092,0.1250280451,0.1771178819,0.1591677278,0.4089095208,0.2397251064,0.6547830683,0.0008311739,0.0006356036,0.416,0.368,47.0496617291562,24.3360319288739
"21233",0.0832615561,0.0002304501,16.89967737,5730,0.0947591318,0.0548800526,10537.17,7.9,0.2269905357,4.9046555613,4.5601654493,0.1410004891,0.1484604701,0.139012696,0.3980070724,0.2319115282,0.2887453197,7.50976e-05,0.0013517573,0.387,0.292,63.3793890226898,15.2110533654456
"21235",0.0618715084,0.0007731816,8.5602253272,5085,0.0744958363,0.0336079077,11700.59,7,0.2453603343,5.287825629,5.0458865727,0.1287488952,0.1653038593,0.1591254959,0.4032416817,0.2525591931,0.763420041,0.0130485372,0.0021054965,0.356,0.353,56.1942663423981,23.030437025573
"21237",0.0670391061,0.0001376652,0,6900,0.0784596871,0.0369473047,11150.95,6.5,0.3010961736,5.9828296693,5.3666710598,0.1148796909,0.1937502285,0.1776872107,0.4404824734,0.2883809202,0.541264446,0.0012571588,0.0013968431,0.376,0.394,23.1481481481481,46.2962962962963
"21239",0.0738090755,0.0006826456,12.13592233,2891,0.0808804376,0.0562489869,9729.21,7.5,0.1669065028,4.0661540212,4.0485103137,0.1538058875,0.1207730887,0.1199923481,0.3690666201,0.1886644183,0.7068447011,0.0006890216,0.0004976267,0.311,0.226,69.5982284087314,22.7776020246757
"22001",0.1066580723,0.0003674708,7.9884965649,7073,0.1397717678,0.032041773,12894.49,7.8,0.2196110143,4.2640315152,4.4666700382,0.1904826454,0.1292485613,0.1339872959,0.3235765799,0.2104735595,0.4664335551,0.0004948519,0.0001755926,0.407,0.317,17.0734960650927,15.4728558089903
"22003",0.0932758524,0.0001951524,10.538230358,7589,0.1225170954,0.030334015,12832.72,7.3,0.1888311899,3.9865360672,4.0214765346,0.1927286155,0.1206780344,0.1219664213,0.3613861443,0.2115319592,0.6698882161,0.0007786949,0.0006229559,0.281,0.328,59.8101677285138,20.8035366012222
"22005",0.0706536831,0.0003985425,5.6934639034,4112,0.0926936385,0.0217649616,11562.98,8.1,0.1615946417,3.4694189687,3.9997970753,0.2032809957,0.1027901568,0.1125709032,0.379308781,0.1854782788,0.7465186774,0.0008964774,0.0005016984,0.354,0.247,14.625941544987,13.8133892369321
"22007",0.1026834019,0.0001331794,5.3271774838,5806,0.1292073037,0.0294691647,11173.36,6.7,0.196122509,4.0379247146,4.3457700336,0.1792908409,0.1245043318,0.1309969647,0.3616270745,0.1915252363,0.3536996712,0.0001762503,0.0002643754,0.362,0.275,31.1014351090772,35.5444972675168
"22009",0.1024202034,0.0002684236,10.004880429,6979,0.1347582791,0.0299085851,13275.87,6.6,0.2305832934,4.5417126478,4.5526809886,0.1633495167,0.1396878661,0.1374647547,0.3751175072,0.2058948643,0.2435766406,0.001216042,0.0004864168,0.452,0.364,25.2939400615214,21.2142723096631
"22011",0.095390461,0.0004061958,13.810658579,7519,0.1224888127,0.0336935791,12693.54,7.2,0.1856254144,4.1580171523,4.1560206642,0.199310013,0.1230598903,0.124057692,0.341964737,0.1990082953,0.2751444438,0.0005416091,0.0002708046,0.377,0.333,51.3014364402203,10.8003024084674
"22013",0.0896283251,0.0001466491,16.131397566,6227,0.1148788035,0.0262828536,13931.96,6.1,0.213604478,4.3250381981,4.3811585723,0.154571421,0.1347486566,0.135492588,0.3678737504,0.2018540818,0.2141712534,0.0031013343,0.0003606203,0.465,0.267,34.3044767342138,49.0063953345912
"22015",0.0874824896,0.0004309197,7.4431577793,5801,0.1126284336,0.0283408181,12908.1,7.5,0.1695941587,3.7975007879,4.0355953691,0.2006711567,0.11443571,0.119171336,0.3675570441,0.1868785714,0.8168560169,0.0020942907,0.0004839081,0.351,0.28,18.3786849263277,13.9152900156481
"22017",0.0864880475,0.0011436404,12.125832891,6451,0.1125283625,0.0228765197,11885.01,5.8,0.2040318618,4.0467056054,3.9999353481,0.1529258653,0.1283514755,0.1281390007,0.3612615759,0.208401988,0.8547039052,0.0053968037,0.0012617992,0.423,0.289,21.805258724135,14.2208209070446
"22019",0.088325142,0.0007656401,10.867149102,4614,0.1152538993,0.0243935284,11386.03,7.3,0.1803378302,3.9710092465,4.1057519064,0.2034506782,0.120348571,0.1230266003,0.3798818518,0.2032451779,0.7486201029,0.0019591129,0.0007876332,0.357,0.289,29.6952279768641,16.9922693423167
"22021",0.1110821382,0.0003015075,12.060301508,16387,0.1420906568,0.0381194409,14151.78,7.5,0.2074384998,4.4626277315,4.5287468866,0.1754564489,0.136230939,0.1383341214,0.3508994342,0.218483513,0.3723845243,0.000594825,0.0008922375,0.425,0.285,0,3.33366670000333
"22023",0.0940038016,0.0002893519,10.127314815,4287,0.1146691782,0.0387931034,11725.61,9,0.1454502736,3.4594521657,3.8575077793,0.2092088184,0.1013647842,0.110518469,0.3216143619,0.1640952617,0.609153385,0,0.0002906132,0.391,0.247,28.8989500048165,0
"22025",0.1065941536,0.0001012658,15.189873418,7507,0.134608103,0.0361887311,12551.78,6.6,0.2139091362,4.3011344976,4.3477669596,0.1687337654,0.1319283386,0.1333801951,0.3642522405,0.2154679385,0.1715191698,0.0003023889,0.0009071666,0.377,0.368,6.80179567405795,6.80179567405795
"22027",0.1110453649,0.000375728,8.1407727472,9139,0.141709774,0.0319510537,11730.17,6.1,0.2547626901,4.7640801575,4.5062138142,0.1497018675,0.1500374749,0.1423361831,0.38051951,0.244801343,0.3925559756,0.0004339202,0.0004959088,0.391,0.335,22.8952024144032,12.4882922260381
"22029",0.0994159809,0.0003020236,12.58431491,8325,0.1322908672,0.0266011868,12749.16,5.3,0.2644134587,4.744738453,4.744003391,0.1581656276,0.1512231411,0.1472851297,0.3954692719,0.2385181333,0.352367688,0.0036646586,0.0003012048,0.43,0.364,20.2163145658546,25.2703932073183
"22031",0.0961495361,0.0001828822,12.070226774,6677,0.1227439101,0.0322675704,12015.81,6.5,0.2242420641,4.3536516217,4.4624985389,0.1603229581,0.1345592981,0.1366452373,0.3616742541,0.2149498987,0.4343487395,0.0021363586,0.0001841688,0.433,0.297,36.6188587122368,15.8681721086359
"22033",0.0860962453,0.0009299345,12.189984494,4292,0.1078448067,0.0275182914,10766.98,6.5,0.1950486038,3.8339467846,4.049996759,0.1836133337,0.1187321152,0.1217441988,0.3546900377,0.1674920843,0.9804030706,0.0029483018,0.0012772992,0.341,0.269,24.2831050296756,11.0173346893899
"22035",0.0824142771,0.0004209935,8.4198708953,16851,0.1143633072,0.0198412698,13283.22,3.5,0.3816035413,6.0067086659,5.3236725368,0.1261528824,0.2028600573,0.1815079107,0.4488739646,0.3197622727,0.6039438072,0.0037133819,0.0005501307,0.471,0.198,4.66548474386489,4.66548474386489
"22037",0.0820825176,0.0003090872,6.1817432516,4734,0.098763046,0.0337633818,11843.31,7.3,0.1990093716,3.9153525111,4.0223606323,0.1769703985,0.1184726417,0.1197801696,0.3890409566,0.1929030117,0.4567030148,0.0025402632,0.0011685211,0.385,0.264,71.9178082191781,58.2191780821918
"22039",0.1002078547,0.0006229975,8.6032989201,9010,0.1313237221,0.0302961534,14702.15,6.1,0.2491560257,4.7513510784,4.7390442807,0.170676802,0.1467751225,0.1466496201,0.3782812846,0.2387697436,0.4436205273,0.0005933134,0.0004153194,0.367,0.348,33.710093198493,25.7783065635534
"22041",0.116769802,0.0003455084,14.313919052,10087,0.1529464687,0.0379102226,14281.48,6.4,0.2250641711,4.6351127656,4.7131951102,0.1554386468,0.1467895561,0.1486007322,0.3698566371,0.2422846737,0.3882120672,0.001377275,0.0011805214,0.406,0.37,11.5233924867481,16.461989266783
"22043",0.0940863541,8.95415e-05,8.5064469914,5719,0.1202883446,0.0313517915,12348.07,7.3,0.1719382864,3.7824119534,3.9795917727,0.1943737478,0.11631326,0.120771736,0.3467824379,0.1930378794,0.6950109821,0.0004024145,0.0001788509,0.449,0.401,28.2809639343286,16.3731896461903
"22045",0.1029525201,0.0004710707,6.0962092662,4156,0.1353936025,0.0298706631,11394.28,6.8,0.2070749081,4.2366348668,4.1978938596,0.1844860835,0.1269812297,0.1284555816,0.3727907163,0.2017137441,0.691193337,0.001269226,0.0004503705,0.412,0.278,11.0910855399972,13.8638569249965
"22047",0.0850501631,0.0003330608,7.266781724,5025,0.1082937439,0.0261648244,11947.11,7.1,0.2143969617,4.1065466096,4.1888226166,0.1748111828,0.1268686434,0.1271162561,0.3820699371,0.2137941079,0.4851588942,0.0020048603,0.0004860267,0.382,0.244,7.09449872299023,7.09449872299023
"22049",0.0989336493,0.0001893222,15.145778114,8690,0.1282263794,0.0274865401,14001.06,6.5,0.2173082037,4.2644701757,4.4673519641,0.1545616876,0.1339133488,0.1369825231,0.3911467634,0.2089092642,0.2302445619,0.0009488866,0.0005060729,0.367,0.312,33.6445453780806,27.3361931196905
"22051",0.1156476079,0.0009088093,7.6075765996,4906,0.1459459459,0.031204857,10799.33,7.9,0.1757163379,3.7872343189,4.0873954581,0.1869028117,0.1162344534,0.1221321155,0.3749258953,0.1726805478,0.9837499306,0.0021396353,0.0009827661,0.332,0.248,41.8445185971396,15.4244393369018
"22053",0.1043628014,0.0004447692,8.5776916479,7143,0.1360308285,0.0332535885,12795.17,7.8,0.2064427236,4.4330659778,4.6071347177,0.1838713879,0.1338679176,0.1353800836,0.3339793557,0.2049335192,0.4343229727,0.0019418712,0.0004138414,0.387,0.311,38.1065289186214,12.7021763062071
"22055",0.1013800885,0.0010598594,7.4231395756,5036,0.1262172011,0.0365876204,11574.2,7.5,0.1748876591,4.0492947654,4.1721053868,0.196645512,0.1209645477,0.1229902946,0.3647926756,0.2085759173,0.8533608932,0.0028127822,0.0010770595,0.291,0.244,9.49543462255647,14.8624194092188
"22057",0.1191894097,0.0004673562,5.0799585475,5668,0.1495604136,0.041802935,10773.39,7.7,0.1744011016,3.8504923993,4.1708903928,0.2017939654,0.1165861061,0.1233762368,0.31384364,0.1893741498,0.6239228389,0.0012410356,0.0004781039,0.373,0.3,36.6292912232148,18.9929658194447
"22059",0.1202888341,0.000602692,15.402129512,9092,0.1563284782,0.0375560538,13184.45,7.5,0.2123787679,4.4819733097,4.6076540665,0.1680705145,0.1354927128,0.1377456989,0.3641668306,0.2138850388,0.558226998,0.0004650545,0.0007307999,0.399,0.311,22.2707229076656,24.4977951984321
"22061",0.097156205,0.0006492962,13.195375335,5887,0.1196599905,0.0336897317,12171.21,5.2,0.2195988824,4.5527002117,4.3270867394,0.1686782352,0.1477821447,0.141336052,0.3723503687,0.2324244446,0.4741200385,0.0035815269,0.0005445596,0.334,0.348,30.8371587763255,9.11097872936889
"22063",0.0893927112,0.000188095,6.9450473131,5285,0.1143942542,0.0310557335,12789.39,8.5,0.1705127471,3.78656183,4.3494547949,0.1979138915,0.1122463958,0.1233138546,0.3560562353,0.198102515,0.6574445816,0.0007349898,0.0001855314,0.381,0.322,19.8596425742882,15.7920049385906
"22065",0.0897716229,0.0003534818,5.3022269353,7282,0.121886121,0.0208105148,13282.38,5.3,0.3194196536,5.5194011016,5.1847096506,0.1356497089,0.1804846633,0.1673245279,0.4244693322,0.2871540024,0.8518977921,0.0090215128,0.0003469813,0.389,0.288,5.88148801646817,5.88148801646817
"22067",0.0918211774,0.0003510004,15.99001599,8642,0.1204861354,0.0246796393,12842.25,5.3,0.2628092552,4.9372909898,4.8133511893,0.1484919436,0.1549153769,0.1492753668,0.3971318616,0.2319632189,0.7390900318,0.0029534732,0.0005369951,0.432,0.326,20.7495785241862,7.78109194656983
"22069",0.0963228116,0.000563799,12.557340919,6439,0.1245815948,0.0288522511,12233.42,5.3,0.2335643426,4.4868657303,4.5901596727,0.1634783496,0.1420895739,0.1442739012,0.3834861495,0.238461328,0.6905171107,0.0035238241,0.0004851642,0.362,0.283,22.2522722993444,16.2612759110594
"22071",0.0986329746,0.0009484047,9.9417226895,5209,0.120165046,0.0301681811,9575.93,5.8,0.2097183067,4.0274080526,4.2780274385,0.2044273121,0.1247562105,0.1302536411,0.4051621318,0.2032922087,0.9399556175,0.0041865158,0.0005619484,0.307,0.22,30.957830162282,11.8218087707615
"22073",0.0839549772,0.000834007,12.381795553,6507,0.1091207544,0.0248761224,12636.72,6,0.2028234076,4.2267412152,4.3987093931,0.1523057718,0.13252168,0.1357802586,0.3998807756,0.2296313048,0.7491543065,0.0040959849,0.0013632049,0.426,0.305,37.2326311915298,14.7646640931928
"22075",0.1169451074,0.0001713209,7.2811375707,4466,0.1488385229,0.0425566083,9955.17,7.1,0.1675958472,3.816227984,3.9676283576,0.2323540151,0.1127166573,0.1184107137,0.3569092791,0.2071109461,0.4498307439,0.0007245141,0.0004688033,0.377,0.283,31.32921306713,15.664606533565
"22077",0.0986738593,0.0003143524,5.3888988683,4175,0.1234673289,0.034676482,10706.03,7.3,0.1862776347,3.9511262232,4.1493282538,0.1672486512,0.1211343461,0.1249409274,0.3527232084,0.1843071995,0.3383036576,0.0009928246,0.0004061555,0.35,0.302,22.6015941657752,19.5880482770051
"22079",0.0963939425,0.0008127735,12.761302868,5244,0.1246790375,0.0311656733,11758.75,6.2,0.2091947313,4.26783594,4.2827423842,0.1580713193,0.1295203122,0.1301736457,0.3710999713,0.1949610917,0.7284766702,0.0041835317,0.0013064097,0.396,0.306,14.1903637294303,19.2583507756554
"22081",0.0883345561,0.0002343018,8.2005623243,11679,0.111432109,0.0315840622,18387.98,6.8,0.2270116379,4.4553099225,4.5753284048,0.1606784697,0.138101127,0.1400125362,0.3740863197,0.2178035106,0.5321746783,0.0009356725,0.0008187135,0.28,0.339,39.1190392363964,39.1190392363964
"22083",0.0977841404,0.0006859047,10.778501788,9629,0.1273305646,0.0288557214,12983.07,6.5,0.2339727983,4.5462999711,4.4720767783,0.1564460835,0.143814449,0.1422841913,0.3811898128,0.2205537781,0.4359951749,0.0047968674,0.001174743,0.368,0.25,8.19228941720053,13.1076630675208
"22085",0.125661936,0.0001249063,13.323340828,7964,0.1609273014,0.0426808365,12836.95,7.1,0.2014506764,4.277055767,4.4182226388,0.1681710606,0.1277481184,0.1333978291,0.3498992424,0.2009691312,0.262245698,0.0011677858,0.0002085332,0.508,0.332,19.4371555111278,20.8255237619226
"22087",0.1022995864,0.0002164408,4.545257781,6139,0.133589923,0.029147804,12399.85,6.4,0.2075815635,4.3007501412,4.8055337714,0.174784978,0.1294529297,0.1393322665,0.3802660646,0.2201852635,0.5128283701,0.0035239012,0.0002845386,0.417,0.309,22.3647473865711,17.3146431379905
"22089",0.0737791932,0.0003412387,8.5309674117,4636,0.0941361839,0.0240625923,11700.18,7,0.1715392018,3.8571293616,4.0308639003,0.1999258908,0.110862708,0.1166610236,0.3455531613,0.1773600096,0.8069533914,0.0011337226,0.0003401168,0.417,0.262,20.1827803041293,13.8756614590889
"22091",0.1012004802,0.0001929943,9.6497153334,9295,0.1258707274,0.0332603939,14307.64,6.6,0.2512450448,4.6942343554,4.6587804637,0.1474515925,0.1481075466,0.147050046,0.3987154165,0.2395370962,0.118004106,0.000761035,0.0008561644,0.263,0.364,73.867103446061,70.6554902527539
"22093",0.0710404166,0.0002340057,6.5521598727,4644,0.0893329187,0.0231408228,11193.05,6.7,0.1891581541,3.7954575359,4.1311854932,0.1692444371,0.1144699971,0.1202319842,0.3771609881,0.1877347367,0.3183874762,0.0005566637,0.0003711092,0.425,0.359,29.705601851128,7.81726364503369
"22095",0.0863243243,0.0002762367,4.6039455814,4415,0.1111866712,0.0248581464,9393.28,6.4,0.1970457527,3.9088753878,3.9653272796,0.1649907833,0.1192536995,0.121078837,0.3969036176,0.1927571427,0.7978181343,0.0022690289,0.0003208728,0.475,0.324,33.779633951603,9.98034639479179
"22097",0.0979368131,0.0006946357,7.9044756099,6129,0.1313980619,0.0271189359,11912.78,6.2,0.226878001,4.733783135,4.7449520315,0.1541652418,0.1461147878,0.1456459992,0.3828275397,0.2139122084,0.5333397294,0.0011086871,0.0006675965,0.373,0.316,16.3905590379941,22.7868747601382
"22099",0.0991797003,0.0001661406,3.3228110982,4054,0.1277470841,0.0295802219,11005.83,7.8,0.1977904581,3.9978062611,4.2538101645,0.1888108506,0.1204562893,0.1248949909,0.3822650242,0.2010165505,0.5971242331,0.0003332901,0.0002407095,0.344,0.316,11.1249142454527,16.687371368179
"22101",0.1062681315,0.000510074,8.2396562886,5469,0.1364151069,0.0325408735,11704.66,6.2,0.2396783428,4.499534011,4.5898922411,0.1673886055,0.1376819111,0.1347149098,0.3721491349,0.2096752664,0.8914181153,0.0008254468,0.0005566967,0.433,0.347,28.7882753205967,12.4313007066213
"22103",0.0892229872,0.0008114635,7.6074701456,5753,0.1139041582,0.0300142336,12781.47,8.4,0.154992475,3.4289894547,3.9558497135,0.1774026123,0.1007703068,0.1146099096,0.3592699873,0.171794649,0.8131085822,0.0019321614,0.0007294895,0.293,0.215,33.4617988646425,18.0980157283475
"22105",0.1011211554,0.0003471777,8.5284949848,7883,0.1317646161,0.0265987719,14172.88,6.7,0.1971133557,4.0828493536,4.3430439879,0.1971699817,0.1256031014,0.13136128,0.3879342049,0.2043695746,0.7106451853,0.00175197,0.0008721597,0.403,0.331,25.9456300505814,16.1215565362836
"22107",0.1097070649,0,6.5005417118,5893,0.1428571429,0.0350089767,10291.89,4.4,0.3320533128,5.70308678,5.3037903368,0.1145655526,0.1897711104,0.1765910126,0.4216385354,0.2769368717,0.1530845392,0.001305199,0.0006525995,0.367,0.335,0,7.31314904197747
"22109",0.1199987405,0.0004103992,5.4422497011,5609,0.1535594484,0.0417356629,11249.94,7,0.2147596638,4.4496338726,4.2385353419,0.1928205684,0.1347467459,0.1306085706,0.3795856422,0.2186190304,0.7721348114,0.0014485073,0.0008832362,0.418,0.287,30.922286940983,14.8664841062418
"22111",0.101881858,8.86093e-05,12.405298835,8385,0.1292458035,0.0324574961,13725.74,7.2,0.2015482964,4.1913951409,4.3424714142,0.1587878708,0.1290830514,0.1319576091,0.3551798705,0.193516367,0.4009066502,0.0007559924,0.0001778806,0.381,0.358,40.0664806790526,7.41971864426901
"22113",0.1071737082,0.0003159505,5.1549820407,5217,0.1392767835,0.0341218727,12114.97,8.1,0.1838613077,3.9175767641,4.5173265122,0.1956276622,0.1181463383,0.1299106828,0.3601918235,0.1953921178,0.6156485457,0.0002159289,0.0004152479,0.413,0.364,10.5455372951252,17.2058766394148
"22115",0.0832731475,0.0003154201,8.4769151914,8537,0.1075195412,0.0266823161,13027.73,6.2,0.1858147593,3.9510758655,4.0536872762,0.2161417096,0.1181988504,0.1218902903,0.3707768201,0.2138256087,0.6594756755,0.0014633471,0.0011073978,0.371,0.257,9.32369884452732,27.3051180446872
"22117",0.101300813,0.0004717689,8.1487358737,7237,0.1327160494,0.0281787536,15908.32,7,0.2365074384,4.6087161887,4.5329026951,0.1633210027,0.1409731688,0.1413793306,0.3787040724,0.2279691074,0.4089001018,0.000993306,0.0003239041,0.434,0.327,43.7197634832467,10.7507615122738
"22119",0.0939726117,0.0006094774,12.443496369,6702,0.1211417645,0.0271909869,12623.82,5.9,0.2128204735,4.4677071155,4.5639029572,0.1554460706,0.1374438398,0.1403168373,0.388079586,0.2216174514,0.5006673623,0.0018131453,0.0005540166,0.356,0.321,39.8690260081774,19.5103744295336
"22121",0.074817931,0.0001522939,4.5688178184,5919,0.0940268287,0.0277819948,12295.74,7.4,0.1948520697,4.0198511225,4.3206009493,0.1883345725,0.1206506381,0.1253260158,0.3955667987,0.1984700519,0.7369261813,0.0002713704,0.0003101376,0.343,0.27,12.7409634716577,20.3855415546524
"22123",0.1081049149,0.0002731992,18.213277479,15450,0.1372155288,0.039020658,13180.08,7.3,0.2092011953,4.3166165082,4.4846781091,0.1705418712,0.131877124,0.1360562251,0.3572211259,0.2087461872,0.3558255774,0.0003599064,0.0006298362,0.423,0.319,18.1394926988542,18.1394926988542
"22125",0.0686637081,0.0007152146,5.2015604681,3945,0.0842776204,0.0349865436,12080.16,6.3,0.2111030658,4.115551959,3.9845666219,0.1749067873,0.1268644486,0.1220852379,0.393115852,0.2218782806,0.149952,0.0011079249,0.0001303441,0.3,0.225,12.9915122120215,25.983024424043
"22127",0.0918950897,0.0005590106,10.481447837,11250,0.1192826359,0.0267310789,14030.47,6,0.2310951252,4.7664845589,4.5793997714,0.1744361814,0.1474293782,0.1404620777,0.3828086129,0.2325864189,0.8003003984,0.0003478019,0.0004869226,0.437,0.328,11.676513860022,28.0236332640527
"23001",0.0944662017,0.0008174564,8.7319207439,3799,0.1138156447,0.0416456759,9546.36,7.7,0.1438391608,3.8167074549,4.3039372763,0.185848493,0.1104147583,0.1264315094,0.3567598074,0.1882462397,0.8501513435,0.0044260569,0.0016306525,0.334,0.226,66.6358798570583,18.9059938199096
"23003",0.118157968,0.0010642544,11.233795988,5097,0.1383147029,0.05407354,9887.38,7.4,0.1848302746,4.2766329865,4.4327166066,0.1462475414,0.1317359528,0.1316803378,0.3373995639,0.207843241,0.5472658968,0.004914728,0.0010888918,0.377,0.307,109.509034495346,18.2515057492243
"23005",0.091837857,0.0016615385,13.196581197,2537,0.1059693077,0.0473331281,9479.16,8,0.1007118934,3.0498213299,3.829746786,0.2217347647,0.0907356192,0.1137660958,0.2898639574,0.1275595592,0.8207715302,0.0065127842,0.0015374554,0.233,0.151,93.6114192265556,13.4381356067318
"23007",0.1078263995,0.0010670935,8.6701347206,3130,0.1260803551,0.048682284,8788.58,8.2,0.1362477272,3.7121947931,4.133018729,0.1828850789,0.11246717,0.1301406473,0.3311375148,0.1793882642,0.4652561102,0.0027665744,0.0008333056,0.324,0.215,91.2266648866342,21.1378857664152
"23009",0.1184097859,0.0014496211,13.211736426,3745,0.1354850935,0.0612412659,10489.42,8.1,0.1238310293,3.1087422955,3.7939986673,0.209544131,0.092604769,0.1139475987,0.3058869611,0.1649954521,0.6832481899,0.0035281795,0.0012679395,0.267,0.183,91.0051488147954,17.1016387034515
"23011",0.0965530932,0.0012723586,14.611602269,3295,0.1144190272,0.0421238647,9217.3,8,0.1394889741,3.4520661045,3.7963233279,0.2025654693,0.1048780098,0.1159539027,0.3113965828,0.1765511167,0.8079344418,0.0045368212,0.0016505072,0.32,0.223,87.2492612621511,19.4801809736249
"23013",0.1171417686,0.0009298819,15.330485046,2651,0.1354570764,0.0609406953,8736.24,8,0.1071718507,3.0900826896,3.5402586695,0.205006035,0.0912133597,0.1082276568,0.2927761479,0.147995675,0.4481326757,0.004931562,0.000830314,0.282,0.171,82.1424081136583,24.3074472989397
"23015",0.1364615072,0.0011109812,12.863992515,3973,0.1542491879,0.0766604064,9485.41,8.3,0.1007485807,3.2791559862,3.6187934459,0.1925602619,0.0991895133,0.1129320926,0.264270702,0.1613944277,0.566764373,0.0018412439,0.0010813654,0.254,0.194,75.9035441116366,21.4086919289231
"23017",0.1130880173,0.0005919323,9.2271801389,3761,0.1319991855,0.0506516314,10631.3,8,0.1452741643,3.6799260238,4.1769577602,0.1666117448,0.1139844009,0.1272309733,0.3192171382,0.1987146708,0.4395933118,0.0024118706,0.000646661,0.322,0.239,95.1971858783101,19.1555313047819
"23019",0.1093324048,0.0012898386,10.134445929,4379,0.128645656,0.0458712349,10042.2,7.5,0.1416961274,3.974230173,4.1737530281,0.1851049755,0.1172210224,0.1281227745,0.3340797455,0.1899467119,0.6643581531,0.0048878173,0.0020289053,0.342,0.235,87.2797943978244,21.9848348609129
"23021",0.1216025268,0.0006558159,8.9429440172,4064,0.1381880123,0.0640658554,10378.62,7.8,0.1599622078,3.9884658431,4.4550695248,0.1710659361,0.1189041375,0.1345173357,0.3435222885,0.1863956819,0.4804676362,0.0020186428,0.0009499495,0.363,0.265,122.976832751507,19.8349730244367
"23023",0.0847000432,0.0006498644,8.1939421338,3092,0.0980429233,0.0437135127,8424.92,8.2,0.0998574768,3.1464334002,3.6994785797,0.1823664688,0.0976351966,0.1128171335,0.2779567949,0.1394993517,0.8181792423,0.0021546225,0.0002551527,0.241,0.184,71.4964392891749,29.1630212890055
"23025",0.1211417192,0.0006123336,10.073875084,4691,0.1432621748,0.050308642,9965.13,7.3,0.1555485425,3.9250633828,4.1294970019,0.171490291,0.1205142224,0.1270961251,0.3541922026,0.2085088479,0.5990081948,0.0016301679,0.0007659825,0.337,0.27,74.9344323716748,25.6354637060993
"23027",0.1235630296,0.0007280578,7.531632858,4195,0.143214671,0.0622384937,8981.19,8,0.145975772,3.6255649255,3.979820755,0.1785098543,0.1099922802,0.1203345512,0.3235522047,0.1784037527,0.4999742175,0.0024133726,0.0008129255,0.306,0.195,52.9901589704769,26.9156363024645
"23029",0.1562812541,0.0006647042,6.963567879,4100,0.1821631879,0.076962111,9864.64,7.4,0.1474538652,3.7463479519,4.6353583704,0.1926121622,0.1136513354,0.137053921,0.3415415381,0.1839356414,0.5257182859,0.0049602544,0.0010492846,0.338,0.273,102.609670697005,26.4457914167539
"23031",0.0859451698,0.0007639906,7.8847745493,3810,0.0985987916,0.0467640919,9164.27,8.3,0.1287993462,3.5674205982,3.6656007268,0.2207352216,0.1035548267,0.1114916148,0.3193398334,0.1491072509,0.7478174412,0.003686809,0.0004942103,0.299,0.205,76.3753686172305,18.7674516901314
"24001",0.058771464,0.0005306151,17.175172799,4853,0.068472868,0.0299708723,11275.44,7.2,0.1742200668,3.7564837739,4.3234952416,0.1766731288,0.1117026813,0.1253413114,0.4014634631,0.1558771501,0.8211940815,0.0024677665,0.0012754748,0.348,0.286,48.9008941877794,20.9575260804769
"24003",0.0558519444,0.0006943051,8.303749771,4625,0.0666579275,0.0279013222,9512.98,8.9,0.1117619759,2.9801964962,3.3859341564,0.2014834961,0.0875602133,0.0980712447,0.347328634,0.1266395416,0.9245465502,0.0015377956,0.0008727078,0.309,0.204,49.0797688884335,13.2160231763635
"24005",0.0613644519,0.0010126515,8.4447690482,5172,0.0717420294,0.0335790996,10525.49,8.4,0.1274490579,3.1070898204,3.680738855,0.1637556866,0.0920007121,0.1091311428,0.3408227245,0.1363960704,0.9577965514,0.0025101501,0.0008976855,0.314,0.233,67.8591851680929,10.6343489470991
"24009",0.0406958085,0.0005245787,6.447946493,4408,0.0462537956,0.0277333333,9656.45,9.1,0.1133962676,2.8575350375,3.2812414672,0.1929708699,0.0841390123,0.0969304889,0.3289503117,0.1404662745,0.5426485006,0.0017862818,0.0004821865,0.313,0.212,34.5761330052847,11.6466974333591
"24011",0.0838591052,0.000361522,9.9418552104,4914,0.0994908147,0.0448883956,11102.22,8.4,0.177586111,3.9344871157,4.5538622611,0.1621496498,0.1175955492,0.1302924012,0.3205495393,0.2126635749,0.3457025343,0.0003957382,0.0004261796,0.409,0.307,82.5389795363725,16.1051667388044
"24013",0.045924658,0.0004708519,9.7746467121,4066,0.0525869799,0.0291209077,9846.5,9.4,0.1081256149,2.9043901505,3.4375572055,0.1789118421,0.082765505,0.0986965716,0.3118991488,0.1281733429,0.8647612096,0.0017476261,0.000602424,0.309,0.232,89.9048556560673,13.8925825517102
"24015",0.0560053514,0.000408775,6.6182625114,4970,0.0650338636,0.0333102295,10970.23,8.5,0.1417556178,3.4216897575,4.1812106628,0.1780019153,0.0999463179,0.1180520551,0.3597311139,0.1879795691,0.7876725877,0.0016276327,0.0004678226,0.357,0.275,27.5817311592439,17.1980206051756
"24017",0.0501339016,0.0003944897,5.6355666875,5108,0.0577384612,0.0316524939,10381.78,8.3,0.128894082,3.0738687094,3.4577998143,0.1638054849,0.0918667552,0.1043410494,0.4091082712,0.144688463,0.7997488929,0.0012681906,0.0006594591,0.399,0.249,35.9150400494458,11.6932688533079
"24019",0.0731018574,0.0004352963,9.3277781233,4938,0.0860934297,0.0380112733,10430.33,7.6,0.1793631167,3.6023995218,3.969079699,0.1465209682,0.1098758099,0.1211633495,0.3458073268,0.2020955538,0.7330308419,0.0021080042,0.0006200012,0.403,0.324,98.5293202514053,15.5572610923272
"24021",0.0542076052,0.0006229615,10.435596892,4238,0.0633210703,0.0321310726,9818.43,9.3,0.1175107402,2.9380083043,3.3977409644,0.185099084,0.0850700091,0.1001440664,0.3377398868,0.1331304337,0.945746299,0.0018579028,0.0008360562,0.305,0.205,56.5367468994162,12.4460285914406
"24023",0.0735591729,0.0005473267,13.341087128,4115,0.0846658231,0.0390459364,10112.24,8.8,0.1637704393,3.7032523321,4.088190953,0.1371197623,0.1081849938,0.1204126858,0.3171433783,0.1606479548,0.7479483005,0.00115548,0.000815633,0.355,0.266,44.4085127702941,23.9122761070814
"24025",0.0474536048,0.0005671003,7.7331852792,3401,0.0547202255,0.02942818,10706.66,9,0.1348739286,3.2855702144,3.5985918757,0.1824820804,0.0948409683,0.1054479913,0.3347435558,0.1474451316,0.9139674708,0.001461965,0.0006493196,0.318,0.244,66.6976601668366,12.8112337350161
"24027",0.0392203625,0.0019338987,8.8442386325,3193,0.0442646407,0.0286138168,9151.07,9.3,0.0939264533,2.3815077087,2.9393350153,0.1623459667,0.0697755169,0.0880025241,0.2896165741,0.0974694297,0.9679398088,0.0025186535,0.0007533895,0.26,0.155,46.2798296902267,7.27997320969859
"24029",0.0841520067,0.000877012,14.960792406,3780,0.0928161488,0.0572507078,10227.82,8.7,0.1367495086,3.0960244212,3.7227117566,0.1577179307,0.0949048036,0.1134631741,0.2983643471,0.1425721736,0.5602812299,0.0017232641,0.0006082108,0.304,0.271,59.8321281433236,17.0948937552353
"24031",0.0797190828,0.0013458505,8.6984444801,2982,0.096070305,0.0390761338,9073.76,9.4,0.0974554112,2.4421054539,2.8266839327,0.1479383406,0.0715970181,0.0846946234,0.3192853321,0.0716927122,0.9978997239,0.0027982599,0.0007424346,0.219,0.159,51.12130931403,7.92332754402201
"24033",0.1078576356,0.0005390269,8.0634912288,5235,0.1272438586,0.0530868921,9164.81,7.9,0.1484222264,2.9773768271,3.2604907804,0.1450605094,0.0899364706,0.0997033018,0.4179546818,0.119866069,0.9817203678,0.0011287937,0.0004911629,0.379,0.229,30.4383005392084,6.33673404727204
"24035",0.0541172956,0.0003616637,6.8314245529,3551,0.0594814438,0.0408489477,9720.17,9.3,0.1126515918,2.8535838115,3.3669513503,0.2013593719,0.0861449733,0.0996573658,0.309951421,0.1355249752,0.8136114482,0.0009401378,0.0003474422,0.283,0.214,51.0238335011749,14.7700570661296
"24037",0.0524797377,0.0003994071,6.4792707714,5535,0.059307786,0.037004804,10343.33,8.8,0.1133292234,2.9924266519,3.1887476073,0.1785230087,0.0879946479,0.0980537316,0.3329994332,0.1474343598,0.718870957,0.0010036683,0.000426337,0.369,0.234,67.176060464373,10.949401925911
"24039",0.0848292009,0.000347249,11.189134964,4471,0.0989938332,0.0454148472,10676.66,6.2,0.2237334647,4.4823877844,4.3302123595,0.1419805528,0.1348479827,0.1322066397,0.3708055127,0.1988930344,0.4856063468,0.0021598272,0.0006170935,0.419,0.325,47.7290024638485,43.8590833451581
"24041",0.0854271357,0.0009163679,12.397919306,3240,0.096387371,0.0550901604,9347.14,8.8,0.1233775181,3.0775045525,3.6906805049,0.1832437772,0.0940744542,0.110584766,0.303455426,0.123955928,0.7157905881,0.0041579484,0.0013412737,0.293,0.206,113.157729301565,15.2673126835445
"24043",0.0637383744,0.0005578504,12.75086666,4666,0.0726913465,0.0418300654,10225.94,8.1,0.1464631195,3.2718097379,3.949235714,0.1581806178,0.0987750888,0.1152915375,0.3143569948,0.1682416154,0.7495014583,0.0020626514,0.0008982514,0.369,0.279,73.4844930012661,14.6083630665167
"24045",0.0814750772,0.0006801201,9.3273612312,4387,0.0969308246,0.0416843355,10519.63,7.3,0.1644277694,3.7404804812,3.9802488883,0.1513423546,0.11207228,0.1187700752,0.3349952887,0.1490961181,0.7852896195,0.0023104595,0.0018522671,0.358,0.257,48.5916519541943,11.3380521226453
"24047",0.0778284182,0.0008705746,17.411491584,3884,0.0888372257,0.0443407235,9998.79,8.1,0.148700878,3.2910347466,3.704716891,0.1591102982,0.0981098828,0.1111543351,0.3172058113,0.1514783437,0.8955960664,0.0020021771,0.0007192287,0.365,0.265,60.6619901004795,13.5521467245752
"24510",0.0764092244,0.0009695119,9.8259129434,6325,0.0902002118,0.0340071178,11133.74,6.6,0.1893565938,3.7061275968,4.1431932595,0.1784915668,0.1122396264,0.1284391239,0.4215591013,0.202213931,0.9939416485,0.0037272396,0.0021670376,0.354,0.255,55.774064731817,9.2409969996834
"25001",0.0352256068,0.0009744945,12.743389367,2983,0.0407226495,0.0160068643,9940.82,8.4,0.103681858,3.023806545,3.8689856894,0.1996066287,0.0908006199,0.1104698453,0.2965199945,0.126955928,0.909346513,0.0046855457,0.0008213706,0.225,0.172,109.337688123993,15.4414138720047
"25003",0.033426124,0.0010925241,11.479420171,3563,0.0389385915,0.0150936534,10004.96,8.4,0.1367171107,3.7462758609,4.4947917415,0.1884060851,0.1063675702,0.1229352421,0.3071381136,0.1519899724,0.8677478109,0.0076357533,0.0009771243,0.267,0.196,114.60517857331,13.4364692120433
"25005",0.036661108,0.0005325183,8.156970024,6101,0.0440649894,0.0153052322,10986,8.4,0.1472851152,3.6274395261,4.6891813977,0.2042960129,0.1071680544,0.1312711329,0.3598989361,0.1811531791,0.9130634615,0.0042770864,0.0008059836,0.287,0.244,89.2014569175374,12.4715752015199
"25007",0.0472685888,0.0006349206,24.242424242,4241,0.0538015147,0.0267379679,10408.88,8.9,0.1178772555,3.3436333917,3.9540202385,0.2153264476,0.0950018665,0.1129619756,0.2903329074,0.1341422167,0.8808587844,0.0052186014,0.0009277514,0.284,0.189,71.2593648286886,19.2592877915375
"25009",0.0379213921,0.0007628581,8.5582745907,5475,0.0455835667,0.016992679,10514.98,9,0.1373831591,3.3375680273,3.8618262902,0.1918446026,0.1007068494,0.1160251594,0.3422701307,0.1370237072,0.9509001438,0.0049010421,0.0008318165,0.261,0.191,108.923626490056,10.1916843499468
"25011",0.03103154,0.0007637691,12.022290741,4550,0.0361631187,0.0137561203,8690.09,8.6,0.1342967724,3.6936612267,4.4626089435,0.2069362596,0.1069232231,0.1231586117,0.3278830368,0.1605308884,0.7936865998,0.0071609218,0.0008240743,0.284,0.203,109.881299900494,9.43187123609389
"25013",0.0363047721,0.0006853718,8.5990745352,5410,0.0442956183,0.0143942652,9786.17,8.4,0.1838675946,4.1947053168,4.507349819,0.1967315133,0.1250950553,0.1344971017,0.3424974095,0.1829359785,0.9487173402,0.0077700244,0.0012636963,0.305,0.261,116.562113337843,11.2160864234953
"25015",0.0276177895,0.0013903135,9.3923402993,3697,0.0317813585,0.0130203196,9180.66,8,0.112093096,3.6631132265,4.3008339053,0.2413965701,0.1049683675,0.1208007956,0.2956619997,0.1377080151,0.8609058704,0.0077557225,0.0008528205,0.214,0.166,92.3701817507036,9.69062174616757
"25017",0.030072169,0.0012533165,9.6322585837,4616,0.0352256476,0.014661962,10186.64,9,0.1125760368,3.0141507343,3.4830915703,0.2035028585,0.0857274355,0.102031925,0.3086640618,0.1126355277,0.9742629326,0.00494347,0.0008454032,0.216,0.174,78.0041747834344,9.7557221262482
"25019",0.0443421878,0.0006233859,15.139371271,2989,0.0514025149,0.0235245563,8668.72,8.9,0.1231609452,3.3195105505,3.8851026855,0.2257872329,0.0970863047,0.1103320634,0.3226941784,0.1468684997,0.942489186,0.0032703488,0.0006359012,0.251,0.195,35.7525920629246,35.7525920629246
"25021",0.0226272413,0.0012694161,9.9668438233,4731,0.0268259614,0.0114236737,10665.69,9,0.1044453022,2.8995089132,3.6630453974,0.20610481,0.0840716869,0.1025060752,0.3084232346,0.1174146395,0.9350838488,0.0053056523,0.0008692147,0.246,0.18,91.8735207863841,8.94007345126305
"25023",0.0281229139,0.0006289528,8.7160433434,5870,0.0340652696,0.0125303845,11088.01,8.7,0.1217818603,3.6108412222,4.2474288647,0.2165576045,0.1017132223,0.1176334368,0.3688012484,0.1615538921,0.8634099721,0.0045855929,0.0006756691,0.273,0.224,78.8705224008446,10.3436750689632
"25025",0.0416058827,0.0014825695,9.8754416064,5231,0.0480615958,0.0162151473,10471.79,8.1,0.1662443644,3.6446083149,4.0512716068,0.2565803916,0.110567921,0.1261648239,0.3458063222,0.1422831888,0.9997188455,0.0071407623,0.002642082,0.214,0.188,53.5276119193729,6.1521180235714
"25027",0.0316347157,0.0009889652,8.7760072435,4913,0.0378192476,0.0145237288,10367.42,8.6,0.1407456052,3.4980186985,3.8687539697,0.2104492055,0.0999175318,0.1125175762,0.3447867287,0.158627494,0.9273973392,0.0044156278,0.0011908408,0.283,0.222,87.3798325408311,10.0543337812694
"26001",0.0880916031,0.0005796541,12.559173027,2588,0.0985221675,0.0466666667,8500.27,8,0.1556915399,4.1042884746,4.2375579388,0.1704716943,0.1204150772,0.1267198149,0.3133932406,0.1649539432,0.7153171267,0.0005795981,0.0006761978,0.32,0.228,57.9430226943506,41.8477386125865
"26003",0.0763011622,0.0007674597,10.96371012,1506,0.0873553178,0.0410006949,8703.72,6.9,0.150820806,4.0908192262,4.0820836519,0.1953340654,0.119897679,0.1211260638,0.346914067,0.1734309124,0.9427143006,0.0006508298,0.0008677731,0.36,0.254,80.1836935525021,91.1178335823888
"26005",0.0545873068,0.0002318651,10.390993327,3553,0.0653790718,0.0290194481,9294.36,8.9,0.1506526337,3.9674822473,3.9226748672,0.2153185011,0.1156407234,0.1169191175,0.3226522514,0.1813685626,0.7312401264,0.0007615883,0.0003202132,0.32,0.21,53.5322710851306,12.8820973199512
"26007",0.0615206841,0.0007378259,14.053826154,3818,0.0718289265,0.0303249097,10394.59,8.1,0.1614983362,4.210912958,4.2837527955,0.196413458,0.1233241666,0.1271807324,0.3523521024,0.1849662319,0.7701533887,0.0026128763,0.0011845039,0.35,0.25,35.0770525921942,24.5539368145359
"26009",0.0812595825,0.0006010647,10.303967027,4161,0.0903897324,0.0540417802,9157.07,8.5,0.1392954518,3.9199999817,4.028009115,0.1969057014,0.1156260497,0.1226332573,0.3124400392,0.1704807586,0.6927056828,0.0003456619,0.0003456619,0.321,0.281,48.7099038695721,24.354951934786
"26011",0.0810255494,0.0003323363,7.9760717846,5876,0.0921853065,0.0461373391,11352.57,6.9,0.1721114843,4.3900684183,4.4701411778,0.1902729115,0.1317674366,0.133874827,0.3434410751,0.2090434835,0.7050757909,0.0019838646,0.0008596746,0.385,0.276,66.3599362944612,22.1199787648204
"26013",0.08009751,0.0010662244,9.4775500533,1394,0.0922570016,0.0478288232,9278.36,7.4,0.1645137914,4.2148906494,4.1874125921,0.2147768932,0.1258825091,0.1271064761,0.3822960308,0.1944849599,0.5059819413,0.0009408444,0.0007056333,0.304,0.226,71.247625079164,79.1640278657378
"26015",0.0536731207,0.0003301093,10.563496517,4701,0.0615380333,0.0332306811,9209.6,8.8,0.1391229676,3.7929394687,3.9634974371,0.2067361723,0.1105951634,0.1157058144,0.3756005046,0.1806907757,0.498690281,0.0009044923,0.0005359954,0.336,0.289,46.2950205296371,15.431673509879
"26017",0.0610480886,0.0004125136,10.264872073,6890,0.0721234377,0.0289762921,11603.11,7.7,0.1606476708,4.2101803143,4.3204151259,0.2210939662,0.124163333,0.1286427533,0.3619722609,0.1897791747,0.8613541676,0.0022530478,0.0005346215,0.358,0.256,46.978514520196,18.5357404229345
"26019",0.0739854961,0.0005121493,13.088260399,3799,0.0827374872,0.048088411,9192.29,NA,0.1421870329,3.8386743296,4.0238456075,0.2009980557,0.112328633,0.1196279779,0.320102583,0.1745622829,0.8357774608,0.0010243569,0.0005121785,0.323,0.285,85.0693788044917,86.9598094445915
"26021",0.0725880576,0.0007649473,12.835555786,3761,0.0864007202,0.0364973992,9248.19,7.1,0.1623546033,3.9967133883,4.2069081199,0.1985822715,0.1189206048,0.1282127307,0.3182297365,0.1957313117,0.8842060288,0.0018505292,0.0007337186,0.343,0.218,49.3068921519863,15.1380809238555
"26023",0.081180703,0.0004607233,10.59663672,5272,0.0976432378,0.0418430165,9414.44,8.3,0.1580227332,4.1370419484,4.0836954068,0.2016648668,0.1226428801,0.1266584387,0.3775487449,0.1945351734,0.6178615629,0.0013355746,0.000460543,0.386,0.248,46.757985267402,16.8635356702106
"26025",0.0562672183,0.0005964452,11.63068114,4168,0.0673856873,0.0286963132,10779.15,7.3,0.1829836309,4.2440401422,4.455360441,0.1861574686,0.1266944425,0.131039566,0.3547858379,0.2035291214,0.7641796307,0.0028053517,0.0010789814,0.368,0.272,52.605328522758,22.3324507879633
"26027",0.0722153312,0.0001946245,8.3688522995,3674,0.0832185453,0.0419253261,9218.25,8.3,0.1585374932,3.9951483163,4.111127152,0.2003116428,0.1188012022,0.1219534741,0.3360798942,0.1827115161,0.6104067466,0.0010077715,0.000348844,0.364,0.267,30.3945470889138,23.2809296851254
"26029",0.0637119114,0.0008799112,14.920234133,3703,0.0735887097,0.0354368012,9566,8.5,0.1360824979,3.6995742319,4.0126943849,0.1964135981,0.1112582431,0.1205217303,0.3289932997,0.1676020995,0.8620370727,0.0015282341,0.0004584702,0.375,0.165,57.2832465598228,73.8317400104383
"26031",0.0828998522,0.0005912728,11.825456266,3994,0.0960831448,0.0388237997,9690.33,7.4,0.1623185161,4.370414568,4.4123571504,0.1825114726,0.1291786682,0.1324105405,0.3681288085,0.1976846079,0.7751605996,0.0007086335,0.0004724223,0.302,0.273,52.5051520680467,22.3146896289198
"26033",0.0933121861,0.0006099016,10.341810082,4897,0.1113821138,0.0428253615,9545.33,7.1,0.1866653296,4.4088623224,4.5065948898,0.2087202678,0.1345401161,0.1374004975,0.3724898289,0.2194302364,0.8550363448,0.0019085993,0.0007952497,0.433,0.32,45.1519229407182,20.3626319144415
"26035",0.0800989841,0.0003262323,11.091899651,4969,0.0943484081,0.0385981912,10274.69,7.7,0.1913523249,4.7157574727,4.7880179584,0.1898668858,0.140900755,0.1435041403,0.37636453,0.2153638917,0.7067516006,0.0007576257,0.0005929244,0.36,0.306,51.2161101909162,23.9734983872374
"26037",0.0459722794,0.0003187028,7.2664227528,3767,0.054114174,0.025295201,10083.38,8.4,0.1316207236,3.7116036708,3.9084947509,0.2419136686,0.1048210956,0.1123193061,0.3162738346,0.1555055334,0.7006049189,0.0008345316,0.00024394,0.347,0.218,31.400771440574,13.5787119743023
"26039",0.0654350997,0.000934781,7.9096857698,4458,0.0756742937,0.0340474369,10939.57,7.6,0.1507194186,4.112381465,4.2194021798,0.1965812833,0.1217998502,0.1272779564,0.341172071,0.1881545525,0.9915446923,0.0012369034,0.0008731083,0.322,0.234,84.2318059299191,33.6927223719677
"26041",0.0645469934,0.0007507299,15.848741832,2542,0.0765414951,0.0313214142,7693.96,7.6,0.1646998683,4.2707634401,4.2601391825,0.1856578991,0.1272173029,0.1302690994,0.3742479355,0.1975220578,0.9054465996,0.0014916303,0.0007181924,0.362,0.233,51.8403317781234,22.2172850477672
"26043",0.059984814,0.0009049774,17.706079087,2781,0.071041582,0.0283917683,9215.39,7.4,0.1441400882,4.0081097182,4.0320559012,0.1963777437,0.1201307152,0.124625067,0.3421861842,0.193220926,0.8872668909,0.0021147445,0.0016839632,0.229,0.18,81.2230621094415,20.9607902217914
"26045",0.0552364118,0.0003301934,11.648490741,4375,0.0659179911,0.025607766,10470.66,7.8,0.1486021039,3.9156987497,4.1718519478,0.1880401249,0.1144398933,0.1200527281,0.3594624048,0.165296596,0.7118384543,0.0013924514,0.0003481129,0.341,0.211,51.8272141652922,19.8162877690823
"26047",0.0770097087,0.0013255807,18.076100383,3484,0.0887935047,0.0434144911,8895.64,8,0.1335797919,3.8587789867,3.9420338452,0.2114939195,0.1108745346,0.118611849,0.3379067929,0.1784297078,0.8754511531,0.002531493,0.0016575252,0.258,0.186,44.1399235576778,20.0636016171263
"26049",0.0672938532,0.0008640475,9.3523325601,6404,0.0815783841,0.0293501048,11992.92,6.6,0.1993314857,4.3652302034,4.4077889465,0.1880958679,0.1346542806,0.1337747293,0.4067661509,0.208269151,0.8693323,0.0025084737,0.0006705579,0.358,0.263,34.426588774806,13.9832462719521
"26051",0.0801984516,0.0001585163,6.3406515019,4647,0.0930944056,0.0423226334,10373.52,8.1,0.1706697239,4.3770282481,4.36895848,0.1746807213,0.1327964249,0.1350135827,0.3328272501,0.1903201522,0.6128366807,0.0008757265,0.0002388345,0.448,0.278,63.4140541397487,19.8168919186715
"26053",0.077622446,0.0009125277,13.036110025,3383,0.0890888354,0.0409736308,8947.17,7.6,0.1733147911,4.4744444395,4.3573760554,0.1859366716,0.1349331562,0.1334277033,0.3561345302,0.1982460434,0.8829366287,0.0015744932,0.0006560388,0.298,0.254,76.6182876907248,96.3201330969112
"26055",0.063453739,0.0013179823,11.545960548,3869,0.072418855,0.0377813093,9435.5,8.3,0.1157363474,3.4703875164,3.8031991988,0.2371073889,0.1011693706,0.1129774235,0.3177989093,0.1532877765,0.8742556273,0.0038443161,0.0019981756,0.283,0.178,45.5755541408646,16.6386943688871
"26057",0.0567280502,0.0004875908,11.214588717,3876,0.0672188898,0.029972752,10601.02,6.8,0.1576500101,4.1242922717,4.2170921611,0.2053928389,0.1225269958,0.1280092974,0.3837604147,0.1925728569,0.5475327244,0.001237804,0.0010436387,0.456,0.23,43.9671386349018,8.14206271016699
"26059",0.0709184102,0.0002615576,10.898232307,5459,0.0843405959,0.0357804426,10243.95,8.2,0.1608350794,4.3129879567,4.1701386592,0.1897586753,0.1280430504,0.128709026,0.3321970657,0.1973585,0.6097712474,0.0010923232,0.0004806222,0.352,0.23,40.7563208686919,17.4669946580108
"26061",0.0667030965,0.0006335216,12.119542763,3558,0.080802603,0.0287930581,8701.59,7.5,0.1730504841,4.4405176328,4.3832738244,0.212585592,0.1355202149,0.1350950743,0.3722156436,0.197595202,0.757589822,0.0017507865,0.0007933251,0.255,0.186,36.6706698814621,17.4185681936945
"26063",0.0686618213,0.0005434783,17.26342711,4545,0.0760708167,0.0471758665,11509.16,7.6,0.1421310561,4.1068211072,4.2336823813,0.1946632992,0.1187936587,0.1238109179,0.3369588352,0.1743875293,0.6006703303,0.0009529558,0.0007623646,0.387,0.259,69.2026786759931,26.6164148753819
"26065",0.0619482198,0.0010613882,14.094408414,4477,0.0726199799,0.0298684982,10450.51,6.8,0.1698498621,4.2689079735,4.3170856662,0.2362890661,0.1304844849,0.1295611106,0.3562611019,0.1837355117,0.8931059649,0.0034299482,0.0011039712,0.313,0.2,40.6442457392431,13.8925246735831
"26067",0.0584307513,0.0002955313,8.5548521566,4928,0.0699977619,0.0302031481,10256.48,8.4,0.1569042608,3.8737193558,3.8978139213,0.2165257201,0.1161301594,0.1190104821,0.3607677082,0.1907474031,0.7665753853,0.0012454851,0.0005137626,0.367,0.266,36.8385279116705,18.1598377029362
"26069",0.0762533432,0.0005166521,14.704713457,3381,0.0891492991,0.0346981263,9711.14,7.3,0.1568067305,4.1448668675,4.3135428453,0.1855174285,0.1247854263,0.128187143,0.3536940003,0.1838626579,0.9076370379,0.0015793422,0.0008291547,0.335,0.281,70.1336509196771,27.7888050813815
"26071",0.0710931385,0.0007191658,11.686443725,4849,0.0819338422,0.0367021277,10200.61,7.9,0.1615560021,4.1812176577,4.2463870941,0.1704177838,0.1256182466,0.1299028325,0.325612821,0.1859714523,0.6964542608,0.0013398839,0.0010719071,0.287,0.273,38.8802488335925,41.8710372054073
"26073",0.0774520002,0.0004643767,8.0210517428,5098,0.0870147854,0.0441095675,10327.37,7.3,0.1850566345,4.6474265553,4.6133331279,0.2313383688,0.141489393,0.1439668295,0.3552126398,0.2111454708,0.7380779679,0.0022866923,0.0007014394,0.364,0.19,21.6056775963214,14.0906593019487
"26075",0.0572164571,0.0004538578,9.7705496722,4374,0.0681098618,0.0294672258,10861.96,7.4,0.1544989805,3.8606053498,3.9981759176,0.2125537786,0.1167973086,0.1229716341,0.3774419816,0.1931253567,0.7273413709,0.0023980815,0.0008582608,0.35,0.246,63.2455250113989,13.2374354675021
"26077",0.055614101,0.0009544271,10.685020058,3901,0.0656884806,0.028055739,9428.33,7.3,0.1559331008,4.1217090111,3.977850178,0.2182046951,0.1222901593,0.1218232337,0.3507563171,0.1522177092,0.8193272108,0.0033976167,0.001322357,0.306,0.193,43.4447232393804,13.5527270746755
"26079",0.0822292627,0.0002835432,7.9392083475,3934,0.0978810264,0.0381779884,10182.39,7.9,0.1508653093,4.1563650366,4.3496118562,0.2003381627,0.1242696246,0.1311230937,0.3560498508,0.1985907674,0.7377135195,0.0004054915,0.000637201,0.349,0.288,85.3549818857761,22.7613285028736
"26081",0.0635224877,0.000901951,12.457716229,4069,0.075805757,0.0334995431,9761.25,8.1,0.1262867873,3.7608030793,3.7398240664,0.2339579527,0.1136061886,0.1145177852,0.3326315284,0.1631928702,0.9219328202,0.0028637143,0.0015852426,0.302,0.19,42.5804799354916,12.2907423968388
"26083",0.0705363703,0,0,2094,0.0796545106,0.0383480826,9553.75,7.4,0.1557360648,4.1435984017,4.2333315771,0.1668641636,0.1244443589,0.1293398962,0.3300835911,0.173919704,0.1020408163,0,0,0.317,0.214,15.5836060464391,0
"26085",0.0796624891,8.32432e-05,8.3243153251,5278,0.0921116309,0.0394337715,10568.9,6.8,0.2092661771,4.8271947929,4.8013627914,0.1581257188,0.1497355345,0.1495485098,0.3641614218,0.2197218591,0.9122974261,0.0004349339,0.0002609603,0.265,0.326,39.5591975134219,39.5591975134219
"26087",0.0633105993,0.0003175539,9.7534420577,5701,0.0733814298,0.0348897401,12427.78,8.6,0.1378372761,3.8586405961,4.0001156112,0.2196352214,0.1110292616,0.116984324,0.3588080674,0.1830985019,0.6061889288,0.0012904686,0.0002716776,0.333,0.215,36.6671454816248,17.3885432180901
"26089",0.0852861575,0.0003693956,16.161056471,2677,0.0926531315,0.0621499066,8335.38,9,0.125017465,3.4457217023,3.8475483708,0.1870695367,0.1021064331,0.1139268457,0.3026728317,0.1399129034,0.5435323383,0.0004135079,0.0001837813,0.268,0.163,56.760654128187,69.033227993741
"26091",0.0593019583,0.0002737698,12.674528254,3525,0.0720454873,0.0258220323,9945.78,8,0.1687647664,4.0445794864,4.1923364324,0.2020763903,0.117556807,0.125299898,0.3783933111,0.1904451422,0.7479477836,0.0020100707,0.0004466824,0.387,0.269,46.0403597918705,13.2027502344335
"26093",0.0405999874,0.0004956473,7.5401658836,3837,0.0478484374,0.0214514652,10322.64,8.9,0.1089913631,3.4330840825,3.5520411428,0.2473571981,0.0965844084,0.1041582846,0.2921941301,0.1532817023,0.8872722651,0.0015692595,0.0003392993,0.294,0.202,27.3924976163259,15.1009922756669
"26095",0.0755917536,0.0012582573,14.155394778,3486,0.0890340323,0.0364485981,11908.82,7.5,0.1860971921,4.4678689272,4.3325357995,0.2014158129,0.1353302768,0.1321300527,0.3642188302,0.2111260693,0.6827024582,0.0012582573,0.000943693,0.316,0.188,52.6343491762724,63.1612190115269
"26097",0.1147455867,0.000746826,16.803584765,2577,0.1288881535,0.0650452489,9236.76,6.6,0.1891923645,4.4628161051,4.5175775746,0.1767801218,0.1317073804,0.1374511937,0.359320394,0.1928147641,0.8851795195,0.0012014787,0.0004621072,0.439,0.336,83.5421888053467,92.824654228163
"26099",0.0639415189,0.0005393774,5.6462487448,6246,0.0758585179,0.0298722136,12369.26,8,0.1499779987,3.9925117739,4.1942246644,0.212162587,0.1187522523,0.1236255164,0.365082,0.1970591554,0.9360756167,0.0016341489,0.0004771069,0.321,0.241,38.7166279500387,15.2264999250152
"26101",0.0750643576,0.000532198,12.690874852,3026,0.0870340231,0.0394232935,9165.9,8,0.1506380914,3.9728683537,4.1197715385,0.1862713771,0.1168636984,0.1239144143,0.3563017386,0.1835342603,0.8954837666,0.0012308702,0.0006974931,0.307,0.199,42.2758018765001,28.6384464324678
"26103",0.0569594157,0.0010676371,15.939370245,3397,0.065747397,0.029025016,9090.07,7.8,0.1344879986,3.9119023562,4.0958526068,0.2369721639,0.1173716882,0.1233624314,0.3322144352,0.1722944731,0.8395724317,0.0022879506,0.0012944984,0.337,0.184,79.2166575584223,22.5617062666393
"26105",0.063519236,0.0007567159,12.382623052,4142,0.0748084175,0.0324430608,10733.1,8.1,0.1649726145,4.191645411,4.2089066732,0.1924094831,0.12357531,0.1290579244,0.3425822947,0.1813837261,0.8529872844,0.0028397285,0.0007272475,0.34,0.265,59.7364702638744,24.1243437604108
"26107",0.0646420824,0.0005070176,11.292664377,3894,0.0738266038,0.0371658075,10346.13,7,0.1637351304,4.2676281679,4.3160515167,0.2179168549,0.1309316609,0.1360698657,0.3669697459,0.2200974113,0.6807327445,0.0011337082,0.0004164642,0.375,0.248,43.793265056816,18.4392694976067
"26109",0.0695726986,0.0003471318,10.413954699,3356,0.0802645423,0.0365992271,9419.18,7.3,0.14632049,4.0711671597,4.1025314487,0.1953055436,0.1192073977,0.1258952096,0.3271249066,0.1850320818,0.7382745849,0.0008590696,0.0003865813,0.327,0.269,64.925696147742,23.0846919636416
"26111",0.0500560274,0.0009231396,10.190502452,3732,0.0585648611,0.0272761174,9465.99,8.1,0.1216531629,3.5988413915,3.8575754165,0.2179004175,0.1077459307,0.1142655425,0.3509548392,0.1568309518,0.8142510373,0.0020128921,0.001054372,0.364,0.214,43.9855727321439,13.1956718196432
"26113",0.0755818874,0.0001333511,10.668089079,3667,0.0878482513,0.0460191982,9567.11,8.2,0.1610136102,4.2386466461,4.2271053375,0.2127355792,0.1250768186,0.127740122,0.3770181325,0.1997042086,0.6658360832,0.0001986492,0.0001324328,0.381,0.264,77.4113639882335,70.7761042178135
"26115",0.0499305505,0.0002940213,8.2860560378,5823,0.058879569,0.0256577969,11070.97,8.2,0.1370457858,3.6971811215,3.8788514677,0.2201322291,0.1071205437,0.1139900241,0.3529181253,0.1679275892,0.8179067366,0.0014744518,0.000375315,0.389,0.26,34.0532744560379,17.3604928599409
"26117",0.0699673406,0.0004091267,12.588512982,3878,0.0828903053,0.037431342,10557.63,8,0.1745867792,4.2387087477,4.2574019046,0.208870006,0.1268161207,0.1287488429,0.3323250696,0.1971745294,0.7042562597,0.0017785118,0.0008892559,0.423,0.269,36.7469500031497,20.4733007160406
"26119",0.0739910314,0.0008648649,11.891891892,4147,0.0834526488,0.040474529,8978.79,7.9,0.1536478309,4.2961429375,4.3600089857,0.16910346,0.1278076358,0.1308684143,0.3300201217,0.1746657824,0.7164362519,0.0013081871,0.0011991715,0.337,0.225,54.1750939034961,54.1750939034961
"26121",0.0550723806,0.0006102721,10.766121836,3412,0.0692027358,0.0205299133,10528.31,6.5,0.1776001379,4.3992619232,4.5685314635,0.200207978,0.1306579648,0.1351250981,0.3730788022,0.2053035432,0.7739447581,0.0017819247,0.0010495479,0.366,0.247,47.6291990036279,16.9006835174163
"26123",0.0724438806,0.0003938477,13.888313088,3490,0.0858989928,0.0381699813,9793.47,8.3,0.1521630005,4.1466849581,4.1756903352,0.1869517472,0.1253864786,0.1288395721,0.3614547667,0.1975629779,0.7868757738,0.0015853811,0.0006675289,0.325,0.262,55.8343443255763,19.3007610014338
"26125",0.0492174696,0.001395067,8.0506157482,5392,0.0577059349,0.0260682949,11686.1,8.2,0.1191991055,3.2682422894,3.5811499645,0.1991580246,0.0982067212,0.1060358424,0.3230429587,0.1457851289,0.9434155437,0.0030121305,0.0010104745,0.249,0.188,42.7809537915086,12.1736587065501
"26127",0.0918618691,0.0005672793,9.4546554724,3179,0.1113591773,0.0444765575,9790.59,8.3,0.1893706008,4.6338238308,4.5561276908,0.1858024264,0.1391585169,0.1389667932,0.3695638428,0.2051674934,0.8901016184,0.0002689515,0.0006531679,0.384,0.242,29.0793233367891,17.700457683263
"26129",0.0733588231,0.0003812974,11.438920928,5062,0.0850917825,0.0381047882,11829.11,8,0.1782943418,4.4746095972,4.5109447713,0.1737143527,0.1328467978,0.1354395049,0.3539318137,0.1905725845,0.6920134568,0.0006697283,0.0010524302,0.427,0.336,73.2052771456308,35.0112195044321
"26131",0.0841741901,0.0001700391,8.5019554498,3009,0.0929392447,0.0503225806,8775.91,7.1,0.1643215164,4.3006903333,4.3673179719,0.1585345042,0.1286128703,0.1328219789,0.3466265311,0.1730134925,0.7185840708,0.0001691761,0.0003383522,0.323,0.269,56.860180815375,56.860180815375
"26133",0.0803348672,0.0003009458,15.907136715,4513,0.0923630242,0.0492366412,9386.21,7.5,0.1938860889,4.5034871921,4.5492091248,0.1895828946,0.137493649,0.1406756951,0.3623021237,0.2127547171,0.6020911255,0.0011250541,0.0005192557,0.383,0.231,38.731333648922,20.0829137438855
"26135",0.089953271,0.0002413419,13.273802341,4024,0.1026161479,0.0544342508,11436.68,8.1,0.1797654667,4.4502737782,4.4509196439,0.1730491019,0.1326607358,0.1355816881,0.3463649324,0.1934382911,0.950462963,0.0004840271,0.0003630203,0.305,0.28,60.4180932049785,48.3344745639828
"26137",0.0603515321,0.0007743092,11.003341756,4058,0.0706348645,0.0330457132,9462.34,8,0.1432061561,3.8700712051,4.0921005971,0.207461363,0.113585704,0.1213561846,0.3422712838,0.1743283617,0.8206836616,0.0018798529,0.0011033919,0.332,0.245,47.5072278853854,17.6455417860003
"26139",0.0515514252,0.000666939,11.627785169,3286,0.0615491091,0.0286617142,9363.97,8.3,0.1294123766,3.7526245895,3.6391547705,0.2094326484,0.1094374575,0.1103511921,0.3223592522,0.1476476739,0.8413955974,0.0015730735,0.0004747564,0.266,0.186,34.2207845871449,9.54457257192476
"26141",0.0757212909,0.0001563599,17.981393167,3629,0.0858787074,0.0424929178,9054.17,7.4,0.1527677672,4.1474838742,4.1196267604,0.1793102972,0.1204071057,0.1238540516,0.3214783635,0.1659406161,0.7792314593,0.0001567152,0.0009402915,0.298,0.3,75.7358125930375,26.115797445875
"26143",0.0747540573,0.0004184976,12.973425403,3924,0.0856413122,0.0359116022,10607.95,6.8,0.1698303866,4.4167865834,4.354315687,0.1632300895,0.1324058892,0.1345126484,0.3505253752,0.2001027322,0.9935784695,0.0006751055,0.0008860759,0.41,0.377,90.9357993256761,27.9802459463619
"26145",0.060801259,0.0008231996,12.035387164,6526,0.0738678748,0.0260563214,11218.62,7,0.1801196197,4.2416808824,4.0675081881,0.1927030536,0.128340297,0.1251112289,0.3821241393,0.1849505854,0.7255868791,0.0021837921,0.001060699,0.394,0.247,57.0375265189719,12.6943275484297
"26147",0.059241578,0.0004769376,9.099466583,5988,0.0707331488,0.0268763402,11010.85,7.3,0.1586287996,4.2564874191,3.8231159267,0.2257593995,0.1243185859,0.1181169793,0.320767478,0.1972025107,0.72687684,0.0023310169,0.0005764881,0.344,0.27,32.6172863254118,18.8176651877376
"26149",0.0815055237,0.0002953386,12.798004824,4508,0.0953415883,0.0491355778,9445.01,8.1,0.1683923322,4.1375405676,4.1470879776,0.2013656031,0.1227835521,0.1250964174,0.3633389863,0.1956746936,0.5380047312,0.0016926035,0.0004108261,0.342,0.27,47.0348878546075,22.4236093260338
"26151",0.074886043,0.0002907752,9.6925052703,5439,0.0831952411,0.0523571584,11371.13,8.2,0.1594538819,4.1459992762,4.2937739701,0.2105382921,0.1220082583,0.1275867038,0.3502783485,0.1816018275,0.3872755949,0.0013040643,0.0005071361,0.349,0.282,50.0565154206362,14.5325367350234
"26153",0.0840594567,0.0008696733,6.2119517953,3168,0.0967314488,0.0431095406,9652.06,6.9,0.1738275007,4.6694649951,4.6116963982,0.1763191621,0.1404801421,0.1419573816,0.3488347661,0.2016418721,0.7547436653,0.0017497813,0.0008748906,0.272,0.255,82.9256157226967,66.3404925781574
"26155",0.0570337411,0.0004675218,11.688046051,4251,0.0659172575,0.0323281538,10055.78,7.8,0.1456770164,3.97533232,3.8453023327,0.2286060309,0.1156441538,0.1194474925,0.3771226537,0.1979436312,0.6917251727,0.0012398985,0.0006126557,0.394,0.282,52.1462825061406,19.0065889508363
"26157",0.0595469256,0.0003221894,12.508528542,5184,0.0702483301,0.0286283747,11586.83,8.2,0.1587580574,4.063994627,4.0442074989,0.2155341852,0.1229645071,0.1238256197,0.3606334432,0.189712431,0.5947711245,0.0024747835,0.0005062057,0.332,0.289,51.0660832944559,21.435146074216
"26159",0.0822602439,0.0005042931,9.820445105,2884,0.09970741,0.0390488656,9021.03,8.4,0.1736444182,4.3755782802,4.2749768775,0.2004903951,0.1298105889,0.1289679047,0.3494197569,0.1973141939,0.6604290697,0.0010635045,0.0005982213,0.366,0.311,44.685520121757,19.4669592609634
"26161",0.0458745068,0.0017300144,10.037347638,3603,0.0529573262,0.0243743591,9574.82,7.7,0.114678049,3.1265985696,3.7901357514,0.2464880607,0.0948553825,0.1127114618,0.3052173269,0.1284032347,0.9119640594,0.0046968953,0.0024540113,0.255,0.151,25.1971587031258,10.24201055199
"26163",0.0680639938,0.0007014078,7.2592859554,7684,0.0848196834,0.0250095664,12200.58,6.7,0.1883605101,4.3109552757,4.6401351299,0.1996727692,0.1339172507,0.1398693966,0.4150718314,0.2045850653,0.9381204053,0.0025752187,0.0006676705,0.347,0.265,34.9256925454762,12.1364879324694
"26165",0.0684685359,0.000871499,12.321192451,3455,0.082626453,0.0335461259,9368.02,7.9,0.1636049164,4.2838274268,4.2936470946,0.1986915504,0.1281473594,0.134632679,0.3509986997,0.217104765,0.9285779746,0.0019600157,0.001025239,0.324,0.293,41.0389870376858,17.0161653570892
"27001",0.0662276935,0.0008212774,16.425548045,8597,0.0715459487,0.0516414607,9362.09,7.7,0.1342690056,3.3902644377,3.1569893509,0.1859238693,0.1039796202,0.1025478298,0.300901055,0.1562192974,0.4945685718,0.0004492075,0.000641725,0.3,0.269,107.790505981316,31.7030899945048
"27003",0.0459454718,0.0005122761,6.8018885913,7191,0.0529688128,0.0288412135,9950.52,8.7,0.1015553599,2.7166539528,2.8877304609,0.2316017268,0.0831504034,0.086934149,0.3094782284,0.1512170544,0.9523551885,0.0012718344,0.0005578728,0.312,0.196,47.8526708544889,14.1750456407929
"27005",0.0685563367,0.0008211625,17.596339961,6913,0.07493733,0.0552952202,9668.08,7.8,0.1426095729,3.0218168406,3.0969637588,0.2314876391,0.0954550305,0.0997978115,0.285867979,0.1590665687,0.6630260891,0.001778621,0.0008893105,0.324,0.273,92.9522616752933,15.6551177558389
"27007",0.0900298219,0.0007954765,11.609657515,5772,0.0993400486,0.0700481053,10270.29,7.7,0.1580332437,3.7277069721,3.4967462727,0.2315679421,0.1199506085,0.1174538551,0.3125925941,0.1977705611,0.7980288916,0.0031232378,0.0009760118,0.343,0.228,38.0020937002567,14.340412717078
"27009",0.045750675,0.0002003155,11.768535443,6977,0.0525531739,0.0303235152,8845.1,8.2,0.1229207116,3.119293059,3.1621373659,0.2364379064,0.0963670639,0.09889806,0.3002408728,0.1578484739,0.7357676003,7.5015e-05,5.001e-05,0.301,0.204,97.9464448760728,18.2612015870644
"27011",0.0596330275,0.0013927577,27.855153203,7839,0.0664179104,0.04363974,12422.18,7.7,0.1177397322,3.0152467703,3.0626031588,0.2037416752,0.0922279615,0.0969990316,0.2633938798,0.1378162163,0.6997532739,0,0.0013861386,0.383,0.243,86.292731496847,86.292731496847
"27013",0.0453550717,0.0010004031,13.13962343,7615,0.0506955399,0.0303184899,8689.01,7.1,0.1331519922,3.1010728137,3.2649693563,0.2593020922,0.0996727037,0.1038805568,0.2984566834,0.1624989479,0.8372830519,0.0024533044,0.0014900438,0.34,0.221,57.7571312630389,15.9330017277349
"27015",0.0431789737,0.0011907597,19.052155275,4638,0.0483917916,0.030877193,9268.71,8.7,0.1164048006,2.663632953,2.8240714833,0.219300612,0.0832849439,0.0893730332,0.2834987794,0.1309012786,0.8448615456,0.001973866,0.0006316371,0.356,0.25,80.6494261991644,17.1875826326088
"27017",0.0528472668,0.0006479238,13.803594569,7024,0.0620546318,0.0310340647,9578.52,8.2,0.1332036951,3.4098141871,3.2177114603,0.2120190226,0.1004752149,0.1002799633,0.3238642744,0.1668531493,0.7305996722,0.0011192568,0.0006435727,0.327,0.223,77.5172078862085,15.8770184827174
"27019",0.0317296161,0.0008323622,10.380046808,7697,0.0347345978,0.0261728563,8776.84,9.5,0.0972064033,2.5405757019,2.5987852448,0.262865296,0.0762918932,0.0812834454,0.2805256027,0.1163539133,0.9654225522,0.001137021,0.0004587979,0.262,0.158,51.3185936744113,10.7867107723285
"27021",0.0829401425,0.000408789,20.439448135,6775,0.0905291584,0.0653543307,9643.29,8.2,0.1458233361,3.426301754,3.2638676,0.1955498748,0.1057166893,0.1077852099,0.2924226714,0.1779743262,0.6568068051,0.000827786,0.0005173663,0.332,0.27,44.3852640923213,25.0378412828479
"27023",0.0622659677,0.0008347245,30.050083472,3663,0.0719806031,0.040361865,9427.79,8.8,0.1211180251,2.8857291324,3.027171315,0.2212536264,0.0896547593,0.0963637415,0.2849782242,0.1514671181,0.6711679125,0.0004945191,0.0006593588,0.339,0.264,108.22210505869,99.8973277464828
"27025",0.0417056049,0.0004339336,9.9443118536,6564,0.0483180062,0.0256371814,8407.16,9.2,0.1101479532,2.795002461,2.8844917442,0.2327215705,0.0838487706,0.0889759739,0.299999839,0.1589173885,0.7470076271,0.0010776649,0.0005479652,0.276,0.212,39.7643061128583,14.459747677403
"27027",0.0482444436,0.0002202331,11.011656625,7273,0.0556002791,0.0316622691,9042.19,8.7,0.1216454103,3.0231609307,3.014943404,0.2471590297,0.0903253136,0.0949645342,0.2698993518,0.1526667715,0.870709673,0.0022266402,0.0002862823,0.287,0.186,58.8238383604956,14.1807467476195
"27029",0.0856361543,0.0004505519,20.274836675,3826,0.0977787004,0.0593258427,10863.37,6.8,0.1574154839,3.7591380109,3.3912164514,0.1955095394,0.1156894733,0.1125392967,0.3130877979,0.1684655651,0.6518688902,0,0.0006797326,0.308,0.275,52.8003017160098,52.8003017160098
"27031",0.0835266821,0.001852538,18.52537977,2649,0.0899835796,0.0603644647,6125.08,8,0.125260357,3.1599363842,3.1799290249,0.1990700937,0.0983434917,0.1031001051,0.2690877067,0.1517346315,0.9866692427,0.0013242527,0.000189179,0.252,0.198,68.4207252596877,87.0809230577844
"27033",0.0608037274,0.000708278,19.477644976,3790,0.0704083347,0.0407942238,9761.04,7.5,0.1310102068,3.2037187852,3.0922130503,0.2007243568,0.100283208,0.0987022204,0.2866936056,0.1513421249,0.7841191067,0.0009590235,0.0008718396,0.383,0.272,85.1888843193702,85.1888843193702
"27035",0.0519080589,0.0010555073,14.435614057,6249,0.0599127026,0.03208779,9014.03,8.7,0.1232321596,3.2781590594,2.9689151772,0.2266839492,0.0990578459,0.0958903643,0.2885448031,0.1747965544,0.703152,0.0024397873,0.0008132624,0.289,0.223,99.3516271416226,18.6284300890542
"27037",0.0390948644,0.0006615278,8.6543956031,5740,0.0451833233,0.024805142,9022.09,8.9,0.1054415571,2.7873991002,2.9504860086,0.2309616947,0.0811185137,0.0864798831,0.2958343292,0.1336023538,0.9759755314,0.0014060352,0.000404804,0.307,0.175,46.890073221261,12.4934765075198
"27039",0.0438482782,0.000577979,14.931124169,4728,0.0497653342,0.0312997347,7174.69,9.4,0.1084338186,2.6074224412,2.7503302267,0.238786127,0.0821041201,0.0869167219,0.2895274028,0.1436468305,0.712351272,0.0001950649,0,0.412,0.223,56.369785794814,17.7162183926558
"27041",0.0393966527,0.0011709914,20.758483034,6363,0.0445896052,0.026952232,9445.26,8.5,0.1087215688,2.7372553679,3.1131526663,0.2224699322,0.0839126603,0.0946409773,0.2701538626,0.1363040502,0.8044100086,0.0015484836,0.0006140538,0.34,0.24,100.004424974556,12.3899287579096
"27043",0.063190243,0.0005803831,26.117237377,7948,0.0706053782,0.0453492221,9362.59,8.5,0.1261753872,2.9826958279,3.0365483324,0.2046656749,0.0922949368,0.0969481746,0.2888393021,0.1444743528,0.7042534185,0.0003588088,0.000574094,0.364,0.285,74.7402174699231,91.6170407695831
"27045",0.0730272336,0.0003336511,32.411820782,4983,0.0800905371,0.0577913408,7220.07,9,0.1141941141,2.8476106414,2.9450078455,0.2163252944,0.0887689987,0.0944037368,0.2754692848,0.1400933699,0.9345825745,0.0001428367,0.000190449,0.288,0.242,61.8645008803794,23.7940388001459
"27047",0.0642844931,0.0005567382,18.339610283,6529,0.0760054332,0.0351291513,8838.65,8.1,0.1328581243,3.0412562903,2.9461942883,0.1924281187,0.0938592252,0.0963259215,0.2856264477,0.1594816158,0.7018397056,0.0009525061,0.0012152664,0.366,0.229,109.379272627837,18.5944763467323
"27049",0.0557484724,0.000799067,19.868693849,6333,0.0627202255,0.0385442979,7978.59,8.7,0.102585444,2.805344528,2.994716086,0.2475523587,0.0874509025,0.0929228561,0.271859226,0.1497074554,0.9065890046,0.0009640929,0.0006855772,0.339,0.205,77.4843417059469,14.3489521677679
"27051",0.0576496674,0.0003366437,26.931493015,6743,0.0625195374,0.0482809071,10191.85,7.7,0.1224626816,3.0187086979,3.051001569,0.2034674936,0.0930243437,0.0964150272,0.2819407687,0.1450628543,0.5997008973,0.0001678979,0.0008394896,0.332,0.315,72.5527402611899,78.1337202812814
"27053",0.0536907851,0.0011780924,11.030139997,5751,0.0610999985,0.0332061886,8834.64,8.3,0.1094407635,2.6506010048,2.9819336644,0.2504422795,0.0758044374,0.0865719213,0.2795828194,0.1316436976,0.9951849361,0.003329052,0.0014669574,0.229,0.159,62.1805667032147,11.1113040156947
"27055",0.0488601565,0.0006966774,14.469453376,3895,0.0542859808,0.0356197353,7702.28,8.9,0.1129688832,3.0736362093,2.8825288826,0.2162403496,0.0908486835,0.0925050736,0.2855549249,0.1468019085,0.9736164398,0.0002126076,0.0002657595,0.323,0.235,76.7144794119746,83.850710054949
"27057",0.067543297,0.0006660957,12.846131887,5605,0.0770591878,0.0442320516,9543.98,8.3,0.1303466672,3.0749008773,3.1468126976,0.2031013525,0.0918824952,0.0991069207,0.2677353456,0.16320428,0.5761699628,0.0007722753,0.0006757409,0.317,0.256,39.6397539164077,44.3965243863766
"27059",0.0477465551,0.0007579203,11.116163913,6721,0.053985326,0.0327380952,9113.32,9,0.1106880799,2.8971024335,2.9715372366,0.2321847569,0.0878665179,0.0915348115,0.3019039562,0.1538820532,0.4913528665,0.001409353,0.0001793722,0.347,0.236,34.5778549922832,16.8672463376991
"27061",0.0600573368,0.0009305005,13.957507145,6172,0.0686867882,0.0377378215,8588.43,8.1,0.1214258973,3.1395259616,3.2801205169,0.2242821335,0.0969251088,0.1008286347,0.2932906308,0.1611822783,0.6816325625,0.0022324389,0.0007073074,0.355,0.234,74.5458973923698,23.6185021441171
"27063",0.0489130435,0,23.124874321,5176,0.0549411345,0.0340807175,9500.39,8.9,0.1085454075,2.8496460677,2.9705385585,0.2205377737,0.0873032872,0.0926683156,0.279299351,0.1457584857,0.473602182,0.0008045052,0.0005028158,0.345,0.264,60.4006576960505,77.1786181671756
"27065",0.0643469971,0.0008736895,13.105341987,6426,0.0707964602,0.0472665148,8246.59,8.5,0.1300986741,3.1536803794,3.1914536375,0.2206514687,0.0996726281,0.1011196025,0.3134558109,0.1741738722,0.3910339307,0.000315856,0.0005685407,0.316,0.285,62.4206737271384,27.0489586150933
"27067",0.0676788321,0.000982617,19.18442786,7947,0.0749267649,0.0509268106,9095.34,8.4,0.130876711,3.0366018138,3.1667266779,0.1965981414,0.0940096301,0.0972067449,0.2789069935,0.1401475096,0.6683396861,0.0032709731,0.0006118367,0.288,0.213,65.577353953768,10.1488762071308
"27069",0.0563733166,0,35.294117647,11858,0.0593548387,0.0491803279,9137.27,7.3,0.1238024622,3.005779797,3.0862862849,0.2038318637,0.0935164818,0.0973864354,0.2782889075,0.1442572546,0.4033391916,0,0.0009231479,0.342,0.208,210.427870002338,218.221494817239
"27071",0.0715742032,0.0003192848,17.560664112,6883,0.0795422436,0.0482584977,8053.29,6.8,0.1393994757,3.4054958347,3.2582446083,0.2050740507,0.1061226905,0.1037843005,0.2922735166,0.1716254552,0.7187288709,0.0010294583,0.0010294583,0.329,0.279,53.1971486328333,58.5168634961166
"27073",0.0573905863,0.0010471204,23.934181002,10423,0.0615993218,0.0454545455,10667.48,8.8,0.1127240872,2.8794792993,3.0054709093,0.2085728706,0.0890787705,0.0947241957,0.287236784,0.1418374266,0.4744455159,0.0001489203,0.000893522,0.368,0.23,144.580715923821,129.624090138598
"27075",0.0465714653,0.0008551881,15.203344736,3536,0.0521753909,0.031,10017.03,8.9,0.1204576688,3.1244955694,3.0210082643,0.1985692683,0.0946887556,0.0942832611,0.2674201717,0.140233125,0.7705687465,0.0005647059,9.41176e-05,0.282,0.243,97.4628226491024,110.038670732858
"27077",0.0638071606,0.000534188,32.051282051,6367,0.0706976744,0.0425531915,10981.61,8,0.1178045949,3.0155263063,3.0291000783,0.2092211198,0.0922717708,0.0972096833,0.2961514336,0.1549218863,0.6133498146,0.0002621919,0.0002621919,0.269,0.21,88.3704489218805,70.6963591375044
"27079",0.0504539559,0.0001422931,14.940770517,4904,0.0563124432,0.0370477152,8942.38,9.1,0.1085384674,2.7151478837,2.7422399351,0.2206818848,0.083482001,0.0878817045,0.2766429555,0.1476326175,0.7697722268,0.0002537059,0.0001087311,0.331,0.19,34.4434414936577,14.2524585490997
"27081",0.0611908684,0.0003522367,26.41775273,4778,0.0648556876,0.0532938564,11172.25,8.7,0.1216882978,3.0052316667,3.0343063422,0.200231246,0.0923096427,0.0961096503,0.2882393379,0.1367815076,0.4825305292,0.0001729206,0.0008646031,0.303,0.228,46.6907902416248,46.6907902416248
"27083",0.0528445608,0.0008129767,17.420928342,4827,0.0606844003,0.0360660706,9066.92,8.2,0.1237513026,2.9277651233,3.0679194378,0.2575613204,0.0932536244,0.0971893629,0.3043561359,0.1598163978,0.7642804656,0.0014786568,0.0005836803,0.327,0.26,63.5052294612424,12.9602509104576
"27085",0.0475829776,0.0009196299,17.556571174,6363,0.0529614391,0.0349625819,8926.84,8.7,0.1123870711,2.7423395631,2.910978819,0.2216485685,0.0862771225,0.0913592241,0.2833571348,0.1505685171,0.7893918311,0.0018693153,0.0006417053,0.389,0.264,71.5620033643435,14.8700266731103
"27087",0.0948389943,0.0001786991,8.9349535382,4176,0.1071932299,0.074474133,9286.64,6.6,0.2141376182,4.5675182469,4.2620818403,0.1879404211,0.1454094491,0.141540462,0.3431748791,0.2379885153,0.5401810456,0,0.0012808783,0.384,0.311,48.2509047044632,48.2509047044632
"27089",0.0582868038,0.0001068833,33.133817871,6207,0.0650313748,0.042601924,10245.83,7.5,0.1150209226,2.761724594,2.8094784535,0.2150126382,0.0847573198,0.0896825674,0.2974436769,0.1348445216,0.5507998729,0,0.0003217503,0.435,0.291,21.375133594585,35.6252226576416
"27091",0.0650347337,0.0008060453,19.143576826,6157,0.0745694394,0.0412511333,8529.63,7.8,0.1234139526,3.3305128885,3.0981616372,0.2013348496,0.0965435128,0.0956366562,0.284223006,0.1315359539,0.7306621881,0.0009581925,0.000806899,0.33,0.214,80.721108569891,92.4929369030001
"27093",0.0499891328,0.0005620163,16.860490251,7286,0.0546681141,0.0399862117,9986.48,8.6,0.1086843608,2.7592912463,2.9461801465,0.2341343907,0.0858666043,0.0921194505,0.2606282498,0.1356203852,0.5759227468,0.0007356123,0.0001730852,0.365,0.202,98.0081289095154,18.736848173878
"27095",0.0716689098,0.0007730365,20.871985158,7488,0.0808019441,0.0504455761,8010.92,8.7,0.1357216894,3.3448115077,3.1454988401,0.2211761069,0.0998272107,0.0994570196,0.3545546559,0.1770298386,0.6068896808,0.0021263435,0.000927859,0.307,0.258,123.271312454255,23.1133710851728
"27097",0.0564305949,0.0005443987,18.146624728,9144,0.0628471671,0.0415881392,8971.52,7.9,0.1247163426,3.0958698329,3.049949247,0.2128479536,0.0956901887,0.0971375533,0.295274835,0.1451274207,0.4868365564,0.0011577953,0.0005179611,0.301,0.253,55.5252690451673,15.1432551941365
"27099",0.0687080616,0.0003791134,14.6590507,5850,0.079920977,0.0436487981,9243.53,8.7,0.1354929716,3.1531427843,3.1357608975,0.221223661,0.0962952796,0.0976246555,0.2872527203,0.156240449,0.7310726962,0.0009958379,0.000587289,0.331,0.25,70.7427993936331,12.6326427488631
"27101",0.0593533859,0.0001198179,38.341720585,5767,0.0657478536,0.045212766,11071.49,8.8,0.1255708721,2.9738081698,3.0645879257,0.2075527327,0.0904698455,0.0951037292,0.2946424116,0.1444529558,0.5446418338,0.0007203746,0.0004802497,0.398,0.218,92.1806741212777,72.1413971383913
"27103",0.0422765464,0.0009126774,10.01001001,5989,0.0471772706,0.0308392973,8404.9,8.3,0.1131860723,2.9680071205,2.8729791577,0.2425602431,0.090018027,0.0912604242,0.29021412,0.1324470811,0.8207290616,0.0017870439,0.000446761,0.298,0.197,69.7713269327149,10.8096422008432
"27105",0.1038917655,0.0007291287,15.94969012,3598,0.1229249332,0.0638297872,8586.38,8.5,0.1564469218,3.1143693638,2.9819332496,0.1979251107,0.0979144966,0.0953470035,0.3110660961,0.1494666512,0.6880437833,0.0008696448,0.0005034786,0.338,0.258,39.5641852821231,48.6943818856899
"27107",0.0643910008,0,18.190086403,5606,0.0719978016,0.0455120101,8125.28,8,0.1383393439,3.1644867848,3.1403422698,0.2108603361,0.0969683162,0.0997228619,0.2924233225,0.1536067773,0.3219497957,0,0.0009119927,0.37,0.243,117.04238970027,122.131189252455
"27109",0.0437899306,0.0022719938,12.005421803,3966,0.0515618796,0.0261346608,7695.51,8.9,0.1103864137,2.6444930952,3.0491230233,0.2144508282,0.0823426596,0.0907252438,0.3033551059,0.1380625058,0.9130386556,0.0032070123,0.0050227953,0.271,0.172,60.5200416102208,11.6301859322132
"27111",0.0634493062,0.0005141829,20.567315108,7983,0.0703334068,0.0469347195,8663.92,8.5,0.1243228366,3.0681490839,2.9806846287,0.1922062683,0.0934083573,0.09248193,0.2816232508,0.1435748892,0.5574402736,0.0010674012,0.0005681329,0.322,0.236,90.7316739137878,19.4017415916276
"27113",0.0425145034,0.0006321113,14.046916702,4517,0.048608623,0.0279346211,9557.72,8.3,0.1155431193,3.0744490016,3.0310142812,0.2298247938,0.0937895112,0.0939752161,0.2923334696,0.1448977922,0.6868628859,0.0015454865,0.0004214963,0.32,0.217,35.1691636772878,28.1353309418302
"27115",0.0666974383,0.0002054583,14.03965346,7376,0.0762706579,0.040984989,9811.82,8.4,0.1400772145,3.1516907737,3.1442795678,0.1979894247,0.0974118409,0.1011951281,0.2931744361,0.1805141702,0.5819159664,0.0012814297,0.0003809656,0.379,0.293,51.3933302878027,22.8414801279123
"27117",0.0864040661,0.0005502366,25.31088368,4331,0.0995670996,0.058697515,9259.1,8.2,0.1250006616,2.9779110909,2.9863159144,0.2001889444,0.0927822878,0.0962114562,0.2771423585,0.1447990872,0.6537098791,0.0008693762,0.0003260161,0.334,0.264,36.5817968978636,40.23997658765
"27119",0.0570657566,0.0004427718,20.557259875,6056,0.0649819495,0.0396115512,10283.42,7.9,0.138652481,3.068887565,3.0786437584,0.2216037452,0.0924221811,0.0956108158,0.3080418756,0.1584903966,0.6878797468,0.001958307,0.0007580543,0.379,0.273,100.202514555734,17.9309762889208
"27121",0.0536057692,0.0011850501,27.347310848,6879,0.0583869372,0.0433121019,9765.06,8.9,0.1097198724,2.867853846,2.8542069777,0.2156482868,0.0867240032,0.091039867,0.270573485,0.1359111921,0.5150522965,0.0007240474,0.0005430356,0.308,0.209,63.4134557313685,66.4331440995289
"27123",0.057838971,0.0010949425,11.642888166,6119,0.0679512176,0.0321917492,9127.23,8,0.1179373652,2.9288800013,3.196484971,0.2129634325,0.0900066202,0.0945092307,0.2811367009,0.1353672898,0.9982777603,0.0036715133,0.0011338225,0.282,0.195,55.2832411844282,13.4852056310802
"27125",0.0657232704,0,22.332506203,7477,0.0739738385,0.0478564307,8924.56,6.2,0.1127501971,2.8458453585,2.9512121564,0.2295097058,0.0880956979,0.0929313201,0.2818883368,0.1482353599,0.630471998,0,0.0002495633,0.332,0.22,8.30840810900631,8.30840810900631
"27127",0.0748883835,0.0003928759,25.53693033,5105,0.0836571151,0.0568956476,9996.18,7.7,0.122833319,3.1245076099,3.1748757216,0.2051322596,0.0961364653,0.0989405535,0.2872076274,0.1578152395,0.6357805592,0.0003931075,0.0005241434,0.34,0.31,107.02428796086,100.471780534685
"27129",0.0735217164,0.0002731308,30.727210652,4311,0.0799853462,0.05889179,9834,8.3,0.1177898119,2.9682423196,2.9378576853,0.197244417,0.0908911769,0.0947013225,0.281975101,0.1417445498,0.6940241577,0.0002046385,0.0004092769,0.369,0.256,75.1417446546895,111.574105699387
"27131",0.0560089549,0.0009095319,11.217560029,5118,0.0644554088,0.0367899737,8298.93,8.6,0.1199785617,2.9842381796,2.927093774,0.2326609432,0.0918767637,0.0915365366,0.2912046066,0.1465282396,0.8253562408,0.0011581482,0.000365731,0.279,0.182,104.485823747053,8.58096137053096
"27133",0.0531008784,0.0010537408,23.182297155,4602,0.0609708738,0.0366935484,9797.25,8.8,0.1089723491,2.7500256462,2.9439001914,0.2130851834,0.0866945624,0.0930592471,0.2843478185,0.1370376906,0.6336327036,0.0009410289,0.0001045588,0.321,0.288,45.6653084164676,63.2288885766475
"27135",0.0610856148,0.0005219547,15.658641613,11923,0.0675105485,0.0466457023,9154.18,8.3,0.1166068891,2.9690001914,2.782526167,0.2210465025,0.0896308498,0.0894980137,0.2946319107,0.1439150734,0.4837801523,0.0002559836,0.0005119672,0.365,0.252,56.3954623343383,21.690562436284
"27137",0.051609685,0.00127,15.6,5668,0.0580514764,0.0323939348,8920.77,7.8,0.1199304259,3.6083145101,3.274077557,0.2305440725,0.1070760908,0.1022752827,0.3121209501,0.1783706305,0.8367844336,0.002120212,0.0012251225,0.284,0.204,61.027055327862,22.0097576592289
"27139",0.0382517835,0.000576025,6.7202918527,5836,0.0450693588,0.0249562682,9847.18,9.3,0.0926959991,2.7231705573,2.7227684058,0.2133296551,0.0799335183,0.0830790147,0.306810187,0.1294483138,0.8847515547,0.0009187082,0.0002296771,0.294,0.184,40.0560326674113,7.78231491823991
"27141",0.0378418883,0.0004018188,8.5650840647,7006,0.044193448,0.0244813911,10191.27,8.9,0.1040716014,2.8165288696,2.7097737389,0.2496946656,0.0825842224,0.0844649666,0.3214076555,0.1336179896,0.8825975435,0.0012509623,0.0003849115,0.322,0.181,49.9764195766786,14.7817579029613
"27143",0.0667935772,0.000134508,16.813504607,6941,0.0728730823,0.0531798246,9092.4,9.3,0.1163869867,2.7956582902,2.8805305251,0.2200692114,0.0859400913,0.0906151131,0.2768068482,0.1348451348,0.621634047,0.0002023336,0.0001348891,0.378,0.269,89.437438511761,71.5499508094088
"27145",0.0488177083,0.0009884553,14.446655092,6536,0.0551316682,0.0339702194,8929.49,8.3,0.1268034133,2.9194666154,3.0649596056,0.233154835,0.0922219744,0.0961831065,0.3224306844,0.1503574314,0.7637976129,0.0026919024,0.0014455323,0.3,0.213,40.8266875383411,12.2691599856155
"27147",0.0439924471,0.0007319652,15.723696695,5975,0.0515102736,0.0278069255,8727.82,8.8,0.1237333899,2.9355420456,2.8684403461,0.2345220047,0.0906490641,0.0920687289,0.3017227139,0.1388950209,0.6972604987,0.0023094688,0.000489064,0.332,0.207,60.6362278836146,11.7652382460745
"27149",0.0479210712,0.0008303924,22.835789911,7294,0.0542274052,0.0320543953,11911.81,8.5,0.1361051558,3.1822044865,3.1846389045,0.2343912601,0.0980375325,0.0995915858,0.2794258044,0.1520421767,0.7689697717,0.001341174,0.0004126689,0.303,0.19,41.2654745529574,0
"27151",0.0600385569,0.0005315191,21.260763261,6762,0.0676430912,0.0418006431,10878.23,8.1,0.1298149441,2.9947108739,3.0731948099,0.225748543,0.0931086124,0.0973472745,0.2718991922,0.1679308522,0.4443422263,0.0011678522,0.0004246735,0.393,0.303,149.089489191012,120.691491249867
"27153",0.0829124579,0.0007342443,22.027330206,10279,0.0893337317,0.0675148431,10430.92,7.9,0.1373562774,3.1073982503,3.1322205661,0.2232726951,0.0965866446,0.101140242,0.3050349868,0.1579072327,0.3882707371,0.0002888623,0.0003713944,0.378,0.247,53.1842356470749,13.63698349925
"27155",0.0746025275,0.0003012956,21.090689967,4485,0.0798882682,0.0640113798,9156.19,7.9,0.1187965805,2.9917540044,3.0226215382,0.2050030358,0.0900849322,0.0942065283,0.2760860983,0.135212146,0.6559865093,0,0.0005959476,0.309,0.298,60.102173695282,60.102173695282
"27157",0.0469580626,0.0007404665,18.511662347,4336,0.0529957669,0.0322249589,8351.9,9.2,0.1072130315,2.7353519775,2.8311703209,0.2318714717,0.083396316,0.0883220393,0.2759306848,0.1310193445,0.9128067909,4.70079e-05,0.000846143,0.403,0.239,55.7914639060224,52.6919381334656
"27159",0.0608037825,0.0006584242,18.289560319,9228,0.0721677936,0.0378657487,8882.45,7.5,0.1440140822,3.3387408431,3.266451796,0.1929129339,0.1030707608,0.1037397341,0.2945675747,0.1585739984,0.6734089431,0.0026887581,0.0021800741,0.392,0.307,75.2372400067956,14.5620464529282
"27161",0.0470056187,0.0003193698,15.968488849,7262,0.0545401517,0.0304757729,8240.59,8.4,0.1243496164,2.9900061651,3.0600938534,0.2186955116,0.0913280105,0.0944680499,0.2818859325,0.1567220468,0.7934782609,0.0001586378,0.0002643964,0.305,0.288,54.9752611324904,17.7339552040292
"27163",0.0333430814,0.0010805624,8.7381216159,5573,0.0375796876,0.0244335122,8947.52,8.9,0.09302913,2.3974978892,2.7037996497,0.2402650995,0.073093007,0.0804450821,0.2692990934,0.120655588,0.9358181879,0.0021847604,0.0006084143,0.264,0.16,40.0694189674059,12.8794560966662
"27165",0.0831080287,0.0002767528,23.985239852,4276,0.0949907857,0.0566816817,8771.74,9.3,0.1516194049,3.093377135,3.133141995,0.2092661681,0.0984734037,0.0992401457,0.3109203682,0.150695974,0.7375791633,0.000550055,0.0007334067,0.331,0.262,79.4426790515766,85.5536543632364
"27167",0.0464018875,0,14.231499051,5136,0.0522751896,0.0310810811,7964.33,8.5,0.1155633973,2.9805690233,2.9600626894,0.2333668336,0.0893830423,0.0936522448,0.2757754129,0.144797599,0.6291058394,0.0017301038,0.0001572822,0.334,0.33,100.337980566117,73.9332488381918
"27169",0.0561009457,0.0004127926,12.383779215,4806,0.0630447123,0.0343374763,7724.89,8.4,0.1192627958,2.8322401243,3.0868240332,0.2443289725,0.0889775556,0.0980106771,0.29969934,0.1494634598,0.9637589631,0.0016487399,0.0007458585,0.291,0.241,75.3377094715879,9.17154724001939
"27171",0.0402462845,0.0004468076,9.9042342463,5721,0.0474926143,0.0260849668,9457.54,9.3,0.1035174448,2.6499531185,2.9381832119,0.2504907611,0.0814002056,0.0870738956,0.2909871152,0.1435018179,0.8718123496,0.0010184836,0.000467748,0.328,0.195,48.8609447276064,12.897305207287
"27173",0.0608116758,0.0008107834,25.336981859,5948,0.0681449432,0.0445752733,11318.22,8.3,0.122978404,3.0346178689,3.0266832208,0.2162242768,0.0920162556,0.0952867185,0.2945344003,0.1523601948,0.6098869515,0.0005032713,0.0007045798,0.39,0.263,50.6808122444842,54.0595330607832
"28001",0.1497984578,0.0009353933,14.192174951,6949,0.18712503,0.0507746587,10789.43,4.9,0.2523478033,4.294513914,4.3353781119,0.125201111,0.1441165795,0.1432686906,0.4106081254,0.2286402875,0.6907762331,0.0004800307,0.0009600614,0.381,0.292,55.6488982588316,11.7718823239836
"28003",0.1439759036,0.0003493684,11.018543402,7291,0.1818479073,0.0508645857,13129.88,7.5,0.2068293651,4.2408557785,4.4092418723,0.1359181208,0.1315754412,0.1357301503,0.3375308573,0.1915657464,0.2787597485,0.0027342912,0.0012599185,0.385,0.312,28.7152612640099,24.2285016915084
"28005",0.1836734694,0.0002410219,14.46131598,5385,0.224825025,0.0702887538,10289.54,6.3,0.2333935635,4.4451749602,4.3713445751,0.1132236496,0.1440028358,0.1407078847,0.3651336809,0.2068875079,0.4078135709,8.02697e-05,0.0004816182,0.403,0.413,34.9171389433537,37.603072708227
"28007",0.1445094479,0.0004870921,12.989121611,5626,0.1890838207,0.047107438,11376.72,5.9,0.2239451868,4.2119890127,4.1153170362,0.1218382266,0.1334747834,0.1348466633,0.3294948111,0.1873878106,0.3392966673,0.0002640752,0.0005281504,0.428,0.308,21.5146299483649,17.9288582903041
"28009",0.1559495192,0,8.4215591915,5764,0.1938505396,0.0524041059,11152.9,5.5,0.2266095074,4.2649570599,4.3161168578,0.124410077,0.1355340186,0.1374475685,0.3468898917,0.2030095497,0.7721388475,0.0003630203,0.0004840271,0.431,0.378,28.1724151809072,28.1724151809072
"28011",0.1562972392,0.0005008609,15.025825638,8374,0.2043882526,0.0449438202,12584.63,3.4,0.2883650431,4.9926744806,4.6479347521,0.1076459777,0.1657624205,0.1597108942,0.3734815591,0.230073669,0.4928100747,0.0005192901,0.0007636619,0.401,0.318,22.9130864969015,28.1206061552882
"28013",0.1876820284,0.0001380072,15.180789401,4297,0.234643587,0.0733295583,12109.88,6.9,0.2508186026,4.4199195298,4.3299678129,0.1200493648,0.1404371462,0.1397737373,0.3540627825,0.2059128759,0.6266541906,6.84463e-05,0.0004106776,0.374,0.391,22.9684413615692,22.9684413615692
"28015",0.160847548,0.0001972581,6.9040339284,5650,0.1948424069,0.0636408485,10998.07,6,0.1898393354,3.816175337,3.812055964,0.1353190185,0.1151186378,0.1191433776,0.3344834475,0.171366336,0.3200905917,0,0.0002925402,0.287,0.338,26.3982841115328,26.3982841115328
"28017",0.172817937,0.0005249038,9.9148489444,5655,0.2240913811,0.0552218115,10881.36,6.9,0.2610951568,4.5238136561,4.2797644593,0.1207035588,0.1453893467,0.1414757236,0.34832847,0.2125500451,0.2293583257,0.0002319378,0.0006958135,0.438,0.33,9.6968756666602,17.4543761999884
"28019",0.1356486529,0.0003624064,12.080212612,5175,0.1687083602,0.0526598603,12935.45,7.2,0.2296507862,4.3400739199,4.2617356106,0.1296486987,0.1364625182,0.1358887917,0.3258616433,0.1968192271,0.0837720838,0.0007279786,0.0004853191,0.429,0.356,8.06516654568917,8.06516654568917
"28021",0.1447492904,0.0004469274,4.469273743,11397,0.1867403315,0.0420124481,15877.04,3.5,0.3495949384,5.372499356,4.7968650797,0.100753992,0.1824489709,0.168108857,0.4278345422,0.2569351591,0.0036443149,0.0003282635,0.0007659481,0.474,0.387,3.69126278099738,3.69126278099738
"28023",0.1469231992,0.0003158959,17.058377559,7843,0.1802139627,0.0626865672,12767.41,7,0.1900273202,3.7798246625,3.9653259729,0.1243143019,0.1193297463,0.1272253253,0.3193346042,0.1753194366,0.2434855367,0.0001258812,0.0006923464,0.332,0.238,23.2459847844463,42.2654268808115
"28025",0.1478117258,0.000509165,14.765784114,3759,0.1875659515,0.0469726352,9865.54,5,0.2442443657,4.4483646685,4.1795852192,0.1107117527,0.1449083068,0.1390345288,0.3738536076,0.2004955319,0.6735485122,0.001511335,0.0003526448,0.502,0.319,42.4621237855833,50.9545485426999
"28027",0.1356961758,0.0005614581,7.774034724,6499,0.18204277,0.0365776081,11114.9,3.6,0.2904989716,4.8340145918,4.5750328286,0.1016062497,0.1589027616,0.1553364319,0.4083315798,0.2327530845,0.7223433138,0.0031920702,0.0011340249,0.427,0.351,21.5545113592275,20.117543935279
"28029",0.1563154222,0.0003506803,11.221770234,6050,0.2000606612,0.0472372066,11142.12,5.8,0.2493886932,4.3599975922,4.3363759757,0.1209967801,0.1429173041,0.1430009768,0.3399734407,0.2058044843,0.4486739787,7.02198e-05,0.0001755495,0.436,0.413,30.3947814498311,14.0283606691528
"28031",0.1597116844,0.0004193092,11.531002673,7009,0.2008401859,0.0619487179,12651.19,NA,0.2444061711,4.3540379172,4.286611321,0.1254353239,0.1393802481,0.1388012372,0.3463308688,0.2024770257,0.302074816,0.0005110123,0.0004599111,0.4,0.329,17.3910018956192,29.5647032225527
"28033",0.1044524485,0.0003412568,8.2796739599,4576,0.133248731,0.039498484,10893.38,7.6,0.1647402456,3.3930342795,3.8658249898,0.1560095876,0.103750383,0.1129085804,0.3181753407,0.1942775632,0.7041090963,0.0006890229,0.0005466628,0.379,0.264,13.4237447400361,15.1017128325406
"28035",0.1539619981,0.0006360059,13.912628692,6054,0.1962378026,0.0433031219,11293.97,6.2,0.2013485957,3.9847191887,4.0765008533,0.1498366719,0.127239772,0.1346048389,0.369810849,0.1914615843,0.8811887795,0.0030666368,0.0021716527,0.344,0.277,10.1551530778944,13.6873802354229
"28037",0.1443910256,0.000386349,18.02962009,4944,0.1801842283,0.0578338591,13468.89,6.2,0.2071065021,4.0841950762,4.0928381842,0.1259807664,0.1285635409,0.1312934277,0.3364004526,0.2027515742,0.6993101749,0,0.0012850167,0.354,0.358,29.9978572959074,29.9978572959074
"28039",0.1468892864,0.0003320329,9.1309039595,6933,0.1863430987,0.0641178221,11919,7.9,0.1682551594,3.6184293709,3.9144362667,0.1558264348,0.1105316849,0.1204624355,0.3099671838,0.1800648059,0.2982549384,0.000253218,0.000295421,0.378,0.268,19.4339177390025,6.9406849067866
"28041",0.1537782681,0,8.2427875609,7320,0.1912949195,0.0627493653,14179.22,7.6,0.167597813,3.5743557385,3.7585990416,0.1613099951,0.1082571705,0.1139389231,0.3179103153,0.1900101079,0.1427777778,7.45823e-05,0.0008949881,0.471,0.302,14.8739433302759,19.8319244403679
"28043",0.146638557,0.0004742258,14.22677479,3860,0.1867321867,0.047628381,12802.2,6.2,0.2225894395,4.1158195716,4.1786015303,0.1242244152,0.1313943043,0.1329144088,0.3588006097,0.1948012045,0.6507349585,0.0004700353,0.0012690952,0.447,0.309,45.7290631849504,15.7686424775691
"28045",0.1555409145,0.0003400421,6.3757890039,5995,0.1897563578,0.0594766824,12182.72,6.8,0.1741549563,3.9294091413,4.0715418611,0.1485174666,0.119810679,0.1257930129,0.3152865935,0.1899160077,0.4687108744,0.0001923447,0.0006197773,0.35,0.285,29.7496777118248,22.6664211137713
"28047",0.1579714232,0.0005413921,9.3646202695,6441,0.1999130171,0.0550576184,11429.39,6,0.2135619994,4.1422773576,4.3978685177,0.1357348092,0.128177127,0.1322295283,0.3561700759,0.2122894092,0.6922583576,0.0016188236,0.0010874165,0.353,0.279,24.8816495395269,22.9301476148581
"28049",0.1419697506,0.0007891539,14.27992835,5894,0.1854587208,0.0356921115,10299.92,5.1,0.2207427361,4.0628978061,4.1814266994,0.1241533178,0.1345794136,0.1358436006,0.3838539502,0.1927486223,0.6988115865,0.0023463182,0.0019607924,0.407,0.305,24.7976138565723,10.8663701169249
"28051",0.1443056051,0.0005073567,10.147133435,4789,0.1920845421,0.0398172324,11231.86,1.5,0.3508273451,5.6227355831,5.1226799958,0.0966448027,0.1943504493,0.1790476544,0.4147764554,0.2713089746,0.2815918325,0.0002222346,0.0006667037,0.507,0.407,20.6146926536732,28.1109445277361
"28053",0.1541993779,0.000359626,10.788779669,5107,0.2054529841,0.0412511333,9598.05,3.8,0.3601084672,5.4164680056,4.889219652,0.0940767324,0.1848685856,0.1724345914,0.4167102667,0.2616781582,0.3588266667,0,0.0002349348,0.532,0.285,23.8929595412552,23.8929595412552
"28055",0.1802884615,0,0,3223,0.202020202,0.0774193548,7576.25,2.3,0.3201844737,5.1123452126,4.5771193936,0.1113978105,0.1746099145,0.160084632,0.4019539798,0.2692990259,0.1813655761,0,0,0.217,0.192,0,0
"28057",0.1526179981,0.0001701548,11.485451761,5832,0.1892873018,0.0572974991,12312.03,7.7,0.1905321849,4.0518339489,4.1256187661,0.1480190945,0.1272148917,0.1315708921,0.3147329069,0.1848268484,0.5028417589,0.0002125037,0.0008075141,0.353,0.31,28.3470816679423,15.5908949173683
"28059",0.1384379683,0.0005065001,9.6375710507,6010,0.1722437519,0.0527987637,10858.31,6.9,0.1727247834,3.8087847771,3.8283591047,0.1522681795,0.115244787,0.1182045389,0.3208821107,0.1873029169,0.7734198242,0.001387699,0.0007221699,0.355,0.259,33.5153631612253,15.7030023202944
"28061",0.1527925734,0.0001809191,10.252080569,5542,0.1895644856,0.0580088842,11293.6,6.3,0.2334845554,4.2724737451,4.127641832,0.1148037216,0.1361629741,0.1355342398,0.3533894875,0.1972502543,0.2988512484,0.0001206418,0.0001809627,0.481,0.33,24.1994030813907,28.2326369282891
"28063",0.1491134752,0.0005508124,4.1310933627,9523,0.1887629374,0.0485611511,12950.26,3.3,0.3456521197,5.1249572649,4.7424423753,0.0952641792,0.174949087,0.1638642406,0.4248164557,0.2636227694,0.610665286,0.0001370426,0.0008222557,0.509,0.363,4.61573967228248,4.61573967228248
"28065",0.1710556711,0.0001767721,13.257910553,6852,0.2121540127,0.0518582541,13396.69,5.2,0.2963841029,5.0520342518,4.6405634677,0.0958546741,0.1685195347,0.1609452716,0.3894069953,0.2274121334,0.2509810203,0.0001756697,0.0005270092,0.416,0.335,38.3107889075531,35.3638051454336
"28067",0.1703956195,0.0005005152,14.868246725,7000,0.2192415877,0.0607646791,11897.05,7,0.2256640515,4.2716644565,4.2973667323,0.1250307713,0.1360229801,0.1367193239,0.3341604313,0.1901947542,0.3968654536,0.0005150619,0.0011184201,0.394,0.367,14.1917550796696,16.1492385389343
"28069",0.2013838835,0.0001011839,11.130223616,6894,0.2487785812,0.070030896,12117.44,3.3,0.2781964439,4.8133233455,4.3360412984,0.1103445055,0.1567899736,0.1485915031,0.3940671223,0.2299973219,0.0683817904,0,0.0003031528,0.432,0.25,23.4852043212776,23.4852043212776
"28071",0.1383860518,0.0006069077,11.954242837,3619,0.1644035671,0.0562749489,9871.19,5.8,0.1910616439,4.1267356725,4.2463810205,0.1714688656,0.1270487469,0.1308423399,0.3292814757,0.1848153628,0.8037633841,0.0053535579,0.0007807272,0.327,0.221,37.4318096745887,7.97727091425661
"28073",0.1307445806,0.0013686577,9.6131912536,6893,0.1654194981,0.047389508,12229,7.6,0.180088357,3.5061213094,3.9065260342,0.1678375017,0.1090026217,0.1196667399,0.3291930503,0.1868690407,0.5439110281,0.000279082,0.000196999,0.36,0.257,7.57842314666955,14.6155303542913
"28075",0.1259472694,0.0009323091,16.545203861,6023,0.1603005048,0.0446054136,11978.88,6,0.2291698843,4.1876333396,3.973474598,0.1183807049,0.1324041818,0.1311194729,0.3774019199,0.2076838768,0.5994692316,0.0028165391,0.0012346473,0.367,0.303,33.5911563646516,8.28872689517378
"28077",0.1549200847,0.0002372855,15.819030293,8273,0.1961878829,0.0579573935,13513.72,6.7,0.2144183642,4.1096312496,4.107334409,0.1279717513,0.1293401434,0.1311875762,0.3449767972,0.2021928867,0.0474127929,0,0.0008628128,0.351,0.375,26.4221734879911,29.0643908367902
"28079",0.1901323706,0.0002201189,11.446180938,5230,0.2406417112,0.0636486748,14455.27,6.1,0.2511483308,4.5259539378,4.4838182219,0.1222256018,0.1464647338,0.1448505898,0.3537528256,0.2223347913,0.2281453476,0,0.000530504,0.492,0.352,10.2793033569268,17.6216628975888
"28081",0.140835888,0.0009772409,13.540084537,4765,0.1786748056,0.0529443303,10806.63,6.9,0.1895563044,3.8215381985,4.0283458247,0.1543696836,0.1185734587,0.1249114227,0.3285422377,0.1979662495,0.5328790254,0.0044623511,0.0021316218,0.327,0.284,32.874653642042,12.9150425022308
"28083",0.1452164731,0.0007528317,10.95027889,6337,0.1955950444,0.0416252485,10205.65,2.3,0.3115129997,4.9781744708,4.4515142248,0.0972356242,0.1675194552,0.1591388883,0.3854450546,0.2219911749,0.6920506235,0.003516881,0.0008038585,0.411,0.328,28.4097365849224,6.81833678038137
"28085",0.1467948491,0.000465834,16.304189594,5061,0.1848030949,0.0539809479,10869.26,6.2,0.2118652516,4.2512409273,4.3480857037,0.1235581814,0.1339018605,0.1373867894,0.3503756862,0.2109511393,0.4826350053,0.0003475944,0.0009848507,0.387,0.323,42.6873635702159,12.6121756002911
"28087",0.1428717865,0.0005406684,13.854627784,3740,0.1822385887,0.0452754545,10651.51,6.3,0.2122548565,3.91350901,4.0957876201,0.1299812106,0.124658431,0.130331956,0.3449363104,0.2061659607,0.6697335185,0.0013422368,0.0013925707,0.369,0.265,55.7062312202478,15.755297718858
"28089",0.106076142,0.0013190847,12.808503317,4729,0.1302968079,0.0496827228,10024.03,7.5,0.1591647596,3.4002979831,3.4959027058,0.1540602818,0.102754533,0.1093792939,0.3311041804,0.1507395479,0.8044704474,0.0012557794,0.000751565,0.371,0.225,39.0027967859159,13.000932261972
"28091",0.1598052013,0.0003191192,18.349355778,7946,0.2048388234,0.0504648074,12406.71,5.6,0.2376256616,4.3739800746,4.3227420328,0.1196189078,0.1390682724,0.1421474517,0.3475745649,0.2049755705,0.3532560543,0.0003168191,0.0005544335,0.383,0.296,25.3215166255747,6.66355700673019
"28093",0.1435220262,0.0001122996,8.1417221146,5606,0.1791133005,0.0478327776,10785.35,6.6,0.2075166545,3.9692123774,3.9324624954,0.1322709181,0.1232501344,0.1238238869,0.3648335813,0.1799835661,0.4149526168,2.79322e-05,0.0004748471,0.451,0.373,22.4569808460668,14.9713205640445
"28095",0.1481031972,0.0004739072,14.217216771,6593,0.1865205269,0.0510095643,12902.53,7.2,0.1998498151,3.7929173034,3.9965232788,0.1334452352,0.1205510853,0.1297490216,0.3323711641,0.1952618211,0.2405850388,0.0001115045,0.0007805313,0.384,0.359,40.0711962649917,18.6377657046473
"28097",0.1510547464,0.0005897965,10.812936204,5483,0.1899156711,0.0560200669,12539.49,6.3,0.2461761626,4.4691492572,4.399187716,0.1111297674,0.1429977105,0.1428711232,0.3434535245,0.195720851,0.0805491991,0.0001963287,0.0003926573,0.378,0.285,16.4565711088438,32.9131422176875
"28099",0.18045449,0.0005788416,10.895842555,9658,0.2414108187,0.0608918384,13223.75,7.2,0.2484298915,4.6994755139,4.6493936881,0.1289531325,0.1464848483,0.1486683063,0.3560913608,0.2169421134,0.4514085456,0.000510152,0.0010883243,0.406,0.33,25.0292956528664,12.5146478264332
"28101",0.167644837,0.0002832193,15.57705924,7037,0.2146333277,0.0642086331,13041.3,6.8,0.2007576491,4.0427456682,4.183585636,0.1336035694,0.1292690658,0.1361961542,0.3251411697,0.1979789069,0.3540976059,0.0002319325,0.0007421839,0.361,0.285,29.6014707257034,15.5797214345807
"28103",0.177185017,0,8.3783280581,8846,0.2260066847,0.0571535301,12082.81,4.7,0.2651531602,4.6428496291,4.4809646023,0.1026766984,0.1522413366,0.1477227215,0.3803330859,0.214957578,0.1159809441,0.0012683457,0.0009059612,0.498,0.316,18.5672288410955,18.5672288410955
"28105",0.1564687745,0.0004216952,11.847627462,3238,0.1840333959,0.0606961886,10139.78,5.2,0.2232356065,4.2586803089,4.3121504566,0.1530630701,0.138187835,0.1426393884,0.3376216656,0.1996579094,0.5631516016,0.0016254289,0.0006622118,0.365,0.225,8.71132673506175,8.71132673506175
"28107",0.1434912806,0.0002353356,10.590104136,7662,0.1853968885,0.0434383954,11189.97,5.8,0.2398133527,4.2074093269,4.0666156143,0.1294581912,0.1318780345,0.1324638571,0.3369534761,0.2121490701,0.2780707062,0.0004975998,0.0007024939,0.437,0.399,23.4521575984991,11.7260787992495
"28109",0.1508922263,0.000289488,9.4083589651,6644,0.188365651,0.0582901554,12141.59,7.5,0.1869169581,3.925411489,3.9995764545,0.1482094308,0.1185053408,0.1249875296,0.3338472096,0.1786789385,0.4861732994,0.000415838,0.0005604773,0.403,0.332,26.5112944139498,17.4733531364669
"28111",0.1678535097,0.0001662234,9.9734042553,7609,0.2086713287,0.0615980289,12238.33,7.3,0.2160353118,4.4732033527,4.4419446434,0.1309660256,0.1396393843,0.1414779231,0.3333786768,0.2083960294,0.5504489796,8.1666e-05,0.0008166599,0.395,0.34,5.52364118426867,5.52364118426867
"28113",0.152403982,0.0004560657,17.482517483,6405,0.2025976402,0.0450236967,11302.49,5.4,0.2430022382,4.6069714073,4.6879242214,0.1136178408,0.1494362864,0.1496113459,0.3676807172,0.2189741073,0.5417532918,0.0033781229,0.0010336048,0.369,0.342,28.6441220576589,11.7946384943301
"28115",0.176192074,0.0001580278,9.7977243995,4092,0.2239311643,0.0707656613,12220.13,7.7,0.1957789333,4.0002459014,4.0636131317,0.1477056206,0.1220634299,0.1267863082,0.3162122128,0.1863030475,0.2908835998,0.0004120444,0.000570523,0.387,0.334,22.0999126527262,18.9427822737653
"28117",0.1552141058,0.0003562804,7.9173429397,6606,0.1969368487,0.0499145299,12526.07,7.3,0.2348858358,4.5140845385,4.2524324841,0.1345812963,0.142019295,0.1399127388,0.3391369646,0.1991583162,0.5839531571,0.0006335128,0.0007127019,0.378,0.381,19.7805675704188,14.5057495516405
"28119",0.1600205374,0.0001375705,9.6299353419,6679,0.2085700758,0.0342028986,10498.51,3.2,0.3464611564,5.3756108425,4.8246866846,0.0956804548,0.1832324484,0.1681813178,0.3981336083,0.2607826274,0.1737808586,0.0004082188,0.0006803647,0.345,0.391,27.6893257649176,27.6893257649176
"28121",0.1068550945,0.0006443977,10.586533403,6158,0.1310210453,0.0485467902,11136.45,7.6,0.1465381762,3.3165840046,3.3923364146,0.1572956103,0.1012089577,0.1068787878,0.3291593527,0.1625392717,0.7008127555,0.0010983305,0.0007655031,0.382,0.285,25.8652813397339,17.3165866596524
"28123",0.2049720741,0.0001759324,11.611541168,7670,0.2663964182,0.0674878784,13909.95,6.5,0.2601848522,4.4710014378,4.4986789654,0.129099459,0.1443980723,0.1453066879,0.363518006,0.237089445,0.6856425134,7.09044e-05,0.000744496,0.498,0.326,18.8425936830205,15.3096073674541
"28125",0.1642253521,0.0004509583,15.783540023,9289,0.2101910828,0.0534904805,12163.65,4.3,0.3036314448,4.9734508746,4.6365072085,0.0948464767,0.1656781685,0.1576240073,0.3970505187,0.2400111,0.0199349064,0,0.0002196837,0.42,0.457,7.4827895839569,0
"28127",0.1542336402,0.0004082087,13.35955765,7549,0.1959898154,0.0487501941,12474.31,6.5,0.2386698134,4.4721211807,4.4168385268,0.1237047628,0.1404218646,0.1392904054,0.3716390807,0.2104984309,0.2553176017,0.0003344233,0.0003715815,0.506,0.319,22.3277968666658,13.6447647518513
"28129",0.1571285527,6.21968e-05,9.9514865033,7308,0.1953007114,0.0642201835,13149.58,7.2,0.2071841117,4.0203181632,4.1313606416,0.1402640815,0.1261685972,0.1314137042,0.3227816858,0.1845478358,0.301194591,0.000125715,0.0003142875,0.412,0.288,31.2571630998771,16.6704869866011
"28131",0.1329616127,0.0002760601,4.9690812721,6816,0.1654098035,0.0514007308,12957.61,7.1,0.1853304565,3.8037819922,3.9668850157,0.1529012246,0.1147117985,0.121004538,0.3321911543,0.1758235924,0.5686494996,0.0002220742,0.0003331113,0.374,0.274,27.3517988366368,30.9987053481884
"28133",0.1510880717,0.0002694277,9.6224163812,6131,0.1995801586,0.0418557741,12489.01,3.2,0.2888597192,4.7256647303,4.4705754529,0.116366781,0.1569007066,0.1509020746,0.4186684339,0.2425450024,0.2777928693,0.000151475,0.0009467187,0.537,0.31,25.6006553767776,7.68019661303329
"28135",0.1457413249,0.0002123894,12.03539823,5252,0.1861345762,0.0426523297,12735.91,4.4,0.2635965033,4.357718489,4.0519069743,0.1351126597,0.1377321831,0.1318271453,0.3610025309,0.2174002694,0.274027832,0.000347367,0.0007642073,0.42,0.334,25.8786994777208,23.5260904342916
"28137",0.1552469136,0.000210963,11.25136247,5481,0.1957512315,0.055424875,10464.1,6.2,0.1856607701,3.5893556543,3.885670751,0.1385838266,0.1128194025,0.1217044524,0.3172555374,0.1800017481,0.3418264903,0.0001063792,0.0004255168,0.425,0.293,22.247983044695,12.8804112364024
"28139",0.1532709245,0.0001820747,14.565979335,6493,0.1942660191,0.0564268974,13061.97,7.2,0.2228910624,4.2008594257,4.1581208774,0.1365849841,0.1317331334,0.1336970658,0.320458113,0.2006083882,0.6143846707,0.0007210455,0.0009013069,0.411,0.454,30.2324878314236,18.1394926988542
"28141",0.1702527544,0.000307031,6.1406202026,7112,0.209773434,0.0663045938,12191.84,8.2,0.2017372922,4.2548590393,4.352514375,0.1372949114,0.1320936734,0.134470408,0.3078930852,0.1965124044,0.5069667738,0.0009748089,0.0007182802,0.388,0.405,27.3565065741105,25.6467249132286
"28143",0.1283484743,0,3.9904229848,8682,0.173755812,0.0351655855,11937.89,4.6,0.2723660033,4.6039022875,4.2632726854,0.1145284983,0.1496892771,0.1429285945,0.4097347611,0.2223887436,0.5620708851,0.000390854,0.000586281,0.442,0.38,3.31103900403947,3.31103900403947
"28145",0.1754074825,0.0004902647,14.007564085,4673,0.2261330762,0.059383378,10749.93,7.5,0.1896066886,3.8712505909,4.0522669515,0.1458562587,0.1199768538,0.1272813982,0.3234852252,0.1857972954,0.5872337289,0.0001059659,0.0009536929,0.367,0.295,21.0592818784879,14.0395212523253
"28147",0.1805016809,0.0004138216,12.414649286,7702,0.2275227164,0.0612423447,13092.4,6.4,0.2552273997,4.6101511122,4.3955140381,0.1108396379,0.147231191,0.1451682309,0.3500935215,0.21572356,0.2054005051,6.84978e-05,0.0003424892,0.42,0.309,36.728416316599,34.4328902968115
"28149",0.1414349822,0.0005559357,13.898392063,6545,0.178532863,0.0495553829,11755.15,5.7,0.2234629761,4.1854247704,4.1743793857,0.1207747393,0.1324234195,0.1338499336,0.3568560281,0.2038355921,0.6377093884,0.0043699618,0.0007000424,0.379,0.311,21.4157219953742,9.9940035978413
"28151",0.1619622246,0.0004327037,15.360983103,7030,0.2116535552,0.0482531854,10225.29,3.7,0.265747934,4.7889238712,4.4990836041,0.0996123852,0.1597754184,0.1540932165,0.3523291942,0.2120182637,0.8027846765,0.0007410387,0.0009315915,0.432,0.345,43.3166083095694,8.66332166191387
"28153",0.1636051197,0.0002934559,10.760050866,8321,0.2087626707,0.0560460653,11075.05,6.9,0.2220039431,4.1919735031,4.2500935526,0.1292340339,0.1302800032,0.1328758305,0.363688313,0.1923772477,0.0768303851,0.0001464844,0.0002929688,0.479,0.395,57.1671240036587,16.3334640010453
"28155",0.1398950787,0.0003072197,13.312852023,7356,0.1738370059,0.0570358035,10596.28,7,0.2032964833,4.1191322122,4.0984735351,0.1321718687,0.1263410276,0.129751528,0.3200952474,0.1893902923,0,0.0004095423,0.001228627,0.38,0.251,23.8744884038199,37.5170532060027
"28157",0.1615186615,0.0003407542,10.222626079,6893,0.2067635043,0.0540115364,11385.5,4.7,0.2877461648,4.737804776,4.3541194752,0.109543192,0.1559541229,0.1461047656,0.3811212564,0.2325162171,0.1097388135,0.0002210678,0.0005526694,0.494,0.342,22.5199864880081,37.5333108133468
"28159",0.1677268872,0.0003836457,16.990025211,5364,0.2138053797,0.0550458716,10834.39,6.1,0.2697497956,4.7339575005,4.5288398563,0.1172454074,0.150503647,0.1451216543,0.3577948667,0.2143077219,0.2694030628,0.001376652,0.0007709251,0.435,0.383,60.4716790969563,47.6443532279049
"28161",0.1430298147,8.00192e-05,15.203648876,9170,0.1798581166,0.0488227147,12101.66,6.8,0.2373554277,4.5881293551,4.3615060479,0.1173618079,0.1455345503,0.1425457923,0.3675854545,0.2088517776,0.3451648525,0.0001603721,0.0006414883,0.42,0.386,42.8265524625268,42.8265524625268
"28163",0.1468538742,0.0002587131,7.391802491,6211,0.1942243219,0.0469476294,12297.33,4.1,0.2714596134,4.6662456421,4.4058468295,0.1229364178,0.1545480572,0.1463367034,0.3746546683,0.2504802797,0.4309282024,0.0010636737,0.0004034624,0.424,0.315,35.1221402705616,31.4888154149863
"29001",0.1060246053,0.0010245498,11.821728337,2032,0.1226611227,0.0550651534,9590.24,6.6,0.2008004965,4.94660176,4.7407526703,0.1850673169,0.1495087671,0.1462565715,0.3187680618,0.2231154321,0.7831842855,0.0016562167,0.0006703734,0.29,0.292,30.233322379231,24.9753532697995
"29003",0.0936140351,0.0001139277,7.9749359157,4186,0.1115328467,0.0489325977,10229.41,8.5,0.1484892586,4.0494590486,4.033325806,0.180796914,0.1172529576,0.1195337442,0.3035090612,0.1813544311,0.6327569256,0.0001729107,0.0001729107,0.288,0.199,45.7038391224863,19.043266301036
"29005",0.1199796645,0.0003791469,28.436018957,7195,0.1368348307,0.0756457565,11076.51,8,0.1624652191,4.1899114837,4.1944210827,0.1659357474,0.1222859245,0.1240387216,0.2966445811,0.1841813151,0.7547933157,0.0003778575,0.0013225014,0.37,0.175,76.243725776733,88.9510134061885
"29007",0.1229770073,0.0005070005,10.92001092,3828,0.1519833606,0.0554707379,9515.45,7.5,0.1802849515,4.5960106114,4.5092560716,0.1763879572,0.1356624095,0.1357323685,0.3332017069,0.211752428,0.7400994947,0.0018062334,0.0006533185,0.336,0.301,71.3035586957931,27.2249951383937
"29009",0.1747475829,0.0006448357,14.578894247,3740,0.2087879389,0.0885341074,9717.93,7.8,0.2236214778,4.9556589626,4.7150846799,0.1554572813,0.1507836153,0.1443366671,0.3140100616,0.2347720896,0.4895075428,0.0005317363,0.0007276391,0.4,0.335,40.079786738251,15.8454970825644
"29011",0.1437373845,0.0003375527,11.814345992,6222,0.173645505,0.072859116,12720.8,6.9,0.2132368235,4.8645160855,4.7427862585,0.15916316,0.1472743137,0.1453795944,0.3325967685,0.2234086148,0.3484115465,0.0006718173,0.0003359086,0.285,0.292,16.8747890651367,25.312183597705
"29013",0.1281794358,0.000244888,11.632178278,6578,0.1538378144,0.0670050761,11509.26,8.2,0.1874058378,4.6526974513,4.4481226119,0.1672973995,0.1395370193,0.1356666711,0.3283803494,0.2138728346,0.3625432577,0.0003654748,0.0004872998,0.379,0.25,46.8708605897577,52.9844511014652
"29015",0.1487944891,0.0002621369,14.155394778,4536,0.174684821,0.0687593423,9923.1,7.7,0.2076011921,4.8360183918,4.6637689124,0.1417089765,0.1454927475,0.1440913989,0.3351061485,0.2161419388,0.2983837112,0.0005308137,0.000424651,0.343,0.298,68.1925477784966,36.7190641884213
"29017",0.1424027906,8.12612e-05,7.313505607,4980,0.1697769047,0.0701627486,10131.05,7.1,0.1955157259,4.736195595,4.5400377025,0.1671843244,0.1417161991,0.1384374453,0.3284653654,0.2295387946,0.2610207878,0.0002489213,8.29738e-05,0.376,0.321,16.4262052728119,16.4262052728119
"29019",0.1006031897,0.0011274969,11.555440874,3645,0.1173028797,0.0506414041,9528.39,7.1,0.1684973519,4.0627772661,4.1987628382,0.2077289524,0.125931902,0.1292179237,0.3160445294,0.1822102643,0.8227887016,0.0031031632,0.0012231446,0.281,0.187,38.5140314468936,11.5916016976088
"29021",0.1149342992,0.000639982,12.462808062,5002,0.1418150778,0.0466656995,10824.56,7.5,0.2231118608,5.0492513034,4.480452533,0.1967566217,0.1495615618,0.1342424048,0.3384734242,0.2492204191,0.7924686943,0.0015291551,0.0010344285,0.391,0.34,36.0125143487362,20.6321696789634
"29023",0.1283509103,0.0009843904,10.078282473,7084,0.1586036961,0.0533214179,10395.73,6.9,0.233869477,5.2862738307,4.7575972884,0.1601490373,0.1605199196,0.1473953013,0.3475131181,0.2464092165,0.7248679721,0.0025971595,0.0014974613,0.379,0.381,44.5159476429977,18.7435569023148
"29025",0.1241273387,0,14.285714286,6198,0.1457216597,0.0752688172,10654.93,7.7,0.1808332635,4.4024427838,4.3719525237,0.1684272801,0.1298683126,0.1300169835,0.3305212025,0.2106154157,0.4505517827,0,0.0001103509,0.35,0.321,22.002200220022,29.3362669600293
"29027",0.1060482223,0.0003775093,9.5487653224,3662,0.1265676633,0.0518441558,9349.11,7.8,0.1612593652,3.9738870234,4.1008984389,0.1930902626,0.1187279489,0.1215327111,0.3315785196,0.1997406203,0.6570648741,0.0016859665,0.0003105728,0.363,0.249,31.8520877932429,20.7408943769954
"29029",0.142537953,0.0007670056,12.491234222,3355,0.1655945301,0.0723652837,9011.01,7.7,0.1749060252,4.5822916106,4.3985018506,0.1589659291,0.1363998518,0.1334343251,0.3147023158,0.1986590829,0.6905140675,0.0011910915,0.0004494685,0.236,0.264,36.0442535161537,21.3323133054787
"29031",0.1035928913,0.0009339696,13.561750745,4313,0.1253168429,0.046073903,9296.62,7.3,0.1856264441,4.5195129633,4.3600865583,0.1973813772,0.1308932636,0.1306002473,0.3197631536,0.2055872772,0.7564817507,0.0025217645,0.0015713507,0.325,0.24,17.3856259037345,18.2337052161118
"29033",0.132498544,0.0003410641,18.190086403,4516,0.161237785,0.0622586873,11631.82,7.5,0.1887012901,4.6128303933,4.5016728986,0.1643129585,0.1360621174,0.1360401184,0.3416975284,0.2049266815,0.2954276493,0.0001121957,0.0004487827,0.329,0.245,56.7064872221382,60.4869197036141
"29035",0.1597874949,0.0001621008,9.7260496029,5575,0.1965616046,0.0685210312,9395.89,5.6,0.219037964,5.0676125985,4.7784986911,0.1552874028,0.1540863049,0.1486419988,0.3329797674,0.2288607399,0.7653631285,0.0009727626,0.0012970169,0.302,0.332,59.8118644989397,54.3744222717634
"29037",0.0884015008,0.0002313833,9.5445605646,5183,0.1095816684,0.0393739579,10973.73,7.9,0.1528934263,4.0817586915,3.9711311601,0.1816264807,0.1161869935,0.1167851577,0.3080825934,0.1822181651,0.7074830616,0.0005736788,0.0004083815,0.365,0.271,98.8691043678958,21.8282438214835
"29039",0.145731478,0.0002842322,11.369288709,2594,0.1787211031,0.0714494876,10294.47,7.3,0.2103700151,5.0223244272,4.7569826734,0.1482895107,0.1540888927,0.1486964532,0.3166599329,0.2264568748,0.558146188,0.0004994292,0.0006421233,0.317,0.248,104.132153168931,26.0330382922327
"29041",0.1202137133,0.0001336898,16.042780749,4140,0.1429295489,0.0678449259,9304.88,8,0.1812325056,4.6410907631,4.4116202529,0.1619662859,0.1364086192,0.1345157847,0.3421278743,0.2077759022,0.335078534,0.0003991485,0.0006652475,0.365,0.286,49.0043212901501,44.5493829910456
"29043",0.1006058585,0.0004447982,8.8959640416,3775,0.1253037277,0.0445982143,9290.77,8,0.1527990372,4.0262884359,4.0509581375,0.1831283443,0.118773809,0.1230173531,0.3401165218,0.2011662689,0.69199969,0.0010307935,0.0003199014,0.34,0.238,35.0445455111831,21.416111145723
"29045",0.1379179331,0.0002974862,14.874312063,9621,0.1601479915,0.0817772054,10146.22,7.6,0.1662618977,4.3882262809,4.4218843713,0.1685317343,0.1293641876,0.1314447991,0.325462803,0.2033291844,0.4415184199,0.0001487431,0,0.311,0.3,4.92902208201893,4.92902208201893
"29047",0.0858386399,0.0006958341,9.9228406499,4961,0.1057549303,0.0369270434,10694.74,8,0.1438687073,3.8795112703,4.0751893688,0.1975350509,0.1144693718,0.1165512052,0.3481717346,0.1845557599,0.9044061657,0.0010080097,0.0005646527,0.333,0.24,32.9523673529913,18.94761122797
"29049",0.0919349091,0.0005351756,9.2439427849,5227,0.1101084527,0.047960199,10898.79,8.3,0.1596841589,4.1945519577,4.1083446366,0.1822600577,0.1201173967,0.1210965273,0.3187794465,0.1929091701,0.5392180495,0.000339641,0.0005822416,0.341,0.307,66.5217250219035,29.2046597657137
"29051",0.1009189613,0.0007039683,23.726338843,3386,0.1228339497,0.0478493112,9209.78,7.5,0.1657348285,4.1566174937,4.109172416,0.1818889884,0.1215695391,0.1212328949,0.3324884758,0.2035472474,0.7750493486,0.0016050945,0.000809072,0.407,0.202,36.0657874725704,16.946574836509
"29053",0.1064511209,0.0003967354,11.335298118,3870,0.1270094751,0.055995909,8746.73,7.6,0.1752670075,4.2812454885,4.1771468879,0.1846104081,0.1259581954,0.1253000813,0.3282483393,0.2105356661,0.6192261803,0.0007904246,0.0002822945,0.336,0.274,47.2063294246493,49.0945826016352
"29055",0.1480070952,0,12.032196498,4391,0.1817720418,0.0630630631,9829.3,7.7,0.2096916425,4.9642004621,4.9059518205,0.1583656717,0.1500416406,0.1491898373,0.3339513511,0.226569754,0.6203433754,0.0003703399,0.0004937865,0.399,0.287,13.8195989552383,30.4031177015243
"29057",0.1486392184,0.0006589352,15.814443859,3861,0.1762598519,0.0752753978,10005.08,7.7,0.2111803329,4.824152651,4.7007557816,0.1491509028,0.1465303486,0.1440806064,0.3277262535,0.2220219763,0.2770518838,0.000917311,0.0005241777,0.362,0.284,57.0475688959101,61.4358434263648
"29059",0.1673494159,5.99772e-05,4.1984046062,4565,0.2015852614,0.0849689441,10006.77,7.4,0.2056541569,4.8834359013,4.6413616591,0.1612639424,0.1467260847,0.1438259512,0.3338701045,0.2267216035,0.057698039,0.000364786,0.0002431907,0.308,0.251,64.1501112603492,76.1782571216647
"29061",0.1624537608,0.0001196029,7.1761750987,5184,0.1848147306,0.1152973218,10702.48,7.6,0.1844717479,4.5992395544,4.5031458181,0.1657300076,0.1352691724,0.1344047119,0.3286082203,0.2035827091,0.317561959,0.000243635,0.0006090876,0.413,0.332,20.0940401077041,32.1504641723265
"29063",0.1048756772,0.0002383222,8.7384810931,5013,0.1244862008,0.0579115367,10882.73,7.1,0.1969914817,4.469858004,4.0188952948,0.1899943643,0.1294636515,0.121124392,0.342236314,0.2195440076,0.6517219981,7.92833e-05,0,0.349,0.318,37.006687637123,42.2933572995691
"29065",0.1642165052,0.0001937984,10.335917313,5868,0.1972125436,0.0804176072,10795.19,7.1,0.2018712227,4.810139488,4.6376320519,0.1612391824,0.1458519917,0.1435412078,0.3275704794,0.232386567,0.6277703264,0.0010398388,0.0003249496,0.25,0.278,12.9567245400363,21.5945409000605
"29067",0.1524039915,0.0001503759,9.7744360902,4864,0.1848961962,0.0686650401,9843.23,6.7,0.2121396739,5.0398435371,4.8622596801,0.1445180855,0.1541012359,0.1505145035,0.331212545,0.2304919421,0.4254603917,0.000598892,0.0008234766,0.302,0.295,37.4709600059954,34.9728960055957
"29069",0.1319511076,0.0004316212,15.93678409,7491,0.1681266236,0.0525234365,11557.64,6.2,0.2577870077,5.4703778511,5.0369871938,0.1439558993,0.1710319677,0.1586444261,0.3471023062,0.2620498479,0.6677620255,0.0013754708,0.000753234,0.417,0.429,39.9658070317617,22.2032261287565
"29071",0.1040722396,0.0006677635,14.51659731,4090,0.1251956182,0.050841995,10450.26,8.2,0.1597131818,4.3176008091,4.328290259,0.1854365489,0.1257458154,0.1258498061,0.3134216453,0.2043389337,0.7473791038,0.0008557148,0.0004181334,0.365,0.348,40.0209141551391,24.8516966931106
"29073",0.1196340605,0.0004753497,15.618633709,3928,0.1397234144,0.0651486401,10327.12,8.4,0.1688254993,4.2623276272,4.2047346938,0.168935829,0.1254766205,0.126475443,0.3170984674,0.193571658,0.4997372224,0.0006753106,0.0003376553,0.306,0.242,54.2507742037569,13.5626935509392
"29075",0.1213436497,0.000300075,18.004501125,4757,0.1443719413,0.0711346267,12500.83,8.1,0.177363694,4.3382584756,4.257963431,0.164721676,0.1287170371,0.1293437146,0.30694918,0.1939695701,0.6203621253,0.0003002552,0.000750638,0.314,0.316,65.1498446426782,60.1383181317029
"29077",0.1131006541,0.0009799693,12.077086317,4439,0.1361634352,0.0477701364,9633.85,7.3,0.1969641972,4.6076272804,4.6282882644,0.167528791,0.1378216884,0.1368124299,0.3093868592,0.2224159679,0.8276363319,0.003159098,0.0013370744,0.308,0.235,48.1377912681034,22.0583673591309
"29079",0.1364953887,0.0003015378,19.097396723,4203,0.1607887751,0.0829550144,11474.63,6.8,0.1900547625,4.5234142591,4.4678661721,0.1606810819,0.1357764139,0.1362803153,0.3240182755,0.2066390748,0.5919501023,0.001377275,0.0003935071,0.324,0.298,83.2556280804582,73.2649527108032
"29081",0.1465952563,0.0003519474,11.731581417,4025,0.1755742049,0.0817102138,12062.92,6.9,0.2049649105,4.7190567745,4.6818847097,0.1589001897,0.1424557923,0.1420779399,0.3333683417,0.2322823649,0.4133080272,0.0009350164,0.0007012623,0.363,0.359,27.4574409665019,39.2249156664313
"29083",0.1272651407,0.0006906713,14.273874206,5190,0.154652795,0.0575937692,10945.64,6.7,0.1922504334,4.7313699662,4.5793657,0.1609327254,0.1416186844,0.1395176184,0.316574591,0.2204344391,0.5147719109,0.0021765305,0.0006483282,0.321,0.291,30.7200786434013,27.6480707790612
"29085",0.1637473887,0.0002110818,8.4432717678,4800,0.1911073108,0.0820073439,11006.77,7.3,0.2139718317,4.9980671838,4.8654272687,0.1385316302,0.1528972659,0.1497363018,0.3200909878,0.2159888142,0.2086839098,0.000431546,0.000431546,0.295,0.251,127.420096980852,120.341202704138
"29087",0.1324382057,0.0002266032,18.128257421,4276,0.151389465,0.0812013348,9763.2,5.2,0.1760669978,4.4194864185,4.3952878852,0.1640598505,0.1308556587,0.1315964468,0.3203312353,0.2080099994,0.6229641694,0.0004496403,0.0008992806,0.306,0.285,45.2318130418394,60.3090840557859
"29089",0.1255740716,0.0003945162,10.849196173,3597,0.1460796798,0.0729072907,8455.39,7.5,0.1940167619,4.6244110014,4.3995232265,0.1707882872,0.1386960427,0.1366260598,0.3274609486,0.2131462292,0.3647476341,0.0005965401,0.0005965401,0.326,0.217,39.559570119338,32.9663084327817
"29091",0.1293212213,0.0010223674,12.717253073,3813,0.1604564093,0.05490438,8766.1,6.8,0.2083344496,4.9935289147,4.7117249537,0.1647070541,0.1533461812,0.1475595125,0.3347458914,0.2316904737,0.5605940594,0.0020392937,0.0010693857,0.352,0.323,74.7576605836081,23.2579388482336
"29093",0.1265644955,9.77899e-05,10.756894191,5449,0.1536736806,0.0512104283,11446.93,6.7,0.1951577185,4.763142578,4.6425222728,0.1636683578,0.1429707324,0.1412311136,0.3177824189,0.2177119441,0.800752587,0.0008980243,0.0006984634,0.377,0.289,36.1544782251438,36.1544782251438
"29095",0.1258596494,0.0007669249,11.346482662,5302,0.1532327213,0.0551174581,11150.09,7,0.1724740503,4.1388136288,4.4005756156,0.1994649901,0.1288588404,0.1342822059,0.3676315601,0.204527355,0.9139875222,0.0021523531,0.0011274919,0.315,0.232,62.171120749229,20.2773501520562
"29097",0.1415023181,0.0006050183,13.226082834,4211,0.1752075784,0.0631387099,10870.29,7.3,0.2040574275,4.7562120223,4.4877252708,0.1698513917,0.1403754712,0.1377266131,0.3495358865,0.2167372183,0.7157848114,0.0021240691,0.0011669787,0.37,0.265,27.5027502750275,27.2249447166939
"29099",0.099874062,0.0002412761,7.3723247397,5393,0.1210408055,0.0458638051,11808.57,7.9,0.1548553283,4.0239231931,4.2167326356,0.2110397734,0.1164438376,0.1205809973,0.3298726891,0.2315341671,0.6337772535,0.0007626234,0.000312185,0.332,0.228,25.5806586424701,24.3908605660762
"29101",0.1004746474,0.0004267399,9.648032358,5309,0.1194686183,0.0484429066,10666.36,7.4,0.1825052805,4.296465284,4.2804004391,0.1932705866,0.1272351659,0.1290510932,0.3029248822,0.2080663026,0.5034318852,0.0011864595,0.0005746913,0.327,0.292,23.5307230743509,21.0538048559982
"29103",0.1747444774,0.0002514458,12.572290671,3684,0.1971764706,0.119047619,10156.52,7.4,0.1829153483,4.5710710987,4.4374739789,0.1606345716,0.1353068673,0.1349869574,0.3166940958,0.2043911096,0.1370128298,0.0005083884,0.0002541942,0.337,0.373,8.4331253162422,8.4331253162422
"29105",0.1373014488,0.000536072,11.285726378,5051,0.1716495612,0.0573291367,10161.66,7.1,0.2177641485,5.0068858009,4.6577090967,0.1632619804,0.1499952902,0.1425049867,0.3290837989,0.2425353318,0.5290264541,0.001183432,0.0007889546,0.338,0.3,24.379723571442,25.3174052472667
"29107",0.1036590024,0.0002450905,15.624521308,5473,0.1257938188,0.0487709715,10998.31,8,0.1685258714,4.3832906132,4.0959643923,0.1806694232,0.1258276723,0.1234085048,0.334034032,0.1971303495,0.509751056,0.0010730272,0.0005211846,0.339,0.282,92.9928364858927,20.4379860408555
"29109",0.1364193153,0.0005463912,14.57043243,4553,0.168483281,0.0645586298,9969.21,7.9,0.201000256,4.7447528557,4.6563318592,0.1655479688,0.1423971913,0.1405968378,0.334012708,0.2195318358,0.5542268468,0.0014330007,0.0006253094,0.311,0.291,47.7538333304392,19.9697848472746
"29111",0.1190161333,0.0002006622,12.039731113,5368,0.1381811419,0.0731070496,11051.01,6.8,0.1827394059,4.4551385509,4.4504256048,0.172129183,0.1320320517,0.133593125,0.3324929326,0.208502704,0.169131329,0.0005920663,0.0003947109,0.396,0.264,36.7205234343704,40.058752837495
"29113",0.104975001,7.11959e-05,6.5856219853,5291,0.125,0.0581917063,11921.78,8.3,0.1643936888,4.2663509093,4.224633564,0.202655826,0.1251613078,0.1257387491,0.3270018255,0.2155740786,0.3729216604,0.0005790074,0.0004161615,0.357,0.269,13.0072840790843,21.8758868602781
"29115",0.1242054809,0.0004100377,13.121207151,3883,0.1507842557,0.0630238015,10601.11,7,0.1817233941,4.5228775328,4.3925986485,0.1737070215,0.1352898723,0.1343940022,0.31032761,0.206968387,0.6845858475,0.0002466294,0.000411049,0.289,0.323,27.4763016897926,38.4668223657096
"29117",0.1218844411,0.0007908785,12.522243459,5107,0.1473178543,0.0621175031,10911.27,7.7,0.173938722,4.4838803543,4.4695726731,0.1688314691,0.1322139074,0.1338300864,0.3173929009,0.1985096469,0.7445870352,0.0005251067,0.0004594683,0.366,0.265,48.2943320015805,21.9519690916275
"29119",0.2026250593,0.0001314176,7.4469949185,4969,0.2473368342,0.0999832524,10324.18,8,0.2415872966,5.2910606251,4.8649819567,0.1574118461,0.1643117319,0.1546386022,0.3634911028,0.2623750005,0.3785036607,0.000132626,0.000397878,0.342,0.219,58.3720047865044,49.6162040685287
"29121",0.1207205669,0.0003278474,13.113894171,3735,0.1453621962,0.0634964266,10850.09,7.5,0.187393807,4.5780193875,4.4875109556,0.1617941707,0.136422115,0.1370840164,0.3177614241,0.1970625434,0.5887832455,0.0006591958,0.0006591958,0.345,0.318,68.0212401808048,24.1365690964146
"29123",0.126544786,0.0004083966,12.251899044,4695,0.1523029104,0.0611246944,9873.76,7.4,0.2012918964,4.9115591763,4.6448628225,0.1609617243,0.1451875329,0.1402265137,0.3294189829,0.2264597214,0.8346965483,0.0012054971,0.0005625653,0.341,0.296,16.2716277051581,16.2716277051581
"29125",0.1510386613,0.0001127777,15.788880117,3526,0.17455043,0.0865033872,8651.01,7.9,0.1871720665,4.5208398051,4.4454619134,0.1620798724,0.1340692593,0.1347890253,0.3286964745,0.213119293,0.2052092415,0.0003386769,0.0003386769,0.392,0.349,26.4210764701442,26.4210764701442
"29127",0.1003046223,0.0009080115,18.858699448,7374,0.1237770898,0.0440702782,10167.79,7.4,0.1792113761,4.5209634924,4.3151698385,0.1751600597,0.1327730899,0.1324418777,0.3303103394,0.2205792255,0.7287446579,0.002249602,0.0006921852,0.361,0.331,39.4797956339991,23.22340919647
"29129",0.1551063088,0.0002718869,13.594344753,3039,0.1761504206,0.1070640177,10351.96,4.2,0.1772645089,4.4430182976,4.4190409136,0.1598606034,0.1312723646,0.1325729865,0.3255855297,0.2028190554,0.2639365918,0.0002703433,0.0002703433,0.225,0.272,9.07605736068252,9.07605736068252
"29131",0.1321575021,0.0002774695,9.1168542889,3791,0.1630539832,0.0566502463,9103.28,7.9,0.1877925674,4.5717287285,4.4790348645,0.1679717414,0.1364975734,0.1357809782,0.3185797043,0.2109917918,0.5560853402,0.0001983655,0.0001983655,0.381,0.322,31.6748053319256,17.1571862214597
"29133",0.1342324984,0.0001472104,9.5686736346,7028,0.1685087055,0.052887961,10424.23,6.6,0.295611095,5.8410609311,5.0447178851,0.1534998646,0.1822782991,0.1596434721,0.3752455277,0.2899907696,0.528067976,0.000144938,0.0003623451,0.391,0.417,19.6458829596523,19.6458829596523
"29135",0.154752234,0.0001245097,14.941169146,3658,0.1865795724,0.0866045142,9195.44,8.4,0.16797343,4.2301337974,4.0828203921,0.1883629115,0.1219998601,0.1205212395,0.3212289469,0.1961143575,0.3833536234,0.0002497191,0.0001872893,0.374,0.277,29.0444379901249,20.7460271358035
"29137",0.126921321,0.0003483511,12.772875058,4656,0.1445452627,0.0821705426,9525.1,7.7,0.1830750514,4.4731036806,4.3388405239,0.1595747393,0.131258265,0.1312088445,0.33014291,0.2058346927,0.4633484163,0.0002336995,0.0003505492,0.383,0.279,38.7086784857165,46.4504141828598
"29139",0.1299932295,0.0001748557,13.114180801,3576,0.1553201433,0.0651326053,10147.9,7.9,0.1984577714,4.7191007054,4.5804692395,0.1585650793,0.1441121795,0.1414766207,0.3287570592,0.2202659336,0.3874632233,0.0004302926,0.0006024096,0.187,0.261,49.1443108233117,34.6901017576318
"29141",0.1926702961,0.0001985604,12.410027302,3805,0.2227221597,0.1197656759,9395.62,7.5,0.2155167481,4.9775342443,4.7599471049,0.1517532365,0.1540281081,0.1503780291,0.3267495666,0.2349149199,0.4563578896,0.0002968387,0.0002473656,0.268,0.284,51.0573819092167,23.0581724751301
"29143",0.1347984824,5.68764e-05,13.081560687,7307,0.1648983639,0.0579178886,10980.39,6.9,0.2499462966,5.3922988201,5.0387412016,0.1400794617,0.166963162,0.154878407,0.361209027,0.2669780372,0.4725152986,0.0002232766,0.0003349149,0.335,0.424,20.836095694505,39.7780008713276
"29145",0.158904284,0.0006050183,11.665808887,4370,0.192987168,0.0771695222,10396.65,8,0.1795469297,4.6034279082,4.3749016816,0.17144346,0.1357859682,0.1321283175,0.3439804549,0.2106911138,0.5071927591,0.0003237128,0.0002044502,0.304,0.303,57.0613409415121,20.5420827389444
"29147",0.1113077555,0.0005339979,9.3449626201,3230,0.1273623001,0.0565934066,9710.68,5.5,0.2068674427,4.7335972514,4.6660590149,0.1799440604,0.1425281046,0.1423103819,0.32747466,0.2178897221,0.7584510056,0.0011468902,0.0004411116,0.359,0.241,74.133380778697,17.7920113868873
"29149",0.1468119754,0,4.7357454063,4934,0.1773037244,0.0721174004,8662.79,6.9,0.2157273021,4.999800835,4.8094537301,0.1563938133,0.1513005165,0.148392927,0.3366109995,0.2368953833,0.5129124161,0.000185374,0.000278061,0.295,0.316,59.5835423983944,87.8073256397391
"29151",0.0987431052,0.0001463915,8.0515297907,3099,0.1162674025,0.0556409468,9087.36,8.6,0.1397260149,3.9315604589,3.922548623,0.2008682378,0.1110905765,0.113191755,0.3094493111,0.1789403754,0.3308113561,7.3185e-05,7.3185e-05,0.231,0.239,77.9727095516569,29.2397660818713
"29153",0.1666666667,0.0002177226,9.7975179621,3925,0.1985859846,0.0766609881,8670.36,5,0.2293872425,5.1544379987,4.8155284274,0.1367988525,0.1601438936,0.1549148317,0.3229501937,0.2358348089,0.3970996606,0,0.0003247808,0.284,0.34,65.597667638484,69.2419825072886
"29155",0.1173513986,0.0002377273,13.669321288,8920,0.15041841,0.0436948155,11020.19,6,0.2676508686,5.7406069667,5.0231919762,0.1416594777,0.1775788477,0.1604921488,0.3660651907,0.2737848231,0.5231198076,0.0012300123,0.0009957242,0.35,0.349,59.7954993920791,43.8500328875247
"29157",0.0856852276,0.0004681404,13.524057217,7702,0.1028384473,0.0437956204,11712.12,8.4,0.1562780321,4.169365341,4.24475282,0.183558565,0.1210501946,0.1235494704,0.324434078,0.1957009364,0.41668863,0.0005185377,0.0005703915,0.354,0.198,31.2174817898023,19.077349982657
"29159",0.1428038027,0.0005169416,10.57380516,6278,0.1780437172,0.0604876233,9866.25,7.6,0.192208015,4.6673351966,4.5392480617,0.1668773167,0.1407958397,0.1407795189,0.3276491698,0.2262286164,0.6841307078,0.0010423329,0.0003790302,0.414,0.292,31.4186296764667,12.5674518705867
"29161",0.1387869755,0.0009610227,12.739138208,5510,0.1672141284,0.0598796071,10370.06,7.2,0.2071209659,4.6486085646,4.4049512599,0.1836291933,0.1383596051,0.1342675142,0.3348371743,0.2131136257,0.7760430508,0.0028694405,0.0010087877,0.353,0.248,27.5946421646132,20.1366307687718
"29163",0.1187107513,0.000323154,13.464749286,6550,0.1436762956,0.062049062,10495.99,7.3,0.1865343272,4.4274321338,4.4495775679,0.1819174625,0.1316253325,0.1311937709,0.3327154186,0.2265728555,0.4629509613,0.0003254149,0.0002711791,0.409,0.281,32.4271739717884,27.0226449764903
"29165",0.0664286537,0.0008103808,9.6850385919,4283,0.0793764644,0.0350981089,10955.53,8.1,0.15424765,3.8557122601,3.750875477,0.1945349932,0.1102405345,0.1089707767,0.3304333998,0.1848758391,0.8341617966,0.0009866848,0.0005187724,0.273,0.227,42.9779060502974,19.8359566385988
"29167",0.1349601392,0.0007863119,8.8066930867,3023,0.163654788,0.0631048112,10590.87,8,0.1921207322,4.6071631846,4.5181972849,0.1664689395,0.1394443086,0.1393434599,0.3252030021,0.2142622929,0.4947168963,0.001917852,0.0009908902,0.365,0.241,94.4584382871537,17.8421494542401
"29169",0.1142171246,0.0004033885,9.2203077278,4590,0.1434687074,0.0468371932,9910.19,6.7,0.1904858068,4.4368720674,4.0787228909,0.2220308475,0.1308969731,0.1237063218,0.3468877006,0.2161450094,0.7268814325,0.0019561667,0.0009685874,0.332,0.25,9.57078231574649,22.3318254034085
"29171",0.1403216861,0.000623571,8.3142797755,4216,0.1625730994,0.0851648352,12211.17,7,0.1991057857,4.7668739114,4.5783912247,0.1536523494,0.1443676344,0.141219195,0.3270319615,0.2196656744,0.5372564772,0.0004121162,0,0.307,0.346,41.6059912627418,62.4089868941128
"29173",0.1064780343,0.0001956182,8.8028169014,6435,0.1242352141,0.060938185,10376.32,8.4,0.1622275683,4.2791402357,4.2107072639,0.1717385681,0.1234506445,0.1241717842,0.314068372,0.1847271431,0.1470443592,0.0003912363,9.78091e-05,0.263,0.257,26.0926288323549,26.0926288323549
"29175",0.1161848149,0.0004409701,12.026458208,3860,0.1413108839,0.0532284617,10446.85,7.5,0.2062165626,4.8068297973,4.3770916832,0.1830861145,0.1421371806,0.1363236981,0.3269624201,0.2126697806,0.5703155741,0.0008003522,0.0006402817,0.388,0.328,32.1298044098157,21.4198696065438
"29177",0.112745098,0.0003500328,10.500984467,6565,0.1361916772,0.0524148259,11512.8,7.7,0.1570711333,4.1557954986,4.1920985213,0.1758212469,0.1216209266,0.1242544424,0.323867776,0.2038122815,0.5342215034,0.0002636899,0.0002636899,0.32,0.27,52.5608830228348,29.2004905682415
"29179",0.1486886633,0.0004780876,15.93625498,5930,0.1778656126,0.0636435959,11074.53,6.4,0.2261508449,5.0589265998,4.6998339633,0.1552010489,0.1512976485,0.1440774747,0.3294356322,0.2308702252,0.6384408602,0.001859024,0.0006196747,0.32,0.265,5.26759376316898,5.26759376316898
"29181",0.1545258013,0.0004423474,11.058684754,7878,0.1913894325,0.0613162119,9735.99,6.7,0.2402694147,5.333384365,4.9445411914,0.1584604082,0.1637612649,0.1539158561,0.3456093686,0.2614930026,0.6195035461,0.0006513715,0.0002894984,0.342,0.335,24.5206218429699,14.712373105782
"29183",0.0618777031,0.0004374166,6.4980379465,3951,0.0740534567,0.0324283636,10689.37,8.5,0.1200561697,3.5091136174,3.7772942117,0.2153423795,0.0998551589,0.1108270084,0.3210957203,0.1680888208,0.9091224323,0.0011050911,0.0004041768,0.319,0.203,35.4249816970928,15.3508254020735
"29185",0.1595055028,0.0004272591,14.954069643,4299,0.189078218,0.079636558,11820.95,7.4,0.2002231949,4.7647228017,4.5518302564,0.1494825149,0.143357049,0.1401718569,0.3169601579,0.2130636403,0.1527791943,0.0002157032,0.0006471096,0.358,0.272,35.6773341895894,46.3805344464662
"29186",0.109226689,0.0003362663,14.011096789,6390,0.1299704396,0.0544737491,11111.16,7.6,0.1583832414,4.1873012045,4.2674254873,0.1896012541,0.1217656768,0.1257096093,0.3168597939,0.1978745139,0.3259851199,0.0006655574,0.0001663894,0.3,0.218,76.2634623611912,63.2428712263537
"29187",0.1119310694,0.0007195862,13.192414362,4041,0.1391991896,0.0433275563,11309.21,7.6,0.2013294066,4.539654917,4.477537428,0.1879343043,0.1344531041,0.1327022637,0.3645792533,0.2403331775,0.6926666565,0.0022213217,0.000855509,0.412,0.317,17.9978402591689,23.4971803383594
"29189",0.0804667653,0.0012240074,10.183340256,4658,0.0981309987,0.0342745198,10319.63,7.6,0.1463370994,3.5687401422,3.7625127394,0.1968186718,0.1088225086,0.1130570063,0.3183509049,0.1839212728,0.9446751302,0.0025836662,0.0007470601,0.285,0.216,53.905887605723,14.0362509574728
"29195",0.1280169696,0.0005736981,11.47396293,5652,0.1549623216,0.0618773946,9879.7,7.2,0.2072497838,4.678360473,4.6122137969,0.1667305082,0.1413094396,0.1392421227,0.3433609344,0.225716219,0.5413778348,0.0012184508,0.0005657093,0.372,0.316,64.2007733274969,14.5910848471584
"29197",0.1504076469,0.0006654836,15.527950311,2730,0.1736111111,0.1012006861,9460.39,4.6,0.2059122345,5.0037089677,4.7170709602,0.1645327231,0.1513878319,0.1467955277,0.3305307167,0.2418661469,0.4256375536,0,0.0004551661,0.352,0.27,7.40685875120361,7.40685875120361
"29199",0.227680798,0.0012089462,16.119282692,5766,0.2551724138,0.1745923913,14523.25,7.8,0.2058700142,4.8171180938,4.580129402,0.1664670768,0.1438482111,0.1398935168,0.3216353429,0.2183787418,0.0474912244,0.000405515,0.00162206,0.299,0.376,6.72902227306372,0
"29201",0.1201360151,0.0004929815,14.011053164,5991,0.1505656312,0.045698348,10540.54,6.6,0.2255067013,5.1558675201,4.5259125549,0.1541607743,0.1537641087,0.1397851255,0.3321288228,0.2301886029,0.6268786201,0.0013937282,0.0009807717,0.368,0.36,20.7354160906829,28.511197124689
"29203",0.1634265845,0,4.8490726149,3917,0.1975388601,0.0717463849,8973.97,6.6,0.208034104,4.9076979366,4.6624009927,0.1556486723,0.1476951534,0.144815606,0.3394962947,0.2358315473,0.7306006397,0.000122429,0.000122429,0.287,0.283,40.6404941884093,40.6404941884093
"29205",0.1375161152,0,24.912805182,4745,0.1635471003,0.0771349862,10367.32,6.5,0.1772216498,4.4963407164,4.37537426,0.1658942557,0.1323971302,0.1323942865,0.3229166174,0.2050850628,0.4283696846,0,0.0001644196,0.271,0.232,44.0698507133807,44.0698507133807
"29207",0.1246619446,0.0003745446,14.641288433,7035,0.1469742326,0.0658709775,10427.78,7.8,0.2110893173,4.861503559,4.5722280292,0.1623106562,0.1439681645,0.1355419028,0.3416623128,0.2362633881,0.6436198612,0.0004731648,0.0006759497,0.391,0.354,26.0880414686433,20.4167281058948
"29209",0.146165441,0.0003470141,10.094955677,3166,0.1685540589,0.0746268657,9551.34,8.3,0.1749862606,4.4014647265,4.2801061627,0.1479330482,0.1303531881,0.129635552,0.3240056327,0.1867217574,0.6798335507,0.0003543015,0.0003543015,0.283,0.285,27.5146833165776,37.038996772316
"29211",0.1544550436,0.0003210788,14.448547118,4944,0.1791338583,0.0917241379,10863.87,7.6,0.2232429111,4.6934808899,4.3849258422,0.1610404674,0.1402093363,0.1320217519,0.3413119516,0.2125458794,0.4819779565,0,0.0009581603,0.295,0.314,37.4091492090637,37.4091492090637
"29213",0.1622364584,0.0007768043,13.729563725,3562,0.1969721741,0.0694491382,10127.53,6.4,0.2012481493,4.8024976147,4.5480857676,0.1633263237,0.1439841908,0.1398600726,0.3197084613,0.2144121104,0.5897629415,0.0005846351,0.0009317621,0.292,0.331,20.4890865483121,22.2969471261043
"29215",0.1669281116,0.0003497183,12.434427822,6007,0.1969352147,0.0932233776,9385.67,7.1,0.2173473912,5.091231389,4.7683502288,0.1572374654,0.1567744672,0.1480903563,0.3351763906,0.2428803115,0.6566825592,0.0003879728,0.0004267701,0.38,0.348,18.1627119523618,16.865375384336
"29217",0.130892678,0.0003914469,13.211332387,4796,0.157648099,0.0671017744,10615.36,6.9,0.2017101441,4.7731159044,4.5871551092,0.1628387397,0.1420981306,0.1405802411,0.3333203187,0.2211775708,0.5464814027,0.0034744004,0.0007238334,0.298,0.284,25.9369731552328,21.0737906886266
"29219",0.1049792384,0.0001745556,7.8550024729,4439,0.1255305338,0.0561666277,10730.11,8.4,0.1529249723,4.1216274496,4.1385403564,0.1885095855,0.1204434141,0.1241756625,0.3114030055,0.1920689299,0.6163073232,0.0003550086,0.0002070883,0.318,0.248,12.6353439729409,26.2426374822619
"29221",0.1272745704,0.0003197186,9.1919111182,9509,0.1596721775,0.0465631929,12378.66,7.1,0.2149141072,5.0105171311,4.6269748604,0.1735839409,0.1506625408,0.1429421997,0.3541770714,0.251252424,0.5997221671,0.0004831112,0.0005233705,0.31,0.351,8.02096144591198,25.3997112453879
"29223",0.1496761335,0.0003008424,9.7773766546,6299,0.1806416824,0.0632727273,9462.17,6.3,0.2296879095,5.1881056629,4.8912434318,0.1505900949,0.1589602538,0.1511115831,0.3212063262,0.2444484629,0.7338214629,0.0006088743,0.0003805465,0.33,0.293,20.2239805849786,30.335970877468
"29225",0.147515626,0.0002586318,8.2762188025,3923,0.1817462534,0.0768221847,9898.78,7.8,0.2079781615,5.0253879483,4.6371575529,0.1737035183,0.1491565777,0.1413450795,0.3284687402,0.2335861418,0.5445831722,0.0005248517,0.0004723666,0.334,0.26,24.1629271660338,18.9851570590266
"29227",0.1229877656,0.0004861449,14.584346135,3540,0.1387434555,0.0808314088,8472.3,8.1,0.1829722701,4.5368837886,4.4363724539,0.1606152021,0.1331743624,0.1330647967,0.3182586054,0.2029337419,0.2146476278,0,0,0.305,0.255,16.3371998039536,16.3371998039536
"29229",0.165007604,0.0001636572,10.36495554,3992,0.2026137271,0.0803934146,9974.78,7,0.2389011047,5.2563104529,4.9107567825,0.1469933934,0.1645174701,0.159104879,0.3276657072,0.2575667172,0.3376561254,0.0012577928,0.0009843596,0.293,0.264,41.8219838167106,29.0935539594509
"29510",0.1253559037,0.0008813256,13.835516126,5885,0.1476290038,0.0481986532,11132.11,6,0.2400365628,4.9688061811,4.9930409826,0.2062729565,0.154729093,0.1512296113,0.3719875648,0.2468630815,0.979379506,0.0030250093,0.001846476,0.353,0.285,38.4670397066536,13.4363744327466
"30001",0.1170822585,0.0013779945,10.5999576,911,0.1299705449,0.074590661,8756.84,7.6,0.1384030913,3.4196585507,3.2911273637,0.211206566,0.1051710812,0.1067169443,0.2569859434,0.1569191323,0.6741293532,0.0018083183,0.0005318583,0.269,0.201,67.2828357944687,17.706009419597
"30003",0.1941928609,0.0006736527,5.9880239521,5786,0.253046595,0.0992812219,11734.52,4.7,0.2556143239,5.391021088,4.5374437996,0.170955584,0.1689106651,0.1616039778,0.3277198045,0.2568728956,0.5942479596,0.0005995653,0.0008244023,0.392,0.248,27.4718413626033,29.9692814864764
"30005",0.1745368689,0.0005963029,8.9445438283,4070,0.214922049,0.0998502247,8748.05,5.6,0.2131709266,4.8954173554,4.2418617987,0.1972477288,0.1604337629,0.1522556513,0.3118426786,0.2638686913,0.3742104452,0.0009089532,0.0009089532,0.391,0.269,64.6251739908531,24.8558361503281
"30007",0.1129354338,0.0003369272,8.423180593,2954,0.1222355051,0.0866721177,7786.09,8.3,0.12889136,3.309387982,3.213020538,0.2005851561,0.1003194573,0.1019508356,0.258001321,0.155772838,0.5956878118,0.0005220115,0.0001740038,0.292,0.234,84.4214317874831,67.5371454299865
"30009",0.1173163418,0.0004674645,8.4143605086,3928,0.1238764504,0.0979407333,9197.51,8,0.1138285968,3.0622756056,3.1487749313,0.2003292194,0.0938996005,0.1006272286,0.249956252,0.1411562221,0.4535622147,0.0006692161,0.0003824092,0.242,0.224,40.7907122685912,40.7907122685912
"30011",0.1269315673,0,0,4058,0.1303703704,0.1134453782,9057.84,5.5,0.1202154461,3.1476035957,3.1749766623,0.1931835315,0.0956212352,0.1025529451,0.2603279295,0.1390454382,0.2172413793,0,0.0016625104,0.233,0.219,27.3000273000273,27.3000273000273
"30013",0.1008241843,0.0006858207,12.736669361,3455,0.1220341143,0.0478545223,9672.11,7.6,0.1465113562,3.7195509139,3.6424079618,0.2141686505,0.1126257481,0.1129670749,0.2971136267,0.1839491923,0.8345076051,0.0027398936,0.0011742401,0.311,0.24,69.7811076832672,26.5249824527039
"30015",0.1493492169,0.0001734605,12.142237641,3438,0.1648216482,0.111274871,8874.2,5,0.1745474684,4.1437287501,3.8572930721,0.1873459407,0.1317213574,0.1316076393,0.2930127849,0.2069428253,0.3574746258,0.0005209238,0.000694565,0.314,0.26,28.9536163066767,28.9536163066767
"30017",0.0898534997,0.0009384865,6.8253561983,2795,0.1041051388,0.0523028884,8787.42,7.1,0.1172433123,3.1114503043,3.2250545926,0.212835367,0.0962841813,0.1018769808,0.2678866096,0.1744135296,0.7226258655,0.0032707145,0.0012579671,0.295,0.227,93.6675087281088,28.3840935539724
"30019",0.1024049651,0,0,3095,0.1084598698,0.0883116883,12039.87,8.7,0.1071406464,2.8784114663,3.0222454311,0.2061669997,0.0863433823,0.0936957028,0.2464131652,0.1273006167,0,0,0.0011396011,0.267,0.252,0,19.0876121397213
"30021",0.0797687861,0.0004469274,14.525139665,3918,0.0920121335,0.0511089682,8523.64,7.9,0.12665668,3.3087549141,3.1165702508,0.2134694032,0.1021797142,0.1014022937,0.2584856225,0.1562953056,0.6650680348,0.0010721561,0.0013938029,0.377,0.282,114.997959713618,118.707571317283
"30023",0.1011200996,0.0013178124,7.687239183,4850,0.1135573581,0.0516605166,9451.77,8,0.1766282157,3.9366506202,3.6394594217,0.1800007695,0.1225499148,0.1209216529,0.272881095,0.1947133966,0.7314476231,0.004623005,0.0008805724,0.258,0.313,69.5410292072323,47.5807041944221
"30025",0.0911987256,0.0006646726,26.586905949,5291,0.0995288575,0.0736342043,10471.95,8.3,0.1098922668,2.9126338433,2.9995504328,0.243626867,0.0876860394,0.0925974874,0.2525174381,0.1402854376,0.7564013841,0,0.0012820513,0.388,0.251,66.305669134711,66.305669134711
"30027",0.1146254459,0.0007085289,15.056239483,2535,0.1318897638,0.0712227254,7528.59,7.5,0.1549115208,3.4791968768,3.2971909131,0.186962587,0.1075240893,0.1075615962,0.2632889151,0.1586525951,0.720093216,0.0021028652,0.0003504775,0.333,0.273,118.283703462755,127.154981222462
"30029",0.1025873527,9e-04,13.9,2256,0.1212682446,0.0539850286,8304.89,8.1,0.1341786234,3.3872692234,3.3047495277,0.214224971,0.1054049078,0.1060070376,0.2605019,0.1685622249,0.8176359317,0.0025488877,0.0010909239,0.25,0.199,93.6080056497928,24.3180939944302
"30031",0.0818793107,0.0008162508,12.1510064,2405,0.0949380531,0.0428847336,8673.67,8.3,0.1187418534,2.9957931086,3.1294433904,0.2418499532,0.0921710146,0.1002212502,0.2377320526,0.1458108477,0.8120384749,0.0027080821,0.0009186427,0.191,0.128,65.0856910187916,23.134724295779
"30033",0.1508664628,0,0,1653,0.1379310345,0.1812080537,6769.29,7.4,0.1281434246,3.2836589552,3.2644228804,0.1983745416,0.1018497496,0.1062026053,0.2585882998,0.1556095265,0.1343283582,0.0007633588,0.0007633588,0.376,0.279,25.8331180573495,25.8331180573495
"30035",0.1990484429,0.0008064516,5.8651026393,7210,0.2507600793,0.1020505484,8225.08,6,0.2305316749,5.0780284699,4.7459852554,0.2052657145,0.1663314215,0.1697035354,0.3136570554,0.2979200578,0.5903425629,0.0015335183,0.0007302468,0.378,0.308,58.4211679365157,36.5132299603223
"30037",0.1435810811,0.001216545,0,NA,0.1473922902,0.1341463415,7832.98,4.5,0.1403875025,3.4950421651,3.4070461376,0.1761805534,0.1088767705,0.1122171704,0.2693387197,0.1563524775,0.0124434389,0,0.0012033694,0.255,0.289,0,0
"30039",0.1367303609,0.0002977963,0,2727,0.1436314363,0.1162361624,9889.15,8,0.1289747652,3.1741840029,3.1040022609,0.1893915609,0.0977547297,0.1014491424,0.2595395424,0.1452656218,0.6960051965,0.0002969121,0.0005938242,0.252,0.181,49.4853523357086,49.4853523357086
"30041",0.1277529816,0.0006074227,10.933608698,3442,0.1567925347,0.070164076,7685.29,6.4,0.1764081787,4.0451719532,3.9054675327,0.2090318833,0.1243146385,0.1278076019,0.3135680358,0.2025084441,0.7681411531,0.0029621569,0.0010276871,0.393,0.279,66.8665910196142,54.709029016048
"30043",0.0834665814,0.0007568749,6.7277773106,3004,0.0925210925,0.0592417062,8409.71,8.7,0.1065261374,3.0125957146,3.0505050294,0.2004299419,0.0909024076,0.0961752687,0.2538758143,0.1469203403,0.5652288269,0.0005905678,0.0002531005,0.266,0.218,39.0614101169052,30.691107948997
"30045",0.1178497588,0,0,647,0.1214351426,0.1073298429,8342.07,6.6,0.1244599576,3.2431271538,3.1614282248,0.1881916084,0.0995305125,0.1026385204,0.2486719267,0.1459282525,0.0859073359,0.0005154639,0.0005154639,0.354,0.215,17.0852554245686,0
"30047",0.1530357757,0.0006936874,9.2491659234,4902,0.1863224859,0.0777626194,9158.06,7.9,0.1638760939,4.4614972523,4.2279240464,0.1912148481,0.1399449549,0.1367334401,0.2980177602,0.1918444903,0.5422667502,0.0020498689,0.0007729014,0.307,0.228,58.705596969462,36.5525415092877
"30049",0.0770145649,0.0009295737,21.837604946,3066,0.0893704799,0.0448353392,8103.42,8.1,0.1137368531,2.9645661521,3.153275281,0.218257017,0.0914859738,0.0998654638,0.2534235063,0.1549703359,0.7817335752,0.0041615885,0.0010403971,0.271,0.204,54.4771907437854,26.9932026207946
"30051",0.1938883035,0.0004120313,12.360939431,4080,0.1875,0.2081712062,10375.56,6.5,0.1270323166,3.3433387911,3.3039689184,0.2114368105,0.1018230176,0.1063229691,0.2651362495,0.1550753858,0.3886276186,0,0.00124533,0.37,0.241,13.7627305257363,13.7627305257363
"30053",0.1288843607,0.0007716049,13.374485597,2580,0.1477524305,0.0726965342,7593.22,7.5,0.1599979389,3.9897603898,3.5302925564,0.1859866943,0.1209685689,0.1145564683,0.2556625252,0.1663970588,0.9915172449,0.0018692559,0.000934628,0.267,0.209,85.4803138837126,29.0633067204623
"30055",0.1664037855,0,17.462165308,2474,0.1519396552,0.2016806723,12027.1,8.2,0.1172766135,3.1466596646,3.0511761235,0.213929846,0.0963199306,0.0998598696,0.2534917128,0.1514147316,0.3788927336,0,0.0005882353,0.31,0.275,0,19.6347928529354
"30057",0.1368933728,0.0008562691,13.455657492,3977,0.1472092506,0.1003039514,9320.47,7.9,0.1101818977,2.951957962,2.9499459823,0.2002006841,0.0918293196,0.0977573602,0.2591451267,0.1421705703,0.3635418021,0.0005047956,0.0008833922,0.229,0.221,64.342301041541,72.3850886717336
"30059",0.1155934833,0.001080497,0,5536,0.1247401247,0.0867052023,10953.27,4.3,0.1552979073,3.847210048,3.5584496509,0.1787075073,0.1202211986,0.1177231761,0.2707127361,0.1696355581,0.6382866208,0.0005473454,0.0005473454,0.285,0.233,18.037518037518,18.037518037518
"30061",0.1064183572,0.0004700353,0,1854,0.1196808511,0.0689655172,8995.47,5.9,0.1482196001,3.6906376751,3.5607447531,0.1750791447,0.1160303068,0.1176731214,0.265267219,0.1689404192,1,0.0016730402,0.0014340344,0.309,0.246,47.0403763230106,47.0403763230106
"30063",0.0863590039,0.0010217897,11.409984588,2670,0.0995490207,0.0444826106,8498.82,7.7,0.138689061,3.7393358392,3.6011463249,0.2604702377,0.1103835839,0.1096126213,0.2742788165,0.1761904889,0.9301640454,0.0040471885,0.0012313786,0.214,0.179,55.3408142762273,26.1095123764765
"30065",0.1236780259,0,8.6225479629,3929,0.1392898947,0.0766629087,9614.19,7.2,0.1586599768,3.8247003515,3.5029299163,0.1772208625,0.1184414339,0.1167705533,0.2852339464,0.1831118492,0.5531070956,0.0002179124,0.0006537372,0.313,0.292,7.20513005259745,7.20513005259745
"30067",0.1014150943,0.0013453189,15.287714792,3670,0.1133640553,0.0639049454,9534.29,7.5,0.1264953847,3.2961222633,3.1188608501,0.196528865,0.0986067443,0.0992648067,0.280381153,0.1545521262,0.599897672,0.00229614,0.0009929254,0.21,0.239,54.8747027620267,34.5507387760909
"30069",0.1179487179,0,0,NA,0.1133333333,0.1263157895,7212.82,4.9,0.1493043321,3.6046142595,3.3919997997,0.1911293173,0.1121479323,0.1122593392,0.2701078401,0.1683237422,0.0587044534,0,0,0.228,0.199,0,0
"30071",0.1423622047,0.0002427774,7.2833211945,5358,0.1594982079,0.1053698075,8573.83,7.3,0.1648418117,3.8233011949,3.6518068998,0.1849464461,0.1225160214,0.1214213235,0.2755877911,0.1826281258,0.0721843405,0.00096782,0.000725865,0.364,0.335,48.6775920817784,73.0163881226675
"30073",0.13574177,0.0005033557,15.100671141,1993,0.1597222222,0.0793319415,9237.82,6.3,0.1660502459,3.7721614563,3.779577735,0.2056421149,0.1187690925,0.1219645684,0.2810049313,0.1967364618,0.48545425,0.0011505588,0.0014792899,0.324,0.239,99.911190053286,99.911190053286
"30075",0.1468315301,0,0,1624,0.1476709613,0.1396103896,6303.78,7.2,0.1318981374,3.3970814651,3.2566338045,0.1905955866,0.1036722537,0.1052869242,0.2428629659,0.1563120467,0.1755593804,0,0.0005727377,0.232,0.272,0,0
"30077",0.1078680203,0.0005886681,8.8300220751,3867,0.1215989251,0.06640625,10754.33,7.7,0.1319368757,3.3552555321,3.2076340946,0.2390036028,0.1035123654,0.1007288579,0.2737648881,0.1834324185,0.8310801195,0.0011665209,0.0005832604,0.271,0.287,72.7413801464526,72.7413801464526
"30079",0.1144736842,0,0,3007,0.1241134752,0.0917874396,7244.57,5.7,0.1369001178,3.3651315007,3.4124456831,0.1832059961,0.1029658347,0.1084724871,0.2795803766,0.1511959226,0.032230704,0,0.0016920474,0.289,0.253,29.603315571344,29.603315571344
"30081",0.1270955042,0.0006108592,10.572563024,3193,0.1459990641,0.0747078957,7973.15,8.2,0.1449356638,3.7092792715,3.4874027962,0.1765034504,0.1141984913,0.113159178,0.2742327356,0.1662115368,0.7361732816,0.0017344611,0.0006177533,0.286,0.23,71.1921954577815,35.204931819782
"30083",0.1069924179,0.0004529396,18.117583114,2268,0.118545128,0.0809799251,9710.8,8.1,0.1220346719,3.1256730239,2.9658363646,0.2394920824,0.0937676988,0.0955869168,0.2953091069,0.1681421551,0.5032833983,0.0011322069,0.0006096499,0.345,0.285,77.7651492492672,41.8735419034516
"30085",0.1959162304,0.0003604253,4.5053162732,3463,0.2496255617,0.1063772049,9417.32,4.8,0.2445757967,4.8650406831,4.6318297363,0.2068599242,0.157986659,0.1619799814,0.3176132618,0.2779316328,0.486618705,0.0019460416,0.001415303,0.389,0.295,44.826967903891,14.9423226346303
"30087",0.1382303407,0.0005406574,15.138408304,4214,0.163671875,0.0899082569,9254.14,7.4,0.189513889,4.0915772398,3.8634423949,0.2081022664,0.1307630111,0.1290018537,0.2981055931,0.2146129754,0.5471677678,0.0023689028,0.0015074836,0.339,0.254,43.4814116964997,18.1172548735416
"30089",0.155951783,0.0007685082,6.8311843566,2860,0.1726475938,0.1050049068,7824.83,6,0.1709420896,3.9267864475,3.868498238,0.1672945309,0.1245376778,0.1256473724,0.274982809,0.1739442346,0.8319460265,0.0027744061,0.0005202011,0.252,0.299,62.697711533529,56.9979195759355
"30091",0.107788852,0.000576535,23.06140098,4323,0.1166166166,0.0864361702,8469.97,7.7,0.1141818993,3.1810899335,3.0539307478,0.2005442638,0.0957000503,0.0994928783,0.2499630284,0.1460362995,0.6421394799,0.0008223684,0.0010964912,0.358,0.314,66.4073617303861,66.4073617303861
"30093",0.0955852867,0.0007225016,9.5370209814,3454,0.1123197203,0.047566064,8561.45,7.8,0.1669708553,3.6588254332,3.3593054733,0.2206650765,0.1145080071,0.1115146203,0.2833079561,0.1810877865,0.6303508772,0.0053830348,0.0008682314,0.269,0.233,56.6501517071859,38.4068825133464
"30095",0.0826322931,0.0002123368,11.678522136,1842,0.0923596771,0.0588785047,9275.01,8.6,0.1142174248,3.064246406,2.9907284507,0.2017361299,0.0935874363,0.0971699008,0.271559951,0.1345702773,0.3632773939,0.0003189454,0.0004252605,0.29,0.224,56.4194788250644,63.4719136781974
"30097",0.0987654321,0.0005418586,13.546464373,1308,0.1054472764,0.0824108241,7731.33,8.2,0.119168195,3.0765132616,3.1116406367,0.2020198878,0.0935529339,0.0994635478,0.2565484634,0.1373673897,0.7055601205,0.0008280431,0.0013800718,0.277,0.26,108.853410740203,90.711175616836
"30099",0.1201707577,0.0001643385,21.36400986,2212,0.1358595194,0.0867850099,8227.35,7.5,0.1243599247,3.0553399791,3.1487240524,0.1906232999,0.0957078124,0.1020606456,0.2775908655,0.1530744611,0.2669191503,0.000990753,0.000990753,0.263,0.22,54.6358520461127,60.0994372507239
"30101",0.1342321219,0.0004093328,8.1866557511,5183,0.1530735235,0.0891393443,7645.03,7.2,0.1377895151,3.4717552674,3.2932339263,0.2317567397,0.1079906019,0.1066831822,0.2730679889,0.188040341,0.692336589,0.0006027728,0.0006027728,0.302,0.27,40.7719488991574,54.3625985322098
"30103",0.1422680412,0,0,1359,0.1504178273,0.1221374046,6597.74,4.6,0.1666199133,3.8126246574,3.6562341394,0.1699114127,0.1198909437,0.1197953354,0.2678504989,0.171824525,0.1128133705,0,0,0.311,0.258,48.780487804878,48.780487804878
"30105",0.1239844578,0.0006726759,13.453518095,2727,0.1423619708,0.0800701344,9713.09,7.6,0.1433394096,3.4517509831,3.4276480838,0.1894472557,0.1069799126,0.1119511607,0.2675855253,0.1743529,0.6357714751,0.0009285051,0.0011937923,0.335,0.311,80.3248694720871,53.5499129813914
"30107",0.1722609246,0,0,3801,0.1992653811,0.1166347992,10817.06,4,0.1459207971,3.620379314,3.5103873784,0.1813649699,0.1122693333,0.1143089788,0.2800971342,0.169057313,0.4976937269,0.0004723666,0.0018894662,0.317,0.228,15.4012012937009,15.4012012937009
"30109",0.1148387097,0,0,NA,0.125,0.0862068966,7015.98,5.5,0.1471795288,3.5900572587,3.4070276785,0.1826845948,0.1121369696,0.112795218,0.2576465214,0.1590916607,0.0275319567,0,0,0.31,0.204,190.657769304099,254.210359072132
"30111",0.0903917639,0.0009812555,13.649515662,3254,0.1075584499,0.0500606092,9482.41,8.2,0.1398975472,3.3834388818,3.4363030049,0.2209313356,0.1018724903,0.1064871836,0.2965478616,0.1636645637,0.8355161787,0.0029664788,0.0014074995,0.282,0.229,70.1491349669357,25.128048346365
"31001",0.0876033058,0.0008838942,13.889765768,3696,0.1074247798,0.0425143453,9794.93,7.7,0.1530194595,3.2157145887,3.1889886846,0.1900311437,0.0977864206,0.098333196,0.3011043213,0.1659256549,0.816286188,0.0034717839,0.0012940285,0.373,0.268,46.3777892551095,10.5404066488885
"31003",0.1097107438,0.0004715498,26.721156869,4028,0.1228174016,0.0818181818,10969.84,7.9,0.1340724783,2.865198424,2.9400714976,0.1920243695,0.0898335144,0.0984405561,0.2539353441,0.1502924169,0.5044128646,0.0004740085,0.0007900142,0.344,0.224,52.5568928364955,73.5796499710937
"31005",0.1498559078,0,0,NA,0.1373390558,0.1694915254,7367.28,4.1,0.1284374515,2.9681124524,3.0718259341,0.2006295727,0.0920560855,0.0994100836,0.2802934631,0.1579102396,0,0,0,0.32,0.222,71.8907260963336,0
"31007",0.1001788909,0,0,NA,0.0943877551,0.1193181818,5160.4,4.6,0.1416244709,3.0941087723,3.145057509,0.1714013996,0.0955784547,0.1009278737,0.2670317602,0.1489529298,0.0449275362,0,0,0.304,0.191,0,44.0528634361234
"31009",0.1404958678,0,0,5005,0.1348314607,0.1546391753,11172.57,5.1,0.1388759524,3.1345345329,3.1633132255,0.1880866936,0.0959712016,0.1017089516,0.2768183032,0.1550317344,0.10041841,0,0,0.341,0.264,0,69.3481276005548
"31011",0.0911927046,0.0014947683,14.947683109,6281,0.1001371742,0.0728929385,11446.81,8.3,0.1178574765,2.7834900833,3.0123720311,0.2128705284,0.0858827698,0.0946240227,0.2718777312,0.1409265334,0.4839237057,0.0001875469,0.0011252813,0.362,0.284,69.0824593355523,87.9231300634302
"31013",0.0971747551,0.0004593055,20.209443322,2821,0.1165734956,0.0558896357,11168.11,7.6,0.130849016,3.0851470829,3.1467388283,0.1999741921,0.0935652475,0.1018918816,0.30734691,0.1830109599,0.4371241599,0.0014293371,0.0010720029,0.347,0.247,85.2307317667113,30.4395470595398
"31015",0.1421319797,0.0015174507,20.232675771,5423,0.1449851043,0.1343283582,9815.06,4.9,0.1392035735,3.0098352337,3.0804207243,0.1704836735,0.0938052817,0.1009367387,0.2698965167,0.151311307,0.0138161029,0,0.0005045409,0.359,0.275,16.9090294217112,16.9090294217112
"31017",0.1204118174,0.000995355,23.224950232,1890,0.1220893644,0.1161764706,11540.09,7.8,0.1304326149,3.2685278933,3.1442511022,0.1820202496,0.1008945071,0.1056678625,0.2890864438,0.1689453774,0.7440381558,0.0003378378,0.0013513514,0.407,0.272,11.1769308147983,11.1769308147983
"31019",0.0961764131,0.00090485,14.477599936,3588,0.114050201,0.0516848239,10577.83,7.7,0.12477287,2.9072762412,3.0209170736,0.2328747579,0.091189079,0.09812967,0.2675046178,0.1526211879,0.8921304933,0.0032197315,0.0011947431,0.326,0.218,30.928528205473,14.7919047939219
"31021",0.1103685703,0.0004590666,18.362662586,2766,0.1253927449,0.0761085374,10286.36,8.4,0.1340029673,3.0496995519,3.0318732802,0.1854326273,0.0948052457,0.0993281169,0.2728471119,0.1653033565,0.4708369787,0.000152765,0.0007638252,0.371,0.34,97.0923399253922,102.20246307936
"31023",0.0875197472,0.0009934186,12.417732522,2217,0.1010984084,0.0568239472,9067.68,8.3,0.1368341828,2.9297143909,3.0937383802,0.2226882476,0.0906339114,0.0960832696,0.2895707252,0.16047933,0.4200119119,0.0001241927,0.0003725782,0.325,0.24,78.6326201216736,78.6326201216736
"31025",0.0700363704,0.0003090115,12.360461972,3412,0.0837623762,0.0388172858,9666.8,8.5,0.1307697323,2.8449687149,2.8241508308,0.2216266535,0.0858816562,0.0889429649,0.2980586323,0.1826007089,0.6575809199,0.000349284,0.0002716653,0.434,0.262,41.1231767654051,14.136092013108
"31027",0.0966292135,0.0001172333,15.240328253,2714,0.1055518982,0.0791722897,9543.55,8.3,0.1206552717,2.6373463566,2.99527199,0.2015388143,0.0830237409,0.0953959374,0.274875143,0.1255563023,0.5155896972,0.000115327,0.0004613078,0.378,0.242,38.9909151167778,62.3854641868445
"31029",0.1689425214,0,17.627801561,4422,0.1783908046,0.1490196078,11763.12,8,0.1416348866,2.8976384186,2.8615214096,0.1859133881,0.0909664389,0.0942962197,0.2669334731,0.1452013192,0.7735753908,0,0.000508001,0.355,0.242,109.381573411864,109.381573411864
"31031",0.1493262646,0.0006875215,15.469233414,3139,0.1689526185,0.101744186,9200.99,7.2,0.1223307902,2.9246757701,2.9255655401,0.1840236554,0.0919693082,0.0992855591,0.2533955048,0.1404568114,0.6453702083,0.0001714678,0.0008573388,0.3,0.32,74.6654413876285,68.9219458962725
"31033",0.0679168779,0.0006200909,11.368334022,4048,0.0792008562,0.0432228284,10493.46,8.1,0.1306261899,2.9553158181,2.9334412184,0.220196591,0.0885173432,0.0928444228,0.2720748525,0.1509219409,0.6278255651,0.0009949259,0.0008954333,0.331,0.227,34.4388194372697,48.2143472121776
"31035",0.1179581045,0.0003223207,14.50443191,3172,0.1354197134,0.0796685787,9800.42,7.4,0.1273407886,3.0150529453,3.1300832605,0.1868746878,0.0935818406,0.0995136967,0.2791988768,0.1652573288,0.5426475084,0.0001622586,0.0004867759,0.387,0.277,113.012592831773,102.249488752556
"31037",0.166537739,0,16.060462919,1534,0.208978065,0.0903596253,8338.56,9.2,0.1726290715,3.0155550436,2.7942788833,0.196837672,0.0980677527,0.0969726574,0.2745149575,0.144024047,0.7845934379,0,0.0007681967,0.37,0.263,34.504391468005,40.7779171894605
"31039",0.1261914924,0.00044238,14.377350144,2670,0.1473857555,0.0799648506,9066.53,8.7,0.134346887,2.9784978188,2.9300158213,0.1967009425,0.0894919942,0.0948503132,0.2576049982,0.138645657,0.6977787504,0.0008873114,0.0005545697,0.392,0.253,70.3755833765464,59.263649159197
"31041",0.1125505111,0.0005506103,11.92988896,6113,0.1282007801,0.0774781618,10772.95,7,0.124361305,2.8287799551,2.8512896925,0.1975774142,0.0895797127,0.0960526582,0.2628642291,0.1543099718,0.4849620623,0.0005551957,0.0005551957,0.369,0.272,116.764995083579,89.110127826942
"31043",0.160588201,9.90786e-05,9.412464084,5034,0.2027996198,0.0757162347,10404.13,8.2,0.1919414471,3.3832291692,3.0603352474,0.1698425277,0.1053639319,0.1026414939,0.3301363135,0.1852087606,0.8798438541,0.0020522844,0.0002931835,0.376,0.33,70.8005400599335,64.2144433101722
"31045",0.1100604557,0.0007874016,15.748031496,3328,0.1251521298,0.064966606,7403.51,7.4,0.1418921871,3.0931844766,3.2354292548,0.2322330736,0.0951833709,0.1046375163,0.2582262967,0.1673773392,0.9037246787,0.0017819356,0.0003341129,0.285,0.211,48.8997555012225,75.2303930788038
"31047",0.1476117103,0.0005904931,20.66725716,5078,0.185199241,0.0717956469,11186.44,7.9,0.1639198826,3.2667681567,3.0350761849,0.1730620278,0.1056875795,0.1027896521,0.2753910454,0.1730438678,0.8369645647,0.0009306261,0.0006345178,0.341,0.252,49.2555377297419,14.0730107799263
"31049",0.1180654339,0,31.864046734,4910,0.131372549,0.0820895522,9849.47,7.9,0.1307309964,2.9295491375,3.0509111389,0.1874935997,0.0917193644,0.0984803054,0.2745341852,0.1597817122,0.7764039155,0,0,0.308,0.275,17.9179358537896,0
"31051",0.1081556386,0.0003475843,20.855057351,3512,0.1231163835,0.0778364116,8925.13,8,0.1379887732,3.153298909,3.0461178959,0.2111013519,0.0949363656,0.0963276268,0.2875299198,0.1650414636,0.4581666667,0.0001735509,0.0003471017,0.354,0.322,145.137880986938,127.721335268505
"31053",0.1071602703,0.000681069,13.893807721,3805,0.1312512453,0.0533436842,9342.4,7.7,0.1475898481,3.3206044501,3.4063254212,0.198172457,0.10012593,0.1036720452,0.3123265212,0.1807607113,0.9001662533,0.0012242566,0.0006801426,0.347,0.293,90.6988345199764,19.046755249195
"31055",0.0998278113,0.0010950465,10.505323884,3505,0.1225767397,0.0476592526,9773.62,8,0.1459253637,3.2691352504,3.3420166158,0.2236177457,0.0969971643,0.0986409765,0.3054084008,0.1707723706,0.9836746534,0.0036324652,0.0014883017,0.313,0.21,44.0155747418317,11.8800471637872
"31057",0.1695167286,0.0005552471,0,3886,0.1743951613,0.1532258065,11327.24,7.8,0.1327311815,3.0349913918,3.0086866043,0.1817024894,0.0946771155,0.1000963141,0.2705135935,0.1461547419,0.21812749,0,0.0021845986,0.349,0.304,18.5116623472788,18.5116623472788
"31059",0.0830952381,0.000716589,21.497671086,2961,0.0936116382,0.0532598714,11292.42,8.2,0.1256467636,2.8599126851,2.9148326261,0.1986415854,0.0877370235,0.094634805,0.2748277312,0.1601277727,0.6276740238,0.0017482517,0.001048951,0.361,0.255,142.610969160378,142.610969160378
"31061",0.1052875696,0.0006688963,16.722408027,2868,0.1154574132,0.0792580101,11118.64,7.2,0.1430110561,3.0779942207,3.113954157,0.189045835,0.0946440024,0.1013961537,0.2756525726,0.1531618211,0.5094573643,0.00066357,0.00199071,0.355,0.308,66.4672648720505,66.4672648720505
"31063",0.1141045959,0,19.00418092,4551,0.1270878722,0.0797773655,9511.18,5.8,0.1160377046,2.7914932597,2.8949425866,0.2017848188,0.0864769494,0.0948565746,0.2837091358,0.1578871217,0.6150217707,0.0003815338,0.0003815338,0.389,0.296,0,12.7226463104326
"31065",0.1149232915,0.0006276151,16.736401674,4805,0.1286161063,0.0834105653,12581.37,7.5,0.1483275203,3.2481880959,3.4245543612,0.1687211275,0.1039971869,0.109112501,0.2703721798,0.1643801284,0.6715063521,0,0.0012533946,0.365,0.29,112.029127573169,112.029127573169
"31067",0.0865401563,0.0007870006,16.665895097,1812,0.1010850942,0.0513535032,9908.21,7.8,0.1192501034,2.8414749073,3.1587335859,0.2271668374,0.0856671046,0.0965785352,0.2967313665,0.1725904819,0.6839675496,0.0013762099,0.0007339786,0.382,0.275,86.2959024856302,29.2789669147674
"31069",0.1317542561,0,36.726128017,2781,0.1440162272,0.0984042553,9220.33,5.7,0.1348825726,3.0229998436,3.0245090991,0.1778649873,0.0927382785,0.0980926975,0.2577779792,0.1552415961,0.5644141954,0,0.0005181347,0.253,0.279,87.2143729286586,0
"31071",0.1071922545,0.0004960317,34.722222222,4873,0.1127679404,0.0934343434,9735.88,8.5,0.1271976428,2.8989715908,3.0204047244,0.1822341672,0.0886133472,0.096288226,0.2581780556,0.1398233678,0.7003416301,0,0.000497265,0.302,0.281,99.767209843698,99.767209843698
"31073",0.0862846104,0,14.792899408,3030,0.0939476061,0.0662393162,11108.33,6.9,0.1150769894,2.7118326571,2.8343321501,0.2042187115,0.0832428651,0.0906231465,0.2691660814,0.1416637287,0.3375733855,0.0005073567,0,0.259,0.209,16.6805671392827,16.6805671392827
"31075",0.0848484848,0,0,1628,0.0906515581,0.0684931507,10185.89,4,0.1400486652,3.1822940804,3.1857625496,0.1912838467,0.0980092028,0.1031744866,0.2826462141,0.1710676043,0.0521172638,0,0,0.322,0.365,0,0
"31077",0.1636784268,0,16.849199663,4907,0.1690376569,0.1486725664,11866.74,5,0.1337032829,3.0237351149,3.0691642995,0.2011568739,0.0937560981,0.0994262292,0.2808914214,0.1534193995,0.0031520883,0,0,0.403,0.33,14.0272127928181,14.0272127928181
"31079",0.1343963112,0.0006339505,14.141972399,3644,0.1713921541,0.0579227307,9582.46,7.8,0.1553483208,3.1085470151,3.0593114161,0.1790713639,0.0995599274,0.101010142,0.3077740981,0.1610867313,0.8935280769,0.0031115793,0.000907544,0.373,0.275,67.0883131076497,15.1489739275338
"31081",0.0697737069,0.0009775171,21.722602368,3419,0.082791587,0.0413080895,10416.58,8.7,0.1095528022,2.7062009322,2.8842578645,0.1905161225,0.0848778689,0.0929914526,0.262546936,0.1367265466,0.6384261289,0.0006531679,0.0005443066,0.325,0.243,83.1135041376071,79.4998735229285
"31083",0.0977917981,0.0008713331,11.617775196,2529,0.1100055279,0.0697674419,12516.52,8.3,0.1445165704,3.279521423,3.2795745946,0.176618908,0.1004068814,0.1068833304,0.2952509833,0.1724126596,0.5582822086,0,0.0008638065,0.3,0.262,96.9274013763691,96.9274013763691
"31085",0.2691131498,0,0,4601,0.2521186441,0.3085106383,12807.9,5.7,0.1469696626,3.2092932601,3.2043659521,0.1834201338,0.0998113247,0.1043466656,0.2674976558,0.1645145579,0.063081696,0,0,0.28,0.256,36.9549150036955,36.9549150036955
"31087",0.1280458672,0,10.585744531,3054,0.1445285616,0.0913173653,9967.38,4.3,0.1415374414,3.1718367482,3.2811018277,0.1786355319,0.1002217406,0.1083460445,0.2968964196,0.1734789994,0.2510316369,0,0.0003539823,0.392,0.31,11.8133490844654,11.8133490844654
"31089",0.1122461849,0.00107822,14.702999412,5910,0.1272460579,0.080277885,12377.88,7.9,0.1269080478,2.8667895653,2.7952158343,0.1750755342,0.0884160361,0.0941565419,0.289747946,0.1338012028,0.6047915668,0.0018536585,0.0019512195,0.336,0.276,58.7659157688541,55.5011426705844
"31091",0.0844155844,0.0029673591,44.510385757,NA,0.094224924,0.0689655172,8187.05,7.6,0.138333391,3.1373518742,3.2873562298,0.1636873119,0.0986133747,0.1063852796,0.2780492802,0.1474116943,0.1086956522,0,0,0.272,0.221,48.4496124031008,0
"31093",0.0895788017,0.0004660556,9.3211123194,3584,0.0986711903,0.0699873897,9111.99,8.1,0.1228982275,2.9136938958,2.8286454358,0.2055621888,0.0870800854,0.0916058601,0.2858253451,0.1477389986,0.4674848581,0.0003110904,0.0009332711,0.394,0.288,72.4112961622013,0
"31095",0.0918480266,0.0006965729,25.076623015,2402,0.1078784758,0.0525339926,9160.12,8.1,0.1382502686,3.0802785296,3.0144119304,0.1877543278,0.0931232742,0.0979778363,0.2673430292,0.1591223022,0.4986087187,0.000418002,0.000418002,0.359,0.287,107.216110385978,130.523960469886
"31097",0.1024133663,0.0003857281,13.50048216,4392,0.1178033658,0.0676470588,10355.97,7.9,0.14248154,2.9660528194,2.9436482188,0.2057331956,0.09300042,0.095397083,0.2998165339,0.1771299596,0.5564500671,0,0.0011603172,0.342,0.311,129.11555842479,103.292446739832
"31099",0.0811843362,0.0004594181,18.376722818,2459,0.0963591569,0.0493678507,11625.12,8.5,0.117323004,2.8060316454,3.0433840788,0.2116867599,0.0855714554,0.0932874402,0.2879600286,0.148358391,0.5629526892,0.0006105006,0.0007631258,0.36,0.212,91.7150718434729,81.5245083053093
"31101",0.1005737428,0.0007433102,16.105054509,5588,0.1164399354,0.0583333333,9793.57,7.8,0.146898303,3.0614719253,2.9806210269,0.1937962977,0.0949423734,0.097567114,0.2934275418,0.1591274837,0.7961281071,0.001621352,0.0006235969,0.324,0.283,45.6223300568205,66.3597528099208
"31103",0.1859205776,0,0,3465,0.1849148418,0.1891891892,7200.81,4.9,0.1204594475,2.9230613319,2.9454972407,0.1933919294,0.087067649,0.0935469381,0.2472759854,0.134804166,0.3325242718,0,0,0.27,0.271,0,41.7710944026733
"31105",0.1237532324,0,11.05277701,3525,0.1429313929,0.0764563107,9134.05,8.2,0.1551650459,3.2436194357,3.3659091636,0.1794722375,0.1030127513,0.1079234795,0.2891527521,0.1714944703,0.7597487569,0,0.000815439,0.396,0.309,82.4477830707219,82.4477830707219
"31107",0.1312224323,0.0004721435,16.525023607,2892,0.1485331485,0.0963798778,9783.5,8.1,0.1369733585,3.0891866354,3.0501342412,0.1968527375,0.0964680884,0.1031095376,0.2790784888,0.1586406053,0.61889438,0.0003500175,0.001166725,0.344,0.292,47.129055062446,39.2742125520383
"31109",0.0838750116,0.0006743903,13.106076511,3090,0.1014042228,0.040072323,9682.64,8,0.1107492041,2.7810405648,3.0980660276,0.2495146266,0.0829524964,0.0957730081,0.2662033356,0.1433358702,0.9693490349,0.0033942972,0.0010528458,0.298,0.173,42.7083919865458,14.0236511000598
"31111",0.0880236987,0.0005385488,17.006802721,6352,0.1053992244,0.0473489234,10844.56,7.8,0.1423162209,3.2314961607,3.2782680946,0.1783569793,0.0977064644,0.1005404178,0.3158569657,0.1820776865,0.8633983686,0.0022503516,0.0010126582,0.405,0.264,65.0851294628119,16.0354666792435
"31113",0.1264559068,0,0,3529,0.1407035176,0.1023255814,8748.05,8.2,0.1208165579,2.8282066317,3.0126668193,0.2104220879,0.0865457766,0.0950797866,0.2649338446,0.1564931443,0,0,0,0.359,0.286,0,43.6871996505024
"31115",0.1069767442,0,0,NA,0.09375,0.1403508772,9829.84,6.1,0.1167680745,2.7374960102,2.920404003,0.1942934423,0.0837455374,0.0926227587,0.2639171025,0.1403479263,0.2310126582,0,0,0.31,0.287,0,55.005500550055
"31117",0.0826873385,0,0,NA,0.0899280576,0.0603448276,7345.41,5.8,0.129119155,2.961032631,3.07174306,0.1874652131,0.0923547452,0.0997800347,0.2710243854,0.1546832835,0,0,0,0.211,0.306,0,0
"31119",0.1128505971,0.0006829046,17.926246301,2495,0.1358652706,0.0608666518,10301.77,7.8,0.1387128775,3.0722601305,3.2125826428,0.197626105,0.0965645042,0.1030944408,0.2941139959,0.1728242145,0.8586133731,0.0045694702,0.0014850778,0.33,0.264,111.794298490777,21.7904141126091
"31121",0.09452254,0.0002537427,16.493275818,3008,0.1096075778,0.0565217391,10286.83,7.6,0.1204891319,2.8630118142,3.0474968564,0.208783705,0.0885296189,0.0967056833,0.2754407862,0.1491434074,0.4500956023,0.0001277466,0.0006387328,0.417,0.313,76.7819818282643,76.7819818282643
"31123",0.1368310045,0.0002067825,18.610421836,3314,0.1571268238,0.0877042132,10142.78,7.1,0.1529554871,3.2010977962,3.2013493486,0.1806558281,0.0996456847,0.1036574966,0.2666765105,0.1701391304,0.4516065054,0,0.0008355964,0.36,0.3,104.829128520512,69.8860856803411
"31125",0.0862871464,0,8.3171610757,5777,0.0981378963,0.0601415094,13110.78,7.2,0.1299403579,3.0725579222,3.1058042864,0.1980624225,0.0953561896,0.1013984477,0.2853530152,0.1647638117,0.6637215529,0,0.0008389262,0.365,0.324,130.657956136258,130.657956136258
"31127",0.0765932567,0.000719528,17.268671751,3411,0.091083151,0.0402858999,12368.33,8.3,0.1377570725,3.2129239048,3.2388749451,0.2118215671,0.0955645646,0.1010075546,0.271793424,0.1574330669,0.5361479029,0.0004303543,0,0.36,0.275,47.8973081712808,47.8973081712808
"31129",0.0920542636,0.0011695906,16.374269006,3037,0.1052865393,0.0580357143,11870.31,7.5,0.1263814554,2.9986282282,3.0907121404,0.1778249266,0.0952852487,0.1015891489,0.2580321386,0.1494571575,0.5935555556,0.0007033998,0.0009378664,0.353,0.313,78.5237534354142,62.8190027483314
"31131",0.0891219891,0.0006239471,17.4705185,2928,0.1057862191,0.0521197007,12335.56,8.4,0.1330137855,3.0189097912,3.1145994867,0.2133418184,0.0898105553,0.0969631832,0.2823127604,0.1845609322,0.7409148666,0.0004974815,0.0004352963,0.393,0.287,56.1412263739006,22.8723514856632
"31133",0.1259378349,0.0007572889,0,3394,0.1366037736,0.0980735552,9765.28,7.5,0.1667347571,3.3327656285,3.3651489602,0.1684853553,0.1067465565,0.1134327683,0.2853519858,0.1800650333,0.0883519654,0.0003770739,0.0015082956,0.352,0.27,151.419558359621,113.564668769716
"31135",0.1365678347,0.0010334137,27.557698932,6630,0.1487383798,0.1124338624,9990.26,8.2,0.1197209401,2.7792552578,2.8940821935,0.1936684762,0.081876556,0.0907597618,0.2565259685,0.1414514564,0.4723905724,0,0.0017253278,0.234,0.227,68.7285223367698,0
"31137",0.0829131653,0.0007726269,20.971302428,3435,0.0977804439,0.0504424779,10312.69,8.4,0.1306648582,2.8041335648,2.9890380007,0.1970940471,0.0875539048,0.0938188461,0.2463590282,0.1506028665,0.7129952111,0.0014029786,0.0011871358,0.378,0.257,98.8214625576459,109.801625064051
"31139",0.072287058,0.0008405716,15.410479126,2571,0.080350438,0.056284153,11096.15,7.3,0.1139582769,2.6274929627,2.8869725342,0.1995854531,0.081917662,0.0929870708,0.2751801417,0.1565642676,0.648775117,0.0002793686,0.0008381059,0.318,0.275,46.6439666029199,79.2947432249639
"31141",0.1031748945,0.0007234363,10.851544838,2872,0.1238059662,0.0599418475,9409.91,8.5,0.1430989662,2.9645433689,2.8560114587,0.2122433443,0.0932245338,0.0905832125,0.2656828624,0.1429691285,0.8448987189,0.0018563038,0.0003651745,0.357,0.213,42.2539462167627,16.0967414159096
"31143",0.0996629754,0.0003753754,20.645645646,2545,0.1117147708,0.073038073,10151.83,8.8,0.131345788,2.7825491754,2.9174951357,0.200914696,0.0857827002,0.09412411,0.2688777464,0.1501920217,0.4620791713,0.0001921968,0.0001921968,0.345,0.29,88.5571509899424,82.2316402049465
"31145",0.087363305,0.0006524981,16.77852349,4330,0.1008987621,0.0553520554,9340.69,7.2,0.1442500944,3.1447309271,2.9319015299,0.203134025,0.0966043843,0.0992215985,0.2729354623,0.1571808889,0.7409317051,0.0015855251,0.0009326618,0.328,0.233,65.2660367976131,65.2660367976131
"31147",0.0990115597,0.0003764588,17.568076296,5588,0.1161230627,0.056766055,10628.58,7.2,0.1455494902,3.2636392664,3.2512249026,0.1873212922,0.1016416417,0.1052765411,0.2990421073,0.1894157857,0.5880664833,0.0007444169,0.0008684864,0.379,0.296,87.6241341901026,79.27897855295
"31149",0.1466165414,0,20.891364903,3113,0.1545338442,0.1208053691,11508.33,7.8,0.1343852402,3.0149563514,2.9809029209,0.1859988402,0.0915376676,0.095920955,0.2752807129,0.1541977984,0.001310616,0.0014388489,0.0021582734,0.384,0.328,23.8891543239369,0
"31151",0.1323943662,0.000484731,12.464510768,2416,0.1579480684,0.076224546,10092.25,8.4,0.1595221138,3.1693607725,2.9360959844,0.2013951226,0.0993036052,0.0971255031,0.2899961524,0.1629441495,0.6851408451,0.0005582304,0.0006280092,0.372,0.297,55.6560456379574,46.3800380316312
"31153",0.0647472198,0.000523592,6.503563181,3409,0.0794797948,0.0337490689,9613.2,8.5,0.1194686207,2.7259099033,3.0538154747,0.2237949309,0.079713966,0.0896003386,0.313239391,0.1482335061,0.9216129438,0.0009049117,0.0004580417,0.343,0.199,32.8487982661707,9.90969333169395
"31155",0.0729952623,0.0003799212,16.14664957,3700,0.0849749583,0.0467237528,10296.13,8.4,0.1079527926,2.7232212283,2.9343794415,0.2252999108,0.0836600568,0.0930951533,0.2870265218,0.1514697402,0.5355630414,0.0002851982,0.0003327312,0.367,0.216,97.7948831193413,94.6402094703303
"31157",0.1113987849,0.000797514,15.400269505,3987,0.135405271,0.0590771884,9375.9,8.6,0.1667904471,3.6933954064,3.5099919754,0.175725233,0.11111424,0.1103451691,0.2860322707,0.1892391733,0.6891533676,0.0023612103,0.0011256933,0.344,0.255,70.788975306599,12.870722783018
"31159",0.0671960904,0.0005827166,15.150632248,3561,0.0755584757,0.04969988,10180.03,8.5,0.113952317,2.8537333228,2.9936159146,0.2040115771,0.0858328008,0.0935808673,0.2683464226,0.1406964986,0.5978507463,0.0012149965,0.0002314279,0.341,0.226,40.5695187682321,54.0926916909762
"31161",0.1717380093,0.000567215,24.579315561,4414,0.1946480938,0.1175986842,9274.52,7.1,0.1597519793,3.3492006404,3.4909668561,0.1753855469,0.1054118649,0.1131458538,0.2899791806,0.1680581267,0.5644541964,0.00248376,0.0009552923,0.289,0.291,101.826513078343,101.826513078343
"31163",0.1269982238,0,22.6830849,5912,0.1306782825,0.1155555556,11017.18,6.1,0.12448476,2.8357449685,3.0188748975,0.1804656018,0.090752561,0.0985779374,0.2689805982,0.1416617907,0.4869923858,0.0003274394,0,0.354,0.255,10.8956199607758,10.8956199607758
"31165",0.156612529,0.0008312552,0,NA,0.1463790447,0.185840708,6225.83,6.2,0.1301754635,2.9546037165,3.1569407904,0.1888423807,0.0914565541,0.0992367458,0.2581784267,0.1583373488,0.2212051869,0,0,0.214,0.304,0,27.5330396475771
"31167",0.0748326911,0,11.69004676,1504,0.0863912164,0.0494148244,8817.2,7.2,0.1265233711,2.7816617871,3.0309695729,0.2327609392,0.086044498,0.0954486171,0.2915629295,0.1565223998,0.3135911242,0.0003364738,0.0003364738,0.336,0.251,67.0316165791532,61.4456485308904
"31169",0.0974496644,0.0009910803,29.732408325,3909,0.1091468101,0.0710659898,11408.47,8,0.1254770508,2.80128374,3.0548954509,0.1913564065,0.0882937894,0.0970877186,0.2602914386,0.1356226027,0.2957153787,0.00039208,0.00058812,0.322,0.228,210.734277247284,223.905169575239
"31171",0.1319702602,0,41.379310345,2847,0.1363636364,0.1169590643,7369.71,5.9,0.1212434768,2.8010382633,2.9425273699,0.2012943267,0.086937789,0.0945181368,0.2612756557,0.1446863157,0.1653786708,0,0,0.269,0.225,0,0
"31173",0.1593855017,0.0005537865,6.9223314412,5981,0.2144197266,0.0803334596,10728.57,6.6,0.2264726796,4.5382125059,4.3831748408,0.2013554262,0.1481216461,0.1560567743,0.3187087231,0.2884335951,0.4053314121,0.0033674758,0.0012628034,0.472,0.292,60.0378700411028,60.0378700411028
"31175",0.1180952381,0.0014255167,19.006889998,4029,0.1305936073,0.0895522388,11346.87,7.8,0.1297536459,3.056585297,3.3472199612,0.2081724947,0.0948459196,0.1033281093,0.2787643313,0.1541863785,0.7478873239,0.0016730402,0.0019120459,0.319,0.236,47.6833823412541,71.5250735118811
"31177",0.061567832,0.0004826022,6.7564306742,2761,0.0736984449,0.0347809377,9325.15,8.6,0.1146215343,2.6941502579,3.1263077715,0.2189760365,0.080424872,0.0924746073,0.2503162805,0.1296280589,0.4940199664,0.0002426831,0.0008251226,0.327,0.224,59.6860834637286,51.6203965091707
"31179",0.0793877843,0.0005365958,11.805108392,2902,0.0934451814,0.0420512821,9478.12,8.2,0.1426417439,2.961206273,3.1439025079,0.2202226259,0.0922529409,0.1015651752,0.2371761089,0.1349054241,0.5156852527,0.0004271223,0.0002135611,0.365,0.212,71.2098554439934,56.9678843551948
"31181",0.0953996983,0.0011350738,14.188422247,3422,0.1081932773,0.0666666667,11254.25,7.3,0.137003611,3.137484001,3.1509660062,0.1860479712,0.0962228031,0.099922587,0.276176416,0.1762516037,0.6314270724,0.000555093,0.0016652789,0.343,0.308,93.8086303939963,131.332082551595
"31183",0.1160130719,0,0,2034,0.1138392857,0.1220930233,9387.1,5.6,0.1251525794,2.894474974,3.0406253075,0.1986159132,0.0876829024,0.0966576589,0.2807266566,0.148634621,0.04400978,0,0,0.257,0.333,41.6840350145894,0
"31185",0.0813516896,0.000796755,22.454005505,4398,0.0951004679,0.0511955855,9655.19,8.2,0.1297663812,3.0618455039,2.8981932731,0.1795240668,0.0914810706,0.0947076465,0.2776528873,0.1636179893,0.5758507135,0.0012324199,0.0007974482,0.399,0.264,118.437590641013,108.769215894808
"32001",0.1363682969,0.000536525,8.6669418077,3382,0.1534515922,0.0971596813,8581.08,7.5,0.1668719667,4.1947627867,4.4440439724,0.1735940019,0.1240032874,0.1308374471,0.3670850364,0.1844190317,0.83953049,0.0016530292,0.0005372345,0.321,0.277,32.9362683207993,32.9362683207993
"32003",0.132682448,0.0005494358,3.3483373327,4961,0.155521179,0.0755851406,11570.22,8,0.185580056,4.0072792451,4.2639531093,0.1725995225,0.1231111103,0.1287937364,0.3924971151,0.1566671827,0.7328892121,0.0017442421,0.000570126,0.273,0.234,24.4106326586653,19.9806110698957
"32005",0.1231343284,0.0005796021,6.8310252748,3073,0.1327865797,0.0959013586,8739.78,7.5,0.1338796906,3.8733531429,3.8524576513,0.1901315291,0.1096009779,0.1145749252,0.3028661194,0.1359771084,0.8708853757,0.0011245314,0.0008121616,0.255,0.197,35.2219674576646,27.6250725158154
"32007",0.1313466259,0.0003608805,5.1283025319,3134,0.1482070967,0.0981209475,8698.96,8.3,0.1562489368,3.76851214,3.9605572498,0.2302631372,0.1110035778,0.1154198696,0.3281098292,0.1794128187,0.6214511041,0.000594234,0.0003833768,0.284,0.236,12.7164175308532,28.6119394444197
"32009",0.1398230088,0.0011764706,0,NA,0.1513761468,0.115942029,8422.1,4,0.2332627805,4.9057830294,4.8103237834,0.1556891362,0.1520930488,0.1486762559,0.3558364538,0.2092059229,0.1060025543,0,0,0.236,0.338,0,40.551500405515
"32011",0.0753676471,0.0005099439,0,2169,0.0735042735,0.0821355236,8223.51,6.1,0.1359814962,3.5827645291,3.9259292349,0.2094597678,0.1020490622,0.1107688883,0.3347445364,0.1575700017,0.3427277302,0,0.0015649452,0.242,0.25,17.0039108995069,0
"32013",0.1532458564,0.0004754547,8.3204564365,4589,0.1738255709,0.1120689655,8508.33,8.5,0.1643962184,3.7732233582,4.1164585371,0.2346102395,0.1104400082,0.1181960551,0.3466507571,0.1838476424,0.5976524685,0.0010093813,0.0005343783,0.321,0.184,35.6760613628255,37.6580647718714
"32015",0.1247930464,0.0001756543,7.0261724925,1453,0.1390309961,0.0953591863,8061.83,8.7,0.157625775,3.8136708105,4.131873206,0.220231731,0.1120726923,0.1177301689,0.3469241186,0.1622632493,0.9089177489,0.0005261312,0.0005261312,0.304,0.2,5.89275191514437,5.89275191514437
"32017",0.1224600379,0.0003829217,0,5390,0.1276351092,0.112945265,8380.02,5.5,0.1489088008,3.8291527956,4.0646388923,0.1970468077,0.1110283131,0.118301654,0.3248580537,0.1646118552,0.5429373246,0.0005934718,0.0007912957,0.276,0.3,38.762193940177,38.762193940177
"32019",0.1320469521,0.000166291,4.9887291674,3485,0.151882372,0.0829868618,8805.58,7.6,0.1797994195,4.5044826383,4.4597551068,0.1818510545,0.1323203745,0.1323687075,0.3547152076,0.2069564325,0.5299730666,0.0014855488,0.0003948927,0.33,0.234,25.1365651190308,26.9758259813989
"32021",0.1186491333,0.0004487323,0,3969,0.1341802303,0.0747986191,10528.97,4.8,0.1993089321,4.7812463063,4.9516922587,0.1649038162,0.1433742363,0.1476665572,0.3486137217,0.2048206632,0.0544844929,0.0008990784,0.0004495392,0.383,0.31,104.321907600596,59.6125186289121
"32023",0.1280829502,0.0002941043,5.6558526763,4408,0.1428951099,0.0851536952,10361.6,6.2,0.1944393574,4.7502179491,4.6190390594,0.1728029993,0.1355237093,0.1334894402,0.3478828702,0.1909303929,0.0719746962,0.0013587269,0.0008060245,0.334,0.269,36.8501402561461,37.6021839348429
"32027",0.152054436,0,0,2920,0.1608113003,0.1308243728,10291.22,8.1,0.1745851801,4.007469964,3.9996542475,0.2181903517,0.1175324045,0.116711417,0.3555143616,0.1836649765,0.2283429587,0.0004573171,0.000152439,0.392,0.284,30.4043782304652,30.4043782304652
"32029",0.0876565295,0,0,2127,0.0920538428,0.0748560461,5807.66,8.7,0.1273296187,3.4545703272,3.9417867612,0.2013496631,0.0989572058,0.1110509726,0.3066294232,0.1459623559,0.23840399,0.0009874105,0,0.275,0.248,49.6442164487837,49.6442164487837
"32031",0.1243720493,0.0007381884,6.2528903334,3275,0.1401637582,0.0843029365,9066.74,7.9,0.1558221495,4.0446776597,4.5518453253,0.2108273236,0.1218052837,0.1320853424,0.3171879344,0.1525239361,0.8364407805,0.002830588,0.0008112589,0.237,0.178,26.1605956209627,22.392310379162
"32033",0.1097653293,0.0006255213,0,2783,0.1230704166,0.0789205703,9611.07,7.5,0.1744891465,4.0972744647,4.2610289256,0.2115096727,0.1197864219,0.1211595048,0.3521575016,0.2023277124,0.59222333,0.0030985334,0.0002065689,0.308,0.244,17.3919092838012,20.8702911405614
"32510",0.1262843402,0.0007671934,8.037263677,3912,0.1430835782,0.0835291047,8842.46,7.9,0.188485144,4.0509243187,4.3659625864,0.1814813216,0.1230710807,0.1306642397,0.335165345,0.1767381522,0.9074971958,0.0021555661,0.0010595155,0.309,0.197,71.5580863669717,32.1404964190636
"33001",0.0762649202,0.0006416057,11.680513285,3227,0.0909792465,0.0290747392,9322.82,8.7,0.1146942826,3.2328132528,3.7260523886,0.2016458153,0.0945832183,0.1150921291,0.293729846,0.1554259296,0.8728531487,0.0050017276,0.0006910282,0.28,0.214,141.850963381639,19.1690491056269
"33003",0.0898818252,0.0009154461,12.483355526,3417,0.1055629042,0.0343149488,8877.88,9,0.1336104372,3.7900713507,4.2714931225,0.1678117535,0.1103190232,0.1205242931,0.286862419,0.1368538345,0.8102806475,0.0022838292,0.0009093024,0.282,0.228,77.7065467765659,22.8956789609525
"33005",0.0715324885,0.0006845708,9.215376514,3060,0.0861887311,0.0247369918,8876.36,8.6,0.1221401081,3.372010826,3.9719175182,0.1988238799,0.0978899321,0.1183691312,0.3198049623,0.1696169413,0.7683130827,0.003140919,0.0007522369,0.318,0.205,67.9148391732792,22.3461728892725
"33007",0.0779057779,0.0011380161,11.064045015,3819,0.0930622148,0.0264250661,9141.71,8.2,0.1426692513,3.599722625,4.1175771033,0.1690929654,0.104622304,0.1205496296,0.3558625533,0.1681032656,0.6685524126,0.0014357502,0.0011236306,0.367,0.262,73.4815561294115,27.2931494194957
"33009",0.0842281776,0.0019689884,13.0892981,3332,0.1000019763,0.0297685398,8458.21,8.5,0.1208089881,3.53773638,3.821070354,0.1867908366,0.1059189194,0.1174289654,0.3039053843,0.1439401278,0.8879126551,0.0040387904,0.0028125281,0.247,0.187,62.2994851898829,18.6525404760128
"33011",0.0718015399,0.000881139,9.275147243,4510,0.0878737201,0.0231593541,9863.18,8.5,0.1257312779,3.431925463,3.4548201955,0.1969097002,0.1007181569,0.106665307,0.3316710646,0.1522273623,0.9034066096,0.0026118241,0.0011183021,0.285,0.217,65.2224173666855,18.5770318121529
"33013",0.0746619785,0.0011057795,13.805490028,4171,0.0900697487,0.0272709044,9511.05,8.6,0.1174640805,3.2750911003,4.0342950157,0.183985582,0.0960981492,0.1162839754,0.3097344779,0.1436608953,0.9336611014,0.0035132116,0.0013056763,0.277,0.197,89.1007506738244,22.7206914218252
"33015",0.05574748,0.0007572716,9.5638180851,3961,0.0668306471,0.0211760257,9810.09,8.9,0.1043805729,3.0631306544,3.7932953047,0.2209932788,0.0886932157,0.1105771432,0.2939781371,0.1371847062,0.8763951318,0.002028023,0.0009431131,0.272,0.182,62.2557929450691,17.0876914202375
"33017",0.0742783836,0.0006375716,7.6975111381,5029,0.0893303445,0.025801032,9075.94,8.4,0.1488741525,3.7642403778,4.2034162778,0.2027342739,0.107881397,0.1184490427,0.3295437749,0.1633092872,0.8839073273,0.0021894717,0.0011928305,0.316,0.234,77.4348601899355,17.8695831207544
"33019",0.0722551929,0.0007428558,7.1964157207,3965,0.086692843,0.0266967252,8961.74,8.6,0.1393485314,3.4050785312,3.9145400673,0.1712985307,0.1006007526,0.1161227149,0.309820826,0.1550968093,0.7733299803,0.0017905311,0.0004883267,0.328,0.258,77.384407041981,27.8583865351132
"34001",0.1046377396,0.0008409962,8.1876718114,5291,0.1277864467,0.0406058384,11238.29,7.6,0.1863050358,4.0158231394,3.7076924099,0.1741123494,0.1220200428,0.115267726,0.3807108227,0.185766379,0.9291201206,0.0013579787,0.0005941157,0.325,0.324,36.4611366449305,13.5179044023722
"34003",0.0862337253,0.0011767112,9.7848389825,3231,0.1025147686,0.0410625528,10586.14,9.3,0.1341175917,3.0962277771,3.2439617478,0.1638697415,0.090973579,0.0964818385,0.3842541226,0.1265170177,0.9908796221,0.0021136111,0.0004312406,0.22,0.244,43.9054771728697,8.39161136287912
"34005",0.0554705443,0.0008403998,8.7383748406,5030,0.0666443723,0.0244398357,10421.47,8.5,0.1275412669,3.3814492202,3.3407130114,0.1813289196,0.1007732529,0.100801564,0.3739000879,0.137374486,0.8154296309,0.00444485,0.0004941195,0.299,0.248,46.8262381780499,10.7201562760559
"34007",0.0764225475,0.0010299206,8.2041200739,6062,0.094071593,0.0298698934,11287.44,8.1,0.1795612308,4.037270517,4.2122379834,0.1695196682,0.1186938625,0.1208626808,0.4084508693,0.1669955604,0.9234313949,0.0025619916,0.0007527198,0.325,0.291,43.7842412073194,10.4061201075692
"34009",0.0810901996,0.000587902,13.36141011,4259,0.0956305246,0.0368418004,10878.86,7.7,0.1479151548,3.5928486177,3.8234907427,0.1883324534,0.1083245248,0.1132941386,0.3361316182,0.1486291302,0.9882794428,0.0009319072,0.0005189029,0.283,0.28,55.6064489222686,9.62419308270033
"34011",0.120921977,0.0004326791,9.505828056,7535,0.152819848,0.0457567568,11629.87,7.4,0.231549308,4.2308117832,4.0536646124,0.1715463109,0.1366571686,0.1255730178,0.4031607479,0.171503382,0.8357467909,0.000838768,0.0003966267,0.365,0.317,55.1052137841756,8.09084488100991
"34013",0.1154017517,0.0008351015,8.1406929487,5519,0.1426768949,0.0444642857,10995.93,7.6,0.2091890503,3.8554428554,3.6042686168,0.1538822175,0.1238631782,0.1150126223,0.4413243905,0.1523420662,0.9967575249,0.001833322,0.0005973041,0.293,0.294,36.3830507375156,5.90444937683111
"34015",0.0550619641,0.0005407144,8.5898304621,5981,0.0663319531,0.0251901001,11385.85,8.2,0.1550610624,3.7806235169,4.2748116414,0.2038444094,0.1100411158,0.1173497654,0.3736374472,0.1621780067,0.8240578866,0.0009407177,0.0004275989,0.329,0.294,33.5637894659933,11.5304174696099
"34017",0.1324852648,0.0005118247,4.9736641591,5928,0.1596002215,0.042396494,11212.56,8.7,0.2074318855,3.9229950402,3.5975614658,0.1688688787,0.1270748515,0.112054836,0.4102036875,0.1564503491,0.9999858104,0.0005295118,0.0002182946,0.24,0.286,22.5841001091565,7.0392000340228
"34019",0.048940934,0.0012074301,10.235169,3644,0.056113307,0.0291469728,10091.27,9.5,0.1058463246,2.7242816151,3.3810014682,0.190197534,0.0816701576,0.0974832636,0.3350756871,0.1314844144,0.8890525053,0.0021575925,0.0006256216,0.223,0.183,56.6165218761433,11.2164807490473
"34021",0.0968296277,0.0010087182,11.288037082,4746,0.119749011,0.0344451372,10665.94,8.4,0.1452536615,3.738151574,3.7492133151,0.178762346,0.1111645753,0.111531967,0.3656854043,0.129248362,0.9857794949,0.002913566,0.0006199077,0.275,0.258,45.2684598952819,7.61944374475043
"34023",0.0846902944,0.0009231156,6.6445340402,4227,0.1022509037,0.0363661099,10725.94,8.8,0.1581190581,3.2572650472,3.4602777604,0.1680767961,0.0951382436,0.0972582924,0.3967185181,0.123478238,0.953581986,0.001594843,0.0004539628,0.257,0.259,36.8591097389339,7.92968955464632
"34025",0.0683774202,0.0011638841,9.0843632404,4289,0.082575131,0.0297633311,10988.28,8.8,0.1287183322,3.3049375619,3.4346561952,0.2031932456,0.0998283268,0.1026828148,0.3705018927,0.1412604187,0.9309575177,0.0022241893,0.0005911998,0.276,0.238,57.0040527319513,8.96692964322829
"34027",0.0592751687,0.0010266304,10.866672137,2916,0.0722369379,0.0247775028,10408.71,9.3,0.1110118884,2.9249624665,3.3097125301,0.1800884218,0.086460764,0.0961605885,0.3331275098,0.1198659497,0.9506740121,0.0023875303,0.0006520566,0.222,0.21,52.6688216657822,7.37095468605094
"34029",0.0758250495,0.0004398413,7.2582169203,4246,0.0972952046,0.0281768936,11463.58,8.2,0.1423628987,3.7140523324,3.8352473326,0.1768553344,0.1111159333,0.115808655,0.356521589,0.1382636561,0.8640296791,0.0013080235,0.000378061,0.283,0.303,52.3410920539191,8.59331362079269
"34031",0.1316513826,0.0005676864,7.2570214609,4219,0.1667236982,0.0427804092,10854.08,8.7,0.2128491951,3.7800192316,3.6498549534,0.1672663454,0.1194862602,0.1170123647,0.3740155376,0.160284688,0.9729742671,0.0010434201,0.0003563378,0.266,0.279,40.6204761323532,6.49665127157184
"34033",0.0760361852,0.0003344375,12.581220538,7580,0.0903807188,0.036939314,11907.78,8,0.177793881,4.0651187973,3.9811994215,0.1678239719,0.122542808,0.1192095377,0.3818876846,0.1714674044,0.7765839929,0.0009931269,0.0002206949,0.39,0.326,54.0154102788148,10.5912569174147
"34035",0.0569264298,0.0011596985,9.6293734647,3398,0.0676280907,0.0282016366,9730.13,9.3,0.1114323697,2.7903516855,3.1318518497,0.1834604684,0.0841345628,0.0922853685,0.3708831644,0.1100704954,0.9616440558,0.0024719027,0.0004164782,0.235,0.208,50.582447890582,7.59736371479097
"34037",0.0612537303,0.0004940642,8.6108327099,3533,0.0720736833,0.0293127352,10471.87,9,0.1178087079,3.2477773334,3.6543086523,0.2022456196,0.0923407967,0.1045136467,0.4029928186,0.1428715475,0.9517368439,0.0013752263,0.0002034774,0.266,0.252,41.4114723896067,10.5881605541608
"34039",0.1129764784,0.0006632476,8.4945344144,4149,0.1397201199,0.0426434701,9753.11,8.9,0.1688837087,3.5670297621,3.3410052623,0.1648853552,0.1123825289,0.1078340189,0.3917850247,0.1325296382,0.994346681,0.0016953728,0.0004139445,0.255,0.262,34.3945984385925,6.91468530134616
"34041",0.0721885892,0.0005898987,9.5507406506,4509,0.0840577508,0.0377624224,11061.45,8.6,0.1489936978,3.671972497,3.6788515525,0.1888142015,0.1066392473,0.1076561198,0.369609744,0.1606490908,0.9693261694,0.0016413893,0.0002907604,0.321,0.276,41.6674498894089,14.4112984579911
"35001",0.0965817513,0.001031365,7.9347137076,2420,0.1178869188,0.0423342493,8492.13,7.3,0.1854272836,3.9175792095,3.9677395556,0.1630258407,0.124625925,0.1212881669,0.3114990321,0.1397217682,0.902652423,0.0042218588,0.0010916563,0.238,0.153,47.5785846182913,23.5186798837055
"35003",0.1004694836,0.0008363535,8.3635349875,2616,0.1021854696,0.0922746781,6771.05,3.2,0.1641623098,4.0289167975,3.989976216,0.1318953557,0.1225038768,0.1249450926,0.2745848757,0.13453641,0.7358389262,0.0008551881,0,0.257,0.238,9.3694368968425,9.3694368968425
"35005",0.1178955308,0.0006783215,9.2498381278,4418,0.1451115395,0.0621424121,10221.88,6.8,0.2248424331,4.3443057164,4.1498261414,0.1655868952,0.1375425265,0.1321970828,0.3388028679,0.1769900738,0.7132607205,0.0011029074,0.0005667719,0.335,0.258,24.1227282292378,16.9372347141457
"35006",0.1260100134,0.000521357,4.8411723085,3336,0.1603135788,0.0541357931,8335.25,5,0.2400524177,5.1561910382,4.6420062242,0.1606071702,0.1653725057,0.1562638154,0.3416381444,0.2195185397,0.6626612281,0.0031651326,0.0010550442,0.338,0.293,38.2310139851516,19.7321362504008
"35007",0.0912753223,0.0004107114,15.607031378,2815,0.104978355,0.0540308748,8245.47,5.1,0.2190166993,4.6475267913,4.1820063403,0.1386934295,0.143135358,0.1311377487,0.3217458407,0.1554785703,0.7807272727,0.0088957806,0.000979352,0.277,0.282,71.1607411664888,46.5281769165504
"35009",0.096027511,0.0004818116,11.844535453,3177,0.1213898607,0.0426668618,10392.9,6,0.2136446776,4.4945511699,4.0975113866,0.1909305837,0.1408791157,0.1319202633,0.3189536381,0.2057781593,0.78334298,0.0058074781,0.0007358791,0.316,0.293,27.4194303446154,20.0629978131332
"35011",0.1326762699,0.0005467469,27.33734281,3143,0.1520086862,0.0904761905,9595.59,7.1,0.2095859706,4.4830232558,4.1908251424,0.1409511143,0.1384242827,0.13223735,0.3021481319,0.1539029682,0.8555885262,0.0089235917,0.001115449,0.354,0.275,0,0
"35013",0.1154159132,0.0006215819,6.0766586727,3781,0.1429177812,0.0534015697,9807.63,6.1,0.2323837867,4.5549020139,3.9410034675,0.1734609067,0.148351046,0.1299719597,0.3129768814,0.1490095813,0.7842548738,0.002716998,0.0006442366,0.264,0.161,48.3541065458792,15.9120542307526
"35015",0.0884847984,0.0003333509,9.4741828517,3387,0.1069003679,0.050369715,9779.29,7.1,0.1735395679,3.9520522979,3.8912665562,0.1900567506,0.1205012225,0.1141406467,0.324101285,0.1529820609,0.7144476026,0.0011974801,0.0006768366,0.365,0.251,41.1551258419411,31.3010816262651
"35017",0.0772486772,0.0008307148,8.6683280962,2470,0.0914189568,0.0444067797,7048.46,6.5,0.2139156302,4.2426004552,3.7989403496,0.1489801793,0.1307457245,0.1231896274,0.3145584575,0.1402566468,0.7854238666,0.004950495,0.0009547383,0.294,0.194,102.024894074154,36.0087861438191
"35019",0.0825258938,0.0004515692,6.7735380447,5961,0.0995192308,0.0449320794,7194.93,7.5,0.2392323378,4.2357660403,3.7170085927,0.1563950133,0.137382383,0.1184983239,0.3107774357,0.1473310207,0.6810326435,0.0157678245,0.0015996344,0.396,0.289,45.6412596987677,45.6412596987677
"35021",0.0919037199,0,0,3658,0.0876712329,0.0970873786,7048.92,4,0.1916445714,3.9451100476,3.7473348906,0.1371088371,0.1214822691,0.1165958144,0.2916717883,0.1263399509,0.0676258993,0,0.0015037594,0.281,0.299,49.7017892644135,0
"35023",0.1004842615,0,6.968641115,3533,0.1183255019,0.0600393701,7274.64,6.5,0.2404157767,4.5725110323,4.0896197098,0.1471179709,0.1446137571,0.1310530064,0.3166133306,0.1581221807,0.4711892113,0.0016271502,0.0011622501,0.265,0.227,38.9195921226746,77.8391842453491
"35025",0.1199358,0.0003490452,10.616791984,4937,0.1541946005,0.0589765023,10316.95,7.8,0.208735166,4.1194849028,3.6623521863,0.1774048531,0.1253383508,0.114939667,0.3012773029,0.1487734835,0.8300863627,0.0011469698,0.0006595077,0.335,0.282,14.4148299770804,16.3368073073578
"35027",0.128113879,0.0006702758,15.983500902,3392,0.1450210105,0.0818083961,8198.67,6.3,0.1663317902,3.891689337,3.9282703398,0.1518238629,0.1212908027,0.1240277188,0.2716526447,0.1627946133,0.9204273796,0.0053013536,0.0005146945,0.238,0.219,30.8324768756423,35.9712230215827
"35028",0.0300650229,0.0014942897,17.077596328,1659,0.0336694274,0.0227126634,6758.29,7.9,0.0979986488,2.8068965169,3.1250221949,0.1837877526,0.0812186267,0.0921254312,0.2718868634,0.0999675654,0.991643454,0.0020389045,0.001047005,0.234,0.111,39.2955381702568,41.0816989961776
"35029",0.1290955678,0.0003737852,6.2297533018,3968,0.1677181483,0.0545736434,8991.3,5.3,0.2767241446,4.9650230574,4.2684316745,0.1377311888,0.1637881076,0.1422957272,0.3067014789,0.1873843871,0.701733413,0.0013496933,0.0006543967,0.347,0.326,56.558745223545,34.4870397704543
"35031",0.1738028481,0.0007855135,5.5123752825,5322,0.2274266366,0.0659396516,8849.45,2.2,0.261603267,5.7935825504,5.3754180085,0.1494174054,0.197772519,0.1918701266,0.3641623178,0.2183017376,0.4344681922,0.0015349092,0.0005739226,0.383,0.264,59.6058732260428,28.6654199484022
"35033",0.0995723885,0,0,1771,0.1079223929,0.075669383,5522.04,7.1,0.3473818674,5.5539004013,4.6418974068,0.1067369041,0.1928934544,0.1622318606,0.3318254342,0.1910567107,0.2817045687,0.0008880995,0.0008880995,0.271,0.218,7.37408745667724,7.37408745667724
"35035",0.1073971142,0.000425422,8.3565036389,2826,0.1307914284,0.0531626411,9413.33,6,0.204127965,4.4863656827,4.2880025045,0.1708165895,0.1385777421,0.1342596545,0.3417117651,0.1756027044,0.5402761885,0.0025225501,0.00067268,0.313,0.231,37.3722273847521,34.3420467859884
"35037",0.0923603193,0.0003611847,15.651336383,1903,0.1103526735,0.0492072171,9188.04,6.9,0.2101396935,4.5919771677,4.1028494874,0.143268661,0.1408350752,0.1310687885,0.3211878873,0.1568628144,0.7003650039,0.0141063957,0.0008368201,0.273,0.274,68.207350345049,52.1585620285668
"35039",0.1151805851,0.0004085906,6.1288592661,3574,0.1401191169,0.0572732932,7740.32,6.2,0.2697536782,4.6446620486,4.2907926412,0.1457781289,0.1465621635,0.1383376697,0.3244237679,0.1648232084,0.7546091537,0.0045204795,0.0009490509,0.288,0.202,53.2972378494988,17.7657459498329
"35041",0.1346128392,0.0003714119,11.672945296,6353,0.1635753565,0.0675296656,10648.75,6,0.2135110759,4.6676129946,4.2329197883,0.1628850187,0.1485616568,0.1396331762,0.3095767764,0.1750289029,0.8035372367,0.002567865,0.0006288649,0.311,0.296,10.5872388481084,21.1744776962168
"35043",0.0968764569,0.0006104963,4.7015234339,2807,0.1159346272,0.0529428251,8314.11,6.9,0.1695142531,4.1680299357,3.9126239616,0.1692544787,0.1238995533,0.1207199604,0.3068807234,0.1515314441,0.8577998039,0.0031050871,0.0004435839,0.284,0.15,46.3101945260885,16.7554472657204
"35045",0.1398548169,0.0005593811,6.8543875959,3442,0.1724750488,0.0733335203,9111.16,5.5,0.1933435401,4.6096899073,4.4595888369,0.1421984764,0.1400012822,0.1435409969,0.331780517,0.1847455826,0.5498369783,0.0022332485,0.0007212437,0.346,0.226,59.3927769665003,30.7861642074061
"35047",0.089100346,0.0005766181,5.7661813464,3900,0.1019617802,0.0534309241,7981.18,5.5,0.2936428982,4.8962348743,4.2521898952,0.1450364595,0.1599931302,0.1393137077,0.3537332616,0.1663895392,0.6690368455,0.0099063401,0.0008285303,0.313,0.243,46.9319727072528,26.4744461425529
"35049",0.1328054642,0.0011226891,9.3445378151,1965,0.1539994106,0.0731302514,7166.64,7.4,0.1463612975,3.8840927249,3.7672714401,0.1645227594,0.1167580212,0.1173380382,0.2631076895,0.1264645121,0.7707290005,0.0066195317,0.0009418033,0.161,0.127,45.3674878256458,28.1591303745388
"35051",0.0977796755,0.0003598417,11.694854264,3203,0.112945591,0.0521592821,9483.25,5.3,0.2175894337,4.7351793369,4.4689129922,0.1339348453,0.1461181192,0.1359290325,0.3099573028,0.1520672053,0.8676176176,0.0018765079,0.0010722902,0.29,0.261,174.305033809166,36.0631104432757
"35053",0.1231109754,0.0004167163,4.1671627575,2517,0.1496071353,0.0593677718,7609.77,5.7,0.2514305652,4.8485643534,4.3672525103,0.1599016822,0.1538686364,0.1443193973,0.3157598475,0.2041549601,0.6192768387,0.0015269866,0.0005285723,0.313,0.231,55.379746835443,27.6898734177215
"35055",0.1263890032,0.0008842811,10.672358591,2405,0.1472034585,0.0639856724,6730.76,6.1,0.2259087709,4.6169212715,4.2487087834,0.1402648673,0.145538544,0.1348873942,0.3090263446,0.1485465344,0.8278531742,0.0075306215,0.0010887646,0.163,0.123,73.9652464663863,35.4627894016921
"35057",0.1037372787,6.44912e-05,5.8042048239,1745,0.1198678622,0.0637554585,7272.31,5.5,0.2341819794,4.8135814825,4.2596266957,0.1466258591,0.1518289453,0.1402056905,0.3116876497,0.1817785726,0.3315021669,0.0014377206,0.0004574565,0.34,0.254,25.8626263497058,32.3282829371323
"35059",0.1134515891,0.0002388345,14.330069262,3248,0.1226073461,0.0938271605,9552.72,7,0.1979900772,4.1501127085,3.7462209447,0.1733908337,0.1276362593,0.1188702435,0.3180992215,0.1546280571,0.7599472412,0.0090843892,0.0004781257,0.335,0.252,8.00768737988469,8.00768737988469
"35061",0.1087908497,0.000316039,5.5306821175,2327,0.1336930318,0.0510941095,8245.3,6.1,0.2210244381,4.5107136838,4.0837380177,0.1537521374,0.1391657403,0.1276811447,0.3422125796,0.1613197511,0.4655931252,0.0021950123,0.0004760268,0.341,0.25,30.260238047206,21.4891545552622
"36001",0.0440093817,0.001004483,14.695812824,4274,0.0511801637,0.0214550225,9758.28,8,0.134795327,3.3016227846,3.7922725925,0.2002800511,0.1006232103,0.1098325736,0.3383188589,0.151485541,0.9227261969,0.0031536753,0.0015671241,0.278,0.197,53.9124328120358,9.9397671717581
"36003",0.0585377276,0.0004264938,15.780270397,5268,0.0690819896,0.0310148465,9705.15,8.1,0.1490841487,4.0092399707,4.3331262791,0.2127208539,0.1225642437,0.128204008,0.358354288,0.2091304657,0.5654394639,0.0019117616,0.0006372539,0.366,0.278,53.4184229457055,17.0938953426258
"36005",0.0890274368,0.0005655401,2.6237798744,5421,0.1143725058,0.024518968,10873.66,7.7,0.268376738,4.8556322572,4.29356554,0.1612697488,0.1586715531,0.1446605941,0.398962651,0.1617293686,1,0.001794988,0.0009727145,0.285,0.299,27.2538823017693,5.55171676517523
"36007",0.0533783014,0.0008211156,11.671202599,4163,0.063972015,0.0222831237,9502.87,8,0.1720023675,3.973344473,4.0305174598,0.2143851365,0.1208515324,0.1220310455,0.353311591,0.199102178,0.8888983051,0.0018685943,0.0015870253,0.301,0.227,67.1681891456206,12.2280549470232
"36009",0.0648280157,0.000465429,15.126441537,5371,0.0786867454,0.0295608108,10191.49,8.1,0.1852914104,4.4109154195,4.5792004185,0.2111924223,0.1347084994,0.1358292158,0.3761178281,0.2339152383,0.6293312748,0.0011071488,0.0007595556,0.389,0.285,45.7162573048972,16.820132404632
"36011",0.0506181089,0.0002706081,10.180018814,5932,0.0582927592,0.0283901765,9621.19,8.6,0.1365135938,3.6199655797,3.7392963573,0.2306191682,0.1136474499,0.1135802664,0.3483332902,0.2036139907,0.7898932847,0.0016311119,0.0008219776,0.338,0.251,42.5606919766647,10.3177435094945
"36013",0.0527599202,0.0005346931,17.125676115,3728,0.0629895606,0.0242542823,9544.32,7.8,0.1808941004,4.293203947,4.0983210063,0.1959319831,0.1310013988,0.1295630738,0.377260734,0.2368754153,0.8063377933,0.001405362,0.0008185075,0.34,0.27,90.0413724582071,14.7481558336719
"36015",0.0417586739,0.0007597274,11.220589782,5214,0.0510616153,0.0179190751,10576.15,7.8,0.1609387713,4.0994167007,4.1832517641,0.1849460376,0.1218363633,0.1245577751,0.3654554528,0.2063333951,0.8204435438,0.002502259,0.0011352842,0.351,0.296,88.2354089476951,13.6647757219882
"36017",0.0509434957,0.0003760734,11.073271629,4060,0.0607412127,0.0231739513,8436.85,8.5,0.1621190431,3.7623042381,3.9956941264,0.1949987146,0.1174645491,0.1212049788,0.3190623459,0.1887345097,0.7356221646,0.0018732374,0.0009057412,0.393,0.242,55.5640445067996,17.3637639083749
"36019",0.0538578011,0.0006915288,7.779698691,5515,0.0628742515,0.0254802297,10215.99,7.6,0.1534303918,3.9243219396,4.0734343361,0.2250698054,0.1174147701,0.1233315088,0.3760132226,0.2068701605,0.7294467173,0.0021215448,0.0008634194,0.357,0.275,39.9591345757741,11.5345955476461
"36021",0.0604193429,0.0004950168,10.395353442,4671,0.0689616474,0.0320359831,10055.1,8.5,0.115852845,3.5179071587,3.5442890729,0.1999916887,0.1064977435,0.1092419129,0.3165493727,0.1781327918,0.7439298846,0.0016068471,0.000655856,0.265,0.221,60.0521186277264,17.6299797806169
"36023",0.0422957432,0.0004185326,10.672581928,4504,0.0495900603,0.0209951711,9861.12,8.1,0.1605198127,3.6486418359,4.1050019476,0.2115396771,0.1126313478,0.1216462992,0.3219314063,0.1848716208,0.8757904978,0.0030372374,0.0009361348,0.344,0.253,96.7434350183395,12.5279268369073
"36025",0.0661934887,0.0003111042,14.22190618,3573,0.0774371698,0.0295011395,10097.18,8.5,0.1498064234,3.6445014806,3.822280759,0.1997136476,0.1158584272,0.1196036651,0.3200070077,0.1946928172,0.6115047937,0.0010983459,0.0008567098,0.315,0.263,57.0154978489608,19.9924472976875
"36027",0.053434454,0.0006834299,7.3417961349,4084,0.0621359334,0.0273702317,10084.18,8.6,0.1337707659,3.307593443,3.8895335938,0.1822153379,0.0997748425,0.1128392081,0.3495494284,0.1549170228,0.8512276125,0.0025469228,0.000957643,0.279,0.203,42.5455356041636,13.2389033661892
"36029",0.0449009631,0.0007995436,10.113146226,3944,0.0529867941,0.0215492375,9384.07,7.8,0.1590209225,3.8489376241,4.0485100109,0.2159570959,0.1152365348,0.120130326,0.3648496291,0.177520262,0.9604663562,0.0024711035,0.0013582384,0.295,0.237,97.3143481185833,11.4232295711264
"36031",0.052979893,0.0004215407,14.490462641,3563,0.0610298203,0.0255576208,9440.03,8.7,0.1340950164,3.5674617109,3.6512464906,0.2214824578,0.1071401334,0.1090468851,0.3354936332,0.1671410504,1,0.0014434938,0.0006561335,0.296,0.229,72.3371971982569,8.82160941442157
"36033",0.0738238512,0.0005869004,9.5860395962,3532,0.0860602459,0.0405765623,9310.07,7.5,0.1509977126,3.9613194867,4.1883409499,0.2028106306,0.1237624726,0.1249809389,0.3570385026,0.229049751,0.6703036881,0.0024995537,0.0011307505,0.39,0.26,38.2036385672318,13.8323518950322
"36035",0.0567946119,0.0003897767,8.3523581491,5417,0.0673965635,0.0254448399,10286.63,8.2,0.1657626746,4.1935421449,4.1001306899,0.2042333693,0.1252447726,0.1251152399,0.3618822874,0.2103836852,0.8090075814,0.0011703946,0.00072453,0.355,0.275,57.0379922626724,13.0195417121317
"36037",0.0482538857,0.0003105804,12.250672924,3895,0.0576605305,0.0217020239,9841.97,8.6,0.1670799334,3.9901399276,4.3216719,0.1840566806,0.1191771549,0.1219060648,0.3614139059,0.2038222999,0.6141247358,0.001350843,0.0006668719,0.341,0.31,109.227417231487,12.072504009796
"36039",0.0564513794,0.0003581209,9.4796713714,4523,0.0644704479,0.0297794118,10081.97,8.2,0.1640831806,3.8888620626,3.7242417974,0.2012145259,0.1198301307,0.1146469336,0.3340061025,0.1750188925,0.8427500457,0.0007577671,0.000968258,0.313,0.259,51.2392169524598,15.441955793892
"36041",0.0672430355,0.0002229654,20.066889632,2669,0.0741035857,0.0368663594,8403.74,7.7,0.1178317938,3.2431758708,3.3048935983,0.2135783928,0.0997748942,0.1073764097,0.2693818331,0.1423264355,1,0.0004403347,0.000660502,0.297,0.207,44.5732114998886,59.4309486665181
"36043",0.0492905917,0.0003213368,10.925449871,4994,0.0584934347,0.0238610096,9970.98,7.9,0.141529368,3.7539091691,4.1254924603,0.1985932589,0.1156865731,0.1231848082,0.3728956688,0.2010950305,0.7721911375,0.0004471915,0.0003992781,0.338,0.265,78.741844594667,13.391470169161
"36045",0.0467223943,0.0005079387,10.946955433,4791,0.057264358,0.021711092,9554.52,7.7,0.174705054,3.9701314663,3.8883416732,0.2310468815,0.1230289915,0.1187418712,0.3742712847,0.1919476057,0.5809393525,0.0017542936,0.0016928934,0.36,0.251,34.7111911233483,13.2373186487345
"36047",0.0796616159,0.0006436948,5.0476239735,4793,0.0987920082,0.0260373334,11649.07,7.5,0.1767601841,3.5717395402,3.8980065348,0.193692145,0.1131031251,0.1196039736,0.4124733149,0.1461599902,0.9998359085,0.0018789343,0.0006017154,0.238,0.24,18.8658818985616,5.31755808064649
"36049",0.0581709833,0.0006402772,16.571880532,5410,0.0685061245,0.0314385519,9377.19,8,0.1321947531,3.4662603859,3.6105799985,0.2039004034,0.109449275,0.114298859,0.338838452,0.1692325132,0.5851884668,0.0021589429,0.0004466778,0.364,0.282,47.5814832901344,12.521442971088
"36051",0.0441526692,0.0004232041,13.009608301,5611,0.05137893,0.0218873643,9759.51,8.2,0.1439137315,3.8484103118,3.974706267,0.204028872,0.115827548,0.1202812758,0.3217814664,0.1705980231,0.7411955408,0.0008559379,0.0004668752,0.37,0.244,43.3912057004543,14.6379971037677
"36053",0.0498426313,0.0005636581,9.0185302614,4447,0.0576824034,0.0273391304,8689.92,8.7,0.1280213285,3.240613508,3.9683254809,0.2084886298,0.0976632952,0.1170228484,0.3560737257,0.1815902254,0.5927806977,0.0015842084,0.0008271531,0.314,0.226,59.59951006387,9.85503709717536
"36055",0.046771624,0.0010312422,8.9615083155,4800,0.0558272626,0.0215964756,10257.53,7.9,0.1464245027,3.6301757267,4.0957587576,0.1924088009,0.1109847215,0.1215491361,0.3286012233,0.1638627646,0.9491149254,0.0022855935,0.0017760493,0.309,0.207,94.3319080024827,10.1883822949152
"36057",0.0619339907,0.000527833,8.526533761,6304,0.0732359168,0.0327086587,10306.73,7.8,0.1617757453,4.2986122483,4.1061327879,0.1953987615,0.1318207734,0.129904017,0.36410662,0.204441061,0.6588741313,0.0007508726,0.0008320481,0.352,0.294,73.65412294157,11.4873402752907
"36059",0.0532768102,0.0013968459,7.9882352426,3588,0.0629388651,0.0273820648,11060.3,9.7,0.1225295812,3.123028289,3.4751114587,0.1792084036,0.0932124406,0.0997987298,0.380498356,0.1074407842,0.9888692469,0.0027410944,0.0012133676,0.242,0.204,30.0047171230098,6.82258849007313
"36061",0.0615572813,0.0013269443,12.878988567,3082,0.0681317953,0.0320678618,10077.18,8.3,0.1453223693,3.3562813887,3.5617131885,0.2651778598,0.1034308619,0.1103755103,0.3384115737,0.1326867152,1,0.0076417474,0.0018950755,0.156,0.168,32.6908454695228,8.00054768306165
"36063",0.0509181773,0.0004400742,10.64695639,5233,0.0609853341,0.02127756,9613.48,8.1,0.1584632411,4.4293665892,3.988417072,0.1813563377,0.1317460438,0.120016106,0.3883881746,0.2154864701,0.8437836365,0.0010247547,0.0004344582,0.321,0.278,82.7125942552631,14.2063616087284
"36065",0.0566955549,0.0007175834,11.196029948,4718,0.0679041156,0.0271172381,9562.14,8,0.1568220777,3.994323705,3.980589513,0.2031446137,0.1213414066,0.1187195733,0.3456283407,0.1653292026,0.8458816918,0.0014663264,0.0011981487,0.334,0.248,67.7648717885736,10.6921119666406
"36067",0.0503381197,0.0009432787,10.67903171,4465,0.0593400246,0.0258385213,9056.84,8.1,0.1409191089,3.5539482334,3.77348891,0.2150588921,0.1075488839,0.1133441633,0.3437312705,0.1702116357,0.9508742554,0.00216219,0.0018211303,0.315,0.213,73.273953441974,10.4061931920531
"36069",0.0441789803,0.0008007352,9.6452197017,4490,0.0532839214,0.0194739075,9213.44,8.5,0.1346996489,3.2318677354,3.7033101051,0.2128203715,0.0965958804,0.1094886736,0.3237474061,0.1783268579,0.8064874781,0.0019393961,0.0010744073,0.316,0.214,94.0559663340322,14.2600981216113
"36071",0.056627221,0.0007116209,7.4039965884,4559,0.0708504087,0.0244061114,10530.93,8.7,0.1609237728,3.9136237103,3.8149173904,0.1773600507,0.1158657675,0.1119360732,0.3639284793,0.1513197744,0.8764635353,0.0020911896,0.0007410142,0.287,0.264,28.2494028705941,8.39610735472766
"36073",0.0555326896,7.32011e-05,11.956176951,5081,0.0657150097,0.0262127861,10664.71,8,0.1776824211,3.8340929656,4.3770293711,0.1921407002,0.1141682674,0.1302547061,0.3630821492,0.215646757,0.6960333932,0.0004595366,0.0002902336,0.369,0.323,62.6316688492854,11.3875761544155
"36075",0.0526951644,0.0004051385,9.4532318236,4525,0.0632032796,0.0233135498,9948.77,8,0.1613606362,4.0199516454,4.0800816728,0.2360982641,0.1213842869,0.1246242044,0.3406897496,0.2172052696,0.679892555,0.0012186205,0.0007311723,0.366,0.256,66.973770482577,15.477131834209
"36077",0.0519099149,0.0011482012,12.147635371,4081,0.0589732962,0.0279456942,9808.46,7.8,0.1476506694,3.5788994344,3.9319595529,0.203582601,0.1106595059,0.119463414,0.3426800374,0.1697289201,0.6732520599,0.0016972561,0.0025791637,0.287,0.226,74.4692675336223,12.2262976547738
"36079",0.0491064359,0.0004933399,7.4504394752,4041,0.0572077587,0.0253919084,10524.75,9.3,0.1138392841,3.1260601582,3.5154728542,0.2374882899,0.0921890806,0.0990090982,0.2977340898,0.1540288645,0.8536355431,0.0028412538,0.0005257836,0.234,0.194,18.8479208387325,10.097100449321
"36081",0.1019114436,0.0006219839,4.6426200149,4174,0.1238175019,0.0316549059,10887.54,8.7,0.184805006,3.3940346203,3.3236822246,0.172198916,0.1013004341,0.1005285846,0.3918779715,0.123078644,0.9702831639,0.0014024536,0.0005563523,0.244,0.279,19.4532935889347,6.55616162989908
"36083",0.0453499988,0.0004883485,8.3269681071,4071,0.0537876856,0.0198517976,10027.63,8.2,0.142048274,3.6445374768,3.9176330997,0.2202032143,0.1077562151,0.1126659987,0.3620980856,0.1671435302,0.6864058609,0.0014868495,0.0006871994,0.299,0.213,50.4972518644337,11.4766481510076
"36085",0.0493528375,0.0009719308,4.1296630779,4058,0.0591177747,0.0224569347,11202.01,9.1,0.1772890061,3.7798806702,4.1899943151,0.1898179146,0.113118564,0.1165922002,0.4259454629,0.1564606067,0.9990762273,0.002027247,0.0009222398,0.292,0.255,20.8151142875503,7.33418456440532
"36087",0.0596700098,0.0008878942,10.612160502,3387,0.0772332102,0.0252197374,10889.26,8.7,0.1408907799,3.4513614893,3.3751460302,0.1598332852,0.1063666504,0.1068252143,0.3479569685,0.1170475495,0.9480921566,0.002481792,0.0004957464,0.231,0.24,27.1057112548823,7.33688424944184
"36089",0.0632372296,0.0005382082,10.034390593,5599,0.073035523,0.037395879,9550.38,7.6,0.1712841074,4.3167130575,4.1375952226,0.2064263335,0.1293685988,0.1260693927,0.3809876289,0.1847193943,0.5796737655,0.0017539395,0.0009633036,0.358,0.284,37.2282641864099,10.0699403127174
"36091",0.0377282485,0.0006655965,7.656534809,4272,0.0441859808,0.019468884,9748.8,8.9,0.1116044639,3.3156578539,3.6409576881,0.2210928527,0.0974706855,0.1046857709,0.3266111284,0.1553191297,0.920234783,0.0014886392,0.0007267026,0.276,0.182,43.5171776417765,11.6433920111777
"36093",0.0484153126,0.0008228072,7.9066628098,3964,0.0585082007,0.0207651215,8881.71,8.2,0.1432455321,3.7722009296,4.0838628614,0.2161165592,0.1115987148,0.1186631103,0.3634108217,0.1649913375,0.9552372889,0.0019928439,0.0009770111,0.313,0.214,59.9396736188095,10.0973643730611
"36095",0.0522257721,0.0002546149,6.683640993,3831,0.0599456552,0.0279029463,8779.75,8.1,0.1428223179,3.7138772164,3.7741833629,0.1943816789,0.1137553284,0.1170668895,0.3400545019,0.1776226101,0.4172035787,0.0011176039,0.0002873838,0.357,0.255,41.5627597672485,12.7885414668457
"36097",0.05261675,0.0006111111,8.3333333333,5738,0.0615270571,0.0257831993,10012.65,8.3,0.1688335105,3.8136962796,4.0584447718,0.1960461763,0.1123392565,0.12418035,0.351313919,0.1745948645,0.6671209726,0.0016022985,0.0006077684,0.32,0.263,35.1780192923664,25.9206457943752
"36099",0.0628055219,0.0002318975,11.305003189,5007,0.0731926596,0.0339079641,9990.29,8.2,0.1518662166,3.654691523,3.8936655563,0.1915775477,0.1122717659,0.1171980363,0.3523776398,0.175538571,0.7257666449,0.0016677689,0.0005750927,0.383,0.299,78.2041998551774,16.413227130099
"36101",0.0608878341,0.0006024034,11.528754375,4316,0.0718235949,0.0312601156,9100.17,8.3,0.1623867605,4.024397678,3.9834655515,0.192147483,0.120050723,0.1201750472,0.3485211222,0.1945151303,0.5723810486,0.0016092428,0.000876831,0.346,0.261,56.3980665497185,15.9160187809022
"36103",0.0544692073,0.0007347854,6.7450214441,4339,0.0661033209,0.0223427704,11614.56,9.3,0.1415251996,3.3442784201,3.2932651869,0.1942523063,0.0974949216,0.0987602006,0.3560810274,0.1503843029,0.9268396558,0.0024326955,0.0008113452,0.261,0.217,39.2913761138433,8.84335815667699
"36105",0.0653538669,0.000357687,10.200702126,3990,0.0777266934,0.0316432498,9714.22,8.3,0.1903673516,4.4355210564,4.056718049,0.1846745334,0.1368133194,0.1218029253,0.3667478259,0.1819901996,0.5994429185,0.0018315263,0.0003475889,0.358,0.293,30.1172802324345,13.729936576551
"36107",0.0474095797,0.0002881963,11.939561118,4298,0.0566990562,0.0221498371,9656.71,8.6,0.1509722183,3.9402630555,3.8150597991,0.1944232365,0.1167342458,0.114463779,0.3551842222,0.1690240396,0.650797066,0.0013740771,0.0004716981,0.322,0.25,44.551673086677,13.0227967484133
"36109",0.0534670008,0.0008396786,10.209728822,3065,0.0600804264,0.0284613473,7832.51,7.7,0.1488660186,3.5878322139,3.8451245165,0.2095261471,0.1084608284,0.1158221956,0.318031075,0.1498778564,0.8706726793,0.0031944007,0.0010584432,0.23,0.146,51.2055711661429,13.1214276113241
"36111",0.0679615146,0.0007189954,9.6980776627,4957,0.0783342198,0.033868465,10054.18,8.1,0.1385539251,3.7581030621,4.0773632933,0.2344221817,0.1115579327,0.1183549688,0.3355857925,0.1581239014,0.8667126958,0.0031803599,0.0004798438,0.293,0.204,44.1142801833814,13.4018066379893
"36113",0.0520973753,0.0012087027,12.55191223,3878,0.0609815919,0.0239458196,8598.68,8.5,0.1122265823,3.6460024105,3.4855416145,0.2219146525,0.1071058307,0.1085969613,0.3083006971,0.1818003895,0.9789367952,0.0034537767,0.0021218269,0.301,0.217,84.2969735835005,11.3775056370369
"36115",0.0554770094,0.0003245699,9.5748133723,4576,0.0654263046,0.0256934784,9473.43,8.4,0.1427603234,3.8514663469,3.956991059,0.196009071,0.1169220873,0.1178616781,0.3609666163,0.1902260533,0.6621899519,0.0012621359,0.0004854369,0.35,0.26,64.9994312549765,10.8332385424961
"36117",0.0478099521,0.0002867542,10.808426161,5625,0.0566411262,0.0238540232,11053.64,8.6,0.1627591731,4.0972604773,4.3044311771,0.187829063,0.1214819407,0.1241214876,0.3619293679,0.2144009117,0.6306466749,0.0008920901,0.0004295249,0.373,0.306,72.1830207857637,11.0484215488414
"36119",0.0692933903,0.0013731275,8.3754657004,3870,0.083573541,0.0319390231,10466.4,9.1,0.1428114462,3.2399493657,3.3571754269,0.1923574006,0.0993364642,0.1017617943,0.3310176383,0.1137975489,0.9960099588,0.0034980534,0.0007121294,0.216,0.194,37.7429768293025,7.56228275546315
"36121",0.0453308555,0.0003704344,15.064332107,5306,0.0530487535,0.0232907588,9106.09,8.2,0.1619844868,3.8633697677,3.838935031,0.1944823689,0.112008483,0.1163045325,0.361516556,0.2192639025,0.6828608706,0.0017896105,0.0004903042,0.379,0.262,56.8514200496008,17.3026061020524
"36123",0.0838794926,0.0004407934,12.823081547,3852,0.0942061035,0.0575221239,8534.91,8.8,0.1286833015,3.3777233365,3.798333389,0.19002053,0.1082011861,0.1196454145,0.2872441405,0.1627058332,0.494437431,0.0010030895,0.0006018537,0.316,0.288,121.789638512293,127.14302921613
"37001",0.1414382019,0.0004618483,9.9143425436,4721,0.1754312202,0.05400969,9384.69,7.1,0.19646202,3.8126944106,4.2849389401,0.156852307,0.119316078,0.1294780445,0.3332037397,0.1879076474,0.7902481953,0.0012587045,0.0006074345,0.375,0.232,53.4272233196524,15.1479483741543
"37003",0.1341074122,0.0002413775,16.89642225,5729,0.1650208887,0.0486341588,10323.73,8.2,0.1729672257,3.8940746189,4.1979101674,0.1673454424,0.1193248803,0.1273245451,0.3301713009,0.1858459913,0.201758159,0.0003473335,0.0002938976,0.387,0.284,63.3549573023281,23.2004068994441
"37005",0.1827916352,0.0010878434,12.691505757,5181,0.2151545036,0.0795918367,9739.17,8,0.1887238443,4.0044298443,4.2560637038,0.1482901705,0.1250262676,0.1320763164,0.3252378791,0.1851520836,0.2661586732,0.0022123894,0.0005530973,0.301,0.245,45.3995157384988,15.1331719128329
"37007",0.1308277306,0.0004801729,10.003601296,5927,0.1633246366,0.0408,10167.04,6.5,0.2288310789,4.315785837,4.3125344431,0.1479976305,0.139256669,0.1383208149,0.3730208017,0.218517011,0.0618969868,0.000864508,0.0001571833,0.408,0.372,42.4876520261299,18.5883477614318
"37009",0.1573016902,0.0004451534,10.38691249,3937,0.1886127959,0.0591633466,9275.23,8.1,0.1661960413,3.8176905895,4.1241248464,0.159257972,0.1181474692,0.1261512827,0.3190491429,0.1694977403,0.5842527767,0.0014113802,0.0007056901,0.256,0.309,144.46227929374,19.7555253735029
"37011",0.1996146098,0.0002851277,18.248175182,3948,0.2364620939,0.0743218135,9652.29,8.4,0.1766782362,3.9121364252,4.1539980388,0.1758310332,0.1223376018,0.1292549492,0.3092061689,0.1880382958,1,0.0036538022,0.0006279973,0.243,0.292,64.6916680936888,9.51348060201305
"37013",0.1393614934,0.000509684,12.529731566,3973,0.1734942511,0.0465607401,8954.5,7.3,0.1866869266,3.9315979198,4.1316093885,0.1557776262,0.1226264055,0.1298061456,0.3152168788,0.1799580879,0.5338889005,0.0010730968,0.0006522745,0.446,0.311,57.165844466558,22.5840373201217
"37015",0.1324181013,0.0001560549,25.488972118,5517,0.1599084057,0.0468343452,10465.91,6.3,0.2352277438,4.2596913614,4.2260451472,0.1296518041,0.1380255711,0.134276564,0.3804214331,0.1961167815,0.3319236914,0.0004029415,0.0006044122,0.451,0.313,49.9105053008399,56.7947129285419
"37017",0.167204425,0.0002090925,12.246848677,6824,0.2028722522,0.0673198041,11653.03,6.8,0.2406417134,4.5076209075,4.5850967975,0.1336615181,0.1461198172,0.1485662457,0.3519130491,0.2124320044,0.3721511793,0.0005927507,0.0007113008,0.491,0.307,46.8085530181557,5.97555995976456
"37019",0.1351908042,0.0004812945,8.0979701597,4024,0.1588915869,0.055732335,9626.02,7.7,0.1601547494,3.7567063376,3.9318300666,0.1534293194,0.1129017014,0.1195048553,0.3068890795,0.1523368768,0.7606277518,0.0007798162,0.0007168007,0.308,0.245,45.8699321327745,12.9246770097873
"37021",0.1350617552,0.0014362964,13.237217933,2954,0.1640189781,0.0440349408,8691.2,7.7,0.1468369416,3.451866398,3.8467897531,0.169802831,0.1058079782,0.1185261167,0.2937460593,0.1644252839,0.7798487735,0.0051779076,0.0020110275,0.242,0.175,77.3811526427346,20.9627871707743
"37023",0.1469892981,0.0005375561,14.446821139,3877,0.1800800105,0.0432105803,9098.05,6.9,0.1644519361,3.9148694553,4.1213221404,0.1581888269,0.1220733622,0.1276036209,0.3401762974,0.1972482824,0.6598468849,0.0024648006,0.0006527782,0.357,0.247,54.3708989073684,23.0890118647729
"37025",0.1042423568,0.0008701033,10.392899957,5518,0.1330188232,0.0388518048,10635.09,7.8,0.1400991372,3.4544448986,3.8256753373,0.172265921,0.1048715685,0.1150172793,0.3112467106,0.1682894596,0.7622899708,0.0024405973,0.0008631381,0.336,0.266,32.1069241244006,11.4552342353389
"37027",0.1391943636,0.00047572,12.197948305,5002,0.1722661532,0.0437417805,10376.73,6.7,0.1671982729,3.8133629418,4.1916226821,0.172781637,0.1193409152,0.1291719433,0.3122447769,0.1838595839,0.6375483265,0.0006384363,0.0004788272,0.384,0.298,52.1472017730049,18.333000623322
"37029",0.1187122736,0.0001890181,11.341083073,6170,0.1425262508,0.0589822668,9626.5,8.5,0.1366544046,3.3539899246,3.7949510008,0.1811752344,0.1006046756,0.1111915849,0.3099385589,0.1606750806,0.371743487,0.0003839509,0,0.359,0.234,18.9220725976852,34.6904664290895
"37031",0.1267984741,0.0007549252,12.920834483,3775,0.1512528242,0.0513097906,10218.45,7.8,0.141470217,3.537509711,3.9378750143,0.1809438308,0.1059766072,0.11895988,0.3276663134,0.1765918449,0.9078969144,0.00137901,0.0010741762,0.335,0.237,52.0996647290094,25.5674280614583
"37033",0.1294613301,0.0001766316,14.572109865,5715,0.1533039648,0.059646708,9370.08,7.1,0.1947070983,3.9122472188,4.2311841302,0.1538670104,0.1244558317,0.1304228059,0.3428236412,0.1915579829,0.4560900544,0.0001309472,0.0009602794,0.227,0.161,65.9302018929293,14.6511559762065
"37035",0.1320178092,0.0006646663,14.242850089,3861,0.1647167881,0.0479085603,9538.23,7.7,0.1858791797,3.7319461963,4.083071127,0.168937197,0.1153398945,0.1225953124,0.3310267609,0.1705023395,0.6780665725,0.0018790865,0.0012846816,0.319,0.267,55.3811682889967,17.7557944132661
"37037",0.1424839968,0.0009514215,8.9545556302,2968,0.1687823931,0.0717399921,8519.9,8.4,0.1501713142,3.4713657071,3.9610403285,0.1610723978,0.1062304898,0.1173624668,0.3066464498,0.1520401131,0.6437760806,0.0009135833,0.0003737386,0.264,0.186,91.3056710966826,12.9119130843794
"37039",0.1399289701,0.0003560366,12.105244419,4262,0.1682155512,0.0535429936,8723.16,8,0.1836132834,3.9437365373,4.493393032,0.1492399161,0.122578819,0.1349854729,0.3198201969,0.1815988211,0.9863722489,0.0013259273,0.0008600609,0.313,0.303,66.3703703703704,23.7037037037037
"37041",0.1194992413,0.0008507621,13.470400567,3464,0.1439109616,0.0552393706,9576.74,6.2,0.214901989,4.1082409882,4.3569373191,0.1414050552,0.1320976058,0.1366016607,0.3513456386,0.1934189176,0.5186236734,0.0006257387,0.0008343183,0.45,0.258,68.2080109132817,98.7840158054425
"37043",0.1559273298,0.0005418096,12.642225032,3530,0.1840405099,0.0747524752,8736.6,8.1,0.1689551082,3.8728071058,4.2137403014,0.1467954125,0.1197068812,0.1299922866,0.3077240455,0.1750817672,0.9957495041,0.0009161704,0.0009161704,0.261,0.313,87.539241729051,93.5764308138131
"37045",0.1192622633,0.000523969,18.49302402,5877,0.1501424955,0.0384910775,10014.63,7,0.1791872094,3.9564533031,4.4098496486,0.1555782563,0.1260231936,0.1338261856,0.3431004791,0.2109201385,0.5305675075,0.0011323396,0.0009882237,0.37,0.285,57.8523430198923,17.1160778165362
"37047",0.1476465258,0.0003754291,7.5085812357,6702,0.183362355,0.055500821,11539.68,7.1,0.231591266,4.5083479483,4.5507130117,0.1503086445,0.1413174777,0.1414502063,0.3823928478,0.2112257203,0.4620124617,0.0011857358,0.0006371118,0.45,0.316,36.8836855130402,11.8979630687226
"37049",0.1157980023,0.0006921562,12.088362027,3670,0.1403339022,0.0551228538,9527.26,7.2,0.1661645094,3.7951620428,4.1190999942,0.1793948874,0.1186553876,0.1222038043,0.3638812191,0.1731234023,0.808666248,0.0019237276,0.0009570303,0.3,0.205,63.1200738019324,13.9187855050415
"37051",0.1077522329,0.0007517757,9.2017344969,6271,0.136899846,0.0383958739,10111.45,6,0.2222725112,3.9529044152,4.287435659,0.1618962927,0.1233915065,0.132179895,0.3754849535,0.1782720673,0.7604803541,0.0027848511,0.0016965888,0.32,0.245,27.4192719175244,16.834626508186
"37053",0.1280812641,0.0002658463,9.8742926588,5259,0.1507590191,0.0669592069,9967.37,8.6,0.1392944039,3.5070469185,3.8619198125,0.1891914679,0.1048753459,0.1159508923,0.3094524217,0.1730693155,0.8537817981,0.0003487156,0.0001162385,0.295,0.255,46.7100944301368,17.6740897843761
"37055",0.1300998074,0.0006371368,15.23587911,2269,0.1535311709,0.0584705554,8244.5,7.9,0.1401821954,3.326535286,3.7306635436,0.1816605536,0.1018430625,0.1131014918,0.2860381937,0.1644762046,0.7075471698,0.0015571127,0.0007785563,0.278,0.222,49.7402453852106,23.9490070373236
"37057",0.1293962104,0.0002538286,10.817932385,4534,0.1596077,0.0500131268,9951.12,7.7,0.1731433842,3.9990176396,4.2773779471,0.1750911807,0.1219278754,0.1276173648,0.3216350353,0.1820158304,0.6884170975,0.0008609922,0.0004608127,0.359,0.261,52.9168661947743,18.108433298592
"37059",0.1251666815,0.0004004145,9.6570567175,3460,0.1495595248,0.0600335852,10335.55,8.3,0.156521913,3.5685788888,3.8274270455,0.1669462596,0.1072370915,0.1154144896,0.3019876868,0.1605626592,0.5051163919,0.0004760431,0.0005236474,0.376,0.248,52.6721277967328,19.6537790286316
"37061",0.1956508023,0.0002371314,9.9933941971,4867,0.2449822904,0.0774242739,10631.46,7.7,0.2762386962,4.7062255541,4.7069205042,0.136879585,0.1547473914,0.1524115448,0.3548746982,0.222256415,0.2943509102,0.0006274483,0.000542658,0.357,0.344,45.7979012122309,9.04649900488511
"37063",0.1341943764,0.001232191,10.075728405,4177,0.1617530492,0.0536358262,9172.76,6.9,0.1696340851,3.549927272,3.9885868975,0.1724026782,0.1137648653,0.1197915645,0.3362365379,0.1593473632,0.9000923064,0.0053655637,0.0020051468,0.283,0.185,59.8122601223423,8.9878888198153
"37065",0.1207406517,0.0003412516,11.185470264,6638,0.1549534574,0.0329489292,10191.03,5.5,0.2488607658,4.4302378213,4.5756483385,0.1297265161,0.1451801974,0.146984979,0.3957285035,0.2179142838,0.5710850191,0.0004501294,0.000431374,0.404,0.315,52.5083823622446,15.1831467071551
"37067",0.1293458297,0.0011213861,10.469812925,4149,0.1633453739,0.0439545743,10189.3,6.6,0.185246167,3.6857630238,4.1653474318,0.174272233,0.1144351105,0.1301904742,0.3411417258,0.1841792723,0.8180254941,0.0024925238,0.0020187828,0.335,0.24,57.4126165777821,11.9794485904182
"37069",0.1439685819,9.06783e-05,9.0678273486,5179,0.1743144936,0.06371903,10398.43,7.7,0.1814973123,3.9127385557,4.3793246222,0.165802747,0.1226549707,0.129884495,0.3452181218,0.187286842,0.6121183127,0.0008036473,0.0001854571,0.412,0.272,52.410637343587,13.6066077718928
"37071",0.1199637004,0.0006085874,13.48884105,5910,0.14897195,0.0435738673,10818.38,6.9,0.1759317568,4.046927848,4.1142287382,0.1595055813,0.125391404,0.1259058377,0.3494604676,0.1807322133,0.7213444873,0.0019957136,0.0008526721,0.287,0.281,49.5459800331216,16.9698769532404
"37073",0.1174616973,0,10.395010395,6102,0.1377706729,0.0596161699,9869.85,7.9,0.1570877155,3.5641529528,3.8272809968,0.1635723447,0.1103324921,0.1166397213,0.3413342921,0.1707012585,0.2886775437,0.0001742464,0.0005227392,0.489,0.358,40.4682757623934,43.3588668882786
"37075",0.1859784284,0.0002341646,12.879053975,3191,0.2277019937,0.0721365639,8732.36,7.9,0.1820532545,4.0390612761,4.4267576135,0.1598915716,0.1276669302,0.1381930135,0.3271153816,0.1936396903,1,0.0007010984,0.0009347978,0.406,0.243,66.4503772036118,58.6326857678927
"37077",0.1154935669,0.0004533472,11.081820777,4951,0.1393173566,0.0488664584,9066.98,7.6,0.1858392897,3.850232702,3.9875631913,0.1642780808,0.1188060264,0.1228840237,0.3578493446,0.1811679996,0.5946491755,0.0030323051,0.0005929088,0.37,0.323,54.839594187003,15.6684554820009
"37079",0.1883586646,0.0001427552,7.6136093267,6532,0.2326750777,0.0749430524,10798.98,NA,0.2269396388,4.2486973509,4.3183449741,0.157918469,0.1358521227,0.1334191131,0.3440427401,0.2044005013,0.3519801517,0.0002834467,0.0001889645,0.291,0.272,58.5489358335311,18.9888440541182
"37081",0.1185065647,0.0007951373,11.38621471,4739,0.1467543677,0.043985092,9333.6,6.8,0.1581844114,3.3479112347,3.8631932444,0.1781166962,0.1082861443,0.1227725033,0.3428200173,0.1889949317,0.9035761231,0.0024801949,0.0010396486,0.349,0.206,56.44921182867,12.0736836050123
"37083",0.1350183076,0.0005262132,11.693626973,6805,0.1666666667,0.0503778338,10098.05,5.4,0.2432787729,4.543536245,4.7249119456,0.133048992,0.147953225,0.1485169999,0.3660708327,0.2243179806,0.5632736648,0.0012556504,0.0005988487,0.423,0.32,55.9713634884478,14.9690855841198
"37085",0.1304744606,0.000278711,7.6080570077,8238,0.1663377682,0.0510826854,11854.5,7.5,0.2064400309,4.1683836761,4.470436219,0.1695150211,0.1281797694,0.1332281204,0.3461874565,0.1877031638,0.5633774569,0.000809896,0.000664726,0.348,0.25,40.7189662409608,11.3108239558224
"37087",0.1202526132,0.0007530614,15.879772117,5063,0.1453588188,0.0427881297,9436.09,7.6,0.1680267957,3.8896950354,4.2061526138,0.1577628675,0.1174623363,0.1264769497,0.3178182936,0.1736825102,0.7590283895,0.0037078541,0.0005273392,0.327,0.245,94.1563212635452,24.4915286523672
"37089",0.1520653073,0.0008988143,11.408027103,2507,0.1845978198,0.0592746653,9389.75,8.1,0.1601073207,3.533429677,3.8097177851,0.15757153,0.1105162823,0.1162785478,0.2917594166,0.1520356358,0.890884392,0.0015935697,0.0009719024,0.293,0.22,108.173596988447,16.7308496675465
"37091",0.1194375222,0.000669288,15.058981009,5386,0.1485434556,0.0390893471,9376.56,6.1,0.2328654759,4.4037688735,4.2687976616,0.1342235377,0.1401374775,0.1361783267,0.3725269053,0.2109091839,0.5688515951,0.0016158436,0.0009115015,0.485,0.417,64.1553116413997,15.3414875664217
"37093",0.1580223179,0.0002217459,5.5436469806,6505,0.2041147319,0.0557669597,11083.77,6.6,0.2093340469,4.1514220136,4.3320562702,0.1682664536,0.1329326216,0.1382300683,0.3731589908,0.2278490382,0.3716987562,0.0010889565,0.0006195787,0.367,0.319,18.5023004526896,14.1850970137287
"37095",0.1566398669,0.0001864628,7.4585120269,2018,0.1844127333,0.0694896851,8042.64,4.2,0.2091806854,4.1116403013,4.1069683023,0.1570322902,0.128849844,0.1273427362,0.3514716589,0.2027537958,0.6481927711,0.0001812579,0.0007250317,0.341,0.343,37.243947858473,0
"37097",0.1152508962,0.0007569247,11.439238295,4879,0.1432545072,0.0447169635,10383.21,8,0.1444277675,3.5136836997,3.84681368,0.1843988195,0.1074986485,0.1152256208,0.3143801963,0.1673459683,0.7318439258,0.0016886812,0.0010178352,0.354,0.226,50.0889838387135,18.4039069407394
"37099",0.1816161551,0.000930817,13.496846857,3117,0.2144564169,0.0765688725,8921.21,6.9,0.1874226774,4.2242255523,4.4069540345,0.1822353741,0.1310641009,0.1373882275,0.3165520968,0.1950888796,0.9950584788,0.0046637153,0.0011600104,0.284,0.287,57.5691802615508,17.11516169938
"37101",0.1400885055,0.0002796023,8.7439250056,6414,0.1751992988,0.0585826652,11306.32,8.3,0.1684059946,3.7313804538,3.9616137228,0.1800147623,0.1146514675,0.1215834635,0.3394601278,0.1780561112,0.6507893272,0.0008618438,0.0006059023,0.348,0.257,35.7122909519272,13.2016999727503
"37103",0.1555856466,0.0004167969,7.2939460248,4829,0.1859269762,0.0599352052,9727,7.2,0.1968071635,4.114179618,4.2962433177,0.1399511768,0.1301375166,0.1349294468,0.3382155723,0.1933565959,0.4842903575,0.0003047232,0.0008125952,0.423,0.257,61.9003404518725,68.7781560576361
"37105",0.150260104,0.0004964422,15.886149264,5824,0.1899713949,0.0551769765,10212.87,7.8,0.2011820997,3.8518424528,4.0174378186,0.1547070366,0.1235504044,0.1268882901,0.3314228709,0.189408518,0.8285867349,0.001610306,0.000805153,0.351,0.255,57.8518771556711,13.774256465636
"37107",0.134600405,0.0004570786,13.888156391,7515,0.1690273843,0.0436343767,10420.24,6.5,0.2078701233,4.2074451625,4.4667036242,0.1406509812,0.1356402485,0.1393822036,0.3676319162,0.2076700014,0.5691066476,0.0010993421,0.0007154449,0.373,0.284,62.879776218516,11.7532291997226
"37109",0.1265469475,0.0004732837,13.47038336,5036,0.1524493327,0.0545187442,10305.44,8.1,0.1508012712,3.4886763173,3.9232660516,0.1727087166,0.1076591006,0.1191004207,0.3081529299,0.1760968748,0.7494410017,0.0004558447,0.0004312044,0.319,0.224,39.2171132161672,13.746204632471
"37111",0.128872719,0.0002878717,14.836466707,3741,0.1598026844,0.0418326693,9719.55,8,0.1962462835,4.0186989754,4.615742947,0.16281678,0.1272645896,0.1378791292,0.3368424281,0.2109778387,0.8462974487,0.0014864115,0.0008208541,0.404,0.301,58.9357673805261,16.2073360296447
"37113",0.15590876,0.0007197973,14.683865024,1471,0.1880761468,0.066962306,8158.92,8,0.1668002352,3.9221641271,4.1999033471,0.1550864859,0.1214487907,0.1297629602,0.3042360611,0.1686702975,1,0.0019199441,0.0005818013,0.301,0.233,87.1705957295987,19.1583726878239
"37115",0.1260661147,0.0005978111,8.7372390325,3276,0.1498357964,0.0533790402,8552.33,7.7,0.1556878966,3.7181009209,4.1288647957,0.1739282329,0.1138164985,0.1253704187,0.2906351541,0.1826687128,0.6272394529,0.0015463918,0.0005154639,0.321,0.237,78.6442350691607,7.71021912442752
"37117",0.1093660438,0.0004388082,14.919478696,7013,0.1343295078,0.0396892062,10297.81,7,0.2163870197,4.1706042821,4.3844316465,0.1339911475,0.1321648175,0.1372317856,0.349211657,0.1944232311,0.4779024689,0.0008199551,0.0004315553,0.393,0.226,72.8523137894859,8.74227765473831
"37119",0.1272829737,0.0008729269,9.4721856697,4196,0.1568226842,0.0497227835,9357.07,7.4,0.1445469995,3.0913984565,3.3675250517,0.1955553875,0.0988500259,0.1084657805,0.3235860752,0.1541585812,0.9134084652,0.0024676845,0.0012286282,0.289,0.177,28.9870977962675,10.1067314241532
"37121",0.1416689026,0.0005971338,18.577494692,2077,0.1691072272,0.0582897033,9835.26,NA,0.169738443,3.8991404385,4.2317665576,0.1578948705,0.1190772655,0.1283300175,0.3065283722,0.1703368358,1,0.000793336,0.0015205606,0.284,0.205,81.8620292933316,26.5498473383778
"37123",0.163049207,0.0002551485,8.7479496993,5059,0.2060412082,0.0557255597,11292.32,7.9,0.2089236029,4.1030142819,4.3711964248,0.1443680638,0.1310314067,0.1374752631,0.3365105891,0.1928126196,0.7864234837,0.0009482822,0.0004376687,0.329,0.328,31.6594418196873,19.4827334274999
"37125",0.1186323909,0.0011206613,11.720677743,4379,0.1437336326,0.055954089,9636.15,8,0.1503065331,3.573692572,3.9205997331,0.1612395208,0.1112368851,0.1197988447,0.3104857683,0.1624922187,0.7054970707,0.0021195289,0.0012946876,0.26,0.248,88.7831565668685,17.825189735433
"37127",0.1230134434,0.0005638838,11.703248183,6358,0.1532508305,0.0443352038,10120.83,6.8,0.1944432743,4.0277207352,4.1188853585,0.1562728247,0.1255828942,0.1289549428,0.3529577211,0.1837502305,0.4855905676,0.0010956864,0.000872294,0.381,0.258,68.7913989475625,15.956767797115
"37129",0.1225897125,0.0009375083,9.5951548869,4327,0.1453114427,0.0503392525,10064.05,7.2,0.1547695556,3.7427392534,4.0116647393,0.1927153122,0.1122296975,0.1230774454,0.3016667666,0.1796167503,0.8698850824,0.003691556,0.0016287592,0.286,0.23,64.8651814541222,15.2279432759113
"37131",0.1149156387,5.03474e-05,13.09032323,5886,0.1384744498,0.0420403587,10003.65,5.8,0.2490073809,4.5655167688,4.514757905,0.1212761922,0.1494277539,0.1455834919,0.39511165,0.2053016765,0.1891940812,0.00045,0.00025,0.398,0.365,57.1063858376163,8.39799791729652
"37133",0.0879486172,0.000330079,6.8594534099,4759,0.1119820829,0.0333825886,10444.89,7.1,0.1658140905,3.7762081893,4.0978808579,0.2261751371,0.116597582,0.123210789,0.3688983715,0.1905877018,0.5104684652,0.0019611406,0.0009511799,0.286,0.202,29.0299838261519,20.3901076874162
"37135",0.1053199443,0.0018765609,10.693637631,2835,0.1246382686,0.0499050985,7924.46,7.5,0.1345448411,3.2706729709,3.7640618163,0.2056545915,0.0991396911,0.1120510511,0.2888376902,0.1419703861,0.8401805667,0.0061214703,0.0021227679,0.218,0.156,51.9907849222102,11.5535077604912
"37137",0.1272465852,0.0004728505,7.0927575065,3806,0.146844472,0.0634291378,8603.42,7.8,0.1717041402,3.818287016,4.0516855595,0.1529324005,0.1168713317,0.1230779657,0.322291344,0.1714530003,0.5486153378,0.0005459793,0.0003899852,0.379,0.333,104.766893661603,15.7150340492404
"37139",0.1221881556,0.0006793649,12.832448481,5308,0.1528497409,0.0442007311,9498.96,6.1,0.1802850909,3.6958075503,4.2274801557,0.1655337829,0.1167161256,0.1292635816,0.3891688676,0.1897107568,0.6973020831,0.001730885,0.0012542645,0.423,0.289,46.1231403988394,17.6106536068296
"37141",0.1371640973,0.0002788805,9.0226057285,4868,0.1682282198,0.0570299266,10405.6,7.9,0.171263635,3.7720712397,4.0190720635,0.1639369619,0.116914402,0.1228883077,0.3235905869,0.17271303,0.6019878584,0.0006938568,0.0004061601,0.289,0.292,51.0400087810768,21.9526919488502
"37143",0.1240089449,7.4217e-05,12.616891792,4221,0.1449688093,0.0636083269,9479.17,7.5,0.1883308321,4.0565170144,4.3266393857,0.1370234563,0.126540402,0.1343377168,0.3281089979,0.1865738685,0.5046458039,0.0004499438,0.0002249719,0.338,0.294,89.4832343217917,82.026298128309
"37145",0.1167400184,0.0003810008,14.732029464,4368,0.141977157,0.0473386445,9543.28,7.3,0.1763954482,3.7547936548,4.1465402723,0.1513445779,0.118979487,0.1288344093,0.3452153076,0.1911446018,0.5120109467,0.0009418593,0.0007891253,0.336,0.284,85.4765954925906,19.4649672903919
"37147",0.1079270537,0.0010612035,9.2715675652,5156,0.1318515206,0.0401873395,9800.92,6.7,0.1976511012,4.18282858,4.471910353,0.1933552721,0.1301010622,0.137836867,0.3811746784,0.2035304706,0.7200085639,0.0033461235,0.001506602,0.391,0.249,38.4202202261944,9.3252961714064
"37149",0.1428370193,0.0005350715,21.889288841,3029,0.1643860777,0.0738312429,8739.79,8.6,0.1472833625,3.5514799729,4.0435085609,0.1503470338,0.1075604546,0.1199505659,0.3021603536,0.152193696,0.7590931253,0.0017704338,0.0005901446,0.325,0.275,107.311838446905,34.1446758694698
"37151",0.1501454121,0.0004606301,11.096997529,4738,0.1841889069,0.0623671155,9748.82,7.6,0.1694982985,3.8366381729,4.1582175964,0.1707061271,0.1191865106,0.12801086,0.3217813695,0.1998607439,0.5891204357,0.0008785631,0.0005647905,0.32,0.248,62.0859483454211,20.6953161151404
"37153",0.1463854742,0.0002901915,14.063127818,8406,0.184693997,0.0482160077,11386.33,6.5,0.2421009189,4.3683304003,4.5801062639,0.1409550444,0.1422417264,0.1463186738,0.3740678163,0.226685887,0.3875511911,0.0013351432,0.0003115334,0.383,0.351,40.1117185642976,17.0846208699786
"37155",0.1859677061,0.000384598,10.557591663,9571,0.2412866868,0.0578948921,11624.7,6.5,0.2946273457,5.4164590148,5.3999120895,0.139212318,0.1821911903,0.1787283932,0.3930312375,0.2721442846,0.4495706875,0.001583668,0.0009156753,0.387,0.375,27.6609869440142,13.3275664366614
"37157",0.1295861849,0.0003738359,15.173338904,6385,0.1566674087,0.051863435,9373.64,6.7,0.1843893522,4.0207194131,4.3210325276,0.1533782301,0.1255136794,0.1325896864,0.3520353851,0.1965966589,0.5866108519,0.001127001,0.0004595538,0.381,0.256,82.0416654458085,15.3828122710891
"37159",0.1377168349,0.0004123887,13.864793379,5276,0.1734263683,0.0449584119,9787.98,7.1,0.1584928931,3.5986788759,3.9005131146,0.168060673,0.116152195,0.1251967525,0.3161373146,0.1943156749,0.768847343,0.0019938113,0.0008646995,0.372,0.238,78.4659550207544,20.149867603517
"37161",0.1359786001,0.00042073,21.036498325,3664,0.1670955882,0.0501889962,9480.06,6.9,0.1855207406,3.947026576,4.2848436122,0.1554863345,0.1269699086,0.1370960427,0.3286196146,0.1928332759,0.5436218847,0.0012345493,0.0007377185,0.326,0.26,69.0697604580626,19.0192094014955
"37163",0.1869882155,0.0004571969,14.031215513,6553,0.2354847645,0.0739272682,10630.2,7.5,0.2188208659,4.1154696622,4.2753065669,0.1428044536,0.1338852131,0.1375733016,0.3245419167,0.2070706342,0.4803487254,0.0003326785,0.0004118877,0.391,0.301,67.8304763907877,6.83562940372279
"37165",0.1418756441,0.0006269057,12.538113014,6333,0.1823851619,0.0474795557,9863.48,5.6,0.2789817356,4.9178391352,4.8765236565,0.1347731117,0.1598354138,0.1578616054,0.3943326375,0.2306850189,0.6837956689,0.0016456702,0.0011633186,0.465,0.284,23.7762370776151,12.3636432803599
"37167",0.1292380756,0.0003740932,17.566116912,5381,0.1599354711,0.048686971,11033.55,8,0.1608882615,3.5695919059,3.9534204183,0.1754785928,0.1115482314,0.1216991149,0.3202832101,0.1892218743,0.668267723,0.0019739764,0.0004934941,0.277,0.294,42.8537331568555,15.7311172347951
"37169",0.1329178784,0.000218737,7.4370584247,5454,0.1595377403,0.0503455084,11653.31,7.9,0.1453143316,3.5683931031,3.9994806528,0.169645601,0.1099823528,0.1229622647,0.3189118997,0.1674806296,0.5751144491,0.000282014,0.0003904809,0.352,0.286,61.9167983916201,23.3098535121393
"37171",0.1469812145,0.0005399867,14.538103677,5700,0.1809442427,0.0555278263,10732.69,8.1,0.199530369,4.1272285445,4.3639700592,0.1514474654,0.1288049545,0.1347809709,0.3399393434,0.1909797284,0.5210999959,0.0010539015,0.0011648385,0.289,0.31,84.610583258201,28.6658806667129
"37173",0.183244704,0.0008395131,9.7943192948,4671,0.2243605068,0.0758873929,10763.43,8,0.2240904198,4.5657045482,4.9159530401,0.1610722194,0.145100079,0.1562775865,0.3436127724,0.2307630904,0.9746083971,0.0024397044,0.0015335285,0.28,0.225,97.9363413781042,13.9909059111577
"37175",0.1530944625,0.0007951467,16.786429497,986,0.1801437556,0.0636036036,8740.8,8.1,0.1583707611,3.6841940381,4.1112678613,0.1548988153,0.1137124895,0.1249419483,0.3018429739,0.1704732727,0.8175581747,0.0021205424,0.0005077355,0.245,0.289,119.032394518607,28.5284251325588
"37177",0.170095518,0,17.275419546,3948,0.2094081942,0.0681818182,10732.98,6.3,0.2353740869,4.3647141552,4.29822324,0.1458425828,0.1410444239,0.1390322458,0.3696125143,0.2136109006,0.5922396188,0,0,0.242,0.326,48.6854917234664,48.6854917234664
"37179",0.1046721773,0.0006569677,8.1256537261,4974,0.1328592465,0.0459818351,10192.07,8.6,0.1418859737,3.1804653422,3.7660355233,0.181429232,0.0972939187,0.1105175667,0.3098669934,0.1474886515,0.6331399161,0.0011164753,0.0004677723,0.356,0.214,30.5528333429411,10.3764339655272
"37181",0.1214515492,0.0003619009,14.702223429,5627,0.1547163861,0.0401723008,9644.03,6.2,0.2380835562,4.4848311004,4.5993939394,0.1324095486,0.1450110912,0.1467457756,0.3825610707,0.2124924762,0.7477654,0.001740349,0.0010170871,0.285,0.388,81.9320940790908,8.26837646669723
"37183",0.1000219295,0.0008468546,9.9887801097,4022,0.1225195682,0.0448241177,9821.45,8,0.1261227074,2.9146633462,3.6130790243,0.2001293549,0.0890695781,0.1085155754,0.3165063244,0.1361406245,0.8892732796,0.002650959,0.0009744065,0.276,0.154,37.6171761022564,9.62227435065997
"37185",0.1636995532,5.02942e-05,12.573555298,6245,0.1956419206,0.0693391116,9571.18,6.4,0.2400907055,4.4978995311,4.5504925904,0.1284249516,0.144296959,0.1452804655,0.3888418358,0.2139444366,0.3823192829,0.0005525694,0.0002009343,0.469,0.252,78.8630300182895,70.4733459737906
"37187",0.1305990886,0.0003330003,19.98001998,5133,0.1617845877,0.0437956204,9984.19,5.4,0.2419884546,4.4073160685,4.5442958631,0.124903666,0.1409010577,0.1436171849,0.3555895876,0.1927477752,0.6798457817,0.0009840098,0.0003280033,0.402,0.341,63.7719736039483,72.0900571175068
"37189",0.1422174371,0.0007438181,13.062172312,3281,0.162437752,0.0501935656,9599.29,7.3,0.1853888695,4.2613902209,4.5294035774,0.1993486053,0.1365033009,0.1423655274,0.3247720861,0.2015617579,0.8855694121,0.0039501502,0.0009829012,0.208,0.169,32.7296530656775,11.5159890416273
"37191",0.1499850791,0.000467094,13.20748639,5272,0.1900193531,0.0505710724,10282.22,6.6,0.2095641423,4.0783009829,4.2799531178,0.1514417243,0.1293202231,0.1346346635,0.3637765579,0.1977129012,0.4750250769,0.0017478856,0.0009424084,0.397,0.286,35.2558064429313,10.4960034448422
"37193",0.1570578407,0.0004083061,14.436537564,4837,0.1945303391,0.0529335428,10119.39,7.6,0.1851479604,4.1111399963,4.4389585813,0.1571692739,0.1276283995,0.1367105454,0.3404919662,0.1898282485,0.7345543698,0.00155659,0.0006546407,0.389,0.3,62.1742530589247,19.429454080914
"37195",0.1384615385,0.0004530372,11.142265921,6745,0.1757454431,0.0445480445,10171.74,6.9,0.2090858935,4.1261550364,4.1562490876,0.1477035892,0.1289958072,0.1328309551,0.3511057578,0.1978609292,0.6835930768,0.0012490663,0.0008327108,0.33,0.339,88.2399800643008,9.80444222936676
"37197",0.1406026778,0.0002912056,14.030814846,4276,0.1724617524,0.0532107873,10994.74,8.4,0.1814304545,3.913957548,4.2327312766,0.1658071798,0.1226248507,0.1313614449,0.3147845649,0.1849969601,0.3296099568,0.0006394543,0.0004529468,0.337,0.223,51.3961133904598,15.064378062721
"37199",0.1469512195,0.0006762849,9.5807033363,1807,0.1759418241,0.0604719764,8697.41,8.1,0.1698642672,3.9291652847,4.3827740673,0.1545991542,0.1233169852,0.1345259865,0.2984713851,0.1783086603,1,0.0018101595,0.0009050798,0.243,0.263,71.2611345522738,26.2541022034693
"38001",0.100591716,0.0043140638,0,2843,0.0899681529,0.1286031042,10082.57,8.9,0.1245838987,2.7889437664,2.7166552695,0.1980458868,0.0885998564,0.0912299231,0.2708983993,0.148534069,0.4212548015,0.0004338395,0.0013015184,0.315,0.216,14.4571345959231,14.4571345959231
"38003",0.0795951518,0.0009316192,19.564002236,3996,0.0845381868,0.0700580098,9066.55,8.8,0.1239700238,2.8037119311,2.7420594126,0.214374214,0.0881754804,0.091136556,0.2765275753,0.1567208654,0.6772998373,0.0005491488,0.000915248,0.348,0.23,55.8971492453885,59.0025464256878
"38005",0.1357057722,0,7.2087658593,5720,0.1701002227,0.0847671003,9302.89,6.6,0.2532792884,4.6704872127,4.1328937825,0.1911443723,0.1568171682,0.153225578,0.3186271757,0.2992412934,0.6265765766,0.0005935599,0.0005935599,0.423,0.341,4.84566555216359,4.84566555216359
"38007",0.1348464619,0,0,NA,0.1287477954,0.1587301587,5321.56,7.4,0.1172176252,2.6227118146,2.5401972625,0.2260554545,0.0835295473,0.0853153063,0.2843598868,0.1672294533,0.6704980843,0,0,0.298,0.266,35.8037952022914,0
"38009",0.1043944708,0.0003062787,24.50229709,4124,0.1065550101,0.1029716655,9566.42,8.5,0.1321534837,2.8580161973,2.7859336085,0.216451455,0.0887521786,0.0919213754,0.2844376623,0.161473864,0.5646290247,0,0.0003039976,0.363,0.263,25.6147540983607,40.9836065573771
"38011",0.1178797468,0,15.792798484,2827,0.1141396934,0.1308641975,11463.03,9.5,0.1080167861,2.4783271504,2.4396535974,0.2346719368,0.0789345896,0.0829765598,0.2616928357,0.1387792844,0.7384957156,0,0.001234187,0.226,0.35,52.7259306126753,0
"38013",0.1200937317,0,28.155795401,2171,0.1121495327,0.1350364964,8805.7,6.9,0.1335536626,2.9173311447,2.7712077883,0.2107153138,0.0934149224,0.0953335615,0.2771761702,0.1738002588,0.4446138211,0,0,0.335,0.241,15.5545185876497,15.5545185876497
"38015",0.0651368118,0.0010522993,16.415868673,4454,0.0717846639,0.0511899023,9170.96,9.2,0.1202793926,2.6387231541,2.786144095,0.2403972444,0.0804346249,0.087301655,0.2443247567,0.1579740067,0.8339154819,0.0021378602,0.0018415232,0.316,0.2,35.4647283963622,15.8011166122406
"38017",0.0707682437,0.0010124475,10.799439779,4782,0.0782164193,0.0521055862,10158.93,8.9,0.121512823,2.5672793475,2.6744333344,0.2458217193,0.0791388074,0.0850649733,0.2662814232,0.1453024741,0.8876804337,0.0025449503,0.0015577835,0.33,0.192,40.4076684775288,17.584818689295
"38019",0.0889052168,0.0002658161,15.948963317,4634,0.0863234529,0.0966587112,9351.69,9,0.1115652399,2.5978922554,2.4914760173,0.2030487859,0.0807043134,0.0839647603,0.2507010605,0.1408751638,0.6796894565,0.0002613013,0.0013065064,0.317,0.28,43.7905062182519,43.7905062182519
"38021",0.0926121372,0.000822876,26.743468422,6498,0.0937381404,0.0936729663,10493.09,9.5,0.1237637476,2.706849581,2.7059470653,0.2326053869,0.0846891801,0.0893108035,0.2618509076,0.1454744708,0.4460200416,0.0003949447,0.0029620853,0.363,0.257,107.903965470731,94.4159697868897
"38023",0.1111757858,0,34.965034965,6369,0.1037277147,0.1305220884,12087.19,8.6,0.1203820996,2.7447119571,2.5851185315,0.2124260289,0.0858409331,0.0879438982,0.2651205125,0.1497832276,0.5485272815,0,0.0012432656,0.329,0.243,114.54753722795,0
"38025",0.1439977974,0,9.3261832595,3988,0.1314695882,0.1784313725,7762.54,8.5,0.1291679699,2.8188583555,2.6769298888,0.245760213,0.0902087266,0.0908329582,0.2776981848,0.1709473943,0.3707579186,0,0.001145213,0.382,0.231,46.2000462000462,46.2000462000462
"38027",0.1021205357,0,12.953367876,4485,0.0990491284,0.1091234347,8982.24,8.3,0.1395146876,3.0338122966,2.902373756,0.1919103792,0.0952219137,0.0975548019,0.2725267081,0.163066535,0.7006289308,0,0,0.34,0.327,14.31229426077,14.31229426077
"38029",0.1213389121,0.0003029385,9.0881551045,7979,0.1145475372,0.1375186846,10657.72,8,0.1310400163,2.9478765607,2.733534774,0.1893660108,0.0923247509,0.0935694893,0.2468944523,0.1557142706,0.0163380282,0,0.0011954573,0.284,0.236,60.3500301750151,60.3500301750151
"38031",0.0771055753,0.000921093,24.562480811,5757,0.0770491803,0.0789115646,9460.98,9.3,0.1282260667,2.8312208321,2.7133726187,0.2126096605,0.0903331107,0.0919989971,0.2789627569,0.15658634,0.6903978462,0,0.0012110203,0.414,0.306,10.2291325695581,10.2291325695581
"38033",0.0965045593,0,16.769144774,6408,0.091563786,0.1083333333,7849.37,6.2,0.1334835087,2.9587047392,2.9432885008,0.2135266463,0.0951877709,0.0975955497,0.2765044962,0.173208187,0.3875,0.0055035773,0.0011007155,0.292,0.23,18.6046511627907,0
"38035",0.0794173658,0.0012854015,11.158980154,3684,0.0895821473,0.0517034868,10280.67,8,0.1422910787,3.4215023864,3.1474706791,0.2572303451,0.1026895172,0.09902605,0.3132283425,0.1772658628,0.8256532209,0.0027292039,0.0014208742,0.317,0.221,31.0372070275761,19.2806892141003
"38037",0.184147795,0,12.626262626,5520,0.1616666667,0.2370517928,10057.91,8.1,0.1390009594,3.1689647826,2.9061626981,0.1888287131,0.0997062336,0.0982467582,0.2770926074,0.1702690133,0.3153717627,0.0012620951,0.0025241902,0.297,0.325,14.0311491511155,14.0311491511155
"38039",0.0943635212,0.0004428698,44.286979628,7075,0.0968020743,0.0848214286,10927.1,8.9,0.1105716465,2.5796355121,2.5573806763,0.2030419547,0.0827277366,0.087324056,0.2702257211,0.1385605065,0.4508264463,0,0.0021958718,0.345,0.215,14.7775971627013,0
"38041",0.1130386122,0,12.082158679,4139,0.104013104,0.1283783784,9539.26,7.5,0.1219729011,2.7776820554,2.8214896412,0.2278781096,0.0879099092,0.0940742231,0.2663878922,0.1571840112,0.6911586597,0,0.0019018638,0.29,0.226,13.11303435615,13.11303435615
"38043",0.125330513,0,16.116035455,3947,0.1050295858,0.1755319149,9905.39,7.3,0.1210382255,2.7450103159,2.63807785,0.2073920127,0.0859157689,0.0880468965,0.2635037298,0.1512971276,0.1519507187,0,0.0004142502,0.367,0.274,13.6128505309012,13.6128505309012
"38045",0.1194719472,0.0002446782,22.021042329,3094,0.1077065924,0.1506550218,8923,8.8,0.1255203233,2.8638349679,2.686537981,0.2035734414,0.0917175656,0.0916396236,0.2558506303,0.1529543773,0.4312635902,0.0002432498,0.0002432498,0.32,0.254,97.8792822185971,65.252854812398
"38047",0.1877697842,0.0005213764,15.641293014,8683,0.1516393443,0.2689655172,8772.72,8.6,0.109881259,2.5819231903,2.5925054274,0.2083198839,0.0821795832,0.0867470464,0.2537738867,0.1354900722,0.1753768844,0,0,0.334,0.288,17.3550850399167,17.3550850399167
"38049",0.0918780644,0,13.559322034,5344,0.0898638427,0.1003436426,9083.47,7.8,0.1256980957,2.7658111347,2.6750014755,0.2435839281,0.087431273,0.0905472514,0.2972741628,0.1655866756,0.2743280816,0,0.0006708033,0.342,0.309,28.2821426551276,28.2821426551276
"38051",0.144524736,0.0007674597,19.186492709,8244,0.1343396226,0.1751527495,10842.76,9,0.1400973495,2.9315034716,2.7633853211,0.1845433626,0.0942412144,0.092522205,0.2701029334,0.142374495,0.6970452118,0,0.0026355422,0.255,0.31,12.7437237160698,12.7437237160698
"38053",0.1284545846,7.85916e-05,8.6450801635,2454,0.120774831,0.1471382953,9742.14,8.4,0.1435121749,2.8765760233,2.8224314931,0.2654104496,0.0926018793,0.0956016203,0.3127298926,0.1882216995,0.6603773585,7.9233e-05,0.0004753981,0.336,0.257,5.13123123893578,25.6561561946789
"38055",0.0983518692,0.0002065049,16.520392359,3153,0.0977859779,0.1036245353,10292.19,8.4,0.1250846973,2.7744640054,2.6696418622,0.2174218086,0.0867400429,0.0909717611,0.2602048345,0.175086881,0.4435393885,0.0001027855,0.0013362113,0.345,0.274,34.536349507857,41.4436194094284
"38057",0.071811206,0.0007088009,22.44536326,4289,0.0716286515,0.0747011952,10824.38,9.4,0.1115868451,2.5659714451,2.5647753651,0.2473727901,0.0806117933,0.084871652,0.2767261166,0.1479031203,0.7729107312,0.0002300437,0.0012652404,0.357,0.233,31.46385589554,31.46385589554
"38059",0.0698560871,0.0004870762,13.962852318,5132,0.0752647908,0.0586470267,9082.17,9,0.1134210526,2.66996542,2.6362616407,0.2454583709,0.0849846845,0.0878573387,0.2765976655,0.1703859739,0.7430017109,0.0001947483,0.0002596644,0.324,0.219,56.0949298813377,20.4962243797195
"38061",0.154131645,0.0002922552,13.638577691,4385,0.1467832605,0.1747302471,9865.43,9.4,0.1407042958,3.0421831823,2.8808009207,0.2556900863,0.0953623043,0.0977885728,0.3147437761,0.2071816511,0.4729571224,0.0004881859,0.001074009,0.39,0.298,35.8014646053702,39.0561432058584
"38063",0.1049180328,0.0003404835,23.833844059,4172,0.1029690461,0.1095652174,8687.37,7.3,0.1283598511,2.7166935757,2.6440962329,0.2068449136,0.0867223334,0.0894238179,0.2876596996,0.1575960541,0.3387715931,0,0.0003378378,0.413,0.304,11.4077116130504,11.4077116130504
"38065",0.0893561104,0,15.463917526,8187,0.0849236641,0.101010101,9202.5,8.4,0.1107372824,2.5749833691,2.464827101,0.2267891927,0.0805143988,0.0842930762,0.2604446233,0.1535698232,0.4371614301,0,0.0005347594,0.31,0.311,0,17.3550850399167
"38067",0.0995881692,0.0002868617,31.554790591,5797,0.1009639777,0.0998632011,10673.06,8.8,0.1300069403,2.6255832014,2.6471731935,0.2105411155,0.083416013,0.0881981883,0.2731266422,0.150179326,0.7418049373,0.0001414627,0.0008487763,0.407,0.299,38.1170192490947,38.1170192490947
"38069",0.1027260638,0.0009758478,12.198097097,7495,0.1077140169,0.0933767644,9785.95,8.5,0.1440673109,3.1117696777,2.973569555,0.208802893,0.0993725022,0.1017182769,0.2680870647,0.1822510485,0.7096626119,0,0.0016404968,0.402,0.262,104.442837631558,96.408773198361
"38071",0.0915750916,0.000954944,13.890094626,4173,0.0984301413,0.079004329,9173.7,8.9,0.1307888718,3.0494056031,2.8180807881,0.2228340826,0.093329002,0.0946956551,0.2741354751,0.1932070604,0.7291939569,0.0040703213,0.0007794232,0.338,0.276,54.9975395837555,46.3137175442151
"38073",0.0831739962,0.0005663583,32.093637908,6106,0.0839160839,0.0851910828,10672.16,9.4,0.1266950745,2.8100704014,2.7382098328,0.211187884,0.0898223938,0.0922171204,0.2469766282,0.1604987231,0.7089976177,0.0003700962,0.0012953368,0.328,0.237,62.7431296273058,62.7431296273058
"38075",0.0802624937,0,0,3548,0.0797760672,0.0810344828,8821.01,8.9,0.1201428941,2.6657094672,2.5771174723,0.2289324358,0.0850835456,0.0882788881,0.2827425951,0.1662952909,0.4963562753,0,0,0.298,0.285,13.5372952484094,13.5372952484094
"38077",0.0806400757,0.0004892667,20.793835239,6500,0.0851363046,0.0717043574,9464,8.8,0.1280771025,2.6986643054,2.6489742502,0.243787239,0.0844491092,0.089437014,0.2654306297,0.173726361,0.5853807977,0.0001223017,0.0006115086,0.37,0.273,40.8638620436017,40.8638620436017
"38079",0.1824042771,0.0004817287,5.5054710619,9069,0.2124843945,0.1363173957,10297.95,7.2,0.2659471104,5.1312372104,4.6072833881,0.1880508039,0.1744064263,0.1652453853,0.359177564,0.3173699578,0.6398794576,0.0010232622,0.0010914796,0.455,0.326,22.9932629739486,34.4898944609229
"38081",0.0789120215,0,15.552099533,6545,0.0769230769,0.0855106888,10764.23,9.5,0.1198254496,2.6958776977,2.5158133409,0.2415446661,0.0848998247,0.08575257,0.2774456241,0.1564108248,0.6189605641,0,0,0.342,0.308,43.0366672404889,43.0366672404889
"38083",0.1654135338,0,22.172949002,3403,0.1546391753,0.1870229008,8056.33,7.1,0.1536600594,3.2968939706,3.032135776,0.1754783246,0.1047011539,0.1025565014,0.2773493006,0.1674919365,0.469341408,0,0.0007564297,0.35,0.395,0,0
"38085",0.1727642276,0,0,5746,0.211385517,0.1148148148,14936.22,5.4,0.3212296821,5.7437445163,4.8640022814,0.1887207841,0.1965745346,0.180516539,0.3731058822,0.3832313187,0.2280279316,0.0006712911,0.0002237637,0.363,0.345,0,7.57403620389305
"38087",0.1393034826,0,0,NA,0.1255605381,0.1860465116,8960.58,7.4,0.1235494294,2.766011446,2.6480497632,0.2143203683,0.0873442074,0.0896550298,0.2735226002,0.1571440091,0.6423658872,0,0,0.282,0.209,43.535045711798,0
"38089",0.0839278865,0.0005958489,10.592869675,3388,0.092757584,0.0663454411,8620.45,9.3,0.1120732366,2.49273235,2.4741969935,0.2619143903,0.0783268542,0.0825188301,0.3000371686,0.1831678667,0.7598661102,0.0013782493,0.0007051508,0.364,0.21,44.3698934040366,19.4794653968941
"38091",0.0778156997,0,0,1649,0.0753098189,0.0831408776,9002.61,8.3,0.1115551378,2.6239199956,2.5731092646,0.2214824673,0.0817586795,0.0856687888,0.2664692235,0.1448978741,0.3437974684,0,0,0.407,0.328,17.2950536146662,17.2950536146662
"38093",0.0831476412,0.0007587613,17.546355575,2283,0.0879177822,0.07299102,9063.52,8.7,0.1320563832,2.8211203621,2.7231675619,0.228744386,0.0882732728,0.0911877072,0.2936579847,0.1686363321,0.8136492891,0.0029818251,0.0010886028,0.328,0.242,63.3593106507001,20.5917759614775
"38095",0.11558669,0,22.192632046,5547,0.1111111111,0.1288343558,11799.9,8.9,0.1465844111,3.1497133686,2.9244702087,0.1948091328,0.1006729684,0.102225584,0.2629725984,0.1662369487,0.6175422974,0.0026513478,0.0026513478,0.304,0.354,14.9075730471079,0
"38097",0.0673674152,0.0002495944,26.207412954,3605,0.0686886708,0.0670212766,8996.71,9.5,0.1144935543,2.7394331635,2.6312113252,0.2316668544,0.0864366362,0.0886445283,0.277821659,0.14758641,0.6520132989,0.000124533,0.000622665,0.392,0.186,53.9867109634552,58.1395348837209
"38099",0.1064228786,0.0004606172,16.582220175,6069,0.109441359,0.1020086648,10797.06,9.3,0.1483287268,3.1444135796,3.1119527613,0.2075873194,0.0966525446,0.0985575156,0.2991787202,0.1503759884,0.6583325839,0.0004585473,0.0007336757,0.352,0.273,37.0073397890582,30.8394498242151
"38101",0.0810227547,0.0007107011,11.748324776,2706,0.0887201993,0.0636341493,9755.68,8.3,0.1355863793,2.8054430827,2.5717488513,0.2568954295,0.0847719593,0.084927776,0.3232786436,0.17704461,0.7485204702,0.001922803,0.000997009,0.342,0.252,29.4828419526341,17.8830352827453
"38103",0.0828710125,0.0002486325,32.322227747,3797,0.0836538462,0.0817535545,10489.68,9,0.1270756694,2.6464900531,2.6683475177,0.2035639913,0.0840111696,0.0891021343,0.2638369991,0.1445940221,0.4925124792,0,0.0009760859,0.341,0.239,91.0822224062267,66.2416162954376
"38105",0.0996033201,0.0005397463,14.093376113,4959,0.1036658799,0.093001458,9693.01,9.3,0.1230677308,2.6729839544,2.6499006015,0.2689137992,0.085024843,0.0885514118,0.3189858661,0.2011932557,0.7873917314,0.0011649241,0.0006115852,0.381,0.238,26.2044334019178,24.263364261035
"39001",0.0906190455,0.0004328068,8.2954627426,7509,0.1010452962,0.0652810304,13678.94,7.1,0.2283991741,4.6888936662,4.6294950327,0.1658438766,0.148733949,0.1495853755,0.391744836,0.2528980297,0.4172329247,0.0005016662,0.0003224997,0.357,0.378,53.9846683541874,20.3942080449152
"39003",0.0769614445,0.0006589275,16.376286362,6380,0.0871796675,0.0528609245,11211.32,7.5,0.1745767158,3.9733315953,3.9937225239,0.1652568718,0.1235429109,0.1294308993,0.375511609,0.2034992634,0.7583113109,0.0016290413,0.0014555339,0.359,0.268,30.6844571919523,13.2427657354741
"39005",0.0823752036,0.0004848214,19.01991497,4998,0.0933507695,0.0564805226,9546.2,8.2,0.1577942196,3.7652724383,4.0322581369,0.1708335282,0.115410129,0.1259755399,0.3621739133,0.199860425,0.6007263968,0.001733393,0.0003914113,0.354,0.311,36.0192516689955,13.6624747709983
"39007",0.0830351313,0.0003578476,12.269060497,6681,0.092985524,0.0575911523,11881.26,6.9,0.1767385159,4.3218916283,4.1968647547,0.1718368785,0.131566518,0.1331389243,0.3988139262,0.2167951912,0.7299526094,0.0008754874,0.0003359428,0.372,0.307,82.7851232067482,23.5068868364841
"39009",0.0931747909,0.0007507846,9.1595717525,3544,0.1032562456,0.0536879077,9964.87,5.8,0.2185572568,4.6869816695,4.7417503892,0.1972407621,0.1483157686,0.1529598502,0.3846456975,0.2178920093,0.8140432695,0.0029311335,0.0007554468,0.351,0.229,37.2606381639569,11.5810091590677
"39011",0.0565952108,0.000393202,15.072742365,4843,0.0637317828,0.0404819695,11018.11,8.6,0.1430358105,3.5803919532,3.6817462822,0.199200046,0.1083611814,0.1144053839,0.3445320415,0.1867148444,0.7822803543,0.0004139975,0.0001525254,0.352,0.3,56.7371759434374,10.910995373738
"39013",0.0654686247,0.0003674903,15.728586338,8458,0.0741278316,0.0400939821,11233.63,7.7,0.1732015975,3.7613201876,4.0067905591,0.1788905924,0.1144051456,0.1243869585,0.3947830146,0.2231096319,0.6079545455,0.001295997,0.0008591441,0.353,0.311,36.727438334631,19.5879671118032
"39015",0.0757186786,0.0002753809,5.7371029925,5942,0.0847391592,0.0530964861,11529.44,7.7,0.1748902108,4.0213952118,4.3480158431,0.177646847,0.1233130132,0.1326386867,0.384892453,0.2372048248,0.4983722071,0.0007084257,0.0003199342,0.317,0.311,43.5323858038599,22.1480559352971
"39017",0.0687605763,0.000541245,8.4076888314,5764,0.0787044171,0.0451913541,11184.99,7.7,0.1616697027,3.8562160796,4.169564284,0.1864257351,0.1151744836,0.1247216236,0.3807426842,0.2019711683,0.8354684486,0.0014938933,0.0005138569,0.323,0.234,55.5010482070005,12.9765483959496
"39019",0.0778418069,0.0001825817,13.876209604,4396,0.0856513531,0.0569037657,9703.86,8.1,0.1545083729,3.8544302711,4.0796481977,0.167984567,0.1167683134,0.1261337992,0.3580068528,0.2135292995,0.3020876682,0.0003614153,0.0001445661,0.412,0.328,52.3528337493151,17.0451086625677
"39021",0.0665965985,0.0002059732,11.071060762,6686,0.0749583808,0.0456408552,10859.6,8.4,0.1541346935,3.7680835294,4.0637478132,0.1851253413,0.1130546574,0.1211812591,0.3591632899,0.1939885841,0.6754121256,0.001032338,0.0003355098,0.358,0.347,54.1511590926672,17.1908441564023
"39023",0.0715716472,0.0004533395,11.222010003,5783,0.0852868681,0.0376438901,10657.27,7,0.1685297221,4.1069180812,4.0354379465,0.17335081,0.1250289107,0.1283417746,0.3711233471,0.219789233,0.8609876168,0.0010757794,0.0004748268,0.37,0.299,62.3873561624844,18.3200966508883
"39025",0.0588022878,0.0006561744,7.1493629232,4828,0.0665997027,0.0398036968,10938.12,7.8,0.1558606626,3.7439712815,4.0513594562,0.2010681606,0.1098364594,0.1200186574,0.3859002578,0.2060724406,0.8341330442,0.0006649526,0.0003053856,0.382,0.287,41.9453502681565,15.0154561271222
"39027",0.0700916674,0.0007617415,9.5217691447,6382,0.078761498,0.0491186374,11016.15,7.3,0.1529863617,3.7513428734,4.0688503537,0.1785360863,0.1151732747,0.1254535362,0.3507277334,0.2019509868,0.5192435775,0.0021478688,0.0006920911,0.358,0.283,49.2188492315509,14.289343325289
"39029",0.0769133667,0.0004268654,15.716406182,5529,0.0867577572,0.0498714181,11568.66,7.4,0.1832349463,4.2387009952,4.2296063263,0.1751204031,0.1280981311,0.1297674197,0.3981600464,0.2168692393,0.7937704584,0.0008583691,0.0003954285,0.357,0.302,62.0501766167788,16.8052561670442
"39031",0.0877115023,0.0003557356,12.04028021,4799,0.0967896732,0.0657775769,10958.47,7.4,0.1664237276,4.0332622066,4.0079097224,0.1776371431,0.1248172894,0.1282905145,0.3862941082,0.1960449005,0.6341291564,0.0004098137,0.0003278509,0.384,0.323,34.6162605329082,13.6643133682532
"39033",0.0695107034,0.0003832703,17.726249221,4630,0.0813583452,0.0389694042,10441.45,7.1,0.1746627362,3.9677552628,4.3835136597,0.1661757608,0.1217308102,0.134554457,0.3655923127,0.2039867333,0.8206879225,0.0011643657,0.0006653518,0.335,0.312,47.0573221990924,15.1540529115721
"39035",0.0661125588,0.0011117216,9.3711404117,5871,0.0758432997,0.0385616655,10687.96,6.9,0.1640725424,3.7067450184,3.6978749399,0.168423928,0.1149616034,0.1216948739,0.3563295033,0.2062183686,0.9718362781,0.0028094564,0.0012966722,0.318,0.248,75.74050778211,13.7904382553171
"39037",0.0739448563,0.0005239056,17.463520646,3642,0.0808280951,0.0581459566,10090.58,8.3,0.157728159,3.7262056952,4.0606582449,0.1776079379,0.1137976829,0.1242987144,0.3542216759,0.1979342461,0.5370569686,0.000695276,0.0001931322,0.369,0.311,42.6806003737786,15.5202183177377
"39039",0.0674876686,0.0005503722,16.511164692,5307,0.0771536261,0.0441629956,10384.39,8.3,0.1605261858,3.8131007062,3.9218204805,0.1836155413,0.116013346,0.12238116,0.3413414468,0.2115503171,0.6901401235,0.0018606845,0.0006813774,0.387,0.326,36.6879515020222,16.596930441391
"39041",0.0435588667,0.0014266901,8.3805571075,2801,0.0490728914,0.0324951441,9479.83,8.9,0.104061665,2.9552094168,3.2930112263,0.205056449,0.0874706506,0.100480538,0.3084411278,0.1360697561,0.9569781992,0.0010078234,0.0003868413,0.296,0.179,31.7405978865083,10.1370495867906
"39043",0.0632177997,0.0007618589,13.633265167,6314,0.0701345457,0.044761965,11426.71,7.2,0.1642305916,4.010376272,3.8876156603,0.1772570975,0.1188001948,0.1214544548,0.3824199878,0.1969032722,0.8614019383,0.0020770368,0.0006257739,0.34,0.292,63.6860411777019,17.3689203211914
"39045",0.0575259853,0.0006139608,10.146510441,5136,0.0645252923,0.0413640344,11601.97,8,0.139634648,3.3750603215,3.7158139084,0.1858404186,0.103215744,0.1139989856,0.3611455185,0.1908264663,0.7834026656,0.0009829813,0.0005308099,0.372,0.259,54.1985524020107,12.52396828413
"39047",0.0695189461,0.0003130217,10.086254869,4511,0.0779010495,0.049375628,10395.1,7.8,0.1659841577,3.8875403886,4.1326670535,0.1681442492,0.1200858283,0.1299429567,0.3626171611,0.2220420158,0.5504650362,0.0005579579,0.0008369368,0.36,0.348,33.6841127140103,6.96912676841592
"39049",0.081761278,0.0010038847,9.6054044138,4332,0.0948587162,0.0468239846,10384.22,7,0.1572678561,3.5572197868,4.1814549272,0.1971503276,0.1114459704,0.1275851025,0.3686636859,0.192685158,0.9588822208,0.002254614,0.0009703302,0.302,0.224,43.5243724848382,12.3875070827317
"39051",0.0645198291,0.000378349,14.897491073,2785,0.0728482129,0.0449116101,9685.34,8.3,0.1545801753,3.4495162588,3.7309928623,0.194753115,0.1057826117,0.1158929454,0.3357146473,0.1815881361,0.5427888894,0.0011760832,0.0004469116,0.324,0.265,37.7717797590475,19.6728019578373
"39053",0.0852869507,0.0008674474,13.011710539,6167,0.0982963527,0.0534404963,12133.69,7.3,0.2122257253,4.3811651185,4.3573064571,0.1602289905,0.134265775,0.1399387394,0.3969287522,0.2261244269,0.5250210125,0.0008662335,0.0014659337,0.409,0.325,34.4570787066369,24.4534106950326
"39055",0.0888791941,0.0006920931,9.9022551588,3784,0.0883400089,0.0906240474,10278.96,8.7,0.1197202955,3.3309909893,3.5586475236,0.1820762597,0.0983368915,0.1088904052,0.3482018172,0.1573431884,0.823523113,0.00182862,0.0002657878,0.257,0.171,80.1392863348333,15.9569375445465
"39057",0.059773743,0.0008635579,9.7150259067,4645,0.0668481765,0.0414298451,10277.05,7.6,0.1447511581,3.6569002686,3.6418553952,0.1901092001,0.107394412,0.1151062324,0.3382055551,0.1776521836,0.7772214417,0.0021849301,0.000631202,0.31,0.221,53.4521693172536,13.4130911769887
"39059",0.0859509948,0.0004348605,16.371217353,6557,0.095160795,0.0616883117,11207.81,7.3,0.1929496918,4.077074746,4.3364551816,0.1713128045,0.1275590961,0.1359901082,0.3835846652,0.2068221952,0.4928280989,0.0010495866,0.0005631928,0.355,0.315,31.5758930857328,14.5078427691205
"39061",0.0683827657,0.0011022066,10.493695182,4832,0.0784989115,0.0426768464,10551.52,6.7,0.1575279796,3.7841331417,4.0474327992,0.1940022186,0.1144578272,0.1255770179,0.3885345385,0.1823086152,0.9541921847,0.0027981743,0.0012211114,0.307,0.234,57.7552513624132,13.3628189809416
"39063",0.0628550159,0.0005544262,13.596641761,4067,0.0690381206,0.0476217569,9744.29,8,0.1416945525,3.6083143676,3.6703629304,0.1902602226,0.1092770761,0.1180699922,0.3945936693,0.1958717653,0.8497499398,0.001278469,0.0007776255,0.357,0.267,37.7928949357521,12.744115734149
"39065",0.075263115,0.0003188369,11.159290907,7446,0.0814933762,0.0603910016,11092.66,7.8,0.1787937286,4.171819921,4.1875067212,0.2018225552,0.1267003602,0.1306227588,0.3953209303,0.2318672869,0.6460477884,0.0002859503,0.0003177226,0.375,0.365,43.4699633155919,12.7229160923684
"39067",0.0782404298,0.0001971609,15.115667718,6518,0.0868525896,0.0552352049,11908.38,8,0.1655082641,3.9761203156,4.0880602571,0.1800577919,0.1201823442,0.1280067777,0.3847883894,0.2079009245,0.2665784165,0.0002613184,6.53296e-05,0.377,0.277,37.2015668424623,45.9548766877476
"39069",0.0625819579,0.0003678499,15.817546441,3733,0.0697455231,0.0452046426,10109.97,8.4,0.1386169149,3.4337882387,3.6622203046,0.1854160729,0.1040674534,0.1136390656,0.3430049047,0.1711756301,0.430976431,0.0009048464,0.0001447754,0.342,0.268,40.2930402930403,7.32600732600733
"39071",0.0921079093,0.0003258011,12.10118452,5013,0.1029453355,0.0656975647,11324.07,7.5,0.1985179648,4.3482387774,4.2427124065,0.1576596145,0.1358286325,0.1368272355,0.3616707787,0.2190575211,0.4176741839,0.0006042436,0.0004880429,0.354,0.302,44.9410342636644,17.821444621798
"39073",0.0704772717,0.0004916766,8.4287420103,4837,0.0779917715,0.0508474576,11724.14,7.5,0.1890900667,4.1878970401,4.2773961172,0.1676928346,0.1281997632,0.1326426635,0.3857693567,0.2134970367,0.8307011572,0.0008468596,0.000388144,0.402,0.35,42.254017065928,19.9532858366882
"39075",0.2389907039,0.0002502446,11.374752599,1414,0.2399715267,0.2329458973,9779.02,8.5,0.1613851756,3.7869771141,3.9909522153,0.1970589124,0.1134818188,0.1229350291,0.3722185158,0.2072785592,0.3710994666,9.10415e-05,0.0002276038,0.268,0.232,29.5936563341807,30.3524680350571
"39077",0.0759456939,0.0003932027,12.650870175,5851,0.0862972234,0.051559081,10776.25,7.8,0.1611928598,3.7468336004,3.8470621915,0.1868510543,0.116234887,0.1230502118,0.3811532581,0.1966789226,0.6980679569,0.0007871456,0.0008384812,0.409,0.264,53.580487582437,15.9601452373217
"39079",0.0785204656,0.0004006287,12.327036272,3811,0.0907901622,0.0482323232,12013.91,7.4,0.1894132682,4.466196691,4.5467545522,0.1720669549,0.1365461752,0.1427371142,0.3912833322,0.2351836983,0.5830850263,0.0007383479,0.0007075834,0.428,0.35,44.1759641661016,22.6016560849822
"39081",0.0717011129,0.0004219473,19.439714281,6552,0.0818198641,0.0419977299,13633.16,6.8,0.1919274125,4.1683982958,4.2225719864,0.186204313,0.1253176827,0.1304574478,0.4004076575,0.2141853865,0.7550244588,0.0013942192,0.0011693452,0.381,0.361,55.3236433133833,19.1118040537142
"39083",0.0755135683,0.0003427956,13.875059173,4935,0.0843999644,0.054345557,11427.54,7.9,0.1698232561,3.990361834,4.1562800347,0.1821576657,0.1204585338,0.1244204128,0.3352905626,0.2008393976,0.6887772689,0.0011839379,0.0006412997,0.334,0.26,19.5686206296747,16.3071838580623
"39085",0.0632076956,0.0004432528,8.6477748276,5999,0.0711615371,0.0412512539,11089.55,7.9,0.1279977096,3.3989258146,3.5597354849,0.178866644,0.1003179107,0.1097976924,0.3403571557,0.1762615214,0.9122113015,0.0014784746,0.0004986571,0.274,0.215,72.3980587454388,14.653715297173
"39087",0.0696528694,0.0004481402,9.6267157961,7018,0.0808151595,0.0397159973,11641.29,7.4,0.1856707478,4.0635507204,4.4905333517,0.1637545819,0.1243690322,0.1372777549,0.3772516838,0.2311416361,0.4864371497,0.0008213957,0.0003942699,0.405,0.371,56.9101648184676,15.4707244166708
"39089",0.0691378475,0.0004381717,10.0318251,4622,0.079288546,0.0443967061,10282.23,7.9,0.1591629377,3.6110225066,3.9107400078,0.1816455859,0.1089618569,0.1198988035,0.3384337975,0.2092797183,0.7955217067,0.0009814284,0.0003368216,0.33,0.24,48.3300250280487,16.3017941562863
"39091",0.0701258877,0.0004412576,13.017098731,4778,0.0784795061,0.049779978,10915.78,8.1,0.1532069615,3.7539145865,4.0088206285,0.1788695073,0.1135003053,0.1233897127,0.3767676279,0.1951201143,0.6368790615,0.0009963467,0.0002878335,0.386,0.311,53.7365290618927,19.8751545845357
"39093",0.0615210801,0.0005293514,9.7101882283,6596,0.0716957466,0.0364867142,11718.66,7.5,0.1692653875,3.9793208862,4.0419989632,0.1734620714,0.1203552125,0.1224470154,0.3875247775,0.1987308947,0.8953596411,0.0012958399,0.0004634994,0.359,0.258,55.7510148849797,17.1041948579161
"39095",0.0752643028,0.0009190345,9.909790734,6143,0.0892875146,0.039048703,10979.3,6.9,0.1814195746,3.8872511534,4.1998219675,0.1872950978,0.1226877448,0.1336531042,0.3984407606,0.2111499676,0.9771080656,0.0021156656,0.0011561014,0.37,0.272,43.1463092894468,15.5419501203921
"39097",0.066609657,0.0003406304,8.4022163684,5166,0.0731125162,0.0502901354,10472.2,7.7,0.1472048491,3.7363430153,3.7775688999,0.1963683898,0.1089927515,0.1140588178,0.4052890949,0.204583136,0.5644986762,0.0005527534,0.0002994081,0.331,0.275,52.3250523250523,15.1666818333485
"39099",0.0677663691,0.0010313495,13.359675538,5699,0.0788859214,0.0365799819,11117.66,6.7,0.1747064424,3.9151762677,3.9474718991,0.1581086257,0.1226074378,0.1279251768,0.3818177212,0.2211438817,0.7934872269,0.0022694863,0.0006347605,0.331,0.322,58.4527287126185,16.5350150700708
"39101",0.0681120371,0.0002924562,13.853187003,6837,0.0781915506,0.0424961992,11732.66,6.4,0.1848868318,4.2176749384,4.3231424212,0.1727910294,0.1269724641,0.131766399,0.3821788024,0.2479100318,0.7721838769,0.0014901069,0.0008756298,0.388,0.304,68.6057168017448,17.4074206810397
"39103",0.0543505445,0.000594267,9.5306972546,4283,0.0620554534,0.0356018236,11008.6,8.5,0.1127270237,3.0005217353,3.4506812373,0.1971092012,0.0915842465,0.1053925939,0.3373692825,0.1733905989,0.9269955667,0.0011116064,0.0004006297,0.274,0.22,53.4841361563981,15.8956348716568
"39105",0.0793305803,8.66551e-05,15.164644714,5588,0.0905674282,0.0488810365,11552.15,7,0.1995589092,4.2641344013,4.2788564186,0.1597291177,0.1333641571,0.1373635549,0.4054857791,0.2267373376,0.4089188052,0.0005189189,0.0003891892,0.412,0.4,54.8253523971664,33.1837659246007
"39107",0.062844935,0.0004893206,11.98835417,4808,0.0702917772,0.0471151192,9450.33,8.8,0.1445291819,3.4314142718,3.6937199817,0.1988671677,0.1024171576,0.1128873488,0.3488636234,0.1618820794,0.6779536434,0.000782224,0.000342223,0.342,0.269,18.7386447886199,12.220855296926
"39109",0.0646798162,0.0004946633,12.271456023,4996,0.0736756713,0.0431223797,10417.28,8.2,0.1490740361,3.5392753435,3.8227223021,0.1815153672,0.1069617561,0.1183028333,0.3556162757,0.1885889337,0.8547499659,0.0009553014,0.0005445218,0.358,0.253,67.0837249187559,14.5559025767112
"39111",0.0890218814,0.0001434103,16.492184139,7222,0.095129376,0.0729976343,11350.63,7.6,0.1862275338,3.9617511051,4.2009445813,0.1671263587,0.1216595015,0.1300338428,0.3628521707,0.2101443105,0.7025679552,0.000140746,0.0004222379,0.356,0.317,69.1365088447051,78.6725790301817
"39113",0.0747098481,0.0009350155,10.723517615,4557,0.0866716043,0.0441812479,10887.88,6.7,0.1897845777,4.0556508918,4.2450012205,0.1639668871,0.1257824734,0.1332337966,0.390749144,0.2118123593,0.9292763004,0.0018842743,0.0010202564,0.356,0.27,74.0386881924279,15.8609552181916
"39115",0.0785131145,6.79856e-05,11.557549799,5265,0.0876161355,0.0542732377,10366.73,7.4,0.1954437365,4.3402051868,4.4799003138,0.1604287003,0.1357360971,0.1430774823,0.374340866,0.2209069536,0.2774677826,0.0005403945,6.75493e-05,0.352,0.288,102.001496021942,104.26819593354
"39117",0.0792017462,0.000171458,7.1440818426,5900,0.0849858357,0.0647176706,11445.26,8.6,0.1631667313,3.7763886047,3.966996181,0.177085772,0.1111185869,0.1203395381,0.3628896203,0.1964076382,0.1733425216,0.0005422993,8.56262e-05,0.391,0.324,32.3372201403816,11.4131365201347
"39119",0.0739336493,0.0006732522,13.697199039,6247,0.0850043592,0.0461097946,11388.24,7,0.186052397,4.3783123114,4.3399246784,0.164970551,0.1331032704,0.1378883018,0.40007139,0.2170858932,0.8185630969,0.0011502533,0.0008830227,0.376,0.319,41.0216718266254,22.4458204334365
"39121",0.0781683113,0.0002082466,11.800638623,7740,0.0857900484,0.0603511339,10586.77,7,0.1522903249,3.6772400172,3.877951124,0.166309583,0.1123040201,0.1208170573,0.3668059619,0.1785260257,0.3187435985,0.000489716,0.000489716,0.381,0.327,39.4852975333302,44.1306266548985
"39123",0.0651079137,0.0004427282,15.495486632,4611,0.0722849696,0.0446026987,10870.39,7.9,0.1641795968,3.6252279411,3.904167896,0.1763791239,0.1083620165,0.1183211925,0.3504891002,0.1864374238,0.7468861639,0.0005660006,0.000172261,0.395,0.274,72.9137651357507,18.8428831249693
"39125",0.0712609206,0.0002653224,12.7354736,4704,0.0807997809,0.0485689506,10936.35,8.2,0.154010535,3.7127075557,3.9111248373,0.1830473032,0.1102649009,0.1187046364,0.3609219967,0.2031460715,0.1855817273,0.0004770739,0.0002650411,0.401,0.295,31.8753320347087,26.5627766955906
"39127",0.071307074,0.0002220742,9.7157450588,5965,0.0806033685,0.0482938442,11356.99,7.7,0.1835549681,4.1564293051,4.2330617107,0.1760776173,0.1285940291,0.1334310115,0.3786559096,0.2160006721,0.8423096123,0.0003061764,0.0005010159,0.393,0.345,32.4122092161802,13.8909468069344
"39129",0.0685860582,0.0004150095,8.3001902127,3920,0.0727278361,0.0581548217,11087.41,8.2,0.1548298073,3.7090950432,3.8814883818,0.1976670801,0.1111978091,0.1167080451,0.3830255792,0.2062890077,0.8402097023,0.0006601233,0.0003821767,0.347,0.286,23.6337120491581,16.7165280347704
"39131",0.0754815654,0.0002829855,7.0746374248,1549,0.0863287438,0.0493898896,11905.13,7.1,0.1860066279,4.2645611176,4.41219606,0.1650069537,0.1324266956,0.1405978755,0.3863711555,0.2389681864,0.482740604,0.0004616477,0.0003551136,0.419,0.337,120.714344887984,28.403375267761
"39133",0.0684348902,0.000406712,8.9969619848,4400,0.077550526,0.0406967686,10836.15,7.4,0.151019299,3.7442514029,3.9465970515,0.1852134099,0.1117181007,0.1204727784,0.3495114779,0.204292712,0.8365248205,0.0015501386,0.0002717375,0.279,0.247,43.1100846805235,15.8070310495253
"39135",0.0667089257,0.0001702335,8.2684824903,4532,0.0739322288,0.0486969162,10914.84,8.4,0.1603802855,3.7294260925,4.0849249618,0.1768120756,0.1128330202,0.1233055296,0.3580336422,0.2021095416,0.4176011356,0.0006545931,0.0003636628,0.367,0.257,38.0986349340164,15.4015758243896
"39137",0.054911032,0.0005608359,12.98777968,4071,0.0613559669,0.0413269295,10694.17,8.7,0.124525365,3.1784363205,3.6102133441,0.2058238989,0.0977231377,0.1123277602,0.3514084952,0.1625425699,0.3729963187,0.0004698144,0.0002055438,0.381,0.231,37.3596555046503,11.7977859488369
"39139",0.0828954729,0.000539021,15.092587218,5289,0.0915859675,0.0606568365,10043.71,6.9,0.1902887679,3.8218258024,4.0530050149,0.1698784198,0.1212855447,0.1278751885,0.3764835529,0.2168383919,0.770668809,0.0022129192,0.0005532298,0.356,0.32,64.4992351052247,15.1600766272964
"39141",0.069195328,0.0005691152,10.218203924,1262,0.0804010726,0.0402165507,12455.64,7.4,0.1886794597,4.2937716528,4.3063132239,0.1634954688,0.1288895777,0.1332991797,0.4096059261,0.2338438681,0.7095075835,0.0024805195,0.0011168831,0.389,0.323,55.7852311843767,20.3248516718272
"39143",0.068144345,0.0004899062,12.332122645,4078,0.0759293359,0.0487172096,9763.95,8.2,0.1830839127,4.0393991224,4.003326553,0.170462867,0.1213966157,0.1242391248,0.346944556,0.1893808049,0.8237398267,0.000842744,0.0004887915,0.348,0.266,58.0857639123864,14.6624258419616
"39145",0.070314739,0.0006321695,11.062966719,6282,0.0799612197,0.0452118192,14481.38,6.8,0.2196949813,4.4618735968,4.5156359693,0.1641449927,0.1385588836,0.1432359267,0.4151232342,0.2194422318,0.7745003082,0.0011434129,0.0012354116,0.386,0.339,47.9080867971466,18.4599967475244
"39147",0.0661718948,0.0004163423,14.662491175,4600,0.0750047652,0.0441597708,9836.23,7.8,0.1549821087,3.9088864002,3.8599839281,0.1743595191,0.1180415972,0.1220849659,0.3842177312,0.2003329565,0.7303374747,0.0008852275,0.0003793832,0.378,0.277,33.1718967690573,20.5062634572354
"39149",0.0626890632,0.0003896717,10.459607457,4429,0.0708308533,0.044786674,10611.6,8.1,0.1373195561,3.4183137187,3.7185099839,0.1868331755,0.1042645379,0.1151423432,0.3670156307,0.1781625145,0.69330069,0.0006581248,0.0002262304,0.339,0.274,41.0933572587991,12.3280071776397
"39151",0.0730989608,0.0008025941,12.213388021,4100,0.0842027237,0.0434306482,10657.32,7.3,0.1651109223,3.8686157854,4.1319469797,0.1832412042,0.1161891925,0.1258579458,0.3660982427,0.199729678,0.7982193159,0.0021787309,0.000690556,0.366,0.281,64.8637235534942,19.9511866930058
"39153",0.0668776146,0.0009478445,11.178283459,4960,0.0763761971,0.0405520618,10710.48,7.2,0.1522442754,3.7699474201,3.8666464129,0.1787995242,0.1128373686,0.1224179643,0.3796368623,0.1952536035,0.9424656826,0.0021173422,0.000849528,0.312,0.262,64.1228596454702,16.5696918776479
"39155",0.0780814853,0.0004591277,12.476295039,6279,0.0878494755,0.0511631192,11463.89,7,0.1640436665,3.8468455594,4.2075174143,0.1700187705,0.1154824083,0.1277198159,0.3784233097,0.2178830805,0.816924379,0.0012188777,0.0001932367,0.392,0.279,64.0778121005539,19.9723050703025
"39157",0.0783261222,0.0004117144,17.660378994,4791,0.089370892,0.0513208586,10467.79,7.6,0.1763371538,3.8596733708,3.8107589408,0.1689823582,0.1212921733,0.1219660071,0.3622120824,0.2138441743,0.7562269124,0.0011902186,0.0004111664,0.347,0.262,35.0315825968876,13.7237127699147
"39159",0.052273541,0.0004934703,11.631800638,3655,0.057070919,0.0419391814,10372.31,8.4,0.1269307546,3.4815073099,3.7051844774,0.1901593563,0.1030699591,0.1121898575,0.3643733879,0.1790828726,0.7811281071,0.0010999513,0.0004327677,0.349,0.236,35.287267765669,11.1743014591285
"39161",0.0642246319,0.0004607152,16.302229153,3445,0.0731483183,0.0425246195,10226.8,8,0.1447005978,3.5891628711,3.9004414987,0.1788361699,0.1111276901,0.1214928711,0.3732778499,0.1838795925,0.6251391595,0.0007756858,0.0005641351,0.403,0.28,53.0285175583314,11.7841150129625
"39163",0.0840179238,0.000152765,3.8191261839,2826,0.0945380814,0.0562478949,11828.77,5.6,0.1881814523,4.2457403875,4.3258813593,0.171699078,0.1310878661,0.1390370392,0.3741751342,0.2224280686,0.6262746557,0.0002321802,7.73934e-05,0.423,0.335,40.8663669799755,12.7707396812423
"39165",0.0504782913,0.0008563365,9.0002708819,4182,0.0575450384,0.0352098765,10619.01,8.5,0.1198664374,3.1743054886,3.5131463831,0.1939962334,0.0929631103,0.104145901,0.3540862472,0.1564169572,0.8897895088,0.0019598085,0.0004580227,0.279,0.212,54.0604954382824,12.3525325598226
"39167",0.0732147073,0.0007779139,12.744546327,6595,0.0816203664,0.0493506494,12204.56,7.8,0.1827228191,4.0112038235,4.0867939206,0.1645161666,0.1211866669,0.1258383027,0.3726196745,0.1919027586,0.6755964907,0.0007919485,0.0015014024,0.363,0.296,80.5815115104618,15.4539885088557
"39169",0.1129983639,0.0005429256,14.13330116,4398,0.1164001659,0.1044085911,9724.86,8,0.1499660408,3.7250287426,3.8925705051,0.1741476282,0.113245233,0.1208080247,0.3475516944,0.1864705422,0.6730090814,0.0029277926,0.0003176784,0.323,0.237,59.6886433747041,12.6264437908028
"39171",0.0639137748,0.0004893432,19.030013049,3603,0.072878361,0.0424032351,9978.35,7.8,0.1630883173,3.798330578,3.9806660995,0.1674501381,0.11657522,0.1252265614,0.3661154775,0.2046070056,0.6367089953,0.0006213361,0.0004862631,0.383,0.28,34.3564938293929,18.0823651733647
"39173",0.0553628271,0.0006743708,12.031388897,5257,0.0633305384,0.0337094907,10560.98,7.5,0.1566844844,3.6830456934,4.1255780215,0.1820234624,0.1101385226,0.1213198933,0.3255101279,0.1711147364,0.7718985082,0.0013362105,0.0004914797,0.351,0.237,43.9440275723224,15.5848004762306
"39175",0.067633665,0.0002269735,19.97367107,4495,0.0754775586,0.0480231437,9821.1,8.4,0.1593155477,3.7008243849,3.9594839011,0.184740694,0.1114255328,0.1208084438,0.3544204452,0.2001994481,0.5847004201,0.0005425445,0.0004069084,0.341,0.241,39.3450561423686,18.1592566810932
"40001",0.2453513247,0.0003651467,8.2158017253,10860,0.2956925742,0.1309871245,12570.83,6.8,0.2786958056,5.9041080499,5.8068455746,0.1148665682,0.1902590878,0.1917560889,0.3948664479,0.2652173641,0.2925098091,0.0021721423,0.0004525296,0.432,0.22,33.2884443704701,21.183555508481
"40003",0.1819620253,0.0003385813,22.007787371,3927,0.2047637342,0.134244373,10862.2,6.5,0.1641383413,3.9781869434,4.0542714996,0.1486702639,0.1176850762,0.1210708611,0.3240993506,0.1720503962,0.3908188586,0.0001716149,0.0005148447,0.4,0.302,34.3092406221409,34.3092406221409
"40005",0.2074216867,0.0001440196,12.241664866,9618,0.2395649218,0.1306675063,13484.22,5.9,0.2233623954,4.9067114416,5.0581887588,0.1280252715,0.1502804934,0.1532771003,0.3434464046,0.2116279257,0.3592582146,0.0115858074,0.0002172339,0.311,0.3,24.0760804141086,16.853256289876
"40007",0.2041538825,0.0001881468,22.577610536,4848,0.2342342342,0.142557652,11723.35,7.7,0.1783267015,4.1070190957,4.1528866989,0.1308362172,0.1227928355,0.12470483,0.3287020904,0.1474336791,0.0198722498,0,0.0007432181,0.318,0.254,37.4625374625375,37.4625374625375
"40009",0.17604345,0.0007341807,17.895654568,4263,0.210188905,0.1023306628,10614.73,7.8,0.195696361,4.2920564044,4.2541077917,0.1436974008,0.1295667446,0.1298240151,0.3399519517,0.1771046846,0.7411727474,0.0027088237,0.0008881389,0.344,0.262,28.7787219218128,25.7493827721483
"40011",0.1727858929,0.000315856,22.109917877,3810,0.2118923107,0.0931410756,12134.14,6.7,0.1945397512,4.3200897454,4.5204286501,0.1317720915,0.1291213705,0.1352017901,0.3153339919,0.1728604345,0.7551703927,0.0036295759,0.0008296173,0.352,0.313,48.9065884161252,59.386571648152
"40013",0.1963357133,0.0004101988,9.931129774,9131,0.2352586109,0.1023622047,14018.76,7,0.2038977734,4.640785164,4.9099318195,0.1270403916,0.1417507383,0.1517683651,0.3306014578,0.1975714221,0.4410599774,0.0087771268,0.0004388563,0.331,0.3,28.7595985160047,20.1317189612033
"40015",0.2034307156,0.0001713914,13.711308402,5880,0.2492774566,0.1074840764,12598.77,6.5,0.2358533198,5.0057706852,5.0105561801,0.1303144291,0.1518418574,0.1519149696,0.3453037486,0.2205995918,0.5185472973,0.0004059952,0.0005751599,0.429,0.322,35.3449553627419,20.5228773073985
"40017",0.1277540734,0.0003930649,6.8607692638,3578,0.1565308854,0.0649998694,10849.11,8.1,0.1449361274,3.7859257758,4.0712544429,0.1342446628,0.1103933515,0.1172746368,0.3336438397,0.1438735651,0.854380696,0.0019482612,0.0004980517,0.355,0.248,25.4214133830674,17.1059977904753
"40019",0.1777381072,0.000539531,12.243203984,4871,0.220790471,0.0827493898,12026.64,7.4,0.1993438941,4.5209974715,4.5806254999,0.1297015911,0.1335116826,0.1390822463,0.3459890587,0.1827113552,0.4531194146,0.0043866875,0.001112118,0.361,0.372,40.7112742628844,25.5307991140123
"40021",0.2440574552,0.0005318279,6.9546719031,3840,0.2981571018,0.1051156272,11516.08,6.5,0.2666761405,5.4013947805,5.3396420764,0.1274953388,0.1710590058,0.1715685642,0.3466226592,0.2235986836,0.6832528146,0.0038809035,0.0007597536,0.424,0.323,32.817595700895,19.827297402624
"40023",0.2098363465,0.000403687,11.43779856,10385,0.2579621721,0.0983561644,13228.79,4.3,0.2539106915,5.4616812495,5.1913241368,0.1075382196,0.1704100533,0.167657687,0.3410238803,0.2120803005,0.353699441,0.0082633524,0.0006046355,0.336,0.416,29.2687319884726,27.0172910662824
"40025",0.2509457755,0,27.855153203,5039,0.2859813084,0.1765799257,12488.82,7.2,0.2043379725,4.431368164,4.3945392226,0.1099609363,0.1360135762,0.1357848669,0.3133644515,0.1651132362,0.3595959596,0,0,0.269,0.286,0,15.4583397743082
"40027",0.1274061511,0.0005006419,7.9029899049,3322,0.1516734957,0.061785575,11221.61,7.6,0.1509639949,4.0583793342,4.7461775956,0.1474706373,0.1193486871,0.1306342259,0.3313305668,0.1455412628,0.8457312663,0.0031185516,0.0006926127,0.355,0.215,28.6916716767961,18.453149833624
"40029",0.2134281903,0.0001772421,12.406947891,12894,0.2477987421,0.1314655172,13473.07,6.4,0.208154934,4.8345836947,4.8984197332,0.1237330912,0.1465028169,0.1525166218,0.3248419921,0.1977911513,0.4781434599,0.0003539197,0.0005308795,0.287,0.278,29.7388925236424,29.7388925236424
"40031",0.1495827136,0.0007981831,9.1338479009,4583,0.1821289844,0.0731334669,11010.24,6.1,0.1958727223,4.2873767135,4.4122686226,0.1367197072,0.1324550632,0.1367284637,0.3332386396,0.2064834037,0.6665860852,0.0030048471,0.0007368835,0.329,0.277,24.9942321002846,17.8530229287747
"40033",0.1812194604,0.0001717328,10.303967027,4340,0.2141608392,0.0958395245,12722.66,5.2,0.1876388488,4.4506877228,4.570619544,0.1332012914,0.1328487317,0.1372920814,0.3350417054,0.1816105807,0.4398514452,0.0003366437,0.0003366437,0.333,0.376,68.4150513112885,45.6100342075257
"40035",0.1925837321,0.0004187897,15.355622252,5509,0.2237843415,0.1175577157,10659.3,7.1,0.219973105,5.057924804,5.0055365338,0.1205594129,0.1547050315,0.1558811384,0.3583677081,0.1976546877,0.5106128152,0.0046495726,0.001025641,0.327,0.346,34.6756669286606,34.6756669286606
"40037",0.1616149576,0.0002370858,10.878054223,6457,0.1982522687,0.0751393534,11442.92,7.2,0.1805086473,4.4167882927,4.5193469282,0.132471863,0.1308107439,0.1359333136,0.3083452428,0.1804039996,0.5986393586,0.0023137761,0.0001963204,0.351,0.256,42.8664616531544,24.2288696300438
"40039",0.2030396681,0.0005555556,17.361111111,5259,0.2477683957,0.1014981779,10364.34,6.9,0.1858046262,4.3223015221,4.3004106012,0.1441609511,0.130103989,0.1343476429,0.3174317079,0.1812135286,0.7401070297,0.0054620558,0.0006486191,0.392,0.308,39.0225986755271,16.0681288663935
"40041",0.2390415697,0.0004694615,9.6239613164,3402,0.2879585634,0.1074111447,11148.05,7,0.234535773,5.2633756141,5.2074214322,0.1144716134,0.1611690904,0.1628143959,0.3384273792,0.2090096906,0.4494178899,0.0015866147,0.0004807923,0.32,0.328,41.7543113295991,19.6954298724524
"40043",0.2024114931,0.0004100041,20.500205002,5362,0.2321428571,0.1463768116,12020.05,4.8,0.1813508943,4.4276009099,4.5667739919,0.1274869184,0.1331379597,0.1391113561,0.3133164952,0.178627093,0.3147609148,0,0.0002075119,0.329,0.271,54.828318826674,0
"40045",0.1929312581,0.0005042864,27.735753908,3870,0.2174908425,0.1365546218,9959.69,4.7,0.1747165624,4.2031574643,4.4174788608,0.1239638009,0.1249052502,0.132870811,0.3165911016,0.1603568668,0.3938809925,0,0.000245098,0.351,0.231,91.6819469911652,66.6777796299383
"40047",0.1802195629,0.0005358796,14.452509703,5318,0.2276740775,0.0792427644,10415.56,7.6,0.1923260933,4.4397452306,4.211719587,0.1357844588,0.1319059664,0.131651765,0.3284737292,0.1892855943,0.6125619016,0.0041371819,0.0006069997,0.351,0.292,68.6126733550517,19.9895190089521
"40049",0.1865497334,0.0003224766,12.540757462,4675,0.2234862849,0.1050959812,12194.47,7.1,0.2043187278,4.6823289381,4.8078392585,0.1300828443,0.1430512293,0.1460088973,0.3454848163,0.2060882839,0.3462068465,0.00118543,0.0007184424,0.324,0.326,41.8870724526676,22.7386964743053
"40051",0.1463667439,0.0003640136,12.37646288,4540,0.1760347233,0.0768280273,12111.12,7.8,0.1768775264,4.103044982,4.5083273813,0.1307247835,0.1204693272,0.1315216655,0.3271773425,0.1687167148,0.5501516279,0.0012624646,0.000530601,0.343,0.297,29.0646628196356,18.1654142622723
"40053",0.1629065338,0,25.028441411,4895,0.1829268293,0.1183486239,10558.85,6.4,0.1426509097,3.7783968411,4.0353638252,0.1340246554,0.1085302046,0.1168012608,0.3143431608,0.1452912237,0.3050585377,0,0.0006718925,0.298,0.271,45.5028060063704,75.8380100106173
"40055",0.1379774072,0,20.537395174,8577,0.171832091,0.0648604269,11153.35,7.3,0.2007579949,4.5089916887,4.4138095572,0.138348375,0.13595481,0.1325808263,0.3506587124,0.1875996709,0.6467382593,0.0043347783,0.000666889,0.257,0.278,45.2949835805684,45.2949835805684
"40057",0.2420503085,0.0003718855,14.875418371,14776,0.2863041982,0.145323741,13666.86,8.2,0.2242813128,4.4720719142,4.3337309784,0.1144589369,0.1372571782,0.1346775681,0.3275265466,0.1708580977,0.7919233402,0,0.0014792899,0.266,0.182,12.4115675809855,12.4115675809855
"40059",0.2586872587,0.000262605,21.008403361,4421,0.2859894078,0.2038745387,11964.56,6.7,0.1846288596,4.1153469301,4.1616932402,0.1316014152,0.1235928239,0.125130881,0.3136390059,0.1571968126,0.2488466757,0.0008071025,0.0008071025,0.242,0.275,61.8265324147677,61.8265324147677
"40061",0.2103397341,0.0003134059,9.4021781713,6900,0.2517424031,0.1131595677,12977.07,6,0.2190744855,4.9754205951,5.2191283905,0.1195359261,0.1505974715,0.1595614665,0.3519331212,0.2094289807,0.5753778683,0.0021965953,0.0010198478,0.3,0.293,28.8124050500288,13.0965477500131
"40063",0.2041338163,0.0003007067,13.531799729,5730,0.2454971999,0.1081542136,11201.99,6.5,0.2243841808,4.8726543763,4.8733672146,0.123286997,0.1479580994,0.1515749674,0.3592415825,0.2043312958,0.1490394915,0.0013268465,0.0005897096,0.361,0.348,44.7727781508843,24.8737656393801
"40065",0.1658975099,0.0005174129,11.542288557,5551,0.2022758621,0.0854765507,11297.79,7.2,0.2078430757,4.3333317749,4.3222005121,0.1346292483,0.1321311468,0.1323632724,0.3323928073,0.1688997988,0.5232549346,0.0021178962,0.0004706436,0.38,0.235,38.3745087401252,14.5558481428061
"40067",0.199958124,0.0003234676,11.321365033,5019,0.2427503737,0.1022044088,12568.48,6.5,0.2193466685,4.75611931,4.6991327148,0.1172046401,0.1462932079,0.1475148085,0.3395574974,0.1945784141,0.3609394314,0.0001605136,0.0008025682,0.425,0.265,70.1337936987484,70.1337936987484
"40069",0.1985251757,0.0002712477,13.56238698,7895,0.2315206773,0.1211214953,14289.79,6.3,0.2231939121,4.8766172667,4.9294934597,0.1202435851,0.1497909658,0.1544491039,0.333181019,0.2047991924,0.4237473761,0.0069450708,0.0011725444,0.39,0.259,48.344210780759,30.2151317379744
"40071",0.1562934188,0.0004040948,16.163793103,4231,0.1954343899,0.0723311547,10656.61,6.5,0.18040074,4.3848975543,4.4352614479,0.1272180322,0.1331382694,0.1400451612,0.3289788218,0.184456111,0.7862205232,0.0018022829,0.0004672585,0.401,0.32,60.6069675565665,27.6846641925057
"40073",0.1759908537,0.0005105623,15.316867701,4695,0.2058459809,0.1162216738,12274.09,8.7,0.1613119738,3.8957501419,4.0252084798,0.1465768217,0.1140533494,0.1193602966,0.3055533839,0.1558858544,0.5697751763,0.0014068295,0.0004476276,0.376,0.335,53.0526494493135,25.4652717356705
"40075",0.1739565466,0.000337344,19.116158777,7091,0.2097295115,0.0891778913,11478.88,5.3,0.2086877964,4.5599300239,4.7247805861,0.1238824239,0.1424634199,0.1457955404,0.3560180904,0.1941604294,0.7817065425,0.0013220227,0.0008813485,0.333,0.286,78.6546312595977,18.7272931570471
"40077",0.1947381996,0.0001921045,13.44731534,5203,0.2356020942,0.0951365188,12384.04,6.4,0.2189720058,5.0906729516,5.1178350032,0.1210104171,0.1548780257,0.1578574183,0.3469400933,0.2186296741,0.5801506186,0.0056654504,0.0015363933,0.368,0.34,61.1798042246265,32.1998969603297
"40079",0.2018648491,0.0003016227,8.0432728077,7344,0.2537645203,0.0814163654,13053.45,6.8,0.2220483502,5.0249056667,4.9464601464,0.1149636697,0.1569491292,0.1565777035,0.3414898078,0.2130094202,0.3053548746,0.003127945,0.0003208149,0.394,0.355,39.4427211466467,22.7297037116269
"40081",0.1868301226,0.0002561038,9.9595925104,3521,0.2261266627,0.0962059621,11174.01,7.8,0.1809690467,4.3612394548,4.5055214912,0.1340765388,0.1263912261,0.134905762,0.32515527,0.1824714952,0.3659732151,0.0018218566,0.0003700646,0.387,0.295,41.8286735557224,18.0623817626983
"40083",0.1349032494,2.13748e-05,8.9774281806,3301,0.1615745967,0.0711926287,11541.04,7.4,0.1624093716,4.0203912843,4.2714269989,0.1355934208,0.1204731053,0.1289340309,0.3451063927,0.1585373806,0.4145000956,0.0017386451,0.0003434361,0.342,0.258,24.8821651749216,19.1948131349395
"40085",0.1752590035,0.0002989835,10.962726729,5242,0.2031056997,0.1118060985,14011.84,8,0.1828407261,4.1814875011,4.4205802764,0.133550068,0.1243315672,0.1311022234,0.334457689,0.1659719536,0.3758887828,0.0006001801,0.00040012,0.269,0.299,33.1510028178352,33.1510028178352
"40087",0.1473054612,0.0004575147,11.437866965,4667,0.1717189115,0.0932662171,11594.2,8.2,0.1510485753,4.0201920639,4.218354796,0.1445946383,0.1144792756,0.1215749888,0.3169662594,0.1620727391,0.6179215209,0.0012408872,0.0005428882,0.361,0.31,22.032031183798,28.8111177018897
"40089",0.2132361274,0.0004572056,10.668129724,6301,0.2645196211,0.0964787057,12104.69,6.3,0.2452018987,5.242205529,5.2358742938,0.114019728,0.1581203098,0.1614920714,0.3613283286,0.2066096757,0.5113872885,0.0031686064,0.0006093474,0.382,0.381,19.3220993969471,26.4407675958224
"40091",0.2072670042,0.0003039206,6.5849458008,4974,0.2454536977,0.1056081573,11266.9,6.9,0.2219340474,5.0036462767,5.0280306095,0.1086733092,0.1520462203,0.1574909971,0.3407989581,0.1942891444,0.685512542,0.0014635377,0.0006056018,0.333,0.354,25.2644344135283,25.2644344135283
"40093",0.1919291339,0.0003899649,22.098011179,2923,0.2194537614,0.1336978131,11112.82,8,0.1609149935,3.9566857479,4.189831151,0.1310445631,0.115798619,0.1235175831,0.3216584223,0.155566846,0.0199282583,0.000514668,0.000257334,0.433,0.297,34.6185468864944,60.5824570513653
"40095",0.2285578897,0.0003042473,12.778386272,8170,0.2770120053,0.1135483871,12985.24,7.3,0.214082926,4.6750064856,4.7524658148,0.1191687249,0.1411430068,0.1445651528,0.3421705511,0.1806599809,0.5650883838,0.0037675252,0.0003088135,0.422,0.263,34.3913738342336,32.3683518439845
"40097",0.1949972778,0.00036656,12.951785147,5726,0.2298564189,0.1095060107,11968.12,7.3,0.2263383772,5.0236143791,5.2416013519,0.1246435539,0.1524025148,0.1587252935,0.3540428633,0.2018958593,0.5875566543,0.0017106549,0.0002688172,0.38,0.319,29.2806715033998,24.4005595861665
"40099",0.1740549361,0.0003609326,8.6623835992,6063,0.2019622834,0.1078111078,13189.47,7.9,0.1785267878,4.241593435,4.5479940739,0.1346956588,0.1282753269,0.135801117,0.3111175796,0.1686121686,0.7760231317,0.0010777411,0,0.333,0.31,67.1076598600326,62.314255584316
"40101",0.1912663595,0.0004921402,10.421793127,5853,0.2288982762,0.1064779911,12141.2,6.7,0.2089600732,4.7733222688,4.6872147915,0.1257046729,0.1500834842,0.1519265329,0.3437857912,0.2096841209,0.6163121566,0.0044043352,0.0008060221,0.402,0.297,33.3454150054368,21.7470097861544
"40103",0.1506396118,0.0003547043,15.074931276,5053,0.1775497512,0.0881929446,9507.06,7.2,0.1613584276,4.0347750179,4.2377477905,0.1417526997,0.117262256,0.1266278049,0.3221003981,0.1623744339,0.495545368,0.0002635278,8.78426e-05,0.39,0.274,44.1826215022091,29.4550810014728
"40105",0.20641307,0.0001940617,10.673394139,5346,0.2462192014,0.1078633182,11035.71,6.8,0.2016971329,4.7170829686,4.9787383978,0.1246820315,0.1441352229,0.1533342635,0.3450452854,0.2048900819,0.5462224753,0.001535656,0.0004798925,0.429,0.332,38.7809843906538,38.7809843906538
"40107",0.1978926572,0,7.413509061,4645,0.2382972039,0.1062068966,10409.16,6.2,0.2374149352,5.1143818109,5.0211335558,0.1208922879,0.1613378119,0.1611865735,0.3509448582,0.2270591944,0.2486260356,0.0031232021,0.0004931372,0.589,0.424,57.684384013185,49.4437577255871
"40109",0.1608204447,0.0008528373,10.888905246,4125,0.2002057228,0.0713180387,11282.05,7,0.171872903,4.1739139967,4.2562656969,0.1318257075,0.1269057143,0.1309816633,0.3292549422,0.1640198204,0.9315213746,0.0063399619,0.0012005569,0.328,0.259,37.0635199343349,18.150970378801
"40111",0.1649737074,0.0003596198,12.586694066,5548,0.2017445657,0.0827472073,10806.89,6.4,0.2040539983,4.7352190243,4.9218832579,0.1236996335,0.1468742886,0.1543352782,0.3322501035,0.2021976739,0.4376201053,0.0027031852,0.0003315227,0.35,0.321,31.7656553168839,21.4632806195161
"40113",0.1665895293,0.0001905447,8.2569390045,3641,0.1987045945,0.0879985364,11617.19,6.5,0.1883778072,4.4890463364,4.7465681661,0.1263615868,0.1360553627,0.1421776763,0.3496798425,0.1883483572,0.5027384564,0.0004392754,0.0002928503,0.368,0.255,28.8624668257622,16.1911399266471
"40115",0.1951189996,0.0005109862,14.690853347,5013,0.2418490918,0.0924055368,10717.91,6.8,0.2295738854,5.2524389549,5.1393846031,0.1198860155,0.1600250086,0.1621468053,0.3528597199,0.2144228233,0.5366428033,0.0043861033,0.0007257581,0.373,0.278,38.2254879058804,22.2982012784302
"40117",0.1764528302,0.0002428363,12.141816416,5165,0.2133574776,0.0905077263,13023.39,7.8,0.1877964503,4.4335738061,4.5885966466,0.1312567373,0.1338511647,0.1403089902,0.3038876776,0.1833274284,0.5799601858,0.0012132241,0.0005459509,0.422,0.343,54.7145723144264,26.3440533365757
"40119",0.1635333665,0.000502605,12.626417407,4088,0.1894622063,0.0879649358,10797.3,6.2,0.1930166527,4.4854874073,4.6137711709,0.1637561034,0.1394223291,0.1453758378,0.3527708054,0.1931045099,0.7699935359,0.00231724,0.0004437268,0.323,0.209,33.0955357799515,15.5263007362735
"40121",0.1978025268,0.0004752852,11.54263987,4680,0.2424089494,0.0901525659,10573.67,6.3,0.2259845668,4.8731788139,5.0210991602,0.1319230576,0.1440815893,0.1481023027,0.3414784072,0.2079361683,0.7247420206,0.007221606,0.0008376157,0.346,0.273,37.8117579442503,30.2494063554003
"40123",0.1767434264,0.0006540393,14.650481373,3800,0.2067158295,0.1084210526,11988.06,7,0.183891111,4.3489862366,4.8016982041,0.1385763263,0.1341266672,0.1467228535,0.3322382998,0.1813756381,0.5359276646,0.0054526481,0.0016697104,0.349,0.32,38.3271922718443,14.808233377758
"40125",0.167046396,0.0004153629,10.799435106,3383,0.2088716938,0.068372696,11359.92,7.1,0.1924838736,4.6458663257,4.5413099334,0.1303129267,0.1393503727,0.1428904428,0.3519825253,0.1831660375,0.6836064629,0.0026283027,0.0005948264,0.363,0.309,40.0561707221621,21.1791247496489
"40127",0.2098130841,0.000179003,14.320236284,7658,0.253645748,0.1037296037,11094.68,5.6,0.2285042801,5.1318756968,5.1028371324,0.1202198118,0.1553317564,0.1577851927,0.3618352429,0.2067187794,0.5397511234,0.0103102107,0.0006330831,0.31,0.364,23.9456433895058,23.9456433895058
"40129",0.1847046774,0.0005382131,16.146393972,2461,0.20951417,0.1326633166,9184.3,6.3,0.1646277564,4.0369230673,4.2141275572,0.1307846921,0.1192725471,0.1252293572,0.3208604408,0.1663488463,0.5198793529,0,0.0002747253,0.3,0.252,9.08100254268071,9.08100254268071
"40131",0.1353993535,0.0003718123,9.5140195092,5410,0.1585597776,0.0802076064,11211.58,8,0.1624062338,4.373039509,4.203180176,0.1443541289,0.1235744261,0.1249064692,0.3336578198,0.1543729201,0.5425809792,0.0021685592,0.0004031994,0.355,0.282,54.143622317347,19.2591408242912
"40133",0.1967525308,0.0004019616,11.656885602,4659,0.2433816634,0.094846321,12263.01,6.9,0.2325152313,5.1568861043,5.0707773794,0.1176322322,0.1603570704,0.1596097053,0.3483700432,0.209602856,0.5109489051,0.0026976633,0.0007140874,0.334,0.329,28.1263812062199,14.7328663461152
"40135",0.2028100367,0.000290895,6.5451372055,6200,0.245287719,0.0934589112,11954.62,6.8,0.2470758659,5.3483379199,5.4576125767,0.1208078144,0.1657059482,0.1717188093,0.363827351,0.2497488343,0.4391498195,0.0027122584,0.0003148157,0.342,0.355,37.1792281268943,22.6308345120226
"40137",0.1642671292,0.0005538632,16.846672205,5090,0.1998054238,0.0792770393,10914,7.3,0.1937933916,4.2397202178,4.5269350287,0.1249174054,0.1277481191,0.1358392743,0.3275103829,0.1782297217,0.6001598295,0.0009752778,0.0007711499,0.37,0.29,52.7979064482313,16.0689280494617
"40139",0.2161344538,0.0004784689,13.875598086,4639,0.2608659862,0.1243324433,9969.7,7.7,0.2157010663,4.2639533707,4.0650164461,0.1344890143,0.1312959835,0.1248599761,0.3387551589,0.1673230446,0.6722383721,0.0016115272,0.0002843871,0.304,0.293,30.4228780042592,16.0120410548733
"40141",0.1989086428,0.0002690704,13.453518095,5229,0.2413793103,0.1000565291,12182.08,6.8,0.2371680529,4.7417812999,4.6308021245,0.1177063676,0.1473659391,0.1428260893,0.3502579574,0.1811574289,0.533033033,0.0016075017,0.0005358339,0.464,0.433,26.9711408792592,44.951901465432
"40143",0.1538595043,0.0010986188,11.620602043,5099,0.1892953063,0.0731610714,11303.49,6.9,0.1532438263,3.8854347632,3.8723736667,0.1413080776,0.1208740425,0.1237672859,0.3181725009,0.1570328845,0.921831678,0.0043549942,0.0009705416,0.306,0.264,37.1600244843272,19.0961236933348
"40145",0.1563587401,0.0003305491,4.576833594,6697,0.190578844,0.0769002815,11561.23,7.6,0.1640777696,4.091961498,4.3107411739,0.1464071278,0.119834073,0.1285233329,0.3064977886,0.1668750799,0.5534240952,0.0013517167,0.0002188494,0.377,0.294,25.7987024521455,19.8776887746039
"40147",0.1641406231,0.0004428869,14.056843565,2801,0.1969774854,0.0891709885,9374.98,6.8,0.1569274837,4.1907061537,4.6266407469,0.1219393433,0.1255359585,0.1364484901,0.3276497424,0.1719972498,0.5792137476,0.002783804,0.0008063432,0.357,0.304,51.3274563395825,22.4557621485673
"40149",0.175160647,0.0002694449,17.064846416,4829,0.2093834205,0.0987826087,11110.05,6.9,0.1704501948,4.0572968117,4.3369869721,0.1331802166,0.1222301586,0.1301689012,0.3337416517,0.1595196314,0.2034568751,0.0004367957,8.73591e-05,0.341,0.299,38.5665124006171,41.5331672006645
"40151",0.1407396317,0.0005536485,17.716753405,4900,0.1611237348,0.0890161374,9161.16,7.4,0.1531219982,3.882507455,4.0303508741,0.1560704233,0.1121284126,0.1186822299,0.2947039278,0.1597781061,0.5041676053,0.0038039344,0.000652103,0.396,0.339,22.1165542408493,29.488738987799
"40153",0.177132958,0.0004887824,12.708343516,4211,0.2112309075,0.1050348859,11097.95,7.7,0.1667653719,3.9726887924,4.0581236095,0.1501458155,0.1175801716,0.1208442722,0.3258122736,0.1592747093,0.8322294706,0.0036513885,0.0006726242,0.316,0.318,22.766078542971,26.0183754776811
"41001",0.0824045634,0.0008720568,17.441136165,926,0.0981118547,0.040264234,7562.28,6.4,0.1387870845,3.7048381066,4.1440222549,0.1808994161,0.1091125684,0.1239586333,0.2914952824,0.1528640099,0.731746622,0.005106171,0.0008095149,0.299,0.251,49.8763482200378,41.5636235166982
"41003",0.0678469351,0.0011434729,12.204373784,1715,0.078360627,0.0305362618,7227.74,7.3,0.1324667481,3.7319705464,4.2010943299,0.2035584326,0.1103956227,0.1262720277,0.2911506689,0.1402861236,0.9031538111,0.0073278514,0.0010740057,0.216,0.139,39.6421925068915,17.9858095633119
"41005",0.0627362715,0.0008965958,9.038655397,2601,0.0748178636,0.0304751307,8328.63,8.5,0.1037175441,3.1950446369,4.0181503275,0.2077303217,0.0906522495,0.1131860652,0.2871218259,0.1298750992,0.9296075448,0.0025657866,0.0004852204,0.277,0.158,68.0784179287182,15.200406853443
"41007",0.0887597543,0.00066357,13.271400133,3597,0.1041949765,0.0420124481,8822.9,7.8,0.1430095635,3.6831343105,4.3330403177,0.1905422699,0.1079827316,0.1250286045,0.307191577,0.1612974523,0.9412781123,0.0024849865,0.0007247877,0.32,0.206,47.6279576111177,23.8139788055589
"41009",0.070035861,0.0003282994,6.9522227801,3654,0.0828413758,0.0350771352,8774.91,8.1,0.1286892484,3.5290337474,4.2517971216,0.1939378392,0.1043005469,0.1228806319,0.3271989698,0.1529471078,0.7872991429,0.0027173378,0.0004725805,0.336,0.226,40.0144568360182,25.8157786038827
"41011",0.0912588622,0.0008139244,12.521913348,4350,0.1083988297,0.0401100734,8495.47,7.5,0.1721495265,4.1701681875,4.5567436209,0.1714390145,0.1237556726,0.1355130248,0.3001472796,0.1928271148,0.85436924,0.0031837644,0.000799862,0.382,0.251,64.0498234724378,29.1608952394838
"41013",0.0855895197,0.0002594819,11.244215716,2519,0.1008665782,0.0421281216,8195.04,7.3,0.1549364962,3.8651614848,4.4762184559,0.1729948379,0.1161389031,0.1317720728,0.3036868823,0.1571687979,0.7529793117,0.0038989809,0.0004873726,0.333,0.226,33.0649798734905,27.3145485911443
"41015",0.0929717393,0.0006616966,9.2637522608,2528,0.1056952283,0.0478723404,8110.03,7.6,0.1502975597,4.0175892984,4.3548250077,0.1591874613,0.1171576944,0.1269531389,0.2959047614,0.1492372457,0.9192452155,0.0032580461,0.0009245806,0.36,0.259,93.8485226189603,43.9914949776377
"41017",0.0769528229,0.0010648829,10.327759197,2198,0.0910500842,0.0364825764,7951.87,8,0.1382139867,3.5424693129,3.9830394915,0.205458413,0.102002205,0.1185507201,0.2859843682,0.1371079669,0.8974976701,0.0039546184,0.0009927912,0.255,0.155,48.9130240744906,23.2069092324226
"41019",0.0774358847,0.0006032631,10.419999086,2517,0.0922120561,0.0351912975,7748.04,7.1,0.15270698,3.8995356,4.4807868531,0.1665013559,0.1154880655,0.131960669,0.3190488096,0.1585536623,0.6534128377,0.0025816683,0.0008206017,0.341,0.211,95.3846622682046,26.5126697039419
"41021",0.072334079,0,16.172506739,1024,0.0811359026,0.050397878,7356.52,7,0.14305295,3.7846785755,4.195568457,0.1683397128,0.1114132089,0.1230765909,0.2896127442,0.1472789687,0.7899518974,0.0005393743,0.001618123,0.311,0.274,107.085489916116,0
"41023",0.0883179446,0.0009735744,9.735744089,2897,0.0993838736,0.056231003,8462.51,6.5,0.1417934109,3.7443854505,4.3558460738,0.160280321,0.1128742896,0.1290085576,0.2965294233,0.1507729479,0.6213566152,0.0026543727,0.0006985191,0.228,0.209,78.9816019327263,55.7517190113362
"41025",0.0979918185,0.0006859652,10.975442448,2260,0.1161077236,0.0484727756,7608.44,6.6,0.1460772358,3.8680104,4.3384019212,0.1729351523,0.1147674588,0.1289361115,0.2940102176,0.1564550628,0.7084343843,0.0049369172,0.0009599561,0.317,0.263,77.5901414879051,82.1542674577818
"41027",0.1116531992,0.0020960773,13.688668349,2395,0.1335178876,0.0586341298,7490.71,9,0.1571637126,3.7871069083,4.113595158,0.2041331245,0.1109403676,0.1200389462,0.2966750623,0.1524923384,0.7953996241,0.0033143939,0.0009039256,0.297,0.189,77.1021031740366,8.56690035267073
"41029",0.0934123784,0.000919629,9.472178923,3165,0.1113988379,0.0437106027,8557.54,7.6,0.13300902,3.6784114605,4.3652036018,0.2068607079,0.1103800579,0.1299613161,0.3169718649,0.1768916138,0.8264027637,0.0034545345,0.0010068028,0.268,0.159,88.8963691723916,25.3989626206833
"41031",0.1307705127,0.0004209109,7.1554844684,2436,0.1590639576,0.0648610121,8025.64,7.5,0.1905373639,4.3693810585,4.7342326998,0.1741908395,0.1322526096,0.1404925673,0.3207545697,0.1858224696,0.7556169429,0.0013431542,0.0008232236,0.368,0.249,46.4592425735605,19.7099816978741
"41033",0.0847824702,0.0007874745,8.1063553826,3621,0.1003211304,0.0407226505,8162.96,7.2,0.1709298905,4.2482173965,4.9001305094,0.1658147554,0.1272017365,0.1440380633,0.3055549504,0.1833355763,0.8167881711,0.0068215683,0.0008497858,0.32,0.225,140.574390812212,30.8108253834985
"41035",0.1055466957,0.0009561515,10.159109584,3484,0.1259618201,0.051389079,8283.2,6.7,0.171883431,4.3048969262,4.4486248266,0.1835933183,0.1267579107,0.1342647823,0.3151581677,0.1757638561,0.8155920458,0.003928179,0.0007073732,0.301,0.229,93.0204794285459,27.8564002566768
"41037",0.1026671538,0.0006358896,15.26135063,2490,0.122269646,0.0500641849,8453.39,5.7,0.1715150362,4.1312678125,4.5021165442,0.1650791757,0.1237522973,0.1336732469,0.3010762806,0.1726226092,0.7573147562,0.0015311982,0.0008931989,0.364,0.23,59.3748674668137,76.3391153144747
"41039",0.082108777,0.0008752548,9.5797709394,3427,0.0951734229,0.0402016992,8506.17,7.4,0.139071777,3.8762934507,4.1509478549,0.1928400933,0.1146991435,0.1246965462,0.2868729415,0.1520904378,0.8891716304,0.0075287062,0.0006873801,0.286,0.163,58.5472800428516,23.1341836035584
"41041",0.1066470825,0.00053148,10.220768602,3063,0.1224206498,0.0556403334,7511.45,7.5,0.1656633155,3.9553983737,4.4918434868,0.1775090594,0.1158157855,0.13154665,0.2935920072,0.1699791888,0.931550593,0.003388696,0.0010249759,0.361,0.247,64.3333287706859,41.7482239894877
"41043",0.0803035721,0.0006557534,11.275760314,2547,0.0978892795,0.0350001721,8140.45,7.4,0.1532118364,4.0198298311,4.4406734755,0.1629128963,0.1195813545,0.1285667485,0.3331736299,0.1639027648,0.7658992732,0.0013838126,0.0003418831,0.349,0.218,59.696560252218,21.5867025912038
"41045",0.1015061616,0.0002952756,9.186351706,2661,0.1301199835,0.046728972,9381.24,7.6,0.2053629229,4.3402635066,4.5614811198,0.1698155421,0.1319726572,0.1375508969,0.3249738897,0.1837597496,0.6735860505,0.0040737212,0.0010841355,0.399,0.23,36.0089040199031,15.2765047357165
"41047",0.1019425852,0.0006944322,10.255328376,3227,0.1279150218,0.0411747567,8644.72,8.2,0.1719040502,3.9606347301,4.4668204699,0.1747266397,0.1224858897,0.1314322609,0.3129457786,0.157874285,0.7947294147,0.0029733941,0.0005560247,0.349,0.184,66.3757845520123,17.2772262730973
"41049",0.1123741475,0.0003582303,8.9557585527,2387,0.139003491,0.0573613767,9219.75,7.9,0.1735076208,3.8474806057,4.1376373848,0.1812651533,0.1157537365,0.1221995199,0.3081714562,0.1567474965,0.5524926161,0.0062089764,0.0006208976,0.369,0.206,14.7876493552585,20.7027090973619
"41051",0.0822808633,0.0014574859,11.219050096,3072,0.0977240662,0.0292994031,8600.78,7.9,0.1356862411,3.4863611748,3.9692898017,0.2205507768,0.0982328573,0.1152445806,0.300256715,0.1506974227,0.9723282209,0.0072796293,0.0010140466,0.239,0.141,52.3313275746827,16.9477443172353
"41053",0.0874106163,0.0005735041,8.2441215829,2596,0.1057272353,0.0419973877,8126.94,7.5,0.1470986822,3.6685784688,4.1952111867,0.1959066377,0.110132346,0.1220045733,0.3152424339,0.1460023164,0.7763351591,0.002529851,0.0004399741,0.347,0.188,73.7777813226562,11.5651657208488
"41055",0.0703363914,0,28.441410694,NA,0.0816326531,0.0374639769,8278.16,5.4,0.1399365014,3.7021047415,4.2141808821,0.1731294772,0.109253809,0.1240314869,0.2914638343,0.1494221392,0.5699716714,0,0.0005847953,0.351,0.275,19.3199381761978,19.3199381761978
"41057",0.1049592742,0.0007118771,11.614837018,2595,0.1209510682,0.0584326754,8565.11,8,0.145391326,3.6045036647,4.1966504108,0.1715562522,0.1085373911,0.1239638869,0.2847697706,0.1583585043,0.9142970297,0.0025245764,0.0008032743,0.384,0.273,36.4230092941472,26.3752825923135
"41059",0.1049536267,0.000454634,10.391634734,2870,0.1290476645,0.0529935275,8523.83,7.5,0.1768200871,3.8386383737,4.1738469905,0.184656632,0.1168706051,0.1257818798,0.2940162566,0.1830977887,0.7735771983,0.0029821074,0.0006016532,0.356,0.245,33.7725204258801,21.6490515550514
"41061",0.0781931312,0.0007245824,16.779803219,3296,0.0925271739,0.0423031727,8355.27,7.2,0.1656549944,4.0337358279,4.4370896846,0.1801018979,0.1206410603,0.1344978572,0.2894075883,0.1758872078,0.848337735,0.0026833289,0.0010349983,0.399,0.194,33.0074901612289,19.0427827853244
"41063",0.0828828829,0.0012764147,11.345908382,4086,0.0917406511,0.0567164179,9046.98,7.2,0.1358534951,3.6947069244,4.1176157769,0.1695884711,0.1090925267,0.1233875233,0.2786983154,0.1457419544,0.5730593607,0.0020155485,0.000575871,0.268,0.235,123.351361609261,104.37422905399
"41065",0.1104027818,0.0008699928,10.9694746,2712,0.1337605126,0.0507825508,8218.61,7.1,0.1490786321,3.6625553343,4.146763156,0.1912156328,0.1109431177,0.1226439731,0.2879864838,0.152554062,0.8774441756,0.0036377561,0.0009190121,0.283,0.235,137.875203966758,22.7683823064371
"41067",0.0716834423,0.0009066876,7.1821881733,2375,0.0867163385,0.0323965544,8390.39,8.6,0.1195506979,3.3604547711,3.6012991011,0.2085053826,0.0933197025,0.1056482707,0.3016085495,0.1251774341,0.976762757,0.0030131491,0.000595423,0.29,0.143,41.3692311257122,13.1115595917558
"41069",0.1096997691,0,0,815,0.1153846154,0.087804878,7770.37,4.7,0.162920366,4.096664373,4.4708667473,0.1455893136,0.1229989948,0.1336228236,0.2900949618,0.1517502838,0.4975711312,0.0022321429,0.0029761905,0.256,0.262,24.588148512417,24.588148512417
"41071",0.0799434283,0.0006526551,9.4587692249,3525,0.097620551,0.0362177137,8880,8.2,0.1497995369,3.8705232255,4.2953951478,0.1928304864,0.1142392162,0.1224764759,0.323663077,0.1593328883,0.8378312986,0.0034369496,0.0004569905,0.348,0.236,63.8848938975765,20.141050292832
"42001",0.0749293358,0.000547217,11.823796123,4144,0.0845591982,0.0485436893,9433.73,8.9,0.132441025,3.4510098333,3.9164981696,0.211085967,0.100674863,0.1125818847,0.3465674328,0.150533592,0.6073939669,0.0006948522,0.0005480525,0.312,0.225,54.0141282737931,16.9200883749231
"42003",0.0486070075,0.0010923529,12.141796561,5178,0.0549883664,0.0290155614,11157.06,7.7,0.1374257647,3.497277665,4.0338853076,0.2430367435,0.1052253069,0.1145296468,0.364229018,0.1698553589,0.9270371145,0.0027550975,0.0015579032,0.286,0.196,72.4869882038199,16.0082250096472
"42005",0.0574941841,0.0004417903,19.65205204,4689,0.0653680658,0.03434266,10355.14,8.2,0.1366553651,3.6046228885,4.1348999066,0.1862784515,0.1064347808,0.1216830569,0.3607938591,0.152165451,0.7856573012,0.0009475679,0.0006317119,0.44,0.34,88.6565243602798,21.2775658464672
"42007",0.0492031027,0.0004273504,14.50583845,4814,0.0565427448,0.0283465975,11446.95,7.5,0.1367511455,3.6231129732,4.0221859562,0.2012006665,0.1092608566,0.1161379442,0.3724978576,0.1488903051,0.8478647113,0.0007525578,0.0006749129,0.366,0.241,74.8528529372219,15.6528754131456
"42009",0.0693700724,0.0002475248,19.595709571,4175,0.0753270023,0.0523853118,10745.3,8.4,0.1418766121,3.6801081692,4.209486718,0.185807565,0.1103209954,0.1233547046,0.3657614334,0.1580595257,0.6293557333,0.0012002069,0.0006414899,0.306,0.267,42.0744787247984,22.7616032445631
"42011",0.0752946894,0.0006270133,11.559061299,4386,0.0839309494,0.0534996806,10766.05,8.7,0.1616614135,3.753337835,4.199495282,0.1946503428,0.1120512502,0.1202900675,0.3904232304,0.1540738235,0.8801507867,0.0011860795,0.0006918797,0.342,0.223,51.4041145641266,16.1236508415428
"42013",0.0576877161,0.0008423986,18.143969155,5953,0.0660436835,0.0348177212,11771.53,7.7,0.1463486035,3.7938328026,4.0825364625,0.1909321279,0.112225994,0.1231955685,0.3366105363,0.168348472,0.7340367774,0.0020778179,0.001403931,0.324,0.249,89.8545327969045,13.7615050229493
"42015",0.0789109077,0.0009202504,13.639426158,5428,0.0878732586,0.0559471046,9990.43,8.3,0.1477151644,3.7178528499,4.0508996922,0.1859576003,0.1109426746,0.1213901612,0.3233566755,0.1723962829,0.6031426655,0.0006253085,0.0019417476,0.394,0.32,52.6154250887885,23.5673258210199
"42017",0.052525386,0.0008546315,7.7664834859,4495,0.0597334999,0.0331469649,10977.54,8.8,0.1202493121,3.1842235882,3.7111022441,0.2134762533,0.0896533635,0.1042676146,0.3521466841,0.1183409229,0.899528028,0.0021982794,0.0005475743,0.28,0.179,74.9893118987113,13.7020130806427
"42019",0.0455648764,0.0006627189,12.613036321,4290,0.0517894962,0.0285036828,10278.85,8.6,0.1129004659,3.2209117882,3.7297191775,0.2233447911,0.0966429611,0.1090045955,0.3241539447,0.1392485578,0.833581708,0.001354049,0.0008027959,0.33,0.18,75.1099506445751,13.1709392125558
"42021",0.053909282,0.0008117005,20.06704045,5919,0.0623505734,0.0302499905,11127.29,7.5,0.1532863972,4.014623051,4.1813349789,0.1985674174,0.1166078958,0.1244722057,0.3582263646,0.1728914053,0.8038753054,0.0017070926,0.0012098091,0.294,0.266,87.8563061304178,19.0230178516004
"42023",0.0628520605,0.00021777,23.954703833,5107,0.0701822412,0.0407185629,11605.34,7.9,0.1500884454,3.826930237,4.1489693874,0.1788333438,0.1136727836,0.1239783413,0.3325644837,0.1612120643,0.9329400197,0.0002138123,0.0017104982,0.244,0.235,58.1353099338711,58.1353099338711
"42025",0.0603626943,0.0004541682,14.721313016,5705,0.0672824604,0.0396358214,11324.57,8.3,0.1396320926,3.5205895358,3.9965422835,0.1980427073,0.1057682175,0.1183570127,0.3522389174,0.1667727557,0.7420496866,0.0004560179,0.0005975406,0.338,0.241,55.302231914605,28.6945542953139
"42027",0.0667548298,0.0007561785,12.480019673,4183,0.0712056124,0.0515904838,10306.12,7.9,0.136001124,3.4694044336,3.7754832917,0.2331301165,0.1053272511,0.116380661,0.3138680686,0.1461854427,0.8628287551,0.001740326,0.0009475796,0.24,0.183,27.5194124810804,10.8845437425169
"42029",0.0625684585,0.0008550086,9.6669895415,4033,0.0700053195,0.0446967713,10376.44,8.7,0.1123663641,2.9560725187,3.4983223305,0.2395157493,0.0890076263,0.1023162855,0.3128477866,0.1361152263,0.8545178658,0.0020259068,0.0007359891,0.221,0.141,55.3397391328353,13.4176397665459
"42031",0.0781579918,0.0004940455,16.121483176,5153,0.0859450443,0.0543668416,11268.39,8,0.1568912393,3.9924085786,4.2407644658,0.1983467736,0.1190006715,0.126471649,0.3344980426,0.1754453941,0.6320396119,0.0010905409,0.0007529925,0.323,0.238,50.9719222462203,20.7343412526998
"42033",0.0713919727,0.0005270754,18.32214344,5310,0.0822993277,0.0385744794,11682.12,8,0.1570825618,3.7159245332,4.0618351279,0.1941621408,0.1130367354,0.1220739181,0.3448244678,0.1598866301,0.6137282281,0.002245769,0.0012159412,0.426,0.3,65.0897696406294,23.3655583325336
"42035",0.0762984834,0.0005128468,13.590440535,4768,0.0822165882,0.0597859515,10407.82,7.7,0.1367006664,3.6917173156,4.1525858694,0.2075196326,0.1110965531,0.1250171581,0.3414830403,0.1562410092,0.724782099,0.0009940611,0.0007901511,0.389,0.176,38.4895009194714,16.2511226104435
"42037",0.0578527276,0.00053085,14.712127647,3650,0.0648598082,0.0360434496,10100.28,8.1,0.1427138109,3.5213465786,4.0568824359,0.2036923539,0.1080178797,0.1227192701,0.3306164002,0.1656783918,0.7664313842,0.0006022282,0.0004366155,0.361,0.335,56.1150206260616,19.7160883280757
"42039",0.0798145059,0.000673174,15.436576562,4364,0.0866123594,0.0618211294,10459.2,8.1,0.1436627175,3.7489962943,4.1114728166,0.1984416428,0.1112580219,0.1248202954,0.3312230558,0.1573121299,0.6945530333,0.0011709195,0.0007999351,0.394,0.22,40.7800247787198,21.3609653602818
"42041",0.0660325571,0.0009237561,14.036294418,3421,0.0732643177,0.0467478913,10232.86,8.5,0.1293483261,3.4157833591,3.7254271964,0.1996739785,0.0969075298,0.1077846466,0.3385738642,0.1438257683,0.8200725555,0.0017665569,0.000841026,0.266,0.201,50.1336675577837,14.6667644450963
"42043",0.0665952343,0.0010808458,18.461426862,4158,0.0747683235,0.0453295624,10803.77,7.6,0.1529779811,3.5475999355,4.0716278578,0.1882795865,0.1030466869,0.117752184,0.3319504184,0.1654048157,0.8158149944,0.0019838733,0.0019765662,0.331,0.232,52.7516775275434,14.7607905008264
"42045",0.0555368548,0.0010696021,8.1105586014,4565,0.0652261393,0.0300493685,10951.11,8.2,0.1403752462,3.6904174888,4.178036849,0.1872019047,0.1051328766,0.1154005949,0.3848244863,0.1476232422,0.9639396113,0.0024849042,0.0006939982,0.273,0.183,65.8652957233634,13.113987130571
"42047",0.0529289325,0.0004967381,18.213729841,5016,0.0588069939,0.0360731346,11521.68,8.6,0.1192516591,3.3531024277,3.895743842,0.1967826249,0.1001890962,0.1136083009,0.3465781155,0.1558440898,0.8159393977,0.0006233596,0.000984252,0.316,0.216,30.821390044691,22.0152786033507
"42049",0.0644674748,0.0007904102,13.185644403,5097,0.0750705538,0.0366860388,10463.8,7.3,0.1503005237,3.7009161387,4.2737573049,0.1928789732,0.1138365401,0.1264021141,0.3836055698,0.1770471334,0.8848898298,0.0017559294,0.0013106112,0.332,0.235,75.4731657043129,18.837907703975
"42051",0.0627974016,0.0003726122,13.991969826,5664,0.071669235,0.0363301908,11203.14,7.3,0.1549284064,4.0452704532,4.3348882645,0.1760299225,0.1237573691,0.1296854968,0.3982337775,0.1934020355,0.5922287454,0.0028628902,0.0008061296,0.369,0.284,57.5152402718165,18.2427193813691
"42053",0.0679233019,0,9.5929834178,6017,0.072863332,0.0434782609,10425.27,7.9,0.1594037837,3.7137050029,3.8153186008,0.2088246491,0.1104148695,0.1111409949,0.357661033,0.1725147047,0.9092794194,0.0002731867,0.0001365934,0.293,0.21,63.9356989541946,73.0693702333653
"42055",0.0781417134,0.0006094635,15.625607843,4114,0.0863221952,0.057599594,9778.57,8.3,0.1242494639,3.3838144279,3.7912565996,0.1860606834,0.1006868634,0.11349794,0.340086057,0.1484827062,0.6984854763,0.0009229709,0.0006694789,0.333,0.245,66.9662144647023,14.9053832195628
"42057",0.0746413168,0.0002056203,17.135023989,6465,0.081068361,0.0572089947,12238,8.3,0.1354770453,3.5591278168,3.9356672169,0.1992514945,0.1047608025,0.1160982888,0.3295597746,0.1571011137,0.5638935669,0.0004781421,0.0007513661,0.269,0.247,27.4266907412063,36.5689209882751
"42059",0.0581259151,0.0004623334,14.413924395,6169,0.0652141838,0.0388177608,11048.25,7.8,0.1450838466,3.7246739845,4.1286429193,0.2133938342,0.1100804135,0.1208618754,0.3591227538,0.1758114974,0.4458460425,0.0009409361,0.0006452133,0.356,0.297,68.795090203036,17.198772550759
"42061",0.0591486137,0.0003517179,17.146248709,4891,0.0670230967,0.0379456609,11437.44,8.3,0.1593807541,3.8856659675,4.1126659161,0.1997313319,0.1139509942,0.1204491521,0.3664882043,0.1774564526,0.6856881493,0.0008765394,0.0005259237,0.321,0.255,55.0285047654685,23.4788286999332
"42063",0.0731948872,0.0005532471,16.1265641,5291,0.0769137646,0.0618218521,11128.39,7.4,0.1653381969,3.9540713316,4.3358551785,0.2188677556,0.1191335734,0.1285625215,0.3459914285,0.1873499956,0.6220522052,0.002859988,0.0005094715,0.274,0.235,120.398095521034,16.4179221165047
"42065",0.0763625765,0.0004565793,20.089489544,4309,0.0842076092,0.0550758214,11613.13,8.3,0.1512674434,3.8929138758,4.2364475751,0.1919224932,0.1142527008,0.1247463825,0.3490049969,0.173505696,0.5832079646,0.0006806889,0.0007033785,0.334,0.317,74.5145151234052,15.9673960978725
"42067",0.087830905,0.0002447581,22.028228767,3850,0.0993138573,0.0589484865,10775.18,8,0.1499533834,3.6740917342,4.1480373695,0.1944589196,0.1094750888,0.1218303513,0.3394543305,0.1642657693,0.6134518591,0.0001206612,0.0004022041,0.301,0.191,67.4936893400467,20.248106802014
"42069",0.0611348107,0.0007591537,11.244964676,5252,0.0717836221,0.0317690512,10928.39,8.1,0.1421437045,3.5320607867,4.0367677167,0.2140787232,0.1083371999,0.1228998559,0.3333583336,0.1633350279,0.9007867112,0.0014764269,0.0011972308,0.292,0.235,69.8400158009085,18.9610902626901
"42071",0.1200815453,0.0007128345,14.275109918,2891,0.1124663027,0.1368700107,8947.57,8.5,0.1300522101,3.4666473567,3.8920235165,0.2148578602,0.1044812697,0.1136145773,0.3130084128,0.1440623334,0.7856539191,0.0011754875,0.000731662,0.331,0.213,71.5094525403702,12.0002953918866
"42073",0.0611917712,0.00040198,16.538607311,5297,0.0683244809,0.0415228765,11449.35,7.2,0.1442206618,3.6765700737,4.2218768714,0.1903960679,0.1105170491,0.1235352779,0.3549916528,0.1793154117,0.8417921588,0.0010195432,0.0005154993,0.372,0.304,56.8035709488115,19.1903955908147
"42075",0.0868093885,0.0005939007,15.09795784,3457,0.0964833525,0.0630884267,9154.04,8.7,0.1319518755,3.3262633348,3.7632914836,0.2004856,0.1010325592,0.1133070131,0.3398877995,0.1478363824,0.8142444298,0.0022900269,0.0007129329,0.382,0.222,80.9656824573561,14.2880616101217
"42077",0.0752199678,0.001017752,10.504946875,4679,0.0871333113,0.0448546969,10482.08,8.5,0.1589820463,3.5231014821,3.8725185899,0.1990981301,0.1087900321,0.1150868672,0.3437936834,0.1501862544,0.8297267215,0.0016549772,0.00140439,0.314,0.171,82.4420332300606,16.0329257994372
"42079",0.0664716603,0.0007909423,10.903029214,5222,0.0752246761,0.0409727109,11352.02,8,0.1668709392,3.9501169296,4.163337107,0.2011317964,0.1176150638,0.1228066585,0.3580977646,0.1714773526,0.8071407649,0.0009102891,0.0009166106,0.329,0.283,62.3310334968866,19.1302666044407
"42081",0.0668787276,0.0007905763,15.987210232,3375,0.074985804,0.0448587241,10219.15,7.7,0.1555032855,3.7402863437,4.1814466977,0.2070905339,0.1110365197,0.1239012021,0.3674316599,0.170797598,0.539621569,0.0013275718,0.0013188949,0.388,0.218,87.8183414878936,19.2558489641229
"42083",0.062896954,0.000532301,19.35639971,5961,0.0715280801,0.0388594803,10156.92,8.1,0.1599438587,3.9427699186,4.1890693588,0.2086460036,0.117910928,0.1256167431,0.3534265246,0.1785838839,0.8055696203,0.0008117852,0.0005969009,0.355,0.217,63.616817387523,17.716075728171
"42085",0.0639266091,0.0006353468,16.10738255,5615,0.0711701627,0.0439644677,11218.62,7.8,0.1436953038,3.5671608924,4.0967404387,0.1934536073,0.1066313287,0.1200541244,0.3771813153,0.1665515345,0.8505032665,0.0015144403,0.0007350792,0.372,0.246,67.0948811078707,15.5063725227079
"42087",0.0922064273,0.0005173752,17.030266448,4847,0.1014386829,0.068988112,10673.49,8.3,0.1506045646,3.8925928746,4.379497656,0.1818282772,0.1153177767,0.1293973525,0.3433288375,0.1672750594,0.6310997815,0.0008847266,0.0006905183,0.349,0.229,87.0804306523116,25.1885543209166
"42089",0.0746439209,0.0004225034,7.6764695381,5673,0.0842866446,0.0460020026,11505.5,8,0.159806638,3.9751941696,4.0409734408,0.1859890335,0.1151394844,0.1177901245,0.3794024474,0.1690205323,0.8482000919,0.000933184,0.000710424,0.331,0.242,43.879591224876,19.85501865379
"42091",0.0467455297,0.0013921254,10.943316285,4061,0.0537313915,0.0287973375,10511.35,8.7,0.1157994352,3.0920531861,3.4145331723,0.1917678289,0.0895159322,0.1012241234,0.3342034832,0.1338303057,0.9559293089,0.0027795187,0.000787368,0.254,0.182,68.4864020571764,13.6084419182007
"42093",0.0559282537,0.0051444834,16.418563923,3934,0.0587067499,0.0486111111,10373.99,8.5,0.1233273466,3.3293481808,3.7887329591,0.2006273275,0.0982341091,0.1109453535,0.3413519341,0.144361726,0.4866152078,0.0042523033,0.0133565938,0.326,0.313,63.8045756995716,20.0528666484368
"42095",0.0609542226,0.000830573,10.448080948,4845,0.0689296325,0.0386301843,11338.83,8.6,0.1338006433,3.2862566518,3.6176404981,0.2033126924,0.0973623595,0.1068514652,0.357156109,0.149863091,0.8466958873,0.0018822735,0.0012967508,0.314,0.273,84.5683608894395,17.5726464185848
"42097",0.0674136348,0.0004455117,16.516532832,5113,0.0757677479,0.0437208798,10562.53,8.1,0.1606375463,4.0011548499,3.9898993433,0.1991904893,0.1176693132,0.1213441151,0.3723910509,0.1807446582,0.7662914692,0.0003133746,0.0003457927,0.389,0.275,67.1133635403932,14.8737724603034
"42099",0.0758339333,0.0002818306,16.476250352,3671,0.0804519124,0.0634127217,10981.61,8.6,0.1201721611,3.3168509167,3.8088478438,0.2135612507,0.0978178813,0.1105013574,0.3349992242,0.1529118403,0.4985533729,0.0002618944,0.0002182453,0.295,0.233,43.451182596353,23.8981504279941
"42101",0.0824518138,0.0006901294,7.5781392822,5894,0.0971768571,0.0395973232,11304.31,6.9,0.2019656323,4.493803197,4.5891824209,0.220839822,0.1397386942,0.1402403029,0.410117436,0.1972653338,0.9969973906,0.0022929168,0.0011901482,0.289,0.234,44.3282547408308,9.97280087591617
"42103",0.0715531069,0.0002872996,7.3620513189,4177,0.078895223,0.0492899679,10048.13,8.8,0.1357740966,3.4073445759,3.7745035547,0.1919467212,0.1000294008,0.1100288949,0.3225509873,0.1448386447,0.7418466419,0.0007919081,0.0001619812,0.294,0.284,43.6639431531348,20.3366310576244
"42105",0.0696795528,0.0004166171,19.640518986,4467,0.077203517,0.0509285312,8909.3,7.8,0.1450761815,3.7986411768,4.1325616761,0.1828648612,0.1128307191,0.1237911863,0.3313572177,0.168697819,0.4225239159,0.0002368967,0.0014806041,0.327,0.241,71.5577729630881,19.8771591564134
"42107",0.0618386977,0.0005541177,13.256738842,5181,0.0707036955,0.0367457721,10743.01,8.3,0.1468185065,3.5969646734,4.1107866681,0.1998575678,0.1072837403,0.1203000976,0.3282446053,0.1775461108,0.7489227117,0.0006756145,0.0005154172,0.368,0.242,66.322753608635,25.4548596596522
"42109",0.0871498588,0.0004901841,14.705521923,3443,0.0967756422,0.0627018599,9873.29,8.5,0.1439041595,3.5598636632,4.1381232696,0.1992213924,0.1067835964,0.1210850434,0.357153086,0.1678461134,0.6753564052,0.0005436394,0.0006177721,0.346,0.241,38.5849978244629,11.4934036072868
"42111",0.0698532137,0.0003892565,21.476221796,4485,0.0771912595,0.0485325698,10455.74,7.9,0.1346099853,3.599726747,3.9865209546,0.190778969,0.1068484189,0.1176443734,0.3587213936,0.1606384496,0.786203082,0.0009192523,0.0005595449,0.402,0.305,46.5295238776989,17.0011721860823
"42113",0.086250286,0,19.707669568,3937,0.0910070005,0.0612516644,9305.62,7.6,0.1474005237,3.5620084427,4.0096124846,0.1943308236,0.1064647377,0.1178498104,0.3396298823,0.1575101216,0.367921593,0,0.0004888382,0.281,0.258,103.842159916926,120.238290430125
"42115",0.0784601166,0.0003659876,11.711601806,5385,0.0886718095,0.0479409188,9659.44,8.5,0.151529494,3.6650585159,4.0019945584,0.1871382549,0.1088642557,0.1198718632,0.3590250584,0.1891857471,0.4206338223,0.000636288,0.0005139249,0.369,0.305,49.0051945506224,22.8690907902904
"42117",0.0775976873,0.0005147942,15.198686049,4173,0.0865178844,0.0529689201,8977.74,8,0.1441130851,3.5696346353,4.1202303585,0.1977586751,0.1084341689,0.1216725048,0.323540353,0.1588474953,0.5676377409,0.0010128536,0.0006752357,0.348,0.242,100.794160441543,19.5085471822342
"42119",0.0746500778,0.0009418096,14.799865456,2044,0.0818354731,0.0568589897,9105.16,7.5,0.1333598743,3.4077635336,3.9178891088,0.2335164798,0.1018998761,0.11242768,0.3147536598,0.1524686999,0.8797250095,0.0011631735,0.0013826402,0.299,0.201,60.0244544073511,11.115639705065
"42121",0.0644545957,0.0005602566,21.637494687,5887,0.0734941365,0.0382318952,11211.42,8.2,0.1451789912,3.8650269331,4.3018846664,0.1855266338,0.1143442396,0.1252292244,0.3462741103,0.1690458018,0.6706132693,0.0012551824,0.0009508957,0.357,0.267,86.7553499132446,23.7773921984448
"42123",0.0596832728,0.0004790842,16.389722383,4219,0.0663245164,0.0407159965,9708.81,8.1,0.1418092299,3.7305159213,4.084482052,0.1916989745,0.1106402324,0.1200828536,0.336111082,0.1617248342,0.7993782136,0.0010743285,0.0009244222,0.341,0.209,69.6413888003222,17.6201104193586
"42125",0.0480516199,0.0007670117,14.375440188,5351,0.0534634482,0.0329149167,10743.38,8.1,0.124723356,3.2819828078,3.7254604286,0.2126322046,0.0973166198,0.1122598487,0.340052994,0.1543068409,0.7063901453,0.0009327775,0.0007116035,0.381,0.224,81.1082112025698,19.1126279863481
"42127",0.0760278198,0.0005858803,10.545845132,4215,0.0844044088,0.0496157324,9728.63,8.6,0.1471848988,3.6143121346,3.9833139765,0.1912135362,0.1069067356,0.1169357789,0.3495468544,0.1674505526,0.5779599409,0.0005915993,0.0007099191,0.3,0.256,42.430691098041,31.3334334262457
"42129",0.0492728152,0.0007741892,14.746460141,4508,0.056994317,0.0260470318,11002.88,8,0.1228229465,3.472753043,3.7458461099,0.2032122182,0.1013112508,0.1120655678,0.354796342,0.1445201201,0.8250125284,0.0013391174,0.0006751853,0.304,0.228,87.4660903602167,19.4578991514089
"42131",0.0640184932,0.0005124076,8.7841300051,5446,0.07110666,0.0434229651,10819.3,8.7,0.1305991006,3.5733308695,3.9188811924,0.2100139153,0.1054601955,0.1154701382,0.3502149105,0.154761451,0.556231433,0.0004360307,0.0005087024,0.312,0.308,58.6159313216671,21.9809742456252
"42133",0.065137133,0.000692704,12.374517461,4397,0.0750726619,0.0391952252,10151.57,8.4,0.1308553526,3.3899525351,4.0333225651,0.191757436,0.1018928961,0.1164500859,0.3674029532,0.1524144021,0.7256605023,0.0010343802,0.0007301507,0.308,0.209,61.1316834753885,19.1316760020776
"44001",0.0348717678,0.0020444881,10.017991495,3495,0.0409732463,0.0176823177,9535.76,7.9,0.1020983935,3.414070318,3.718930911,0.1940282277,0.0995958382,0.1088161563,0.3053078975,0.1251488808,0.9608220551,0.001854607,0.0002649439,0.229,0.19,135.717598275909,12.2759636631476
"44003",0.0367079313,0.0008610161,9.5872007816,4344,0.0431409303,0.0167372881,10486.17,8.4,0.1190764032,3.5911565788,4.0713550198,0.199444938,0.1074398519,0.1213381499,0.3478919535,0.1727072551,0.9425667136,0.0028126405,0.0008929982,0.304,0.234,79.6367588651762,14.627159791563
"44005",0.0405336963,0.0008267434,12.10160556,4047,0.0467136198,0.020970368,10168.9,8.3,0.1101181742,3.2983421493,3.4849010458,0.2384562321,0.0961704385,0.1081301635,0.3109384773,0.1504038115,0.8826730045,0.0030199072,0.0004831852,0.254,0.19,79.9884237859043,13.6663638629183
"44007",0.0657037699,0.0009492325,9.4295661615,4743,0.0795559762,0.0249131411,10202.02,8.1,0.1650210876,3.9874425683,4.3715172567,0.1783232688,0.123535037,0.1327283154,0.3794676903,0.1544696956,0.9600984255,0.0043303092,0.0010809992,0.295,0.254,71.2070699496726,9.75295656158992
"44009",0.035567758,0.0009116132,11.573523583,3702,0.0411174556,0.0180777734,9434.7,8.1,0.1125806209,3.404572437,3.8986848701,0.2141222654,0.0974310785,0.1140481376,0.3277442114,0.1266912412,0.9406358532,0.0028506271,0.0005701254,0.255,0.187,83.9898895189598,13.4700766209652
"45001",0.1290460879,0.0005662972,11.730442521,2020,0.1589365276,0.0485436893,9167.73,7.8,0.2066877443,4.5655196599,4.6291482398,0.1560442967,0.1377896069,0.1422917993,0.3608382813,0.1743344461,0.6327654719,0.0006030878,0.0004824702,0.367,0.276,91.7245565522358,20.2333580629932
"45003",0.1342851185,0.0003329786,9.9893565784,4932,0.1657662433,0.0510501827,9631.03,7.7,0.1687557587,3.9450161367,4.2066604383,0.1754631157,0.1238790148,0.131550189,0.3630548683,0.1697280395,0.6920280576,0.0012958473,0.000406072,0.364,0.282,52.2732942867665,23.3645785069638
"45005",0.118306146,0.000777605,5.5543212619,5330,0.1500224921,0.0331202789,10765.84,5.1,0.2818200168,5.3344127229,4.9360903837,0.1274652081,0.1753827196,0.1617574527,0.4153136847,0.2343911909,0.5539879067,0.0012161415,0.0005527916,0.369,0.304,51.9480519480519,55.6586270871985
"45007",0.1333979027,0.0006641209,13.030856464,5855,0.1631960884,0.0581788233,10307.12,7.5,0.1770000355,3.9863838075,4.3951775881,0.1652339073,0.1211469184,0.1357175201,0.3471925439,0.189173864,0.5399410023,0.0016126653,0.0004476799,0.352,0.286,46.4913311290512,18.2944227186519
"45009",0.1318598281,0.000347681,18.079410333,4602,0.1615842085,0.0465517241,9194.84,5.6,0.2414165362,4.7029787053,4.7263453166,0.1359412769,0.1482224204,0.1484578919,0.4128767705,0.1954919061,0.068743354,0.0003464043,0.0008313704,0.402,0.364,53.376653515897,55.6973775818055
"45011",0.1265638638,0.0001873975,14.991801359,4562,0.1603327353,0.0445554062,9631.81,7,0.2289520992,4.5287458874,4.5520762383,0.1551477719,0.1424486402,0.1457576837,0.3902351811,0.1815700808,0.5569161399,0.0013033561,0.0005120328,0.413,0.31,57.8667500781983,50.0469189865499
"45013",0.1534848897,0.0007011197,8.8308963627,4187,0.1783893986,0.0862641551,9060.41,7.9,0.1259128744,3.2982008095,3.8492785396,0.2100468787,0.1025656692,0.1153658078,0.2965122474,0.1253742481,0.8307865847,0.0013322486,0.0006825044,0.25,0.17,49.0417176772124,12.5289059759302
"45015",0.11780302,0.0003120168,6.6074140692,3907,0.1447043593,0.0509367032,10494.8,7.8,0.1741491861,3.8406798267,4.4043187896,0.2169540355,0.114770542,0.130530388,0.3910765874,0.1765795941,0.769510186,0.0009151343,0.0003034642,0.378,0.247,24.9259146425901,15.3863670633272
"45017",0.1258919919,0.0002040261,12.921653972,4793,0.149601687,0.055875381,10386.29,7.9,0.1926911161,4.2306542175,4.2662895412,0.1476460966,0.1307867702,0.1336325815,0.357452515,0.1649736323,0.1648764415,0.0002027575,6.75858e-05,0.454,0.347,72.694229895502,65.8791458427987
"45019",0.1353892338,0.0012156298,11.209701124,3779,0.1595858994,0.0610385519,9567.34,7.7,0.1498745023,3.828321119,4.2219659067,0.2246009617,0.1163025128,0.1279228112,0.3264143325,0.1590969165,0.7998480907,0.0031022689,0.0017503859,0.286,0.201,35.7194181555988,14.2877672622395
"45021",0.1380355569,0.0004027668,16.636021364,5404,0.1752138026,0.0435995302,10836.84,7.3,0.2117130735,4.660159139,4.9036181607,0.1545913668,0.1441993213,0.150970898,0.3763257893,0.1971294484,0.4737270066,0.0005296049,0.0004413374,0.444,0.374,26.9275123076293,22.8298473912509
"45023",0.1216289105,0.0002476704,15.479396923,6669,0.1524409616,0.0410166756,9956.6,6.6,0.2145971002,4.5921132659,4.6157793565,0.1544857594,0.1401649296,0.144504228,0.3662764505,0.196852979,0.5597163549,0.0002485939,0.0001242969,0.427,0.344,40.3171616718183,25.8443344050117
"45025",0.14799785,0.0003046923,12.622965091,6475,0.1857997724,0.0464806172,9677.22,7.1,0.248861526,4.59986623,4.8563020906,0.1607472762,0.1445222337,0.1517864289,0.3815790482,0.2328994412,0.5771814953,0.0009127855,0.0003042618,0.375,0.337,45.02051337908,18.1534328141452
"45027",0.1447212821,0.0003229879,11.745015709,5472,0.1787635884,0.0480323208,10267.99,7.1,0.2197020962,4.4743291936,4.8202664588,0.1495582138,0.1404542665,0.151302607,0.3665135946,0.203822499,0.4329587372,0.0009425348,0.0005007216,0.414,0.319,56.0427891611279,11.7984819286585
"45029",0.1359428456,0.0005051714,10.369306852,6077,0.1682122261,0.0515211563,10183.71,6.5,0.2244506092,4.7262942303,4.8325978945,0.1553282428,0.1478396772,0.1534142164,0.4051961917,0.197647262,0.4439216291,0.0009756612,0.000711969,0.402,0.359,59.1904164531689,20.3190981854162
"45031",0.1226671668,0.0004905969,13.08258381,7384,0.1524632448,0.0452356157,10984.83,6.7,0.2118750867,4.4166354261,4.4724317053,0.1472445495,0.1389715283,0.1422904824,0.3994709479,0.1955426547,0.6545041569,0.0011452539,0.0006246839,0.365,0.316,33.2834908917492,17.3868982270332
"45033",0.1582460628,0.0005217505,7.8262570925,5770,0.2045894545,0.0507847391,9930.95,6.1,0.2863749674,5.1227224976,5.0853068211,0.1355302501,0.1593274579,0.1614119873,0.4220066149,0.2182102784,0.3151394174,0.0010046017,0.0005833171,0.41,0.328,67.3013254019083,11.9405577325966
"45035",0.113198261,0.0003707113,6.1359104157,5053,0.1390712578,0.0506825515,10652.29,8.1,0.1583736829,4.2030602674,4.5553968342,0.1801067114,0.1246645535,0.1302560751,0.3670926529,0.153005014,0.7661015708,0.0012160782,0.0004552165,0.336,0.241,28.2452280430517,18.2638316669357
"45037",0.1325700668,0.000337167,9.7403813734,5034,0.1589289421,0.0560656378,9610.59,7.9,0.1800672862,3.8861110813,4.0228413772,0.1737619817,0.1186387608,0.1239867487,0.3801702124,0.1692564284,0.3670928293,0.000531148,0.0003035132,0.38,0.323,37.4517808321786,12.4839269440595
"45039",0.1169311267,0.0003981068,13.712566904,3405,0.1402694611,0.0443548387,9650.4,6.2,0.2237665359,4.4856834311,4.5502592392,0.1415951225,0.1442214225,0.1475209815,0.371118683,0.1943895667,0.3243028886,0.000838741,0.0004855869,0.452,0.362,50.249770920162,16.2572788271112
"45041",0.1147264828,0.0010103489,12.196354084,6613,0.1450118455,0.0409603686,10690.08,6.7,0.2186360438,4.3583817017,4.6635004829,0.1631681458,0.1344653057,0.1417538815,0.3888649121,0.1999289094,0.5711509661,0.0017946981,0.0009946519,0.393,0.319,32.2528624415417,8.66494811862314
"45043",0.1323284589,0.000616813,16.394240914,3643,0.1588593477,0.0564016736,9776.48,7.3,0.1757980904,4.1502139927,4.4477080804,0.1577111338,0.1306283379,0.1363404399,0.3565795107,0.155061462,0.6963163669,0.0007654848,0.0004234597,0.371,0.281,48.0418882081455,15.1143019081806
"45045",0.1311667897,0.0010496471,12.370841119,3035,0.160661898,0.0568683501,9615.59,7.6,0.1654712921,4.1870347741,4.245308901,0.1757467193,0.1263082876,0.1270096406,0.3389176976,0.1658767424,0.8271483185,0.0019628443,0.0010926968,0.295,0.239,44.4132710801834,16.6467519752391
"45047",0.1444525018,0.0010518087,13.502949328,4430,0.1810995872,0.0530484435,9953.48,7,0.2179655528,4.8017287888,4.6782196914,0.1749797169,0.1480486698,0.1465610264,0.370009077,0.1807774503,0.7509797448,0.0027091384,0.0006558967,0.364,0.278,90.4231899975856,14.2025952875789
"45049",0.1228962011,0.0003060912,10.713192531,6265,0.1546509416,0.041871345,9871.51,6.7,0.2126058886,4.3860850989,4.3371628787,0.1548640639,0.1404802614,0.1415145495,0.3721853571,0.194865499,0.4448553817,0.0007027407,0.0006023492,0.397,0.375,49.2569002123142,56.0509554140127
"45051",0.1744471062,0.0005911159,8.9417525835,4347,0.2094563656,0.0647388385,10165.3,7.9,0.1643611813,3.8056146261,4.4408028878,0.1854834976,0.1188079506,0.1357126232,0.36524719,0.1897557828,0.8400949159,0.0013557029,0.0007321416,0.328,0.26,37.7091633266884,18.4044722867657
"45053",0.2039595697,0.0002459765,7.027900766,6228,0.2524003765,0.0689305626,9558.58,7.4,0.2324590134,4.6926733196,4.8547238465,0.1576790505,0.1487324734,0.1532896141,0.4071631867,0.1862225303,0.5032086209,0.0003864395,0.0004567012,0.369,0.252,16.2991594290637,20.9560621230819
"45055",0.1167975296,0.000615044,11.532074543,4287,0.1461566695,0.043883569,9803.81,7.8,0.1814686147,4.0031427941,4.5358416553,0.1689447198,0.1188421866,0.1327408469,0.3762987394,0.1913943205,0.5267841224,0.0010920948,0.0003744325,0.375,0.274,55.9763769418411,20.5417897034279
"45057",0.1326557642,0.0004538088,12.425715829,6048,0.1658903342,0.0486592419,9397.3,7.5,0.1615786798,3.6609439783,4.4682879904,0.1636700055,0.1122645751,0.1331642931,0.3591778869,0.1924802366,0.6085425038,0.000435297,0.0004687814,0.323,0.258,32.7899569046281,16.5751430506911
"45059",0.1413831038,0.0005534945,12.266634753,3507,0.1765848856,0.0474715507,10473.14,6.9,0.2160554548,4.7720606113,4.7844122074,0.1565519507,0.1474583295,0.1481077866,0.378700663,0.1999879206,0.5830740791,0.0005990086,0.0003594052,0.365,0.317,66.2948175397146,20.4367482641225
"45061",0.1182675404,0.0001729107,8.0691642651,7364,0.1488147498,0.0383759733,9606.16,6.5,0.2736396672,4.8066262651,4.879458216,0.1358154085,0.1592159603,0.1595895219,0.4222823407,0.2310681818,0.488917794,0.0010774029,0.0001701162,0.401,0.364,44.1230072707042,11.5103497227924
"45063",0.1205942527,0.0006021153,11.285361372,3932,0.1485657987,0.0492276354,10026.56,8.2,0.1648787897,3.9137973259,4.2429430566,0.2183909127,0.1189042567,0.1257455772,0.3617897008,0.1554964086,0.6504643833,0.0014710199,0.0005905044,0.317,0.241,47.0253592852145,18.0072717262895
"45065",0.1201064234,0.0004190676,12.572027239,3318,0.1364070712,0.0593445527,9389.75,7.5,0.1976812546,4.1122988652,4.2315636084,0.1535564714,0.1269090313,0.1291720183,0.3509677661,0.1637860606,0.9641356396,0.000622213,0.0004148087,0.38,0.291,115.392684803133,132.87642492482
"45067",0.1360977774,0.0004154284,9.2672482664,6837,0.1740176872,0.0392749245,9948.13,6.2,0.2599850449,4.9376117673,5.0265640962,0.136037713,0.156252685,0.1602667954,0.3938136077,0.2121489671,0.5951545581,0.0009140768,0.0004097586,0.409,0.348,62.7272533968402,20.2003019413553
"45069",0.1450059855,0.0001863933,5.5917986952,5680,0.1841917535,0.0414696253,9963.49,6.1,0.2471639446,5.1301697966,4.8212946521,0.1428156557,0.1608397587,0.1557288819,0.3807236919,0.2201527364,0.2576296962,0.0020783077,0.0002969011,0.421,0.35,63.6164055483485,12.4738050094801
"45071",0.1475289485,0.0006495531,12.731240906,4065,0.1804743265,0.0630454754,9674.87,6.9,0.178302177,4.1868202372,4.3419241195,0.1633619074,0.130049192,0.1369573988,0.3262949886,0.188650661,0.5128772529,0.0005514851,0.0003939179,0.358,0.323,65.1680902273932,15.6403416545744
"45073",0.151074022,0.000530607,14.753461887,4395,0.1841464802,0.0569612286,9745.14,8,0.1508284652,4.0510321672,4.4102130938,0.156065241,0.127432525,0.1381456133,0.3362176407,0.1806248206,0.7142164717,0.0006679327,0.0008774802,0.334,0.226,44.3967430894099,19.3966353303247
"45075",0.1391691218,0.0004344049,13.832365449,4304,0.1773251029,0.0410602114,9435.87,6.3,0.2103128689,4.4395309387,4.8995217989,0.1518979471,0.1391195335,0.1532156671,0.3734814082,0.2107004293,0.4432925049,0.0013651411,0.0007053229,0.414,0.292,50.7027863659064,12.1991666444286
"45077",0.1305079496,0.0006154893,13.848508653,4109,0.1566992642,0.0510146104,10212.9,7.5,0.1717175373,4.0773559835,4.3718475247,0.1925449467,0.1245957702,0.1333833013,0.3451133849,0.1800057063,0.7197879622,0.0009522802,0.0005778794,0.303,0.222,38.5155098995634,22.8938345556845
"45079",0.1099080064,0.000860075,12.050768722,3796,0.1354694223,0.0401829503,9220.87,6.7,0.151173244,3.922844441,4.3790921568,0.188321528,0.1216304407,0.1333456575,0.364893992,0.1434794208,0.7609205626,0.002932494,0.0009913344,0.34,0.233,39.4912427359986,13.2716471489831
"45081",0.1860948192,9.77899e-05,12.223743399,5427,0.2293326693,0.0684060513,9878.88,8,0.2152628148,4.4232113286,4.4323259433,0.1586689112,0.1357716542,0.1376814439,0.3476365951,0.1704906071,0.4611320755,0.0005446353,0.0003465861,0.388,0.324,94.7820829179808,81.7086921706731
"45083",0.1292627308,0.0006843646,13.068104049,4255,0.1597614494,0.0519544509,10021.99,7.3,0.1847528179,4.2906642989,4.5704611249,0.1631627233,0.1312889163,0.1395623903,0.384793567,0.1799682697,0.6876123346,0.0009818784,0.0007297745,0.345,0.283,66.037377806453,18.9762579903601
"45085",0.1276441059,0.0005053956,10.388686627,5812,0.161779477,0.0449296902,10067.68,6.4,0.2268446143,4.4668671244,4.4307022055,0.1619831807,0.1364586542,0.1381804985,0.3751995361,0.1957283306,0.7461007296,0.0012384074,0.0007076614,0.403,0.292,65.1587660363829,9.66469735467881
"45087",0.1214676179,0.0003994625,17.794240476,4741,0.150872818,0.0383561644,10410.65,7.4,0.2088924404,4.4552990902,4.7061887108,0.15630006,0.1359929062,0.143299384,0.3707144818,0.1843638762,0.65280895,0.000939544,0.0003613631,0.468,0.33,66.5698378116679,13.3139675623336
"45089",0.1198215424,0.0001606013,8.9936723091,5583,0.1507770819,0.0365871945,9952.08,6.2,0.2512524179,4.7806432198,4.8346969195,0.1239467495,0.1536100793,0.1542380315,0.40420683,0.1878614548,0.2185457398,0.0011578783,0.0002190581,0.458,0.345,59.7690353704613,53.3652101521976
"45091",0.1105054794,0.0004391249,11.33467698,5072,0.139027493,0.0419017041,9597.78,8.1,0.1630789036,3.804397182,3.9785699943,0.1995745432,0.1140945391,0.119924351,0.3691601911,0.16836733,0.7299235203,0.0015588374,0.000468038,0.318,0.234,37.668177148056,15.7680741550002
"46003",0.1545498315,0.0003652301,14.609203798,4502,0.1684931507,0.1221020093,8037.44,7.1,0.0995088995,2.6745029248,2.4946121633,0.1955249594,0.081722024,0.0849112897,0.2355008174,0.1264442361,0.5782287823,0.0003654971,0.0007309942,0.313,0.209,12.0845921450151,0
"46005",0.1346808221,0.000605827,18.72556039,7637,0.1657608696,0.0723207091,8690.15,7.6,0.1397891656,3.2360736918,2.8230226405,0.1742752444,0.1026507233,0.0993520485,0.2647695771,0.1494030077,0.6811702495,0.0028175239,0.0013811392,0.369,0.199,9.06766290056401,21.7623909613536
"46007",0.217750258,0,11.580775912,7283,0.2848616386,0.101710171,13202.27,2,0.2369965641,4.9266271454,4.0116573167,0.1533161321,0.164344864,0.1555138562,0.2862925197,0.2612464234,0.0402215098,0.0002890173,0.000867052,0.416,0.249,9.63205548063957,9.63205548063957
"46009",0.1106959365,0.0005727377,21.47766323,5757,0.1215580927,0.0890014472,10475.52,8.5,0.1215052772,3.1197281875,2.8525894922,0.2130753532,0.0944707896,0.0944147757,0.2700143667,0.1616884081,0.604950495,0.0001431844,0.0012886598,0.398,0.243,47.7372541531411,47.7372541531411
"46011",0.089133719,0.0005838564,16.347978397,4325,0.103880597,0.0497694603,9427.39,6.9,0.1167268285,2.845050684,2.9153968516,0.2201223917,0.090542598,0.0978936585,0.2423538818,0.1303253378,0.7849210074,0.0011425223,0.0009081588,0.299,0.161,17.3708285885237,14.4756904904364
"46013",0.1067093253,0.0006381132,16.335698606,4918,0.1252835223,0.0646244657,10264.46,7.9,0.1044749804,2.9270998251,2.8249786327,0.1848761723,0.0903904995,0.0917726995,0.2495109039,0.149943695,0.758670718,0.0033479861,0.001405643,0.349,0.221,41.6588733400214,14.4530785057217
"46015",0.1807511737,0.0015060241,15.060240964,2679,0.1984235778,0.1437632135,9586.56,7.4,0.1239903298,3.1468299801,2.9971175317,0.1834791064,0.0993179577,0.1027255194,0.2559970745,0.1640183692,0.6595623216,0.0009545628,0.0013363879,0.35,0.268,6.33753723303124,6.33753723303124
"46017",0.194475761,0,0,2713,0.2739212008,0.0746268657,11340.72,0,0.3080408586,5.8379772515,4.8439669433,0.1601655299,0.2023886682,0.186315718,0.3457527995,0.3702901415,0.0993723849,0.0024473813,0.0014684288,0.504,0.272,0,16.4527805199079
"46019",0.1120119746,0.0001978827,9.8941327793,2418,0.1350442478,0.0592025775,8087.57,7.9,0.1187706001,2.9876118329,2.7474139048,0.180929195,0.0960853727,0.0985018628,0.2528696884,0.1569703307,0.7235410485,0.0003919647,0.0004899559,0.326,0.222,26.200301303465,26.200301303465
"46021",0.1142005958,0,21.754894851,4313,0.1166875784,0.1116071429,7952.13,6.3,0.1134620972,2.9700414731,2.8010046822,0.173523992,0.0925874279,0.0953991074,0.2604624266,0.1450276555,0.2230559345,0,0,0.282,0.223,0,0
"46023",0.1706392199,0.0006364022,15.910055155,5669,0.2111158073,0.1001446132,10424.83,7.8,0.1671020143,3.8749928837,3.5201188657,0.1704258431,0.1244471918,0.1250249739,0.2649740093,0.2080221516,0.5491291489,0.0005321413,0.0014899957,0.405,0.179,21.3053050209502,21.3053050209502
"46025",0.1462988827,0,13.631406761,3303,0.1611740474,0.1126173097,9145.91,7.3,0.1275287622,3.1456673602,2.8520212304,0.187571064,0.0968523419,0.0971018308,0.2723659867,0.1545868783,0.4153345977,0,0.000273523,0.334,0.283,45.1956973696104,0
"46027",0.105155642,0.0006433167,12.866333095,3911,0.11945436,0.0620063191,10437.27,6.8,0.1535242759,3.4654031489,3.1480544781,0.2252770544,0.1121270066,0.1103318684,0.2791662612,0.1847502776,0.8467974611,0.0004969473,0.0009938946,0.313,0.201,23.7433815323978,23.7433815323978
"46029",0.0857376626,0.0009608883,17.794227553,5076,0.1028304179,0.0469675599,9152.53,7.7,0.1073761604,2.8835154186,2.7833831502,0.2022997606,0.087702872,0.0890756551,0.2532063209,0.1567980425,0.6382267602,0.0020667783,0.0005701457,0.343,0.229,28.5113510816494,7.12783777041235
"46031",0.2168943407,0,7.1377587438,7136,0.2842105263,0.1121751026,11250.65,1.4,0.2865545765,5.8059568611,4.8229767988,0.1546594668,0.2004442292,0.1843526234,0.3293681639,0.3305311085,0.0177777778,0.0009680542,0.0007260407,0.452,0.277,8,8
"46033",0.1183578878,0.0004602462,10.355540214,2226,0.1285714286,0.0805946792,7902.9,8,0.1094011629,2.9403570718,2.7545131898,0.1697397476,0.0901300452,0.0921411654,0.2469936019,0.1358993254,0.7949123661,0.0004653327,0.0003489995,0.333,0.253,26.9096221120209,26.9096221120209
"46035",0.0844970719,0.0007105156,14.210312627,3471,0.0991406603,0.0508618855,8805.19,7.9,0.1302311441,3.0545115486,2.8295924447,0.185361062,0.0951926699,0.0968693843,0.2579988804,0.1505748196,0.8419811321,0.0014570668,0.0008038989,0.295,0.237,53.8747748202771,45.4568412546088
"46037",0.1445369917,0.0003622532,19.923926825,6207,0.15625,0.11829653,9133.76,6.8,0.1287906672,3.3845752064,2.995172531,0.1659247623,0.1042902038,0.1045705401,0.2487470145,0.1578662107,0.3313485114,0,0.0008975049,0.388,0.276,36.1511116466831,36.1511116466831
"46039",0.096686747,0.0004671806,18.687222612,9565,0.1074946467,0.070327553,9110.88,6.5,0.1072788295,2.8245380203,2.599509652,0.1867957885,0.0880243335,0.0903647405,0.2392782664,0.1408426713,0.3471585701,0,0.0004727015,0.406,0.223,7.78270682543389,7.78270682543389
"46041",0.1989426278,0.0001713796,13.710368466,5589,0.268671193,0.0927342256,11859.41,5.1,0.2285848445,4.9474995726,4.3137672622,0.1791447103,0.1617908373,0.1585697311,0.3216772846,0.282262057,0.2388228636,0.0003483107,0.0029606409,0.426,0.304,5.72049653909959,5.72049653909959
"46043",0.1353075171,0.000682361,20.470829069,4670,0.1424713032,0.122147651,9300.03,6.3,0.1019683561,2.6863421505,2.6130576033,0.1874859398,0.0835235423,0.0883953035,0.2435306357,0.1306047347,0.5026648901,0,0.0017053206,0.28,0.24,11.3662195953626,11.3662195953626
"46045",0.1176470588,0.0005103343,17.861699413,6579,0.1221198157,0.1085353003,10669.54,7.7,0.1099065049,2.9336023119,2.690099441,0.1818512887,0.0889458522,0.0909501367,0.2519269435,0.1405806944,0.4485384426,0,0.0010121457,0.318,0.308,8.51353652307168,8.51353652307168
"46047",0.1095299698,0.0004486317,17.945266936,3378,0.1248925809,0.0639868745,9344.04,7.3,0.1320852642,3.2836546522,2.9280059914,0.16037646,0.1001718362,0.0997023085,0.2411039082,0.143462744,0.9393853961,0.0051102351,0.0027741276,0.388,0.237,54.203212772248,68.9859071646792
"46049",0.0979843225,0.0004293688,12.881064835,7871,0.1079313164,0.0756013746,13592.67,6.8,0.1122861637,2.9888352228,2.7648337766,0.1739545698,0.0931250068,0.0955612489,0.2573604363,0.1394739129,0.0469543147,0,0.0016992353,0.396,0.27,14.2592328532725,14.2592328532725
"46051",0.1032686782,0.000991361,28.324599915,7956,0.1188143682,0.0673019655,11049.54,8.7,0.1068169869,2.8867071933,2.5776479145,0.1835381852,0.0880446912,0.0893078514,0.2369420765,0.1334852841,0.6494018488,0,0.0006994964,0.252,0.207,4.68252481738153,4.68252481738153
"46053",0.150606254,0.0007098912,16.564126834,11398,0.1696387746,0.10775428,12492.26,7.3,0.1378564936,3.3693135377,3.0677455122,0.1620731105,0.1068708293,0.1074595632,0.2553903651,0.1664117884,0.5312573168,0,0.0016782546,0.269,0.315,7.93084304861607,7.93084304861607
"46055",0.1317406143,0.0010293361,15.440041173,5734,0.1344455348,0.1287553648,11226.03,7,0.1458341605,3.4687827811,3.1086376786,0.157569507,0.1103070614,0.1092279516,0.2612249994,0.1653813687,0.5539494063,0,0,0.289,0.284,17.3822353554667,17.3822353554667
"46057",0.1077603538,0.0001681237,8.4061869536,6208,0.1264847512,0.078784758,9108.2,6.2,0.1050139002,2.87465483,2.622878694,0.1982103826,0.0868412753,0.0873832281,0.2445442245,0.1424914135,0.0819922074,0,0.000331785,0.34,0.215,71.874827223973,71.874827223973
"46059",0.1128769356,0.0006103143,21.361000915,6292,0.1136363636,0.1121751026,12094.66,7.7,0.0891992944,2.5493565444,2.4677235931,0.1867880048,0.0785938194,0.083756358,0.2337760868,0.1255537833,0.5502768872,0,0.0018077734,0.377,0.244,60.8642726719416,0
"46061",0.1111878453,0,11.685655857,2177,0.1272333514,0.0843155032,8427.24,8.5,0.1054239418,2.8146911644,2.6956765547,0.2051485435,0.0884237928,0.0923555077,0.2549785887,0.1494105256,0.2086460522,0,0,0.251,0.181,0,9.82994200334218
"46063",0.1297029703,0,0,4530,0.1420982736,0.0992647059,7832.61,5.7,0.1171770967,3.0042374653,2.7272997739,0.1977549927,0.0933854874,0.0942593594,0.2539572442,0.1570107563,0.5179282869,0,0.0015649452,0.416,0.25,26.5322366675511,26.5322366675511
"46065",0.0963999437,0.0007924827,28.869013925,2520,0.1130487072,0.0602382558,8361.37,8.2,0.105382932,2.8930491647,2.683469337,0.1966539229,0.0887093381,0.0928060917,0.2322678619,0.1421810575,0.8030783692,0.0019318182,0.0011363636,0.319,0.224,20.7876634666264,20.7876634666264
"46067",0.1221509972,0.000815439,25.822234303,7019,0.1346153846,0.0967391304,10533.63,8.5,0.1103858405,2.8706559232,2.6329905103,0.1774686856,0.0888924369,0.0911676276,0.2387332895,0.1388147328,0.4432793136,0.000135722,0.0014929425,0.339,0.198,67.8548810277753,45.2365873518502
"46069",0.123857868,0,30.349013657,4212,0.1320224719,0.1010452962,9399.49,7,0.1089198434,2.9244110013,2.8152161349,0.1783860373,0.0899150268,0.0947072355,0.2501053889,0.1367423708,0.5823943662,0,0.000739645,0.221,0.214,25.3036437246964,25.3036437246964
"46071",0.2493610807,0,0,2721,0.3112884835,0.138030888,11455.81,3.2,0.2293761685,4.8264873278,3.980010855,0.1665395249,0.1617441462,0.1516834769,0.3013642709,0.2641692415,0.1474760805,0,0.0012026458,0.392,0.294,10.078613182826,10.078613182826
"46073",0.1231292517,0.0009861933,19.723865878,7750,0.1225099602,0.1226611227,11117.74,6.2,0.099607382,2.7049027881,2.5893197933,0.1794673144,0.0831029662,0.0866775825,0.2367579915,0.1281898969,0.3843553839,0,0.001996008,0.235,0.255,16.4609053497942,0
"46075",0.1631504923,0,0,1386,0.173828125,0.1387559809,8913.8,5.8,0.1090354399,2.8714865783,2.7820928441,0.1808828073,0.0887383349,0.0944435112,0.2498963281,0.1414424787,0.5616302187,0,0.0010787487,0.266,0.25,35.8294518093873,0
"46077",0.098451037,0.0004038772,22.213247173,4121,0.1080680977,0.0754716981,10603.23,7.7,0.0988813032,2.7698780709,2.5936083134,0.1861560657,0.0849204985,0.0878076311,0.2482624059,0.1373827968,0.6398601399,0,0.0015996801,0.293,0.28,40.3442711135019,40.3442711135019
"46079",0.0780503014,0.0006245609,12.491217113,2807,0.0872454751,0.0549777117,9818.02,8.4,0.1051771064,2.8889690673,2.6161502368,0.1923327775,0.0894844176,0.0905946336,0.2459377,0.1416991024,0.6673214286,0.0010070493,0.0003873267,0.326,0.245,51.5796260477112,41.2637008381689
"46081",0.0993193069,0.0008258288,17.696330961,2441,0.1139547414,0.054200542,7862.42,8,0.1024687163,2.9548966153,2.9187168319,0.203151412,0.0884126209,0.0909095569,0.2542716729,0.1642601594,0.8534672366,0.0015822159,0.0009097741,0.268,0.177,34.0087114622438,27.4685746425815
"46083",0.0601837187,0.0015706621,12.530001412,5933,0.0726168471,0.0363040169,9993.74,9.3,0.0973588653,2.4913637932,2.4705797161,0.1987565376,0.0753976937,0.0803455727,0.2424211269,0.1365495982,0.7281163558,0.0024417559,0.0009179533,0.313,0.198,15.8879604566318,11.1804166176298
"46085",0.1867545512,0.0002561475,7.6844262295,3998,0.2262357414,0.1112091792,8678.52,4.8,0.1721087509,3.9612704306,3.5593790899,0.1790661847,0.1274029471,0.1266800813,0.2798559595,0.2179546549,0.2255659121,0.0005136107,0.0010272214,0.376,0.292,8.60659264996988,43.0329632498494
"46087",0.1036653924,0.0001818512,18.185124568,4943,0.1203263086,0.070610687,9438.51,8,0.1052871873,2.7065361974,2.645091868,0.188197298,0.0838186651,0.0888620429,0.2421494609,0.1380713411,0.2791028836,0,0.0005333333,0.35,0.226,41.9916016796641,0
"46089",0.139160437,0.0008244023,20.610057708,4491,0.1456896552,0.125,8408.07,6.1,0.1287617692,3.1830847968,2.9609539183,0.1566355789,0.1000163528,0.1012638228,0.2516778472,0.1485096489,0.4640097601,0,0.0004101723,0.268,0.278,13.7532664007702,13.7532664007702
"46091",0.1769981535,0.0002081599,22.897585346,4644,0.1876854599,0.1512752858,8501.03,7.2,0.1178769853,2.967423842,2.631029669,0.194466555,0.091635743,0.0906667215,0.2537315878,0.1452507985,0.0195446735,0,0.0002082899,0.268,0.22,6.79486308350887,6.79486308350887
"46093",0.1012352077,0.0006067528,9.6366621458,4489,0.1196989607,0.0551169373,8575.55,8,0.119066774,3.2530769221,3.0428725562,0.1982317362,0.0988798684,0.0966939941,0.2634629406,0.1639003626,0.6761421719,0.0014805185,0.0009027552,0.289,0.205,27.3793226593655,21.4272959942861
"46095",0.231227652,0,0,5070,0.28976234,0.1221498371,7716.34,2,0.2502081555,5.2415529435,4.3480404682,0.1439862715,0.1819168834,0.1700399282,0.3067216218,0.2924556939,0.5048828125,0,0.0004757374,0.404,0.297,16.0462130937099,16.0462130937099
"46097",0.1003401361,0.000448833,22.441651706,3458,0.1093877551,0.079928952,8885.77,7.9,0.1081245308,2.9426070666,2.6991547318,0.1777058473,0.0907796223,0.0919737116,0.2528267613,0.1418335753,0.5190456258,0,0.0013152126,0.295,0.195,89.2591490627789,89.2591490627789
"46099",0.0872158381,0.0009119057,14.473851635,4734,0.1040645796,0.049530264,9691.84,8.2,0.0997139033,2.9122530539,2.649556259,0.1996027156,0.0861442166,0.0886057413,0.260525473,0.1579427415,0.8935492246,0.0016229086,0.0017456945,0.311,0.209,26.8982612823263,19.69023048118
"46101",0.1561039447,0.0003039976,13.679890561,7800,0.1729980869,0.1218820862,10244.86,5.9,0.1349329061,3.2133522129,2.9671188433,0.18453481,0.1010306665,0.1027692208,0.2645344332,0.1728169807,0.5650632131,0.0006149116,0.0006149116,0.393,0.278,30.5141636576311,40.6855515435081
"46102",0.168118672,0.000348335,0,7637,0.2401336933,0.0571318278,15122.8,0.1,0.3340612629,6.3575960097,5.3545066309,0.1524970269,0.2264655694,0.2133673207,0.3686568715,0.4120176338,0.029147652,0.0008324662,0.0004856053,0.404,0.262,NA,NA
"46103",0.1170835252,0.0008988478,12.892564985,4326,0.1396231128,0.0622658818,8716.36,7.8,0.1298100797,3.3559761905,3.1585497174,0.1867358815,0.0999293824,0.0999566889,0.2459039559,0.1546540445,0.9454867853,0.0026332151,0.0017371905,0.291,0.219,27.4723615966574,24.7553148453397
"46105",0.1612903226,0,23.53732347,3418,0.166150031,0.1489361702,9048.82,7.2,0.114431182,3.0583195718,2.8327277669,0.1858889951,0.0961666352,0.0986850738,0.2541430398,0.1446229547,0.7052313883,0.0016761649,0.000670466,0.303,0.227,11.2625295641401,0
"46107",0.1119496855,0,17.92917974,5231,0.123655914,0.0866935484,11342.28,6.2,0.1050327189,2.8467746821,2.6712353456,0.1740625008,0.0872610082,0.0902536774,0.2352924187,0.1277888604,0.5753542293,0.0004349717,0.0021748586,0.305,0.31,14.8434021077631,14.8434021077631
"46109",0.1945779421,0.0006810664,13.621327106,5394,0.2261015683,0.1349288935,9900.4,7.3,0.1622018267,3.9795172013,3.4586823148,0.1776767897,0.1254951577,0.1232068674,0.2646071209,0.2104712897,0.3355010346,0.0002925402,0.0008776207,0.406,0.378,16.1394448030988,32.2788896061975
"46111",0.1264542236,0,0,3133,0.1401179941,0.0981308411,6961.34,6.2,0.1035878794,2.7463108845,2.6013373373,0.1949198213,0.0851636711,0.0884517818,0.2486808375,0.1416629368,0.2887473461,0,0.0004173623,0.312,0.335,13.745704467354,13.745704467354
"46115",0.1093781649,0.0003120125,18.72074883,6965,0.1205533597,0.0806896552,11340.11,7.7,0.1119930024,2.9815408525,2.7790406885,0.1926120679,0.0932877801,0.0955756691,0.2486889401,0.1521389738,0.4787217459,0.0004672897,0.000623053,0.395,0.243,5.17464424320828,5.17464424320828
"46117",0.103976802,0.0006642312,0,3453,0.1191185229,0.0703125,8429.71,8.6,0.090544144,2.6241430191,2.606280744,0.2045424811,0.0792969034,0.0858368868,0.2420880542,0.1352359348,0.8556979096,0,0.0003341129,0.259,0.244,0,11.0791048083315
"46119",0.1253456221,0.0007107321,28.429282161,1275,0.1330798479,0.1129032258,7485.51,7.6,0.0955572917,2.6022310442,2.5541686931,0.2014798787,0.0813533561,0.0858884793,0.2470049702,0.1335863676,0.0568099053,0,0.0007037298,0.274,0.229,23.696682464455,23.696682464455
"46121",0.1738248225,0.0001987084,3.9741679086,10240,0.2546890424,0.0685240964,13396.17,4.7,0.2990873047,5.9036610107,4.9333353785,0.1562265639,0.2089969398,0.1931078401,0.3576522264,0.3907970276,0.5187265918,0.0006893156,0.0014771049,0.404,0.256,26.2269284988362,59.0105891223814
"46123",0.1783639884,0.0009157509,12.820512821,6978,0.2023931624,0.120974077,10428.66,7.5,0.1394962783,3.4682294573,3.1832473161,0.1737662863,0.1097829536,0.1114284968,0.2555604919,0.1682768697,0.5811481219,0.0034595776,0.0010924982,0.362,0.249,36.5185636031649,36.5185636031649
"46125",0.0974679683,0,21.647624775,4691,0.1107719145,0.0686131387,9291.94,8.8,0.107375323,2.7633808248,2.6437968103,0.1778928151,0.084846878,0.0897954451,0.2440811241,0.1415483287,0.6036899485,0.0001202357,0.0004809426,0.379,0.224,51.8837803320562,31.9284802043423
"46127",0.0784753363,0.0006653803,11.311464502,4445,0.0880581752,0.0574298223,9702.41,8.7,0.0940164576,2.5719114409,2.4898372766,0.2117478202,0.0784325179,0.0828762662,0.2569322195,0.1406451041,0.7194944093,0.0003348065,0.0016070711,0.338,0.175,35.1015751831863,30.7138782852881
"46129",0.1327751196,0.0009020386,19.84484936,5771,0.1589267286,0.0755988024,9398.14,7.7,0.1131015703,2.9676618895,2.863166106,0.181061456,0.0915717232,0.0963347614,0.2467449229,0.1479830684,0.6480323648,0.001426025,0.0003565062,0.293,0.216,65.7108721624851,59.7371565113501
"46135",0.0932370322,0.0009707881,13.238019592,4228,0.1095765039,0.0538910115,8720.67,7.7,0.1242491877,3.0033618698,2.8527338518,0.1898532416,0.092587988,0.0956687402,0.2559112741,0.1574332071,0.8321151618,0.0049964627,0.0011938451,0.363,0.196,22.0112404067677,22.0112404067677
"46137",0.2306097055,0,0,1841,0.2817243473,0.1202453988,9847.59,4.3,0.2842807411,5.3486100217,4.5429079677,0.1611595234,0.1855074483,0.1744396144,0.3223878831,0.320249691,0.3870046412,0,0,0.525,0.272,0,12.0496445354862
"47001",0.1028074468,0.0005376556,14.949447264,4916,0.1275952429,0.0350561258,10479.1,7.5,0.1909763127,4.6665070023,4.6854112762,0.1373647771,0.1391172849,0.1355077943,0.358193133,0.2071238492,0.6626069827,0.0008954909,0.0009481669,0.335,0.279,99.7048212528698,17.9293757516126
"47003",0.1439596982,0.0003533055,8.105243469,5695,0.1829673046,0.0538907877,10341.85,7.9,0.2154161597,4.8076077198,4.722759894,0.1459347146,0.1444868862,0.1391151667,0.3625251772,0.2139706097,0.5113409383,0.0007160307,0.0008634487,0.344,0.322,30.4205643014678,15.9016586121309
"47005",0.1239903406,0.0001876642,12.510947079,5854,0.1504562653,0.0476042315,12021.68,7.4,0.2120456325,5.2434288426,5.1228743611,0.1220485425,0.1579590653,0.1519216829,0.3709225282,0.2266448072,0.4830493056,0.0003746722,0.0011864618,0.33,0.261,29.0552880624274,24.9045326249377
"47007",0.1508113268,6.79486e-05,4.0769178501,5664,0.1814147018,0.0541808874,12274.98,7.9,0.2202618069,5.1468523363,4.7874264163,0.1391175198,0.1572071275,0.1476165724,0.3676096443,0.2560708823,0.2532618826,0.0002044293,0.0005451448,0.372,0.305,47.5683511903414,22.6515958049245
"47009",0.1024852255,0.000692686,10.544220305,5193,0.1249479221,0.0392630516,10371.63,7.7,0.1673236491,4.5520413681,4.5261388847,0.1414591533,0.1326045813,0.1304879414,0.3348718277,0.1905873098,0.6716283229,0.0011113702,0.0007694101,0.359,0.249,56.674223229764,21.2848892672869
"47011",0.1335109254,0.0005399773,13.925729443,5610,0.1663305806,0.0461679746,10768.44,7.3,0.2096446592,5.0049825046,4.6736656648,0.1328336887,0.1470911264,0.1384940367,0.3742132433,0.2008504157,0.7493103483,0.0006124988,0.0009091779,0.372,0.299,33.1463458521294,15.1526152466877
"47013",0.1242731619,0.0004792171,10.341000807,7669,0.1538161149,0.0396930088,11456.66,7.1,0.219910836,5.1071177441,4.9636026755,0.1356151357,0.1578371325,0.1526184651,0.3406166918,0.2503455493,0.6520778073,0.0003525205,0.0012590019,0.31,0.314,83.2317457648493,24.381016436168
"47015",0.1198888792,0.0002110298,8.4411930219,7375,0.1447291447,0.05056,11057.6,8.4,0.1917021502,4.5914161135,4.7417345948,0.1445225277,0.1366383126,0.1375025872,0.3444032865,0.2147105399,0.2119411637,0.0002851643,0.0004277465,0.388,0.259,49.1745697225149,14.0498770635757
"47017",0.1085671035,0.0005025126,11.844938981,6181,0.1345452176,0.041028176,11498.35,7.6,0.2155977206,4.932889289,4.6839230189,0.1285157652,0.1472659003,0.1419933491,0.3623090693,0.2108106302,0.2404459715,0.0002847786,0.0014238929,0.338,0.328,36.9170675939599,11.9087314819225
"47019",0.1200956718,0.0003717604,13.808242459,5715,0.1465610696,0.0366896552,10381.08,6.1,0.2138470328,5.1179311032,5.0989407583,0.1271757096,0.1553270293,0.153982645,0.3577160826,0.2388572055,0.8135971023,0.0003008743,0.0004424622,0.381,0.302,98.6175822748183,18.3062577875411
"47021",0.101930457,0.0005454996,8.6784031738,5212,0.1237617901,0.0430602007,11157.46,8.8,0.1669683715,4.3271098832,4.4371903654,0.1525280469,0.1257517774,0.1272398732,0.3367775325,0.2070870117,0.6134253932,0.0005265797,0.0006770311,0.303,0.192,50.5598886024749,24.0366683519963
"47023",0.1184160523,0.0002920731,9.3463403236,6816,0.1481638269,0.0448865085,11415.19,7.7,0.1968592165,4.5890584633,4.6523610305,0.147109757,0.135837158,0.1372788168,0.3476506147,0.2059514705,0.3195960539,0.0007448576,0.0009167478,0.345,0.255,19.2871470452091,9.64357352260454
"47025",0.1172770536,0.0006010946,6.0109462495,4486,0.1414339376,0.0424836601,11651.76,7.1,0.2068163444,4.9445228366,4.9610333804,0.1374271726,0.1484892426,0.1474437407,0.3520019776,0.230644226,0.5300655015,0.0001889347,0.0013540322,0.306,0.285,52.5640756081664,27.3333193162465
"47027",0.1463457178,0.0003894587,5.192782033,8499,0.1809815951,0.0503505417,11819.43,7.8,0.2606472731,5.6416632708,5.4143512262,0.1160627032,0.1768834609,0.1650227557,0.3613672788,0.2524502855,0.259381758,0,0.0005159959,0.32,0.322,47.4710857931987,47.4710857931987
"47029",0.1226871928,0.0005062437,10.124873439,5150,0.1524743862,0.0356462585,10720.86,6.7,0.2311466814,5.3020438845,5.1567873382,0.1228674339,0.1637600378,0.1588753217,0.3713705819,0.248749882,0.7131961191,0.0003123314,0.0007950254,0.41,0.315,30.0331302968587,18.7707064355367
"47031",0.1095680724,0.0006723117,10.35723371,7144,0.1377797143,0.0417980494,11484.4,7.8,0.1999028128,4.6284358949,4.6839283163,0.1473191005,0.1377700117,0.1363600956,0.3560361684,0.2257506838,0.6794643534,0.0021030687,0.0014264292,0.307,0.343,24.1814576582676,21.1587754509842
"47033",0.1432495065,0,17.27354384,6285,0.1798404641,0.055993247,10863.44,8.2,0.2444861476,5.3089903245,4.9549211293,0.1286773983,0.160244026,0.1491042723,0.3637818498,0.2378033753,0.0376388318,6.93914e-05,0.0008326972,0.462,0.391,57.854299731556,13.8850319355735
"47035",0.126301316,0.000677071,8.9711906293,3918,0.1549198634,0.0437788018,9752.09,7.8,0.1871249643,4.7102378246,4.5781626395,0.1285552292,0.138811492,0.1348918743,0.3660797501,0.1956202707,0.6353094393,0.0003068792,0.0009035888,0.346,0.3,77.7876734721486,27.6202608705455
"47037",0.1418994911,0.000944675,13.396157357,5642,0.1671487875,0.0654782357,10456,7.3,0.1687089723,4.3510613784,4.3911303008,0.1762607413,0.1303928386,0.1298745376,0.3907819924,0.2094883479,0.8967161921,0.0027892637,0.001857074,0.292,0.228,31.3309867326809,14.2633350094767
"47039",0.1213004484,0.0003403966,6.8079312399,6903,0.1468327183,0.0551398188,11209.02,7.7,0.1987696534,4.7843674457,4.9014079001,0.1263356215,0.1439210201,0.1437013575,0.3349283873,0.2124891096,0.4848175555,0.0010196278,0.0013595038,0.336,0.347,62.4538693010844,51.0986203372509
"47041",0.143241889,0.0004029821,8.5633689301,4083,0.1763506626,0.0524404086,10501.25,8.2,0.2091942153,5.0006316736,4.7994146539,0.1382549761,0.1496275201,0.1443374833,0.3484634741,0.2248234424,0.4551086898,0.0003099013,0.0006198027,0.354,0.281,57.2863136257182,23.5884820811781
"47043",0.1088028966,0.0003594876,8.5141808412,6729,0.1363025473,0.0393455395,11944.64,8.1,0.1862624082,4.616760638,4.6499780112,0.1448829054,0.134986435,0.1353227137,0.3564725374,0.2099109484,0.6819957315,0.0008433966,0.0009584052,0.277,0.221,56.1624040033066,23.9794533946703
"47045",0.0983063087,0.0004270881,12.545711769,8305,0.1236259946,0.0369562847,12090.91,6.7,0.2164749923,4.946799141,4.6336447638,0.1366888418,0.1481085785,0.1409935817,0.3568472754,0.2278908359,0.6161210382,0.0005038719,0.0011403416,0.379,0.378,26.6688001706803,19.5571201251656
"47047",0.110215736,0.0003496853,9.4914576881,5370,0.1318506085,0.0454601454,10205.9,8,0.1703037716,4.2526702225,4.4876281877,0.1354928766,0.1256461773,0.1279074355,0.3516905077,0.1859537439,0.49493661,5.05178e-05,0.0004294014,0.443,0.312,44.1177694721683,11.6537504266105
"47049",0.1231153984,0.0004411116,6.6166740185,10493,0.1498396657,0.0508731967,12738.86,8.1,0.2443723449,5.4747684765,5.2215827712,0.1205153205,0.1669606872,0.1613584195,0.331903089,0.2501276585,0.4584330976,0.0002218156,0.0006654467,0.307,0.273,34.9354613319604,9.19354245577906
"47051",0.1062307179,0.0006722366,10.803802939,5396,0.1297063903,0.042842454,11768.91,7.9,0.1783413545,4.6261642635,4.7004171657,0.1435641476,0.1387505904,0.1372519637,0.3516329892,0.2114682604,0.5445532495,0.0004556355,0.0006235012,0.329,0.254,39.1242554414653,22.356717395123
"47053",0.1088361798,0.0004276028,16.696870355,6382,0.1404079008,0.0353674328,11149.29,7.4,0.218932919,4.9181180455,5.0473478709,0.1282914598,0.1492265555,0.1454097826,0.3474150577,0.2200261912,0.552200954,0.00016194,0.0008097002,0.409,0.323,44.0507735993548,19.6534220674045
"47055",0.1217943145,0.0003741369,10.203734567,6499,0.1496875368,0.0461297889,12208.59,7.8,0.2044071806,4.7903951892,4.6409486111,0.1333879187,0.1442070762,0.1380746195,0.3468478436,0.2259938186,0.4365609632,0.0004777016,0.0007847954,0.329,0.402,58.9495641133192,27.2074911292242
"47057",0.1241608907,0.0002160387,6.9132388524,4485,0.1514642518,0.0464022895,10422.59,8.4,0.1999862094,4.9227413263,4.7993237912,0.1347151379,0.146998046,0.1427517924,0.3616909105,0.2310288894,0.2229333098,0.0001300277,0.0004767684,0.29,0.378,72.0866192817289,14.4173238563458
"47059",0.1116578637,0.0005667946,10.609231485,5375,0.1366616876,0.0385889129,10478.46,8,0.2059199691,4.747569033,4.7050423873,0.1311677355,0.1436988446,0.1433192454,0.3776765253,0.2161583755,0.4251863259,0.0009327407,0.0011076295,0.376,0.324,74.0884218681904,23.2434264684519
"47061",0.1370656371,0,8.2329166979,5466,0.1726561464,0.0439040865,11690.37,7.7,0.2282280347,5.3800477937,5.2978596626,0.1238027745,0.166290156,0.1637659545,0.3611049323,0.2533230604,0.3661242064,0.0003734409,0.0006721936,0.333,0.218,102.254588986433,89.7845171588188
"47063",0.138512991,0.0006223066,13.379591456,5664,0.1774323454,0.0414014828,11121.85,6.7,0.2283857388,5.1156798855,4.8261520604,0.1306106617,0.1527424948,0.1450685698,0.3683921194,0.2364551496,0.7754700691,0.00141099,0.001505056,0.347,0.357,41.0110522190094,24.9181076773728
"47065",0.1103999398,0.0011089203,13.909898151,4144,0.1325600397,0.0473376573,10858.4,6.9,0.1685368949,4.1983075188,4.4302748339,0.1437457313,0.1280489882,0.1310440367,0.3666035387,0.2014660667,0.8689276384,0.0018029955,0.0015346427,0.312,0.241,37.6509846009319,14.7650920003654
"47067",0.1164084227,0.0001515152,0,2776,0.1446303292,0.0396825397,11571.24,7.8,0.2378481877,5.4076694387,5.2370480164,0.1242544152,0.1679992091,0.1624759029,0.3689612288,0.2614701706,0.0720046928,0,0.0016724951,0.286,0.231,25.3472574267464,25.3472574267464
"47069",0.1226183518,0.0002357842,12.968129838,5901,0.1548780488,0.0415430267,10746.33,5.5,0.2450089614,5.0478300753,4.8317354034,0.121657661,0.1557980611,0.1463301865,0.406923241,0.2443560385,0.3084431072,0.0011008453,0.0006290545,0.353,0.329,22.3384405140469,7.88415547554598
"47071",0.1175727567,0.0005029792,11.994119013,5787,0.1425636812,0.0488961868,11718.5,7.5,0.2265153936,5.0060711668,4.7726612484,0.1255152249,0.1486082537,0.1433398591,0.3319435504,0.2208373855,0.5190962883,0.0008177889,0.0013240391,0.347,0.369,50.4521286917375,24.5792421831542
"47073",0.1108253238,0.0002833915,8.3246249491,4423,0.1348321379,0.0412676892,10208.75,7.6,0.2073554172,4.9144674185,4.7484567412,0.1264394635,0.146698504,0.1414756887,0.3472497918,0.209004353,0.541621945,0.0001060764,0.0005657409,0.32,0.347,75.4930640747381,12.9753703878456
"47075",0.1135361865,0.0003414329,21.624082399,5831,0.1415057539,0.0402684564,10207.82,6.3,0.2433375205,5.0757594166,4.830004951,0.1122670525,0.1585421038,0.1467051079,0.392920329,0.2198016621,0.5089689679,0,0.0006161429,0.47,0.309,51.1741627338375,11.372036163075
"47077",0.1108979792,0.0003243126,6.4862527476,6679,0.1377654663,0.0423011844,11378,7.6,0.218267425,4.8811962904,4.8293210242,0.1361121661,0.1461771524,0.1419549764,0.382926615,0.2410762937,0.4739817782,0.0004313133,0.0007188556,0.384,0.335,33.5650923040038,13.1862862622872
"47079",0.1119915478,0.0006779661,15.408320493,4946,0.1373656807,0.0439624006,10686.79,7.4,0.2149979085,5.0937110808,4.7961785095,0.1383557737,0.1535334878,0.1435058425,0.3549963676,0.227128459,0.6393751933,0.0017951099,0.0009594553,0.344,0.341,41.1870096171667,31.9199324533042
"47081",0.129479041,0.000201094,3.6196911197,4524,0.1583859851,0.0532620715,11190.31,7.9,0.213004668,5.0071087163,4.7900886917,0.1401548038,0.1505890129,0.1434150652,0.3642803539,0.2355549493,0.3362089915,0.0004116073,0.0003292859,0.381,0.264,53.8923769232842,21.5569507693137
"47083",0.1257382655,0.0002435164,12.175818824,7855,0.1547644425,0.0494296578,11942.05,8.1,0.2171136129,5.1714784592,5.0399867306,0.1307248067,0.1566159709,0.1521504092,0.3620036239,0.2322395871,0.463802516,0.0013523482,0.0007376445,0.254,0.285,117.838277123121,117.838277123121
"47085",0.1124470556,0.0002705042,12.443194114,6559,0.1377000372,0.0453883495,12212.5,8.1,0.1876022323,4.6224301798,4.6413644819,0.1410628275,0.1350951845,0.1343841686,0.3497241781,0.2183611351,0.3906570288,0.0004905434,0.0008175724,0.359,0.327,79.5415514218052,23.5009129200788
"47087",0.1254359321,0.0001712769,2.5691530359,8182,0.1490138787,0.0493770189,11731.29,8.1,0.242395199,5.5367683182,5.2315099429,0.1241099297,0.1697863428,0.1609996981,0.366887732,0.2586446628,0.7418800481,0,8.64603e-05,0.368,0.356,45.7129796291535,45.7129796291535
"47089",0.1164372082,0.0004088915,10.779867668,4684,0.1434175277,0.0372427609,10663.51,8.4,0.1790513984,4.638826499,4.605036395,0.1382881803,0.1367961562,0.1335253754,0.3287676545,0.2123721872,0.5235668294,0.0003362286,0.0007658541,0.42,0.284,51.4406480282118,15.4941710928349
"47091",0.1258400538,0.0003391555,14.131479283,4543,0.1517621145,0.0441471572,10716.44,7.6,0.2290598951,5.2556563481,5.0596548656,0.1301026763,0.1605042075,0.1520938782,0.3700972636,0.2400020293,1,0.0007885547,0.0009575307,0.296,0.264,52.6088345264265,26.3044172632133
"47093",0.0980613318,0.0011258823,12.276447408,4393,0.1203403694,0.0352336366,10323.74,7.3,0.1879996981,4.4327558639,4.7674547065,0.1670771343,0.1341082871,0.1361452546,0.3407411947,0.2013521278,0.8406111618,0.0034003315,0.0017560706,0.291,0.219,64.6289510229664,17.7115134235199
"47095",0.1164801628,0,12.051419389,8884,0.1445205479,0.0368271955,16142.47,6.8,0.2613610775,5.3154039613,4.8352491416,0.1403142107,0.1648934982,0.1479674453,0.3872288266,0.265878434,0.23046476,0.0001322751,0.0011904762,0.349,0.317,26.7391594990864,26.7391594990864
"47097",0.1194836385,7.91327e-05,6.7262799715,7005,0.1541490858,0.035860488,12420.35,6.5,0.2619015653,5.3955757231,4.9350482256,0.1294003096,0.1676057663,0.1540331151,0.4026696329,0.2563042166,0.3710947331,0.0001120532,0.0005229149,0.474,0.36,39.8089171974522,7.70495171563592
"47099",0.1302548403,0.0003686976,10.83049129,5204,0.1665247191,0.0482349771,10868.7,8.1,0.2026409518,4.930905306,4.9201593595,0.1395979512,0.147164266,0.1468525026,0.3727782324,0.2261132463,0.5206716186,0.0006499385,0.0009749077,0.372,0.417,43.7751034858806,21.5035596070992
"47101",0.121592845,0.000166182,10.801828002,3266,0.1512995499,0.0414468726,9981.5,8.1,0.2023981894,4.9118012604,4.7527526408,0.1385758432,0.1458899739,0.1417871676,0.3477021118,0.2201760799,0.25770907,0.0003360215,0.0005040323,0.429,0.309,41.6377515614157,38.8619014573213
"47103",0.1144256456,0.0005333175,6.518325383,4265,0.1410537032,0.0450590832,9976.03,7.8,0.2223288223,4.9510319749,4.9118481174,0.138071204,0.1492116857,0.1445833837,0.394495039,0.2369646737,0.3885974641,0.0002674989,0.0006241641,0.354,0.354,36.4485336853408,31.5230561602947
"47105",0.1277822507,0.0005177174,12.080073631,3976,0.1535968435,0.0574162679,9944.73,7.9,0.1775260034,4.572146718,4.4954273004,0.1341948739,0.1316843184,0.1285648189,0.3271207108,0.1832219128,0.5324161793,0.0005636102,0.0006413496,0.248,0.263,92.5571300906422,10.213200561726
"47107",0.1216209739,0.0004917072,13.994742516,4365,0.1515950521,0.0402690351,10224.61,7.8,0.2068544835,4.9388612042,4.9925609574,0.1317546519,0.1452332222,0.1447798497,0.3613567218,0.249583379,0.5001721961,0.0005676443,0.0008893094,0.359,0.345,45.9084848942218,25.1553341886147
"47109",0.1137533709,0.000307645,9.9984617751,6270,0.1411312095,0.0431446112,11288.93,7.5,0.2302712156,5.2838808501,5.2021733925,0.125010045,0.1627513074,0.1567911606,0.3621487923,0.2593123528,0.3707766059,0.0013109697,0.0006554849,0.316,0.381,25.7165267259004,27.0023530621954
"47111",0.1331266253,0.0001661199,3.3223971095,10813,0.169820612,0.0446633826,12769.39,8.3,0.2193833288,5.13804952,5.0135896931,0.1441302678,0.1509751042,0.1459861028,0.369239365,0.2224297005,0.4108234448,0,0.000554371,0.356,0.38,52.9292141404574,32.03610329554
"47113",0.0960694746,0.0013108979,15.566912119,6350,0.1187192645,0.0387919582,10611.98,6.5,0.1911774148,4.522464899,4.5405457545,0.1241560394,0.1388141794,0.1367192757,0.372469304,0.1891543271,0.7971798889,0.0022526443,0.001576851,0.402,0.308,54.6241008360901,17.7528327717293
"47115",0.1130611165,0.0005628848,7.7396657872,3686,0.1382730804,0.0438736439,12039.62,8,0.1975105645,4.821966466,4.8948669702,0.1397235322,0.1429824943,0.1410591738,0.3651427826,0.2246439551,0.6684491979,0.0002460803,0.0005976236,0.328,0.338,31.5989045713082,18.7252767829974
"47117",0.1056717941,0.0001518326,7.591630986,4077,0.1305726074,0.042742542,11262.38,7.9,0.1726650351,4.4200167947,4.420973835,0.1463124196,0.1309465379,0.1315500023,0.3521058468,0.2001035686,0.5157265571,0.000407332,0.0006579978,0.427,0.296,25.3732403657806,16.2388738340996
"47119",0.1066001009,0.0005425171,11.175851481,3673,0.1323639741,0.0412486564,10443.66,7.9,0.1945067186,4.6412235551,4.6729347891,0.1432943886,0.1371168794,0.1347855733,0.3586846348,0.2134534617,0.5860467414,0.0023004857,0.0011446861,0.319,0.315,33.2749815540863,16.6374907770432
"47121",0.1248272196,0.0004971826,11.600928074,3564,0.1517548907,0.0510164941,10207.98,8.3,0.2099255074,5.1059645266,5.0083619292,0.1307665659,0.1516149131,0.1463874352,0.3540934562,0.2336115145,0.3297030545,0,0.0005830904,0.313,0.349,27.4883861568487,46.7302564666428
"47123",0.1198800367,0.000216263,9.2993079585,5909,0.1479764393,0.0457081335,10681.94,8.1,0.2187854234,5.0690550316,5.0280459091,0.1266290107,0.1547280763,0.1512061755,0.3507703062,0.2316819794,0.7501516207,0.0003698064,0.0006961062,0.366,0.267,47.6303881876637,21.6501764489381
"47125",0.0883176624,0.0003946409,6.6939085432,5032,0.1130668925,0.0320324878,10435.21,7.1,0.1971861039,4.9656811901,4.6156859599,0.1716975103,0.14453506,0.134250306,0.4075633106,0.2104055819,0.7287661535,0.0017319423,0.000797,0.362,0.259,24.257891291417,19.2733930808519
"47127",0.0951239009,0,6.2656641604,6769,0.1124636147,0.0427480916,9144.32,7.8,0.1634366521,4.2568642665,4.3968686197,0.1448914109,0.1233689928,0.125566693,0.3380362881,0.1893547552,0.4168500472,0.0001581528,0.0004744583,0.293,0.209,41.8453813160372,41.8453813160372
"47129",0.125727214,0.0001386578,7.8572749122,6481,0.1557585874,0.0443361188,9978.82,7.4,0.22972933,5.1791547521,4.9641191828,0.1466516027,0.1549539139,0.1472075205,0.3679357543,0.2568202304,0.4867421658,4.63951e-05,0.0006031363,0.379,0.315,61.7579397551298,23.1592274081737
"47131",0.1182123374,0.0004607537,14.809939115,7089,0.1462965096,0.0448896037,12416.92,7.3,0.2289051131,5.2003117028,4.9478885128,0.1234556406,0.1554217613,0.1475356478,0.3632506306,0.2269704339,0.7114157261,0.0003597358,0.0012100203,0.392,0.395,38.3645730571084,20.826482516716
"47133",0.1201786439,0.0004542977,7.2687624932,8351,0.1500396511,0.040673788,11421.84,8.3,0.2107292456,5.180801122,4.9709763297,0.1323939725,0.1540942363,0.1470157062,0.3462898936,0.2381587327,0.5081737083,9.06988e-05,0.0004988436,0.355,0.297,37.8037531566134,27.2187022727616
"47135",0.1435531017,0.0002507837,5.0156739812,10989,0.1778620844,0.0525423729,11324.14,6.7,0.2314966401,5.2417695297,5.1191635431,0.1242309418,0.1609842055,0.1564104921,0.3462749885,0.2427080585,0.1276058117,0.0006278252,0.0013812155,0.293,0.266,54.1598966795817,58.3260425780111
"47137",0.1202410299,0.000394244,7.8848807412,10097,0.1432197244,0.0503672613,12613.18,8.4,0.1926109223,4.8291848454,4.725575673,0.1241556557,0.143269808,0.140441545,0.3364305916,0.2027090712,0.5678550325,0,0.0005834306,0.307,0.324,39.2233771327711,71.9095247434137
"47139",0.1251147842,0.0005967655,13.725607209,5568,0.1503812913,0.0504694836,10715.34,8.4,0.1987724238,4.8420231537,4.9357618903,0.1393549795,0.1427562125,0.1416934203,0.3553379171,0.2203433385,0.7881723626,5.96232e-05,0.0004769855,0.404,0.34,35.6951633053721,27.7629047930672
"47141",0.1239493444,0.0006694647,10.814429539,5245,0.152479517,0.0452512652,10964.77,7.2,0.2006532898,4.7657046097,4.8362886579,0.1555374373,0.1479504317,0.1459239393,0.3321300216,0.2234786322,0.7078718491,0.0018306094,0.0018437792,0.283,0.251,43.0203744493392,22.8007984581498
"47143",0.1271537538,0.000336484,11.318099783,5381,0.1586951849,0.0483237297,10462.35,7.5,0.2183305409,5.017093502,4.9360558573,0.135207564,0.1516258054,0.1466787384,0.3534614206,0.2362626376,0.4220189255,0.0003082424,0.0007089575,0.397,0.284,51.946993695061,23.4270755879687
"47145",0.1077911883,0.0003582472,11.690172713,6166,0.1305543869,0.0385020592,10934.19,7.6,0.1902052593,4.776864606,4.7671417708,0.1374533632,0.1400418213,0.1370344326,0.3482442747,0.2107574112,0.6520182352,0.0004349964,0.0008132542,0.366,0.234,106.884627475637,30.1791889342974
"47147",0.1008555308,0.0003562421,10.117274891,4794,0.1253059797,0.0410502541,10664.81,8.7,0.1698534593,4.2353054294,4.4012388377,0.1543809826,0.1232267771,0.1250831634,0.3483129463,0.1935425414,0.5923238236,0.0004915781,0.0007951999,0.381,0.314,24.2448444051456,19.4909533453131
"47149",0.0945432847,0.0004256567,7.0627481027,6208,0.115985875,0.0415288676,10347.99,7.9,0.1631371986,4.0854972589,4.1610653204,0.1758284928,0.1218733498,0.1214669716,0.3731611299,0.2032739602,0.7364929704,0.0007883186,0.0009310594,0.333,0.227,25.7813864703493,13.5746892027553
"47151",0.1131939037,0.0004092956,6.8215926145,6827,0.1439837589,0.0386100386,12042.34,7.6,0.2223458919,5.2846419528,5.0196793363,0.1384177436,0.1635478716,0.1561425543,0.3488477828,0.2451055808,0.7105002699,0.0003189502,0.0009112863,0.398,0.341,62.1447517999242,34.8616900341038
"47153",0.1129073867,0.0003393051,6.1074918567,3101,0.1385331781,0.0424867229,11308.42,8.6,0.1865051901,4.7368278346,4.6322926019,0.1373109707,0.138506603,0.1364653124,0.3457121482,0.199032887,0.3684098639,0.0002013828,0.0007384037,0.367,0.25,35.9477858410659,13.4804196903997
"47155",0.1667353032,0.0003891927,9.6273991684,4352,0.2064692907,0.0525781665,10061.98,8,0.2005266855,4.7828509864,4.6984643401,0.1394503404,0.1401076668,0.1373212405,0.3469315429,0.2094927889,0.6094071577,0.0005585841,0.001034415,0.44,0.365,54.4142257266353,22.2448092593163
"47157",0.1174975325,0.0008356805,9.1039008027,5021,0.14914945,0.0406769285,10012.79,6,0.1970832623,4.3876541041,4.4779149089,0.1314183375,0.1411060818,0.1381907713,0.3812760073,0.2051838684,0.8693798483,0.0012818277,0.0010806728,0.349,0.265,32.1301964002781,9.93827582669357
"47159",0.1033314859,0.000407415,5.0926869016,8561,0.1260902701,0.0444587629,11921.56,8.6,0.1884101643,4.572716355,4.6060362886,0.1475405548,0.1354238697,0.135272329,0.3330199469,0.2134794172,0.6258478556,0.0001542654,0.0006170618,0.318,0.264,30.4955527318933,25.4129606099111
"47161",0.1201396753,7.48783e-05,9.7341819543,5613,0.1432017265,0.0563234278,11603.54,8.1,0.1854318709,4.615247311,4.5818866322,0.1416475695,0.1352901373,0.1342829,0.3503046602,0.2133174007,0.5432302612,0.0002275831,0.0008344712,0.294,0.217,54.8655793306399,24.9388996957454
"47163",0.1027486857,0.0012662416,14.380432431,5497,0.1266504308,0.0321187669,10605.47,7.2,0.1778468367,4.625439719,4.8145441844,0.1179675135,0.1367506894,0.1407122685,0.3497629608,0.2150321407,0.7663480484,0.001104253,0.0017616984,0.333,0.311,115.166078817713,19.3003925827107
"47165",0.0980008496,0.000490343,8.3358304503,6553,0.1236280952,0.0353335364,11401.26,8.3,0.1565918005,4.1790587129,4.4562118283,0.1505828769,0.1200215314,0.1248429887,0.3284014477,0.1907670718,0.6462074761,0.0006608798,0.0008274882,0.272,0.317,30.503470677631,21.0619202297928
"47167",0.0905252198,0.000293322,8.3107909918,5576,0.1128927057,0.0380455289,11619.44,7.6,0.1823565327,4.5380982282,4.5495101008,0.1494842934,0.1351189999,0.12974327,0.368997885,0.2020288819,0.4933121593,0.0006198718,0.0006851214,0.371,0.317,31.4789687924016,17.910447761194
"47169",0.1264400922,0.0001983537,4.9588416146,10098,0.1554281194,0.0507028112,13952.15,NA,0.1843989481,4.5187379247,4.5449682973,0.1524694075,0.1319161123,0.1315024759,0.3510195058,0.2078012479,0.674205845,0,0.0010881393,0.248,0.219,20.4317918681468,27.2423891575291
"47171",0.1233424698,0.0003941663,12.951179684,6373,0.150204958,0.0411117545,10713.72,7.6,0.2061096952,4.8974829916,4.90715109,0.1287554579,0.1479659813,0.1459877738,0.3479344418,0.2235374116,1,0.0002257464,0.0006772391,0.274,0.221,187.832228253724,170.927327710889
"47173",0.129470262,0.0001543051,3.0861022529,5856,0.1589117061,0.0499198534,11468.86,8.1,0.2083863183,5.0140952175,4.9013540247,0.1371419894,0.1521572475,0.1483541119,0.3500227836,0.2349838195,0.2241875556,0.0006792059,0.000522466,0.337,0.286,49.7683198901665,27.4583833876781
"47175",0.1281693417,0,0,5166,0.154920832,0.0481283422,10596.62,8.5,0.1982717906,4.804831783,4.7899599614,0.1322123587,0.143089861,0.1420739962,0.3435931551,0.2166506513,0.2896539293,0.0001757778,0,0.331,0.271,122.121423586881,93.0448941614329
"47177",0.1481087973,0.0005165925,11.06983838,5336,0.1865564037,0.0532982065,11109.87,7.9,0.2170757775,4.9684116422,4.8226930928,0.1319351061,0.1528364917,0.1470839849,0.3421151899,0.232875286,0.6372900926,0.000691085,0.0009379011,0.354,0.337,67.1883321725593,17.2067679954115
"47179",0.1122610603,0.0017213589,14.162089417,5125,0.1353991678,0.041150978,10164.37,7.6,0.1656449039,4.69881055,4.7215968985,0.135504298,0.1390663706,0.1369891796,0.3821502012,0.2112121181,0.6852958635,0.002950408,0.0027385436,0.339,0.258,89.0966072949801,17.9756312963556
"47181",0.118410596,0.0003015136,7.8393535548,5925,0.141240961,0.0500171292,12565.28,7.4,0.2253971862,5.1108296266,4.7664394366,0.1409065146,0.1541793722,0.1415644888,0.3766351324,0.2501753356,0.7060689736,0.000179501,0.0008975049,0.335,0.396,72.21085569864,68.19914149316
"47183",0.1029884879,0.0005699373,16.798152203,5939,0.1238569814,0.0412509308,11420.96,7.2,0.2067475474,4.8221261978,4.7775047947,0.1397966661,0.1444549646,0.1410712751,0.3470984293,0.2068214212,0.2230947146,0.0002984451,0.0008953353,0.398,0.325,28.9250840323562,20.945750506189
"47185",0.113729606,0.0003364109,9.3447463836,5351,0.1422591406,0.0384937238,10398.36,7.9,0.196903585,4.81156769,4.7446635683,0.1295686982,0.1457060532,0.1445115194,0.3409433687,0.20914768,0.3325722689,0.0001500769,0.0005627884,0.367,0.242,78.2482332045757,18.6305317153752
"47187",0.0629319064,0.0014982962,12.419505253,3118,0.0777531477,0.0337778701,9534.64,9.2,0.1246824127,3.4924466277,3.8433318703,0.1716573325,0.1005571809,0.1073074002,0.3259839585,0.1517839669,0.7960170759,0.0014285258,0.0011044832,0.225,0.176,25.8457848478717,11.9629061295863
"47189",0.0861573609,0.0003224813,9.7477316369,5323,0.1046605815,0.041927627,11406.87,8.6,0.1487891761,3.7949017355,4.0499364363,0.1655701424,0.1113404022,0.1158161005,0.3326262672,0.1870405244,0.5675436211,0.0005422463,0.0010694301,0.337,0.219,50.0185434600144,15.8595381702485
"48001",0.1960252936,0.0003463743,10.044855475,5229,0.2329429335,0.1182446854,11987.09,5.9,0.1952958459,3.9261302641,3.6428470452,0.1856160161,0.1211743076,0.1145540501,0.3524732204,0.1846577467,0.2856580793,0.0004156996,0.000381058,0.375,0.268,22.4742410621672,32.2707051149068
"48003",0.2205352059,0.0005078434,7.3355151789,5664,0.2657247919,0.1391563102,11469.83,8.1,0.1730770992,3.3028106698,3.1980569141,0.2110309894,0.1021117636,0.0986988273,0.3174920997,0.1333784843,0.9386581902,0.0001126126,0.0006756757,0.314,0.271,11.1919418019026,20.5185599701548
"48005",0.2165753731,0.0005922214,11.27498434,4638,0.2620893468,0.1198285102,11519.35,6.2,0.2320734036,4.2239472614,4.0705456431,0.1816406315,0.1303022243,0.1257017879,0.3479907849,0.1828213851,0.6494796649,0.0012301944,0.0005923158,0.395,0.331,25.5055426970398,13.3237909611402
"48007",0.2230243369,0.0003519474,5.0836852808,3318,0.257031365,0.1297863765,10414.79,5.8,0.1951767773,3.8590439561,3.7431002191,0.1613909769,0.1206526737,0.1189453598,0.3029583351,0.1565917612,0.8060281544,0.000738696,0.0003499086,0.381,0.338,45.2820137177865,29.3001265232736
"48009",0.1897820549,0,9.0816210694,4758,0.2082117143,0.145153434,12449.79,7.6,0.1324828016,3.1949824026,3.405328592,0.1984231359,0.0968646134,0.1044310701,0.2897681552,0.1403073102,0.2250938812,0.0001149029,0.0001149029,0.285,0.179,53.2359875275686,38.0257053768347
"48011",0.1761442441,0,26.609898882,5488,0.1892156863,0.1479820628,8686.72,6.5,0.1175416225,2.9602024512,3.2779770793,0.200673843,0.0884564857,0.0969178323,0.2868410035,0.1255990212,0.0252498685,0,0.000533049,0.224,0.211,17.7085177970604,17.7085177970604
"48013",0.1901973021,0.0001633286,6.9414670995,5400,0.232136584,0.1040902883,11953.39,8.3,0.2239260935,3.9503035011,3.5450306335,0.1790773267,0.1233116265,0.1108563906,0.3303163277,0.1434795536,0.3867872014,0.0003688751,0.0004098613,0.404,0.357,15.5313057101183,15.5313057101183
"48015",0.20244661,0.0002014369,12.421943195,4223,0.2347647059,0.1310931067,10628.17,7.6,0.1691253159,3.4289316921,3.5674023149,0.1832994585,0.1062937561,0.1092945487,0.3014861636,0.1446040477,0.6156877925,0.0002688353,0.0003696485,0.323,0.269,30.1564786168228,23.4550389241955
"48017",0.2733703891,0.0004239084,7.0651405963,5380,0.3445444915,0.1525646646,11955.94,8.3,0.2730711066,4.5163915259,3.968838134,0.1561075943,0.147262456,0.1307389424,0.3335944561,0.1752428659,0.8394975576,0,0.0006962819,0.263,0.189,4.69814423302795,0
"48019",0.1865013264,0.0002684444,9.3955527717,2489,0.2013203945,0.139631456,9746.56,6.8,0.1591128044,3.4847781725,3.6100142098,0.1702804253,0.1049262365,0.109221287,0.2991474021,0.1367991556,0.6193800342,0.0005051433,0.0002755327,0.289,0.271,31.3662230586548,23.8980747113561
"48021",0.2175716118,0.0002713512,7.4326636071,4397,0.2607927706,0.1262902514,11424.28,7.3,0.1817072397,3.7279671612,3.786642714,0.201097803,0.1152197352,0.1132273964,0.3285591584,0.1655094158,0.4575912419,0.0005318313,0.0003384381,0.417,0.273,29.4730223601996,16.8978661531811
"48023",0.1891691395,0.001396258,13.962580285,7478,0.2161879896,0.127582017,13627.26,7.3,0.1643742525,3.682539125,3.731400898,0.1684123393,0.1129613241,0.1153678454,0.2998331303,0.1491136222,0.85856146,0,0.0002704896,0.267,0.247,9.20810313075506,9.20810313075506
"48025",0.1891194187,0.0002149679,4.2993581672,7025,0.2368346746,0.0930592707,14015.76,7.1,0.229899797,3.9145216564,3.4694868159,0.1953512975,0.1249663025,0.110311333,0.3413360371,0.1656502529,0.5088980258,0.0003664122,0.0004580153,0.337,0.188,18.3861082737487,20.4290091930541
"48027",0.1326065831,0.0008164838,7.5610997231,6936,0.1667568168,0.0639003567,10746.46,6.1,0.1921860905,3.8235628375,3.6326311594,0.1951704768,0.1172635092,0.1133841893,0.3628447509,0.1705435153,0.7951456154,0.0019828971,0.0015569415,0.326,0.239,19.0633843159119,17.2432621952972
"48029",0.1690497901,0.000740333,5.7490689674,4099,0.2093675826,0.0795886221,10514.47,7.6,0.2378987385,4.2642365545,3.7898438672,0.1901755108,0.1361455432,0.1148636999,0.3383958695,0.1366189017,0.8701909815,0.0015673932,0.0007901777,0.297,0.209,19.5460581236431,12.9058467401755
"48031",0.2146253113,0.0004300705,10.321692758,3385,0.2268831755,0.1815834768,9664.02,8.2,0.1538068339,3.3601582513,3.5071620504,0.1813132176,0.10243923,0.1068917085,0.2892334599,0.1424466753,0.4846146518,8.77809e-05,0.0002633427,0.219,0.237,74.8847926267281,28.8018433179723
"48033",0.161849711,0,0,NA,0.1675675676,0.1474358974,14378.21,7,0.1165907905,2.8465771025,3.0597772124,0.2085364053,0.0841323938,0.0904315921,0.2854460885,0.1144026528,0,0,0,0.243,0.225,0,51.1770726714432
"48035",0.2226341038,0.0005456728,13.641820365,5635,0.2574347562,0.1390583069,9063.53,7.5,0.1678534409,3.7108638787,3.659584194,0.1687761486,0.1131763592,0.1148618081,0.2938726231,0.1502191555,0.4131341972,0.0001105156,0.0004420622,0.256,0.275,56.2470515658453,18.1442101825308
"48037",0.1635651995,0.0006701272,13.189805557,5585,0.2006739416,0.0814262674,12178.83,5.9,0.1915034792,3.8867337974,3.7675380917,0.1749761554,0.1193834507,0.1194139134,0.3587544439,0.1816271056,0.4232269216,0.0008736416,0.0011826124,0.456,0.357,16.3007271541765,16.655090787963
"48039",0.1416745862,0.0006455938,6.4835277012,5472,0.1667812515,0.0915939808,11901.16,7.5,0.1610487505,3.3118446865,3.2422610627,0.1941476805,0.0988777307,0.0984733196,0.3123047906,0.137009712,0.8032960155,0.0005646607,0.0004432587,0.32,0.317,20.2419464655721,12.9732475074803
"48041",0.1690047253,0.000852668,7.5842570569,4681,0.191650472,0.1065982435,11098.9,5.8,0.1649521544,3.8449898601,3.7058896744,0.2005898792,0.1199414473,0.1218125215,0.3368938329,0.1518712958,0.8935494301,0.0008075602,0.0005035909,0.312,0.194,22.5371452451847,9.40291490362012
"48043",0.1978491659,0.0006426047,18.207132912,3900,0.2255639098,0.1182682154,7540.34,7.2,0.2127722116,3.8572560104,3.5655915809,0.1653939163,0.1207604145,0.114817438,0.299605606,0.1509453877,0.555567591,0.0013043478,0.0007608696,0.259,0.216,17.9830240253201,35.9660480506402
"48045",0.3143107989,0,0,4263,0.3368920522,0.2507936508,11117.68,4,0.1937718809,3.9134408212,3.8007040541,0.1599213536,0.122374112,0.1202082939,0.3047473934,0.1554577643,0.7122785583,0,0.0006784261,0.263,0.267,0,22.1336874723329
"48047",0.1666094715,0,4.1465100207,9230,0.2213284899,0.062560154,14903.06,7,0.3780655356,5.2411102712,4.1683478211,0.1341932111,0.1818027032,0.1445745303,0.3560125722,0.187553888,0.5201439845,0,0.0002772387,0.349,0.233,37.1005889718499,37.1005889718499
"48049",0.1868831257,0.0004993036,17.607021785,3495,0.2216385063,0.1048239598,12024.18,6.5,0.1892935387,3.873110543,3.733653711,0.1765741721,0.1192085269,0.1167746884,0.337604919,0.1762560222,0.6522070015,0.0015677667,0.0006793656,0.37,0.308,74.3995518521112,19.256354597017
"48051",0.1983760325,0.0003886514,12.214757648,5873,0.2307020946,0.1193032689,11380.23,7.3,0.1592124886,3.4268945921,3.4857708729,0.1796716269,0.1052803004,0.1075756474,0.3043581085,0.1429959288,0.412579275,0.0001126126,0.0002815315,0.466,0.274,42.466765140325,18.4638109305761
"48053",0.2128329911,0.0004700453,13.246731049,4438,0.2437455886,0.1395107207,11034.63,7,0.1585109388,3.5025933831,3.5553987891,0.1845927523,0.1058892427,0.109676338,0.2996537863,0.1426277087,0.617871345,0.0006271219,0.0004973726,0.336,0.254,55.4808697693276,14.9371572455882
"48055",0.2169296987,0.0002834333,8.7391941046,5634,0.2610835483,0.1113358374,12101.7,7.7,0.2271348858,4.0518797748,3.6925000111,0.1779834222,0.1285238182,0.1182539116,0.3369328786,0.1621737631,0.5883990963,0.0006316659,0.0003887175,0.391,0.233,32.3481608887065,12.6236725419343
"48057",0.19235083,0.0005058867,9.6578366446,7189,0.2270805075,0.1157744976,12260.63,7.2,0.1945661745,3.6571691203,3.5251636998,0.1742185219,0.1141735699,0.1091530775,0.326195083,0.1458409615,0.5141948459,9.10539e-05,0.0004097428,0.322,0.219,44.4308258005209,9.19258464838364
"48059",0.1854679361,7.17051e-05,13.623978202,4217,0.216618696,0.1089588378,11986.62,6.6,0.1574478726,3.6098368173,3.7510551947,0.1797343739,0.1115213919,0.1169762642,0.2914739221,0.1582437454,0.1023331364,0.0001447178,0.0005788712,0.393,0.271,47.8927203065134,23.9463601532567
"48061",0.2903525716,0.0004885244,5.050445454,5259,0.3795265602,0.1275307759,12354.98,7.3,0.3232429327,4.8496006437,4.0302955218,0.1457771932,0.1646100348,0.1391281048,0.3448725852,0.1731549576,0.6034020974,0.0004548308,0.0005306359,0.312,0.248,19.0585996812016,8.50549076681724
"48063",0.2124148518,0.0008556982,11.668611435,6301,0.2602508102,0.1148475349,11918.8,6.8,0.201783436,3.9978024839,3.853001255,0.1664321687,0.1254577789,0.1229512211,0.327667661,0.1688200133,0.6014031127,0.000388591,0.0003108728,0.214,0.24,43.865307702232,51.606244355567
"48065",0.1702603743,0,21.551724138,3799,0.1888662198,0.1297953964,10776.95,7.8,0.125644681,3.0691520698,3.3253662287,0.2108700606,0.0923581995,0.0998761823,0.2883238462,0.1343352194,0.7559042381,0.0001650982,0.0009905894,0.267,0.221,5.52669393169006,5.52669393169006
"48067",0.1602195729,0.00026656,16.993202719,5262,0.1905275779,0.0888888889,12236.65,6.5,0.1700989905,3.7358185349,3.7301407404,0.1740571228,0.115540579,0.1180265925,0.323601476,0.1628864508,0.3646599265,9.87654e-05,0.0003292181,0.456,0.352,36.4616710494332,27.6224780677524
"48069",0.288804265,0.0001275022,11.475200816,2784,0.3479963151,0.1761436511,12234.26,8.6,0.2572519047,4.2008251417,3.7668850774,0.1616818036,0.1363740094,0.1219306057,0.3280411243,0.1633263576,0.4964028777,0.0001303951,0.0003911853,0.285,0.211,21.573111274108,25.8877335289295
"48071",0.1638820639,9.65228e-05,6.0326729567,9209,0.1936194942,0.1047828567,13586.27,7.4,0.1535024725,3.4055213718,3.4675552144,0.2086412144,0.1025004845,0.1052189882,0.3197892585,0.1515662959,0.6705037611,0.000175443,0.0004762024,0.329,0.245,13.7324910738808,16.1558718516245
"48073",0.2163210835,0.0004019908,9.5712098009,4688,0.268943125,0.1115002919,12378.78,6.6,0.2055079746,4.0237276191,3.8852789721,0.1633801318,0.1265329703,0.1232100679,0.3430459533,0.1753327769,0.4354803816,0.0007548192,0.0002709607,0.442,0.348,34.5047923322684,16.6134185303514
"48075",0.2042656113,0.0014150276,9.9051931513,5887,0.245681382,0.1158455393,9655.5,5.8,0.1973262868,3.8993106908,3.6555106731,0.2008640798,0.1219013545,0.1154103162,0.3239832375,0.1747359481,0.7419400653,0.0004254112,0.0011344299,0.234,0.178,56.0485754320411,65.3900046707146
"48077",0.1848289297,0.0003838403,13.434411285,5310,0.2054455446,0.1301671064,13039.29,6.2,0.1443502103,3.4958300028,3.5653814243,0.1913509254,0.1045517588,0.110621651,0.3055545555,0.1488000233,0.1852678571,0,0.0001962131,0.336,0.306,48.2780817508851,45.0595429674928
"48079",0.2850407201,0.0003507541,17.537706068,3710,0.3314536341,0.1874197689,9283.18,7.5,0.2636747845,4.443436399,3.9422753181,0.1581253034,0.1433861019,0.1284402891,0.337452339,0.1736117424,0.4752158618,0.0003469813,0.0003469813,0.274,0.19,11.6699731590617,11.6699731590617
"48081",0.1995053586,0,12.099213551,4125,0.2199074074,0.1531165312,11257.98,4.6,0.1682230228,3.6609575959,3.628000756,0.1649680707,0.1117174944,0.1131497547,0.2898538713,0.1466210518,0.7222891566,0,0,0.274,0.235,10.0603621730382,0
"48083",0.2297979798,0.0005931198,23.724792408,11721,0.2632381783,0.1433207139,11957.73,6.6,0.1788267317,3.8349188834,3.748971811,0.1655514462,0.1185683346,0.1181293743,0.2998208818,0.1592804912,0.6590219224,0.0001187648,0.0005938242,0.213,0.25,59.4129995643047,55.4521329266844
"48085",0.1207484837,0.0009467792,6.7037746377,4396,0.1395572777,0.0825314745,11976.08,7.8,0.1374180948,2.9103491623,3.2561960951,0.1890280286,0.0864470992,0.0950205029,0.3225966271,0.1211014578,0.8976993408,0.0009727699,0.00054705,0.254,0.199,20.0045705125082,11.3919681134695
"48087",0.3272576636,0,16.739203214,10771,0.375995101,0.2270531401,15095.06,8,0.2203221351,4.186692966,3.9463250268,0.1647893011,0.132999927,0.1275781988,0.3209150422,0.1731312373,0.6895649329,0,0.000994695,0.26,0.191,11.154489682097,11.154489682097
"48089",0.221933063,0.0004709872,12.716654107,5690,0.2570841538,0.1421865832,12572.99,7.6,0.1820903838,3.6828701435,3.5376237258,0.1702007566,0.1135158013,0.1110192447,0.3088474374,0.1463728694,0.6139695315,0.000142728,0.000285456,0.248,0.298,55.1459002962123,15.7559715132035
"48091",0.1437621663,0.0006949911,9.0774347737,4179,0.1644174892,0.0952619335,10792.53,8,0.1492812127,3.2766457927,3.3985700636,0.1942716067,0.0993471397,0.1018959842,0.3029665915,0.1277545492,0.8575669297,0.0011276968,0.0005638484,0.297,0.218,20.7463988495179,16.2670627342811
"48093",0.2520023442,0.0004420541,9.5778383556,5757,0.2909467865,0.1632653061,11888.96,7.3,0.1935685629,3.9477786452,3.8168257366,0.1657843858,0.12297463,0.1203180561,0.2972112426,0.1563284655,0.1517818806,0.0005191338,0.0003708098,0.242,0.245,44.3448054987559,56.6628070261881
"48095",0.2110228401,0.000368053,0,3553,0.2327001357,0.1538461538,12755.92,8.1,0.2050728895,3.6329361709,3.1361321711,0.2018639412,0.1130815081,0.0990980155,0.326622973,0.1523278756,0.7034499633,0.0002336995,0.0004673989,0.196,0.213,8.87154009936125,8.87154009936125
"48097",0.2070540709,0.0003258554,10.026319088,4706,0.2410429153,0.1284441258,12325.62,7.6,0.1498386048,3.4371805202,3.5163795507,0.1920632383,0.1041894484,0.1083773322,0.3039013382,0.1485038755,0.5459323048,0.0005857485,0.0006621505,0.242,0.211,26.725685889673,28.3960412577776
"48099",0.151367486,0.0002269299,6.6744089811,4344,0.1800612224,0.0914346655,11066.57,5.8,0.1753378845,3.7340648261,3.6404420555,0.208750889,0.1136974805,0.1133342795,0.3269952742,0.1675938948,0.6355122831,0.0004150711,0.0004150711,0.311,0.235,15.5966614232176,22.7265637881171
"48101",0.2743022137,0,21.629416006,5160,0.306122449,0.1974522293,12551.16,3.2,0.2061101263,4.0359060765,3.8936854977,0.1519128118,0.1276445975,0.1245094906,0.3153307095,0.1623305038,0.8418604651,0,0,0.195,0.222,23.9348970799426,0
"48103",0.201974001,0.0002109705,8.4388185654,9712,0.2485380117,0.1146881288,11627.91,8.9,0.1853882499,3.3930150589,3.2204988526,0.1967915375,0.1045882684,0.0985902216,0.3094128411,0.1284707583,0.9213714286,0,0.0002070393,0.203,0.178,6.96184906711222,6.96184906711222
"48105",0.2222979884,0.0002805836,16.835016835,4657,0.2598039216,0.1407407407,10402.21,8.6,0.2137628369,3.6810888991,3.4041359479,0.1724957876,0.1162478642,0.1067370668,0.3114143894,0.1356980596,0.1831137403,0,0.0005442177,0.303,0.235,9.31272117712796,9.31272117712796
"48107",0.2214540122,0.0003390405,15.25682319,5471,0.2680890538,0.1265356265,11883.31,8.1,0.2408227264,4.1399995619,3.7676653535,0.1576938263,0.1339078696,0.1224869109,0.3235441973,0.1613330171,0.3241458987,0,0.0005006676,0.257,0.202,33.955857385399,33.955857385399
"48109",0.2611428571,0,0,7918,0.312195122,0.1433823529,14352.47,8.3,0.3109953744,4.7949997208,4.0252751401,0.1413493133,0.1574389602,0.1342921293,0.3319367195,0.1754215503,0.9320266889,0,0.0009099181,0.32,0.209,15.0761344791196,15.0761344791196
"48111",0.3045677256,0.0006936737,13.873473918,4207,0.3494213248,0.224914966,13059.19,6.8,0.2076286574,3.9088762126,3.6061575777,0.1963458623,0.1217193882,0.114466976,0.3184614681,0.1624958384,0.9230195435,0.0001417234,0.0011337868,0.277,0.243,4.65896384644055,4.65896384644055
"48113",0.2304273792,0.000694384,7.3219695754,4967,0.2723801575,0.1345965371,11687.13,6.9,0.1947684227,3.4501401506,3.5280781132,0.1738475702,0.1107502217,0.112130078,0.328110438,0.1456634984,0.9616382315,0.0012827264,0.0008660248,0.306,0.23,22.5261349136702,11.2502975390836
"48115",0.211633016,0.0002341372,14.828689612,3388,0.259636827,0.1236574746,11436.14,7.2,0.2336838957,3.965460473,3.5611114911,0.184962366,0.1256975529,0.113540344,0.3262685411,0.1589565273,0.6830767006,0,0.0005339028,0.278,0.236,15.5670290325091,31.1340580650183
"48117",0.2517211704,0.0001061797,9.556169038,4265,0.3217158177,0.1307264398,10042.44,8.3,0.2423210308,4.0406500458,3.6169022165,0.1754133717,0.1289227631,0.1148697742,0.3252375404,0.149895168,0.8081767499,0.0001062135,0.0007966012,0.261,0.182,28.355722539255,31.9001878566618
"48119",0.1809933142,0.0001887505,9.4375235938,6636,0.2060810811,0.1230529595,12055.6,6.8,0.1726600512,3.9081928188,3.8927879059,0.1700461966,0.119734088,0.1228909674,0.3084808656,0.1670211019,0.6933664691,0.0003835091,0.0003835091,0.289,0.211,63.0437523641407,63.0437523641407
"48121",0.1294510952,0.0006338121,5.8119371928,4892,0.1480664804,0.0871558602,12102.77,7.6,0.1174704037,2.9624823412,3.121017073,0.2122418811,0.0904333691,0.0954631421,0.2931928165,0.1425643594,0.9387320521,0.0009948151,0.0005085713,0.32,0.213,18.8690257746095,11.6732108605635
"48123",0.178782727,0.0005438544,17.304459606,5546,0.2109993162,0.109241908,11174.38,7.3,0.1941375435,3.7692089149,3.580299858,0.1731512271,0.1172433621,0.1124924446,0.3157071367,0.1532966248,0.6178036523,9.58543e-05,0.0005271987,0.255,0.32,63.6443748164105,21.2147916054702
"48125",0.2449712644,0.0004526935,18.107741059,4949,0.2678207739,0.1885057471,12977.97,7.3,0.2043379776,3.9099839967,3.6242802892,0.1745939535,0.1227187409,0.1148234959,0.314533022,0.163934451,0.3723404255,0,0.0004578755,0.178,0.186,15.0557061126167,15.0557061126167
"48127",0.1927150006,0.0003839509,6.7191399501,5322,0.2504015706,0.0883661793,12061.13,7.2,0.3070761655,4.5209493595,3.8810450484,0.1504186136,0.1509104605,0.1266081502,0.3340960995,0.1609134715,0.6764705882,0.0002779322,0.0002779322,0.264,0.251,3.17258883248731,3.17258883248731
"48129",0.2041254835,0.0003020236,18.12141347,6199,0.2285202864,0.1459227468,11802.79,7,0.1568462285,3.555220611,3.6076648398,0.1831611614,0.108454858,0.1120532938,0.2952527991,0.1465854956,0.6350285559,0,0.0014684288,0.305,0.208,9.96512207274539,0
"48131",0.200443097,0,3.5483012508,7016,0.2546487603,0.0907223554,14867.76,7,0.3221543442,4.6636655897,3.8397129484,0.1460827739,0.1575588616,0.1283053454,0.335885162,0.1652438051,0.5774062129,8.75044e-05,0.0004375219,0.259,0.222,29.4872172913042,17.6923303747825
"48133",0.2211810852,0.0003258921,12.492531639,5050,0.25675131,0.1329551061,11767.9,6.6,0.1781098012,3.835617789,3.7563241866,0.1759226253,0.1194830664,0.1204193233,0.2943118174,0.1617174684,0.3835225744,0.0001641677,0.0003830579,0.288,0.193,83.6257203628629,76.3539185921792
"48135",0.2112702397,0.0005920286,7.8300559563,5526,0.2589494923,0.1237725834,10686.52,8.3,0.1906607837,3.5800612298,3.3722443528,0.1952732054,0.1101563522,0.1044142544,0.3147143477,0.1484283087,0.7153066433,0.0004509024,0.000704932,0.373,0.32,23.7059787317511,15.1046944131512
"48137",0.2460770328,0,15.360983103,3752,0.2802874743,0.1651785714,8558.5,8.7,0.1983086865,3.6115615236,3.3812165752,0.1596978973,0.1123766721,0.1057078612,0.2946935748,0.1284087076,0.0434565435,0,0,0.222,0.25,17.2651933701657,17.2651933701657
"48139",0.1820671091,0.0004031794,9.0427370119,5283,0.2159727015,0.111138371,11360.66,7.6,0.1666752495,3.4083608687,3.4172175736,0.1778610511,0.1036752566,0.1038803118,0.3361298388,0.1297621738,0.6540538734,0.0006112796,0.000433237,0.382,0.262,19.3651676237405,12.6544659719493
"48141",0.2261521333,0.0004819076,4.9499648981,4428,0.2912964856,0.0883375149,10312.7,8.1,0.2849762541,4.5670664042,3.969468163,0.1842740878,0.151440217,0.1250978424,0.364377951,0.1539111835,0.812788907,0.0007912469,0.000626553,0.315,0.2,23.8975564946969,10.400597677094
"48143",0.2341885074,0.0005480235,11.437013033,5311,0.2650037354,0.1519945757,10757.99,5.9,0.1990874232,4.0314310656,3.9264174427,0.2055794956,0.1254901541,0.1248658656,0.3070914546,0.1732096809,0.6150435471,0.0008401546,0.0002400442,0.339,0.264,76.1457556673065,11.8977743230166
"48145",0.2213333333,0.0001146986,12.043356082,10517,0.2577838828,0.1366622865,12294.99,6.3,0.2206715608,4.234660305,4.0222636668,0.161353913,0.1340797869,0.1296994069,0.3473431329,0.183219099,0.4468823464,0.0001157876,0.0002894691,0.29,0.198,30.7426265731578,38.4282832164473
"48147",0.2191481047,0.0002032166,12.192997736,6735,0.2531880109,0.1374868559,13462.6,6.4,0.1702340475,3.6937495422,3.7245399746,0.1871727708,0.1135918754,0.1151219562,0.3166126148,0.1620862324,0.3930119416,0.001116629,0.0003526197,0.321,0.249,30.8395092663088,28.9120399371645
"48149",0.2061072728,0.0003561254,18.597657487,3333,0.2300571346,0.1464001481,11249.44,7.6,0.1610692653,3.4557214043,3.4825716013,0.1720653078,0.1051196584,0.1066899223,0.2951035363,0.1342447606,0.5693980614,0.0001988151,0.0003976301,0.238,0.232,73.9078791078263,7.91870133298139
"48151",0.2082340932,0.000257732,20.618556701,4175,0.2262739598,0.1649122807,11453.75,7.7,0.1809096168,3.7028491297,3.5870721395,0.1700095508,0.1140938285,0.112571456,0.3060755474,0.144057214,0.0130850528,0,0.000778412,0.223,0.213,8.6408018664132,8.6408018664132
"48153",0.2358050847,0.0006831768,20.49530316,7685,0.2914052698,0.1247695144,12051.33,8.4,0.2666504721,4.4461623076,3.9894048599,0.1542264551,0.1438360039,0.1296400159,0.3265634763,0.1667352942,0.828420726,0,0.0003380091,0.31,0.233,45.4313135328525,45.4313135328525
"48155",0.2449438202,0,0,7652,0.2652106084,0.1908396947,16956.52,4.4,0.1507678608,3.3751996906,3.4673566056,0.1724275926,0.1023241525,0.1056884897,0.2966183124,0.1331360917,0.4139221557,0,0.0008453085,0.283,0.224,27.7392510402219,0
"48157",0.1351850927,0.0008498643,5.0207366885,4619,0.1608359252,0.083750328,12032.84,7.5,0.1409225396,2.8576005517,2.9829549322,0.1827764453,0.0871893763,0.0900712419,0.3248786318,0.1232528818,0.9169711723,0.0005976496,0.0005221002,0.258,0.184,15.1269244870033,10.7239868121118
"48159",0.1909231318,0.0002786291,12.0739296,2908,0.2199693304,0.1278896346,11705.44,7.3,0.171985693,3.728876214,3.763407111,0.1737081563,0.1147291289,0.1170715615,0.3049705708,0.1595601527,0.0751532296,0.0003771095,0.0002828321,0.303,0.24,31.1138767890479,31.1138767890479
"48161",0.1987977073,0.0003057325,9.6815286624,6275,0.2309716599,0.1319057816,11231.41,6.5,0.1723150982,3.6727060172,3.6387163144,0.1800029842,0.1132086586,0.1134923897,0.3177514784,0.1630433888,0.2724061365,0.000152874,0.0003057481,0.393,0.262,62.6513368440659,20.3193524899673
"48163",0.2222061273,0.0002040816,6.6326530612,5013,0.2801802769,0.1060159865,11914.73,8.6,0.2927339599,4.3760984772,3.6440609096,0.1771320489,0.1442651389,0.1193106625,0.3441030292,0.1704733036,0.1666957077,0.0003165225,0.0004747837,0.292,0.207,17.1315014047831,13.7052011238265
"48165",0.3374959974,0.0002422715,13.082663049,5252,0.3835916295,0.2668237759,11526.24,8.7,0.1847856359,3.6057630015,3.4660645302,0.2083653478,0.1113145376,0.1086210296,0.325460134,0.155652007,0.3600365172,9.76658e-05,0.0001953316,0.348,0.27,12.8996887950078,12.8996887950078
"48167",0.1540080016,0.0007312647,7.4021896154,6567,0.1885580996,0.0737849642,12863.21,6.9,0.1772726162,3.7364216536,3.5255146778,0.1878494237,0.1117499278,0.1073844715,0.3469494012,0.1504772384,0.8732617255,0.0009592297,0.0007740619,0.347,0.259,32.4235776275319,15.5633172612153
"48169",0.2489189189,0.0001531863,9.1911764706,4140,0.2946293495,0.137745975,12011.26,8.6,0.1995628379,3.6258044099,3.3358646876,0.2157385078,0.112469443,0.1029724576,0.3194352435,0.1581100668,0.1317133571,0,0.0003104626,0.191,0.181,35.8092899529364,35.8092899529364
"48171",0.2384194012,0.0011634016,14.261052316,2211,0.2644080417,0.1781426554,9104.43,7.8,0.159070735,3.4648657179,3.5313536739,0.1636415611,0.1051274654,0.1077645639,0.2924508173,0.1318986357,0.7300801224,0.0007541194,0.0004524716,0.235,0.278,93.7839966988033,27.5099723649823
"48173",0.2193211488,0,0,NA,0.2306733167,0.1951219512,10334.17,6.8,0.1650572053,3.3220876403,3.2846655374,0.2066682945,0.101182101,0.1003591068,0.3086428531,0.1389027987,0,0,0,0.263,0.194,24.6913580246914,0
"48175",0.1561751625,0,9.2568103676,4926,0.1725434885,0.1153388823,12124.23,7.4,0.1845115067,3.6517539058,3.5679997423,0.1707532108,0.1125890716,0.1101639327,0.3028627656,0.1433504444,0.5841886269,0.0002660636,0.0002660636,0.312,0.26,44.1247848916736,57.3622203591757
"48177",0.2504643603,0.0003829034,12.444359355,4518,0.3036478849,0.144276902,11445.82,7.4,0.2214292367,3.9729549035,3.7061414049,0.1709142128,0.125440783,0.1168335157,0.3277447739,0.1544116446,0.3917301964,0.0003353133,0.0005269209,0.326,0.257,57.5125808770669,54.3174374950076
"48179",0.2389621136,0.000401714,16.068559186,6333,0.2952710496,0.1308173972,11813.08,7.3,0.1892339084,3.7486752756,3.6606435956,0.1899009698,0.1170669612,0.1147874735,0.3221088632,0.1659975788,0.9236742844,0.000220022,0.0004840484,0.359,0.269,14.920028646455,17.904034375746
"48181",0.1953349215,0.0004727772,11.438157694,7234,0.2288318035,0.1191408056,13531.16,6.8,0.1649546909,3.6225252895,3.6353554557,0.1847412833,0.1114490259,0.1142567217,0.314154514,0.1641992638,0.7193510759,0.0010293602,0.0006550474,0.381,0.349,30.7601572072828,20.5915101966108
"48183",0.2132716841,0.0008673308,14.185316981,4924,0.2591896854,0.1150753615,12064.07,6,0.181815034,3.7784746244,3.8486691172,0.1901407578,0.1189747105,0.1200505906,0.3332556911,0.1623460919,0.8062597552,0.0012768193,0.0010667098,0.344,0.234,35.5968814974421,14.56236061259
"48185",0.2284513979,0.00021366,6.4097998718,6017,0.2704923693,0.1357175608,11488.09,6,0.1993042711,3.9984732837,3.7726782472,0.1765256479,0.1244472055,0.1183787371,0.3229867833,0.1705918596,0.3971583221,0.0001084168,0.0003975281,0.41,0.299,28.5330448325467,17.8331530203417
"48187",0.1380086542,0.0003507475,5.5743803982,4094,0.1647833493,0.0824677878,10932.87,7.6,0.1654874114,3.4381277304,3.4479265886,0.2137983207,0.1040205713,0.1036811715,0.3098112593,0.142249369,0.721050991,0.0002833865,0.0002318617,0.333,0.208,20.6845542791955,13.3718330693789
"48189",0.2313683112,0.000292963,13.769262319,4955,0.2887558593,0.1252731245,11547.1,7.4,0.2583205208,4.2344687919,3.7117143268,0.173729366,0.1354893594,0.1204747924,0.3179468841,0.1670741818,0.7406335291,0.0010506961,0.000496162,0.316,0.271,24.4553787159948,12.7167969323173
"48191",0.2704811443,0.0003256268,9.7688049495,5399,0.3325153374,0.1256830601,9620.86,6.2,0.2700559719,4.8079213405,4.4189960804,0.1400135008,0.1587186088,0.146589266,0.3313650337,0.1918744309,0.4261855055,0,0.0003186743,0.254,0.229,119.086283425355,0
"48193",0.2428206765,0.0009498931,17.810496319,8220,0.2769574944,0.1603375527,10454.52,7,0.1575952435,3.5773964052,3.6319209437,0.1734573401,0.108837769,0.112296482,0.2893732471,0.1433630939,0.4617823177,0.0004816956,0.0007225434,0.25,0.24,198.333994446648,154.700515668386
"48195",0.2636264929,0.0003671746,14.686983661,646,0.3054461942,0.1842105263,10281.21,5.4,0.2167482344,4.0182694339,3.7552080716,0.1741761969,0.1271934856,0.1200753445,0.3161360839,0.1635169053,0.8768929271,0.0003611412,0.0003611412,0.268,0.215,6.07976653696498,6.07976653696498
"48197",0.2673933953,0.0010015023,10.015022534,7147,0.2995104584,0.188034188,12856.08,6.6,0.194497609,3.9825053967,3.8143401686,0.169483161,0.124241602,0.1225875588,0.3242219584,0.1696631408,0.3421116212,0.0007680492,0.0002560164,0.335,0.332,42.2940280832347,42.2940280832347
"48199",0.1394810396,0.000192513,11.900803304,5131,0.1631268699,0.087300523,11868.22,6.6,0.1341698007,3.2773772349,3.4839402358,0.2024123189,0.0989815728,0.1058232327,0.3022523947,0.1506402897,0.6659284342,0.0003018359,0.0003018359,0.371,0.268,41.0153045679331,20.5076522839665
"48201",0.2206002516,0.0005892998,5.4674638619,5042,0.269646114,0.1111765924,12150.24,7.1,0.1817799183,3.6036076568,3.646364298,0.1809407055,0.1144748649,0.1115253286,0.3392419475,0.1285510412,0.9002230688,0.0010372712,0.0007215799,0.3,0.218,17.1573745114147,10.493828975836
"48203",0.1726398681,0.0002850242,11.10094358,5062,0.2062597149,0.1020734563,11160.28,6.6,0.1791278613,3.7478143633,3.611280392,0.1906294271,0.1155867922,0.1145771455,0.3378287358,0.1633782465,0.6144047782,0.0002404786,0.000495987,0.447,0.336,21.0082982778197,19.5077055436898
"48205",0.2085195898,0,14.05728343,6380,0.2337562476,0.1576893052,11558.52,7.4,0.1364505124,3.0363920824,3.1090812993,0.2190149512,0.0907533737,0.0923064188,0.3035639104,0.1320457037,0.7380402507,0.0001740038,0,0.288,0.221,58.626956674679,0
"48207",0.2528387585,0.0005221023,17.403411069,5784,0.2950819672,0.137962128,12766,6.8,0.1913636122,3.8499594986,3.6375603767,0.1771297974,0.1193008061,0.1153313252,0.3094190188,0.1568392477,0.597389388,0.000528076,0,0.279,0.332,29.0023201856148,29.0023201856148
"48209",0.1672215595,0.0004335968,5.9211599879,3952,0.191771471,0.1066866153,11182.36,7.7,0.1741934118,3.534799901,3.7258984076,0.2216530302,0.1113710341,0.112885376,0.2984165825,0.150965912,0.7317496992,0.000875434,0.0004841786,0.317,0.17,26.4968375245096,14.9629200138407
"48211",0.2395470383,0.0009940358,17.395626243,3562,0.2734375,0.1822995461,7414.12,8.5,0.164821524,3.5041795291,3.4999469802,0.1944578868,0.1072284752,0.1083802171,0.3061205846,0.1472002187,0.8182295771,0.0002421894,0.0002421894,0.216,0.222,8.34863917181499,8.34863917181499
"48213",0.2118675386,0.0003083983,10.978979572,5282,0.2499227475,0.1156705988,11975.19,6.3,0.1792729964,3.9784744071,3.8474006194,0.169924671,0.1207208946,0.1207881791,0.3257070012,0.1716648723,0.6313222635,0.0004255266,0.0004130111,0.366,0.32,41.1076032622994,20.5538016311497
"48215",0.3120792413,0.0004496544,3.5670258092,5360,0.4239749478,0.121821504,12563.77,6.7,0.2881659408,4.413168884,3.8877824086,0.1445876093,0.1514324453,0.1336731483,0.3331016962,0.1512499417,0.5331021246,0.0005083292,0.0006401182,0.382,0.244,19.6394797012781,6.17129895751623
"48217",0.2111405456,0.0002231396,10.878054223,5468,0.2480344915,0.1266743649,10709.84,7.4,0.1778115543,3.8831308048,3.7489649182,0.1780087005,0.119508384,0.1185410146,0.3058462821,0.167355879,0.5110433469,0.0004561394,0.0002565784,0.368,0.367,65.2479889637687,21.4386249452383
"48219",0.2064379947,0.0005630631,12.127512128,3907,0.2507102818,0.1147828863,11613.81,6.9,0.2005844619,3.8437794322,3.6036194639,0.1839021315,0.1188838349,0.112657638,0.3243286903,0.1495907162,0.6437322869,0.0005155747,0.0003437164,0.293,0.26,38.9368789928327,15.8631729230059
"48221",0.175009719,0.0005319788,10.124757606,3916,0.1988278015,0.1187003164,11169.4,7,0.1317873555,3.205381655,3.4811716359,0.186533555,0.097994,0.1050330389,0.2958654117,0.1352211964,0.7325622289,0.0008442232,0.0004045236,0.328,0.245,46.6792283126597,22.7703552744682
"48223",0.2201355406,0.0002466024,9.8640946953,5385,0.2578079815,0.1377322229,12213.26,6.8,0.1794742611,3.8549862563,3.7457333823,0.1788501248,0.1193153245,0.1197699751,0.3195395893,0.1680190011,0.4012968914,0.0005494505,0.0007417582,0.32,0.305,42.8417771133757,25.5227608335004
"48225",0.2011765466,0.0001737544,11.29403588,4765,0.236199095,0.1176217148,10994.73,4.4,0.2005840421,4.1039900327,3.841778369,0.161277394,0.1295186631,0.1248544147,0.3366003446,0.1813294956,0.5812826563,0.0001757933,0.0002636899,0.284,0.319,44.9640287769784,17.4054304943142
"48227",0.1880658757,0.0003052164,11.376248613,6371,0.2200589642,0.1163981516,11153.28,6.8,0.1998014971,3.7679788387,3.54106939,0.1983109678,0.1166560396,0.1099214549,0.345421709,0.1563643446,0.8236318976,0.0012258908,0.0008445026,0.357,0.299,16.4824599155732,33.8806120486782
"48229",0.2852769274,0,0,4935,0.340328119,0.1409266409,8559.43,2.2,0.3390842481,5.1318773796,4.1775436196,0.1474481611,0.1734936645,0.1428260153,0.3413164956,0.1952645217,0.0046029919,0,0,0.379,0.234,7.54375377187689,0
"48231",0.1871517108,0.0002876257,11.824612238,6665,0.2199623214,0.1131062331,13305.27,6.9,0.1835040845,3.8156029788,3.7367478271,0.1870033755,0.1184098017,0.1186115453,0.3164768811,0.1641428069,0.6553077361,0.0006407959,0.0006733787,0.386,0.321,26.5545004567374,16.9948802923119
"48233",0.2027956262,0.0003274854,15.438596491,4855,0.2377195836,0.1282768263,11272.06,6.9,0.1724404563,3.6620366275,3.7105379217,0.1916390937,0.1115322755,0.11350827,0.307509692,0.1614153673,0.84,0.0001394635,0.0003254149,0.285,0.336,20.285874789339,15.6045190687223
"48235",0.1514644351,0,26.385224274,2653,0.1598599767,0.1373626374,9361.01,5.8,0.1478564868,3.291797079,3.3546968973,0.1893616708,0.098346565,0.1011418004,0.2910703142,0.1298504327,0.7967479675,0,0,0.237,0.213,21.7627856365615,0
"48237",0.2443949754,0.0004528986,11.322463768,5675,0.2823958096,0.1603585657,11903.1,6.1,0.1692046829,3.6697166421,3.5680966124,0.1974491145,0.1123187204,0.111780232,0.3207392179,0.169927002,0.6038257408,0.0001143641,0.0001143641,0.252,0.283,52.9921647299292,18.9257731178319
"48239",0.1949461475,6.75447e-05,11.482607227,5863,0.227027027,0.1280487805,13298.91,7.7,0.1738073046,3.4982156887,3.4675043099,0.1843203918,0.1078163316,0.1071205979,0.3119817389,0.1425636096,0.5009591474,0,0.0004035241,0.333,0.286,69.5878602855347,62.8535512256443
"48241",0.1734913022,0.0003936897,11.810691488,5605,0.2080684847,0.0977928693,11705.84,6.1,0.1682596435,3.7432894215,3.7261751598,0.185302746,0.1141418431,0.1154660116,0.3204847438,0.1720009966,0.5297955755,0.0002244165,0.0004768851,0.437,0.339,24.280684715309,18.6774497810069
"48243",0.2943632568,0.0004385965,30.701754386,4431,0.3022727273,0.203125,6295.74,8.5,0.2091176552,3.9223488297,3.7420195838,0.1443528997,0.1239473237,0.1182753986,0.3003923946,0.1457632842,0.4782237404,0.0022727273,0.0004545455,0.255,0.224,14.8544266191325,0
"48245",0.2024063491,0.0005657455,11.588028045,5931,0.2444332054,0.1059097682,12092.3,5.7,0.1904756355,3.6984481966,3.6504989267,0.1680646113,0.1173897374,0.1156837511,0.3519478375,0.1714933921,0.608630333,0.0008638325,0.0009541423,0.415,0.32,20.6271973513634,13.7079476069187
"48247",0.1909155429,0.0001922338,0,7613,0.2505526898,0.0872020075,16378.2,7.5,0.3139338721,4.4841972293,3.7516235388,0.1469860979,0.149927727,0.1235595377,0.3318241186,0.1556221532,0.9020754717,0,0,0.227,0.224,38.4714029238266,38.4714029238266
"48249",0.2023632385,0.0002691395,5.6274620146,5285,0.2521508647,0.1057708438,14236.84,7.9,0.267028732,4.2160487537,3.6848829734,0.1616112395,0.1373913148,0.1191292485,0.3264812125,0.1546435542,0.4734560948,0.0007047559,0.0004617366,0.34,0.245,11.3967535533449,20.3513456309731
"48251",0.1783733956,0.0004602483,7.7106532537,6065,0.2149009911,0.1017932605,12343.97,7.4,0.1490923466,3.3923067619,3.4814555086,0.1962398892,0.1044051893,0.1068278042,0.2995795456,0.1560141866,0.5854545695,0.0006798388,0.0003858545,0.396,0.292,23.309744668643,14.7429154314494
"48253",0.1959259572,0.0003002552,11.509783316,6690,0.2283464567,0.1214442013,12295.09,6.8,0.1798985088,3.6997660306,3.3627515379,0.2054771907,0.114272611,0.1055878774,0.338411955,0.1738747354,0.436986437,4.99775e-05,0.0004497976,0.293,0.25,18.3918808206123,23.4078483171429
"48255",0.1827008818,0.0002633832,11.852242049,4023,0.2114889969,0.1220411927,12192.44,7.5,0.2350035786,4.0649096832,3.5751387042,0.1854529824,0.1289264193,0.1144561213,0.338575149,0.1695327861,0.7666621695,6.55566e-05,0.0001966697,0.268,0.194,28.2050725738214,28.2050725738214
"48257",0.1697028874,0.0003173751,7.9750657129,5535,0.2002198727,0.107958068,12515.4,7.6,0.1568483399,3.4861133464,3.5023254081,0.2007997499,0.1053235542,0.1076165838,0.3165145661,0.1612336755,0.568834059,0.0009125475,0.0003633291,0.397,0.313,20.2782171391491,16.7633261683633
"48259",0.1512776736,0.0008631263,9.3126788716,2031,0.164608404,0.1236201077,9945.06,8.4,0.1318268272,3.0689267287,3.1868015511,0.1985707377,0.092251447,0.0968542907,0.2983985435,0.1220981273,0.8086201736,0.0013634227,0.0009167842,0.335,0.255,34.7939216531651,15.1277920231153
"48261",0.2284866469,0,0,NA,0.2743362832,0.132231405,13975.43,3.5,0.2674455433,4.2777782233,3.7533744235,0.1495634952,0.1410176924,0.1245291277,0.3290431135,0.1542766013,0,0,0,0.215,0.207,0,0
"48263",0.1818181818,0,0,4931,0.19,0.1509433962,16420.55,4.7,0.147549545,3.3295478788,3.4486592105,0.1706318945,0.1007800559,0.1047495541,0.2831178712,0.1297470899,0.4294554455,0,0,0.278,0.238,44.2869796279894,0
"48265",0.2247103819,0.0008507347,14.887857695,2037,0.2602178285,0.134525661,9625.12,6.9,0.1772254892,3.795610782,3.6302717176,0.1576837705,0.1155220789,0.1151773475,0.2878755831,0.1427317192,0.7152846348,0.0025240758,0.0007183908,0.238,0.249,56.5447313803983,27.6298119245128
"48267",0.2164948454,0.0006802721,11.337868481,1604,0.2478448276,0.1258992806,11321.05,7,0.1752928276,3.6576986247,3.621860676,0.159559963,0.1138951916,0.1139542402,0.2953645209,0.1436372251,0.6064684176,0.0002260909,0.0009043636,0.304,0.258,7.57862826828344,7.57862826828344
"48269",0.2409638554,0,0,NA,0.265060241,0.2045454545,16130,5.4,0.1525031768,3.4022706446,3.446073088,0.190446507,0.1036072738,0.1062341205,0.2997266299,0.145186423,0.5629370629,0,0,0.197,0.192,116.009280742459,0
"48271",0.2220888355,0,0,3713,0.2594259989,0.1319261214,9025.31,8.9,0.2690182208,4.3860535307,3.8199216554,0.1516291469,0.1431549174,0.1249556907,0.3182260973,0.1611902561,0.6998332407,0,0.0002785515,0.225,0.212,45.0369302828319,45.0369302828319
"48273",0.1974527301,0.0004503345,8.6850231601,7996,0.2435826203,0.0911295469,12943.55,6.8,0.2756040476,4.3504282641,3.7398702348,0.1760902472,0.1412763794,0.1215691788,0.3313204433,0.1577109238,0.4995165466,0.0002840013,0.0004417797,0.325,0.249,21.2976668405976,18.103016814508
"48275",0.2502578206,0.0002695418,16.172506739,4327,0.2854198867,0.181640625,12336.7,6.4,0.1952824302,3.8327348255,3.676570474,0.1702910618,0.1197781522,0.1164968209,0.3097009125,0.1522941278,0.3933853186,0,0.0015764582,0.261,0.208,0,8.95335303071
"48277",0.194686477,0.0005041644,15.326597697,5445,0.2283772726,0.1185845047,12057.12,5.8,0.2113209508,4.0744310126,4.1015794903,0.1607924588,0.1227495714,0.127390882,0.3415949888,0.1833806588,0.6362139257,0.0008636099,0.0007230222,0.342,0.407,59.018416428581,17.4372593993535
"48279",0.2508733223,0.0002271007,18.925056775,3037,0.3043239533,0.1467720685,9579.61,8.1,0.2657957412,4.565287848,4.0017882234,0.1525063613,0.1470661066,0.1316152496,0.3201677387,0.1758506441,0.6557201116,7.53296e-05,0.0004519774,0.253,0.266,88.287970133441,80.7204298362889
"48281",0.2015105918,0.0004280211,14.742949541,7743,0.2322702304,0.1279347394,10983.05,7.2,0.1579067031,3.5128336529,3.5975870889,0.1828349388,0.1072389695,0.1107140504,0.3041877213,0.1471041371,0.4468669004,0.000433526,0.0003853565,0.343,0.227,23.8034784816555,23.8034784816555
"48283",0.1656115989,0,5.2742616034,4701,0.2057709123,0.0746941404,11192.07,6.3,0.3003375479,4.4655062309,3.6744413009,0.1829347726,0.1472611454,0.1207531798,0.332113559,0.1640915663,0.0037757769,0.000525417,0.0007881256,0.236,0.228,4.39985920450546,4.39985920450546
"48285",0.1819662519,0.0006978367,12.461369754,5587,0.2106553512,0.1226661313,13542.86,7.6,0.1545929295,3.41425113,3.5015359377,0.1808901892,0.1038721339,0.1073351042,0.2975944389,0.1384395302,0.6101853294,0.0001514463,0.0004038568,0.404,0.333,106.700455144129,98.3644820859939
"48287",0.2204799066,0.0002327882,11.057440494,3788,0.2537106669,0.1320854205,12215.89,7.7,0.1588639905,3.4494638735,3.5295253003,0.1865214601,0.1057793427,0.1081021215,0.3076922006,0.1463088938,0.487900313,0.0005863383,0.0001759015,0.379,0.266,42.8165505429917,25.3006889572224
"48289",0.2465490798,0,17.978310039,5009,0.2808584813,0.1696670777,11003.38,6.9,0.1768771065,3.7811688453,3.7212226124,0.1637424243,0.1168895096,0.1172836914,0.3006108223,0.1555956714,0.193083745,0.0001156136,0.0002312272,0.334,0.313,28.9508222033506,28.9508222033506
"48291",0.2167288649,0.0002390686,8.7260034904,7337,0.257457569,0.1322464573,14489.35,6.7,0.1818785006,3.7646423474,3.7519158979,0.1937655961,0.1180213936,0.1180848359,0.3269132771,0.174909729,0.4575968695,0.0001468716,0.0003916577,0.376,0.305,23.4420009138407,17.8794922224209
"48293",0.2113894701,0.0003400349,9.3509584732,6417,0.2542765787,0.1129860602,12190.88,6.4,0.2077081345,4.0895001046,3.8905153078,0.1686088577,0.1284962578,0.1239227762,0.3286193955,0.1787017224,0.6141806363,0.0003408897,0.0005113346,0.417,0.284,24.1086876364977,17.0178971551749
"48295",0.2949873783,0,29.603315571,5581,0.3050397878,0.2749731472,9395.09,6,0.1608686389,3.393483606,3.4228610359,0.2033519152,0.1027738926,0.1038651486,0.3060155231,0.1426957997,0.1629315566,0,0.0002867795,0.291,0.246,9.78473581213307,0
"48297",0.2076647813,8.21423e-05,11.499917858,4756,0.2318189115,0.15,11200.62,8,0.1884222383,3.6877779813,3.4511110773,0.180889061,0.1141647203,0.1079385008,0.3094223447,0.1477838769,0.3378718238,0.000331785,0.000331785,0.235,0.237,19.2328827343664,27.4755467633806
"48299",0.2065800103,0.0008015087,12.258368694,5108,0.2304875699,0.1342143906,10454.37,6.6,0.1582685579,3.6309523686,3.6944878429,0.155560429,0.1112455537,0.1153832628,0.2853964832,0.1406601007,0.7734314284,0.0004419998,0.0003928887,0.255,0.255,102.818817425417,17.4001075643013
"48301",0.2109375,0,0,NA,0.2278481013,0.1764705882,9230.29,2.9,0.183703417,3.6187467936,3.6801438479,0.1921929901,0.1124224595,0.1175932591,0.3259471262,0.1910957476,0,0,0,0.297,0.237,0,0
"48303",0.1596517704,0.0008223442,8.7148824638,4034,0.1878726777,0.0943845345,11721.32,7,0.1780402954,3.6412234572,3.677385187,0.1935159981,0.1170076364,0.1158378054,0.3421608867,0.1609483684,0.8882118559,0.0012832482,0.0011974784,0.313,0.22,37.5638530903913,16.1611926086567
"48305",0.190048087,0.0005120328,18.774534904,4425,0.2242703533,0.1208178439,15378.91,7,0.2273275762,4.0999258923,3.7737307019,0.1661840543,0.131199128,0.1220650403,0.3263837812,0.166757288,0.2306001691,0,0.0003502014,0.258,0.183,5.73164440878088,5.73164440878088
"48307",0.2119635891,0.000502702,15.081060701,4859,0.245745405,0.1301553294,11746.38,6.6,0.2105969147,4.1239909347,3.8590733275,0.1592623616,0.1291780277,0.1243691795,0.3138544599,0.1629369761,0.5399010021,0.0001223691,0.0002447381,0.31,0.231,20.7331232376845,49.7594957704429
"48309",0.1791017547,0.0007442519,11.701073394,6017,0.2160160688,0.0957286669,10564.09,5.5,0.2009631077,3.8927713272,3.8109577009,0.1802025608,0.1206803023,0.1209007263,0.320149894,0.1610226677,0.6327339446,0.001375366,0.0006412997,0.342,0.231,40.4616609180154,14.0620854338021
"48311",0.1986644407,0,0,NA,0.2,0.1823529412,11726.93,6.1,0.1828335016,3.559258745,3.4454761384,0.1720200148,0.1099711441,0.1064630178,0.3017385915,0.1320099405,0.2560113154,0,0,0.239,0.264,42.9000429000429,42.9000429000429
"48313",0.218231464,0.0002109408,9.843903811,6152,0.2608695652,0.1278582931,12374.68,6.1,0.187653935,3.7289765039,3.5476450645,0.2008190343,0.1144009971,0.1109387889,0.334996441,0.1653630057,0,0.0002859798,0.0002859798,0.296,0.277,46.914217353569,39.8770847505336
"48315",0.1897829896,0,7.9491255962,5001,0.2161001789,0.1131105398,12413.17,6.2,0.1822418546,3.9055053334,3.8364143475,0.1567537007,0.1210507131,0.1216321469,0.3244001519,0.1709092963,0.2854162716,0.0001971026,0.0001971026,0.452,0.286,49.7694017717907,39.8155214174326
"48317",0.2267017828,0.0003554924,14.219694277,5195,0.254306295,0.1779242175,11498.62,8.6,0.1941599054,3.6893560348,3.5476057982,0.1930585613,0.1144080284,0.1102645211,0.3140736153,0.1511775605,0.3809126901,0,0.0003494671,0.31,0.183,5.84726932522512,5.84726932522512
"48319",0.2808539026,0,21.316911416,2195,0.2916080638,0.2549019608,9017.84,7.9,0.1685376974,3.5552229975,3.5316962216,0.1625870443,0.1095025513,0.1098859024,0.290234835,0.1344330719,0.6991525424,0.0004864996,0.0004864996,0.248,0.259,7.92832791564259,7.92832791564259
"48321",0.217723604,0.0003800217,14.929424539,6173,0.2624177281,0.1201982652,12605.04,6,0.2289241501,4.0806663451,3.7728857225,0.1705552866,0.1300612348,0.121032973,0.3311654934,0.1666921908,0.6366138085,0.0003764757,0.0003764757,0.366,0.328,39.7905569773646,13.5649626059197
"48323",0.2703931425,0.0002576611,2.5766112409,7677,0.3520007479,0.1277449324,13546.71,6.8,0.3491055466,4.8311841206,3.9251192023,0.1505199695,0.1652061838,0.1332576659,0.3335951153,0.1707820989,0.7447381031,0.0002253619,0.0003467106,0.307,0.255,13.1891321551042,10.3219295126902
"48325",0.1683965102,0.0002796309,6.3915631367,4575,0.1944405149,0.1113371856,10791.59,8.3,0.1931225499,3.5372231584,3.3932418289,0.184842938,0.1106072038,0.1055589655,0.2972207325,0.1393131041,0.5647306873,0.0002840736,0.0001623278,0.372,0.2,28.6151593797831,11.9784388101417
"48327",0.2563226247,0.0004708098,14.124293785,4853,0.2810810811,0.1834625323,9024.52,7.7,0.1863780789,3.6612613806,3.547458915,0.152984408,0.1132014029,0.1100958191,0.2881414635,0.1292870756,0.7685102587,0,0.0004710316,0.291,0.266,93.9555277168807,93.9555277168807
"48329",0.1984598564,0.0003574696,10.057619252,3752,0.2253424179,0.1454867545,9685.13,8.1,0.1793503344,3.2812099524,3.1955449251,0.2140174885,0.0983535672,0.0974915377,0.3145971969,0.1374740338,0.7019989479,0.0007935287,0.0006889552,0.345,0.242,23.5909410786258,13.9946260635916
"48331",0.2024785028,7.98308e-05,13.970382788,7046,0.2409980359,0.1191906418,11479.83,6.7,0.1893169297,3.847776306,3.7758511287,0.1678619537,0.1204811279,0.1194657733,0.3168761499,0.1601124374,0.6035060791,0.0001608299,0.0007237345,0.41,0.335,61.2883885150889,14.6559189927387
"48333",0.2579263068,0.0004064215,14.224751067,6689,0.2819296164,0.1967054264,9886.8,7.2,0.1679696063,3.6716883068,3.6767317695,0.1637856751,0.1119418933,0.1138685977,0.302131833,0.1399221903,0.2416936791,0.000815162,0.0006113715,0.274,0.275,162.722896467557,155.942775781409
"48335",0.2115041086,0.0004723666,9.447331129,7022,0.2495432002,0.1325107296,13901.09,8,0.1735242435,3.3658207425,3.2107019617,0.2147815995,0.1031421702,0.0977193943,0.3156313305,0.1432014997,0.0232904392,0,0.0003440367,0.201,0.19,43.4216239687364,51.3164646903249
"48337",0.2359082799,0.0003070782,14.84211065,3794,0.271246393,0.1537132988,12023.04,6.9,0.1555075483,3.655646838,3.7579847656,0.1753064844,0.1114572562,0.1160725104,0.3020772029,0.1602874758,0.4413509813,0.0003090553,0.0001545277,0.336,0.294,71.7347862474167,20.4956532135476
"48339",0.1723995269,0.0006200366,5.815032911,4884,0.2027487311,0.1088855261,12317.44,7.6,0.1413961639,3.2610789283,3.3193209464,0.2103573638,0.0985514317,0.102283012,0.318374657,0.1415784463,0.8420677307,0.0006939912,0.0005501588,0.293,0.18,23.4566622159154,15.5989713991695
"48341",0.2766282744,0.0004525501,12.218853238,7845,0.3360766005,0.1741150745,11823.14,7.3,0.2238729075,3.955761437,3.5717402049,0.174206774,0.1265237314,0.1152086829,0.319873679,0.1661829647,0.7736029949,0.0001356239,0.0002260398,0.278,0.205,18.264284192262,9.13214209613102
"48343",0.1686262376,0.0001604235,18.44870458,6549,0.1993321719,0.0983108108,13011.87,6.5,0.1773749807,3.7201562094,3.7227043251,0.1714860275,0.1142315647,0.1172578415,0.3329313516,0.1602042524,0.3783825576,0.0002382276,0.0003176368,0.333,0.196,29.412551137731,42.7818925639723
"48345",0.2201622248,0,24.390243902,3281,0.2386895476,0.164556962,10206.11,6.9,0.1789438852,3.8270642036,3.7805995874,0.161713642,0.1189752535,0.1189282952,0.2957719599,0.1531208284,0.2495867769,0,0.000862069,0.241,0.251,0,27.5938189845475
"48347",0.2288122366,0.0007014334,8.9966453187,5968,0.2768955552,0.1184134892,12002.97,5.5,0.1856167438,3.9293385749,3.88145702,0.1706268735,0.1237038828,0.1271903418,0.3192851034,0.1741089495,0.6833581303,0.0008661824,0.0006534359,0.351,0.298,31.9639568334373,16.2356606138094
"48349",0.224375,0.0004517361,9.0347220796,4890,0.2731234339,0.121687481,11703.43,6.6,0.1974181799,3.9829872409,3.8395532939,0.1718255846,0.1246605952,0.1219783628,0.3254262971,0.1698396944,0.564994239,0.0005152196,0.0002679142,0.348,0.225,25.8874983820313,21.7999986375001
"48351",0.175102861,0,7.1674311927,5511,0.2031555614,0.1035302105,12414.93,5.6,0.1717102437,3.79937277,3.6976504764,0.1836708507,0.1164109935,0.1164266514,0.3325803507,0.1709591011,0.1115264798,7.14133e-05,0.0001428265,0.352,0.219,11.9901201410038,28.7762883384092
"48353",0.1791195817,0.0002708192,12.863913338,5657,0.2179026866,0.1006289308,11881.33,7.3,0.205052308,3.8836768572,3.6824717423,0.1786494217,0.1211862899,0.1167305933,0.3086913815,0.155324655,0.6612118822,0.0004668845,0.0004668845,0.268,0.254,35.9437480343263,40.4367165386171
"48355",0.1900838383,0.0008277481,7.6684356668,4561,0.2311716546,0.0951810194,11701.64,7.6,0.2215383046,4.3085963382,3.7841071804,0.1858817538,0.1328108671,0.1131144602,0.3261778935,0.1449650155,0.9558554242,0.0010294728,0.0007222914,0.332,0.25,21.1091814799656,14.1956940956974
"48357",0.2864023297,0.0003971012,15.884046461,6387,0.3428871024,0.1897983393,10073.51,8.7,0.1999927911,3.7573978558,3.6005433361,0.1975759512,0.1171597567,0.1113908193,0.3238818079,0.154979748,0.8831067201,0.0001940617,9.70309e-05,0.271,0.33,6.59500098925015,6.59500098925015
"48359",0.1608974359,0,14.191106906,1725,0.1754385965,0.103125,9323.32,4.9,0.1590444964,3.578602735,3.6504145482,0.1901124861,0.1095974484,0.1128025043,0.3125312172,0.159148205,0.2363547758,0,0.0004816956,0.252,0.217,15.8202816010125,15.8202816010125
"48361",0.1511731969,0.0002116477,9.1713993439,5826,0.182449182,0.0800487607,12834.28,6.4,0.1630247695,3.6039993965,3.612278044,0.2105104919,0.1090243137,0.1131892827,0.3345713841,0.1812809452,0.6090765791,0.0002000847,0.0002824726,0.455,0.375,24.0552402960766,20.5061064819014
"48363",0.2196296458,0.000420021,12.600630032,7224,0.2576411141,0.1309387521,12061.37,6.4,0.1854584308,3.9289116488,3.8201261507,0.1769166604,0.1214544875,0.1211486264,0.3152328354,0.1661085638,0.4665077728,0.0001782341,0.0005347022,0.41,0.292,38.5973940910899,21.0531240496854
"48365",0.1861038196,0.0003441896,11.186163576,6038,0.2162162162,0.1168831169,12389.07,6.5,0.1679908475,3.5573136778,3.5556272155,0.1830718787,0.1091430034,0.1124300362,0.3087301422,0.1566563951,0.3938056816,0.000127703,0.0002128384,0.34,0.254,15.7405949944908,18.6025213571255
"48367",0.1531854481,0.0004420701,9.8903816039,5568,0.1735707639,0.1097267572,12717.97,7.6,0.1262470598,3.100539116,3.2715237506,0.2111253264,0.0941774204,0.1009316756,0.2921965282,0.1443042896,0.5526268527,0.0004789827,0.000278119,0.322,0.252,36.3840259173883,18.9396299295994
"48369",0.2869368834,0.0002032107,15.240804714,3325,0.3395182872,0.1844067797,10431.94,7.2,0.2311323277,3.9690485227,3.6234527169,0.1765678605,0.1260600185,0.1151931908,0.3235761389,0.1558149014,0.7437919953,0,0.000613748,0.374,0.244,40.7028017095177,33.9190014245981
"48371",0.2292623732,0.0004477421,7.6755788666,5488,0.2753270069,0.137164751,10009.09,8.6,0.2024910281,3.4755707103,3.1723297651,0.1981834374,0.1092957906,0.098905685,0.3291259492,0.1382032001,0.6087573354,0.0001878522,0.0006261741,0.393,0.267,57.1102227298686,21.1519343443958
"48373",0.224873987,0.0005898865,7.9329563484,3649,0.2597946865,0.1366519316,10153.67,6.1,0.190173647,3.8112872141,3.7923252909,0.1747704386,0.1182194848,0.1187258699,0.3234166678,0.1725621524,0.4106753573,0.0003130478,0.0004173971,0.399,0.335,30.5895628411586,22.4323460835163
"48375",0.2353706637,0.0007471484,10.958176294,4869,0.2919476161,0.124661007,11323.28,6.7,0.2195932249,3.9774931876,3.6572523021,0.1828558566,0.1293076407,0.1205122005,0.3377173584,0.1836859983,0.7738637021,0.0018041578,0.0015476033,0.314,0.243,42.6666075614094,24.1038627132638
"48377",0.2903579255,0.0002794857,8.3845723868,4009,0.3657458564,0.1463039014,7930.08,4.4,0.3234707987,4.6789166978,3.9371366706,0.1316150303,0.1572636233,0.1313276621,0.3212598937,0.1598257047,0.8186236889,0.0002874389,0.0004311584,0.3,0.228,4.74788719020036,4.74788719020036
"48379",0.2264384641,0.0001700391,9.3521509947,6365,0.2589123867,0.1363827109,12393.7,NA,0.1440179473,3.3946464693,3.5555681451,0.1857445578,0.102547578,0.108472506,0.2916257431,0.1439280433,0.2078981125,0.0004419304,0.0001767721,0.27,0.184,42.571306939123,48.2474811976728
"48381",0.1320793149,0.0005950521,8.1075854272,3413,0.156128888,0.0772351748,10531.75,7.9,0.141953064,3.3086409603,3.4799781894,0.2117929522,0.0974320494,0.1040781988,0.3182457657,0.1425847763,0.8910996065,0.0007547113,0.0004301854,0.297,0.265,22.8166680720411,22.3206535487359
"48383",0.234484867,0.0005390836,10.781671159,3521,0.2816065723,0.1404741001,12473.18,8.9,0.2357661062,3.9545971198,3.5367136439,0.1809976644,0.1262754376,0.1130708325,0.3274205604,0.1588944922,0.9287199287,0,0.0002771619,0.279,0.202,9.04240889773036,0
"48385",0.2248223987,0.0002916302,17.497812773,4886,0.2516411379,0.1416666667,11163.15,3.4,0.1949267687,3.8728089698,3.8027113655,0.1522946946,0.1219111919,0.1200365871,0.2983459274,0.1476528044,0.7766696887,0.0005901446,0.0008852169,0.2,0.215,77.7000777000777,77.7000777000777
"48387",0.1963176817,0.0001635457,13.901381961,5711,0.2258775151,0.1149379255,11875.87,5.3,0.2023624655,4.1239135462,3.8488974387,0.160872588,0.1256165959,0.120834436,0.2996356339,0.1632197865,0.3575427683,0.0002457606,0,0.4,0.372,38.2398732621343,49.1655513370299
"48389",0.2232567161,0.0003926445,5.2352594725,8746,0.2769763416,0.1166666667,11256.27,8.5,0.2551815385,3.9184310555,3.3597474837,0.1919820926,0.1268978206,0.1068618426,0.3354335334,0.1571960716,0.7205978379,6.70196e-05,0.0004021178,0.291,0.254,39.2182495587947,26.1454997058631
"48391",0.1826459561,0.0002768549,11.074197121,5967,0.215885947,0.1079096045,13084.18,7.7,0.2103931797,3.7715060952,3.5517986256,0.1654107625,0.1181666618,0.1111649168,0.3153426772,0.1405843068,0.3904916701,0.0002731867,0.0004097801,0.204,0.289,78.7875979051768,92.6912916531492
"48393",0.122236671,0,0,3163,0.1281070746,0.109375,11777.77,7.2,0.1195341263,2.9794148075,3.2432208417,0.2087481003,0.0894031709,0.0971381557,0.2907496253,0.1296148364,0.6932185145,0,0,0.214,0.192,0,36.2713093942691
"48395",0.1861559626,5.81294e-05,11.044585247,6613,0.2183612625,0.1148837209,12007.79,6.5,0.1799162217,3.6113213126,3.6670748849,0.1796965529,0.1108253946,0.1125667332,0.3342629219,0.1565233369,0.4834556612,0,0.0004178855,0.417,0.359,64.405324173465,62.45364768336
"48397",0.1342368012,0.0007852213,7.4389387114,4325,0.1584628076,0.0856706668,11542.58,8.1,0.1267212342,3.0304257265,3.2286218086,0.2085529764,0.0905436906,0.0969030447,0.3018541845,0.1338499401,0.840752135,0.0011279236,0.0006916512,0.309,0.273,22.9906356052885,14.7551840451852
"48399",0.2098658052,0.0006818625,18.507695305,5117,0.2473231525,0.1221590909,12273.06,7.1,0.1913771971,3.8050739506,3.6256420423,0.1712377274,0.1184849405,0.1155923824,0.3156263571,0.1520529071,0.4748119227,0.0002871363,0.0005742726,0.187,0.201,96.9367972082202,100.168023781828
"48401",0.2046415104,0.0002082032,12.870743664,6312,0.2487008976,0.1102906146,12349.66,6.6,0.1781304697,3.6326843736,3.6065408717,0.1710898168,0.110922326,0.112876321,0.2983634681,0.1650658494,0.3842865179,0.000208602,0.0003413487,0.409,0.3,31.2470705871325,16.2484767053089
"48403",0.2147418101,0.0001911863,11.471178664,4644,0.2407056146,0.1471309465,11147.27,6.2,0.1843394257,4.0528974412,3.9841311494,0.150592331,0.1269942535,0.1283228606,0.3092644053,0.1733484969,0.8470555658,9.70591e-05,0.000873532,0.272,0.297,38.2738493924026,38.2738493924026
"48405",0.1891713437,0.0002423361,7.270083606,5739,0.2190497435,0.1084624553,11107.15,6.1,0.2258167519,4.4651716047,4.204836717,0.1419496402,0.1427999547,0.13897884,0.3401357263,0.1973879313,0.4973491258,0.0001201923,0.0004807692,0.36,0.285,40.3144527313042,64.5031243700867
"48407",0.2306750691,0.0001061196,2.8298549699,6641,0.2675810474,0.1368088468,13476.24,7,0.1818448496,3.9202631344,3.9191012848,0.1701034193,0.1209219452,0.1223218647,0.3257356991,0.1695537026,0.7443147362,7.21839e-05,7.21839e-05,0.376,0.227,31.8787191839048,15.3490129403986
"48409",0.1887899387,0.0002677974,10.563118352,4167,0.2285846225,0.1064122946,12271.66,7.6,0.2133341848,3.8138805355,3.547292799,0.1815322448,0.1187167423,0.1103726841,0.319958336,0.1475714216,0.4812357262,0.0003695218,0.0004138645,0.407,0.328,26.2684436690573,12.8864063282168
"48411",0.289252105,0.0003356268,16.781339151,4907,0.3364779874,0.1768541157,11244.26,6.8,0.205725174,4.0143007114,3.7619405092,0.1707503024,0.1271680279,0.1209435865,0.3125308862,0.1648342692,0.4713749796,0.0001682369,0.0003364738,0.318,0.246,116.946037756864,100.239460934455
"48413",0.2558234573,0,19.993335555,3220,0.2844202899,0.1992840095,12819.48,8.7,0.1725699093,3.3508528177,3.2382719158,0.1874919701,0.1027020705,0.0993087635,0.3034316912,0.1271867638,0.771742271,0.0003272251,0,0.235,0.202,11.1706881143878,11.1706881143878
"48415",0.1843571097,0.0005278592,9.3841642229,4122,0.2188622408,0.1180787191,11258.68,7.4,0.183854486,3.6477586825,3.4588543175,0.1974792542,0.1118804037,0.1066783622,0.3079404358,0.1463883207,0.3496838248,0.0001730803,0.0004038539,0.281,0.23,46.8301820523327,54.6352123943882
"48417",0.2071698113,0.0003004808,24.038461538,3871,0.2233529727,0.1722891566,13173.08,7.1,0.1544796008,3.5593011284,3.6299082105,0.1843466847,0.109380087,0.1134717598,0.2982995233,0.1543172752,0.796625222,0.0006033183,0.0003016591,0.261,0.201,10.1050929668553,10.1050929668553
"48419",0.2459525288,0.0001959785,12.150668287,5265,0.3014051196,0.1310295176,11304.91,6.3,0.2164837831,4.2045672632,4.0330461054,0.1614622721,0.134937493,0.1309966429,0.3451906073,0.1912844728,0.3952373467,0.0005082294,0.0006646077,0.291,0.356,30.0614298784473,13.0701869036727
"48421",0.2960247009,0,19.563090968,3995,0.3185483871,0.2514092446,9911.54,8.2,0.1761581208,3.5156018272,3.4074451504,0.1915577397,0.1066843406,0.103769972,0.3086148049,0.1391901091,0.3760711931,0,0.0003259452,0.289,0.267,10.8530497069677,10.8530497069677
"48423",0.1978983487,0.0010187637,13.393229613,4844,0.2385967317,0.1070406016,12160.73,6.7,0.1791665306,3.6502779541,3.6337039513,0.1767330994,0.1140755557,0.1152455809,0.3336597089,0.1647457829,0.7150071049,0.0009765192,0.0011585068,0.334,0.234,19.027044748682,20.0515779274572
"48425",0.1972950363,0.0006783493,6.7834934992,2754,0.215485615,0.1533333333,11818.35,7.5,0.1704443342,3.7386556374,3.7165740425,0.1824235995,0.1150827772,0.1158517804,0.3102407181,0.1571031745,0.7090694935,0.0001139601,0.0007977208,0.288,0.237,75.086349301697,37.5431746508485
"48427",0.2888708514,0.0002016942,2.3272411332,6903,0.3960430009,0.1082584113,14109.84,5.4,0.4073235516,5.5058511378,4.3379111908,0.1381852446,0.1945957118,0.153074603,0.3539422134,0.2011324796,0.3127706338,0.0001559527,0.0004834534,0.322,0.261,25.8931854314581,4.1429096690333
"48429",0.2611418584,0.0003213023,7.4970547285,6845,0.3039035357,0.1574651944,13103.4,6.5,0.1933394395,3.9253952136,3.7647077641,0.1880079969,0.1236387586,0.1194138071,0.3197554662,0.1699616041,0.592211838,0.0002018978,0.0007066424,0.348,0.291,31.3851304226531,31.3851304226531
"48431",0.223155929,0,23.166023166,8076,0.2433566434,0.1810810811,12060.55,4.4,0.2217158236,4.1708729538,3.8571076419,0.1694438591,0.1320317752,0.1245988441,0.3257658091,0.1720281127,0.5538057743,0,0.0007315289,0.215,0.193,0,25.1698968034231
"48433",0.2231968811,0.0007204611,28.818443804,3067,0.2388888889,0.1907692308,14558.12,7.6,0.1782627787,3.8267616852,3.7408909717,0.1580239665,0.1183627713,0.1187885783,0.3023375269,0.1522883037,0.5308724832,0.0014025245,0.0035063114,0.202,0.212,0,23.9463601532567
"48435",0.2179278987,0.0007963897,15.927794001,5514,0.255417243,0.1310629515,10274.29,8.9,0.182211239,3.3989903676,3.2630621835,0.1874463064,0.1043246728,0.098437393,0.3036043354,0.1232855156,0.8294573643,0,0.0010338589,0.29,0.181,0,8.77654906090925
"48437",0.2246967228,0.0001330672,13.306719894,5391,0.2819672131,0.1149131767,11642.07,7.2,0.2285980643,4.1554176607,3.7688656248,0.1693628245,0.1316508534,0.1212565278,0.3224145295,0.1668975868,0.5374331551,0.0001339405,0.0004018216,0.196,0.191,35.6458583968275,35.6458583968275
"48439",0.1835715547,0.0005821439,6.8728020541,5733,0.2166290062,0.111415122,12265.7,7,0.1593396708,3.6156579122,3.4646945935,0.1780918658,0.1071877438,0.1067945878,0.3471893912,0.15327162,0.9331389018,0.0009995676,0.0006450583,0.308,0.232,24.755217356981,13.2222748875213
"48441",0.1662578095,0.0007117177,12.766894123,4596,0.2030795359,0.0839088695,12487.09,6.5,0.1887046807,3.8988243535,3.5679116897,0.186610783,0.1201516093,0.1160369677,0.3135147075,0.1842011225,0.864743814,0.0013915846,0.0010839711,0.31,0.25,40.9291900649264,21.9263518204963
"48443",0.2773972603,0,0,NA,0.293398533,0.2459016393,5998.06,5,0.2455306575,4.1661962967,3.7831464537,0.1456114839,0.1353586797,0.122661991,0.3122990091,0.1525615744,0,0,0.0012315271,0.203,0.241,40.8997955010225,0
"48445",0.2453102453,0.0003145891,9.4376720409,5911,0.3054764166,0.1368361899,12857.94,7,0.2392748215,4.1779948029,3.6576077434,0.1772301065,0.1340603744,0.1196743393,0.3264832194,0.1668908107,0.7491897874,0,0.0004687866,0.37,0.256,15.8725959630698,26.4543266051163
"48447",0.273465704,0.0006548788,19.646365422,6622,0.2938209332,0.2195845697,14729.85,4.7,0.1475374824,3.3982291146,3.5355521819,0.1786893121,0.1040679476,0.1088390965,0.2886035979,0.1372805993,0.5734308349,0.0006523157,0.0006523157,0.244,0.302,21.8579234972678,0
"48449",0.2520468891,0.000547046,9.117432531,6155,0.3094838325,0.142886471,12366.35,7.3,0.2298869175,4.1053836441,3.8487568181,0.1747616302,0.1300948564,0.1232404584,0.3299088639,0.1736392824,0.6298633018,0.0005829651,0.0006750123,0.337,0.294,19.2836626779933,17.2538034487308
"48451",0.1794098869,0.0006609105,10.930443403,5480,0.209129402,0.1128611626,11576.8,6.8,0.1819414957,3.6618543165,3.3957613165,0.1897926674,0.1139117455,0.1088788081,0.3317879711,0.153626745,0.7622387139,0.0012754887,0.0008109067,0.303,0.249,32.9954821570585,17.2027727485519
"48453",0.1456110878,0.00085025,9.2850889135,3953,0.1660308883,0.0900350887,10913.08,7.3,0.1395568864,3.1316792622,3.3319336311,0.2258923656,0.0964010908,0.1017578818,0.2864650667,0.1320207989,0.9215360072,0.0023805097,0.0007979502,0.229,0.154,27.8657350512849,12.3817475081393
"48455",0.2036606894,0.0001363605,14.999659099,4569,0.2387415958,0.1112951308,11525.49,7,0.1930939543,4.1073550744,4.0196700031,0.1555125222,0.1272537698,0.127681557,0.3137056254,0.1724532745,0.8354473774,6.92425e-05,0.0004154549,0.245,0.26,34.2083057766426,27.3666446213141
"48457",0.1709642761,0.0002321371,12.071126793,6608,0.2022907815,0.0926271582,12046.66,5.4,0.1625033482,3.5525604942,3.5417624774,0.1910345815,0.1087598852,0.1093173032,0.30257886,0.1588416708,0.5228337775,0.0002345216,0.0002814259,0.42,0.36,35.6285338083805,21.6869336224925
"48459",0.181812768,0.0002906906,8.2362345873,5472,0.2159472623,0.1038555393,12394.89,6.9,0.1476780109,3.5590951443,3.6952345882,0.1885420546,0.1066392108,0.1119605058,0.3154146684,0.1554461149,0.2625607367,0.0003905392,9.76348e-05,0.297,0.291,37.243947858473,18.6219739292365
"48461",0.2262095482,0.0005460005,8.19000819,5164,0.2563352827,0.1723214286,12299.55,7.6,0.2205250342,3.8953563695,3.5909998361,0.1785538726,0.1228578426,0.1143836498,0.3186208887,0.1581320825,0.6587183308,0,0.001089028,0.239,0.195,9.08512764604343,9.08512764604343
"48463",0.2247858211,0.0004422822,9.5827804806,4362,0.2802260647,0.1154752553,10579.85,7.1,0.2772614518,4.3999127097,3.8521807893,0.1606391338,0.1433445074,0.1256218309,0.3243791407,0.1613900244,0.5597046014,0.0004764523,0.0005131024,0.359,0.253,50.4534659069933,14.7668680703395
"48465",0.2290269706,0.0002845239,7.3163296413,3736,0.2932815563,0.1095852598,10115.87,7.3,0.2810170651,4.2373345208,3.6599346063,0.1741236906,0.1407740497,0.1201455161,0.3248947491,0.1593173719,0.8199431249,0.0003886991,0.0005114462,0.267,0.185,18.3306855676402,10.1837142042446
"48467",0.2126090332,0.0001812185,11.779203363,5432,0.243974359,0.1412505623,12320.98,7.3,0.1571349164,3.5153062256,3.6127627776,0.1836224297,0.1073883923,0.1130971402,0.3034598502,0.1536412608,0.4023659636,0.0002943611,0.0001839757,0.349,0.269,28.3891855323878,21.1408828432675
"48469",0.1865500072,0.0007818948,9.7736848964,6477,0.2173084183,0.1201446833,12573.8,7.4,0.2008539976,3.7402208826,3.5429378108,0.1851593668,0.1158129878,0.1103448714,0.3219031887,0.1486575896,0.8103764128,0.0012436869,0.0008435442,0.369,0.288,62.9099086721671,18.0775599632664
"48471",0.1929312233,0.0002768358,5.8135511108,6519,0.2198362299,0.1097767103,12095.85,5.4,0.1948126932,3.94883503,3.6508717259,0.2002354282,0.1231568839,0.1157354345,0.341498626,0.1741641812,0.7766611161,0.0004756309,0.0004056852,0.32,0.224,22.2007409497292,13.8754630935807
"48473",0.2405837353,0.0001169431,5.4573450017,5754,0.2871830497,0.1370566273,12286.38,6.3,0.1932603446,3.8127781931,3.4636736298,0.2045164928,0.120016451,0.1132998776,0.3453290447,0.1786898579,0.244092119,0.0003392198,3.99082e-05,0.348,0.308,16.8232523229029,14.8821078241064
"48475",0.2126938482,0.0002615063,9.5885634589,7638,0.2529393564,0.1364168618,10014.12,8.5,0.2153653526,3.7686702892,3.5092138439,0.1811288873,0.1184538513,0.1105409782,0.3144814108,0.1468763489,0.8553199475,0.0001724138,0.000862069,0.38,0.275,37.364911473902,34.4906875143711
"48477",0.1966071703,0.0005992638,15.12427589,3157,0.2262109795,0.1275038521,10283.24,7.3,0.1669250803,3.5514719469,3.5094934487,0.1757239337,0.1079359164,0.1101397632,0.3046900702,0.1444423875,0.6331039801,0.0004849384,0.0004564126,0.362,0.365,77.9415818339084,5.70304257321281
"48479",0.2856607657,0.000323879,3.4207442666,5162,0.3870086842,0.1126999463,12617,7.8,0.3591879527,5.0486673787,4.083128706,0.1583313294,0.173824975,0.139402343,0.3560171671,0.1810121684,0.8638136027,0.0002765558,0.0004203648,0.374,0.319,13.5053419102394,5.11012937144192
"48481",0.2165112643,0.0003812429,15.249714068,6304,0.2546065058,0.1364603653,12579.76,7.3,0.2173927685,4.0197105453,3.7500627452,0.1700592615,0.127106178,0.1200000433,0.3235724922,0.1644087209,0.7,0.0003354499,0.0005031748,0.37,0.24,43.8869472239511,14.3630009096567
"48483",0.2475086906,0.0003732736,22.396416573,7006,0.2794316644,0.1808585503,14458.53,7.4,0.1734149111,3.703628547,3.6560263402,0.1812985911,0.1125793226,0.113448724,0.3052470205,0.1501709019,0.6288354898,0.0003606203,0.0003606203,0.253,0.259,62.1310966138552,49.7048772910842
"48485",0.1758426411,0.000719697,10.075757576,4898,0.2118060377,0.0925272715,12351.23,6.1,0.2095082842,3.9885071933,4.149412648,0.1817429541,0.1226556235,0.1227701792,0.3724156073,0.1979843194,0.7014068441,0.0013198016,0.0008343573,0.358,0.302,30.5631191557507,22.2277230223641
"48487",0.2194955025,0.0004700721,12.535255406,6666,0.2553535354,0.1279069767,13975.51,6.5,0.1995413604,3.8707200251,3.7188339986,0.1757573203,0.1205688916,0.117061644,0.3135931029,0.1655294098,0.2806058367,0.0014737822,0.0003878374,0.359,0.308,15.5941366046367,25.9902276743944
"48489",0.2231640289,0.0003706449,5.0963676798,5558,0.2891873346,0.0888417807,12139.63,7.3,0.3776231857,5.2857188808,3.9586747797,0.1473930189,0.1852848048,0.1457876,0.3557022787,0.2042268906,0.3351405078,0.0002292526,0.0005502063,0.376,0.262,53.921644147961,46.2185521268237
"48491",0.1140454058,0.0006867015,6.2460619675,4189,0.1360140818,0.0686029936,11049.87,7.7,0.1290913143,2.9833808937,3.091786567,0.2214699315,0.0896643331,0.0929479179,0.3181492066,0.1277067042,0.8942696467,0.0009040736,0.0005484966,0.312,0.192,24.1633809743503,13.9380711413759
"48493",0.1658602345,0.0004867759,6.0846990102,3592,0.1895533532,0.1134295576,10940.23,8.8,0.1648051585,3.4519167368,3.3753818595,0.1931998701,0.103394598,0.1016254279,0.3046839004,0.1338470755,0.3180017708,0.0002062706,0.0004950495,0.349,0.32,25.674287876331,13.5127830928058
"48495",0.216937711,0.0002640613,10.562450489,8120,0.2658610272,0.124621376,13209.58,8.7,0.2204160041,3.8623313322,3.5134961525,0.1860520814,0.1215386123,0.1119536805,0.3190407726,0.1557608077,0.9756680731,0,0.0002533891,0.376,0.215,4.31276146116358,4.31276146116358
"48497",0.2269705432,0.0004079721,10.728154606,5664,0.2527301092,0.1681549345,13710.91,7.8,0.1551438257,3.4427566403,3.5451639493,0.1999355613,0.1048889902,0.1091335987,0.3078786153,0.1483520999,0.388265936,0.000155147,0.000465441,0.449,0.279,41.2182506371236,20.1064637254261
"48499",0.2052191865,0.0004738909,13.991063772,4489,0.2337783297,0.1340518693,11714.34,7.2,0.157450851,3.6735387188,3.6166163635,0.1758439105,0.1104892378,0.1117069828,0.2929444342,0.1490060996,0.4360880755,0.0003165487,0.0004974337,0.33,0.307,51.6196603575971,21.6952195705843
"48501",0.2419461753,0.0003501401,8.1699346405,4852,0.2882539683,0.167394958,11483.8,8.7,0.2120087931,3.7884233994,3.4822020023,0.1862053437,0.1176559936,0.1085838052,0.314714074,0.1423587501,0.670135804,0.0002356268,0.0007068803,0.296,0.212,38.9909151167778,31.1927320934222
"48503",0.2306989172,0.0006674454,12.236498137,5769,0.2626760563,0.1597777778,13808.13,6.6,0.1646043007,3.6037111383,3.7313845455,0.183950161,0.1117325554,0.1154370242,0.2926035004,0.1517660658,0.6978436658,0.0004958131,0.0004407228,0.355,0.35,44.3000590667454,25.8417011222682
"48505",0.2921439597,6.98227e-05,2.094679514,5154,0.3946687371,0.1232905097,13292.07,6.2,0.3543779378,5.0035010879,4.0934338017,0.1457289455,0.169556123,0.1377267428,0.3465464828,0.179719046,0.4532743615,0,0.0002090738,0.301,0.182,30.3306035790112,27.9974802267796
"48507",0.1924863247,0.000167392,3.3478406428,5987,0.2556046732,0.0779403489,11248.27,6.2,0.3957589428,5.3487075703,4.2342247339,0.1386451094,0.1876916247,0.1488196719,0.3491639719,0.1969050621,0.5850817847,0.0002495217,0.0006653913,0.285,0.245,27.8133170161873,27.8133170161873
"49001",0.1249768561,0.0007829627,0,5648,0.1430678466,0.0951927653,10246.35,7.9,0.1206180178,3.3472854723,3.480011907,0.1253553095,0.0991533309,0.1069882128,0.2839187648,0.0928027838,0.7714587419,0.0007736345,0.0010830883,0.269,0.191,46.3225075917443,46.3225075917443
"49003",0.0878012209,0.0002958635,2.5888052664,2644,0.0996231748,0.0688375232,9192.16,7.8,0.1261934338,3.3945682932,3.7283272102,0.1092461852,0.1025244073,0.1114403914,0.2939352375,0.0876008341,0.7926563282,0.004027174,0.0002446414,0.342,0.183,24.6657786986335,22.1992008287702
"49005",0.1011581731,0.0004580594,3.214452177,1951,0.1187471108,0.0709770263,10157.48,7.1,0.1040339865,3.397453634,3.6473027429,0.1164449139,0.1006768956,0.1107352509,0.2791659251,0.0802591969,0.8585960801,0.0013848949,0.0004724935,0.245,0.139,24.8491018252066,14.9629000237803
"49007",0.1031225078,0.0005420054,6.4055186006,2856,0.1219886312,0.0663507109,9224.05,7,0.1516592534,3.5971016936,3.5076493536,0.1342204668,0.1078933609,0.1125617944,0.2904068871,0.1135101347,0.7827407373,0.0016667484,0.0007843522,0.303,0.225,18.0437314436626,22.964749110116
"49009",0.0875160875,0,0,2356,0.0905730129,0.0756972112,8518.14,7,0.0886806428,2.6993715508,2.9840249578,0.135201203,0.0787456998,0.0884876792,0.2678546342,0.0768742403,0.9933899906,0,0.000913242,0.283,0.2,0,32.2164948453608
"49011",0.0695840914,0.000474633,2.2149541044,2052,0.0831018981,0.0480540682,9578.32,8.1,0.1051653004,3.2888125877,3.2771758659,0.1014001188,0.0936688664,0.0965978346,0.2938911791,0.0682175169,0.9174625341,0.001764632,0.0004265501,0.267,0.16,27.1689302641722,19.1046541433579
"49013",0.155422519,0.0004494158,1.9974033756,3280,0.1797330325,0.1196982636,7829.25,7.3,0.1406543498,3.5491361684,3.5867737807,0.1212856621,0.1032820181,0.1094528019,0.3117283873,0.1033103026,0.5343150427,0.0013768009,0.0008359148,0.316,0.224,29.8373862449649,41.440814229118
"49015",0.0907671989,9.92359e-05,0,3286,0.1004951403,0.0743198407,9209.28,7.9,0.1356882076,3.4723268347,3.7990140506,0.1291308096,0.1052426886,0.1142012838,0.3161969918,0.0994927236,0.4433309038,0.000880971,0.0003915427,0.315,0.192,19.7974065397433,36.2952453228627
"49017",0.1629530201,0.0005907838,0,5076,0.1754385965,0.1339055794,9647.21,5.5,0.1430789702,3.8138207717,3.729769735,0.1081025869,0.114662229,0.1166347287,0.3020357953,0.1011078781,0.3911446249,0.0010028079,0.0008022463,0.207,0.25,72.6360274696249,79.2393026941363
"49019",0.1319453315,0.0013438081,4.134794294,1706,0.150060859,0.0846681922,7927.4,7.1,0.1417996399,3.6891030059,3.8461323558,0.1303666161,0.113905644,0.1189615618,0.3001004076,0.1178568588,0.9508943089,0.0021922956,0.0006263702,0.269,0.155,65.4788572216287,37.9088120756798
"49021",0.1370612264,0.0003725417,3.7254171487,3269,0.1689219433,0.0761549727,8239.68,6.3,0.1435770453,3.8581050613,3.9626564857,0.1122448655,0.1174561305,0.1240731643,0.2925201443,0.1148327438,0.7323830774,0.0029236838,0.0004605803,0.263,0.167,39.6843468021573,22.1191441192352
"49023",0.1064047473,0.0006222222,0,8897,0.1223323811,0.0831466268,11362.88,6.9,0.1273787989,3.6589203185,3.624362312,0.1244254046,0.1058207985,0.1123972779,0.2911929948,0.1088694075,0.6948077298,0.0055404178,0.0002724796,0.282,0.185,5.91453496968801,53.2308147271921
"49025",0.0962057184,0.0005286111,0,2771,0.1061437908,0.0759911894,8500.47,7.1,0.1214025273,3.3906795002,3.7050857161,0.1174261081,0.1004048228,0.1104381175,0.272915903,0.0942698754,0.5762807018,0.0017725661,0.0008181074,0.278,0.189,53.0738611233967,53.0738611233967
"49027",0.1491759803,0.0005441965,0,2698,0.1626823034,0.1280175567,9028.5,7.2,0.1323010275,3.6421871518,3.4734498201,0.1147572033,0.1074363183,0.1077057556,0.2786634526,0.0963097125,0.6089738463,0.0009453285,0.0001575548,0.363,0.203,49.2700256722765,12.9657962295465
"49029",0.0717374953,0.0010949212,0,836,0.080533752,0.0601841455,9553.12,8.9,0.0965155118,2.9188766548,3.242292397,0.1421346487,0.0859649828,0.0977827555,0.2684743045,0.084660437,0.8858379977,0.0002623065,0.0002623065,0.221,0.174,56.5690849950502,48.0837222457927
"49031",0.1237006237,0,0,4286,0.1358936484,0.0933333333,8105.33,3.9,0.1356774372,3.5628476436,3.6892689853,0.1003926805,0.1079299799,0.1153974723,0.2919150259,0.0939624264,0.1053984576,0.0040927694,0,0.212,0.236,23.089355806973,0
"49033",0.1177377892,0,0,884,0.1214511041,0.110181311,8160.83,4.8,0.1330910604,3.6254780469,3.7928257449,0.1175013414,0.1082719102,0.1156453363,0.2845828228,0.1012479767,0.269434629,0.0004312204,0.0008624407,0.246,0.31,0,13.9392249790912
"49035",0.1095929538,0.0007652012,4.4467965014,2288,0.1254526073,0.0769173786,9772,8.2,0.121124641,3.29783965,3.6016100009,0.1609568693,0.0944693074,0.1068581753,0.2954212964,0.0933169011,0.9126328722,0.0040977247,0.0010469486,0.262,0.165,30.2378318389412,21.5272246069668
"49037",0.1697552584,0.0007163324,1.9536337588,3899,0.2111070692,0.0992080033,9190.81,4,0.2091016578,5.0688525463,4.8688908788,0.1135230093,0.1580672366,0.1602717674,0.3397280781,0.15058063,0.3737962837,0.001065404,0.0009470257,0.385,0.23,50.314465408805,25.1572327044025
"49039",0.1268081421,0.0005660063,0,2665,0.1501822134,0.081875,8947.52,7.6,0.148320796,4.0377497852,3.5823638376,0.1121881953,0.1202723983,0.1146788008,0.2902108905,0.1129748288,0.6538350945,0.0079907511,0.0005100479,0.287,0.195,24.4262604505535,19.9851221868165
"49041",0.1266529868,0.0004691312,1.4073935072,2662,0.1412493457,0.1006259781,9095.15,7.9,0.1335440668,3.5582391771,3.670838139,0.1105691442,0.1094427856,0.1143113601,0.2950947585,0.0983421643,0.662244015,0.0020219119,0.0004702121,0.299,0.22,17.1547986650448,31.1905430273541
"49043",0.0963674572,0.0012650221,7.7847516178,1940,0.0974239413,0.0962654097,8917.21,8.3,0.0944109243,2.8844829508,3.0354689073,0.1698003862,0.0865745609,0.0944310237,0.2454960514,0.0827442557,0.9484638256,0.0015630039,0.0005954301,0.145,0.122,26.7540090477194,15.4038233911112
"49045",0.0836321365,0.0001927182,2.2236717268,3764,0.1001720463,0.0572242361,10214.53,7.8,0.1413510711,3.7304372765,3.9324772501,0.1401360468,0.1049927498,0.1097895923,0.3427648772,0.1218568261,0.8918891065,0.0010334243,0.0004935758,0.374,0.252,28.1904686541771,21.7610635225227
"49047",0.1567494704,0.0003698435,3.413940256,3890,0.1815031847,0.1174418605,8576.26,7.4,0.1423741096,3.9674400761,3.8686070893,0.1382165534,0.1125993178,0.1134543856,0.3112566177,0.119779101,0.6197986989,0.0010997168,0.0004948726,0.359,0.213,42.0714092052243,28.9825263413768
"49049",0.0810477557,0.0004237952,1.764439131,2121,0.0990114451,0.0532194604,9922.01,7.7,0.1192277947,3.1906483992,3.5929432006,0.0982292307,0.0917476645,0.1063615093,0.2933796222,0.0673543283,0.8039836303,0.0022910726,0.0006618279,0.258,0.148,23.1199651607936,14.3332800640549
"49051",0.119475235,0.000529496,1.5573413069,2575,0.1329093102,0.0982167865,8805.73,8.5,0.1124915583,3.2026342904,3.1784180815,0.1533486035,0.0912282633,0.0993006929,0.2819255035,0.0925025238,0.6866553336,0.0009171908,0.0002292977,0.249,0.149,21.9037486701295,18.7746417172539
"49053",0.139445156,0.0005794932,2.8974659246,2692,0.159344707,0.1013454521,8705.39,7.3,0.1145968132,3.3893446522,3.6935037221,0.1076516942,0.1021945172,0.1142205183,0.3017877447,0.0773645741,0.8065235492,0.0025211395,0.00084246,0.24,0.174,33.5606211327413,25.9240726115187
"49055",0.1523988711,0.0003677823,0,536,0.1618055556,0.1336088154,8777.49,6.6,0.1172857341,3.4424507535,3.6137461624,0.1161981289,0.1032264166,0.1107566297,0.2534104157,0.0971059113,0.4384449244,0.0044411547,0.0007401925,0.224,0.147,12.3289360128221,12.3289360128221
"49057",0.100888198,0.0004369084,3.4158295898,1932,0.117837425,0.0682008143,9793.98,7.9,0.1368349821,3.7869391124,3.9313511262,0.1478063574,0.1121297093,0.1138658424,0.3145432839,0.1009429521,0.8574183951,0.001959121,0.0007917273,0.317,0.187,37.1846582187358,28.3185653338415
"50001",0.062158495,0.0011420492,9.5170763541,2760,0.0761805126,0.0157657658,7971.91,8.7,0.1141373279,3.3905573085,3.8087645999,0.2067000846,0.0978504346,0.1115773735,0.2862023519,0.1328693345,0.7245593547,0.0025704159,0.0006493682,0.256,0.196,65.0359504281533,10.8393250713589
"50003",0.0595197962,0.0010675957,14.328257572,4522,0.0733432985,0.0180808656,9144.06,8.1,0.1157924627,3.5823179714,3.9969033304,0.2026616635,0.1054057903,0.1200830444,0.3037891802,0.1747767935,1,0.0042828327,0.0009394601,0.299,0.198,91.2340805838981,18.6192001191629
"50005",0.0582595552,0.0008619546,12.929319719,3469,0.0731721326,0.0136423406,8157.42,8.3,0.1327015855,3.875801973,4.0420399864,0.192261006,0.1139019199,0.1203067232,0.2915024359,0.1784990574,0.6176706056,0.0032308047,0.0009230871,0.299,0.233,62.7760217623542,37.4453463143867
"50007",0.0510313544,0.0018044983,12.009459759,2199,0.0620123809,0.0128938886,7985.55,8.3,0.1006103244,3.2935010753,3.5340186043,0.2261787094,0.0936552246,0.1064062154,0.2683728427,0.1182818139,0.8789868728,0.0056150213,0.0013186323,0.224,0.136,31.3219714417319,12.8972823583602
"50009",0.0659340659,0.0001605136,6.4205457464,3320,0.0807540799,0.0173460538,7813.66,7.1,0.1626561553,4.1423184321,4.3386496344,0.1651901037,0.1187193179,0.1277406414,0.3270199176,0.1656213126,0.5356803045,0.0004857513,0.0006476684,0.302,0.276,53.6020583190395,64.3224699828474
"50011",0.0466499305,0.0005507394,9.1789903111,4511,0.0587535523,0.0131462855,8855.98,8.7,0.1196989813,3.3496927276,3.9162848803,0.1920826056,0.098765758,0.1157773777,0.3479236505,0.1699417417,0.4940728019,0.0019421445,0.0009812941,0.349,0.261,48.1809976859549,18.3223512326871
"50013",0.0582943505,0.0005715919,8.5738782509,2194,0.0698486612,0.0186428039,7756.46,8.9,0.1074202829,3.1492887802,3.6224087091,0.2105470973,0.0926322574,0.1113320126,0.3079201469,0.1482188261,0.5406025825,0.0001445296,0.0002890591,0.301,0.217,47.6031798924168,47.6031798924168
"50015",0.0670371996,0.0009472313,8.682953783,3048,0.0828729282,0.0205707932,7591.96,8.3,0.1064037392,3.2394440784,4.0332284251,0.206557212,0.0978067008,0.1198622866,0.2690029454,0.1597146667,0.6818386108,0.0037500493,0.0006710615,0.236,0.185,30.2751085954982,19.7446360405423
"50017",0.0575616256,0.0007593014,11.044384621,4544,0.0699738903,0.017442906,8773.83,8.4,0.1163603086,3.3276813145,4.1977580424,0.1972163729,0.0974879406,0.1198503073,0.3261193992,0.1451762288,0.5268523638,0.0030429821,0.0009682216,0.288,0.18,46.0341573447498,19.5645168715187
"50019",0.0640031413,0.0007823852,9.6866733728,4333,0.0800026209,0.0166790215,7498.86,7.7,0.1432306767,3.8072783637,4.3376998211,0.1919647827,0.1109674597,0.1284185091,0.3313588387,0.1883997304,0.4758180015,0.0021591036,0.0005211629,0.321,0.247,73.1910037091712,17.3673568123457
"50021",0.0554781906,0.0007277405,13.031631323,3945,0.0683286086,0.0133797654,9622.82,8.1,0.1191844931,3.5367570418,4.2250837996,0.2060346326,0.100383163,0.1246638792,0.3100889957,0.1762687687,0.8306836248,0.0027819929,0.0009441915,0.331,0.22,64.3816817172967,22.590063760455
"50023",0.0485933504,0.0010636473,20.586721565,3382,0.0599489055,0.0132754881,8662.9,8.2,0.1049512802,3.1537116096,3.8990118934,0.2161261234,0.092323918,0.1139406039,0.2711921562,0.1450577548,0.7646722881,0.004734719,0.0010255709,0.222,0.159,42.8733122206089,16.5776807253021
"50025",0.0564570864,0.0010497096,14.229396534,3379,0.0685408086,0.0162010461,8898.34,8,0.1138717524,3.4832658702,4.1106458385,0.2237655953,0.102063067,0.1212933081,0.2686212689,0.1433726153,0.6918877631,0.006142079,0.0009502839,0.253,0.17,79.2109963500815,31.0631358235614
"50027",0.0602818372,0.0010163339,14.337568058,3690,0.0737692236,0.0164829899,9215.51,8.4,0.1079009059,3.4013358382,4.1909759876,0.2099842949,0.0968537573,0.1221804043,0.2956243917,0.1414122533,0.8092641609,0.0044687905,0.0011712556,0.278,0.172,67.5178741515053,21.7021738344124
"51001",0.1664911286,0.000491627,10.754340144,4264,0.1938691424,0.0915761667,9565.21,7.9,0.2000999044,3.8543294683,3.831381394,0.1514161022,0.1234221545,0.1255271458,0.3675018527,0.1648872724,0.368984441,0.0007891462,0.0005159802,0.374,0.328,60.2631148880536,14.2997221768263
"51003",0.0995525998,0.0014948655,10.213366511,3717,0.1156171367,0.056650464,8468.36,8.7,0.1294521107,3.0858168814,3.3442488269,0.190910084,0.0911464027,0.1026417464,0.3062845027,0.1236807172,0.7672122866,0.0010479238,0.0005520313,0.23,0.149,78.2559743642089,12.6817982171248
"51005",0.0985841175,0.0004629017,16.532204735,7221,0.1155234657,0.048550236,10917.69,8,0.1641294976,3.7480333826,3.7810175954,0.1522977373,0.113711108,0.1204687377,0.3394724878,0.164789374,1,0.0002564925,0.0004488618,0.334,0.314,94.242444166831,92.0507594187652
"51007",0.136003815,7.68049e-05,9.9846390169,4610,0.1550556053,0.0820549411,11297.95,8.1,0.1519328629,3.3212222258,3.5427770417,0.1710603307,0.1003877748,0.1087082123,0.3490847698,0.1592571636,0.0850275808,0.000464648,0.000232324,0.441,0.285,53.9208134339855,15.4059466954244
"51009",0.1234751685,0.0002215611,13.610179148,5247,0.1453129346,0.0628597395,9596.52,8,0.1580049102,3.5794657584,3.6635009344,0.160363974,0.1091735922,0.1163611989,0.3632582501,0.1676048436,0.4026519952,0.0001580628,0.0003793507,0.288,0.274,74.8211143076939,15.8072776706396
"51011",0.1180779137,0.0001275429,16.580575218,4541,0.1369308231,0.0678355849,9425.03,8.5,0.1642939575,3.6586923371,3.8307802357,0.1576931525,0.1123034582,0.120084545,0.3461781667,0.169817774,0.5473185066,0.0001292407,0.0002584814,0.407,0.302,42.5559078239037,57.4504755622699
"51013",0.0765682084,0.0008001192,14.044644947,2717,0.0856490748,0.0422136896,8503.32,9.3,0.1222278194,2.725015647,3.1330682649,0.2610609086,0.0819665411,0.0958259577,0.3434890716,0.1233854163,0.9998940408,0.0013996957,0.0005694414,0.186,0.122,26.6178530352893,7.82878030449685
"51015",0.111581822,0.0004923879,13.573938039,4305,0.1313791895,0.0552797087,9546.62,8.9,0.1346691934,3.308914632,3.3327475179,0.176721677,0.0977281577,0.1042790121,0.3335385312,0.1608787506,0.5581830508,0.0005733563,0.0007600304,0.348,0.256,50.0890965345437,18.6171863225738
"51017",0.1082823074,0.0002327205,13.963230161,7214,0.121594144,0.058908046,12691.74,8.3,0.1593505446,3.7008344214,3.7687655606,0.1533828863,0.1125969774,0.1205865733,0.3360159502,0.1649995438,1,0.0002234138,0.0006702413,0.255,0.249,107.156525066973,107.156525066973
"51019",0.0995463383,0.0007053633,12.440044117,NA,0.1162609879,0.051595092,9569.33,9,0.1308830804,3.2575601212,3.3520632384,0.1756569346,0.0955834753,0.103681627,0.3230463351,0.1508783745,0.5320168763,0.0003591585,0.0002180605,0.346,0.209,76.6998606619198,19.6010755024906
"51021",0.0888473229,0,7.874015748,4259,0.1009454102,0.0505243089,11299.39,8.4,0.1248857012,3.199845565,3.38399442,0.1906622034,0.0934977467,0.1029790526,0.3455070908,0.1453109774,0.9992672919,0.0003070782,0.0013818517,0.275,0.271,78.3044476926289,52.2029651284193
"51023",0.0836702955,0.0005121716,18.679199807,3423,0.0959290402,0.0474745943,9426.39,8.7,0.1142446323,3.0705482936,3.3192325973,0.1824759641,0.0906831616,0.1020795038,0.3228787848,0.138704268,0.8413177266,0.000391201,0.0004513858,0.29,0.18,86.258776328987,18.0541624874624
"51025",0.1257397797,0.0003693672,7.387343019,6000,0.1492753623,0.056097561,8894.77,6.9,0.2131257842,3.9867488061,3.8512909645,0.1375602655,0.1240983744,0.12504938,0.4003839705,0.1929306973,0.1655386027,0.0002462599,0.0001846949,0.444,0.384,45.0164719363222,10.2310163491641
"51027",0.1245984252,0.0002788882,7.9018313656,10329,0.1437111237,0.0580924075,11346.04,NA,0.196239851,4.2165939528,4.0257631558,0.1531907578,0.1291558201,0.1308718019,0.3548534161,0.1978118125,0.287492738,0.0002705384,0.0007214357,0.363,0.397,36.9725632770015,23.107852048126
"51029",0.1339545221,0.0002343979,12.305889247,4426,0.1577319588,0.0660708586,8655.55,7.5,0.1837537927,3.8289104688,3.7044287226,0.159414903,0.118073734,0.1176758645,0.3605930673,0.1975229962,0.3654496676,0.0002932895,0.0002346316,0.424,0.354,68.4770699640006,70.4335576772578
"51031",0.1144779614,0.0001636066,14.179240138,4641,0.1339989805,0.0554225415,10305.86,8.3,0.1617897299,3.5440613623,3.8263009875,0.1670316622,0.1076875395,0.1173144398,0.3610897552,0.1645008131,0.4308923818,9.09885e-05,0.0001091862,0.384,0.313,73.9685330584776,16.9763846363719
"51033",0.1137741267,0.0001641443,11.490102098,5781,0.1364415685,0.0571623465,9290.95,8.5,0.1567924334,3.5079381874,3.5858412071,0.1650189202,0.1066297326,0.1135389364,0.3718229735,0.1710838129,0.4114555964,0.0002650938,0.0001325469,0.43,0.31,41.5704893284178,19.6912844187242
"51035",0.1255939956,0.000976168,11.444728693,4375,0.147103392,0.0594007359,10408.77,8.7,0.1655472592,3.8012285924,3.9129409413,0.1566043589,0.114329539,0.1234224918,0.3364264478,0.1728010716,0.4483722788,0.0003047645,0.0007788426,0.34,0.258,105.766526019691,21.3783403656821
"51036",0.1641428304,0.0002855511,17.133066819,3895,0.1798225128,0.1034180543,8382.7,8,0.1889444908,3.8177979881,3.793652289,0.1419927542,0.1160070315,0.1187899946,0.3956548418,0.1755802987,0.3234564498,0.0002828454,0.0002828454,0.387,0.345,47.5827940616673,57.0993528740008
"51037",0.1475903614,0.0005776054,14.85271062,4673,0.1743725231,0.0759301443,10146.83,6.4,0.2056202179,4.1441609435,4.1029185068,0.1418697039,0.132335482,0.1351688152,0.3803401003,0.1951953817,0.2162720483,8.2447e-05,0.0003297881,0.36,0.254,55.2699939203007,66.3239927043608
"51041",0.0897533567,0.0008760212,8.5273822101,3931,0.1086064986,0.0434048738,9981.42,8.5,0.1429904882,3.2766955572,3.4407528927,0.1716819164,0.0966663373,0.1003076278,0.3795368016,0.1293248586,0.7460282827,0.0013332979,0.0004867127,0.333,0.228,35.5908468488039,15.5164454926665
"51043",0.1133339132,0.0004824924,16.542597188,6287,0.1269472216,0.0752197981,9546.02,9.2,0.1407941688,3.3164454803,3.6051477664,0.1704097484,0.0987343593,0.1094189265,0.3217272554,0.1542036405,0.7528858487,0.0005565605,0.0004869904,0.273,0.205,69.1164612371847,27.6465844948739
"51045",0.1049667179,0.0001975504,0,5248,0.1214142762,0.0518672199,10470.59,8.7,0.154031039,3.66216768,3.8089818625,0.1599472122,0.1115191139,0.1214393355,0.3305162302,0.173428067,0.9581888247,0,0.0003877472,0.274,0.331,65.4278984559016,65.4278984559016
"51047",0.13283327,0.0003900004,9.165009165,4630,0.1623621246,0.067063522,9446.86,9,0.1554558947,3.238647986,3.5335916456,0.1733861274,0.0982906044,0.1081938691,0.33272458,0.1719807126,0.6682087858,0.0013377793,0.0005990057,0.334,0.306,55.474338223777,18.9265389234063
"51049",0.1233561284,0.0003057792,6.115584548,5643,0.1462478185,0.0558912387,10169.4,5.6,0.1995953622,4.0684842924,3.9500417737,0.1451173685,0.1251780731,0.1283117937,0.3638476725,0.1926134718,0.3964385197,0.0002072109,0,0.432,0.304,20.4974036622028,30.7461054933042
"51051",0.1154744788,0.0002705994,2.7059937762,5623,0.1379602713,0.0528576148,12077.08,NA,0.1848144514,4.1028601872,4.0225701828,0.1556053762,0.12685973,0.1319929413,0.3320442,0.1968864221,0.6053574797,0.0004008552,0.0007349011,0.355,0.309,36.1394077654552,36.1394077654552
"51053",0.1180977543,0.0001418037,7.799205899,6840,0.1381617219,0.0576329331,10746.51,7.6,0.1712008193,3.67773266,3.6475354496,0.1628635352,0.1126132943,0.1163893297,0.382138393,0.1721580893,0.3119174315,0.0001065947,3.55316e-05,0.463,0.292,55.3716379401751,12.9593195179133
"51057",0.1260573308,0.0001813565,12.694958288,3243,0.1479639416,0.0604545455,9686.06,7.2,0.1658055189,3.5869574294,3.6630884844,0.1448345452,0.1111022534,0.1174157554,0.3554856045,0.1700374746,0.2457178728,0.0001798076,0.000449519,0.354,0.322,66.5255518596916,60.4777744179014
"51059",0.0902318214,0.0010623171,8.6901020782,3008,0.1077454354,0.0470297205,8376.15,9.6,0.1087604598,2.9581492639,3.0892904503,0.1716204501,0.0824145232,0.0924014875,0.3227067146,0.1040506111,0.9944181798,0.0015597391,0.0007280539,0.211,0.15,27.0515550280987,9.04627270294484
"51061",0.0987779168,0.0005182466,13.388037141,4405,0.1134846145,0.0629195121,9632.79,9.5,0.1261961055,3.0745237408,3.3713460121,0.1864746604,0.0903344096,0.1005464851,0.3085293878,0.1375670617,0.6841709737,0.0006949572,0.0005212179,0.344,0.23,56.4029272163243,15.7736999842263
"51063",0.133726647,0.0003173596,13.329101872,3563,0.1536855982,0.0769465649,9166.64,8.2,0.1513656573,3.4062821429,3.821440662,0.1795328051,0.1029322478,0.115555044,0.332985966,0.1688647891,0.4001570783,0.00050855,0.0004449812,0.287,0.212,74.0255070747235,12.6900869270955
"51065",0.1051845955,0.0002646303,7.1828217148,3510,0.1242483616,0.0542287664,8369.73,9,0.1254516562,3.0814280024,3.389223171,0.169507476,0.0915900444,0.103549087,0.3516295578,0.1395365214,0.5906737768,0.0003806479,0.0001903239,0.375,0.264,50.3106683772294,12.5776670943073
"51067",0.1272735874,0.0003543272,10.098325804,3535,0.1492947948,0.0636347455,8508.27,8.2,0.1650599991,3.6388797073,3.8124610253,0.1617441365,0.1089940893,0.1173524313,0.3330965168,0.1689084233,0.4125785716,0.0003567033,0.0002853627,0.398,0.335,61.0518703803591,15.4111517464984
"51069",0.1048273531,0.0004278248,8.5564959993,5786,0.1271756561,0.0501171632,9038.46,9.3,0.1222543328,3.2531148035,3.4248236642,0.1856730182,0.0953095493,0.1027877674,0.3271283423,0.1360390094,0.8259498116,0.000390898,0.0001066085,0.333,0.219,38.5713183676618,18.8999460001543
"51071",0.1110688764,0.000415751,11.878600701,3373,0.1336011537,0.0496979681,9938.97,8.9,0.1363917659,3.4100463808,3.6728999206,0.1775362747,0.10045499,0.1109825488,0.3398922349,0.1537233792,0.841837325,0.0001186451,0.0002966127,0.305,0.294,104.871581780047,21.7657999920852
"51073",0.0969986807,0.0005899389,7.7764668025,3752,0.1123104488,0.0522501907,9617.63,8.9,0.1240923787,3.0282767449,3.2980847811,0.1814842474,0.0900600103,0.1015097738,0.322846374,0.1488114302,0.6752129795,0.0012898372,0.0005105605,0.294,0.208,48.2767869116267,20.5623351660632
"51075",0.0720794873,0.0009257218,16.751157152,3465,0.0781237985,0.0544473128,9040.25,9.1,0.118127851,2.9637385189,3.2238733811,0.1733666274,0.0880294418,0.0981680071,0.3175354171,0.1317014997,0.7134502924,0.0007058408,0.0002205753,0.295,0.21,37.9025321807076,17.4934763910958
"51077",0.1371130244,0.0002553463,7.0220236195,3887,0.1556592486,0.0781364637,10089.21,7.7,0.184349868,4.0915548869,4.091988379,0.1429366783,0.1257567308,0.1312467974,0.3550514415,0.184331549,0.7849739265,6.61945e-05,0.0002647779,0.334,0.294,62.4959593129755,23.7053638773355
"51079",0.1342092338,0.000254946,3.5692433204,5643,0.1611623696,0.0696305319,9264.32,9.3,0.1450820733,3.4375364331,3.6266502195,0.173925637,0.1045534199,0.1138451813,0.3325653618,0.1732680423,0.3858610009,0.0003613649,0.0001032471,0.305,0.211,61.2640822300126,17.0178006194479
"51081",0.1025601717,0.0004281188,3.4249507663,6631,0.1248110559,0.0495495495,9499.03,7.2,0.2298352921,4.2905715577,3.7505965653,0.1514300074,0.134086511,0.1221682742,0.4208619574,0.2119251261,0.1640120885,0.0004271314,0.0001708526,0.417,0.268,42.842454015766,57.1232720210214
"51083",0.1128650661,0.0004050574,14.755663571,4413,0.13286047,0.0595727198,8832.78,6.7,0.2115124136,4.2487276693,3.7562462163,0.1409679166,0.1287216125,0.1252237369,0.3473490816,0.1914124406,0.4526641097,0.0008001829,0.0010288066,0.41,0.308,101.278032312515,14.4682903303593
"51085",0.0777545813,0.0006702982,12.367474486,4325,0.0908467111,0.0455439978,10195.8,9.2,0.1128001072,2.7428948916,3.126932431,0.2044809724,0.0831844025,0.09603771,0.308154071,0.1471877582,0.8202437339,0.0013027818,0.0007759215,0.297,0.188,52.5894808442029,14.1708181915517
"51087",0.0989308197,0.0010521565,12.686872137,3632,0.1152451389,0.0563465499,9912.01,8.1,0.1277913616,3.0678663555,3.5748310162,0.1718986594,0.0948745945,0.1064145534,0.3285928134,0.1626402752,0.9634026748,0.002398155,0.0007473178,0.329,0.23,49.8139601081675,11.9960148831913
"51089",0.1283867954,0.0006051496,14.250297695,5683,0.1543412811,0.0520219867,9476.98,7.4,0.2071616046,4.2546570857,4.1681105302,0.1367953738,0.129383546,0.1319355279,0.377703488,0.1884230105,0.4027811121,3.88765e-05,0.0001555059,0.373,0.299,68.3482506102522,19.5280716029292
"51091",0.1778975741,0.0004520796,0,3563,0.1895973154,0.1237785016,8794.47,6.4,0.1481130687,3.6125668048,3.7078714879,0.1499463876,0.1085822252,0.1168296048,0.3221723416,0.1538434357,0.7363205515,0.0022563177,0.0009025271,0.253,0.229,105.453449834287,105.453449834287
"51093",0.0916952689,0.0004650908,13.131976362,4304,0.1058291911,0.052834891,9479.49,8.6,0.140654594,3.3094072827,3.3440871677,0.1714963735,0.0976598323,0.1051078876,0.3347362392,0.1499738409,0.7036574993,0.0001639523,0.0002459285,0.446,0.306,93.550467298208,19.0733962452657
"51095",0.0891027465,0.001204915,8.0769027064,4885,0.1048602673,0.0484559377,9492.1,8.6,0.1313495765,3.0319940813,3.2369009989,0.1642503925,0.089918282,0.1001687466,0.3691172182,0.1296375069,0.9450073871,0.0024864255,0.0008064083,0.28,0.187,92.7869214624986,14.1389594609522
"51097",0.1411416959,0.0004283878,14.27959446,4265,0.161514498,0.0742157613,9476.8,8.1,0.1840524055,3.9366626903,3.7975323173,0.1527085512,0.1183006769,0.120266517,0.3553901288,0.1827730758,0.1451403888,0,0,0.487,0.322,47.1609130352764,56.5930956423316
"51099",0.0724389387,0.0002657858,11.011125033,6073,0.0866546829,0.0399598969,9549.46,NA,0.1239992821,3.0294564269,3.2074501379,0.1989339355,0.0899127853,0.0987401877,0.3464510403,0.1523104165,0.6608293758,0.000346367,0.0003848522,0.303,0.238,39.2922328128169,25.3498276211722
"51101",0.0984659294,0.0002394063,6.5836724922,4516,0.115407262,0.0551259666,9792.09,8.7,0.1391937975,3.2262970821,3.5194082181,0.1831625241,0.0968119272,0.1079438548,0.355856398,0.1566977952,0.5056793222,0.00030611,0.0003673319,0.354,0.385,38.0144454892859,20.0076028890979
"51103",0.1205818182,0.0005561735,25.027808676,2905,0.1364759551,0.0717647059,8009.27,8.2,0.1494411845,3.4156757259,3.5100635403,0.1412512943,0.1031663493,0.1108845364,0.3261632547,0.1342488456,0.7812307962,0.0009114109,0.001002552,0.277,0.216,119.841440555573,18.4371447008573
"51105",0.1225018718,0.0002525465,5.050930213,5603,0.1451476793,0.0560052505,10257.62,8,0.1989844734,4.2147432765,4.0670524333,0.1588007076,0.1329411725,0.1358810076,0.3461624505,0.2232168614,0.3598702466,0.0010339551,0.0008685223,0.343,0.285,46.1680517082179,20.98547804919
"51107",0.0653118029,0.0007737138,6.7071945338,4328,0.0774214006,0.0408045158,9358.91,10,0.1175874554,2.6353950509,2.8114100866,0.1706171222,0.076833655,0.0868461663,0.3282477644,0.1134543788,0.9028052166,0.0012566557,0.00054671,0.228,0.158,17.0462894930198,11.1682586333578
"51109",0.125169124,0.0001394311,9.4813162298,4798,0.1427449531,0.0740346205,9724.67,8.8,0.1522919693,3.4527884907,3.6163889061,0.1608650447,0.1040053164,0.1130574994,0.3375936388,0.1681582844,0.3110427412,0.0001702804,0.0001986605,0.359,0.238,37.080297383985,19.4671561265921
"51111",0.1529837674,0.0001634655,13.077237434,5184,0.1812017032,0.074295474,9374.26,8,0.2032574805,3.9774794641,3.8127827772,0.1448594398,0.1257261916,0.1257536909,0.3661120984,0.1897964612,0.56914976,0.000488878,0.000488878,0.456,0.284,54.6537683773296,16.3961305131989
"51113",0.1286736272,0.0005272275,8.2850041425,4771,0.1479843953,0.074471894,8533.49,8.9,0.1532095826,3.6227428198,3.7818812413,0.1558359848,0.111298495,0.1203819677,0.3560838839,0.1698272055,0.4839945897,0.0002293929,0.0003823215,0.448,0.284,103.404791929382,12.6103404791929
"51115",0.097718254,0.0004556328,17.0862285,2707,0.1090715048,0.0602739726,9507.94,9.1,0.1328024789,3.2632869516,3.5108304441,0.1545330238,0.0967922422,0.1063843043,0.3265107443,0.1414678974,0.5174871909,0.0002277386,0.0003416078,0.3,0.239,64.4843151386413,75.8639001631074
"51117",0.1190026954,0.0005214104,12.70937887,5150,0.1410914736,0.0540818073,9410.71,7.5,0.1857653347,3.7254199396,3.7298741508,0.1329852169,0.1165329512,0.1208906965,0.3794080937,0.1853339828,0.55440462,0.0006797876,0.0007121585,0.412,0.309,73.7303205100403,21.685388385306
"51119",0.1140115705,0.0002809252,11.23700721,4067,0.1287055791,0.068233945,8885.23,8.8,0.1496396111,3.402444941,3.5569217048,0.1488629362,0.101703432,0.1097355288,0.3226910521,0.1468440425,0.3785929373,0.0006494711,0.0002783448,0.362,0.239,86.8863650468566,15.5154223297958
"51121",0.1095691131,0.0007000883,11.059365456,3553,0.1239600666,0.0542698522,9769.83,7.8,0.1495727135,3.6155927442,3.7854904295,0.2038845588,0.1131077735,0.1207948153,0.3583841083,0.182524428,0.7255275871,0.0018052372,0.0007099247,0.294,0.193,44.9102807399053,12.8315087828301
"51125",0.1328096456,0.0008699726,11.376564278,3879,0.1483004718,0.0868337451,8364.77,8.4,0.1592939118,3.7071181818,3.8034237413,0.1510146887,0.1126909955,0.1200068842,0.3437052049,0.1714150255,0.5213715047,0.0008070482,0.0005380321,0.314,0.253,47.0345816161978,22.3974198172371
"51127",0.0957325422,0.0003228484,9.2242413062,3929,0.1061005957,0.0656464848,10636,9.4,0.1150546326,2.8720190215,3.1847671277,0.1900268508,0.085667171,0.0971616423,0.3363893108,0.14268804,0.8233219382,0.0009457606,0.0003310162,0.341,0.254,24.5323520392518,24.5323520392518
"51131",0.1457122937,0.0010130002,14.350835725,4093,0.1708352997,0.0770533446,8807.46,7.7,0.202913954,3.9841984983,3.8948641997,0.1282744953,0.1258742687,0.1267674395,0.3539374914,0.1692145579,0.1958188716,0.0008237911,0.0010709284,0.424,0.257,89.5856662933931,89.5856662933931
"51133",0.1255772191,0.0009775967,17.107942974,2762,0.1388196176,0.0827107791,8808.53,8.3,0.1535047777,3.3625230327,3.4783057754,0.1365912952,0.0992850743,0.1080558004,0.3149225038,0.1378898867,0.3833738848,8.18197e-05,0.000245459,0.238,0.217,57.308154131645,76.4108721755267
"51135",0.1343212691,0.0006479202,14.902164053,5519,0.1622720714,0.062987013,10766.4,4.8,0.2130538654,4.01207513,3.7385526277,0.1502938621,0.1265476028,0.1226481128,0.3817640051,0.1972806943,0.6328139784,0.0003847387,0.0004488618,0.34,0.339,47.3637753234731,51.6695730801524
"51137",0.1167761996,0.0004158235,6.9303911513,4303,0.1376367931,0.0615673981,8798.54,8.4,0.1429998198,3.249880043,3.4859473948,0.1737339229,0.0972631084,0.1062147269,0.3406826812,0.1593280036,0.5650368866,0.0004784285,0.0003095714,0.381,0.263,83.1408775981524,16.6281755196305
"51139",0.1314304144,0.0003371118,9.2705743542,5237,0.1542102998,0.0646279307,10214.99,8.4,0.1516360075,3.6118342893,3.6991238561,0.1598168126,0.1100989116,0.1186320644,0.3248416225,0.1700965244,0.3245570252,0.000295933,0.0006764184,0.381,0.327,60.2933340811576,23.8368995204577
"51141",0.1371055495,0.0002830456,8.4913671101,4466,0.1587301587,0.0673411318,9975.47,8.1,0.1849390127,3.9767317261,3.9635853209,0.1475659972,0.1239162614,0.1296117686,0.3623581881,0.1852556765,0.4631151974,0.0002231769,0.0003905596,0.336,0.318,93.8773211167646,18.7754642233529
"51143",0.1283631927,8.1622e-05,14.038982663,3750,0.1528601004,0.055107748,9426.53,7.9,0.1846254564,3.7758301656,3.6708635485,0.1503528835,0.1155143874,0.1180582861,0.3531107804,0.1783018607,0.2153182376,8.10544e-05,0.0001783196,0.389,0.331,75.5870229588785,23.9268274114436
"51145",0.095212695,0.0004894934,9.0905912381,3720,0.1041907181,0.0673129687,10307.17,9.4,0.1213317013,3.0401175524,3.2395356031,0.1957281721,0.0865676432,0.0962468051,0.3493149288,0.1382729976,0.7530842188,0.0002812643,0.0001757902,0.283,0.28,46.385954333028,8.11754200827989
"51147",0.120599398,0.0006166586,10.130819715,5284,0.1412279197,0.0567504535,10422.49,6.6,0.2146612734,4.2200916434,3.9198727793,0.172847161,0.1289183913,0.1275077342,0.3550168394,0.1874491359,0.8138479973,0.0022902083,0.0006049607,0.375,0.327,50.8757903917436,14.5359401119267
"51149",0.0899915002,0.0001586924,6.876669576,6073,0.1069142125,0.0487396966,10565.53,7.5,0.149737502,3.4088162395,3.32278331,0.1719096037,0.1009838569,0.1017897569,0.3770486818,0.1697619784,0.4054023793,0.0011097899,0.0008455542,0.334,0.286,31.652247309559,19.3430400225083
"51153",0.116721091,0.0004449023,6.6951317753,5131,0.1390863816,0.0666214445,9169.85,9.3,0.1465553521,3.0030607641,3.0971412271,0.1796745668,0.0874497083,0.095968656,0.3796108389,0.1517208845,0.9744653012,0.0010302937,0.0003998155,0.323,0.184,20.775563320743,10.4599190330129
"51155",0.0978001797,0.0004095483,18.137140183,4993,0.1134340506,0.0479669632,11168.45,8.1,0.1548101758,3.4611884376,3.6789534277,0.1645275311,0.1048638125,0.114305774,0.3493097146,0.1723396978,0.8338495068,0.000292372,0.000292372,0.325,0.336,77.1085278127532,22.4493182239661
"51157",0.1412820034,0.0004097801,9.5615353094,4669,0.154594069,0.0992424242,7711.9,7.4,0.1287246789,3.1751911309,3.3915695298,0.1639409203,0.0936913108,0.104084739,0.3264636672,0.1396273732,0.4840634748,0.0009474824,0,0.322,0.175,27.3211602386048,45.5352670643413
"51159",0.1259985476,0,19.017787225,4930,0.1481481481,0.0665804783,9372.59,8.1,0.2099294944,4.0165254726,3.9064499776,0.150783591,0.1263591061,0.1266830332,0.3870769074,0.1957892377,0.6234060947,0.0014816503,0.0002279462,0.334,0.296,37.3817801203693,67.2872042166648
"51161",0.0824366348,0.001301611,11.949215833,3544,0.0967747915,0.0437128164,9386.41,8.9,0.1405695574,3.2676056815,3.5171184427,0.1708968231,0.0942214398,0.1061023819,0.3376242267,0.151007067,0.8601801334,0.0022439408,0.0005317395,0.297,0.259,103.252269066188,19.1602148782617
"51163",0.1191719281,0.0009267841,11.474469306,3572,0.1371958469,0.0630652652,8081.72,8.3,0.1456411669,3.5714191733,3.8764436862,0.1605215766,0.1079862465,0.1193121272,0.3380400942,0.1550191256,0.564710629,4.46588e-05,0.0001339764,0.294,0.282,100.290547615887,19.1731929265667
"51165",0.1539427029,0.0002866865,14.583618981,5730,0.174706593,0.1012616746,9492.27,8.7,0.1353317063,3.4000919488,3.4616419198,0.1781744149,0.0997474978,0.1095747949,0.3417848491,0.1550771298,0.7041958225,0.0001379414,0.0001504815,0.315,0.261,54.3083970731505,15.7535808303795
"51167",0.110093043,0.0002587992,8.1336882579,8220,0.1298733395,0.0476821192,10739.94,8.4,0.1868054723,4.0697638044,4.1570596205,0.157883543,0.1228863797,0.1293091994,0.3471583215,0.185215838,0.4808111569,0.0007307271,0.0010960906,0.333,0.384,57.9060197619693,16.016558657566
"51169",0.1098078363,0.0003201464,5.9455751201,4998,0.1301746045,0.046705998,10850.02,8.3,0.1742626707,3.9471400649,3.9189977211,0.1518745733,0.1205675286,0.1264363697,0.3260219767,0.1767093126,0.4079475342,0.001003192,0.0005471956,0.311,0.346,81.1278299070857,30.6142754366361
"51171",0.1221071323,0.00048583,13.186813187,5688,0.1467660689,0.0566057662,8876.33,8.9,0.1517609893,3.4189688977,3.7268238831,0.1767654397,0.1033787469,0.113982594,0.3108470377,0.1639875758,0.7411235206,0.0004400695,0.0005095541,0.33,0.252,72.3650276757739,20.0158587188311
"51173",0.1070024933,0.0006197808,10.112212944,5522,0.1273714254,0.0464210355,11391.33,7.9,0.1735645253,3.9305365768,4.0669467421,0.1670789382,0.1176117042,0.1258119439,0.3358727244,0.1862162246,0.9313214108,0.0013199408,0.0011589724,0.3,0.365,72.6759952272481,20.6096105868315
"51175",0.1103507271,0.0002253521,11.830985915,5552,0.1278852152,0.0608872137,9953.65,7.1,0.1793622206,3.7024771704,3.6072215804,0.1487455566,0.1123576431,0.1162433242,0.3691132886,0.1778955424,0.3105008078,0,0,0.474,0.336,73.0432828273369,61.8058547000543
"51177",0.0954029403,0.0006239053,6.915577338,6469,0.1166126567,0.0456760576,10609.59,8.9,0.134506295,3.1435237518,3.4422232073,0.2008563342,0.0931319878,0.1040237921,0.3483769204,0.1688169407,0.737248462,0.0005984395,0.0005605636,0.338,0.243,30.3044722889394,13.2738597629239
"51179",0.0772034537,0.0003000361,5.7279626864,5741,0.0917749876,0.0449117406,10470.45,9.2,0.1353149959,3.1346213322,3.2418305969,0.1929578698,0.0895012074,0.098159704,0.377610785,0.142336345,0.7575856267,0.0006649995,0.0002909373,0.318,0.164,25.8520987822301,13.1528221874504
"51181",0.0996860283,0.0003058104,15.290519878,3508,0.1114450288,0.0575107296,9225.77,7.1,0.172935732,3.605843421,3.655844049,0.1493919169,0.1100865737,0.1152918411,0.3858023292,0.1684406996,0.0928024936,0.0006112469,0,0.327,0.174,81.8079558237038,61.3559668677779
"51183",0.1306240929,0.0002637826,15.826958586,6863,0.1527938343,0.0661478599,10172.25,5.7,0.197207492,3.7575504645,3.6249467651,0.1602717205,0.1179034288,0.1177111128,0.4071530706,0.1969913144,0.2747580045,0.0001738526,8.69263e-05,0.394,0.253,55.6956088409451,67.4210001758809
"51185",0.1156183334,0.0006570142,11.680253072,6434,0.1380903048,0.0507484483,10576.78,7.8,0.1869032003,4.2002031837,3.955309911,0.1551342253,0.1223656842,0.1245215046,0.3362033259,0.178624352,0.5632015617,0.0012811388,0.0008540925,0.365,0.382,37.8726833199033,23.3682514101531
"51187",0.113114153,0.000530799,12.638070925,5497,0.1342440726,0.056393876,9369.1,8.9,0.1455037109,3.3478334924,3.5602069006,0.1961855397,0.0976609883,0.1076808445,0.3574237537,0.1723340875,0.7971523619,0.0008428042,0.0003320138,0.349,0.309,52.223279790433,20.2154631446838
"51191",0.1083841575,0.0006803096,8.6417710115,6122,0.127623057,0.0506859756,10634.13,8.5,0.1472688795,3.6699250296,3.929562162,0.1659367911,0.1090572221,0.1189049442,0.3628266426,0.1719547227,0.6318973686,0.001272734,0.0010144981,0.318,0.295,77.299190812439,28.8338251443225
"51193",0.1313428334,0.0001124859,19.122609674,5353,0.155559996,0.059114735,9356.28,8.5,0.1759614173,3.7221802314,3.7589071717,0.1479195984,0.1121701569,0.1179452054,0.3499173315,0.1717274579,0.4476910737,5.6844e-05,0.000113688,0.336,0.24,78.9444005864441,18.7962858539153
"51195",0.1161285881,0.0005183227,8.5523246773,5022,0.1406798448,0.0460835343,10919.04,7.8,0.2266515378,4.5261876311,4.3002560766,0.1582886565,0.134633245,0.1320786918,0.3983726032,0.206707628,0.727660909,0.0008157439,0.0006118079,0.4,0.353,49.211748657469,22.4474642998981
"51197",0.1215918115,0.000484731,9.348383076,4710,0.1406955604,0.0651037274,11399.87,8.5,0.167300366,3.7952834438,3.8416515575,0.1630914727,0.1158953581,0.1213541661,0.3584671441,0.172154861,0.7990080383,0.0017231872,0.0009305211,0.372,0.304,28.8510363292249,21.926787610211
"51199",0.0764140122,0.0012400537,8.8575266833,3596,0.0916263931,0.0405182568,9266.23,8.9,0.112129898,3.0249386039,3.3997209817,0.1784151657,0.085784519,0.0983470182,0.3075661568,0.1308275079,0.8000885983,0.0005737319,0.0005737319,0.254,0.178,43.7215380156317,11.2988244310059
"51510",0.111264185,0.0006873496,21.807729559,4635,0.1244780909,0.0596308075,8645.49,NA,0.130518612,3.1800046584,3.2490371942,0.2050098361,0.0963439111,0.1023392948,0.3174694474,0.1371834078,1,0.0027918619,0.0006353893,0.238,0.16,24.3505641563894,9.23642088690632
"51520",0.0931657983,0.0005360334,22.632519357,6689,0.1139019889,0.0336593786,10990.03,6.6,0.1897936754,4.1801689664,4.1622742942,0.154341419,0.129737613,0.1358894344,0.3485971262,0.1948835256,0.9160078497,0.0006485849,0.0004716981,0.266,0.275,115.464245899028,107.501194457716
"51530",0.1036236491,0.0001580528,15.805278963,3579,0.1262626263,0.034733441,8118.08,3.5,0.2199025193,4.6326239817,4.6502102434,0.151254307,0.148732056,0.1539613376,0.3724689228,0.2150163808,0.972481203,0.0006199628,0,0.214,0.24,115.69204880101,105.1745898191
"51540",0.1173014039,0.0028738624,21.033340969,3935,0.1316819167,0.0564598169,8538.25,7.5,0.1852031922,3.9564711004,3.9084735551,0.1910648886,0.1232592407,0.12518108,0.3961570371,0.1895042564,1,0.0083773874,0.004369884,0.3,0.182,51.031821486494,9.0878586208825
"51550",0.0790131153,0.0008194778,9.7754963664,5010,0.0945630319,0.0419654189,10057.15,8.2,0.1383314172,3.1697598651,3.322749497,0.1706215123,0.0954333764,0.1040466081,0.3674827196,0.1418745337,0.9209257951,0.0008447508,0.0006598302,0.352,0.243,47.1586235784796,12.8992705670547
"51570",0.1026399155,0.001346046,10.65619742,5579,0.128463225,0.0423400865,10070.16,8.3,0.1535080757,3.4990969667,3.6250670257,0.1565936688,0.1070608108,0.1151007043,0.3394239761,0.1608854227,0.9915570616,0.0017443169,0.001181634,0.34,0.237,108.543089735192,28.0714887246187
"51580",0.1028679782,0.0005423974,37.967817754,5163,0.1248059609,0.0329566855,10086.08,7.2,0.1719631179,3.8708547174,3.9084200866,0.1624722094,0.1180916369,0.124021312,0.3555633988,0.1823991569,1,0.0023559261,0.0009061254,0.242,0.209,78.74492700951,60.5730207765461
"51590",0.1055279582,0.0010211524,21.881838074,5475,0.1317073171,0.037952532,9834.24,6.5,0.2155429616,4.1923850839,4.0433908163,0.1291587265,0.1310082535,0.1326091495,0.3930261331,0.1982620707,0.8323539659,0.0021003389,0.0018139291,0.308,0.261,134.172856669442,21.8232959643068
"51595",0.1158301158,0,22.718667172,6136,0.1471079906,0.0362737016,9168.57,6.1,0.2932217822,5.0216879712,4.5036017688,0.1122639822,0.1658509923,0.156251812,0.4302321813,0.2382704304,0.8992745065,0.0020735156,0.0018850141,0.288,0.336,89.126559714795,89.126559714795
"51600",0.0937224993,0.0001659958,27.804290991,2980,0.1119133574,0.0491093724,8935.06,9.8,0.1263982303,2.8346606307,3.018014284,0.1756206169,0.083878231,0.0916271294,0.3242613503,0.1150935883,1,0.0116288694,0.0014898196,0.239,0.173,87.8698427953594,16.4755955241299
"51610",0.0369820172,0.0028800658,15.08605911,2793,0.0439524124,0.0213972673,8959.35,NA,0.1101382338,2.715510547,3.1072364542,0.195151943,0.0798381083,0.0915620878,0.3254955203,0.128371277,1,0.0095618667,0.001998002,0.214,0.156,39.198505845189,23.057944614817
"51620",0.0977791487,0.001223092,15.900195695,5508,0.1224268689,0.037793667,9116,4.4,0.2221657244,4.2838325591,4.1094512862,0.1322160052,0.1318073312,0.1314761722,0.4037291569,0.1887955676,0.6291074342,0.0008427643,0.0010835541,0.378,0.44,89.8142478056746,102.061645233721
"51630",0.1115115819,0.0014809591,11.988716502,5514,0.130276522,0.0581162325,9692.74,7.7,0.1814957235,3.7973168147,3.7015322549,0.1871282438,0.116373373,0.1183606577,0.3679649563,0.1807353696,1,0.0055482913,0.0038519984,0.315,0.252,46.6195032691927,13.9858509807578
"51640",0.1505731494,0,16.603773585,4160,0.1846439957,0.060851927,10026.39,8.3,0.215260554,4.4434343069,4.2262097573,0.1402621275,0.1397041655,0.1395853592,0.3613238858,0.1986043894,0.9730190287,0.0041328413,0.0029520295,0.347,0.288,282.500126116128,247.187610351612
"51650",0.0963622539,0.0004158344,9.8018103647,4424,0.1182480325,0.0327681265,8952.08,6.6,0.1858833325,3.7705043666,3.6507756203,0.1767605495,0.114671864,0.1168644187,0.4191496266,0.1726290157,0.9173651736,0.0023188834,0.000694188,0.368,0.236,56.1336524955983,11.1278165740173
"51660",0.1582286056,0.0013464908,12.173752651,4697,0.1844218821,0.0626153011,8922.34,7.7,0.238372874,4.4644023524,4.1674633849,0.1880487326,0.1449386143,0.140246675,0.3489599712,0.2044441659,0.8126303308,0.0032593542,0.0017332982,0.263,0.235,38.4314989524317,11.7773948402613
"51670",0.1175409749,0.0003978604,15.914415808,6536,0.1514121734,0.0390929091,11040.6,6.1,0.2041604345,4.0827452907,3.9769947592,0.1563081299,0.1268573603,0.1266954012,0.4149936919,0.1957753548,0.89610907,0.0010556411,0.0005278205,0.41,0.32,70.6380974805745,14.716270308453
"51678",0.0883435583,0,25.330706445,2531,0.1003473562,0.0437853107,8279.21,7.9,0.1720251698,3.819878273,3.8426867021,0.2191085131,0.1167758243,0.1222785538,0.3319665591,0.1693189906,1,0.005535841,0.0017033357,0.238,0.165,75.1632451731104,103.349462113027
"51680",0.1015682201,0.0012469906,16.420766714,4384,0.1224443123,0.0423830975,9381.99,6.7,0.1893965592,4.1939834577,4.0301349695,0.1705563987,0.1302205156,0.127827846,0.3529702306,0.1803780174,0.8927985391,0.0039520271,0.0021069167,0.355,0.243,65.3425552637743,17.2602976168461
"51683",0.1656061216,0.0010120238,11.084070263,4412,0.2039438756,0.0750131602,9336.61,9.7,0.1712483924,3.3196694116,3.3460018108,0.1786286558,0.1007216505,0.1033160536,0.3650578634,0.150016729,1,0.0026034761,0.0014463756,0.297,0.27,27.2818455366098,8.02407221664995
"51685",0.1642626622,0,4.2191549635,NA,0.197617566,0.0710831721,11725.01,8.9,0.1900350566,3.566077321,3.4414544252,0.1735727106,0.109172994,0.1075927065,0.3805971139,0.1615796905,1,0,0,0.283,0.228,12.0450484813201,12.0450484813201
"51690",0.101017935,7.60919e-05,27.393090854,6637,0.1295782464,0.0364471669,10191.78,6,0.2213927486,4.1884414845,4.0336934924,0.1388014516,0.1312341319,0.1327825791,0.3993065051,0.1987161621,0.9473988858,0.0029750837,0.0025288211,0.243,0.265,189.926308592266,15.1941046873813
"51700",0.1112986864,0.0005630254,10.703057061,4689,0.1353898018,0.0476801064,9531.21,7.1,0.1900343042,3.63899972,3.7695887126,0.162586504,0.1138044064,0.1189883181,0.3735367164,0.1790886858,0.9850818121,0.00106696,0.0011549567,0.375,0.244,64.0931833379952,12.4111077562014
"51710",0.1166072934,0.0009726076,11.401576605,5638,0.1421661823,0.0431022085,10339.82,6.5,0.1694084569,3.8878771156,3.797345098,0.2108477994,0.1241432994,0.123030497,0.4117740124,0.1990765438,0.891442857,0.0017012423,0.001574771,0.35,0.226,62.6793515139789,12.6721297626088
"51720",0.1139439723,0.0015243902,0,6775,0.1383067896,0.0387878788,9751.26,7.4,0.1923305695,4.1957294589,4.2268816579,0.1613197249,0.1309256957,0.1364495887,0.363125479,0.2023338161,0.9967155129,0.0033643892,0.0051759834,0.267,0.314,67.9809653297077,67.9809653297077
"51730",0.1099355138,0.0006929134,16.692913386,7055,0.1364690124,0.0321308602,10498.71,4,0.259597191,4.4494866483,4.0045972326,0.1226179632,0.1451082879,0.1372728808,0.4380154958,0.2162023554,0.8968229488,0.0030424691,0.0011291638,0.398,0.327,93.4883769787498,13.6556056261095
"51735",0.0619233135,0.0006637352,6.6373516967,4597,0.0728216641,0.0340990668,9456.18,9.2,0.107160295,2.9007980106,3.1510251206,0.194503247,0.084565571,0.0958764964,0.3127217645,0.1308717714,0.9540740741,0.0004992927,0,0.39,0.258,74.4622173193602,63.430777716492
"51740",0.1110194506,0.0005286977,10.996912405,5067,0.1401307745,0.0346087898,9674.3,6.9,0.2057906805,3.8314263686,3.8613243255,0.1557037965,0.1207517686,0.1239143518,0.4431927467,0.2096540799,0.9817553776,0.0021206904,0.0011863268,0.423,0.287,74.8797705093231,15.4681216075597
"51750",0.0905178922,0.0006795787,13.591573225,4136,0.1018083183,0.0365120275,10799.34,6.4,0.239551368,4.8690998066,4.624509174,0.1837427816,0.1577821287,0.1561598679,0.3779145316,0.2325198764,0.9787908337,0.0012011668,0.0009151747,0.332,0.197,56.095736724009,48.6163051608078
"51760",0.1403727311,0.0010350964,14.6234892,4572,0.1639797203,0.0517019274,9731.91,6.2,0.2037753937,4.0219368082,4.0222670242,0.1889631145,0.1280532176,0.1328985798,0.3862222328,0.2053073024,0.9098984399,0.0028005556,0.0015907156,0.309,0.231,40.6489097697298,12.0768500040502
"51770",0.1267362168,0.0009014694,17.027755241,4276,0.1553940195,0.0474967908,10082.2,6.9,0.2026263212,3.9466845327,3.9930541802,0.1517536452,0.1239716041,0.1273830895,0.3840323253,0.1888437213,0.9275908978,0.0022978126,0.0017760385,0.359,0.265,89.8412581783933,24.7146955583684
"51775",0.0853065867,0.001005336,16.240043307,4067,0.1029205279,0.0377428999,10024.84,7.9,0.1370968568,3.2994179894,3.6110049138,0.1804595679,0.0985995431,0.1094298814,0.3340488521,0.1504733021,0.9121845012,0.0069670046,0.0046185761,0.312,0.301,146.650401017468,20.7646585511459
"51790",0.100877193,0.0004892368,23.646444879,3728,0.1200508152,0.042408821,8857.05,8.3,0.166312863,3.7573232949,3.8435719358,0.161536269,0.1125020688,0.1212419033,0.348069401,0.1701890334,0.9999157753,0.0055822354,0.0006977794,0.219,0.242,105.672442523675,21.6763984663948
"51800",0.0876517928,0.0009087182,12.633398717,5765,0.1056457343,0.0442153093,9629.23,7.7,0.1594478536,3.2670673683,3.4341330781,0.1681543581,0.0999976535,0.1068385112,0.3991065123,0.1564470506,0.7639415972,0.0006608941,0.0008961276,0.34,0.251,52.0881434825172,10.3437448050389
"51810",0.0894893647,0.0007415054,7.1930467215,4637,0.1085075152,0.0380087097,10303.23,8.7,0.1270792467,3.2242907181,3.3999708694,0.2201191933,0.0965958932,0.1021684288,0.3622103831,0.1499516484,0.9717028087,0.0014427687,0.0008020292,0.28,0.199,43.8951069518321,13.9666249392193
"51820",0.1185692206,0.0009405652,20.602857527,3507,0.1455997543,0.0511575803,9353.52,8,0.1713170812,3.7871238575,3.7848862201,0.1655257911,0.1137047844,0.1197167085,0.348084425,0.1680850285,0.688469961,0.0012792982,0.0001827569,0.371,0.322,62.8347446216451,26.9291762664193
"51830",0.1158572963,6.65292e-05,12.640542878,4221,0.1314150104,0.0568312285,8265.87,7.5,0.1794489175,3.8070889141,3.7596074456,0.186145561,0.1160874809,0.1206802708,0.3422238676,0.161079044,1,0.0004601025,6.57289e-05,0.332,0.212,33.2292151259387,48.7361821847101
"51840",0.1509835194,0.0025776887,18.974652728,5099,0.1849189914,0.0623739333,8842.47,8.4,0.1795550488,3.7554041291,3.776619772,0.172484224,0.1164405907,0.1206863519,0.354002971,0.1756213164,1,0.0046881814,0.0052333188,0.296,0.205,50.2656900761166,13.1648235913639
"53001",0.1267296158,0.0004613965,12.30390649,1313,0.1838744272,0.0388687455,8639.09,8.6,0.2388210449,4.9128160406,4.0250809293,0.1524369364,0.1502744359,0.1278379848,0.2951589486,0.1559568941,0.6212622811,0.0015074332,0.0006757459,0.353,0.228,17.0931405227082,17.0931405227082
"53003",0.0651100656,0.0008431329,8.4313290437,2857,0.0791954745,0.0264214754,9413.5,7.9,0.136330382,3.82098759,4.0846298597,0.1775849166,0.1143562584,0.1214499186,0.2782123893,0.1614687018,0.982102391,0.0027795212,0.0004931409,0.323,0.186,40.0290581310878,25.2034810454997
"53005",0.0762590529,0.0006812298,8.8307572753,4336,0.0997389169,0.0252117789,9964.47,8.3,0.131352769,3.6971497306,3.6338239073,0.2011884252,0.1093706824,0.1108963177,0.3120401214,0.1341682884,0.8136627525,0.0019464494,0.0009035243,0.346,0.164,12.8003449356109,16.6741335345458
"53007",0.0929145147,0.0011759633,14.634210079,2102,0.1165451461,0.0359746944,8459.43,8.4,0.1413430911,3.6913108639,3.7558286728,0.1878662096,0.1087807298,0.1135055224,0.2837466803,0.140137759,0.8516969622,0.002842621,0.0013623621,0.328,0.201,19.573131744575,14.7885884292344
"53009",0.0896110385,0.0009804701,9.6722049977,1915,0.1065869786,0.0385332041,8146.58,7.2,0.1363359777,3.8888307138,4.0606149039,0.1650768971,0.1136466544,0.121315166,0.2903335395,0.1354605582,0.7914122458,0.002574762,0.0009118949,0.306,0.205,47.1820831551144,29.9848752761475
"53011",0.0699837624,0.0007057936,7.1632785062,3715,0.0884374794,0.0249537431,8755.54,8.1,0.1228602649,3.6091410283,3.7953468845,0.1803405535,0.1053574581,0.1115459532,0.3050789053,0.1425176367,0.9173552942,0.002813596,0.0005567237,0.322,0.16,34.9135030256028,16.8596392880174
"53013",0.0635416667,0.0007412898,14.825796887,1538,0.0774976657,0.0240811153,9713.92,7.3,0.1558253534,4.1663780716,4.1993012452,0.1524809784,0.1246101291,0.1253701657,0.2779655731,0.1499271847,0.6711623345,0.0022854241,0.000761808,0.318,0.225,66.4231152441049,66.4231152441049
"53015",0.0661394512,0.0006547563,9.5407351978,3483,0.0827990415,0.0244184194,9251.37,7.3,0.1514526533,4.0440724963,4.0897100905,0.1873140656,0.1161095475,0.1209225422,0.3130587364,0.1700447249,0.780119129,0.0026721187,0.0007036896,0.377,0.217,53.2615703753539,20.8685685096416
"53017",0.1131451967,0.000190726,5.9601859578,3011,0.1492360935,0.0333062551,8782.93,7.5,0.1510550083,3.909387362,3.8293643155,0.162794873,0.1191622755,0.1181146463,0.3060951285,0.1346024674,0.8187921209,0.0003871561,0.0003387616,0.312,0.184,11.8878735764271,9.51029886114171
"53019",0.1059723234,0.0006584145,7.9009744535,2123,0.1222169588,0.0534682081,6991.94,5,0.1782040181,4.640253409,4.6155946962,0.1604952351,0.1409327141,0.1426513125,0.3034606181,0.1835118718,0.7463912065,0.0023640662,0.0010506961,0.308,0.185,26.2501640635254,52.5003281270508
"53021",0.1164439425,0.000238806,4.8846675712,3843,0.1673425995,0.0284950142,9381.62,8.6,0.1924434192,4.3177865506,3.9157637399,0.1827871,0.1305917678,0.1200846899,0.3114205625,0.150569929,0.7606923992,0.0012089618,0.0004547471,0.309,0.165,9.39876803840481,11.2062234304057
"53023",0.044044665,0.0009049774,18.099547511,1448,0.0492359932,0.0285714286,9001.67,4.9,0.1352361829,3.7667539247,3.8593245326,0.1632848803,0.1117255999,0.1168985765,0.2731610981,0.1384860949,0.4554280671,0.0004450378,0.002670227,0.337,0.276,14.9164677804296,14.9164677804296
"53025",0.1253107161,0.0004203535,9.4579541394,2648,0.172172664,0.0355980258,8579.06,8.1,0.2010391615,4.2122426633,3.860027365,0.1768062758,0.1261991129,0.120657307,0.3416329482,0.1594432996,0.7940529623,0.0017638381,0.0006948453,0.333,0.232,18.1795934064013,13.9843026203087
"53027",0.0892025665,0.0003438931,11.55480969,3888,0.1085499265,0.036487728,9261.98,7,0.1599745612,4.1128976181,4.3890662189,0.1832014242,0.1220849678,0.127827457,0.3236485023,0.1695007108,0.8218882646,0.0014798682,0.0008935053,0.356,0.246,30.2438756151879,22.912026981203
"53029",0.0596239405,0.0003727799,8.6581127719,2596,0.0710405977,0.0253406342,7424.04,7.8,0.1219829051,3.7204286154,3.5322330785,0.1756326558,0.1060045311,0.104446626,0.3082499412,0.1240133824,0.8619213818,0.0027348855,0.0004840505,0.307,0.166,21.5779904497413,15.983696629438
"53031",0.0834056454,0.0008324262,9.6049177179,683,0.0944290045,0.0386934673,7371.16,7.5,0.1210204852,3.4544752753,3.8162155113,0.1477632316,0.0993535661,0.112113018,0.2403890111,0.1312418617,0.8506963042,0.0029544944,0.0009955361,0.213,0.115,32.942976769888,41.4443901298591
"53033",0.0624303021,0.0012066805,8.7771040491,2845,0.0756724431,0.0215637843,8586.88,8.3,0.109505384,2.9767920961,3.2434833212,0.1946464092,0.0832856398,0.092386588,0.2886866487,0.0938345498,0.9804240675,0.0034312107,0.0008474537,0.225,0.132,25.761657949092,12.8123543964179
"53035",0.0527418644,0.0006456117,8.3704309834,2434,0.0632983146,0.0234114297,8289.4,7.9,0.1096745605,3.6311044556,3.5909190162,0.184230724,0.1067287416,0.1052178569,0.2719024146,0.1209312585,0.8511824412,0.0026698287,0.000638191,0.302,0.173,37.0772630238568,16.4787835661586
"53037",0.0819062827,0.0005843523,9.0899253328,1614,0.096079669,0.0317248086,7666.61,7,0.1308543381,3.8449202317,3.8026666439,0.1917751455,0.1146772643,0.1186364479,0.2726298115,0.1557745428,0.7733594036,0.0014710471,0.0005795034,0.275,0.209,31.0615090114494,21.6708202405461
"53039",0.0997156169,0.0006877264,8.2527165192,3152,0.1188078937,0.043187067,8478.9,7.2,0.1499259781,3.904537864,4.0767643441,0.1602083809,0.1154677347,0.1219185498,0.3110706615,0.1406869397,0.7425435574,0.0012675461,0.0007980846,0.274,0.177,53.6653429215413,15.3329551204404
"53041",0.0880650995,0.0004475703,9.9744245524,3203,0.108293536,0.0338181181,8635.81,7.4,0.1420960053,4.0508655103,4.0497536491,0.1619587455,0.1204520452,0.1252916257,0.3215937388,0.1683235924,0.5244052747,0.0021669738,0.0009342641,0.33,0.235,28.9521863158343,23.8429769659812
"53043",0.0682920603,0.0003781076,14.179033935,4780,0.081100393,0.0382490438,9914.5,6.8,0.139677675,3.9668535036,3.9926921733,0.1576395963,0.116590484,0.1190200749,0.262672835,0.1488848876,0.6084200568,0.0006763285,0.0002898551,0.334,0.235,37.8919448040671,31.5766206700559
"53045",0.0909071372,0.0002668341,6.278449223,2944,0.1110084325,0.0340890947,8226.98,8,0.1571636255,4.2434380084,4.0235656207,0.1722538189,0.1236973026,0.1204523086,0.327460937,0.1632945468,0.6335359726,0.0012058266,0.0003858645,0.374,0.221,42.3164328814356,25.0764046704804
"53047",0.1491208894,0.0007426573,13.655311197,2936,0.1883936821,0.0545081967,8394.95,7.3,0.1930911389,4.6276954289,4.2839214211,0.158658887,0.1411741652,0.1350553969,0.3021073789,0.1802705466,0.7456468872,0.0025990278,0.001323579,0.322,0.219,31.8908058806646,22.3235641164652
"53049",0.095709571,0.0002312032,12.484971793,2470,0.1115173675,0.0429709732,9048.66,6.9,0.1825176875,4.3834959821,4.5195048239,0.1461877416,0.1304877174,0.1352402928,0.2990040004,0.1484660437,0.663623327,0.0021177467,0.0003294273,0.381,0.258,55.4605536811942,26.1897059050084
"53051",0.0802488019,0.0005241875,6.7395536918,2558,0.0970780994,0.0321969697,8355,6.8,0.1592134273,4.2865924636,4.2141890954,0.1530622798,0.1285131014,0.1292981567,0.3220307694,0.1576033097,0.5882624414,0.0016764459,0.0007620209,0.416,0.277,74.8521669702338,14.9704333940468
"53053",0.0688826791,0.0007253947,6.9802136037,3241,0.0851933767,0.0267996523,8832.49,7.5,0.1300083479,3.8069673293,3.9590171104,0.1911313791,0.1101183234,0.1166796362,0.3561900302,0.14681201,0.8195215191,0.0038824491,0.0009868665,0.317,0.184,35.4456857618255,20.0427858331353
"53055",0.0907537327,0.0007777445,12.56356566,1113,0.0989734434,0.0585152838,8163.3,8.7,0.105041928,3.3395399441,3.6225050871,0.1686252354,0.0975125613,0.1086217679,0.2409019245,0.1170407659,0.8714566555,0.0038558051,0.0004284228,0.201,0.141,37.8621816587621,21.9202104340202
"53057",0.0864434327,0.0008438214,10.348752975,3167,0.1063552748,0.0347776914,8934.58,7.9,0.1418752087,3.8922741126,3.8427135307,0.1860448784,0.1171863222,0.1160952673,0.2856551895,0.1527139831,0.7775895843,0.003476686,0.0008732142,0.302,0.166,39.4695713445614,18.5427516383846
"53059",0.0718390805,0,3.3792346034,3498,0.0832523935,0.0357758621,8163.19,8.1,0.1431691417,4.1256177839,4.3023701567,0.1735853137,0.1183764376,0.1216955173,0.2969461397,0.143069492,0.9301463944,0.0012163336,0.0001737619,0.348,0.191,17.0111422982053,28.3519038303422
"53061",0.0620764017,0.000525178,7.0855366483,2918,0.0758509192,0.0248303452,8717.52,8.4,0.1186569249,3.2200232026,3.3413459226,0.1879440366,0.0912571271,0.0973057624,0.3478382037,0.131652467,0.9031997589,0.0028592468,0.0005053198,0.303,0.173,28.4507564823219,15.5564077841935
"53063",0.0600249802,0.0008989394,9.5228310863,2820,0.0741545615,0.0222705758,9532.67,7.7,0.1220973299,3.8533022949,3.836616282,0.1915844511,0.114435571,0.1188660665,0.3038455856,0.158687637,0.8651672994,0.0027030168,0.0012823801,0.291,0.178,37.8983521454349,20.2650910777673
"53065",0.0785335715,0.0006930472,8.0482897384,2958,0.0960184511,0.0339153121,8591.63,6.9,0.1732334628,4.4661950093,4.2570020686,0.1767281883,0.1290302039,0.1276472878,0.3195150754,0.1581407813,0.432519354,0.0027678391,0.0005850717,0.302,0.227,24.5482745538537,23.0605003384686
"53067",0.0606709864,0.0009979044,9.551370693,2833,0.0743364487,0.0230532462,8066.29,7.8,0.123681463,3.265667342,3.5910904153,0.1703899942,0.0950934625,0.1069286852,0.2916713619,0.1348737276,0.7345875749,0.0023108618,0.0007194192,0.301,0.144,37.1632893191757,18.7597434901909
"53069",0.0885854342,0,9.3808630394,2593,0.10229939,0.0490322581,8143.34,5.6,0.1481296509,4.078040654,4.0865825761,0.1596802941,0.1161622543,0.1199145974,0.2646721529,0.140142711,0.1171442936,0.0026576468,0.0004832085,0.351,0.223,7.79483981604178,7.79483981604178
"53071",0.0793598161,0.0011557449,7.7600013209,2610,0.0987484737,0.0297862665,8767.48,8.2,0.1481346782,3.8810950765,3.9556109314,0.182194956,0.1162400339,0.1176516225,0.270450891,0.1477134642,0.8334836086,0.0022538946,0.000878356,0.291,0.156,35.7478730015564,14.8491164775696
"53073",0.0759010948,0.0009123593,11.020577767,2816,0.0901201847,0.0323756194,8127.74,7.6,0.1382476117,3.8659112758,3.9132447298,0.2057959672,0.1106950092,0.1180668401,0.2924682069,0.1300525119,0.8468579099,0.0040405904,0.0007333948,0.28,0.127,35.2468560256308,17.7740556026685
"53075",0.0624801019,0.0005912817,9.1750601476,2705,0.0717574323,0.0267012314,8472.1,6.5,0.1498017408,4.2541784039,4.1554857237,0.2024365572,0.129456173,0.1322313062,0.2713822591,0.1565096858,0.7573476863,0.0014533991,0.0005117603,0.265,0.166,26.407020204756,12.8649585612914
"53077",0.129450348,0.0006674847,8.033797908,3770,0.1782909931,0.0356908137,8524.94,8.5,0.2115651652,4.3624519461,4.1428411415,0.1680978618,0.1347836523,0.1312335235,0.319300484,0.1518003206,0.7531811323,0.002511657,0.0008532423,0.343,0.208,30.3484077068983,12.9113839805664
"54001",0.0821361902,0.0004243196,6.0617081894,4569,0.1008174387,0.028674917,10555.54,7.5,0.2446104682,5.4532678584,5.427153022,0.120231635,0.1642065675,0.1630094747,0.3963743803,0.2325190522,0.3599373079,0.0007129701,0.0008912126,0.399,0.314,32.087920903275,28.0769307903656
"54003",0.0710338168,0.000443787,8.0055690915,5353,0.0882016683,0.0263195691,9272.76,7.9,0.2206874782,4.9261794279,5.1704265887,0.1335364201,0.1442557822,0.1464071161,0.4295059689,0.2266051248,0.4407357275,0.0015238934,0.0006694561,0.386,0.272,39.644874525419,20.2565052319659
"54005",0.0718837339,0.0003579579,6.7117096962,10315,0.0890028662,0.0238193018,12286.46,7.6,0.2688551463,5.5924911683,5.5264528284,0.1205690165,0.1654638742,0.1630294697,0.4245850439,0.2470707781,0.047220756,0.0002191445,0.0008327489,0.424,0.318,50.6585612968592,17.8794922224209
"54007",0.0805112417,0.0004214371,7.7263468427,3895,0.0971680302,0.0335386721,9574.69,7.1,0.2207075437,5.1766456846,5.0966139112,0.1136814792,0.1547945127,0.1533769357,0.3750429665,0.2237968795,0.1326860841,0.0004146223,0.0004837261,0.365,0.273,51.4054723461925,25.7027361730962
"54009",0.059257022,0.0002227866,14.258343359,6536,0.0706337306,0.0231031128,13830.08,7.7,0.1847136649,4.6820005884,4.8040203114,0.13171229,0.1365962139,0.1396679057,0.3588922553,0.1918417816,0.9198138685,0.0001305653,8.70436e-05,0.349,0.284,82.8120609851678,14.7878680330657
"54011",0.0873543422,0.0015901767,14.111501927,4904,0.1087096198,0.0230381195,10353.01,7.3,0.2192201157,4.8590753831,5.0884969026,0.1235049378,0.1492966652,0.159140243,0.374225134,0.2249866146,0.8284554449,0.0021357059,0.002291977,0.366,0.276,102.051947960545,19.0027765167911
"54013",0.0840427459,0.0004105652,4.1056521144,5619,0.1001191895,0.0331412104,12100.24,7.2,0.2272156686,5.1863885708,5.1043839473,0.1187800385,0.1527804836,0.1505774317,0.4022217395,0.2345819775,0.0064245444,0.0002726281,0.0013631407,0.301,0.243,27.401013837512,27.401013837512
"54015",0.08315288,0.0001141031,4.5641259699,5611,0.1043129388,0.0300344658,9091.18,6.8,0.2349607975,5.3440806153,5.321616501,0.1152953158,0.1596784542,0.1595346386,0.3774804126,0.2395422833,0.116130407,0.0003386387,0.0007901569,0.38,0.29,87.602361454961,76.1759664825748
"54017",0.0802732707,0.0002336449,7.0093457944,5165,0.0948389943,0.0301291248,8498.45,8.5,0.210632283,4.914328409,4.920248268,0.1355574582,0.1425109599,0.1437054025,0.370661613,0.226972134,0.3746647159,0.0001188637,0.0001188637,0.376,0.234,7.88053114779936,7.88053114779936
"54019",0.0805150059,0.0004365709,10.799384205,7966,0.1006165228,0.0252448313,11760.58,7.2,0.2626030378,5.1265127408,5.3347826941,0.1124181559,0.1570342645,0.1605061525,0.4040002293,0.2650036463,0.6224070896,0.000383548,0.0011732058,0.404,0.322,81.7655239871009,16.8116030627684
"54021",0.0834890966,0.0003747658,7.4953154279,6422,0.0997579995,0.0293356342,10200.42,7.3,0.2604841135,5.5192307782,5.0573988719,0.1261762392,0.1684240212,0.1566538662,0.4039438809,0.260760071,0.3137006787,0.0001212268,0.0003636804,0.367,0.21,24.7116968698517,24.7116968698517
"54023",0.0809588422,0.0005141388,12.853470437,6361,0.0982386881,0.0310793784,9467.09,7.6,0.2220099424,5.1556643853,5.071453668,0.1138510771,0.1521726875,0.1517136996,0.3643724774,0.2121193399,0.367261456,0.0007671326,0.0001704739,0.389,0.328,62.8068973392714,65.6617563092383
"54025",0.0847413375,0.0012752572,12.752571769,4914,0.1028315946,0.0309911454,10403.97,7.5,0.2227723427,4.9869028254,4.7905448664,0.1205190873,0.1494259079,0.1498427502,0.3816662898,0.2276906603,0.5132468997,0.0009354007,0.0013322373,0.353,0.24,89.2246943579619,22.7807730275647
"54027",0.09508434,0.0002556346,8.5211537642,4926,0.1129185902,0.0395541958,9379.14,6.8,0.2178890168,4.8548548866,5.0801337845,0.1144185116,0.146243663,0.1522576489,0.3931084005,0.2158579922,0.4825571691,0.0006008326,0.0005149994,0.383,0.271,49.9151442547669,18.5399107231991
"54029",0.0719020236,0.0005433306,14.941591959,6148,0.0871506436,0.0253641817,13799.01,7.4,0.1899517635,4.6470819744,4.7190270683,0.1201306935,0.1380071256,0.141122253,0.4012757975,0.2085150079,0.9470921893,0.0012504224,0.0008786752,0.417,0.255,63.5410520582762,24.9625561657514
"54031",0.0983744395,0.0001458045,9.4772909528,5622,0.1199700075,0.0352982704,9354.24,7.1,0.2057413123,4.7805433734,4.8847439594,0.1142569813,0.1412453356,0.1476736596,0.4104219603,0.2036710397,0.6660962567,0.0004319965,0.0012239902,0.4,0.273,38.6650878422464,38.6650878422464
"54033",0.0759931864,0.0011502559,17.548775272,4900,0.0929672567,0.0291810689,10436.47,8,0.2030822814,4.9649871521,5.076723669,0.1295676586,0.1454243091,0.1484266617,0.3689650172,0.2016904107,0.7303289483,0.0017982456,0.0014327485,0.371,0.255,30.9179692292592,25.5195936495473
"54035",0.0717442163,0.0003106019,9.6631695196,5120,0.0886336867,0.0257049385,11388.91,7.9,0.1960994748,5.0565176593,5.0642153214,0.1234328458,0.1491356341,0.1484374992,0.3920062801,0.229840851,0.3730101674,0.0005488474,0.0006517563,0.429,0.242,39.1551696340143,19.5775848170072
"54037",0.064739292,0.0005857503,8.8750044375,4492,0.0785833358,0.0284662761,8859.57,8.8,0.1822446553,4.3560004737,4.5072214185,0.1564129564,0.1263564948,0.1321917406,0.3451627293,0.187955083,0.5495532543,0.0006564008,0.0004257735,0.337,0.213,47.192906906092,16.5175174171322
"54039",0.0703108744,0.0013148347,17.949403414,5496,0.0868005474,0.0217884463,10336.4,7.4,0.2104931122,4.6060328647,4.7305071331,0.1298458467,0.1422619293,0.1455144506,0.3823993283,0.2138820071,0.7253072831,0.001637663,0.002206818,0.378,0.26,78.9108125995476,26.3642115827982
"54041",0.0734067663,0.0007395538,9.2444225317,5739,0.0903737017,0.026689381,10090.51,7.7,0.2307956504,5.1218932079,5.0360733872,0.1219822567,0.1528824063,0.1516884123,0.4122591336,0.2106869495,0.5447104813,0.0014715801,0.0010423692,0.432,0.358,39.1276591363084,24.7122057703
"54043",0.0800667223,0.0004321729,3.8415366146,7957,0.099005867,0.0295545704,11084.61,7.8,0.2668355121,5.4646727259,5.4383943983,0.111231211,0.1646214923,0.1643237362,0.3751943839,0.2432307102,0.1557090239,0.0003767898,0.0005651846,0.43,0.366,71.8207354443309,28.7282941777324
"54045",0.0780777286,0.0004859529,6.6818526955,14383,0.0965649647,0.0239416058,12794.04,7.5,0.2779934046,5.4952198685,5.5153214397,0.1071718862,0.1609252978,0.1612863549,0.3955532136,0.2230523369,0.2697384536,0.000652819,0.00115727,0.427,0.386,62.4798452112222,17.1315704611416
"54047",0.0983481399,0.0002709146,5.4182921543,8430,0.1232407407,0.0248021108,10243.14,6.9,0.3318936856,6.3962116913,5.9641561528,0.0926515582,0.2010030948,0.1936942061,0.454020578,0.2785329985,0.3219373219,0.0003134632,0.0010971214,0.449,0.36,68.0759584378359,39.4123969903261
"54049",0.0656245789,0.0005325097,16.685304507,7963,0.0799868531,0.0230093071,11823.02,7.8,0.2078594119,4.6997733988,4.8848741234,0.1335694635,0.1401788329,0.1445698129,0.4000488091,0.2599293349,0.5619483144,0.0009374226,0.0006190527,0.374,0.274,50.8960064389366,16.5707927940724
"54051",0.0748574046,0.0004168003,13.465854441,9042,0.0913520097,0.0255468625,10873.6,7.5,0.1993912333,4.8903736177,5.0824502649,0.1294220723,0.1445425334,0.1483770567,0.3751190194,0.2151584106,0.7539795209,0.0001572673,0.0005032554,0.407,0.286,59.7218667349202,22.3957000255951
"54053",0.0705438359,0.0005223686,12.312973397,7049,0.0873549578,0.0249048772,10522.55,7.3,0.2380305004,5.3724334933,5.0946069506,0.1129056433,0.1615386007,0.1567404887,0.4086014345,0.2447737848,0.3749451032,0.0001491146,0.0003727866,0.417,0.338,47.2966245145873,18.6697202031266
"54055",0.0770875142,0.0006694225,13.221093502,4728,0.0962644102,0.023341034,10466.82,7.1,0.2549302746,5.4510655609,5.515511323,0.100619477,0.1634385741,0.1621266045,0.4159453327,0.2390245428,0.6005075164,0.0011245618,0.001719918,0.395,0.318,90.3251706142112,27.320576296891
"54057",0.0701298701,0.0003306149,12.489897877,5009,0.0865378401,0.0237797247,11403.84,7.7,0.2263235221,5.1574367531,4.9225980451,0.1252058658,0.1510967394,0.1514379768,0.393888211,0.2223758932,0.6199489579,0.0007661158,0.0003283353,0.361,0.261,44.1322496414255,24.5179164674586
"54059",0.0869832488,0.0002072367,8.2894682306,16802,0.1086092715,0.028094014,12532.59,7.1,0.2967874948,5.866549981,5.5694524903,0.1042230016,0.1735540483,0.1684704921,0.3997399733,0.2484023615,0.5223368978,0.001095468,0.0006491662,0.419,0.457,38.5892859603909,15.1600766272964
"54061",0.0716751622,0.0013234314,10.092354565,5760,0.0836169599,0.0249438202,11383.73,7.3,0.1800654075,4.6974378447,4.7314744376,0.1793608962,0.140336371,0.1436501001,0.3714970474,0.1974177432,0.8528729896,0.0022557397,0.002924815,0.302,0.191,33.2202789237895,11.0734263079298
"54063",0.0905912905,0.0003730786,8.9538874795,4669,0.1110661269,0.0334545455,9959.35,7.9,0.219468709,4.9910545433,4.9238694587,0.1177831465,0.148329949,0.1474162967,0.3670700162,0.2163484756,0.3935713228,0.0003739716,0.0003739716,0.315,0.275,79.8961350244682,24.9675421951463
"54065",0.0884584223,0.000565419,13.004636436,4805,0.1046645001,0.0355528774,9870.81,8.1,0.1973415787,4.951051495,4.8890828255,0.1198874421,0.1433668623,0.1423171229,0.3629477911,0.2036942121,0.6301807195,0.0005104356,0.0002835753,0.385,0.262,52.7257320402975,28.2459278787308
"54067",0.0787863204,0.0009583516,11.580082259,6765,0.0971108654,0.0266385588,10928.8,7.8,0.2271958253,5.2136343523,5.5944591597,0.1272400451,0.1538974285,0.1577458309,0.3854687797,0.2220376144,0.50512713,0.0006321362,0.0008296788,0.407,0.313,79.7914782701207,25.2673014522049
"54069",0.0637801566,0.0015939098,19.74545022,6435,0.0774086237,0.0238758938,11281.33,7.6,0.184792376,4.446826619,4.8781524109,0.1348171382,0.1380433162,0.1455338333,0.36575035,0.189589377,0.9257250861,0.0026578229,0.0025872613,0.323,0.236,91.8404509682834,19.0014726141276
"54071",0.0916256158,0.0004288165,10.005717553,6007,0.1075851393,0.0403481013,9822.4,6.8,0.2181406195,5.0600143461,4.9034795964,0.1141058341,0.149884895,0.1497002519,0.3685168159,0.2050884829,0.8656270305,0.0005672954,0.0008509431,0.366,0.3,66.5272761832351,76.0311727808402
"54073",0.0609489051,0.0001331203,13.312034079,8281,0.0746378591,0.0221327968,14267.22,8,0.2265779451,5.005404915,4.8916806697,0.1296141647,0.1447631582,0.1456108364,0.3885057798,0.2143968583,0.6639053254,0.0005269398,0,0.308,0.228,88.4564352056612,61.9195046439629
"54075",0.0854896823,0.0004730369,15.373699149,3248,0.1021585809,0.0324718357,10892.48,6.7,0.2098215096,4.9258286876,5.0763303492,0.1230060727,0.1479362993,0.1519506813,0.3647312199,0.2188594983,0.9334786099,0.0003528997,0.0005881661,0.329,0.206,39.4150802096882,35.4735721887194
"54077",0.0833399729,0.0003859972,8.9076278987,5662,0.0998247757,0.034419738,11056.17,7.8,0.2028348571,5.1607181798,4.8283575362,0.126845232,0.1511497215,0.1464210266,0.3880331928,0.2211142024,0.3338902148,0.0001184904,0.00068132,0.368,0.305,36.5338283502508,15.7984122595679
"54079",0.0567576244,0.0010564868,10.740949429,5178,0.0702627858,0.021792306,10256.61,8.4,0.180896381,4.5047985272,4.8802380011,0.1356983955,0.1297391017,0.1355162052,0.3417654555,0.1792601038,0.6247161446,0.0007376056,0.0004390509,0.395,0.234,50.465041222897,20.5380981721093
"54081",0.0737625077,0.0008797419,11.463304097,7363,0.0921751789,0.0246921298,11226.78,6.9,0.2454710452,5.4846912054,5.6137980494,0.1041606315,0.1612029778,0.1635209837,0.4170568616,0.2306649044,0.617177494,0.0012924113,0.0020756909,0.38,0.298,52.683540156811,23.9068165417462
"54083",0.0799825175,0.0008685079,10.769498002,4103,0.098067287,0.027457441,10619.54,7.8,0.2150393424,5.1787756015,5.2370909655,0.1214360615,0.1521919568,0.1559013961,0.4061644782,0.2353506127,0.8024485632,0.0011721713,0.0016203544,0.342,0.295,54.2637448911261,18.4727642182557
"54085",0.0895029085,0.0002046245,10.231225701,6946,0.1076327823,0.0364741641,10661.87,7.8,0.2205180072,5.0291920556,5.0279413414,0.1173007523,0.1497190088,0.1528439415,0.3742278926,0.236254021,0.3038568284,0.0003037975,0.0008101266,0.441,0.257,34.0483486550902,34.0483486550902
"54087",0.0863013699,0.0005696788,5.6967884355,3994,0.1054064085,0.0326194399,10345.11,7.2,0.2327397022,5.4844516054,5.1507883995,0.1057504217,0.1657296311,0.1594455592,0.3739707399,0.2334531165,0.4876055206,0.0007038288,0.0008445946,0.414,0.254,64.0068273949221,33.1887253158855
"54089",0.0779618702,0.0003848226,8.4660971292,5065,0.0939597315,0.0275768535,10924.29,7.5,0.2527976942,5.6700926446,5.5535301896,0.1053144853,0.1670059483,0.1652522923,0.4281309425,0.2299925685,0.5199971279,0.0008545681,0.0010099441,0.411,0.379,82.8478964401294,31.0679611650485
"54091",0.0730486232,0.0003544005,11.22268163,3760,0.0892147877,0.0263754963,12440.46,8.3,0.2191456073,5.0532452455,5.0973835708,0.1193164139,0.1498265024,0.1509810633,0.4007919498,0.2159708561,0.4397158923,0.000474524,0.000711786,0.407,0.315,35.5373042980395,33.5630096148151
"54093",0.0772583201,0.0004338395,4.3383947939,4072,0.0910012674,0.0298889838,10703.41,8.4,0.2081059269,4.7496439788,4.9192870019,0.1258991083,0.1384679827,0.1434181238,0.3497080781,0.1998639576,0.9854362134,0.0005775339,0.0007219174,0.291,0.205,52.8947874591268,57.7034045008655
"54095",0.0742697784,0.0005685048,17.055144969,6709,0.0897159647,0.0287610619,10672.01,7.7,0.2096311886,4.9250083167,4.9555394188,0.1226743614,0.144796728,0.1478463467,0.3888764985,0.2109177079,0.7476107732,0.0002229157,0.0002229157,0.345,0.282,52.8042846905292,45.260815449025
"54097",0.0801241898,0.0004087472,11.036174126,3211,0.0996290801,0.0273865415,9156.42,7.7,0.2336792855,5.1120355909,4.8947990404,0.1265168128,0.1493100003,0.1452553306,0.3939997609,0.2164425183,0.6376267832,0.0007299862,0.0013383081,0.35,0.254,58.473170333705,17.6779352171666
"54099",0.0780296563,0.0005479043,6.226184843,6651,0.0955791972,0.0273570506,10508.51,7.6,0.247213552,5.6077097512,5.2958955744,0.1166409967,0.1639889811,0.1559363901,0.4010553019,0.2447391497,0.4961276806,0.001356986,0.0007895191,0.427,0.336,51.3976854461651,16.579898531021
"54101",0.0830082696,0.0003583373,7.1667462972,7135,0.1017976589,0.0292226768,12241.53,7.6,0.2426908303,5.5068290943,5.3154831793,0.1056681013,0.1663853761,0.1656759698,0.3874467327,0.2365202171,0.4537906926,0.0001156604,0.0020818876,0.368,0.337,67.1857092044422,55.3294075801288
"54103",0.0776298045,0.0005182354,15.547062253,4851,0.0952702703,0.0256005057,10929.75,6.1,0.2242032445,5.1498529748,5.3286980743,0.12031798,0.1523426991,0.1594843263,0.4008798102,0.2352520953,0.5746246156,0.0009590793,0.0003836317,0.379,0.269,51.7832869441388,60.4138347681619
"54105",0.0825965064,0.0001725923,8.629616845,8375,0.1005797101,0.0326173429,10964.11,7.9,0.2284464834,5.1780498564,5.1979794011,0.1196546278,0.1536398912,0.1546341413,0.3870031347,0.2265981353,0.4525100577,0.0005167069,0.0013778849,0.347,0.262,5.7372346528973,5.7372346528973
"54107",0.0708611235,0.000822523,18.095506674,6774,0.0882517483,0.0220360194,11692.27,7.6,0.188863619,4.9039148322,4.6606967826,0.1262634068,0.1471639598,0.1434469275,0.3605968331,0.2117050736,0.6982496895,0.0012493724,0.0010041685,0.397,0.306,71.3865463816435,21.9650911943518
"54109",0.0773905273,0.0002828854,6.129184347,9494,0.0953139943,0.0247933884,13549.85,7.6,0.2657773952,5.6067195956,5.9565208166,0.113597875,0.1643541332,0.1697745979,0.4170597841,0.2534914319,0.6106908724,0.0002297477,0.0002756973,0.364,0.404,53.3258049843944,29.7997145501027
"55001",0.0786386788,0.0001001352,6.0081109498,3481,0.085279686,0.055801293,9127.93,8.5,0.1514992705,3.5970489526,3.6186410777,0.2215383523,0.1089250304,0.1127132384,0.3189651338,0.1577351185,0.5207664671,0.0003986247,0.0002491405,0.324,0.258,38.0857757906938,16.5590329524756
"55003",0.0792219718,0.0016129032,11.612903226,2808,0.0917030568,0.0476740826,8555.66,7.4,0.1581712847,3.9725060807,3.8992132195,0.2302220326,0.121408987,0.12559334,0.3191069213,0.1680093293,0.6429411401,0.0026091383,0.0008272878,0.326,0.188,64.0833938565386,21.3611312855129
"55005",0.0798223639,0.001104948,17.237188128,3841,0.0893178089,0.0549231076,10383.89,8.6,0.1354777153,3.375117899,3.6268970234,0.2381150309,0.1032215387,0.113137847,0.3156907607,0.1560843969,0.7431000654,0.0007266802,0.0010129481,0.413,0.197,80.9853710970573,19.141996804759
"55007",0.0915044738,0.0003331557,13.992537313,1953,0.1006259027,0.0636634401,8991.58,8,0.1379037815,3.7444340474,3.6332502347,0.2317698268,0.1122277777,0.1189103507,0.2954465951,0.1661425867,0.7743439457,0.0024175677,0.0001343093,0.288,0.218,37.8273736676976,22.2513962751163
"55009",0.0723103332,0.0007135988,8.7768839772,2724,0.0830320084,0.046909365,9676.45,8.5,0.1311994737,3.3620565773,3.3769392198,0.2808217028,0.1008994222,0.1075675559,0.3392555413,0.1645160676,0.934062345,0.0016935419,0.0010867854,0.335,0.19,57.6459824058863,16.5429971584221
"55011",0.0697560498,0.0001518949,8.3542188805,3931,0.0742218675,0.0584712927,8542.78,8.4,0.126593003,3.4232390868,3.3948718219,0.2386331885,0.1020358053,0.1074120022,0.3004147171,0.1550120041,0.6686538603,0.0001526834,0.0003053668,0.327,0.196,55.8503211393465,60.9276230611053
"55013",0.0841998712,0.0001302762,18.238665972,4924,0.0921977223,0.0607155764,10565.75,8.4,0.1563337821,3.8635030623,3.9383387212,0.2059154346,0.1171551742,0.1228635724,0.3108655845,0.1644434201,0.6994242091,0.0013803983,0.0003286663,0.344,0.283,76.1581478338447,78.3340949148117
"55015",0.0436952061,0.0001198394,7.190364911,2148,0.0495760372,0.0299081561,9520.1,9.1,0.1063582792,3.0592304595,3.1084232397,0.2781331201,0.0891030892,0.0966116689,0.3141958242,0.1404302691,0.8519123563,0.0003027062,0.0001816237,0.275,0.161,58.085579420346,12.685356425133
"55017",0.0568145674,0.0008462226,11.28296742,4708,0.0642570281,0.0385586569,8795.88,8.5,0.1326766421,3.2752604249,3.4500703142,0.2436751976,0.099173682,0.1069915795,0.3015477548,0.1548198755,0.6416886966,0.0007384248,0.0005184685,0.306,0.2,64.1972473472967,19.8332959284331
"55019",0.16460775,0.0002883589,14.129588512,4807,0.1583297553,0.1725581848,10126.22,8.8,0.1466332395,3.5775978283,3.6939747875,0.2379113282,0.1092181027,0.1164216044,0.2961530333,0.1709388777,0.4661285673,0.0003183147,0.0004919409,0.4,0.232,83.6981095771802,11.5445668382318
"55021",0.0564395984,0.0004541643,13.275572946,4644,0.062006632,0.0419412358,8440.07,9,0.125021641,3.1907731815,3.4455971819,0.2564511522,0.0946394891,0.1031395572,0.308907024,0.147829229,0.746502912,0.0011066805,0.0007904861,0.457,0.251,44.3063433858208,17.4893460733503
"55023",0.0647810992,0.0006784261,9.2512643395,5616,0.0704306662,0.0503163603,8981.35,8.3,0.1394852574,3.5332334095,3.5668343783,0.2323931235,0.1054733915,0.1111366318,0.3252121236,0.1584510581,0.7313746696,0.0009803321,0.0003676245,0.305,0.178,22.5289804612297,10.2404456641953
"55025",0.0506129811,0.001276994,12.546232775,3607,0.0587872589,0.0267843319,8012.7,8.4,0.1271005777,3.2127866931,3.4744291118,0.2944011884,0.0954970229,0.1053971603,0.2803612257,0.1304047093,0.9414985053,0.0036459598,0.0013778227,0.232,0.137,42.9178418350203,13.6020367031396
"55027",0.0554697708,0.0004556535,12.074818308,2824,0.0617642348,0.0391346886,8466.37,8.8,0.1291928063,3.2773808118,3.2192861124,0.2626503034,0.0960588667,0.1020186434,0.3472061934,0.163928643,0.8507982289,0.0009310987,0.0008856792,0.383,0.207,54.2280840800755,15.9271295899523
"55029",0.0698417607,0.0008004949,19.648509988,2385,0.0766245065,0.0484900043,8999.11,8.9,0.1145406367,3.1693782184,3.3426028317,0.2296696898,0.0952037271,0.103942949,0.3108451466,0.1371561163,0.7266150801,0.0013412114,0.0006162323,0.323,0.196,87.0827285921626,15.7232704402516
"55031",0.0659350282,0.000207929,12.244709361,6634,0.0759032408,0.0366580457,10334.45,7.8,0.1398917684,3.7269161536,3.7774787281,0.2432678634,0.1125683791,0.1176715461,0.3183456715,0.1705501871,0.6631943658,0.0011262038,0.0005056425,0.372,0.212,65.3841124299044,19.2306213029131
"55033",0.0597417504,0.0006041215,10.739936903,2826,0.0680984408,0.0355774494,9343.93,8.4,0.1380193268,3.4723276014,3.5151713628,0.2496238182,0.1050272084,0.1126199445,0.3080599195,0.1524638467,0.636523246,0.0014316392,0.0006934503,0.388,0.205,54.2637963843958,14.8667935299715
"55035",0.0649971829,0.0012346751,12.443209769,5057,0.073356611,0.040664244,8873.31,8.1,0.1388462175,3.492365141,3.4832391789,0.251725703,0.1064389315,0.1106787526,0.3161790819,0.1534897703,0.8282490682,0.0027290827,0.0014276696,0.283,0.186,79.0564643121124,17.9965935019443
"55037",0.0743264168,0.0006863418,6.8634179822,3120,0.0792117465,0.0562130178,9339.68,8.6,0.1357290227,3.3925544035,3.4943490993,0.216856477,0.100988232,0.1091024675,0.3138510899,0.1485742455,0.7311779335,0,0.0002244165,0.354,0.245,45.6343170063888,0
"55039",0.0552280332,0.0006338495,12.091898428,2912,0.0616373036,0.0392438695,9683.29,8.5,0.1377913061,3.2511590877,3.4994787964,0.2434686836,0.0982588766,0.1061823232,0.3013830575,0.1516031375,0.8308915411,0.001076911,0.000685307,0.32,0.23,54.9132760155707,17.5462538747977
"55041",0.1142857143,0.0003344482,8.9186176143,3412,0.1246038035,0.0855904659,8710.27,7.2,0.1614330138,3.9117476859,3.9291370999,0.2290432803,0.1184483816,0.125546538,0.3200143445,0.1757652456,0.5439595873,0.0011032657,0.000772286,0.309,0.233,74.0055504162812,99.9074930619797
"55043",0.0807706176,0.0004423162,11.346372046,5181,0.0880841779,0.0616707842,7907.77,8.3,0.1458772393,3.5641544103,3.5465596917,0.2773086333,0.1074424308,0.1135290498,0.3316654041,0.1573742746,0.6811826277,0.0008618378,0.0005937105,0.354,0.192,57.1366207219758,14.7656435573645
"55045",0.0584031379,0.0005698624,9.7690700388,3674,0.0659720642,0.0389854392,8031.99,8.7,0.1242403642,3.1913408302,3.3526219661,0.252372142,0.0942030669,0.1033935301,0.3029089771,0.1421045717,0.7064763042,0.0008900877,0.0008091706,0.327,0.242,31.5727752469442,13.5311893915475
"55047",0.082435047,0.0009061834,15.991471215,3235,0.0863330125,0.073283859,8829.37,8.3,0.1369574025,3.4934877741,3.5781671332,0.235453303,0.1049489516,0.1116428828,0.3041306676,0.168686105,0.739121306,0.0010150115,0.0005876382,0.321,0.268,78.0183343085625,72.6989024238878
"55049",0.0563539896,0.0006746785,8.4334809192,5705,0.0636428571,0.0390570021,7782.39,8.6,0.1211746957,3.3162367639,3.3744822714,0.2489506717,0.0980844583,0.1048857747,0.309441954,0.1461687777,0.6135010765,0.0006341422,0.0005073138,0.301,0.208,49.1987630025302,8.43407365757661
"55051",0.0734132042,0.000705343,5.2900722977,2595,0.0810110175,0.0447761194,8670.2,7.9,0.1333707668,3.4578467994,3.5523904853,0.2058481154,0.1047892068,0.1128658276,0.3255291458,0.144419595,0.6362407032,0.0006985679,0.000349284,0.271,0.205,87.8580214373572,105.429625724829
"55053",0.1013798018,0.0010229432,12.177894686,4119,0.1091041118,0.0822867042,9812.66,7.7,0.1415326478,3.5645153136,3.5792346396,0.2505007971,0.1068519579,0.112549161,0.3137787504,0.1660386866,0.6543596264,0.0014103686,0.0004377006,0.341,0.269,35.7322678620734,21.1145219184979
"55055",0.0587986278,0.0004007922,12.141644662,3638,0.0679531195,0.0345853477,8603.67,8.9,0.1285074785,3.1164980229,3.4249033464,0.2517814451,0.0938554664,0.1053357522,0.3256938427,0.152383707,0.7801782855,0.0008626292,0.0003545052,0.325,0.211,54.5984461046562,16.1045776279921
"55057",0.0807231343,0.0008278146,11.288380494,3086,0.0907355648,0.0534798535,8469.71,8.1,0.14751375,3.6083809478,3.6194956435,0.2450032965,0.108957948,0.1126520552,0.3411392243,0.1726508497,0.6260876088,0.000608967,0.0006470275,0.36,0.241,27.6844476323505,23.9092956824846
"55059",0.0661064149,0.0004687843,7.5954925499,5119,0.0771800383,0.037403278,10064.19,8.2,0.1458379445,3.5393825034,3.6663219471,0.262832534,0.1054352707,0.1128203093,0.3283122841,0.1780010194,0.9482833211,0.0009394529,0.0005291855,0.314,0.211,45.8503460515342,13.0436329284537
"55061",0.0564580396,0.0005380289,8.804108584,2313,0.0636515913,0.0379965458,8218.49,9.2,0.1230960864,3.2680034769,3.3643270662,0.2523499094,0.0965699088,0.1034365822,0.3012641251,0.1397076792,0.6338096627,0.000490076,0.0006370988,0.345,0.305,75.1228912514494,71.8566785883429
"55063",0.0504569266,0.0013866108,13.697008641,2962,0.0576193134,0.029753622,8280.63,8.1,0.1327867648,3.5158210291,3.4793403721,0.2609827974,0.1037667376,0.1091402253,0.3091937166,0.1540321019,0.9163017499,0.0026921319,0.0018370837,0.264,0.208,68.8048817627585,18.3291693220463
"55065",0.1101669868,0.0002389344,9.5573741115,4077,0.1067757499,0.1173530112,9299.09,8.8,0.1357975575,3.3752059326,3.4493395595,0.2451404295,0.1027729666,0.1089708557,0.3136052382,0.1587181815,0.5298764552,0.001790724,0.0001790724,0.279,0.276,25.9175820889571,19.9366016068901
"55067",0.0691186676,0.0008350731,19.311064718,3451,0.0776247208,0.0451846114,9631.02,7.7,0.1582038049,3.8071588561,3.8252667395,0.2128669567,0.1143675067,0.1187426271,0.3169152929,0.1577865635,0.6421384592,0.0009364757,0.0007803964,0.316,0.227,60.7122413224861,17.3463546635675
"55069",0.0570061327,0.0006106761,13.65040592,3994,0.0626801153,0.0388065523,8509.27,8.7,0.1303683448,3.4435356289,3.5232130141,0.2407930859,0.1009465748,0.107628929,0.3403947418,0.1705017732,0.7531572905,0.0007167945,0.0005375959,0.417,0.21,79.1091826583083,14.383487756056
"55071",0.0650165121,0.0004799495,10.356804547,3677,0.0738577003,0.0405063291,8987.37,8.5,0.127780242,3.2775126001,3.4685133136,0.2466786045,0.0986841829,0.10634634,0.3058066664,0.1510695671,0.7581960168,0.0008549588,0.0006915108,0.359,0.202,77.801375191875,18.0835628824358
"55073",0.0649059982,0.0008840951,13.6297999,4155,0.072200296,0.0470149254,8779.49,8.5,0.1176050491,3.4930449813,3.3217149868,0.2359221354,0.1037219759,0.1048505478,0.3125385825,0.1542052031,0.7293585851,0.0015412638,0.0009955532,0.335,0.225,76.211454827504,15.4881343681702
"55075",0.0620852769,0.0006450012,15.87695361,3163,0.0697998866,0.0397484277,9390.09,7.8,0.1432988233,3.546139295,3.6257042565,0.2264064275,0.1057703359,0.1131916786,0.3420792094,0.1783823882,0.7619583703,0.0011607518,0.0007409054,0.325,0.227,84.1341196849095,18.9714191446364
"55077",0.0849212564,6.53253e-05,10.452051215,4086,0.0902850494,0.0698360656,8309.29,8.9,0.1429855758,3.5137070263,3.5239012715,0.2199879808,0.1038921634,0.1101962512,0.3145237091,0.1562020875,0.4056089327,0.000929183,0.0001327404,0.4,0.246,58.9403828941911,30.5616800192102
"55078",0.0990481091,0.0004333694,6.5005417118,4073,0.1326616289,0.0469245403,9482.06,6.5,0.3247431014,6.3307041527,5.7944647141,0.1987886977,0.2072234361,0.2011010897,0.4003639623,0.3316807366,0.111294896,0.0015442312,0.0006618134,0.45,0.298,50.7025930754744,50.7025930754744
"55079",0.0809287252,0.0007163226,8.6546894447,5481,0.0991721703,0.0336240721,10468.76,7.6,0.1921289489,4.0021505601,4.263946715,0.2508574705,0.1216212899,0.1293983398,0.3596534246,0.1817158651,0.978556242,0.00259289,0.0015155847,0.317,0.229,53.7918333196574,13.5706906745159
"55081",0.0774345774,0.0006356164,9.4246575342,2825,0.0863922593,0.0575296108,9102.23,8.3,0.1410280034,3.444977415,3.5787552426,0.2456248772,0.1039076826,0.1125510675,0.3331408667,0.1705920754,0.651915027,0.0014466388,0.0008986695,0.375,0.228,67.0070430228917,12.3817362107517
"55083",0.0627738203,0.0003195484,9.8527414587,2470,0.0694307926,0.0442533822,9000.92,8.9,0.1233547889,3.3067515755,3.4486553789,0.2391994239,0.0976229733,0.1063386442,0.3267447012,0.1551766621,0.625889538,0.000347315,0.0006144804,0.356,0.214,44.3211332027337,18.6148759451482
"55085",0.0632467432,0.0009076984,14.466443524,3487,0.0685877232,0.0463480901,8760.4,8.9,0.1214424253,3.3521989969,3.354772217,0.229334824,0.0992545531,0.1037225095,0.3184985693,0.1540741932,0.8004889161,0.0026403753,0.0020224151,0.351,0.213,79.9435692452387,15.9887138490477
"55087",0.0530590764,0.0008169452,9.4056186478,2263,0.0617890746,0.0321023098,8724.88,8.9,0.1121109844,3.0184285926,3.3848719028,0.2539834149,0.0917799481,0.1032322716,0.2677922728,0.1491430447,0.9201222445,0.0016149486,0.0008887636,0.327,0.181,68.46491621113,16.6681602294112
"55089",0.0390747683,0.0013683294,11.30850739,3292,0.0438886084,0.0275084888,9366.44,9,0.1055496175,2.8403652434,3.1108017304,0.2650625239,0.0839281182,0.0956251031,0.3206615916,0.1242034483,0.8930956653,0.0022306769,0.0007473334,0.236,0.144,50.0206852457783,11.658956711422
"55091",0.0803269948,0.0004135649,9.6498483595,5410,0.0826486225,0.0734824281,10856.18,NA,0.1324051635,3.4246162616,3.4815567623,0.2303746698,0.1037059752,0.1102144009,0.3086177551,0.1564442553,0.6833578792,0,0.0002737101,0.272,0.27,50.3432494279176,45.766590389016
"55093",0.0488336475,0.0004534498,11.694231641,4349,0.0560880932,0.0289855072,8869.8,8.6,0.1203148919,3.2940282222,3.417504721,0.2776862754,0.0978956428,0.1066943651,0.320395291,0.1566554585,0.7597211049,0.0004122411,0.0001454969,0.307,0.139,45.3482266456633,10.3425780069057
"55095",0.0651006127,0.0007825086,16.110471807,4434,0.07343455,0.0428195686,9605.45,9,0.1350309332,3.4366963696,3.4415928414,0.2463664892,0.1037722373,0.1087216048,0.3054606433,0.1502914141,0.6931795046,0.0017708884,0.0005749638,0.303,0.21,91.1674800235963,20.6850584927487
"55097",0.0547472036,0.0005250163,13.338252405,3133,0.0622291313,0.0322831858,9527.95,8.3,0.1305577703,3.3724249872,3.5305263793,0.2815786225,0.1023910028,0.1099932147,0.3225409313,0.1597570436,0.8124080607,0.0012207759,0.0010930203,0.287,0.184,33.0402193870567,13.2160877548227
"55099",0.0675784393,0.0002231811,14.878738283,5285,0.0695801426,0.0624006359,8849.13,8.5,0.1355354385,3.4826505555,3.5435543237,0.2154160029,0.1070312523,0.1126096528,0.3295866746,0.1611068254,0.6679850272,0.0005918473,0.000887771,0.31,0.225,74.3383883437407,24.7794627812469
"55101",0.0617124777,0.000474318,9.486359533,4647,0.0725429758,0.0348775687,10655.99,8.1,0.1418249994,3.6998603302,3.5540782194,0.2358073652,0.1092645332,0.1099465872,0.3632486408,0.1632715483,0.931886105,0.00118889,0.0005739469,0.387,0.221,67.7106814450616,14.2906965863949
"55103",0.079397211,0.0007421786,7.4217857958,3473,0.0849517084,0.0650385604,9123.4,8.2,0.1471460655,3.5781737441,3.6108285488,0.2354968517,0.106447482,0.1141244177,0.3207132936,0.1586376513,0.6246046279,0.0011444266,0.0004577707,0.371,0.225,66.8334319922091,64.9239053638603
"55105",0.0717969863,0.0004867259,10.412238385,5643,0.0854128669,0.0375584442,10099.5,7.8,0.1622864387,3.848952744,3.5432234154,0.214776758,0.1167952853,0.1128450265,0.3445654954,0.186877696,0.8897468362,0.0015963371,0.0005444871,0.369,0.223,42.9107005736483,19.5048638971129
"55107",0.0877028421,0.0005653311,9.8932937602,1196,0.0934591355,0.0718120805,9218.72,7.4,0.1567390631,3.8321829483,3.7150648272,0.212929072,0.1168924915,0.120704526,0.3242988467,0.1720966631,0.3178583531,0.0004955051,0.0002831457,0.249,0.336,51.8562168532705,23.5710076605775
"55109",0.0457365047,0.0005524052,11.499047383,4241,0.0503045425,0.0358450404,9565.44,9.2,0.1152573243,3.0643683024,3.1679016083,0.2575833478,0.0882154779,0.0974551768,0.3138139573,0.1537321974,0.8399905151,0.0011019096,0.000318077,0.253,0.192,49.1693753612635,16.8902434447089
"55111",0.0728541763,0.0010471859,13.128897641,4894,0.0836072527,0.0457420601,8451.73,8.8,0.1294918297,3.4152480686,3.3632092101,0.2458978787,0.1020628925,0.1078010924,0.3212126956,0.1531593737,0.7917903705,0.0013135467,0.0006880483,0.35,0.181,55.6772592218713,12.488357208644
"55113",0.10710988,0.0008527226,10.963576562,2385,0.1167008898,0.0818429827,7657.94,7.8,0.17023575,4.0900447226,4.1739813257,0.2254326953,0.1240583882,0.1335562246,0.3214879701,0.1945276474,0.6762698557,0.0025658256,0.000672002,0.345,0.253,75.087263576589,20.2938550206997
"55115",0.0793486446,0.0006351533,13.680224747,3079,0.0868057043,0.059979895,9122.47,8.7,0.14153587,3.6671767096,3.7557898469,0.2367845554,0.1088814849,0.1169249252,0.3307135788,0.1623920109,0.5766287635,0.0015342653,0.0006575423,0.36,0.301,74.922837621037,14.6588160562899
"55117",0.0608198961,0.00061555,15.345401581,2874,0.0696848121,0.0383380618,8642.75,9,0.1395246618,3.1935073624,3.2399582608,0.2524936362,0.0960511592,0.1014490926,0.3346723876,0.1464081728,0.8571688296,0.0012562052,0.0007190692,0.333,0.216,56.0326028877008,16.1743595964497
"55119",0.0839276931,0.0003444712,8.365730033,2169,0.0919788873,0.06443769,9130.58,8.3,0.1448631048,3.548059073,3.5879860427,0.2465704819,0.1078924874,0.1134358231,0.3288492698,0.1598654072,0.6177195611,0.0011252997,0.0007338911,0.372,0.285,39.2336363041915,40.8683711501994
"55121",0.076411265,0.0002714441,12.89359392,2998,0.0875625447,0.0512201663,8325.79,9.2,0.1329887068,3.4217214567,3.4437930869,0.2430955496,0.1022304871,0.106744626,0.3088920323,0.1507338967,0.8262423654,0.0004724463,0.0008099079,0.374,0.214,81.3127491614623,19.1988435520119
"55123",0.1055380974,0.0010403459,13.004323938,3194,0.1065251103,0.1018770067,8665.41,8.2,0.1484481002,3.8487193596,3.6240589069,0.2214335916,0.114306673,0.1162075607,0.3200619432,0.1651920939,0.6666106875,0.001330564,0.0006490556,0.341,0.175,47.640702483813,12.9929188592217
"55125",0.1016183412,0.0006456671,19.831204169,3291,0.1068159602,0.0864361702,8078.2,8.5,0.1486787638,3.704268171,3.692095206,0.2205388068,0.1132667761,0.1200848997,0.282522472,0.1641977149,0.9076528231,0.0006064847,0.0003732214,0.292,0.222,78.3939990162322,24.5941957697983
"55127",0.0852751373,0.0003492365,10.962146641,3337,0.0972931893,0.051844643,8921.86,8.3,0.1369241738,3.5107161475,3.415337627,0.2485016943,0.1051007508,0.1072978231,0.3058874391,0.149501167,0.8670912079,0.0009421226,0.0003982168,0.336,0.23,53.5900490381232,14.2045913113098
"55129",0.0676236596,0.0009518974,13.326564285,4142,0.0748527203,0.0471976401,9356.82,8.2,0.1352200267,3.4238262359,3.585634217,0.2210787246,0.1059300592,0.1143784937,0.2985289914,0.156314827,0.7091948966,0.000958589,0.0005112474,0.362,0.296,44.4124862532781,12.6892817866509
"55131",0.0416863834,0.0005477384,9.4003745346,3712,0.0469159905,0.0291317233,9534.52,9.2,0.1001964432,2.8454418978,3.1438936261,0.2500632836,0.0859053708,0.0954898573,0.297911971,0.1428469172,0.9154806766,0.0009233335,0.0004020969,0.308,0.18,50.8528968871115,14.5646646424251
"55133",0.0380787866,0.0013853492,10.982948972,3514,0.0441116152,0.0231910248,9744.45,9.1,0.1079117996,2.8994463467,3.1225823513,0.2482202414,0.0858703172,0.0948753889,0.3054972124,0.1314751328,0.9434867694,0.0019401442,0.0008859908,0.271,0.165,54.3208356590914,14.6408377886678
"55135",0.0670384108,0.0005270864,16.788677404,2264,0.0743270256,0.0464076041,8699.69,8.7,0.1302271561,3.524408213,3.4812161209,0.2410256934,0.1022803268,0.1075829677,0.3408883292,0.1645465736,0.7647967945,0.0005821512,0.0007956067,0.361,0.232,108.521892829757,17.5454557269667
"55137",0.0843310776,0.0002872502,13.952152325,2865,0.0928018576,0.0599088344,9205.79,9,0.145003344,3.5718595398,3.452063779,0.2256986826,0.1083877546,0.1087131383,0.3082043802,0.1628115474,0.596383083,0.0010346826,0.0005380349,0.378,0.236,53.5758441629805,17.8586147209935
"55139",0.0534017859,0.0008039246,11.442721842,3037,0.0605260068,0.0336735536,9289.23,8.4,0.1198746775,3.2127658269,3.3307602544,0.258173858,0.0988485139,0.1064849381,0.3287990656,0.1638699302,0.9177215948,0.002019001,0.0009594669,0.372,0.199,71.7750136900571,17.797074239224
"55141",0.0552429932,0.0014769029,14.7690288,3769,0.0638703303,0.032621407,8939.09,8.3,0.1200987667,3.3284456588,3.3442494234,0.2483382273,0.1016263576,0.107484573,0.3265463959,0.1550593056,0.759461665,0.0014088938,0.0015046439,0.274,0.193,74.3314727664076,15.5047243807231
"56001",0.12539732,0.0007043723,10.174266931,3259,0.1394353159,0.0713513514,8393.96,6.4,0.1600194056,3.7709906118,3.7168351314,0.2198562462,0.1204307764,0.1240230428,0.273924008,0.1596570555,0.9030551806,0.004731284,0.0008626098,0.253,0.149,16.4946305636823,25.1760150708835
"56003",0.1979255774,0.0001679825,9.2390391399,5038,0.2248945807,0.1428571429,10028.09,7.9,0.1493617848,3.5253154077,3.4215392018,0.1665762545,0.1080948219,0.110072535,0.2979059658,0.1605038198,0.6821220432,0.0016659725,0.0004164931,0.331,0.272,30.733124720608,27.9392042914618
"56005",0.1284159555,0.0004973833,8.8663985122,2915,0.1529306241,0.0762291385,8884.28,8.2,0.1176649822,3.121060542,3.1800371608,0.1943444886,0.0941005481,0.1030623108,0.3497671666,0.1691491422,0.5518609239,0.0017621868,0.000491773,0.315,0.249,19.1238446010554,22.6652973049545
"56007",0.1626615844,0.0005227733,9.8019996079,3491,0.1909559513,0.0978436658,7395.01,7.3,0.1592875895,3.6158045193,3.409991703,0.1972455211,0.1114790987,0.1078120143,0.3071021443,0.1570660321,0.7384324835,0.002241004,0.0008964016,0.339,0.295,23.9693192713327,30.5064063453325
"56009",0.1273466563,0.0005069158,9.4141501919,4353,0.1472181192,0.0838406198,10941.4,8.4,0.1327863578,3.2917686346,3.255217465,0.2021688978,0.0990308323,0.1029174585,0.2832697691,0.1653301801,0.8411046049,0.0019026143,0.0009160736,0.321,0.249,16.8107588856868,36.0230547550432
"56011",0.1471577531,0.0004048583,12.145748988,1291,0.1591955416,0.1219512195,8907.23,8.3,0.1150948469,2.9610669821,3.1866186355,0.1884254685,0.0912300671,0.1016192528,0.2766960482,0.1495181851,0.7059155725,0.0002679528,0.0006698821,0.3,0.261,4.47948396344741,4.47948396344741
"56013",0.2011234202,0.0008290832,12.561867196,3028,0.2276470588,0.1451458173,8126.78,7.8,0.1677068078,3.937214272,3.7072667483,0.1649307719,0.1212185128,0.1220970339,0.3045650656,0.1785080405,0.661391222,0.0021370707,0.0007703394,0.292,0.253,48.5047166655516,29.2700876430053
"56015",0.1652672973,0.0008222455,16.444909553,3163,0.1899122807,0.1022600963,8564.31,7.7,0.1548256363,3.6863744056,3.5934639523,0.1590390357,0.1128507969,0.1169905256,0.279536428,0.1631855978,0.7031474074,0.0038088125,0.000373413,0.321,0.326,37.365484256676,34.8744519728976
"56017",0.1355491329,0.0006388416,12.776831346,1678,0.1604,0.0720631787,9082.03,8.1,0.1348788675,3.32767051,3.3928902528,0.1605903108,0.1018654084,0.1085565077,0.3137856747,0.1511418934,0.8025768911,0.0025646506,0.0006411626,0.295,0.256,71.7875089734386,43.0725053840632
"56019",0.1499535747,0.0014157622,16.517225106,2873,0.1720034617,0.0972944849,8300.22,7.8,0.1205677956,3.2461277294,3.4304317556,0.1759271345,0.0996343072,0.1061235403,0.2704903172,0.1540636287,0.6816431322,0.0028281876,0.0004713646,0.26,0.229,70.8048147274015,62.9376130910235
"56021",0.1143354543,0.0007017401,13.017787586,4415,0.1355722237,0.0620246747,9374.37,7.7,0.1459795381,3.4869284701,3.5446536714,0.1743697428,0.1025904316,0.1085687316,0.3227794959,0.1854070154,0.7128779786,0.0037091383,0.001375642,0.301,0.225,40.9560010695947,28.0937858576559
"56023",0.1376404494,0.0006747989,0,2954,0.1558572608,0.1015493746,8601.28,8.4,0.121492325,3.1776444999,3.2540697201,0.1860017304,0.0958938985,0.1049745015,0.2890661429,0.1397494837,0.77935491,0.0012035583,0.000418629,0.258,0.218,29.4071857323254,17.2983445484267
"56025",0.1422137485,0.0007291287,14.331150138,3335,0.1692727464,0.076558163,9121.14,7.2,0.1493701957,3.702408811,3.8352385832,0.1983601586,0.1083090127,0.1145470364,0.302283542,0.1691582423,0.8676872101,0.0036402226,0.0013203519,0.312,0.236,39.2155226719955,28.3686759754861
"56027",0.1923311016,0.0008343763,0,1177,0.2130750605,0.1313364055,11156.67,7.5,0.1465300727,3.754081353,3.8317851968,0.1598001965,0.1160021564,0.1237660612,0.3059812685,0.1729088333,0.7206119163,0.0004032258,0.0004032258,0.277,0.282,13.7646249139711,13.7646249139711
"56029",0.1398579533,0.0011498918,14.204545455,3425,0.1576146789,0.0945839255,8481.04,8.2,0.1243774838,3.3515715484,3.4891740075,0.1913762935,0.1014637035,0.1050011136,0.2717131016,0.1430025118,0.6362701649,0.0031342623,0.0010901782,0.267,0.243,50.9943906170321,27.1970083290838
"56031",0.1488254769,0.0003503854,18.687222612,5078,0.1693860026,0.0943502825,9008.81,7.9,0.1556966804,3.593945985,3.6297913763,0.1672195419,0.1082100264,0.1126240517,0.3025499298,0.1589048139,0.8000461521,0.001843318,0.0005760369,0.29,0.223,58.1215127092374,38.7476751394916
"56033",0.1338656247,0.0006951341,15.88877855,2628,0.1581370949,0.072005988,7299.92,7.5,0.123432983,3.4397559492,3.5525053832,0.1890609004,0.1025062499,0.1078241258,0.3095263022,0.1614557141,0.8672551175,0.0044701987,0.0008940397,0.289,0.228,37.5097911587216,20.961353882815
"56035",0.1460154884,0.0005102561,6.123073783,2929,0.1609035621,0.1107809847,7620.92,8.5,0.1182759398,3.0425423584,3.0979536629,0.189502586,0.0917464438,0.0984426529,0.2900073756,0.144150147,0.4758465892,0.0005118231,0.000818917,0.292,0.204,6.80712024777918,37.4391613627855
"56037",0.1446499513,0.0003675288,10.336748289,2854,0.1694009633,0.0899223512,8729.66,7.7,0.1537716794,3.536555838,3.5435462345,0.203251108,0.1056730897,0.1069329758,0.3117090434,0.1756694329,0.9014518559,0.0022868788,0.0005434167,0.303,0.244,20.6500956022945,25.2390057361377
"56039",0.1603451736,0.0011605416,16.333548248,2130,0.175177305,0.110650371,7948.69,8.2,0.1218169988,3.1663157057,3.0722529868,0.2045114587,0.0954087527,0.0986849406,0.265517424,0.1413726616,0.9971823049,0.0037945755,0.0010780044,0.11,0.108,15.8189165480248,8.62849993528625
"56041",0.1366473726,0.0004391315,2.9275433032,3442,0.1659850034,0.081238852,8200.64,7.4,0.1588575499,3.677537986,3.6999219286,0.1605855909,0.1136863571,0.1195647153,0.3109048541,0.1818058611,0.8130031253,0.0034178982,0.0006258124,0.352,0.251,29.2364416002079,19.4909610668053
"56043",0.167302799,0.0004960317,16.121031746,3979,0.1933527959,0.1058884298,9506.03,8.3,0.1612605867,3.6016870855,3.4796941981,0.1634299492,0.1125748293,0.114908562,0.2847248449,0.1560757263,0.8183522794,0.0031572556,0.0006071645,0.292,0.287,24.8097915977506,49.6195831955012
"56045",0.1337099812,0.0004330879,12.992637505,1359,0.1511717744,0.0892018779,9381.34,7.9,0.1323753459,3.4480643792,3.4187152817,0.1785701205,0.1081269651,0.1116178411,0.3022593971,0.1713812941,0.2715038846,0.001381979,0.0005527916,0.372,0.255,47.3260766682442,56.791292001893
