"5-digit FIPS Code","Uninsured raw value","Primary care physicians raw value","Social associations raw value","Preventable hospital stays raw value","Uninsured adults raw value","Uninsured children raw value","Health care costs raw value","Food environment index raw value","Poor or fair health raw value","Poor physical health days raw value","Poor mental health days raw value","Excessive drinking raw value","Frequent physical distress raw value","Frequent mental distress raw value","Insufficient sleep raw value","Adult smoking raw value","Access to exercise opportunities raw value","Mental health providers raw value","Other primary care providers raw value","Adult obesity raw value","Physical inactivity raw value","MentalDisordersDeath","Suicide"
"01001",0.0938771186,0.0004516957,13.912226498,81.85,0.1219309197,0.0259531305,10674.34,7.1,0.1787881413,4.2240305575,4.1818400188,0.1495412249,0.1231248526,0.1256879348,0.376,0.1738023938,0.708214986,0.0001263652,0.0001805217,0.375,0.311,26.480819460995,18.0551041779511
"01003",0.1152439661,0.0007265266,11.045167371,46.3,0.1471986088,0.0327343851,9537.12,7.9,0.1636197265,3.736320366,3.9660892942,0.153780314,0.1162799691,0.1248073144,0.328,0.179371199,0.721685458,0.0007795673,0.0003398114,0.31,0.238,53.0713622030657,20.4120623857945
"01005",0.1331045208,0.0004152667,7.9278190947,58.44,0.1740155086,0.0363415058,9790.62,5.5,0.2502040126,4.8060566405,4.7680781875,0.1192345003,0.1556197999,0.1510871039,0.396,0.2277668861,0.4526714499,7.43854e-05,0.0001859635,0.443,0.282,39.0718544006251,13.8642064002218
"01007",0.1185588115,0.0005313732,10.627463136,92.87,0.1507056854,0.0314125234,10755.78,7.6,0.195402311,4.3543896681,4.3680624999,0.1430965174,0.132117057,0.133375711,0.406,0.1985076584,0.3283875191,0,0.0002665956,0.378,0.349,35.4337683812673,22.1461052382921
"01009",0.1396365941,0.0002080696,8.8429594438,57.82,0.1769911504,0.0448953162,10326.33,8.5,0.1894760806,4.4515731419,4.4838318637,0.1390288774,0.1325861944,0.1347137314,0.362,0.2103738153,0.2550853076,5.1976e-05,8.66266e-05,0.344,0.285,38.1291306558211,16.7537089245274
"01011",0.1450443191,0.0002804787,9.349289454,67.02,0.191509434,0.0321302817,10314.38,4.5,0.2825794509,4.9558586482,4.5660296529,0.1138095356,0.1580292858,0.1470543241,0.441,0.2277492503,0.231995602,9.29023e-05,0.0005574136,0.394,0.292,18.8548802715103,31.4248004525171
"01013",0.1224264706,0.0003473256,10.915947207,93.13,0.1603967168,0.0275041051,10176.13,6.5,0.2662129034,5.2420308431,4.9779910075,0.1137748841,0.1605738909,0.1552981365,0.406,0.2183234745,0.4600658806,0.0001970832,0.0003941663,0.402,0.347,38.0492323980942,33.0862890418211
"01015",0.1139686808,0.0006486767,14.01141671,72.8,0.1451450298,0.0289184061,10901.19,6.8,0.2200320457,4.9084565308,4.6655153388,0.1466247273,0.1443921055,0.1415397562,0.39,0.2032038238,0.5928549742,0.0008799475,0.0003537044,0.371,0.302,47.9565040286352,18.489254565257
"01017",0.1331442699,0.0004688919,18.169563051,62.49,0.1696384834,0.0294941946,9256.66,6.1,0.2448961679,4.7586970535,4.7323618611,0.1171219827,0.1478672339,0.1471791178,0.395,0.2090587472,0.611632325,0,8.80385e-05,0.403,0.324,47.0394543423296,21.5597499069011
"01019",0.1168212709,0.0003867126,10.05452647,76.63,0.1464501963,0.0313078918,11470.43,8.2,0.192947134,4.4920998432,4.5243152951,0.130800865,0.1330824404,0.137167016,0.343,0.1842082439,0.3294855516,0.0001920344,0.0001152206,0.363,0.318,51.532446116386,20.6129784465544
"01021",0.152329944,0.000182054,16.612429739,65.11,0.1947084315,0.0476277041,10515.38,8.2,0.2085263425,4.6606824193,4.490854876,0.1419655184,0.1390767359,0.1382837964,0.389,0.2011223045,0.3232820842,0.0003869705,0,0.353,0.312,28.0696430603497,15.9314190342526
"01023",0.1181774115,0.0003796507,20.501138952,64.87,0.1467483383,0.037235947,11241.35,6.2,0.2495127206,4.9726306721,4.6845877636,0.104430517,0.1498789661,0.1446624565,0.425,0.2047858547,0.2010967602,0,0.0003752909,0.413,0.326,37.9881476979183,30.3905181583346
"01025",0.1255639098,0.0005673759,19.047619048,62.55,0.1606959381,0.0314586995,9935.26,5.2,0.2290433968,4.8603151207,4.6965588541,0.1187308093,0.1503605944,0.1467673594,0.389,0.2005875892,0.381411373,0.0003607937,0.0004008819,0.396,0.323,28.3737772253148,8.10679349294709
"01027",0.1436958345,0.0002950941,11.066027296,57.37,0.1799518439,0.044955045,9781.85,7.8,0.2108929061,4.5910380687,4.6096351645,0.1286466355,0.1403691392,0.142946282,0.361,0.1914268322,0.2126040769,7.37898e-05,0.0003689492,0.377,0.306,86.2090199265992,14.7786891302741
"01029",0.1212046,0.0002663471,9.9880143827,67.61,0.1547509225,0.0372532666,11134.31,8.1,0.1723973366,4.077727709,4.3087417924,0.146141508,0.1212485588,0.1286790999,0.328,0.1829197516,0.4015495592,0.000397878,0.000198939,0.345,0.287,35.5381813335703,42.2015903336147
"01031",0.1193324715,0.0005662846,16.012184882,52.76,0.152815979,0.0362989324,9855.89,7.5,0.1894319274,4.292121602,4.1957374385,0.1386694591,0.128010933,0.1306743695,0.354,0.1856821751,0.7079362537,0.0004910723,0.0004517865,0.334,0.303,38.4750824931853,17.6072411409492
"01033",0.1060274472,0.0006255289,18.213930897,74.59,0.1335684237,0.0305569246,10879.2,7.2,0.1988229628,4.452163704,4.3593710653,0.1313895405,0.1350828486,0.1353733413,0.359,0.204485884,0.4425295804,0.0002566782,0.0009350421,0.325,0.33,71.1163426581572,17.7790856645393
"01035",0.1465794769,0.0003945707,9.4696969697,140.09,0.188505431,0.0340425532,10934.61,5.1,0.2769151006,5.3249158584,5.097072835,0.1008156544,0.1735724515,0.1648610811,0.412,0.2292938126,0.0012851527,0.000394633,0.0002367798,0.387,0.346,42.3987068394414,37.0988684845112
"01037",0.1348181495,0,10.257366654,71.71,0.1624218393,0.0404797601,10704.08,6.6,0.2322919676,4.7476384187,4.6322629196,0.1160703085,0.1468294366,0.145765405,0.39,0.2030492465,0.2448219083,9.18611e-05,9.18611e-05,0.404,0.31,65.2356248640924,62.1291665372309
"01039",0.1226305094,0.0005021805,13.21527686,93.51,0.157552143,0.0313367253,10886.93,7.4,0.21239807,4.6126189336,4.4429323861,0.1298504945,0.1391856445,0.1392278471,0.355,0.1856733685,0.5115053621,0.0005011341,0.0004747587,0.334,0.328,28.2668032895492,12.3667264391778
"01041",0.1280857419,0.0001432357,10.742677075,73.06,0.1624531269,0.0391146149,10219.74,6.2,0.2028149457,4.241128657,4.4421193194,0.1312818341,0.1330146226,0.13864864,0.393,0.1902747925,0.3558895441,0.0002861844,0.000643915,0.382,0.3,43.0076697010967,43.0076697010967
"01043",0.1414699305,0.000548747,12.072434608,58.65,0.181061137,0.0373542083,10123.51,8.2,0.2076901517,4.5281584088,4.3912356633,0.1336229384,0.1332793349,0.1358227848,0.349,0.1795909094,0.381339701,0.0010210484,0.000578184,0.345,0.334,52.8960592435864,23.5997802779078
"01045",0.1147269046,0.0002219308,11.70180571,53.65,0.1485677568,0.0284502121,10691.7,6.7,0.2148935589,4.6441798968,4.7206006119,0.1461758645,0.1361120252,0.1383248387,0.408,0.1906946571,0.4796720463,0.0007275079,0.0007477164,0.373,0.287,44.5118866970157,12.1396054628225
"01047",0.1212968962,0.0007050643,13.615034889,63.59,0.1620675281,0.0242073287,10329.2,4.3,0.2800030139,5.4884965368,4.9523643649,0.1007914944,0.180042301,0.1654301814,0.437,0.2272669541,0.5883386581,0.0003596174,0.0001678214,0.419,0.281,31.7460317460317,10.5820105820106
"01049",0.1764735635,0.0004077042,9.2787853226,68.57,0.2297207447,0.0480779883,10156.38,8.5,0.2228648679,4.9765546586,4.7312515876,0.1328946076,0.1481336695,0.1454272024,0.363,0.215681082,0.4024806986,0.0001688595,0.000337719,0.304,0.305,44.1117811304817,15.0167765550576
"01051",0.0931766232,0.0002945942,10.433544459,63.86,0.1197081237,0.028093957,10031.65,7.6,0.1715945934,3.947610692,4.2610996729,0.1655418926,0.1178968242,0.1262944781,0.34,0.1849480765,0.6806299888,9.87935e-05,0.0001728886,0.361,0.279,30.7069979201127,22.1090385024811
"01053",0.1554595054,0.0003969409,14.554499987,95.58,0.2040357624,0.0382830626,11031.84,6.5,0.2534024468,5.1734530736,4.8161574094,0.1210472243,0.1603921288,0.1529274822,0.387,0.2107871252,0.5611576503,0.000371028,0.000238518,0.384,0.3,60.9271523178808,19.4260485651214
"01055",0.1197089232,0.0008150829,15.622422543,80.7,0.1529152016,0.0292756108,12308.84,7,0.1969252203,4.4923911939,4.5434579286,0.1236005169,0.1369179971,0.1405777015,0.399,0.1919868299,0.4396916595,0.0008982817,0.0005795366,0.361,0.334,65.6634923920919,15.202877548908
"01057",0.1191463691,0.0010143803,11.337191957,86.36,0.1516368128,0.0314918602,11417.23,7.7,0.2100570775,4.6029809012,4.63141039,0.1330047467,0.1406722665,0.1404420428,0.368,0.1978939769,0.2744040369,0.0001185255,0.0001777883,0.378,0.346,79.714621654477,31.8858486617908
"01059",0.1644604589,0.0004732458,10.095911156,108.96,0.2128351367,0.0468340202,11748.53,7.9,0.2267153983,4.6840425352,4.6622169151,0.1303922253,0.1468342648,0.144910302,0.377,0.2021777623,0.5883800151,6.32891e-05,0.0003480903,0.33,0.335,54.7800895443771,12.6415591256255
"01061",0.1568664111,0.0002614184,8.5894611047,82.32,0.2019267823,0.0380843413,10500.24,7.9,0.2253451276,4.7560564231,4.6731880941,0.1294722211,0.1439350593,0.1444797622,0.358,0.2146831578,0.2742814483,0.0001497454,0.0002246181,0.38,0.323,51.184100470644,14.9807123328714
"01063",0.1212563915,0.0005896922,11.793843614,74.62,0.1569063005,0.0290145073,10073.02,3,0.3442376556,5.7733478458,5.2500191866,0.0867658234,0.1938158068,0.1763917287,0.47,0.2625703424,0.1515754561,0.000116918,0.0002338361,0.421,0.279,39.2865561404887,31.429244912391
"01065",0.1206713925,0.0001990974,5.9729227502,72.26,0.1557042413,0.0322845417,10359.42,6,0.2910380161,5.3076634512,4.8653623398,0.100805387,0.1661798707,0.1570237624,0.43,0.2205190859,0.5830583756,6.58588e-05,0.0001975764,0.42,0.309,50.8804530572516,59.729227501991
"01067",0.1352154532,0.0002903432,16.259218396,38.02,0.1693132396,0.0426716141,10535.13,7.6,0.2070919313,4.3527712939,4.4362865183,0.1294579502,0.1310401568,0.1354305429,0.368,0.1797317894,0.3151658768,0.0001745201,0.0001745201,0.379,0.323,56.228793019874,19.3892389723703
"01069",0.1167706772,0.000921544,12.767223753,48.47,0.1522247488,0.0268440432,10093.51,7,0.1952260417,4.3435771857,4.4829429371,0.1305039174,0.1341710137,0.1379727527,0.38,0.1979454418,0.5347671522,0.0011133186,0.0009309647,0.36,0.288,39.3698267087465,13.7634353534642
"01071",0.1382870162,0.0005532345,8.9662145405,83.3,0.1760828322,0.0335593511,10993.45,7.9,0.1926662998,4.3426862317,4.4749319221,0.1306486942,0.1361215999,0.1398339438,0.35,0.1854294788,0.3656602852,0.0003987468,0.0004367227,0.37,0.304,52.791594051723,25.4417320731195
"01073",0.1125380288,0.0010600166,14.416226129,43.91,0.144042001,0.0297343376,9861.87,6.1,0.1878362579,3.7113715553,3.9886861283,0.1408079071,0.1221945737,0.1293400772,0.405,0.1936636335,0.776535159,0.0012833066,0.0008474666,0.333,0.279,54.2237745502683,12.8743598792537
"01075",0.1263680677,0,8.6417974939,76.77,0.1556532663,0.0480363518,10176.28,7.6,0.2171968762,4.6622713591,4.725341639,0.1219616071,0.1451585357,0.1468618639,0.358,0.2007542937,0.2168360341,0.0001419849,0.0004259548,0.35,0.364,74.0033420864168,66.8417283361184
"01077",0.1119138957,0.0005507797,15.011447579,64.99,0.140958795,0.0271611253,9847.47,7.5,0.1846056299,4.2215690256,4.5012597564,0.1429168654,0.1280215463,0.1350219813,0.372,0.1822931323,0.6265734718,0.0011493512,0.0006230128,0.346,0.282,70.1413618215172,15.8267688212654
"01079",0.1360079356,0.0002113846,13.287030047,84.97,0.1704410012,0.0401234568,10446.53,7.8,0.2055814549,4.4965546887,4.595849242,0.1342878447,0.1366646071,0.1417739947,0.356,0.202925883,0.4887736975,0.0007169101,0.0003285838,0.35,0.349,35.0574942906366,14.0229977162547
"01081",0.1154972912,0.0004968374,8.4080181919,42.1,0.143549961,0.0321054123,8633.68,6.3,0.1917802192,4.48506258,4.3554892097,0.159111721,0.138093203,0.137120442,0.382,0.1921644357,0.6272433635,0.0006871738,0.0003760008,0.314,0.221,25.3062804233592,11.4835222089193
"01083",0.1209074639,0.0003491049,9.0549076509,66.51,0.1555333091,0.0325390378,10153.28,8.1,0.1775177269,4.0202684858,4.1436944557,0.1423814111,0.1186904069,0.1244462225,0.362,0.1804351642,0.5280737358,0.0003304438,0.0003304438,0.336,0.273,32.7031318699287,12.7178846160834
"01085",0.1201409278,9.56206e-05,6.6934404284,43.62,0.1535350267,0.0329268293,10324.12,4.4,0.2860968617,5.1577216047,4.8397198522,0.0992965338,0.1662901165,0.1579763166,0.437,0.2252717801,0.0154880963,0,9.4518e-05,0.462,0.329,41.4065486049178,38.2214294814626
"01087",0.108405509,0.0003663962,9.4216173776,37.65,0.1353663072,0.0230272395,8008.59,3.8,0.284514121,5.1510466444,4.8153056211,0.1041498736,0.1628943815,0.1544416079,0.464,0.2212840195,0.4785567779,0.0032432432,0.0008751609,0.467,0.307,38.265527977319,33.0475014349573
"01089",0.1030032048,0.0009147835,10.762159116,50.42,0.1305133651,0.0280419351,9856.05,7.3,0.1611066134,3.8307343357,3.7755726561,0.1359066906,0.1164321672,0.1212809697,0.382,0.1692041101,0.8221324867,0.00096489,0.0006794196,0.318,0.219,46.3052468277134,17.0697549405624
"01091",0.1082762912,0.0003495107,17.974835231,75.58,0.1391810832,0.0318418314,10062.01,5.4,0.2596395217,4.9434659786,4.7283257629,0.1080816945,0.1581065801,0.1546993409,0.441,0.1954694949,0.5462500594,0.0002486325,0.0006464446,0.407,0.315,98.6440621290398,80.2527963083714
"01093",0.1303550876,0.0002320339,11.601697163,112.71,0.1668602625,0.0309419081,11146.41,7.8,0.2145952141,4.5702414119,4.7274996918,0.1251221424,0.1397834527,0.1439503751,0.371,0.1933297848,0.4915843514,6.60698e-05,0.0004955238,0.364,0.316,63.0273007729137,16.5861317823457
"01095",0.1547843002,0.0005806281,9.5011876485,68.07,0.201588591,0.0423025323,11226.99,8,0.2174324742,4.7429864699,4.608010318,0.1411231177,0.1438397088,0.1426305408,0.352,0.1904106861,0.6470506026,0.0020816603,0.0002958705,0.33,0.329,31.9839166590514,17.5735805818964
"01097",0.1298636606,0.0006764646,11.097870701,64.74,0.1706292027,0.0268500902,10312.35,6.3,0.209970582,4.5472263809,4.5348829067,0.1538866826,0.1403759709,0.1399508298,0.397,0.2164262661,0.6947374283,0.0007226774,0.0006600453,0.369,0.284,44.4853431233208,15.818795298365
"01099",0.1415909091,0.0003229825,15.226318461,77.01,0.1819466248,0.0374103508,9706.95,5,0.2606719244,5.1606835137,5.1483274876,0.11427213,0.1598305236,0.1597893577,0.413,0.211782203,0.5344633258,0.0004556431,0.0003189502,0.391,0.316,44.512663085188,15.3491941673062
"01101",0.1221680112,0.0008917574,15.274656872,46.34,0.1601702089,0.0278058463,9173.8,5.3,0.228573921,4.840655486,4.4647218557,0.1260014428,0.1498086895,0.1407123275,0.402,0.2090387573,0.758291442,0.0009637958,0.0008090579,0.366,0.258,35.3431302526887,11.7810434175629
"01103",0.1370202564,0.00052691,12.545477355,62.64,0.1761042459,0.0363999439,10087.05,7.9,0.1922290729,4.0833554659,4.394459488,0.1340551339,0.1252961167,0.1330284955,0.362,0.185329052,0.7123776048,0.0011872215,0.0004263964,0.315,0.272,51.0910593438009,19.5430281642954
"01105",0.1271660145,0.0003108164,11.396601741,66.18,0.1652731869,0.0307979468,8857.11,5,0.2932645492,5.2759021341,5.0271580408,0.0967402922,0.1745160992,0.1665815413,0.449,0.2292702455,0.7835898404,0.0002035416,0.0003053124,0.449,0.345,65.3999724631695,0
"01107",0.1251735767,0.0003355061,12.94095092,84.81,0.1580563584,0.0369245151,9855.57,6.8,0.2679010574,4.9364220581,4.7059900263,0.1177139445,0.1554280091,0.1498081796,0.398,0.209177125,0.0127114352,9.82077e-05,0.0001473116,0.36,0.274,64.9846473770572,58.4861826393514
"01109",0.1381427764,0.0004841736,10.288688495,66.74,0.1706918737,0.0364963504,9904.84,6.1,0.236140133,4.9970974495,4.5972824835,0.1346026074,0.1526975504,0.1471807802,0.433,0.2028274949,0.602693091,0.0001497499,0.0005690497,0.428,0.261,34.0951253998656,12.0335736705408
"01111",0.1366757858,0.0002643638,10.133944307,59.82,0.17578125,0.0325726546,9887.45,7.1,0.2108997392,4.6750711768,4.5262276917,0.1334230659,0.1390455167,0.1397295277,0.351,0.1873433751,0.269235805,0.0002218377,0.0006655131,0.366,0.304,39.7719740156436,20.6225050451486
"01113",0.1133988639,0.0002514247,9.5541401274,42.94,0.1519479098,0.0207247298,10107.88,6.6,0.2433382548,4.6074031782,4.6711080071,0.1364886273,0.1431568299,0.1429305016,0.415,0.2198906689,0.7179632463,0.0002851966,8.38814e-05,0.404,0.309,18.5978358881876,15.2164111812444
"01115",0.115163121,0.0001837518,9.1875875692,68.56,0.1485347173,0.0288261228,10774.18,8.3,0.1730711176,4.0717921502,4.3430023164,0.1435269725,0.1221512344,0.1293066191,0.363,0.1798006486,0.6813728422,0.0001268787,0.0002422229,0.356,0.295,56.5338630199778,18.717292486344
"01117",0.0838529011,0.000857637,11.115742671,40.03,0.1065692974,0.0283369347,10576.23,8.6,0.1423683068,3.383194205,3.7262399003,0.1473098621,0.1022834957,0.1127871203,0.337,0.1399865773,0.7348745419,0.0005226101,0.000270983,0.329,0.223,30.0324286330453,14.3772264732663
"01119",0.1246694741,0.0005342288,14.50049607,64.55,0.1542043984,0.0345994735,9920,4.3,0.3568458332,5.6716739456,5.3233638756,0.1018376883,0.1938126635,0.180236354,0.429,0.2371740439,0.1963961346,7.59532e-05,0.0002278596,0.431,0.318,33.0713068254089,33.0713068254089
"01121",0.1124553076,0.0003215355,11.872078356,60.04,0.1447123138,0.023879277,11121.24,6.7,0.2371663768,4.6717512558,4.7046316183,0.1273677456,0.1479350173,0.1456026442,0.402,0.2161342659,0.6611901666,8.60776e-05,0.0003074199,0.407,0.332,66.8628527325032,18.5730146479176
"01123",0.1197958552,0.0004407012,14.690040153,62.75,0.1525296062,0.0286323827,10856.83,7.1,0.2312869405,4.8210557285,4.6365449154,0.1275450888,0.1456298101,0.1431452339,0.393,0.1917289406,0.6557814302,0.0002186323,0.0005587271,0.345,0.305,91.2527701733803,14.6656237778647
"01125",0.0975983498,0.0007255756,11.619014002,65.96,0.1217392666,0.0261942495,10302.46,6.9,0.2024258066,4.4570230285,4.4882356896,0.153749971,0.1328691281,0.1392507402,0.375,0.1965079496,0.7571202532,0.0010780765,0.0006033272,0.341,0.267,40.1770402913652,10.2892420258374
"01127",0.1284393217,0.0004594603,14.243268907,64.42,0.1658010906,0.0284090909,11152.3,7.4,0.2176988648,4.8858906908,4.9560697833,0.1159827853,0.1449534735,0.1453324063,0.395,0.2065200022,0.4750309595,0.0003971224,0.00050404,0.38,0.333,60.7974168761368,24.0124251527599
"01129",0.1214912599,0.0001190193,16.662699357,78.66,0.1519920319,0.0423173804,11005.08,7.3,0.2054679822,4.4455618614,4.5181311553,0.1303793869,0.134507891,0.1385739741,0.391,0.1863158005,0.1046584381,0.0001188072,0.0002376144,0.404,0.315,37.7029011390245,9.92181608921697
"01131",0.1225886048,0.0003616964,9.9466497875,54.62,0.1588516746,0.0383522727,8952.31,2.1,0.3127607228,5.5679127917,5.0708217305,0.0929613563,0.1824045725,0.1687362266,0.446,0.2423424472,0.2585261354,9.01063e-05,0.0001802127,0.444,0.348,36.2067404881875,24.137826992125
"01133",0.1262928977,0.0004606944,12.145579428,165.53,0.1602927459,0.0312741313,11853.99,7.8,0.2105931585,4.8865502842,4.6884486634,0.1294119138,0.1437849222,0.1436726035,0.349,0.1896138691,0.7649485378,4.14079e-05,0.0003726708,0.382,0.336,32.0191558079964,13.9213720904332
"04001",0.175197828,0.0002938131,3.3578643982,75.37,0.2030822088,0.1203712384,8644.84,1.5,0.3044536496,6.2262374103,5.7753442568,0.1544245924,0.2081256643,0.1929709789,0.378,0.2962154989,0.2213848262,0.0009327839,0.0006404188,0.344,0.269,45.7456541628545,29.5729481456837
"04003",0.106833615,0.0004904016,9.1752552857,47.97,0.1195932884,0.080270793,8001.74,6.7,0.1831124375,4.0342683471,3.6845953894,0.1529544206,0.1223943054,0.1141666226,0.33,0.1652310103,0.7280313066,0.0010435629,0.000651246,0.269,0.214,45.0420787841273,25.5501850412886
"04005",0.1456292639,0.0008267612,9.274103683,31.71,0.1648875767,0.0984670002,8136.45,5.9,0.1809763273,4.3088528432,4.5181649058,0.1941258229,0.1322851903,0.1345718667,0.312,0.182779963,0.8172904531,0.0018157784,0.0007626269,0.237,0.16,27.7719919461223,20.8289939595918
"04007",0.1355373209,0.0004702873,9.4057450291,55.48,0.1498643596,0.1016372909,9289.48,5.9,0.1869417792,4.1141572391,4.2711523524,0.1412240049,0.1317704788,0.132392633,0.332,0.1790795852,0.8179562289,0.0005835953,0.000489467,0.311,0.275,38.1645957681094,31.2824555476307
"04009",0.1155872223,0.000557532,5.0443370679,42.17,0.1315175097,0.0908923812,8286.69,6.1,0.2114951203,4.4210319038,4.3142075403,0.1681777219,0.1355966888,0.1288595061,0.365,0.1917849163,0.4328318109,0.000395184,0.000790368,0.348,0.243,27.3798378407023,22.0805143876632
"04011",0.0728842004,0.0004197712,7.3459964319,25.06,0.0814096916,0.0590106007,6331.43,5.5,0.1911705789,3.9196014698,3.8546747785,0.1766027064,0.1208602809,0.1149631713,0.344,0.156409297,0.4328552803,0.0002139953,0.0005349882,0.297,0.211,21.06149957877,21.06149957877
"04012",0.210586042,0.0003473601,5.4585152838,55.54,0.2343366778,0.1517454955,8788.3,6.1,0.2138173655,4.4182668767,4.3238899208,0.1251192533,0.1366547008,0.1330550511,0.3,0.1535070453,0.3330567622,0.0011368692,0.0004448618,0.286,0.285,13.1795716639209,34.5963756177924
"04013",0.1245246312,0.0007085023,5.1560156595,33.54,0.1428736594,0.0841139894,9602.58,7.6,0.1549486085,3.5612849505,3.6078714529,0.1628562898,0.1071129428,0.1077900986,0.328,0.1302001194,0.9302020347,0.0011421047,0.0007315538,0.266,0.19,24.7316899681432,16.1464090442294
"04015",0.1397598934,0.0004737786,6.251923199,54.61,0.1563264503,0.0953216073,9210.51,5.4,0.1728801565,4.3006985281,4.2963859236,0.1422979506,0.1248037879,0.1239901648,0.34,0.1876775486,0.6467685053,0.0006638441,0.0006097531,0.319,0.304,39.9447621004097,36.0318058130226
"04017",0.1556744112,0.0006095477,7.1113902306,46.82,0.1832115548,0.102904941,8244.8,4.3,0.2266574349,5.3562178755,5.2789317422,0.1456740481,0.1708444924,0.1656926449,0.353,0.2374940112,0.4694506231,0.000638292,0.0006012895,0.33,0.266,39.5215744905087,26.9604539160059
"04019",0.1223065791,0.0008197817,6.2671716047,29.67,0.1381724618,0.0834951799,8444.04,7.4,0.15787972,3.5497598332,3.9319958652,0.1611427119,0.111771297,0.117216567,0.311,0.1342125131,0.8576218831,0.0014972385,0.0006719654,0.251,0.183,35.2718323238462,18.8072445506009
"04021",0.1263497461,0.0001746257,3.566298723,43.15,0.1451416936,0.0908954462,9607.71,7.4,0.1741050104,3.7465989072,4.0758155502,0.1628014472,0.1153682332,0.1173088926,0.336,0.1603307048,0.6972882348,0.000320961,0.0002911042,0.33,0.243,16.7883413933671,16.6253477876063
"04023",0.1502178393,0.0003874217,5.5960913454,16.82,0.1715029328,0.1124597288,6284.18,8,0.2769682455,4.5558618389,4.1768436342,0.1322439334,0.1543588611,0.1347450783,0.305,0.1587459849,0.3924293547,0.0003854802,0.0002355713,0.233,0.182,20.8421672979208,8.62434508879482
"04025",0.1320296861,0.0005939124,9.0886594227,23.18,0.1439888717,0.0996389162,7906.11,6.6,0.1453012279,3.6684678566,3.8612933177,0.1534706184,0.1093699833,0.1132199509,0.297,0.1443542969,0.8958930594,0.0014667983,0.0006945587,0.238,0.212,52.5004462537932,35.8503047275902
"04027",0.1743726567,0.0003720475,4.3079182475,49.78,0.2049631923,0.115192727,9613.18,6.7,0.2506900261,4.3707233833,4.1010300371,0.1544058114,0.1437633514,0.1274123392,0.344,0.148295948,0.7723025681,0.0005067725,0.0005166128,0.331,0.258,21.2018859893045,15.0044116232001
"05001",0.1047708138,0.0004882548,17.902674551,90.95,0.1275986325,0.0474654378,8866.07,5.5,0.2416688356,4.8040604195,4.3662157806,0.1287484912,0.1396869748,0.1334463533,0.353,0.2049519138,0.4840948525,0.0006991503,0.0004840271,0.33,0.354,18.1024963342445,9.05124816712225
"05003",0.100753859,0.0003359248,15.356560131,91.16,0.1226060049,0.0477141146,12060.59,5.9,0.2508642027,4.65091472,4.3729804421,0.1205938373,0.1402985457,0.1359733881,0.375,0.2113245197,0.4385210269,0.0007160588,0.0005251098,0.401,0.417,38.536883008446,16.0570345868525
"05005",0.0998945148,0.0008525565,10.230677417,50.32,0.118045431,0.0485899643,8827.2,7.5,0.195489002,4.4660574005,4.0470820278,0.1192767108,0.1279233338,0.1232899924,0.317,0.1898894157,0.7202803941,0.0025944147,0.0008566464,0.354,0.346,92.7040301857333,33.3409231369743
"05007",0.1135445992,0.0006007882,8.9317184146,46.31,0.1433308325,0.0505564798,9083.1,8.1,0.1583070858,3.6611964843,3.6946457182,0.1624838731,0.1130454799,0.1154891402,0.316,0.1625204493,0.8257966287,0.0013907173,0.0004291828,0.319,0.25,31.9878872533601,17.0602065351254
"05009",0.1039771956,0.0007253775,12.626941056,40.46,0.1269192844,0.0462865804,8837.97,6.9,0.2175486754,4.7013950748,4.2398978641,0.1333173054,0.1325672926,0.1283545082,0.329,0.1924314635,0.4802319595,0.0009140768,0.0004570384,0.366,0.316,31.3277599756539,20.5868136982868
"05011",0.1486395323,0.0005408329,16.224986479,116.26,0.1812902213,0.0680786687,11131.09,6.5,0.2842747791,5.3555228928,4.6064839665,0.1100981526,0.1624524045,0.1464517715,0.388,0.2247300834,0.6425964546,8.97022e-05,0.0002691066,0.403,0.372,33.0946507010049,30.0860460918226
"05013",0.0985,0.0003824823,15.299292408,69.67,0.1127129751,0.056379822,9769.96,4.5,0.237857725,4.8788728904,4.3170886045,0.1265465336,0.1429071259,0.1338085112,0.349,0.2096690053,0.043219076,0,0.000768935,0.349,0.347,6.42054574638844,6.42054574638844
"05015",0.1666278691,0.0006497257,14.077389547,44.14,0.2021317829,0.0784810127,8778.75,8,0.2281783243,4.6188264155,4.1653850732,0.1252703231,0.1388684092,0.1306112672,0.319,0.1888121925,0.4558769948,0.0005406574,0.0001802191,0.324,0.316,34.9002334705274,20.4587575516884
"05017",0.1182926829,0.0009975515,11.789244581,101.87,0.1467570857,0.0541066563,12256.4,2.6,0.3041114887,5.3075534899,4.6107380174,0.1037511151,0.1661874933,0.1498514815,0.414,0.2342341152,0.0950847458,0.0038461538,0.0009838998,0.414,0.304,60.3281853281853,42.2297297297297
"05019",0.1039476901,0.0004418327,16.789643441,50.99,0.124763082,0.0467143496,8440.02,4.9,0.2301037805,4.7445649691,4.275113238,0.1357188243,0.139850746,0.1326039975,0.365,0.1986705606,0.654577082,0.0019932672,0.0004872431,0.328,0.34,26.5228538590752,32.4168213833142
"05021",0.1200409521,0.0001985572,15.884572109,96.51,0.1456546929,0.050764526,11970.07,7.1,0.2309227785,4.9447199245,4.4374920202,0.1307492535,0.1419907888,0.1347099556,0.338,0.2096954591,0.1557545234,0.0001984389,0.0005291705,0.384,0.306,39.8697587879593,13.2899195959864
"05023",0.104600949,0.0005889975,15.313935681,57.78,0.1239149306,0.0530565167,8714.03,7.6,0.1847946254,4.4336529113,4.1214878106,0.1305123622,0.1250137971,0.1230787486,0.313,0.1820455662,0.4797073546,0.0005851603,0.0002340641,0.343,0.369,43.2135140443921,20.9520068094022
"05025",0.0928098676,0.0001203225,10.829021778,94.27,0.1100229214,0.0518480493,10817.93,7,0.200093672,4.5298488929,4.0994167141,0.1322387847,0.1284148615,0.1237678163,0.329,0.1921839169,0,0,0,0.352,0.317,43.9982400703972,63.9974401023959
"05027",0.1103321829,0.0006220453,17.417267977,75.02,0.1333284198,0.0509145767,9512.59,5.8,0.2542045642,4.9855583416,4.4352536814,0.126487943,0.1482214697,0.1381610617,0.386,0.2050749426,0.5266373412,0.001880249,0.0002924832,0.336,0.336,18.068605103686,22.2382832045366
"05029",0.1104167895,0.000618488,16.175840906,46.18,0.1342919815,0.049785758,8556.84,6.8,0.2278958556,4.7504458516,4.2222042259,0.130807087,0.1370474899,0.1297107434,0.337,0.2007413272,0.2575565271,0.0020869895,0.0001897263,0.369,0.35,44.4169482383921,23.7947936991386
"05031",0.1058422155,0.0011116009,8.4328343906,66.72,0.1303113405,0.048649056,10313.16,6.5,0.2080021091,4.5335091976,4.164205932,0.1521953163,0.132156381,0.1288490918,0.352,0.2081809373,0.5895814108,0.0035018241,0.0009071578,0.366,0.321,51.4858957426601,17.2685613049916
"05033",0.121416265,0.00043758,9.0757337569,63.98,0.1484375,0.058530432,10494.09,7.3,0.2146362648,5.0378651457,4.3417022475,0.1388884361,0.1408678453,0.130323536,0.332,0.2081589676,0.63774456,0.0003889978,0.0001782907,0.358,0.286,28.0071310464434,21.5439469588026
"05035",0.0849072292,0.0003676245,8.7821416171,50.44,0.1083829022,0.0348071496,9753.17,5.6,0.2851333922,5.2366000316,4.4055603547,0.1152074907,0.1548773709,0.1398103558,0.388,0.2354227972,0.6330399591,0.001796238,0.0005045612,0.411,0.372,52.1164701582446,11.5062336713007
"05037",0.1071758109,0.0005207128,17.935663041,94.44,0.1328265653,0.0462724936,10753.66,6.4,0.2348694519,4.9474597452,4.3994710823,0.1260456919,0.1437786072,0.1347272547,0.363,0.2180401723,0.3860660325,0.0004063389,0.0004063389,0.367,0.382,31.0390315822146,21.3393342127726
"05039",0.0930846384,0.0005260389,22.356654392,69.97,0.111824887,0.0427295918,10748.94,5,0.2461641157,4.7390138046,4.293172451,0.1165030858,0.1388352968,0.1305986872,0.372,0.1989174436,0.3607688517,0.001934236,0.0005157963,0.402,0.375,48.1864377080778,52.5670229542667
"05041",0.1083444799,0.0005014626,17.551190974,105.77,0.1353550296,0.0485842986,11405.65,3.9,0.302062143,5.419329147,4.6558013001,0.1024010389,0.1681641426,0.1522103306,0.379,0.2367705969,0.3385608856,0.0004892368,0.0005707763,0.388,0.331,44.3151918016895,33.2363938512671
"05043",0.1029094828,0.0006390457,11.715837682,117.67,0.1256911168,0.0435091038,11197.83,5.4,0.2550339976,4.9750467404,4.4295753019,0.1241656673,0.1516912375,0.1404220517,0.367,0.2248126465,0.5320114539,0.0057995919,0.0002147997,0.382,0.329,39.2499687784339,10.7045369395729
"05045",0.0893629761,0.0005018428,9.1318941688,41.6,0.1096516962,0.0391379655,9748.51,7.2,0.1837087,4.1095012261,3.948924384,0.1642760098,0.1200595036,0.1211645052,0.349,0.1840084422,0.7061737771,0.0009439587,0.0004222973,0.356,0.291,33.1918792364222,16.7330961439814
"05047",0.1139917982,0.000282454,11.86306632,68.1,0.1388378614,0.0530973451,10552.64,7.3,0.2118923912,4.7601260557,4.319161251,0.1347729747,0.1401691862,0.1351175724,0.342,0.206283126,0.6469517241,0,5.6164e-05,0.322,0.375,58.3441552330943,24.4669038074267
"05049",0.1053861562,0.0004097017,9.8328416912,89.25,0.1255913322,0.0534529848,10383.46,6.6,0.201577216,4.5435943157,4.2057408568,0.1222717308,0.13163347,0.1288646259,0.319,0.1949911882,0.2744793793,0.0001649485,0.0004948454,0.312,0.329,54.8666739822232,13.7166684955558
"05051",0.1288424157,0.0008232401,11.525360939,58.34,0.1569432584,0.0524731809,10239.48,6.5,0.2141689158,4.7461698576,4.3489324757,0.131030697,0.1380086414,0.1317199892,0.336,0.2041831899,0.9005144547,0.0019522821,0.000667886,0.312,0.352,47.2641586979752,31.1669452283749
"05053",0.0873237563,0.000110485,12.705778367,66.38,0.1042435424,0.0462480163,10855.18,7.7,0.1782761026,4.0466289428,3.8564877695,0.1452642827,0.1153276455,0.116711385,0.328,0.1808870832,0.2074721335,0.000606261,0.0003858025,0.39,0.358,46.0167869238698,22.0880577234575
"05055",0.0890908113,0.0006335415,10.634446556,78.6,0.1116484679,0.0351749867,10650.38,6.8,0.2060785193,4.7149224545,4.205444005,0.1542554518,0.1297521511,0.125667303,0.333,0.1975317321,0.6915894512,0.0014189591,0.0005263881,0.346,0.365,27.1722722057847,27.1722722057847
"05057",0.1312279541,0.0002716899,12.226046006,75.85,0.1618865519,0.0647028776,9941.16,5.7,0.2931983931,5.1845972482,4.5523883314,0.1097634643,0.1588656785,0.1461385152,0.372,0.2260419427,0.4949798753,0.0006270435,0.0003135217,0.36,0.347,19.5827370640958,19.5827370640958
"05059",0.0900861899,0.0002094178,11.36839586,73.28,0.1093048128,0.0385050963,10125.65,6.9,0.2094518207,4.5127855873,4.229450415,0.1369836836,0.1302731036,0.1273322669,0.336,0.2010246149,0.3514260547,0.001618317,0.000359626,0.35,0.361,36.9379442536539,23.9597476239917
"05061",0.1436189776,0.0003759398,17.293233083,71.65,0.178410596,0.0670103093,11129.43,5.5,0.2605967525,5.0504894839,4.5066260375,0.1204466687,0.1536814643,0.1431061444,0.359,0.2139950693,0.4730582348,0.0005925926,0.0002222222,0.369,0.367,49.7797247181223,44.8017522463101
"05063",0.1071929473,0.000836662,12.954766274,63.61,0.1303591576,0.0525561922,10849.03,6.9,0.2277442891,4.73109591,4.2717141119,0.1329634023,0.1374401137,0.1326923068,0.334,0.2066960719,0.4843234098,0.0014881355,0.0002976271,0.343,0.287,42.2741704818356,17.089558279891
"05065",0.1347764604,7.43771e-05,18.594272964,75.64,0.1584056479,0.0712598425,10006.38,7.5,0.2076824296,4.7156765466,4.3632291898,0.1199252864,0.1390033065,0.1329469461,0.341,0.1911769264,0.4450934579,0.0004449058,0.0006673587,0.346,0.315,54.5040134773561,24.7745515806164
"05067",0.1099493547,0.000519091,12.112123659,102.04,0.135531963,0.0449344125,11278.2,5.8,0.2420533324,4.900022676,4.4356962687,0.1292216077,0.1468733749,0.138801482,0.358,0.2213608462,0.1693059954,0.0009695449,0.0005703205,0.369,0.361,59.5089551379264,21.1160808553932
"05069",0.088551322,0.0006707189,14.532243415,56.65,0.111765003,0.032986627,9138.14,5.3,0.2607861892,4.6393170534,4.4688856216,0.1164848231,0.1430279352,0.1383027788,0.413,0.21421047,0.6497062052,0.0016321562,0.0002766367,0.418,0.345,35.0667202797857,14.9618006527086
"05071",0.1503931848,0.0005355572,8.7984392334,88.04,0.1841491841,0.0724376315,8627.76,7.6,0.2416204943,5.1564547286,4.3698140474,0.1387970476,0.1474999807,0.1356672747,0.331,0.2198390096,0.2931480031,0.0023072486,0.0003460873,0.361,0.306,39.5801945813437,21.7052679962207
"05073",0.1254193067,0.0001429388,10.005717553,50.05,0.1468634686,0.0616045845,10329.27,5.5,0.2580180238,4.815657701,4.3805505445,0.1104630826,0.1444750563,0.1357585631,0.36,0.2048736645,0.0387181164,0.0005625088,0.0002812544,0.408,0.387,33.4065094969934,33.4065094969934
"05075",0.0960990998,0.0002979915,11.323678408,117.06,0.1169940222,0.0439330544,12411.73,5.9,0.2245840219,4.930425324,4.4810103903,0.1319444073,0.145689047,0.13953162,0.338,0.2235139254,0.2652311226,0.0018900242,0.0002953163,0.321,0.336,73.3472098324908,9.91178511249876
"05077",0.10544,0.0003108808,14.507772021,64.52,0.1327334083,0.0394321767,9468.54,3.2,0.3010370958,5.120037191,4.4699897969,0.1197921442,0.1590239963,0.1425427255,0.404,0.248728395,0.4295855718,0,0,0.391,0.324,41.6377515614157,41.6377515614157
"05079",0.1139163313,0.0001447178,9.4066570188,75.99,0.1370663002,0.0592711254,8791.45,5.3,0.2580033795,4.8779474452,4.2392626209,0.1398950961,0.1432476899,0.1301850664,0.386,0.2249538339,0.3831894722,0.0007158196,7.1582e-05,0.349,0.324,31.3290757922641,31.3290757922641
"05081",0.1022406136,0.0002405388,13.630532393,82.86,0.1245482346,0.0451364591,12241.75,6.9,0.2396998991,4.6136401743,4.2910540036,0.1210502464,0.1380262195,0.1328358739,0.354,0.1953957256,0.4925214486,7.97957e-05,0.0003989786,0.374,0.361,64.0768922707249,45.3877986917635
"05083",0.1132569368,0.0002302662,12.434374137,61.62,0.138968254,0.0449577232,10201.89,7.3,0.2153144603,4.5804171783,4.2597548538,0.1398579978,0.1366428626,0.1308642383,0.335,0.2015657118,0.4265199302,0.0002732489,0.0003643319,0.383,0.368,33.6062568740071,24.440914090187
"05085",0.08254861,0.0001814502,8.6537790495,62.66,0.1014004447,0.0405924863,10187.09,7.5,0.1877269163,4.1743194325,3.8715475127,0.1601810967,0.1166819855,0.1154720044,0.319,0.1966181753,0.6286938967,0.0003633467,0.0002934723,0.406,0.285,35.2782806480063,19.9600798403194
"05087",0.1479719189,0.0001268472,7.610832752,46.03,0.1773297003,0.0765412748,7371.06,6.9,0.2383125995,5.0227916687,4.4082936949,0.130493535,0.147239186,0.1373697296,0.351,0.2157943739,0.4679646243,0.001270648,0.0001905972,0.356,0.334,33.6282813846445,21.0176758654028
"05089",0.1081405313,0.0001235712,9.2678405931,55.37,0.1246779433,0.0569246789,8876.27,7.3,0.2277561637,4.8418469687,4.3299320638,0.1246355299,0.1392864697,0.1323696613,0.331,0.2045078795,0.5500510419,0.0002443942,0.0003054928,0.336,0.33,98.2057000225055,28.6433291732308
"05091",0.1045931868,0.0005465974,11.387446479,55.53,0.1319721505,0.0387460699,10662.48,5.8,0.2158354271,4.6284037566,4.1468539449,0.1306964252,0.136200649,0.1295703917,0.355,0.2071870934,0.620058902,0.0016579166,0.0004144791,0.37,0.337,26.6924948330956,14.4902114808233
"05093",0.0947314273,0.000388678,13.489414239,107.16,0.1212841392,0.0361709287,10592.39,5.4,0.2747807899,5.0889158689,4.5832280949,0.1167609621,0.1530695175,0.1440600819,0.396,0.240801961,0.2344449225,0.0007460156,0.0002938849,0.421,0.389,32.872607179989,19.1119809185982
"05095",0.1261276891,0.0005406136,12.16380592,78.76,0.1548295455,0.0503376304,9998.55,5.4,0.3151143556,5.8549119738,4.8096602705,0.1006922051,0.1760344811,0.1550914547,0.376,0.2481899436,0.066143085,0,0.0005275653,0.367,0.359,4.51467268623025,4.51467268623025
"05097",0.1342627671,0.0002229654,5.5741360089,53.67,0.1586528708,0.0652051714,8531.65,6.8,0.2068293168,4.4438262731,4.2156201953,0.1241574701,0.1322443368,0.1297777283,0.313,0.1872971681,0.9751238537,0.0001101079,0.0002202158,0.346,0.361,85.4034384166945,103.969403289889
"05099",0.101543943,0.0002336995,12.853470437,74.48,0.1247443763,0.0423116615,9749.44,5.4,0.2944200373,5.4973594823,4.8004490638,0.1050502788,0.1713689089,0.1559493138,0.379,0.2395756052,0.2927642548,0.0010317551,0.0003439184,0.35,0.351,46.730791697496,23.365395848748
"05101",0.1136132746,0.0001263743,3.7912296221,33.36,0.1338959854,0.0577281192,7550.73,5.9,0.2205669975,4.9008315311,4.3076292161,0.1233155409,0.1443623539,0.1363427052,0.317,0.2035473242,0.5767106843,0.0002530364,0.0006325911,0.318,0.309,25.2599671620427,21.0499726350356
"05103",0.0839565618,0.0005337056,20.116594137,55.72,0.1011513739,0.0406172402,9848.82,5.2,0.2682410585,5.0654092349,4.5799093329,0.1123273485,0.1535084365,0.1417343822,0.355,0.2119886948,0.3850689127,0.0013694216,8.05542e-05,0.356,0.305,32.7493040772884,16.3746520386442
"05105",0.0990600145,9.81451e-05,9.8145058396,56.23,0.1146277468,0.0584443489,9020.79,7.3,0.1940697319,4.5067396908,4.1848238434,0.1384452345,0.1299938058,0.1268239714,0.337,0.202106406,0.1504068933,9.76086e-05,9.76086e-05,0.354,0.319,58.8889615913106,19.6296538637702
"05107",0.096163522,0.0003587352,12.299492646,77.35,0.1223219191,0.0400455494,8920.03,2.2,0.328124726,6.0669694823,4.8640576337,0.0915916857,0.1861224074,0.1591656116,0.397,0.2613690566,0.039021924,0.0005017561,0.000652283,0.447,0.359,18.8298127289534,20.541613886131
"05109",0.1653689715,0.0003695492,10.162601626,68.88,0.1932813246,0.0927960928,10200.48,6.8,0.23098641,4.9354203113,4.3657940788,0.1344272556,0.1414063053,0.132414869,0.342,0.2019020806,0.5407846958,0.0001814224,0.0004535559,0.349,0.372,58.1395348837209,39.7796817625459
"05111",0.1120654397,0.0001663894,12.063227953,90.85,0.1408540925,0.0406476059,11229.77,5.4,0.2387751342,4.9335232362,4.4932523758,0.1259630558,0.1476766109,0.1398741668,0.333,0.2366876211,0.2567628036,0.0023096593,0.0004536831,0.366,0.389,84.3601764648937,29.0420279633241
"05113",0.1355585395,0.0007419865,15.8290463,65.74,0.1661818182,0.0655369539,9420.19,5.9,0.2280996618,5.1839985902,4.4700961183,0.1238333942,0.1494613747,0.1392439009,0.335,0.2141491056,0.6220114219,0.0006427689,0.0008899876,0.345,0.355,9.89870326987165,19.7974065397433
"05115",0.1219449447,0.0007098912,13.724562234,47.7,0.1480868438,0.0576101469,9462.63,7.2,0.2131613405,4.6382899164,4.1964865093,0.1401974156,0.1354218544,0.1291622929,0.316,0.2041723504,0.8233636688,0.0018987041,0.0003639183,0.358,0.338,36.7704995535011,16.8093712244576
"05117",0.1329971636,0,15.679652635,61.54,0.1577494692,0.0650921659,9792.44,5.6,0.2148852841,4.6737455023,4.378188569,0.120676286,0.1388151705,0.1346139165,0.347,0.1993325461,0.0686173264,0.0002408478,0.0007225434,0.38,0.405,40.2479272317476,36.2231345085728
"05119",0.1000417168,0.0011230976,15.94238331,48.32,0.1195717405,0.0510863738,9278.5,6.1,0.203346707,4.0986682947,4.1301224082,0.1490754402,0.1254222357,0.1281779507,0.353,0.1845782843,0.8435289015,0.0033918849,0.0008225066,0.327,0.277,31.7321332817474,16.4599835739545
"05121",0.1056928348,0.0006296869,10.303967027,68.83,0.1280743851,0.0478383218,10211.93,6.1,0.2082535732,4.3567739898,4.2523683225,0.1370689269,0.1322611336,0.1310408811,0.343,0.2026720648,0.272246647,0.0006260315,0.0002276478,0.358,0.377,76.2078951379363,9.52598689224204
"05123",0.0948331194,0.0005641431,10.1545752,55.34,0.1215537879,0.0367695338,9389.92,4.5,0.2963802956,5.4097219037,4.6363315736,0.1180431729,0.1660751249,0.1469046027,0.391,0.2394940581,0.4650010616,0.0018959813,0.000371761,0.469,0.373,20.0793132874856,20.0793132874856
"05125",0.0821193426,0.0004001362,8.4284011578,58.96,0.1009588104,0.0378144032,9600.01,7.8,0.1665947429,3.6728676578,3.7722527299,0.1617945235,0.1060263122,0.1099649545,0.335,0.176281595,0.7365428779,0.0011752608,0.0002333238,0.347,0.291,30.6921070131465,15.9144258586685
"05127",0.1529691211,0.000285361,12.365642538,67.37,0.1882628323,0.0690866511,9336.1,7.3,0.2312251156,5.015864932,4.3104685267,0.1293745701,0.1433522607,0.1328179166,0.354,0.2068801257,0.5465147334,9.35191e-05,0.0002805574,0.376,0.381,25.410539021059,25.410539021059
"05129",0.1303168954,0.0002541619,7.6248570339,48.08,0.1560560791,0.0608272506,9074.25,6.1,0.2291182205,4.8740491098,4.4251242459,0.1217096515,0.1443826322,0.1378202232,0.335,0.2075321865,0.2445393533,0.0021440283,0.0007567159,0.352,0.347,58.9101620029455,46.2865558594572
"05131",0.1300029896,0.0012208483,11.034590703,57.59,0.1594851196,0.058821685,10076.71,7.3,0.2104924536,4.617769809,4.1861510807,0.1301422974,0.1394740974,0.130924116,0.363,0.1838726324,0.6713799466,0.0027371111,0.000441724,0.336,0.298,38.9696324562115,16.2155517603028
"05133",0.2129484648,0.0005205321,10.41064199,110.37,0.274837794,0.089746113,12531.91,7.5,0.2915084579,5.4779024841,4.6381091733,0.1192197083,0.1640176055,0.1469083287,0.332,0.2130422642,0.3302262868,0.0004016986,0.0002295421,0.35,0.341,32.9291442296517,19.3700848409716
"05135",0.1307247308,0.0004139073,17.147587512,54.91,0.1615826702,0.0510745186,10590.41,6.5,0.234788568,5.0788988243,4.4311193583,0.1148773582,0.1495762055,0.1400844803,0.318,0.2110532953,0.5108897127,0.0013604637,0.0004732048,0.392,0.333,82.3933300637567,33.3496812162825
"05137",0.138678104,0.0005619782,13.648041105,86.77,0.1646795827,0.0676482292,10741.65,6.2,0.2226263953,4.7519354953,4.472174914,0.1153695242,0.1428218331,0.139818879,0.324,0.2047154659,0.4759561078,0.0004802305,0.0001600768,0.364,0.363,50.6815332497533,26.6744911840807
"05139",0.109845724,0.0007223994,25.159426066,49.12,0.1360581831,0.0468561064,9290.79,5.7,0.2292560206,4.6863626077,4.2478248068,0.124754576,0.1374466718,0.1298466851,0.362,0.2027175994,0.3352145825,0.0015163945,0.0004226017,0.407,0.338,31.59872939846,19.1255467411731
"05141",0.128509546,0.0001192535,17.888020989,53.34,0.1543492479,0.0592976396,8861.28,7,0.2268904986,4.9766801992,4.4251256455,0.1223836371,0.1419136891,0.1356814916,0.351,0.2073286664,0.3987279561,0.0005340929,0.0007121239,0.38,0.296,47.7611940298507,11.9402985074627
"05143",0.1341732006,0.0008204828,8.8257338886,42.35,0.1671526318,0.0562414975,8924.84,7.4,0.2132311456,4.3312449756,4.1338055702,0.1514307242,0.1314072159,0.126757434,0.342,0.2085189063,0.756142122,0.0033742165,0.0005842603,0.31,0.252,21.2066117173203,15.8678842919809
"05145",0.1093360117,0.0004926668,11.242910019,73.41,0.1389344081,0.0401396161,10244.46,7.1,0.1853798701,4.1253614439,4.1510184459,0.1481305922,0.1224509526,0.1249168931,0.337,0.1891694301,0.4894779179,0.0014378054,0.0005089577,0.356,0.306,36.7063826914639,16.4545853444493
"05147",0.1301933755,0.0002966919,22.251891411,70.4,0.1580594679,0.0558922559,10382.17,6.3,0.2571452755,5.012285305,4.4849678499,0.112644968,0.1506835087,0.1414941425,0.362,0.2165292057,0,0.0008683068,0.0005788712,0.378,0.351,54.2085550956042,49.2805046323674
"05149",0.1605000845,0.0005066089,11.974393221,145.47,0.198422185,0.0727635638,10777.9,7.7,0.2391564503,4.681577392,4.27315309,0.1300213942,0.1399566159,0.1323166764,0.325,0.1985405381,0.4139734055,0.000182224,0.0002733361,0.403,0.352,32.2006869479882,18.4003925417076
"06001",0.0604272554,0.0010493128,6.3727898963,34.62,0.0727548568,0.0248195921,8707.02,8.1,0.1113081599,2.9731353927,3.1999784107,0.1694587654,0.0905390745,0.0943635677,0.322,0.0987341369,0.9973316047,0.0048493998,0.0004208772,0.191,0.157,24.1584368694913,9.6184478153258
"06003",0.0956221198,0,9.009009009,NA,0.1080669711,0.0627802691,5164.06,6.7,0.1715019408,4.5109602554,4.3099873055,0.1744390323,0.1330523105,0.132601283,0.305,0.1562926291,0.965106383,0.0062724014,0,0.233,0.183,0,0
"06005",0.0689542484,0.0005675522,9.1889408394,38.53,0.0785767235,0.0391891892,7810.53,7.9,0.1260502935,3.4683908376,3.5315961938,0.1906354384,0.1001521867,0.1047806912,0.283,0.1148649966,0.6884828437,0.0015785749,0.0004899026,0.242,0.205,17.9975883231647,30.59590014938
"06007",0.0808936699,0.0006166514,7.6305060534,40.41,0.096371035,0.03525113,8742.55,6.8,0.1639278739,4.3130426924,4.1000533486,0.2091615579,0.1273595777,0.1241742703,0.316,0.145094653,0.8140954545,0.0045486775,0.0008606811,0.254,0.194,24.8331155508517,18.3292043351525
"06009",0.0714307407,0.0004907647,8.2537699652,28.36,0.081877125,0.0396942801,7843.9,8,0.1239610283,3.6087172153,3.708436763,0.1909223103,0.1032061301,0.107912749,0.275,0.1174827567,0.621308526,0.0012773395,0.0002689136,0.245,0.223,26.7413443468055,28.2269745882947
"06011",0.1227161167,0.0003724048,7.4480960804,53.71,0.1560204408,0.0527960526,7616.21,8.4,0.2022350086,4.1950377184,3.9139527353,0.1803109823,0.1289197922,0.120184094,0.319,0.1300179851,0.5716420001,0.0016807507,0.0003268126,0.278,0.206,38.7663012296671,17.0571725410535
"06013",0.0652042026,0.0009984513,5.4138247785,35.3,0.0807938327,0.0262369775,8561.75,8.3,0.1205071755,3.3022893942,3.4589076525,0.1801611135,0.0963569267,0.1012073549,0.34,0.1061901268,0.9586806797,0.0029172017,0.0003743232,0.252,0.167,34.1514361242152,10.5833877572438
"06015",0.0810633906,0.0006604535,6.2376164967,33.01,0.0991735537,0.0368616841,7722.95,6.2,0.1777421802,4.3994271805,4.1168472991,0.1875832373,0.1317976925,0.1254608997,0.321,0.1539069822,0.6681929395,0.0037115978,0.0008084669,0.247,0.191,42.6798039167866,21.9496134429188
"06017",0.0621665818,0.0007481621,5.8551818359,34.4,0.0742026334,0.0293188994,7870.27,7.9,0.1200298901,3.7030261114,3.5024310858,0.1938731381,0.101951302,0.1029554296,0.298,0.1125937113,0.935435054,0.0025343143,0.0003167893,0.201,0.172,44.2906624436876,19.5240471180337
"06019",0.1081741509,0.0006524007,5.1289363304,41.33,0.1458738081,0.0312799078,8965.43,7.8,0.2292290681,4.4648501876,4.03541281,0.1767179689,0.1445035389,0.1284133653,0.301,0.1362686921,0.7882777151,0.0025249127,0.0005817962,0.286,0.206,17.5297440725841,10.6137122314474
"06021",0.1161034306,0.0002498483,9.2800799515,56.13,0.1476785381,0.0498647082,8273.7,8,0.1990696622,4.3234852137,4.0753887738,0.1701058704,0.13285309,0.126791364,0.318,0.1428177335,0.6267335182,0.0011446968,0.000321946,0.256,0.187,33.3107296239457,24.9830472179592
"06023",0.0893508881,0.0006630958,9.5780500564,28.97,0.1054127023,0.039591408,7147.39,6.9,0.1571548208,4.3887911916,4.1878659549,0.2089400365,0.1275575566,0.1265979483,0.314,0.159289783,0.8401164734,0.0034864141,0.0008159693,0.267,0.157,45.4342284285651,27.7517179050155
"06025",0.106469466,0.0002108873,4.828210066,33.52,0.1397577383,0.0425584349,9111.72,7.3,0.2706973818,4.6595932556,4.1267244074,0.1733285316,0.1532266932,0.1330603107,0.341,0.1377491179,0.6853226989,0.0010274106,0.000362944,0.274,0.213,17.5872187202059,8.51591643294179
"06027",0.0886872007,0.0010405257,10.405257393,25.09,0.1032364983,0.0525647537,8142.43,7.3,0.1472772915,3.8888339195,3.8259934387,0.1810628332,0.1120051256,0.1140061718,0.301,0.1234639505,0.7745066322,0.0032590983,0.0009234112,0.244,0.194,43.7844346334878,18.2435144306199
"06029",0.0965264341,0.0004908318,4.5569138131,51.84,0.1292667347,0.0328631764,9811.84,7.8,0.2268648984,4.5098060555,4.1141239922,0.1670431377,0.1410050529,0.1267496753,0.342,0.1455685083,0.8041103771,0.0014429635,0.0004287728,0.306,0.23,15.8618812494014,13.7419162136819
"06031",0.0888019641,0.0004106912,3.9744311595,43.55,0.1170027008,0.0355593085,8685.32,7.8,0.2258207193,4.513332941,4.0340617144,0.1995063334,0.1390808026,0.1250035414,0.354,0.1523436257,0.5153155273,0.0015838263,0.0005323786,0.24,0.174,14.1900895527683,9.9774067167902
"06033",0.102970218,0.0005109071,5.8831725782,41.71,0.1256159625,0.0401227801,8632.44,6.7,0.1818203282,4.501604617,4.3600162036,0.1695350764,0.1358603051,0.1319890272,0.328,0.1497928556,0.8717080337,0.0032095226,0.0006076281,0.239,0.195,53.9164605917332,29.0319403186255
"06035",0.0566479401,0.0004147392,5.1044823736,66.48,0.0668095748,0.0313796213,8644.94,7.2,0.1438214773,3.7554923432,3.6154868059,0.2278284655,0.1093995823,0.1071125772,0.318,0.1407287244,0.3938959736,0.002834735,0.0006299411,0.257,0.209,23.4132220850538,24.4774594525563
"06037",0.1249206462,0.0007187601,5.5681783768,41.69,0.1537427411,0.0438550342,11337.6,8.4,0.191837263,3.5829918907,3.6954927058,0.1854165894,0.1133267668,0.1138515003,0.354,0.1170026618,0.9757146764,0.0025637794,0.0004190099,0.214,0.165,15.9638916950688,8.16436215164731
"06039",0.1301505594,0.0004000052,4.9032890747,44.7,0.1723817915,0.0457635625,8097.44,7.7,0.2275410394,4.6995063872,4.2692448611,0.1657156604,0.1459482129,0.1333459246,0.321,0.1495498092,0.7874192159,0.001222921,0.0005111681,0.262,0.191,15.078310281469,9.47779503406621
"06041",0.0624398478,0.0014623633,8.3454239896,23.69,0.0751006141,0.0292810551,7669.94,8.5,0.1097888617,3.2153877806,3.4432655223,0.2107038975,0.0916572715,0.0986995637,0.297,0.099794728,0.9616693541,0.0064506232,0.0004448706,0.182,0.12,28.8772868639011,15.4608482766904
"06043",0.0785251466,0.0003422509,10.267526097,47.08,0.0875962868,0.0495345745,7918.97,7.3,0.1362832133,3.7880288516,3.8432794227,0.1850019991,0.1099168282,0.1130059962,0.284,0.1220886107,0.5766807298,0.0021490782,0.0005089922,0.248,0.193,41.8068145107653,36.1058852592973
"06045",0.1201049657,0.0009013223,8.3286745998,27.69,0.1449055563,0.054262773,7002.53,7.4,0.1680776819,4.2823211914,4.0825623079,0.1887620106,0.1289585045,0.1254884631,0.304,0.1336413462,0.7447547273,0.0044042836,0.0007852599,0.271,0.163,41.8018894454029,22.0409962530306
"06047",0.1013648069,0.0004656274,4.0602708089,55.72,0.1358207221,0.0351991258,8647.86,7.6,0.2687007469,5.0256177059,4.1654732669,0.1719339828,0.156197597,0.1328385868,0.336,0.1533298897,0.6591345346,0.0011526058,0.0004204946,0.258,0.2,21.5313386767561,11.2012744561159
"06049",0.1071159922,0.0006692694,4.4617958728,34.52,0.1254305978,0.0560177482,7375.09,6.7,0.1675426977,4.261601478,4.1462185627,0.1670239095,0.1272320217,0.1262894621,0.305,0.1396852401,0.4198843692,0.0023273856,0.0003324837,0.231,0.177,41.0708285106224,37.3371168278385
"06051",0.120107735,0.0005032713,9.3464663168,26.59,0.1365209866,0.0665712241,6740.02,7.5,0.143288783,3.6652400024,3.6720773632,0.2116869907,0.1080436381,0.1094993074,0.301,0.1292562305,0.8305872412,0.0017146531,0.0006429949,0.234,0.154,7.16212667414711,7.16212667414711
"06053",0.1194934648,0.0005876957,5.1855505211,29.68,0.1526042019,0.0474359411,7588.35,8.7,0.2224583129,4.1393673529,3.8100900187,0.1775550548,0.1273603561,0.1180946399,0.322,0.1119983658,0.872015169,0.0025153937,0.0003384769,0.254,0.171,25.9136284154854,10.4577254139644
"06055",0.08488951,0.0009757399,8.1428651654,29.5,0.1003113192,0.0452943195,8027.59,8.8,0.1410453306,3.4687267301,3.4189088202,0.1912515092,0.1026064243,0.103878158,0.281,0.117169912,0.9393775095,0.0041152844,0.0004588224,0.216,0.169,52.7810945156924,10.5562189031385
"06057",0.0809707875,0.000809086,9.4056251707,33.44,0.0938629426,0.0414703627,7151.77,7.6,0.1215711077,3.3912685549,3.656990502,0.1901084894,0.1002698924,0.1087875209,0.288,0.1195747093,0.7771252683,0.0048739547,0.0005157089,0.203,0.161,42.4418193393223,22.5682690137666
"06059",0.1002997636,0.0009492784,5.9120896871,30.61,0.1243434198,0.0357916211,10086.94,8.9,0.1496820388,3.5205444517,3.4883656302,0.1765069624,0.102078301,0.1014342437,0.308,0.1027058096,0.9867541771,0.0019640663,0.0004094719,0.195,0.158,20.636978577699,10.2657901607144
"06061",0.0538785458,0.0011960862,7.5920839871,30.59,0.0668435689,0.0229001647,7580.95,8.3,0.1165728089,3.346723215,3.4777015699,0.1762883677,0.0941327302,0.100016007,0.287,0.1013078658,0.9234972678,0.0022922081,0.0004735078,0.202,0.167,43.8979226970884,13.4797661615302
"06063",0.087462908,0.0009777826,20.098864686,47.2,0.0995562416,0.0495867769,7952.07,7.4,0.1411177611,3.9022811889,3.936686112,0.1726116777,0.1135453264,0.1175007183,0.294,0.1257467929,0.9337731794,0.0023110824,0.0003224766,0.233,0.179,43.1328852305812,28.7552568203875
"06065",0.1086030431,0.0004201563,4.1761505379,38.58,0.1405379081,0.0366409818,9390.11,8.3,0.2016634521,4.0725326033,3.9084241258,0.1833455323,0.1209884249,0.1181077819,0.363,0.1338756445,0.9098760938,0.0014128884,0.0003494656,0.258,0.213,16.4311070384194,10.8222080751756
"06067",0.0719905611,0.0008152744,7.1669547436,37.08,0.090170948,0.0267010348,8072.76,7.4,0.1706561273,3.7843500802,3.8851259101,0.1869971526,0.11272729,0.1146228427,0.315,0.1290175025,0.974383065,0.0030431315,0.0004851467,0.268,0.181,38.8187969241106,13.2953267815682
"06069",0.1025476593,0.0003401823,4.4223703905,46.91,0.1278208011,0.0464888071,7908.79,9.4,0.176775296,3.6652918787,3.6407777449,0.1961732612,0.1130707605,0.1094410553,0.314,0.115443999,0.9354068284,0.0008409563,0.0003089227,0.251,0.215,20.3997212038102,6.79990706793674
"06071",0.09659272,0.000570923,4.3700276252,46.44,0.1242790606,0.0349543766,9663.37,8.1,0.2217670622,4.4443874468,4.0114789994,0.1627717945,0.1334542759,0.1189229396,0.359,0.142462402,0.9011364921,0.0017083061,0.0004851798,0.262,0.209,19.8876387589863,9.99867102303644
"06073",0.0948831846,0.0007846593,5.7796268004,29.71,0.1162937744,0.0360392511,8832.13,8.3,0.1494781749,3.5390695807,3.4110590689,0.1973349938,0.1060465512,0.1032860045,0.335,0.1079844699,0.9606970281,0.002829231,0.0005344069,0.204,0.149,23.0246821556487,12.6205620431182
"06075",0.0627356581,0.0015853083,9.0423858948,31.94,0.0702438274,0.0254809804,7901.76,7.8,0.1273861466,3.1702784841,3.3011429395,0.2301169135,0.0901443862,0.0936733935,0.322,0.0990919706,0.9981620272,0.007797351,0.0007296453,0.185,0.145,24.6892401277813,10.9343583038531
"06077",0.0859779087,0.0005894456,4.8477770463,44.77,0.1122403169,0.0305691843,8712.46,7.8,0.1900725854,3.8119146603,3.7489783849,0.1829475196,0.1199044377,0.1144153644,0.347,0.1318818636,0.8304086058,0.0017971009,0.0002836792,0.298,0.246,13.2388715333004,10.2509317775208
"06079",0.0802589595,0.0008528754,8.6709002456,23.73,0.0947415974,0.0357323825,7472.66,7.9,0.1375423292,3.8370537862,3.6996780089,0.202715124,0.1095306729,0.1098251553,0.296,0.1186399199,0.8917099656,0.0046867778,0.000548224,0.235,0.143,33.9115288526639,19.2086282312292
"06081",0.0570542789,0.0010285767,5.7244799937,21.89,0.0683016562,0.0265234327,7472.78,8.9,0.1088229108,3.0043814964,2.9893432461,0.1796305828,0.0871927879,0.0882983468,0.303,0.0866158863,0.9972830437,0.002938381,0.0002979247,0.213,0.149,19.9256023452784,7.8653693468204
"06083",0.1222123938,0.0007554483,7.7793191522,24.11,0.1528399699,0.0421558113,7839.52,8.6,0.1836876778,3.8618640074,3.6506694117,0.1919457299,0.1178674991,0.1127425687,0.306,0.1146675196,0.9556423171,0.004207249,0.0004788185,0.21,0.147,25.9085450887537,13.2922100890127
"06085",0.0594354134,0.0010281307,5.5160361285,27.7,0.0733251095,0.0231967454,8134.3,8.8,0.1155228564,2.9665751299,3.0294733175,0.1619525755,0.0853822131,0.0862782378,0.319,0.084478031,0.9833226877,0.002669158,0.0004781999,0.198,0.161,4.65801856961845,8.00760495675981
"06087",0.0780737477,0.0009739336,7.1129981834,32.78,0.0922361301,0.0364206889,7372.17,8.1,0.1569215171,3.9476985231,3.6270412057,0.2029621238,0.1130992503,0.1107927149,0.289,0.1147268974,0.9606794673,0.0055775485,0.0004819649,0.174,0.119,23.3968582406294,16.6946332237824
"06089",0.0856041781,0.0007296709,8.2436098099,33.36,0.1042789709,0.0363532024,8329.02,6.7,0.1441406768,3.9050401421,4.0255788626,0.1720681121,0.1150126884,0.1201708425,0.306,0.1365401267,0.7783357691,0.0024026162,0.0007786256,0.227,0.185,38.4067328672574,24.6767897166437
"06091",0.0959288723,0.0003370408,6.7408156387,27.08,0.1060154854,0.0601659751,5917.77,5.3,0.1409686523,3.8761316368,3.89436374,0.1698924149,0.1123973313,0.1157888925,0.289,0.1212004817,0.7364197531,0.0016650017,0.0016650017,0.228,0.208,67.2872042166648,67.2872042166648
"06093",0.0929978118,0.0008265601,11.93920191,28.51,0.1112394308,0.0443446841,6502.79,6.3,0.1674963675,4.2624153755,4.1583560633,0.1752011349,0.1291649201,0.1293868735,0.305,0.1429573227,0.6563028953,0.0032089484,0.0008480792,0.249,0.176,55.8167985625263,30.5845471575486
"06095",0.0595949649,0.0008255139,5.5263568238,31.98,0.0725459471,0.0267734135,7528.89,7.8,0.1553032179,3.7200614838,3.4792433729,0.1907518002,0.1065564493,0.1039528155,0.327,0.1158607642,0.9683508168,0.0029086287,0.0003919922,0.274,0.207,20.8041730723633,13.0790941006402
"06097",0.0865146062,0.0009977178,6.8306827098,28.42,0.1053358615,0.0327865774,7656.44,8.3,0.1397170913,3.5265318154,3.5535546996,0.2002245016,0.1046445827,0.1064958874,0.28,0.1155566927,0.9465629766,0.003667858,0.0004677268,0.198,0.153,32.414307994378,14.8786987515178
"06099",0.0848909323,0.000655661,5.7207812953,53.79,0.1101879597,0.0298258614,9111.02,7.9,0.1966680389,4.5957915682,4.1063902833,0.1752639129,0.1350984835,0.1249365197,0.334,0.1441828739,0.9268698987,0.0015921142,0.000407897,0.312,0.238,18.7351305410544,10.6703392485476
"06101",0.1100917431,0.0008189669,5.8053346879,49.56,0.1397004275,0.04476526,8503.08,6.9,0.1804244194,4.1597121708,3.7707411296,0.1680223263,0.12143488,0.1148809261,0.316,0.1240715536,0.6626977844,0.0023579246,0.0006155644,0.269,0.21,35.9910160886763,19.7258453562938
"06103",0.0923959716,0.0004264864,6.4762747204,37.06,0.1155420065,0.0374304178,7664.6,7.1,0.173341585,4.2386665892,4.1504665951,0.1736146942,0.1273270248,0.1254490909,0.318,0.1393319323,0.6002710241,0.0014587661,0.0003964038,0.251,0.237,34.8007656168436,18.4549514634777
"06105",0.0870595508,0.0002295508,4.5910169102,49.45,0.0982628299,0.0518292683,7287.78,6.8,0.1625090092,4.2899376894,4.1777601548,0.1685573955,0.1277495738,0.1279441943,0.298,0.1454480181,0.8914841143,0.0035687168,0.0009111617,0.247,0.192,35.8781169114067,28.1899490018195
"06107",0.112012774,0.0004327376,4.4795950098,54.54,0.1572239518,0.0293980148,8816.3,7.8,0.2625216814,4.9723899664,4.3107092417,0.1677967911,0.1597104662,0.138561851,0.33,0.1437818881,0.6803376008,0.0020733395,0.0005783526,0.335,0.242,18.2807664574051,10.0834386411877
"06109",0.0724518709,0.0008564673,9.49561526,27.85,0.0848038198,0.0349829352,7684.94,7,0.1340887205,3.6770731304,3.7584105917,0.1976528872,0.107103566,0.1104811089,0.293,0.131200344,0.8105843042,0.001300366,0.0005758764,0.239,0.18,83.6721539071797,24.1719555731852
"06111",0.0992689907,0.0007677512,6.0667626062,37.14,0.1249320865,0.0354423213,9731.99,9,0.1508224147,3.6713983234,3.5046339418,0.1731042336,0.1055892541,0.105815959,0.273,0.0992018782,0.9783242927,0.0028079198,0.0002930825,0.21,0.177,16.8862401490387,11.3883945191192
"06113",0.0747569431,0.0012017877,6.5253314305,24.92,0.0894415068,0.0332914573,7099.71,8,0.1625390207,3.8511522016,3.7581665407,0.1901543427,0.116950736,0.114550591,0.322,0.118787885,0.9379533879,0.0031745267,0.0004528156,0.229,0.147,19.9557516561703,11.9420246131413
"06115",0.093749031,0.0002282124,4.4300059067,61.3,0.1216542814,0.0343325283,8273.29,6.6,0.1833960604,4.2785793818,4.0905249779,0.1858957285,0.1280435588,0.1234543698,0.32,0.153821705,0.7712286051,0.0013519725,0.0004596707,0.28,0.207,27.7116026692531,17.4314920016269
"08001",0.1260024349,0.0004314757,4.5996943035,30.47,0.1600929441,0.0498056611,9352.32,8.7,0.1587226371,3.6442329907,3.3742939741,0.1815673306,0.1097736526,0.1043096331,0.317,0.1710939917,0.9465447472,0.0026002771,0.001304299,0.268,0.18,26.9343414213442,17.2760674773269
"08003",0.1288070579,0.0010911736,13.33656644,33.19,0.1569501849,0.0632911392,7095.62,8.3,0.1989742002,4.2598060045,3.9410286141,0.1707718684,0.1383349167,0.1256431234,0.283,0.1837270279,0.5551311104,0.0139704519,0.0014217717,0.199,0.17,54.7367567457984,22.3001601556957
"08005",0.0937472738,0.0008429779,7.9068794605,32.88,0.1128388385,0.0453064235,9697.13,8.2,0.1211353374,3.1642808416,3.3137714677,0.1713508036,0.0924483108,0.0977118773,0.302,0.1485250381,0.9876102048,0.0024595158,0.0008984828,0.219,0.153,34.0755225929194,18.0181612466448
"08007",0.1322785491,0.000890544,13.762953368,43.18,0.1477576269,0.0842013889,7687.24,7.8,0.130734051,3.4554057157,3.4241078521,0.153113889,0.1030564209,0.1044003018,0.258,0.1418034874,0.8927507448,0.0008983992,0.0004900359,0.194,0.126,29.3724966622163,26.7022696929239
"08009",0.1339622642,0.0011065007,13.831258645,88.43,0.1516414799,0.0885750963,11648.49,7.4,0.149089049,3.7045735816,3.6740549499,0.1444872173,0.1133162571,0.1141816893,0.264,0.1654695182,0.6620908131,0.0002743484,0.0010973937,0.223,0.207,46.17657923901,92.3531584780199
"08011",0.1047865459,0.0001715266,8.576329331,63.38,0.1256168686,0.0527472527,7566.35,7.3,0.1903018251,3.9913644737,3.6206914649,0.178197325,0.1287246007,0.1147596412,0.304,0.1943203128,0.4888444376,0.0008880995,0.0007104796,0.254,0.194,5.77333872178281,5.77333872178281
"08013",0.0727226314,0.0012180154,9.4873689616,31.87,0.0844809309,0.0374175053,8553.68,8.2,0.107501615,3.0825459224,3.0107299016,0.1952366598,0.0887728039,0.0932772595,0.248,0.1253817355,0.976657263,0.0055914953,0.0008170221,0.149,0.093,33.091396132286,17.0692961062108
"08014",0.0479920101,0.0011065857,5.994005994,18.97,0.0565767776,0.0274377374,8859.92,8.4,0.098506785,2.709749183,3.0201396208,0.1909608973,0.0801819054,0.0882714295,0.253,0.1246301382,0.9920735744,0.0008529402,0.0004667031,0.188,0.114,35.6162120868003,19.6147254970784
"08015",0.1010992414,0.0009111373,20.902561904,19.03,0.1118908767,0.0639593909,7778.62,8.4,0.1092137851,2.8976059642,3.2570491685,0.1813943722,0.087725624,0.0954196412,0.265,0.1399086533,0.9861306081,0.001143604,0.000490116,0.17,0.156,58.8455571604344,30.3143779311329
"08017",0.1575342466,0.0005467469,16.402405686,NA,0.1742125984,0.1217391304,7859.02,8,0.1134158345,2.9760112663,3.1571554866,0.1702603052,0.0908657649,0.096377211,0.264,0.1372751246,0.4847494553,0,0.0010689471,0.228,0.225,18.0245133381399,18.0245133381399
"08019",0.0634517766,0,6.4495324089,NA,0.0670873464,0.0521512386,6068.43,8.4,0.0886877649,2.7614898629,3.010428241,0.1961284506,0.0802162988,0.0890807329,0.255,0.1331458034,0.7392165493,0.0003265484,0.0002176989,0.202,0.144,21.4853541502542,21.4853541502542
"08021",0.1142682554,0.0004920049,6.1500615006,32.95,0.1333633701,0.0761307658,8972.45,9.5,0.2105394452,4.0748827284,3.7335748448,0.1353589013,0.1316540505,0.1185813775,0.288,0.163158219,0.0554748062,0,0.0006049607,0.236,0.195,53.0092970151688,48.9316587832327
"08023",0.1577102804,0,5.5803571429,NA,0.1830403309,0.0818452381,6754.23,5.1,0.2342558324,4.4215067455,3.9095026604,0.1225689458,0.1445006108,0.1240659921,0.296,0.1583559277,0.198354143,0.0002802691,0.0002802691,0.217,0.196,101.168030902235,64.3796560286949
"08025",0.0952991453,0.0001797914,7.1916576771,50.23,0.1139240506,0.0498614958,9743.34,7.8,0.2234988783,4.5257898949,3.8938336821,0.1723990499,0.1453748633,0.1243329579,0.314,0.2298135709,0.5457667869,0,0.0005597015,0.229,0.172,6.01829561868079,6.01829561868079
"08027",0.1350613915,0.0004499438,29.246344207,25.62,0.1439098396,0.1051051051,7562,7.4,0.1301069981,3.4388037875,3.5057755806,0.1420042853,0.1058764479,0.108297461,0.255,0.1538785316,0.9254994125,0.0002293052,0.0006879156,0.221,0.187,7.4582338902148,82.0405727923628
"08029",0.1135088672,0.000733847,14.343373695,29.58,0.1317978644,0.066110499,6962.43,7.9,0.1447606037,3.736590698,3.5199584352,0.1435742374,0.1098947867,0.1080412157,0.27,0.1499034089,0.6812483846,0.0012052226,0.0004686977,0.231,0.184,38.7635533995636,33.2259029139117
"08031",0.1212764095,0.0012951527,10.665963416,28.12,0.1442805567,0.0467927171,8726.71,7.9,0.1508822168,3.3602215308,3.5767811358,0.2245061764,0.1032240239,0.1063706918,0.279,0.1713129761,0.9969358069,0.0042523898,0.0009038023,0.16,0.116,36.9214113295287,15.3961794919947
"08033",0.1249173827,0,5.055611729,NA,0.1390374332,0.086746988,6970.75,3.5,0.1449818978,3.7804172033,3.7903799154,0.1489970827,0.1171473225,0.1188340174,0.271,0.1763358708,0.324127907,0,0.0005055612,0.186,0.169,16.6333998669328,16.6333998669328
"08035",0.0353164461,0.0006669003,5.8625192703,26.33,0.0413866254,0.0241596419,9694.61,9,0.0787641349,2.2345597533,2.7514901272,0.2074274324,0.0688166932,0.082222961,0.259,0.1032115355,0.9873364511,0.0007564248,0.0004926296,0.186,0.096,19.675723367614,16.8796995206372
"08037",0.1395296339,0.000746199,9.1409383453,21.7,0.1593130563,0.081974996,8218.28,9,0.1123539395,2.6423502649,2.977355636,0.2371359262,0.0838360652,0.0906612662,0.242,0.1312035286,0.9738873882,0.001247142,0.0005290905,0.138,0.093,7.4759368283338,11.2139052425007
"08039",0.0761895726,4.04285e-05,7.2771376592,23.28,0.0803446075,0.0663763066,7682.39,8.4,0.0881942522,2.6280758674,3.008888403,0.1822112624,0.0791912,0.0898379842,0.258,0.1306019215,0.5902278437,0.0009092788,4.13309e-05,0.238,0.169,21.5746821105433,26.9683526381791
"08041",0.0807813482,0.0005989879,8.7179433956,32.51,0.0989676024,0.0373603533,8637.41,7.5,0.1340354409,3.4890701278,3.4404388725,0.1807969959,0.0983581202,0.0991017701,0.29,0.157056501,0.9378960343,0.0024565988,0.0009057766,0.226,0.152,36.6682886914603,25.3667569144153
"08043",0.0955168377,0.0005140067,10.494303093,24.82,0.1136896282,0.04264725,7347.07,6.9,0.140001687,3.4800824233,3.5317761602,0.1667549517,0.1041232547,0.1063649453,0.299,0.194603349,0.6871049035,0.0025590297,0.000666638,0.247,0.18,56.1717861205916,29.8634812286689
"08045",0.1598960794,0.0008434461,9.811515621,28.6,0.1916272116,0.0866519652,8348.25,8.5,0.1219150369,2.8567222038,3.3104498346,0.1945572537,0.092750119,0.1003166381,0.296,0.1407254535,0.8516731987,0.0017577139,0.0004350777,0.216,0.129,33.8219361052034,22.3568730186938
"08047",0.0437764777,0.0003431709,5.1475634866,NA,0.046435743,0.0345508391,7474.36,8.8,0.0996674136,2.9767988415,3.1693663513,0.1860759839,0.0866833126,0.0936100728,0.257,0.1421152906,0.8513140967,0.0006836438,0.0003418219,0.213,0.149,5.6785917092561,5.6785917092561
"08049",0.0924403611,0.0006158057,16.421484776,25.18,0.1002143076,0.0652883569,8083.18,8.5,0.0990431602,2.7766771023,3.0784208624,0.2089100968,0.0854495492,0.0936098971,0.259,0.1511831363,0.6832850502,0.001306201,0.0003437371,0.163,0.129,27.168376010324,29.4324073445176
"08051",0.1168957275,0.0007468725,18.049418062,41.5,0.1308851224,0.0651499483,7142.43,7.7,0.1219938242,3.3320025817,3.4613578853,0.2113102496,0.1020392256,0.1058380161,0.255,0.1619504956,0.9060297572,0.0015898251,0.000508744,0.159,0.12,22.8215767634855,39.4190871369295
"08053",0.1177504394,0,51.679586563,NA,0.1264637002,0.0927152318,6007.19,8.2,0.0983422707,2.958794516,3.1206659318,0.1680562263,0.0857113077,0.0931105411,0.248,0.1275066936,0.7307236062,0.0012722646,0.0012722646,0.195,0.164,42.5894378194208,0
"08055",0.1014986376,0.0009242144,13.863216266,23.24,0.1161233993,0.0511307768,7058.17,7.5,0.1683815053,3.8653086109,3.5997395535,0.129406574,0.1200420058,0.1127503826,0.283,0.1468942882,0.7924303383,0.0013927577,0.0009285051,0.217,0.183,101.879680097804,112.067648107585
"08057",0.1665080875,0.0007374631,14.749262537,NA,0.1814859927,0.114893617,9512.13,7.9,0.1183996527,3.1621883789,3.3266307963,0.1646917833,0.0968528686,0.1016053327,0.267,0.144689226,0.1456241033,0.0021489971,0,0.226,0.176,0,24.3368216110976
"08059",0.0700485327,0.0008081001,7.5858849492,24.82,0.0821627278,0.0349837788,9080.14,8.5,0.1133056316,3.2578427333,3.1881761871,0.1905678629,0.0916663182,0.0916236624,0.247,0.137652754,0.9960564445,0.0021700868,0.0006660663,0.205,0.124,46.7608251605082,19.1053056141294
"08061",0.1223155929,0,28.109627547,NA,0.1338481338,0.0938511327,8551.99,4.4,0.1256813882,3.3575207598,3.5021690988,0.1518481197,0.1032567258,0.1082580077,0.257,0.1517281091,0,0,0.0007132668,0.222,0.228,119.104335397808,119.104335397808
"08063",0.1433955799,0.0002577984,16.756896107,37.85,0.166913215,0.091689008,9696.04,8.1,0.1394923826,3.4303967922,3.3003687302,0.1663337808,0.1053296409,0.1042015886,0.298,0.1560407028,0.5836759371,0.0004955401,0.0006194252,0.28,0.195,33.2986472424558,33.2986472424558
"08065",0.1174833823,0.0008016032,13.36005344,NA,0.1337173421,0.0714285714,6897.84,8.5,0.1520541753,3.4562333358,3.4357132021,0.1843463891,0.1073597173,0.105152404,0.272,0.1572951558,0.9801641587,0.0005436999,0.0009514748,0.201,0.147,26.7141585040071,26.7141585040071
"08067",0.1022327198,0.0010422762,10.422761849,17.02,0.1155376172,0.0609956236,7050.96,8.2,0.1117842953,3.1523374218,3.3928454853,0.2197203379,0.094786192,0.1001624113,0.245,0.1566530987,0.7863209569,0.0031673119,0.0009446369,0.167,0.117,35.9099208764455,17.6506390748631
"08069",0.0699072815,0.0008633689,9.0234038918,30.01,0.0809698079,0.0376300138,8323.9,7.9,0.1003348134,2.8906817115,3.4235255903,0.2102950781,0.0886386762,0.0987716263,0.227,0.1310106642,0.9212295164,0.0023879897,0.0007312062,0.188,0.122,37.6869815534253,22.9529754673787
"08071",0.1091451292,0.0007113387,14.93811353,64.67,0.1263692225,0.0610294118,8580.74,7.8,0.1598916958,3.6741881552,3.6107851572,0.1512466128,0.1117368545,0.1064439042,0.311,0.1542233307,0.7792609789,0.001138628,0.0003558212,0.245,0.23,56.854523488025,26.0583232653448
"08073",0.0898253396,0.0001799532,14.396256973,59.54,0.1026141241,0.0599455041,9131.15,7.3,0.1417103169,3.4344323211,3.3092406995,0.1684650782,0.1057340678,0.1040311193,0.279,0.1665052155,0.0051216389,0.0016333938,0.001814882,0.246,0.194,35.9066427289048,59.8444045481747
"08075",0.1105276976,0.0007260846,14.067888909,43.23,0.1296644295,0.0601626016,7975.35,7.7,0.1453851722,3.6375873288,3.5853948457,0.1875038586,0.1068876178,0.105292904,0.279,0.1601232468,0.7814522876,0.0025750311,0.0006659563,0.334,0.211,39.1100949171919,24.0677507182719
"08077",0.1076359798,0.0010638799,9.2921158417,24.99,0.1275212574,0.0554642564,6965.88,7.3,0.1296422881,3.3498357753,3.3041669831,0.1808133837,0.1007768604,0.1025172942,0.29,0.1601929698,0.7637452887,0.0023405619,0.0007352197,0.227,0.154,45.6528014931151,27.5259538414371
"08079",0.1106941839,0.0013774105,55.096418733,NA,0.1113689095,0.1067961165,8863.07,8.6,0.1081443845,3.0912007062,3.2344379767,0.1651348848,0.0916378431,0.0971370266,0.259,0.1355934997,1,0,0.0014326648,0.186,0.136,0,0
"08081",0.1051589088,0.000463786,12.367627734,47.87,0.1201120876,0.0704845815,8472.84,7.8,0.1241558397,3.2877376133,3.2999860885,0.1799211893,0.0970778216,0.1006770036,0.287,0.1587964805,0.6140630663,0.0013149752,0.0006961634,0.249,0.199,33.3555703802535,28.2239441679068
"08083",0.1478666603,0.0007642923,10.317945582,27.04,0.173606492,0.0824674254,7340.94,7.4,0.1360595839,3.7806596382,3.5853134835,0.1691539846,0.1113153661,0.1109532885,0.273,0.1648727769,0.6027804974,0.001164054,0.0004268198,0.243,0.18,32.9368246367448,44.3380331648488
"08085",0.1316330728,0.0006838275,10.257412201,29.95,0.1567524822,0.0693807951,6821.57,7.4,0.1421714644,3.5460960594,3.4826407862,0.1609444273,0.1077545541,0.1086891669,0.265,0.1513150819,0.7570743289,0.0017615541,0.0006850488,0.207,0.15,42.1769811014681,18.6552031794955
"08087",0.125974805,0.000493653,12.341325811,48.35,0.1543870566,0.0655866214,8862.82,8.8,0.1535145144,3.6728583773,3.3438051517,0.1750386062,0.1105174144,0.1047590169,0.276,0.1484805718,0.6384459675,0.0015885343,0.0004589099,0.312,0.206,34.1329064758363,17.6549516254325
"08089",0.1237807873,0.0005451671,14.71951153,53.82,0.1507229154,0.0594149909,8722.14,7.3,0.203572244,3.8933394389,3.6208192205,0.141625718,0.1274483989,0.1187962166,0.302,0.1566519626,0.6975200467,0.0031371701,0.0009195154,0.29,0.207,43.5366251859377,19.9542865435548
"08091",0.1044050343,0.0010658708,19.185674696,NA,0.1072881983,0.0985748219,6042.8,8.3,0.0961132406,2.8033596614,3.1124505024,0.1639805441,0.0849052592,0.0935481323,0.26,0.1264423875,0.8631650135,0.0015122057,0.0004320588,0.193,0.152,7.05367849333427,7.05367849333427
"08093",0.0884087893,0.0001817081,7.268322229,24.46,0.0934562212,0.0705061082,7013.07,7.5,0.0972894471,2.8544128144,2.9875835633,0.189378247,0.0843109557,0.0914676555,0.256,0.1383873485,0.7678637542,0.0007953503,0.0002447232,0.206,0.148,31.9865656424302,35.9848863477339
"08095",0.1456166419,0.0011496896,27.592550011,44.69,0.1666666667,0.0998134328,11471.3,8.5,0.1353686247,3.426325307,3.4746366605,0.1616470205,0.1050375982,0.106638335,0.268,0.1438626618,0.7474110761,0.0009168004,0.0006876003,0.235,0.189,92.3076923076923,69.2307692307692
"08097",0.111804996,0.0008433125,21.926125822,13.66,0.1210543712,0.0741869919,10105.61,8.3,0.095851431,2.7935636914,3.0023180641,0.1963196885,0.0840833795,0.0913792309,0.26,0.1325941825,0.948332167,0.0028367185,0.000453875,0.153,0.108,9.40468353239913,18.8093670647983
"08099",0.1379489849,0.000250962,16.730801405,77.49,0.1694633409,0.0705472952,11123.92,7.8,0.1796933511,3.7975184134,3.5472427993,0.164255718,0.116698662,0.1123114638,0.291,0.1600268376,0.4476934109,0.002243643,0.0009971747,0.294,0.192,38.9863547758285,16.7084377610693
"08101",0.0910662251,0.0006662958,8.802440232,36.27,0.1134328358,0.0353592876,8881.43,7.4,0.1900958536,4.3239739313,3.6695028485,0.1565758439,0.1274320419,0.114064224,0.332,0.1592410643,0.7459057103,0.0039969112,0.0007969112,0.28,0.198,62.1701668810348,25.8872498160375
"08103",0.099181243,0.0012174707,13.696545427,58.35,0.1093138534,0.0769230769,10104.71,7.9,0.1190253663,3.1482168348,3.2376080706,0.182335307,0.0961461061,0.1004103962,0.265,0.1600769425,0.6683168317,0.0016400775,0.0004472939,0.208,0.144,80.7143217474651,60.5357413105988
"08105",0.1290393252,0.0010395911,16.460192324,54.83,0.1512824451,0.074954955,8857.87,8.5,0.1743786154,3.6391594114,3.6157344825,0.1467672808,0.1178837247,0.1132262974,0.265,0.1654538299,0.7396928726,0.0004307745,0.000947704,0.23,0.153,49.0918016691213,57.7550607872015
"08107",0.0809887943,0.0012018235,15.333609615,23.87,0.0900406755,0.0519346162,6873.73,8,0.0886477126,2.7168935959,2.9887809669,0.2240999273,0.0826316838,0.0918936725,0.23,0.1403262483,0.7650261602,0.0026398492,0.0005447308,0.142,0.099,39.9212587585865,23.4021172033093
"08109",0.1954795357,0.0004799232,12.797952328,29.08,0.2266106443,0.1155743481,6175.05,7.8,0.2119975731,4.3558508757,3.996782448,0.1293005053,0.1383644402,0.1276680133,0.308,0.1794502053,0.1638834316,0.0006455778,0.0001613944,0.234,0.178,5.30898279889573,26.5449139944787
"08111",0.1218181818,0.0014265335,14.265335235,NA,0.1274725275,0.1,6392.72,4.6,0.1520108483,3.7157729831,3.631029294,0.1586618615,0.1150389394,0.1129803754,0.281,0.1788752721,0.1659513591,0,0,0.204,0.153,47.2813238770686,47.2813238770686
"08113",0.1085450346,0.0006345983,10.153572788,NA,0.1155595996,0.0849056604,7503.48,8.1,0.1083145887,3.1289353601,3.2182250007,0.2045481619,0.0913566887,0.0974865897,0.26,0.1573067634,0.7973909499,0.0024234694,0.0006377551,0.176,0.121,4.21300977418268,4.21300977418268
"08115",0.1118568233,0.0004168404,12.505210504,45.79,0.1264280274,0.0758483034,7728.86,8.1,0.1342731196,3.4943949114,3.3926846535,0.1558758659,0.1021899956,0.1035485377,0.257,0.1479330606,0,0,0.0008517888,0.212,0.189,13.978194017333,13.978194017333
"08117",0.1186776242,0.0007601547,8.2625508147,12.57,0.1301083098,0.0677218994,6812.07,8,0.1045310926,2.8596766553,3.0418429865,0.2422329002,0.0867665667,0.0930786934,0.25,0.1461215344,0.9998571122,0.0022445926,0.0003400898,0.145,0.084,4.44271672127506,23.3242627866941
"08119",0.0780469663,0.0005986744,13.683985461,30.77,0.0873413379,0.0486941124,8089.78,8.5,0.0943909651,3.1484228274,2.9723316549,0.1680762976,0.0889232817,0.0911372892,0.261,0.1414859507,0.8030835118,0.0011543888,0.000299286,0.203,0.167,21.1813547594504,40.9506192016041
"08121",0.1058404168,0.0002055921,18.503289474,52.6,0.1198920586,0.0741410488,8253.7,7.1,0.1090263122,3.0930583544,3.2096005996,0.1731525536,0.0923205545,0.0978725209,0.254,0.1405060348,0.3905276278,0.00041841,0.00041841,0.243,0.211,68.719076415613,0
"08123",0.0844253656,0.0004839151,6.9431294578,35.78,0.1022168845,0.0458475641,8775.4,8.6,0.1401340532,3.2629750404,3.2763969625,0.1752230399,0.0984771669,0.1007097657,0.302,0.15822091,0.7960802927,0.0017394749,0.0005726222,0.264,0.166,31.3601686221111,19.4689522672586
"08125",0.1226774948,0.0007884881,16.755371575,59.79,0.1457768132,0.0764447696,10353.85,8,0.1345980999,3.2208495069,3.3794971294,0.1729830022,0.1002985783,0.1039696514,0.25,0.16039289,0.6613561685,0.00078416,0.00039208,0.252,0.181,85.383074447473,85.383074447473
"09001",0.0924190924,0.0009102867,9.2927294149,40.3,0.110777298,0.0456335228,9439.96,8.7,0.1356447116,3.0912517141,3.4649935614,0.2063125865,0.0908458782,0.1029707701,0.326,0.121743266,0.9678904136,0.0023311946,0.0007700135,0.216,0.173,51.485938453688,8.52812943586071
"09003",0.0577438888,0.0009465966,10.258516857,47.65,0.0695856855,0.0258115874,9174.62,8.2,0.1366619296,3.3888502202,3.6779711266,0.1726391813,0.1007370422,0.1091900885,0.326,0.1375824416,0.9595800513,0.0039343642,0.0011614893,0.258,0.207,72.1088967189894,9.64181943738681
"09005",0.0564945449,0.0006372445,10.56627615,47.96,0.0659036643,0.0277634683,9126.28,8.7,0.1062867302,3.1010637944,3.576121038,0.1943942475,0.0886593382,0.1029606696,0.294,0.125944229,0.9017675212,0.001843313,0.0004378544,0.272,0.188,70.5775200619776,12.8817581604124
"09007",0.044942276,0.0007192359,10.239968792,43.23,0.051634717,0.0249016232,9155.19,8.5,0.099535339,2.9444889564,3.5778826186,0.1924800573,0.0855952522,0.1025324179,0.32,0.1244938135,0.9234771482,0.0035103036,0.0008002765,0.248,0.175,89.7762702225111,9.34323174261428
"09009",0.0701754386,0.0009063725,8.6332274541,48.26,0.0842243592,0.0299850959,9904.98,8,0.1535348081,3.4657871544,3.8016654207,0.1770857633,0.1016045408,0.1152502053,0.36,0.137086747,0.9588406415,0.0034715893,0.0010612149,0.271,0.2,73.0906238385613,11.793816160787
"09011",0.0546417876,0.0006731332,9.5636405101,54.33,0.0647994362,0.0256810567,9759.04,7.9,0.1193545965,3.0898581425,3.4807309693,0.1906520224,0.092541049,0.1049615063,0.333,0.1370519474,0.9035741001,0.0028281618,0.0006467502,0.296,0.2,59.8523315426693,14.7177864449187
"09013",0.0415040887,0.0005085194,7.3306036191,47.75,0.0473030554,0.0245643211,9502.26,8.1,0.1153645167,2.9747339253,3.2637784517,0.2225399194,0.0869512057,0.0966671347,0.306,0.1252295062,0.857286939,0.0019885444,0.0004492393,0.244,0.18,47.8073605710446,13.6592458774413
"09015",0.059650117,0.0005061206,9.2645809922,54.11,0.0704317276,0.0278693193,9803.47,8.2,0.1343306862,3.508959115,3.6835132816,0.1948133744,0.1011313639,0.1105482958,0.371,0.1689333964,0.8355963117,0.0024444862,0.0004017163,0.311,0.215,46.8888933363449,16.0108416270446
"10001",0.0691478501,0.0004552448,8.4710112774,59.8,0.0859806866,0.0269830249,10004.66,8,0.1699382567,3.4750724996,4.0351687261,0.1542102764,0.1059894978,0.1194844384,0.382,0.1901915736,0.6949910665,0.0014303407,0.0005988825,0.338,0.295,44.0090939315495,13.4525614637924
"10003",0.0608826884,0.0008154043,10.255415524,45.34,0.0738763551,0.0252605841,9439.95,8.2,0.1567956076,3.3553870942,3.6553571198,0.1811621161,0.1004496322,0.1092075368,0.369,0.158487025,0.9623012225,0.0025435166,0.0010872357,0.288,0.232,56.2241380965639,12.4209141792836
"10005",0.0937883593,0.0006539221,10.713192531,42.58,0.1135984019,0.0381178861,9888.58,8.5,0.1591605045,3.6021544292,3.689330773,0.1405045661,0.1067840547,0.1116943806,0.342,0.1724773583,0.6669862284,0.0014370474,0.0005975841,0.324,0.278,58.757858863623,13.916334994016
"11001",0.0429837448,0.0011484199,27.490672807,38.35,0.0500819144,0.0167505291,8186.5,8.4,0.1261752807,3.2175693965,3.354195266,0.2616489382,0.0972872869,0.1044826316,0.337,0.162384151,1,0.0041569724,0.00146306,0.231,0.169,31.1088207421292,6.26151982988544
"12001",0.1259977593,0.0015040544,10.116785401,54.93,0.1444212968,0.0657630728,9688.66,6.5,0.1587390013,4.0412996966,4.1729328598,0.1925237823,0.1218121326,0.1284004139,0.335,0.1649892557,0.835345441,0.0047546611,0.002211561,0.253,0.233,64.372178908494,13.0796060730406
"12003",0.1175624246,0.0004376368,9.117432531,90.32,0.1449129178,0.0594045233,11911.78,6.4,0.1495248064,4.0571580898,4.1097768776,0.1988043476,0.1194220839,0.1243009291,0.358,0.1875983002,0.5242116909,0.0008858377,0.0004798287,0.367,0.316,36.3856882959369,15.767131594906
"12005",0.1379703611,0.0005065103,9.029096815,60.11,0.164437401,0.0657745297,11512.97,6.6,0.1460725546,3.9889028702,4.22275946,0.204142735,0.1144191923,0.1229710351,0.337,0.1767096627,0.8337952763,0.0020672123,0.001022432,0.295,0.306,31.5831610337242,23.6873707752932
"12007",0.1330836586,0.0003713607,11.883541295,106.27,0.1591941392,0.0685201794,11566.99,7.2,0.1559303575,3.9873244338,4.0321367331,0.1906351164,0.1176512527,0.1220044335,0.35,0.1834129425,0.6560659187,0.0002247023,0.0006741068,0.37,0.31,100.551169372859,13.6550970753265
"12009",0.135299686,0.0007498838,7.6220585543,53.49,0.159480166,0.0628034727,10709.21,6.8,0.1363784861,4.0258350655,4.0735832312,0.1639191111,0.1136866692,0.120513164,0.344,0.1569638782,0.8933666559,0.0013629385,0.0007416253,0.279,0.256,83.445660268188,23.0619862766511
"12011",0.1651973777,0.0007229392,5.4681835559,52.3,0.1979956292,0.0734169687,11989.83,7.9,0.1584033153,3.8977928145,4.0192698976,0.1717413719,0.1217614902,0.1228612363,0.369,0.1461125815,0.9951803879,0.0013171164,0.0005494226,0.253,0.23,19.0827185632034,12.0874837805702
"12013",0.1626808385,0.0004148804,9.6805421104,89.9,0.1991132049,0.0757477243,11845.44,6.8,0.1853228963,4.436994901,4.440818049,0.1770800459,0.1344732199,0.1360928759,0.358,0.1941841807,0.0856068376,0.0001376273,0.0002752546,0.341,0.402,34.5486790888362,46.0649054517816
"12015",0.167592159,0.0006642983,6.6429829882,47.78,0.1910573522,0.0834778086,10595.35,6.8,0.1356788871,3.7711471803,4.1439722168,0.1529977113,0.1112133081,0.1202523523,0.303,0.1437821638,0.9069372039,0.0009318945,0.0006232416,0.271,0.265,85.7603248893384,20.3824987405154
"12017",0.1486092981,0.0005387855,8.6489245559,46.57,0.1734664352,0.0691197492,9887.05,6.6,0.1516010271,4.1965458757,4.2719724597,0.1478552355,0.1217169457,0.127307545,0.32,0.1703455357,0.8416905038,0.0004591862,0.0006385559,0.273,0.341,65.5573792140661,21.9310657083027
"12019",0.1191931188,0.0005687194,6.8638554276,58.29,0.1432290207,0.0615399572,11421.77,7.6,0.1303838172,3.2639244441,3.6954581132,0.1895468736,0.1012600423,0.1122464353,0.338,0.1516916208,0.8791030309,0.0006806875,0.0007807886,0.305,0.261,53.5881165084075,17.481489226828
"12021",0.2318580486,0.0007108773,7.6125439051,32.06,0.268709609,0.1291967829,9224.15,7.9,0.1510423898,3.5809158798,4.0408320805,0.1838313854,0.1120667517,0.1211765679,0.31,0.1273203403,0.9125342125,0.0008372112,0.0006881188,0.214,0.214,24.4581401731487,12.2290700865743
"12023",0.1252367882,0.0004681922,8.6322935565,82.9,0.1501480485,0.0640141816,10896.74,6.8,0.1562957309,3.9891490561,4.1025887964,0.1787226217,0.1195125738,0.1241834064,0.372,0.1843944702,0.715360353,0.0012968448,0.0008989493,0.355,0.359,55.4733727810651,16.0580815945188
"12027",0.2572019736,0.0002538214,8.7427378871,57.3,0.3133864281,0.1099972153,11236.26,7.4,0.239338379,4.9212237535,4.5957228888,0.1561969234,0.1560344435,0.147086261,0.365,0.2002390369,0.5401296541,0.0003713013,0.0004284245,0.301,0.363,49.8729650889244,20.7019855086101
"12029",0.1428441535,0.0001234339,9.874714559,95.51,0.1708781586,0.0698564593,11732.98,7.2,0.1706140501,4.3209136501,4.3843655833,0.1725879457,0.1309048096,0.1340066813,0.332,0.1928162945,0.205029838,0,0.0002514616,0.345,0.451,53.7079115885148,22.7225779797562
"12031",0.1321054893,0.0008554123,8.9922344772,59.53,0.1585817469,0.0605481587,11837.81,6.3,0.1703587575,4.1737272609,4.2848800189,0.1578042221,0.1233213443,0.1263962209,0.36,0.171319661,0.9346576216,0.0014436926,0.0011607467,0.308,0.258,50.1285548982577,15.2358654464821
"12033",0.1272248292,0.0006527268,8.6815882805,56.48,0.1536077244,0.0562865278,10338.94,6.2,0.1550943508,3.7181575256,4.1160283916,0.1989524842,0.1129523004,0.120776621,0.342,0.1803155848,0.8283106925,0.0014324388,0.0010847907,0.277,0.268,42.2693518379162,18.67963780716
"12035",0.1581834848,0.0005123729,6.2623349021,52.84,0.181901411,0.0907414994,9987.92,6.8,0.13850935,3.6575649197,4.0212584938,0.1674949872,0.1109652852,0.120700507,0.312,0.1445599509,0.9375104498,0.0004394188,0.0003808296,0.253,0.269,58.2075859669103,20.87880800987
"12037",0.1713479371,0.0003401071,11.903749681,69.82,0.2017244476,0.0841025641,9396.64,7.5,0.1505660765,3.9455019559,4.0584681564,0.1920121576,0.1169059638,0.1213146368,0.341,0.1741117467,0.6081911854,0.000507829,0.0003385527,0.339,0.31,56.3745525269893,56.3745525269893
"12039",0.1648044693,0.000173777,9.992180033,50.72,0.1983744848,0.0786951892,8844.17,5.8,0.2264765215,4.6614588296,4.6136408147,0.1500366309,0.1473752444,0.1455375678,0.403,0.2093346598,0.5864536851,0.0010371427,0.0001728571,0.423,0.343,70.8486658039516,12.2900746802773
"12041",0.1864524066,0.0003488575,5.8142915286,74.09,0.2148647226,0.1121621622,10706.95,7.7,0.1548107342,4.0571344031,4.2283965578,0.1828556689,0.1221173519,0.1284850194,0.328,0.1778277468,0.2549737293,0.0002353356,0.0008236748,0.342,0.335,75.8636788048553,21.3974478680361
"12043",0.2618030842,0,6.5837600585,82.58,0.2948575068,0.168989547,11029.82,5.1,0.1875330471,4.2705155748,4.2132573265,0.1639758536,0.130156266,0.1297813501,0.352,0.1747971352,0.0270102453,0,7.33407e-05,0.327,0.347,36.3416111447608,26.6505148394912
"12045",0.1431983385,0.000378048,15.752000504,69.14,0.1661324042,0.0793834297,10977.07,7.1,0.1545078844,3.8800935886,3.9636038053,0.2000525233,0.1152741687,0.1182435398,0.353,0.1773949602,0.3291937212,0.0005644757,0.0006899147,0.356,0.337,46.0202907645644,27.1938081790608
"12047",0.1474900995,0.0002098636,8.3945435467,81.01,0.1759535161,0.0778378378,9912.06,5.8,0.1965146367,4.4261897803,4.3430588199,0.1802700259,0.1364005699,0.1348878268,0.377,0.2048895599,0.6290965606,7.11845e-05,7.11845e-05,0.397,0.373,32.7838141626077,28.100412139378
"12049",0.2182182649,0.000145444,11.999127336,77.5,0.2818511291,0.0937165775,12107.74,6.4,0.2502475509,4.9685239819,4.6735344672,0.1649589784,0.1605158478,0.150433063,0.369,0.2070844728,0.7206736144,0.0001456187,0.0004004514,0.377,0.346,36.4382796273579,15.7899211718551
"12051",0.2600029927,0.0003834454,8.6914287175,65.65,0.330652915,0.1107506533,11044.04,7,0.2584640936,4.9096285595,4.5431888612,0.1628087093,0.1571052567,0.145670412,0.387,0.1996570496,0.5251149719,0.0003635891,0.0004155305,0.328,0.326,13.6852729356621,16.2512616110988
"12053",0.1560268679,0.0005323948,6.5568625693,54.51,0.1868141118,0.0696298016,11083.9,6.7,0.1589683403,4.142829829,4.1404480778,0.1540388952,0.1195075571,0.1243426944,0.333,0.1579344646,0.8624940675,0.0006027693,0.0005913963,0.316,0.306,59.3898300035932,20.1069016940065
"12055",0.1827595815,0.0006131208,11.659346072,55.49,0.2187723355,0.0866788828,11868.18,6.6,0.1781136865,3.9186955103,4.083055413,0.1456002693,0.1239506138,0.1288909596,0.319,0.1528114156,0.8621262122,0.0006718515,0.0005802354,0.305,0.324,58.2633503435529,21.7650446685686
"12057",0.1474338825,0.0008413328,7.3977984508,60.94,0.1790205076,0.0636863657,11838.46,7.4,0.1752081305,4.1277054261,3.9196899885,0.1928791262,0.1247478165,0.1224694721,0.359,0.1621066857,0.9535805458,0.0014859857,0.0009389971,0.256,0.215,40.1080170012465,13.6827473175135
"12059",0.1668466134,0.0003622438,13.972262472,104.28,0.1985843492,0.0833545108,12335.63,6.5,0.1760206561,4.4633265384,4.4362691349,0.172669229,0.1375204761,0.1390788275,0.342,0.1993210187,0.3669393285,0.0007633588,0.0004580153,0.322,0.349,54.7373462650314,20.5265048493868
"12061",0.1935936589,0.000696327,9.9378714026,36.31,0.227278081,0.0944563225,9878.31,6.8,0.1447524784,3.777034169,4.1767595108,0.1624452757,0.1133904877,0.1230131461,0.319,0.137059112,0.9282174631,0.0010707748,0.0007046389,0.272,0.244,72.483831828506,16.6577750164889
"12063",0.1365976968,0.0004115311,11.934401942,79.77,0.1649178636,0.0644811116,11000.58,6.8,0.172659223,4.2481004603,4.2637597594,0.1719488746,0.1271009269,0.1296552077,0.355,0.1910567141,0.4070478028,0.0009835864,0.0008606381,0.348,0.374,63.1742304074051,14.4202047669077
"12065",0.1406737054,0.0002130531,9.9424756764,57.67,0.16014377,0.0837264151,9724.89,6.6,0.1646463188,3.8646604912,4.131394482,0.1633847679,0.1218654322,0.1260543051,0.365,0.1766994121,0.1938215568,7.11744e-05,0.0001423488,0.343,0.273,97.5331255798463,90.3965554154673
"12067",0.2197340798,0.0001154335,17.315017892,82.92,0.2568510214,0.1362367393,11332.6,7.6,0.1641537722,4.0506216091,4.0689364757,0.2030597006,0.1226068417,0.1239682652,0.364,0.1876378759,0.3899661781,0.0001131862,0.0003395586,0.355,0.32,45.9506031016657,45.9506031016657
"12069",0.1440181631,0.0007180667,8.4695051784,56.16,0.1743172907,0.0645557854,10777.76,7.2,0.1459188626,3.9427216251,3.9071456763,0.1590612106,0.1144251518,0.1185182661,0.317,0.1569606031,0.9221112802,0.0006715449,0.0005670119,0.302,0.273,68.5800149647734,15.7631676187688
"12071",0.1994270033,0.0006168249,6.4246661595,46.59,0.2368835437,0.0926297205,10112.63,7.4,0.1507660436,3.7012260535,3.8635503798,0.1948134721,0.1140391119,0.1201750226,0.307,0.1516471499,0.9379349467,0.0008300062,0.0007225763,0.254,0.23,33.2251022064035,18.2999489978045
"12073",0.114457076,0.0008313772,13.099429913,47.17,0.1311871726,0.0619725273,9533.83,6,0.139803492,3.3773857058,4.0491548317,0.1911128974,0.1134981797,0.1277413269,0.345,0.1620676898,0.9436924428,0.0017958505,0.0009401806,0.288,0.215,53.3748522868444,10.3719691125091
"12075",0.1741232573,0.000225949,8.786905001,64.79,0.205796201,0.0842940374,9809.37,7.3,0.169599554,4.3018985248,4.3699585402,0.1632619426,0.1303987756,0.1350531447,0.347,0.1780855809,0.6687826279,0.0002271981,0.0005553732,0.303,0.343,92.122673902484,24.2868867561094
"12077",0.1451521452,0,8.4023526587,116.74,0.1710421639,0.0853735091,10660.42,6.8,0.1723850063,4.1870281775,4.142595946,0.1999260589,0.1268569781,0.1273235421,0.36,0.2017943698,0.470292887,0.001076555,0.0003588517,0.377,0.356,28.1203551199132,28.1203551199132
"12079",0.1574412931,0.0001086484,14.124293785,89.61,0.1854515566,0.079943899,11421.77,5.8,0.2035858578,4.6490136502,4.4347387411,0.1615486043,0.1442855279,0.1402385573,0.374,0.2065842017,0.5269454848,0.0004320121,0.0005400151,0.339,0.328,45.3309156844968,58.0235720761559
"12081",0.1807716417,0.0005696688,7.5405441851,44.68,0.217792603,0.0787714166,10416.6,7.6,0.1425517016,3.796712191,4.0143077854,0.1876493655,0.1110890403,0.12026416,0.341,0.1517200497,0.9351584256,0.0008585741,0.0005259477,0.278,0.249,54.261995613211,18.6983903802281
"12083",0.1656590339,0.0005913988,7.2249704301,47.1,0.2039019258,0.0629880587,10386.08,6.8,0.1663894971,4.1420497377,4.3109748903,0.1659080907,0.1240244283,0.130243262,0.335,0.1631604456,0.8035967618,0.0007754292,0.0006103188,0.299,0.311,49.1545323484329,19.9720585084363
"12085",0.1668534918,0.0007038513,9.7899323663,44.53,0.1917620645,0.0959461916,10209.02,7.7,0.1294169228,3.6561747774,3.8116611447,0.1742301162,0.1076838071,0.1141610739,0.309,0.1317322588,0.9506075807,0.0013234067,0.0008540211,0.205,0.215,75.3667993236203,17.5073018258835
"12086",0.2123335025,0.0008027873,4.7937018704,69.98,0.2571207318,0.0778264352,13762.4,9,0.2177756392,4.3031657087,4.1822716253,0.1660825461,0.1359154642,0.1329656322,0.348,0.144749952,0.988862518,0.0012749383,0.0006200068,0.227,0.231,31.429174800742,9.75345448272238
"12087",0.1997802417,0.0007356547,12.519036679,47.38,0.2187900326,0.1253977319,9345.24,7.8,0.1502095715,3.6491895757,3.9184108994,0.1832447165,0.108090926,0.1157098797,0.329,0.1468274532,0.9161034341,0.0016723709,0.0005444928,0.223,0.221,43.6466334324654,22.6791330580457
"12089",0.1206056106,0.0004589261,11.473152822,48.46,0.1378126215,0.0735160646,10276.86,7.4,0.1276214274,3.7997079212,4.0664996953,0.1837323886,0.1069936861,0.1165602936,0.321,0.1495616655,0.755421884,0.0008483535,0.0005351153,0.304,0.254,66.1900417930713,22.9119375437554
"12091",0.1260386376,0.0008053799,9.2115330407,50.34,0.1465951245,0.0717238026,10375.2,7,0.1314976824,3.5723504818,3.8540307658,0.2121802422,0.1039170897,0.1143900562,0.32,0.1651847316,0.8951952749,0.0012823644,0.0007887559,0.288,0.279,41.9219714729369,17.6072280186335
"12093",0.2387229452,0.0004813905,8.6143555702,115.01,0.2899680631,0.1114776476,12387.08,5.2,0.2316840313,4.9701283189,4.6458176069,0.1593448688,0.1535983695,0.1468187767,0.35,0.2101929786,0.4181668167,0.0004853253,0.0006641294,0.333,0.348,26.0653146335721,16.8163320216594
"12095",0.1567827378,0.0008283351,7.235317042,56.53,0.1872922586,0.0720919329,11458.71,7.4,0.1747609952,3.9884922868,3.8067851196,0.1813426665,0.1238467092,0.1225882075,0.342,0.1521537784,0.9759519563,0.0016145239,0.0008499594,0.256,0.243,24.8476589510968,10.167309299405
"12097",0.1757451663,0.000444454,4.660594519,74.67,0.2142096539,0.0825033001,11557.74,8,0.2252174887,4.6325346314,4.2748364229,0.1696308756,0.142541042,0.1330897177,0.377,0.1669785452,0.8986359492,0.001047674,0.000473871,0.29,0.296,21.6445977660714,10.2038818040051
"12099",0.1721005796,0.0007928091,6.4169739856,46.89,0.2022676108,0.0882245386,11598.38,7.8,0.1351540438,3.2077938241,3.8001782539,0.1806071963,0.103100767,0.1166123671,0.356,0.1194064054,0.9774000215,0.0015131894,0.0006803987,0.217,0.215,49.6915209474735,16.4153207471597
"12101",0.140492419,0.0005985029,5.8846094367,67.44,0.1687310586,0.0660787539,11526.24,7.5,0.1543191216,3.8244381466,4.1451531886,0.1631117248,0.1120053736,0.122933964,0.341,0.1856690545,0.9276625414,0.0005954699,0.0005480796,0.311,0.291,42.9925488496986,21.5965680846853
"12103",0.1429457718,0.0009149035,7.4118760574,54.57,0.1675956748,0.0601468521,11468.78,7.5,0.1492262797,3.9363611631,3.9904641035,0.1954357005,0.112797626,0.1191660882,0.343,0.1704284876,0.9962434891,0.0016224318,0.0008304036,0.263,0.23,52.3053862261313,21.4838230673774
"12105",0.1544786749,0.0004891615,8.4449585597,69.17,0.1909692287,0.0658537549,10982.01,6.7,0.1677808036,4.3407445879,4.2630263685,0.1463555262,0.1302818017,0.1297228835,0.351,0.1611268837,0.7917803669,0.0006696731,0.0005199815,0.353,0.272,54.6420357182583,14.2499868008216
"12107",0.1724112935,0.0004165336,10.552184719,80.15,0.2118010565,0.0704056526,10990.89,5.8,0.2024105365,4.5836773177,4.6970313575,0.1603855953,0.1424859191,0.1454267571,0.353,0.200835832,0.5663224141,0.0005128703,0.0004158408,0.364,0.353,65.1441719066914,18.9426315473358
"12109",0.1007964379,0.0009045182,6.5301800212,47.4,0.119765959,0.053475011,10331.46,7.8,0.1051585501,3.0151096148,3.7112388752,0.2040502742,0.0914964687,0.1080344589,0.338,0.1337177216,0.9354764022,0.0010646158,0.0005001858,0.228,0.195,58.8541681993273,18.9804692442831
"12111",0.1823659476,0.0003952265,5.1580403466,61.74,0.2242845863,0.0706016322,10956.41,6.6,0.1696247001,4.3450869112,4.1925022196,0.1659985849,0.1255453182,0.128369248,0.348,0.1722225625,0.9048234451,0.0011236032,0.0005188504,0.285,0.287,41.7365064981732,16.9624304484554
"12113",0.1167920204,0.0007064176,7.5431034483,60.64,0.141521599,0.054430184,10656.62,7.1,0.1272286926,3.5322754964,3.8695045542,0.2027887468,0.1035930198,0.1140517881,0.336,0.1757477202,0.7977763391,0.0004711728,0.0004466963,0.282,0.273,28.1460159414244,21.1594162396523
"12115",0.1592719215,0.0007915196,9.0001454818,31.99,0.1795892883,0.0944527017,9669,7.7,0.1112639829,3.2289068798,3.8018870206,0.1787137374,0.1012634885,0.1132427713,0.311,0.1304363012,0.9486253716,0.0014888075,0.0006902424,0.211,0.205,98.429733021694,21.1508707245613
"12117",0.1185518084,0.0007748072,6.5903140196,54.99,0.138442802,0.0628158989,11659.65,7.7,0.1464895425,3.5903093871,3.6873706337,0.1795384219,0.1074026807,0.1131722986,0.341,0.1451431409,0.9852218264,0.001358143,0.0004903777,0.269,0.205,34.5175961797558,13.361650134099
"12119",0.1195483292,0.0003448537,5.2989713267,43.4,0.1302495109,0.0745524586,10325.24,7.8,0.131045603,3.2721718373,3.7307903603,0.131686426,0.0990706325,0.1099157418,0.265,0.113735009,0.7498501392,0.0003847836,0.0003760385,0.283,0.203,75.300150880228,14.5561629954344
"12121",0.1753982747,0.0001599634,10.968921389,78.54,0.2133022478,0.0831045407,10067.62,6.6,0.1765021155,4.4984279848,4.2847890886,0.1713301258,0.1361220818,0.1349952335,0.355,0.2006213645,0.4894948377,0.0002498751,0.0003861706,0.376,0.332,69.9215662430838,19.0004256095337
"12123",0.1471171648,0.0003556662,14.67123105,71.55,0.1770308636,0.0717539863,9046.51,6.4,0.1582641943,4.0009049858,4.0850013449,0.1855756822,0.1197695599,0.1238769134,0.35,0.1824340001,0.5180770935,0.0001771322,0.0005756797,0.333,0.347,75.8364312267658,17.8438661710037
"12125",0.1085218186,0.0002625706,4.5949849022,94.34,0.1329489571,0.0606060606,11953.2,6.4,0.1778859697,4.2131880753,4.1544237289,0.1984304905,0.1280136005,0.127036017,0.37,0.2092185719,0.2378500161,0.0005924951,0.0003949967,0.382,0.327,43.8923758943072,21.9461879471536
"12127",0.1545302672,0.0007067179,7.7623110833,47.01,0.1829892611,0.0665278718,10413.55,6.6,0.1696068901,4.1732555018,4.3366988579,0.1632065283,0.1236426553,0.1278094917,0.336,0.1578999027,0.9054515531,0.0010600338,0.0004945511,0.279,0.296,58.593423386687,21.6107467156167
"12129",0.1114282117,0.0002853972,9.513239258,49.33,0.1293138332,0.0671827078,9676.38,7.8,0.1318645612,3.6157990376,3.8754116708,0.2045653143,0.1070129947,0.1149915812,0.333,0.1711882535,0.6603522225,0.000445406,0.0001908883,0.388,0.303,41.1132194813409,18.9753320683112
"12131",0.1744195437,0.0004881275,9.7625496001,64.96,0.2041153378,0.09181894,10461.36,7.4,0.1539938395,4.0012341886,4.1275805395,0.1969872831,0.1192659279,0.1249236052,0.337,0.1748692121,0.5881038461,0.0006500894,0.0004550626,0.315,0.315,41.3770708176423,19.3791344335793
"12133",0.1486325803,0.00028355,11.342001863,65.43,0.1780928638,0.0732427643,11607.35,5.4,0.1618549638,4.1156215875,4.267899464,0.1827854655,0.1251207826,0.1299124671,0.346,0.1910304181,0.3265584833,0.0001635925,0.0005725737,0.367,0.335,51.5554831969826,20.3508486303879
"13001",0.1916528652,0.0005960767,14.089086377,87.72,0.2348898513,0.092428088,10669.44,7.4,0.1946414763,4.3169287052,4.0718723202,0.1506409886,0.1339516106,0.1279964379,0.365,0.1863861051,0.2931563939,0.0003236246,0.0007011866,0.361,0.272,41.4997654361084,50.5214535743928
"13003",0.2558203609,0,5.9537985235,81.56,0.3206751055,0.1180410213,11682.23,7.3,0.2489248266,4.8977524563,4.3584556544,0.14631043,0.1564740785,0.1403451336,0.395,0.209225215,0.3533134328,0,0.0002432202,0.321,0.282,52.2214188157789,36.1532899493854
"13005",0.2017300299,0.0005310204,12.390477033,98.21,0.2495776378,0.0963135171,12662.95,7.8,0.1764983608,4.0953803681,3.9586237253,0.1625437182,0.1238635994,0.1208220151,0.367,0.1784395047,0.602739726,0,0.0001772892,0.33,0.289,73.6333647502356,100.14137606032
"13007",0.1426362582,0,6.2893081761,NA,0.1678571429,0.0654490107,9808.61,4.4,0.2127657522,4.3176517585,4.0773800865,0.132767326,0.1334546916,0.1264650941,0.403,0.1876944154,0,0.0003072197,0.0003072197,0.325,0.274,10.4329681794471,10.4329681794471
"13009",0.1452981346,0.0005279483,8.5791592424,50.08,0.1761770879,0.0579966796,9473.62,5.6,0.2360169457,4.7514000819,4.3055298932,0.1486348727,0.1496119691,0.1365032948,0.403,0.2124924895,0.6692475941,0.0012633688,0.0007188133,0.341,0.239,57.1378340365682,19.7784810126582
"13011",0.1853910795,0.0002162747,9.1916734253,69.32,0.2178929617,0.1022829006,9319.76,8.7,0.1709620506,3.9670788836,3.8606223192,0.1673828274,0.1186778857,0.1172228172,0.356,0.1724978762,0.3407991302,0,0.000218639,0.316,0.278,23.5562723105079,28.9923351513943
"13013",0.170942864,0.0001990182,7.9607270797,63.75,0.2166419211,0.069580055,10172.91,8.3,0.1615852121,3.9320219411,3.7784669165,0.1740194575,0.1147423197,0.1128792239,0.383,0.1720378279,0.658223651,0.0001774986,0.0001638449,0.352,0.305,32.7816564482404,18.6058050111635
"13015",0.1619184143,0.0004477016,7.4941360818,61.94,0.2031007752,0.0641102457,10679.74,7.1,0.1576377915,3.8183201783,3.7213624788,0.1897913505,0.1133847054,0.1134560192,0.354,0.1717003538,0.8147708098,0.0008060077,0.0005995911,0.35,0.298,31.1395114989134,20.7596743326089
"13017",0.1676164003,0.0005171522,10.917657875,44.39,0.2148214821,0.0626227362,9833.67,5.4,0.2353136784,4.9866197686,4.5098355009,0.1301578462,0.1555202339,0.1421655922,0.41,0.2134746654,0.4338210276,0.0002863033,0.0005726065,0.339,0.302,99.7889080790635,72.9226635962387
"13019",0.1911145155,0.0001582028,5.8007699204,85.84,0.2381423814,0.0791996665,11009.41,7,0.1911262341,4.3600776131,4.1346305248,0.1515781513,0.1361078689,0.1303760833,0.373,0.1964487044,0.4034532822,0.0001069519,0.0002139037,0.338,0.304,38.8308387461169,21.180457497882
"13021",0.1541709406,0.0012555214,14.11648376,49.72,0.1970273229,0.0551185138,9659.98,5.5,0.2124621256,4.3488413892,4.126368234,0.1394478452,0.1367966382,0.1308299944,0.413,0.1958688787,0.7679736671,0.0013969657,0.0013579806,0.356,0.298,48.2204063546676,12.1637061074837
"13023",0.1436787619,0.0004083966,15.519072123,64.43,0.1751730104,0.0634057971,11916.6,7.1,0.177163358,4.0040885266,3.9078263757,0.1543043554,0.122231447,0.1206116938,0.366,0.1721252962,0.7376559749,0,0.0004689332,0.354,0.294,76.2997263733951,63.1446011366028
"13025",0.1858859627,0.0001625576,6.5023028989,93.62,0.2284744552,0.082980525,11592.24,8.1,0.1808812601,4.2576121092,4.1294010004,0.163403802,0.1316075338,0.1288844293,0.38,0.1956160227,0.3391993917,0,5.42977e-05,0.317,0.273,21.7285023629746,21.7285023629746
"13027",0.1936258808,0.0002554605,10.2184187,63.96,0.2353519895,0.0826000568,10748.89,7,0.2129750953,4.3931965615,4.1118306363,0.1394527005,0.1367022886,0.1299582198,0.383,0.1948166726,0.5149910731,6.48593e-05,0.0004540148,0.309,0.286,141.137223873575,111.19902487009
"13029",0.128524257,0.0007968808,9.1072089251,45.52,0.1579466466,0.0698415675,10115.9,7.9,0.1471739837,3.5179024041,3.5997742306,0.1846111401,0.1051488931,0.1070493019,0.355,0.1604200692,0.6466774716,0.0005603728,0.0004718929,0.324,0.309,17.0984012994785,19.9481348493916
"13031",0.178723547,0.0005230485,7.0198620804,60.26,0.2119775863,0.0813468803,10532.36,6.6,0.2114391387,4.6104636424,4.2192963205,0.1658286059,0.1434053349,0.1338667888,0.388,0.1944621218,0.4323881681,0.0006242457,0.00065199,0.303,0.24,33.7191287706188,10.4802697530302
"13033",0.1587723412,0.0003517257,9.6724554847,64.31,0.2007440476,0.062851472,9095.96,6.2,0.2183387204,4.5414280786,4.2524712887,0.1342720931,0.1434761898,0.1351579371,0.435,0.199564347,0.460241894,0.0003963186,0.0002642124,0.327,0.301,54.2983769187872,24.947902908632
"13035",0.1644061064,0.0002543127,10.172508795,58.7,0.1991675175,0.0774306229,9958.34,7.5,0.1731512298,3.9973755683,3.7480871785,0.1663705231,0.1190447127,0.1143483749,0.375,0.1753177471,0.3999577256,0.0004279356,0.0002567614,0.3,0.27,32.4959733250445,15.5415524598039
"13037",0.210910005,0.0001543448,12.347584504,42.56,0.2596119929,0.0946502058,8834.12,5.5,0.3127836135,5.4628877027,4.5848009433,0.1277197679,0.1801791996,0.1520383706,0.464,0.2683039951,0,0.0001547269,0.0004641807,0.3,0.267,51.9049102045053,41.5239281636043
"13039",0.1252545825,0.0003070899,10.748147864,52.37,0.1513882278,0.0635672911,9539.19,7,0.1533761724,3.6587676843,3.6424579826,0.1897650475,0.1077782163,0.1083257092,0.361,0.1651286605,0.6993843169,0.0009225979,0.0004612989,0.319,0.256,19.7280080439362,14.0005218376321
"13043",0.2121555732,0.0003674444,9.1861106008,73.62,0.2664587096,0.0941094458,11919.43,7.3,0.2519772327,4.9566511941,4.4697023482,0.134267196,0.1575643459,0.1440583684,0.382,0.2144026971,0.515184579,0.0003673769,0.0003673769,0.349,0.291,48.9536164484151,55.072818504467
"13045",0.164968815,0.0004452399,10.825439783,41.95,0.2039582427,0.0703293643,10017.1,6.9,0.1775795787,3.9507212861,3.9718604496,0.1709502561,0.1224424474,0.1221257418,0.362,0.1773658653,0.6208980611,0.000753771,0.0006924176,0.351,0.305,30.1537551573069,15.9466974389604
"13047",0.1338065242,0.0004542014,9.0840272521,53.97,0.1645518427,0.0590970268,10336.77,7.8,0.1398461253,3.6947441277,3.6755389661,0.1749829465,0.106064129,0.1075878932,0.338,0.1545033776,0.8291889525,0.0004571707,0.0003809756,0.346,0.249,29.2827247070465,16.6608606091817
"13049",0.1451285117,0.0003856537,5.3991515619,50.65,0.1781051222,0.0644515612,12301.94,7.6,0.1730334218,3.8800763557,3.6168203949,0.1784934568,0.1149291849,0.1091272959,0.395,0.1775186545,0.7769287651,0.0001550748,0.0003101496,0.331,0.268,39.1042519356605,41.7112020647045
"13051",0.1535416107,0.0009025774,11.395475265,41.68,0.1877278109,0.0631376175,9202.92,6.7,0.1779547835,3.7556657159,3.6887321069,0.1609955358,0.117995242,0.1166500807,0.404,0.1685353781,0.8537008539,0.0010586529,0.0011574605,0.308,0.232,38.7471972278882,15.5919652508619
"13053",0.1100869107,0.0003518649,1.7593244194,NA,0.1395749569,0.0468172485,10121.05,4.3,0.1953751443,4.0833874691,3.7317244524,0.2454431257,0.1249128854,0.1148487592,0.374,0.1882424111,0.4528268394,0,8.44809e-05,0.276,0.21,5.86046239048261,5.86046239048261
"13055",0.1793614304,8.02504e-05,12.037557178,58.14,0.2230528264,0.0713426165,10528.1,7.7,0.1929079341,4.365207885,4.11243705,0.1570622736,0.1335337989,0.1270383425,0.374,0.1970113942,0.4926004228,0.0002806849,0.0004811741,0.341,0.293,74.9815893419027,13.3895695253398
"13057",0.1375224277,0.0003603222,7.3760067825,50.05,0.1670435898,0.0716705267,9795.07,8.6,0.1355836392,3.3863445035,3.4713403731,0.1842901457,0.1005988047,0.102711835,0.343,0.1508769731,0.7968471537,0.0007316492,0.0003766478,0.263,0.219,33.5885877833508,15.3830086906943
"13059",0.1841891932,0.0006698302,9.8456969462,39.5,0.214515394,0.0744671161,8690.62,4.9,0.2439085122,4.9691371854,4.6102099612,0.1758235655,0.156704247,0.1431413873,0.375,0.204081409,0.8457768562,0.0023317733,0.0011824241,0.254,0.236,46.2716170983096,11.0943643335128
"13061",0.1722634104,0.0003183699,12.734797835,53.21,0.2159367397,0.0661764706,10009.38,0.2,0.3409336209,6.0475807036,5.0819851896,0.0935564392,0.2011419474,0.1719375686,0.451,0.2548524267,0.2808671065,0,0.0006447453,0.326,0.324,75.5694699341466,0
"13063",0.1891717218,0.0002810681,4.2707743973,37.23,0.2451132248,0.0652074261,9222.06,4.9,0.2307638546,4.3707243524,4.106599541,0.1321908668,0.1411544262,0.1301781353,0.469,0.2045741777,0.8247617799,0.0004933805,0.0001794111,0.348,0.282,18.8803582152093,7.43033452340494
"13065",0.1799410029,0.0001450747,15.958218483,127.07,0.2314399601,0.0646221249,13393.59,6.6,0.2259214104,4.7547293285,4.3601673791,0.1420079157,0.1498137973,0.1390832336,0.394,0.2103337785,0.0083848191,0,0.0001463915,0.337,0.272,24.3273488055272,24.3273488055272
"13067",0.1459801403,0.0007027871,7.3381228974,49.92,0.1792886164,0.0640887651,9429.74,7.6,0.1414114788,3.5157834475,3.4145305521,0.1716302447,0.1057300547,0.1037193623,0.356,0.1486015469,0.888150762,0.0012011256,0.0007606217,0.263,0.187,31.3447858894421,12.5649357229229
"13069",0.2029225015,0.0006263339,10.438897652,90.44,0.2512333651,0.093678529,11696.55,7,0.2198655497,4.4666433955,4.1396511995,0.1545750366,0.1415735144,0.1312664531,0.379,0.2018136208,0.5750070828,0.0001167924,0.0008175469,0.353,0.282,59.7218667349202,12.4097385423211
"13071",0.2414107236,0.000414449,9.8158973912,68.58,0.3066043073,0.1001115005,10525.83,7.1,0.231954802,4.8308897353,4.2312631685,0.1461226029,0.1499851675,0.1355983952,0.385,0.2127893424,0.5891467757,0.0003470565,0.0004988938,0.318,0.303,33.4171182820695,12.349804582504
"13073",0.1151959816,0.001117652,6.9419376336,40.99,0.1390208912,0.0629134019,8930.49,8.7,0.1276567993,3.1281641935,3.2742421639,0.1856112584,0.0923778892,0.0972387147,0.338,0.1468873856,0.7124696702,0.0005385726,0.0003016006,0.288,0.206,24.607727290666,14.393198981333
"13075",0.1875952876,0.0005255781,9.3436113058,64.55,0.2414035793,0.0715495343,10067.67,7,0.2118250483,4.5215868397,4.1672639408,0.1440650892,0.1389367977,0.131257237,0.391,0.2016207134,0.5651289798,0.000232369,5.80923e-05,0.303,0.317,34.9480632948257,9.70779535967382
"13077",0.1258059692,0.0004912336,7.6574656678,43.06,0.1530093761,0.0635032347,9873.15,8,0.1347786469,3.4662006467,3.4790598076,0.1911392062,0.1030897603,0.1050532051,0.353,0.1478673085,0.6054650989,0.0005679681,0.0005163346,0.285,0.238,35.7036022039737,12.303268327045
"13079",0.1657964733,8.07233e-05,6.4578624475,53.74,0.1948103267,0.0828072781,9941.85,8,0.1731988587,4.0023806692,3.8641076182,0.1567763409,0.1199040419,0.1171724828,0.363,0.1709575968,0.1017418844,0,0,0.336,0.317,43.1301722511254,37.7389007197348
"13081",0.1503650419,0.0007866789,10.489052052,72.73,0.1906602987,0.055089192,9249.92,6,0.2433094394,4.7175055848,4.3688697668,0.1275024962,0.1501855923,0.1397104329,0.409,0.2113633866,0.7255428986,0.0002180169,0.0007412575,0.347,0.293,52.5271390218279,8.75452317030466
"13083",0.1450582788,0.0003074274,9.2228234137,54.85,0.1711797812,0.0693009119,10427.29,8.6,0.1424048925,3.6700466841,3.6943688652,0.1782432684,0.1082973323,0.1109273107,0.336,0.1556999976,0.6767269885,0,0.0004271157,0.349,0.284,55.2034348803926,20.4457166223676
"13085",0.1678444291,0.0006434454,12.868908717,58.53,0.1964670401,0.0915736822,9845.22,8.9,0.1306008268,3.3583161513,3.5252881362,0.1745619147,0.1005918607,0.1054466483,0.343,0.1532088876,0.8472010748,0.0010454328,0.0003484776,0.284,0.24,48.6597111903024,32.9168634522634
"13087",0.1840994587,0.0005151984,12.511959962,65.9,0.2307342725,0.074796748,8699.19,6.3,0.2312185646,4.7110208621,4.2175194435,0.1355966585,0.1477162274,0.1350801175,0.387,0.2031898611,0.647259536,0.0003306392,0.0003306392,0.282,0.26,66.4893617021277,18.4692671394799
"13089",0.1688138156,0.0010505245,7.3074049731,36.24,0.2050674826,0.0719170949,8618.32,6.4,0.1713350767,3.7299026846,3.654359985,0.1634300893,0.1173812975,0.1151346834,0.41,0.1613594577,0.9620707248,0.002290348,0.0007532946,0.256,0.201,31.9475295958364,7.82759984399411
"13091",0.1622971286,0.0004309932,9.5776266641,71.94,0.1958077279,0.0686003683,11130.2,7.2,0.20315505,4.3096424738,4.0449801303,0.157169393,0.1311510572,0.124880071,0.388,0.1970758963,0.4753624518,0.0002383677,0.0003337147,0.305,0.277,49.662773746015,20.8263244741353
"13093",0.1991092216,0.0001425009,8.5500534378,71.27,0.2439563476,0.0788997467,9065.31,6.7,0.2546538139,4.9023928976,4.326947419,0.1299348826,0.1544126818,0.1382709516,0.421,0.2168211954,0.3115699155,0,0.0002819284,0.337,0.277,42.8714333349212,30.9627018529986
"13095",0.1682670508,0.0008759252,12.043971445,49.21,0.220042218,0.0460495054,8725.06,3.7,0.2529484814,4.7676802166,4.3798758418,0.1219964448,0.1529806481,0.1409320372,0.452,0.2159905367,0.7072489822,0.0009414871,0.0011687426,0.334,0.304,56.9850523824135,8.0363535411096
"13097",0.1524273325,0.0004050223,5.4002970163,61.21,0.1894092293,0.068850439,10242.48,6.5,0.1775477765,3.9046113522,3.7494705514,0.1653729138,0.1180354726,0.1147633816,0.427,0.1761170045,0.7611005793,0.0006413213,0.0003386753,0.302,0.283,34.8561767753531,12.0929592894082
"13099",0.1523933959,0.0006619385,17.966903073,92.5,0.1938024311,0.0614709111,10706.17,6.3,0.232707222,4.6522684087,4.2557422948,0.1274992176,0.1442247993,0.1343698226,0.401,0.1941599447,0.5807594477,0.0005719188,0.0007625584,0.346,0.307,44.5788887119885,57.315714058271
"13101",0.2760283688,0,2.4752475248,NA,0.3345633456,0.1485061511,7464.63,8.6,0.231930451,4.7016610544,4.2522299432,0.1563672318,0.1485371694,0.1357250886,0.374,0.2017407289,0.1834407536,0,0,0.277,0.22,8.32986255726781,8.32986255726781
"13103",0.1254035213,0.0002101355,8.0551956012,59.52,0.1560454507,0.0587059705,9787.37,8.4,0.1339524866,3.4182073748,3.5847335787,0.1885075728,0.1011406826,0.1056160992,0.363,0.1559718741,0.469722488,0.0002165166,0.0001804305,0.36,0.276,35.6223100776099,14.5993074088565
"13105",0.1797789337,0.0005164222,13.426977897,55.96,0.2168567356,0.0831809872,8814.98,6.3,0.1852338673,4.1227667452,3.9024375792,0.1457350583,0.1236378646,0.1197204788,0.384,0.1711244939,0.4472875136,0.0003086737,0.0001028912,0.318,0.295,50.0474587971352,20.7092932953663
"13107",0.1577157277,0.0004844108,7.9267218601,80.69,0.2026910064,0.0564349621,10617,5.6,0.2334670815,4.8380228537,4.3030167628,0.1475625497,0.1496781516,0.1362226372,0.417,0.2108813398,0.2356845739,0.0009228741,0.0007470886,0.335,0.3,44.0541572439719,7.34235954066199
"13109",0.1974522293,0.0002781125,14.832668953,55.67,0.2492318197,0.0917241379,9429.18,7.4,0.2267350448,4.5248143853,4.1853722285,0.142081804,0.1419528686,0.1325578879,0.396,0.1988482988,0.6304545455,0,0.0005505597,0.328,0.268,40.1792613197342,37.0885489105239
"13111",0.2014619061,0.0006583549,16.870345225,61.63,0.2359600118,0.0925130061,9921.92,8.3,0.1744153449,4.0733647691,3.9577744459,0.1420700914,0.12312135,0.1222082036,0.336,0.1672679336,0.89401233,0.0005472993,0.0006314992,0.277,0.264,71.2758374910905,16.4482701902517
"13113",0.1098945484,0.0011019383,14.090358943,29.71,0.1269262458,0.0720691518,8773.13,8.4,0.1269244262,3.138635815,3.3133797564,0.1605111196,0.0925229844,0.0973182741,0.37,0.1309065267,0.847175955,0.0013404581,0.0011124891,0.333,0.198,53.3124501137031,11.4456107588741
"13115",0.1759604108,0.0012745586,10.880378015,52.08,0.2185850433,0.0727225784,10394.01,7.2,0.1799046392,4.1267487146,3.9136031121,0.1574004423,0.1251153301,0.1210522395,0.383,0.172246349,0.7127817519,0.0009160655,0.0016655736,0.345,0.26,42.1959899974752,16.2558322121421
"13117",0.1054280027,0.0003812877,5.884069705,44.82,0.130030375,0.0594077961,9886.67,9.4,0.1172165016,2.9450489454,3.090659775,0.1813851529,0.0862115009,0.0912206817,0.322,0.1217910986,0.8066047142,0.0004160507,0.000308367,0.3,0.21,29.4786820520299,11.9169140210334
"13119",0.1845545236,0.0001792838,15.239119717,61.81,0.2225735062,0.0866282535,10031.03,8,0.1861159723,4.2675567631,4.0891440426,0.151756309,0.1310030635,0.1269961574,0.355,0.1833806504,0.2887158124,0.0006737334,0.0007635645,0.307,0.303,65.7747215785933,22.4232005381568
"13121",0.1396064102,0.0010687123,9.0246813159,37.73,0.1671582338,0.0666340603,8877.45,6.7,0.1524414125,3.3870747913,3.6423548538,0.182623992,0.1070243064,0.1094850941,0.382,0.1598307742,0.9024496486,0.001748436,0.0012235037,0.251,0.191,32.6709275276325,10.1312876272557
"13123",0.2236277589,0.0005782313,9.8639455782,52.36,0.2650408443,0.108248258,9410.1,8.3,0.1763757413,3.9935053486,3.9888068618,0.1512051908,0.1238070169,0.1224354409,0.339,0.1690342339,0.6396507847,0.000589684,0.0004162475,0.286,0.309,31.8319274232055,19.326527364089
"13125",0.1235688906,0.0003262643,13.050570962,71.34,0.1484931507,0.0614152203,9850.73,5.8,0.1666860907,4.0291481691,3.9491297015,0.1613479779,0.1207212861,0.1202800492,0.349,0.1715889118,0,0,0,0.295,0.252,10.9601052170101,10.9601052170101
"13127",0.1729662559,0.0005862717,12.084375262,52.88,0.2105252385,0.0798863117,9392.73,6.9,0.1726040049,3.973745706,3.8109482706,0.1491053409,0.1190028219,0.1168088757,0.37,0.16407112,0.8499987441,0.0010100395,0.0006693033,0.287,0.24,34.3648104341155,14.7848603030497
"13129",0.1940779891,0.000477251,10.605578534,53.11,0.2375956987,0.0909779093,9572.43,7.8,0.1844761363,4.2281843979,4.0417025325,0.1619234289,0.1271488248,0.1231502413,0.364,0.1763855729,0.43362447,0.000321159,0.0006423181,0.268,0.249,41.8817283586492,14.1572039522194
"13131",0.2231524948,0.0004364213,11.108906963,44.86,0.2797458739,0.0939379917,9048.21,6.7,0.2368908073,4.7776125566,4.3418944091,0.1363434088,0.1494784724,0.1381892031,0.415,0.2001409434,0.5904601975,7.88675e-05,0.0001577349,0.346,0.317,75.624900493552,19.9012896035663
"13133",0.197386059,0.0005385996,14.961101137,41.09,0.2285262206,0.1115574784,9082.27,7.3,0.2106260626,4.493122637,4.1157107714,0.1220647775,0.1371447156,0.1289326035,0.387,0.1778031167,0.4252219582,0.0001819284,0.0003032141,0.313,0.287,105.571380196403,11.9514770033663
"13135",0.1779032749,0.000611728,6.9321729851,43.29,0.2243310798,0.076662808,9620.68,8,0.1514364133,3.3871798573,3.3734127951,0.163643602,0.1062056734,0.1044415591,0.391,0.1548188906,0.7958155816,0.0008075888,0.0004681509,0.301,0.212,22.0076989645191,11.9736802840858
"13137",0.2031157446,0.0005455041,11.819256296,53.21,0.2445103114,0.1062530296,9024.9,8,0.1676893535,3.8508547227,3.8609531278,0.1593083678,0.11818916,0.118334231,0.353,0.1619155829,0.8769777654,0.0003885537,0.0005714025,0.296,0.23,34.8500689425277,15.9098140824583
"13139",0.2133149679,0.0005890407,7.6988658382,44.61,0.2641077382,0.1006359607,9567.24,8.3,0.1902727363,4.1616041794,3.8974966853,0.162100181,0.1238555729,0.1172578682,0.326,0.1699406525,0.811274237,0.0006343016,0.0010746431,0.319,0.229,54.2231203942623,16.1808676732084
"13141",0.1418389166,0.0002338908,3.5083615951,55.97,0.1711354628,0.05102764,9109,4.7,0.2646041112,4.8018286907,4.2464945585,0.1249817746,0.1520147582,0.1355028926,0.452,0.2178474303,0.0021211157,0.0002350452,0.0001175226,0.311,0.271,73.9299610894942,70.0389105058366
"13143",0.1486930142,0.0004852014,8.6643099744,43.25,0.1831484815,0.0650969529,10095.48,8,0.1557017558,3.8967514261,3.9208002159,0.1696736781,0.1175767594,0.1188863647,0.359,0.1700440411,0.6654621265,0.0005237247,0.0001745749,0.277,0.253,38.1339773738401,15.0224759351491
"13145",0.103581409,0.0004493574,11.383721279,45.48,0.1191192697,0.0643053196,9116.75,8.8,0.1301551535,3.2306510208,3.4371025354,0.1721753618,0.0943892466,0.1000896157,0.332,0.1435500793,0.5351611292,0.0001216693,6.08347e-05,0.322,0.25,25.0227707213564,12.0109299462511
"13147",0.1683486239,0.0003524712,13.315579228,53.61,0.2041643376,0.0753571429,9382.76,7.3,0.1893318927,4.3632102964,4.1492626982,0.1442737583,0.1320620981,0.127184973,0.367,0.1869783731,0.5665331377,0.0001182173,0.0001182173,0.317,0.265,62.7746390458255,27.4639045825487
"13149",0.1533582865,0.0001733252,8.6662622411,57.88,0.1858229301,0.0706346361,11402.13,7.9,0.1736494442,4.0693694864,3.9601459582,0.1617311849,0.123213793,0.1218593356,0.365,0.1808010002,0.2684637485,0.0003447384,0.0001723692,0.314,0.248,72.1938259840018,46.2040486297612
"13151",0.1281354461,0.00051897,6.8889817626,38.76,0.159879059,0.0588177501,9071.69,7.2,0.1582751545,3.4482554009,3.5793774231,0.1727504191,0.1062444422,0.1083185188,0.418,0.1647100755,0.8603828915,0.0010567216,0.0006359033,0.343,0.241,20.5088647272015,10.4074835929082
"13153",0.1257445147,0.00049989,6.9318083355,78.52,0.1587064838,0.0498812945,10846.59,6.9,0.1817207751,4.1842328563,3.8887744467,0.1710991385,0.1189816916,0.1150446789,0.379,0.1793958179,0.8558112938,0.0007041734,0.0006907606,0.322,0.259,40.1093811632164,16.3983105308177
"13155",0.1505065123,0.0003244997,9.7349918875,51.74,0.1879513101,0.0656264341,9460.56,7,0.2122335878,4.5599501007,4.1838982634,0.141681878,0.1415385329,0.1324752523,0.388,0.2017151652,0.4738938981,0,0.0002196837,0.315,0.278,50.4123006013467,54.0131792157286
"13157",0.1579315937,0.0005681818,9.4696969697,50.23,0.1928207552,0.0786908489,9709.8,8.8,0.1435169627,3.6470160694,3.5863172286,0.1838151876,0.1055522447,0.1068074059,0.349,0.1536530312,0.7316359428,0.0003232584,0.0004040731,0.267,0.236,36.3454397008086,22.1233111222313
"13159",0.17786179,0.0002933627,8.067473414,45.5,0.2137610186,0.0895610913,9632.51,7.1,0.1895605096,4.2160314215,4.0571212524,0.1502721045,0.1296360728,0.1258576896,0.382,0.184764873,0.6494964029,0.0002233472,7.44491e-05,0.325,0.282,61.3933842489133,68.7605903587829
"13161",0.1930394799,0.0002680965,9.3833780161,115.26,0.240217643,0.0937200384,10818.75,7.7,0.2111059678,4.6107112629,4.1806285241,0.1533030967,0.1408867623,0.1310387211,0.375,0.2008310788,0.5856118928,6.72993e-05,0.0002691971,0.302,0.293,22.3934073808671,24.6327481189538
"13163",0.1907042475,0.000186266,13.659505774,53.51,0.2370542122,0.079218107,9614.1,6.1,0.2485210465,4.863035065,4.3220444929,0.1228671815,0.1546527315,0.1403210617,0.42,0.2131303076,0.400236267,6.14553e-05,0.0004916421,0.329,0.253,74.5434215430488,10.3532529920901
"13165",0.1727015113,0.0003349336,8.9315619069,83.39,0.2181574838,0.0673028629,10982.72,6.7,0.2670727553,5.1642468428,4.5013161067,0.1337809338,0.1652094285,0.1456411193,0.421,0.2321866219,0.2094724221,0.000109589,0,0.307,0.286,85.4034384166945,81.6902454420556
"13167",0.1569444444,0.0004142502,15.534382767,60.35,0.1911357341,0.0701107011,9894.84,7,0.1845407602,4.0754057556,3.8023514312,0.157286115,0.1246541173,0.1177325424,0.39,0.1824942829,0.5062124248,0.0001030822,0.0003092465,0.338,0.313,45.0419236366156,55.4362137066038
"13169",0.1309153568,0.0002105706,7.7209237032,43.95,0.1578793033,0.0663200787,10384.89,7.9,0.1566059569,3.7627585411,3.7564830958,0.1623731313,0.1116131129,0.1117516888,0.37,0.1583385531,0.604590324,0.0002084274,0.0001389516,0.31,0.317,52.3840566213448,24.4458930899609
"13171",0.1448104853,0.0004395363,12.087247953,68.48,0.1731747098,0.0673868313,10091.28,7.1,0.1838547583,4.1630301833,3.9794635256,0.1531917652,0.1262383375,0.1230475134,0.374,0.1804229959,0.6824807556,0.0005492393,0.0003295436,0.332,0.256,45.5564261894783,40.0896550467409
"13173",0.170295224,9.69744e-05,7.7579519007,78.96,0.2110019023,0.0678891924,11575.97,7.2,0.198740627,4.3468662495,4.0014713206,0.1620466751,0.1307750016,0.124213407,0.388,0.1968009323,0,9.64041e-05,9.64041e-05,0.319,0.296,19.302535066272,19.302535066272
"13175",0.1479763156,0.0008589805,13.198969223,37.66,0.1895899971,0.0515276631,9666.89,6.5,0.2283655693,4.8773889717,4.2730861105,0.1314035731,0.1480123861,0.1342000056,0.379,0.2034210046,0.401598051,0.0018599402,0.0010449102,0.371,0.312,66.3880697144614,9.08468322408419
"13177",0.1216264557,0.0006848846,4.1093075817,49.66,0.1510413662,0.0603929178,9480.16,8.1,0.141318764,3.4706344937,3.4997379766,0.1793658209,0.1015285372,0.1035249762,0.374,0.1553035924,0.7124531769,0.0001027714,0.0003083142,0.331,0.207,22.7972187393138,14.818192180554
"13179",0.126226005,0.000352186,7.3638881329,64.28,0.1640716647,0.0462906021,10053.95,5.4,0.211033479,4.0487766691,3.887040118,0.1686947913,0.1260083565,0.1200504133,0.419,0.1863769535,0.7282082801,0.0030215651,0.0021473051,0.36,0.274,15.2443030987989,16.2956343469919
"13181",0.1650469169,0.0002606542,19.549068161,44.96,0.1916961131,0.0873533246,9687.39,7.2,0.1978188022,4.2937715588,4.0461737082,0.1367808114,0.1301857465,0.125069267,0.381,0.1798572939,0.2333666833,0.0002623983,0.0001311992,0.284,0.268,4.32469835228993,4.32469835228993
"13183",0.1699207785,0,4.5118718628,82.84,0.2128579146,0.0768486256,11513.81,7.7,0.1782869729,3.8384533301,3.7705091056,0.1798978192,0.1166403603,0.1145989242,0.378,0.1756046846,0.2696349558,5.84351e-05,5.84351e-05,0.349,0.25,35.6599913665284,31.9063080647886
"13185",0.1678331289,0.0005493288,10.277765472,58.02,0.2103140348,0.0670212396,10085.65,6,0.2094226372,4.3670370397,4.0851161662,0.1529316538,0.1372044161,0.1296540529,0.414,0.2032244081,0.7198374118,0.0012244215,0.0007751733,0.363,0.254,27.2714476740094,10.5566894221972
"13187",0.1897657265,0.0004139073,6.367804381,69.78,0.2204828575,0.0972794724,9966.33,8.4,0.1613700794,3.872608831,3.8864353076,0.1797803286,0.1175869818,0.1182837375,0.348,0.1691531255,0.8810652072,0.0006735951,0.0007698229,0.32,0.261,41.4765657403567,20.2065320273533
"13189",0.1560794464,0.0005571031,11.142061281,63.34,0.1972172788,0.0646300547,8885.11,6.5,0.2028897931,4.2746113267,4.0852059497,0.1424335345,0.1334474904,0.1282294319,0.391,0.1918739287,0.7543314286,0.0004679457,0.0005147403,0.315,0.304,32.6086956521739,9.3167701863354
"13191",0.1652230604,7.15871e-05,7.158708569,63.64,0.1937166424,0.073540561,8648.59,7.3,0.1819763636,4.0299065059,3.8921944722,0.1404463854,0.1221585802,0.1192949728,0.377,0.168048868,0.4930579781,0.0016884762,0.0002110595,0.317,0.281,30.8715269532178,33.246259795773
"13193",0.1927772648,7.33568e-05,9.5363849765,58.31,0.2362745098,0.0767551837,9484.52,5.4,0.2624975384,4.8319152215,4.2088210692,0.1359195198,0.150429085,0.1337193168,0.435,0.2182180546,0.412550882,7.25058e-05,0.000362529,0.345,0.297,44.0377746244556,48.9308606938396
"13195",0.1879417704,0.000210963,10.548152315,61.85,0.2250997167,0.0922401171,9948.88,8.4,0.1709342596,3.9516021993,3.9753947771,0.1599778344,0.1215242142,0.1212227014,0.359,0.1747209841,0.3240398293,3.53207e-05,0.0002119243,0.332,0.328,51.4156841207334,15.1909975811258
"13197",0.1778778497,0.0001141422,4.5656888483,24.93,0.2102777253,0.0879007239,7913.73,7.6,0.2131139157,4.416967925,4.0510806268,0.1412698939,0.1355492299,0.1270298332,0.385,0.1892420035,0.1924044841,0,0.0001136751,0.312,0.322,23.0043708304578,23.0043708304578
"13199",0.1702892148,0.0003303445,12.26993865,51.98,0.2112072451,0.0638210548,9554.99,6.9,0.2157954693,4.4561634916,4.1250690366,0.135839018,0.1365028129,0.1289475123,0.393,0.1866479316,0.2446798836,0.0005189169,0.0002358713,0.315,0.281,51.9996218209322,20.4846995052157
"13201",0.1727134478,0.0005124701,15.374103177,85.95,0.2090909091,0.084733382,12981.16,7.1,0.1952832187,4.2968729129,4.116186666,0.1390332551,0.1324086214,0.1281998834,0.374,0.1808182979,0.5392653061,0.0001678416,0.0010070493,0.288,0.281,67.6513699402413,62.0137557785545
"13205",0.178594531,0.0004872863,14.175600248,55.9,0.2300750611,0.0632491241,10108.13,6.1,0.2292045676,4.5364293777,4.1545527003,0.1416946573,0.1426242792,0.1315099955,0.435,0.2027732005,0.4226317133,0.0031619165,0.000175662,0.333,0.309,66.3677659135154,7.37419621261282
"13207",0.1468378063,0.0005903406,11.068885363,70.62,0.1742214967,0.0707490054,9894.69,7.9,0.1601737897,3.865264148,3.8172639982,0.1577697102,0.1130141505,0.1126838378,0.361,0.1620891247,0.6221616712,0.0002218033,0.0001478688,0.312,0.281,44.1934691873312,13.5035600294623
"13209",0.1753351996,0,10.054742487,NA,0.2071327826,0.0940568475,9698.46,6.8,0.1905003643,4.2024463469,3.9970927928,0.1549783508,0.1303759986,0.123904571,0.392,0.1829565612,0.1193686287,0.0002224447,0,0.345,0.302,37.0342937560181,37.0342937560181
"13211",0.1514549812,0.0006095534,13.299346115,47.31,0.1815078236,0.0769050958,9950.58,7.7,0.1541649938,3.6315796694,3.6845287615,0.1574189017,0.1087962197,0.1107953119,0.369,0.1534474419,0.4022274457,0.0002227668,0.0002227668,0.33,0.246,62.7630510226685,47.9952743114524
"13213",0.198776668,0.0001263743,4.0439782636,67.27,0.2447569907,0.08968523,10169.67,7.9,0.1849340647,4.2496171511,4.0299705694,0.1633310113,0.1274824131,0.123817039,0.357,0.1835394511,0.7529272232,0,0.0004313626,0.322,0.292,21.9798799560402,10.9899399780201
"13215",0.134644523,0.0010070845,10.519545915,37.31,0.1701393497,0.048325875,9406.53,5.9,0.2076126945,4.1589793762,4.0602109746,0.162330884,0.126706315,0.1231993223,0.422,0.1799239718,0.8883429444,0.0022798887,0.0014983548,0.327,0.267,25.7116191474762,12.6888510078454
"13217",0.1506230752,0.0003602818,6.9212025827,58.36,0.1892783831,0.0671603764,9750.99,6.6,0.1839574615,3.9486912079,3.8293865186,0.1537635991,0.1192659629,0.1164064658,0.405,0.1676679589,0.7566377879,0.0007619966,0.00036653,0.33,0.285,45.8647401367086,13.2849592120121
"13219",0.1135444635,0.0012512165,13.902405116,32.25,0.1335495699,0.0730436492,9097.76,8.7,0.1181517467,3.0663611676,3.3595640493,0.1864131913,0.0907176046,0.0969113815,0.331,0.1314293824,0.8126066813,0.0013962899,0.0005984099,0.282,0.234,38.9263735448951,11.1218210128272
"13221",0.1707982152,6.7245e-05,9.4142962814,49.43,0.1990823635,0.0953092321,9401.75,8.2,0.1561563408,3.7524198822,3.7442000067,0.1645900915,0.1129235971,0.1135073229,0.352,0.1671770846,0.1261158467,6.81524e-05,0.0002726096,0.319,0.264,85.4604745305296,67.4687956819971
"13223",0.1262369929,0.0001642166,4.7294368029,59.45,0.1573171242,0.0595696231,10050.47,8,0.1417236626,3.5440859712,3.4963209979,0.1826374678,0.1039458823,0.1053227035,0.363,0.1527894597,0.7510469071,0.0002684798,0.0002214958,0.291,0.226,15.9719943113445,14.0028443277541
"13225",0.1755177548,0.000261976,8.2335329341,73.79,0.2124724062,0.0772931366,10706.59,6.4,0.198640297,4.344633702,3.9962486054,0.1485478167,0.130508417,0.1230478208,0.402,0.1855304258,0.7409640729,0.0004828765,0.0003342991,0.364,0.288,41.0974258066927,24.9075307919349
"13227",0.1636752495,0.0003629285,9.2381800785,38.45,0.1941083343,0.0804739191,9960.85,8.8,0.1339602768,3.4877160405,3.7143887627,0.1673479742,0.1035180255,0.1088968863,0.327,0.1472114491,0.5681084571,0.0006667333,0.00060006,0.306,0.287,52.6673835282758,19.7502688231034
"13229",0.1771363894,0.0004187824,10.993037743,64.36,0.2154136013,0.0903977501,10151.65,7.7,0.181196426,4.2352187348,4.0247367985,0.15907111,0.1288666492,0.1242648997,0.363,0.1848877485,0.6229875253,0.0002632826,0,0.315,0.316,43.6566838382956,10.477604121191
"13231",0.1551004176,0.000222953,13.934563291,61.76,0.1799665179,0.0971589677,9544.82,8.8,0.1402815971,3.5601473582,3.6188869766,0.1776220183,0.1061968638,0.1088328787,0.346,0.1532046297,0.4668979797,0.0001124606,0.0001124606,0.299,0.273,33.5407893265755,24.2239034025267
"13233",0.1830020365,0.0002889895,12.282053752,58.36,0.2296396841,0.0790823212,10653.53,7.8,0.1826056132,4.007334327,3.9385229193,0.1608856811,0.1246012785,0.1216346278,0.365,0.1794731982,0.8023387583,0.0003889821,0.0003160479,0.351,0.273,45.8077841087171,14.4656160343317
"13235",0.1746051486,0.0007020007,14.917514918,69.33,0.2065989848,0.0889084507,10441.74,7.1,0.1943937324,4.2340413961,4.0823338555,0.1378951913,0.1273836244,0.1249467615,0.369,0.1756085309,0.7548709409,0.0001741705,0.000348341,0.348,0.303,32.2297099326106,32.2297099326106
"13237",0.1696417729,0.0003278228,12.176274996,61.25,0.2006606111,0.0866900175,9856.05,7.8,0.1712431456,4.0168709947,3.8777661833,0.1471347773,0.1182666988,0.116014538,0.365,0.1554472834,0.5938825525,0.0002831257,0.0002831257,0.318,0.293,37.4871138046297,15.619630751929
"13239",0.193627451,0,4.3440486533,43.21,0.2315705128,0.0778588808,9712.18,5.2,0.2323383148,4.6491217498,4.2280912285,0.1121538305,0.1438897061,0.1330965819,0.407,0.1839061517,0.3028253084,0,0.0008639309,0.321,0.291,14.3843498273878,14.3843498273878
"13241",0.2175343853,0.0006142129,17.197960813,67.03,0.2475798375,0.127736034,9518.03,8.4,0.1812553172,4.3208692771,3.9873028546,0.1483156645,0.1271110164,0.1224267546,0.337,0.1653803038,1,0.0014159946,0.0008003448,0.283,0.296,38.7099403051973,10.1868263961046
"13243",0.1622790523,0.0002780481,12.512164604,92.01,0.200466805,0.0643274854,8609.73,4.6,0.252342589,4.8337294833,4.3649024076,0.1153538554,0.1538136621,0.1405792734,0.434,0.2046749832,0.3291877186,0.0006837139,0.0005469711,0.32,0.288,69.1786191947609,46.1190794631739
"13245",0.1435888144,0.0009465145,10.555371098,43.14,0.1812433612,0.0481495312,8648.38,4.9,0.2170972734,4.4978838448,4.082149937,0.143086336,0.1393039614,0.1284930417,0.432,0.1978409807,0.6264454074,0.0023191371,0.0016437567,0.323,0.282,41.1700903427203,13.7233634475734
"13247",0.16106153,0.0007315207,8.4406230305,61.91,0.1976973745,0.0773593757,9515.6,6.3,0.1914270587,4.0515907799,3.8577353834,0.1412382217,0.1217708921,0.1179352273,0.387,0.1751230078,0.8787772106,0.0009686168,0.0004672152,0.353,0.305,48.126633203617,14.2875942323238
"13249",0.1768459435,0,17.414860681,NA,0.2150216019,0.09739369,9904.53,7.6,0.1885654241,4.2098383631,4.0559528084,0.1545409097,0.130166616,0.1261983879,0.37,0.1841599458,0.2497005988,0,0.0009684292,0.31,0.255,6.48130144533022,6.48130144533022
"13251",0.1616179458,0.000141223,9.8856093772,58.04,0.1948779035,0.069669475,9904.53,6.1,0.2185281542,4.4595274473,4.2533440056,0.1368459534,0.1394495571,0.132007813,0.401,0.1986671099,0.4445967245,0.0002839901,0.0002129925,0.318,0.326,44.9268165803599,44.9268165803599
"13253",0.1585384042,0.0012721175,16.190586331,93.42,0.1935351882,0.0691598361,9875.98,7.4,0.1830318453,4.0455937523,3.9006787478,0.1409300884,0.1225075588,0.1196886871,0.383,0.1643453264,0.5289265666,0.0001151278,0,0.329,0.312,135.653656835006,116.274563001434
"13255",0.1554186769,0.0004996019,10.772665532,52.23,0.1950761639,0.0610254797,9584.4,6.6,0.2050032407,4.4938590648,4.1433967944,0.1462617792,0.1364268611,0.1283586472,0.405,0.1889428492,0.737252821,0.0007188848,0.000672001,0.338,0.282,39.928439938811,11.9266768648396
"13257",0.1534511701,0.0007035097,15.633549597,74.08,0.1867321867,0.069649212,10306.86,7.5,0.1790874113,4.1180162837,4.034841513,0.1561838988,0.1261459417,0.1246431812,0.357,0.1814078292,0.8503533906,0.0004317111,0.0009026688,0.323,0.274,45.5628311441478,16.923337282112
"13259",0.1948595338,0.0003418219,11.963766877,39.44,0.2321219226,0.0781065089,7877.56,6.4,0.3311655387,5.4826648988,4.4534546097,0.1346261076,0.1828835299,0.1488889231,0.433,0.2352772247,0.0120501816,0.0001740947,0.0010445682,0.328,0.262,5.78034682080925,5.78034682080925
"13261",0.1629241108,0.0007147731,12.34608012,33.95,0.2047293807,0.0615696888,8493,5.3,0.2543815041,4.8634054938,4.3976491875,0.1286691602,0.155020025,0.1412240459,0.401,0.2181682424,0.7435327097,0.001376793,0.0009285348,0.331,0.306,91.991341991342,17.3160173160173
"13263",0.1782608696,0.0001578034,7.8901688496,43.08,0.2073732719,0.0835380835,7994.61,5.9,0.2273244664,4.5242246212,4.1315159168,0.1251451317,0.1400304528,0.1295853917,0.428,0.1891958904,0.0166059723,0.0001564945,0,0.339,0.308,26.4578262249974,26.4578262249974
"13265",0.1988773055,0,12.202562538,NA,0.2368148914,0.0695364238,10146.93,2.6,0.2637614934,4.8999249309,4.3687029273,0.1123527096,0.1575115864,0.1410207889,0.439,0.2096810623,0.393127548,0,0,0.318,0.296,20.3045685279188,20.3045685279188
"13267",0.1971518086,0.0002774585,9.5128621824,68.27,0.2431366235,0.0894775843,10741.99,7.5,0.2272794232,4.531152342,4.0896427174,0.1602099507,0.140408259,0.1284663274,0.398,0.2132532092,0.3512539185,0.0001189343,0.000356803,0.349,0.345,35.7402872460123,15.8845721093388
"13269",0.1759398496,0,12.004801921,70.68,0.2110844338,0.0732265446,10880.63,6.6,0.2380243866,4.6361275294,4.3113088661,0.1296779858,0.1465417039,0.1368827975,0.399,0.2025707253,0.3242757691,0.0001184553,0.0002369107,0.32,0.274,39.9936010238362,39.9936010238362
"13271",0.1583732525,0.000304878,9.1463414634,94.96,0.1958405546,0.0567624387,12789.87,7,0.2678937198,4.8823102808,4.1808234918,0.138857773,0.1562912781,0.1357253031,0.421,0.2143645213,0.1141212121,0,0.0001816201,0.294,0.292,38.8683182292413,38.8683182292413
"13273",0.1744817031,0,12.070668276,65.67,0.2229822161,0.0573394495,8285.68,5.6,0.2676192112,5.0401761066,4.4926132576,0.1172288047,0.1614567393,0.1453469409,0.433,0.2206389169,0.0059044552,0,0,0.322,0.271,36.7484933117742,44.0981919741291
"13275",0.1604084411,0.0009098373,14.868073586,36.9,0.1987152526,0.0690182669,10024.11,5.8,0.2024834537,4.185945981,4.1436220698,0.1400397645,0.1307613483,0.1278121714,0.398,0.1841878165,0.6169275492,0.0018016415,0.0014012767,0.326,0.282,100.539661417905,10.3496710283137
"13277",0.1949600933,0.0010057894,12.265724659,56.57,0.2461414518,0.0772988506,9688.21,6.9,0.2248513413,4.6135038217,4.138178452,0.144063773,0.143533309,0.1307879748,0.379,0.1946558141,0.6535470362,0.0004913522,0.0022110849,0.319,0.291,34.3429057369006,15.5360764047884
"13279",0.1917218979,0.0009177343,12.481186447,59.42,0.243317736,0.0832339298,9781.35,6.6,0.2141305682,4.6062957276,4.2431958389,0.1424302996,0.1422717625,0.1324635997,0.37,0.1929828699,0.6870293502,0.0002199252,0.0012095887,0.369,0.314,56.290458767239,12.2370562537476
"13281",0.1731595092,0.0008942944,14.308710427,42.77,0.1949135704,0.1040609137,8589.31,8.4,0.1497071374,3.7796258285,3.8235864537,0.1506763558,0.1140318507,0.115823425,0.319,0.1441862815,0.9977079553,0,0.0007208506,0.293,0.29,83.1576133764961,86.1275281399424
"13283",0.1603250831,0,11.790714812,71.73,0.2029858565,0.0619047619,10129.24,7.3,0.1896555589,4.1781003379,3.8596551087,0.1540808709,0.1242697221,0.1186130675,0.405,0.1806735097,0.4219317357,0.0001475361,0.0004426084,0.314,0.28,84.1584158415842,69.3069306930693
"13285",0.1454091301,0.0005160329,12.614136433,48.08,0.1806563546,0.0648795649,9261.56,6.7,0.1856096528,4.0354416699,3.9042115488,0.1612414393,0.1236660945,0.1204062027,0.417,0.18634153,0.8036065867,0.0007053506,0.0005038218,0.317,0.294,69.7773338367497,14.3378083226198
"13287",0.1910928617,0.0002434867,15.826637448,65.57,0.2437928588,0.0877587759,9852.58,6.9,0.2175753029,4.5768444146,4.1920523963,0.1352617621,0.1408293683,0.1310098497,0.395,0.1914418186,0.0901455767,0,0.0002453085,0.331,0.302,77.8784276755339,57.384104603025
"13289",0.1609125475,0,9.5351609058,84.61,0.1895385839,0.0719512195,10689.51,6.9,0.2343659965,4.7955955638,4.3560465706,0.1252003617,0.1511319179,0.139343755,0.415,0.2127982852,0.1426354871,0,0.0002403846,0.347,0.287,56.2678348940959,60.2869659579599
"13291",0.1712540279,0.0009430997,13.472852203,34.83,0.1943515749,0.1010397227,8525.39,8.8,0.1386987294,3.547463559,3.681583015,0.1423006247,0.1069983484,0.1110265209,0.32,0.1387754756,1,0.0005913392,0.0011826783,0.294,0.272,89.3136247934623,26.7940874380387
"13293",0.1616749601,0.0005688714,12.13592233,54.16,0.1985095721,0.0639284531,8871.3,6,0.2005407852,4.3311203684,4.0634592829,0.1419493309,0.1329742199,0.1267390125,0.39,0.1886583458,0.5429234339,0.0002285192,0.0006093845,0.315,0.301,29.1290416545296,36.727922086146
"13295",0.1443280412,0.0002056827,10.137219757,62.94,0.1781413483,0.0565074965,10838.98,7.3,0.1653475271,4.032056612,3.8884534375,0.1620137946,0.1190162688,0.1175041977,0.361,0.1733034687,0.6309267555,0.0003371544,0.0001465889,0.326,0.301,44.5685179743364,17.631501616221
"13297",0.1403749185,0.0004298691,7.5792712587,55.46,0.1745170228,0.0644533728,9966.38,7.9,0.1465928784,3.6546913243,3.7962227688,0.1690050834,0.1084265388,0.1109019889,0.361,0.1631852867,0.5408628593,0.0004451293,0.0003880614,0.314,0.265,64.2378981059212,16.904710027874
"13299",0.1727744914,0.0008199039,15.83262652,66.81,0.2171261658,0.0698730639,9721.22,5.6,0.2105352516,4.4901522609,4.1661128919,0.1415394134,0.1399894792,0.131038857,0.398,0.2004413386,0.8085756775,0.0011262847,0.0011262847,0.34,0.279,58.1488046669105,16.8819110323289
"13301",0.1653783087,0.0005494505,12.820512821,63.16,0.201653944,0.066045724,8604.88,6.4,0.2219505694,4.453047426,4.1407956628,0.119614319,0.1384138402,0.1300147124,0.415,0.1929405924,0,0,0.0001811594,0.337,0.284,115.698453294361,85.2514919011083
"13303",0.1451057864,0.0007205995,10.088393543,62.26,0.1810007123,0.0578354242,9079.47,5.7,0.2124000627,4.3844441276,4.1035951754,0.140176393,0.1360963638,0.1273682657,0.423,0.1951361209,0.3870769812,0.0001938454,0.0004846135,0.325,0.265,67.842605156038,71.0732054015636
"13305",0.1606954021,0.0003724521,16.252454798,86.81,0.2026496565,0.0702236171,11272.95,6.5,0.1894825155,4.2072996803,3.9947535434,0.1609075029,0.1268307189,0.1225865489,0.362,0.1843854985,0.4055616466,0.0001669505,0.0004006812,0.349,0.24,37.9519349905678,16.7435007311329
"13307",0.1618911175,0,11.329305136,NA,0.1908446164,0.0840480274,8469.48,6.9,0.2055201784,4.3013535136,4.0404266648,0.1335761099,0.1333248718,0.1264062152,0.399,0.1858229021,0,0,0,0.317,0.272,0,12.6646403242148
"13309",0.1662068966,0,3.7960268253,57.93,0.2025481869,0.0826568266,10645.41,6.3,0.2532032141,4.9295968749,4.1939534438,0.1566982109,0.1550650234,0.1343315513,0.42,0.2401896978,0.0371917531,0,0,0.296,0.292,25.1298374937175,25.1298374937175
"13311",0.1585941438,0.0002471839,10.593594407,51.23,0.1886449184,0.0814457831,9324.34,NA,0.1536485031,3.8485595165,3.7652470045,0.1614228772,0.1138230211,0.1145072753,0.336,0.1538886667,0.9504126142,0.0005720415,0.000178763,0.283,0.231,45.7891585361558,15.2630528453853
"13313",0.2229564284,0.0005853228,8.9237737008,58.26,0.2808635035,0.0958956789,9024.58,8.3,0.216404371,4.3929646274,3.9298424345,0.1544288554,0.1340847593,0.124185061,0.372,0.1805177935,0.865281338,0.0005698171,0.0009947654,0.352,0.274,31.6955181256743,11.2054862060465
"13315",0.1688288288,0.000112905,7.9033532799,71.8,0.2043010753,0.087182448,12183.04,7.2,0.2109377634,4.346718496,3.9435020379,0.1514341769,0.1354239019,0.1241123453,0.415,0.20074239,0.0193408968,0,0.0001130327,0.319,0.279,68.0143585868128,45.3429057245418
"13317",0.1836039811,0.0005067396,14.188709841,66.29,0.2219227314,0.0845454545,10609.99,5.9,0.2138323311,4.4787538609,4.1319992892,0.1276254069,0.1381644069,0.129819542,0.396,0.18483748,0.6160672142,0.0001006036,0.0001006036,0.32,0.276,67.5401864109145,57.4091584492773
"13319",0.1481581433,0.0002184599,14.19989077,58.18,0.176262344,0.0780738663,9674.01,6.6,0.196668573,4.1909945676,3.948841386,0.1380383446,0.1283348284,0.1227218527,0.383,0.1858516758,0.2476210394,0.0002144542,0.0003216813,0.355,0.305,76.1283306144644,79.7534892151532
"13321",0.1733923304,0.0002415576,10.145417653,59.32,0.2142682828,0.0687131531,9703,7.3,0.1949316108,4.3966774216,3.9572064814,0.1475222402,0.1304308424,0.1228675596,0.386,0.1809677736,0.5015914018,4.77555e-05,0.0002387775,0.352,0.293,54.4985333482937,19.2347764758684
"16001",0.0946026962,0.0008866657,7.9224155998,22.09,0.117146933,0.0416244647,8224.56,7.9,0.1118352924,3.1975331371,3.4007979166,0.1788816544,0.0970767215,0.100832076,0.279,0.1150740928,0.9157264282,0.0023860021,0.0011566362,0.249,0.144,37.56300427375,19.9313900228061
"16003",0.1573676681,0.0005204267,10.408534999,21.38,0.1776744186,0.0923753666,6653.88,7.5,0.1609666584,3.9837368347,3.7232524109,0.1281004997,0.1210832367,0.1161427278,0.319,0.1607909999,0.3126257545,0.0007770008,0.0002590003,0.287,0.214,8.61771802826611,8.61771802826611
"16005",0.1145105019,0.0007164692,7.1646923959,28.02,0.1470335691,0.0441786354,9432.27,7.2,0.1468888921,3.4611863291,3.5484845702,0.1516657953,0.1087940462,0.1108463718,0.317,0.1532931309,0.7904368715,0.0035154235,0.0011518111,0.308,0.176,46.1291297501074,26.6435490798034
"16007",0.108944468,0.0008443094,5.0658561297,40.25,0.1333758775,0.0650357995,8119.26,7.7,0.1291664617,3.4748033749,3.3087090814,0.1528052151,0.1010828212,0.1013597895,0.297,0.1352281433,0.5571333111,0.0003357395,0.0006714789,0.256,0.178,61.7145421903052,67.3249551166966
"16009",0.1576615209,0.0008837826,8.8378258948,64,0.1890606421,0.0786516854,8730.91,6.8,0.1629051611,4.3526668419,3.8179121092,0.1364815584,0.1263757973,0.1188366531,0.297,0.1706161063,0.6276790522,0.0017547708,0.0008773854,0.298,0.253,139.388159342675,36.6810945638618
"16011",0.1600124523,0.0003778617,3.7786174705,32.92,0.2019580872,0.0873256938,8524.41,8,0.1635829227,3.6312644666,3.4874452072,0.1393676444,0.112221288,0.1094603598,0.336,0.1421843716,0.5706799395,0.0010382381,0.0006185248,0.306,0.255,37.6494906245386,23.6232098036321
"16013",0.1692889309,0.0010652093,13.894034828,15.37,0.1937966597,0.1084959816,7582.55,8.2,0.1266356629,3.2622153722,3.1988685751,0.1735853578,0.098029548,0.0980353612,0.274,0.1231253266,0.8972679641,0.001163765,0.0003724048,0.176,0.12,38.5415863716951,26.2082787327526
"16015",0.1344553357,0.0002833664,12.751487674,NA,0.1515799477,0.0778914241,7184.19,5.8,0.1338273818,3.4971601258,3.440269285,0.1323435522,0.1062070571,0.1070961835,0.306,0.1443215894,0.7898406375,0.0001465416,0.0002930832,0.272,0.2,23.8027230315148,23.8027230315148
"16017",0.1311679036,0.0006211329,9.5558900117,29.73,0.156591801,0.0596894767,7061.27,7.2,0.1312316047,3.7540369297,3.2255968643,0.1558683369,0.1079851815,0.1026438902,0.292,0.1479191615,0.7255180175,0.0017554407,0.0004809426,0.257,0.204,54.7705985076996,21.4319733290999
"16019",0.1161848743,0.0004269273,4.6326154293,34.13,0.1508427738,0.0540686749,9479.35,7.9,0.1318066726,3.4249119341,3.3713040859,0.1372675146,0.1060806975,0.1042428217,0.333,0.1354973936,0.7933975478,0.0023199507,0.0009482338,0.287,0.185,54.6920324888803,20.8494488493522
"16021",0.168116597,0.0007068387,7.9519349708,34.78,0.2052832591,0.0792772861,7050.37,7.3,0.1462855819,3.878286015,3.6898300032,0.1431603851,0.1168531375,0.1129539518,0.293,0.1509948302,0.7533722202,0.0011840787,0.0002732489,0.295,0.244,44.1462122549885,29.4308081699923
"16023",0.1305668016,0.0003998401,3.9984006397,40.78,0.1592076302,0.0728682171,10056.84,7.2,0.1394208454,3.6189963835,3.4772253479,0.1398611295,0.1098384904,0.108727145,0.29,0.142707425,0.526461432,0.0003813883,0.0011441648,0.278,0.266,13.1164742917104,0
"16025",0.219832736,0,28.142589118,NA,0.25,0.1484375,8383.34,2.9,0.1675317191,4.0896153243,3.784423107,0.1341122605,0.1233642571,0.1176735985,0.323,0.1645899326,0.0411817368,0,0.0009624639,0.265,0.202,0,0
"16027",0.1572434151,0.0003277456,5.4945584592,31.77,0.2084705358,0.0593479899,8803.87,7.8,0.1710270554,3.8584838866,3.7057509444,0.1438143042,0.1211191189,0.1159329875,0.331,0.1611847797,0.7838061009,0.0010435998,0.0005267226,0.347,0.227,35.0302658282971,16.5509971574064
"16029",0.1060496939,0.0004431315,5.9084194978,40.84,0.1317957166,0.0596790371,8509.62,7.7,0.1231593111,3.3211947905,3.3306720478,0.1572368394,0.0982669257,0.0997149822,0.287,0.1359503888,0.5789171334,0.000146263,0.000292526,0.291,0.216,48.7947692007417,43.9152922806675
"16031",0.1826283988,0.0006806773,6.8067727389,50.39,0.2414153599,0.0862957239,8607.5,7.8,0.1773451721,4.0317252677,3.5492928127,0.1513337943,0.1189989596,0.1095087604,0.297,0.1419227665,0.5732398048,0.0008920986,0.0004248088,0.35,0.219,52.4450744153083,15.5917788802268
"16033",0.2689189189,0,0,NA,0.3202357564,0.1563786008,4781.24,3.1,0.2569126729,4.8231587848,4.0872949031,0.1289915742,0.1571183323,0.1335690245,0.354,0.1843839937,0.0570264766,0,0,0.276,0.202,0,38.3582662063675
"16035",0.1294635004,0.0011770245,14.124293785,57.44,0.1517241379,0.0596910112,8253.75,7.2,0.1280427799,3.4310420259,3.3689664465,0.1521206146,0.1018036891,0.103180668,0.306,0.1481328313,0.2083095537,0.0010511563,0.0005839757,0.313,0.252,66.5231852866367,58.6969281940912
"16037",0.1346790205,0,7.3403474431,24.37,0.1511627907,0.0835579515,7494.04,6.2,0.1477721936,3.985752601,3.5515998862,0.1441914649,0.1144767346,0.1090872492,0.324,0.1402156818,0.1710164835,0,0.0009661836,0.274,0.229,8.11490708431388,40.5745354215694
"16039",0.1349609107,0.0006956253,6.1833359097,55.03,0.1687264212,0.0572564027,8402.45,6.9,0.1651309929,3.7584440943,3.4845181734,0.1723773542,0.1142776224,0.1092042757,0.32,0.165601573,0.8192913677,0.0009963976,0.0009197517,0.315,0.214,34.6207108785967,19.2337282658871
"16041",0.1357814599,0.0003059507,2.2946305645,55.29,0.175872093,0.0734413135,8295.21,8.2,0.1312919646,3.3577795159,3.4467384003,0.1565337965,0.1044546881,0.1067625924,0.312,0.1413876075,0.5448928516,0.0005375931,0.0002303971,0.357,0.212,27.8473962684489,25.315814789499
"16043",0.1591553427,7.80092e-05,8.5810125595,24.49,0.198578474,0.080525414,8117.34,8.5,0.141573021,3.5953218647,3.3386927618,0.1562336721,0.1068239889,0.1039353705,0.32,0.1402176205,0.1074611086,0.000388591,0.0002331546,0.277,0.209,46.5971161562557,38.8309301302131
"16045",0.1480595633,0.0005340612,8.9010206504,24.25,0.1814516129,0.0697791165,7850.34,6.8,0.1517235304,3.7110745861,3.6417534641,0.144217277,0.1145243301,0.1123738552,0.32,0.1538914704,0.7312638316,0.0007707815,0.000474327,0.334,0.29,84.4760520215316,15.7164747947035
"16047",0.219001996,0.0003271395,7.8513478147,49.81,0.2813801309,0.0948972524,10702.83,8.7,0.1890568263,4.3155355305,3.7038958857,0.1435160508,0.1299937912,0.1168187116,0.338,0.1601929395,0.602884118,0.0009957515,0.0005310674,0.323,0.227,48.31660553884,48.31660553884
"16049",0.1476372925,0.0006145526,5.5309734513,51.6,0.1753892987,0.0759193357,7960.2,6.7,0.1505733736,3.7660604508,3.4952945398,0.1530357607,0.1075249196,0.1064057174,0.314,0.1427514957,0.586401918,0.0008633981,0.0006167129,0.26,0.228,57.5622391711038,34.9485023538844
"16051",0.1292958927,0.0002577604,1.4729167434,35.33,0.171683465,0.0637965183,8718.36,8.2,0.1459242078,3.5626130326,3.3241622135,0.1557770243,0.1077434022,0.1035919826,0.312,0.1394839593,0.5002677888,0.000296066,0.0003330743,0.325,0.2,41.4548203421242,14.6311130619262
"16053",0.2109172305,0.0003944946,7.0132374858,32.4,0.272834275,0.0985563576,9604.84,7.9,0.1841098667,4.0116678996,3.5543140792,0.1510398735,0.1257335809,0.1142333783,0.339,0.1650334172,0.7636542415,8.76501e-05,0.0002191253,0.323,0.24,37.8865153148952,18.9432576574476
"16055",0.1162408729,0.0007915076,9.1123142618,30.95,0.1411453206,0.05464781,8107.9,7.4,0.1344713034,3.9043888388,3.6202878346,0.1787312684,0.1088155245,0.1060260777,0.291,0.1522482445,0.7556645053,0.0016629787,0.0007330682,0.254,0.19,66.3741777898726,20.5759951148605
"16057",0.1008016484,0.0008767858,10.057248956,38.46,0.1173765832,0.0486111111,7590.18,7.3,0.1304527377,3.6309565061,3.4959944841,0.2000787722,0.1103296062,0.1087167495,0.299,0.1497379893,0.6605359252,0.001249642,0.0003905131,0.22,0.153,42.9608626541221,15.465910555484
"16059",0.1434306569,0.0005171299,11.6354234,23.15,0.1657351154,0.078581363,8465.6,6.1,0.152613939,3.9793745924,3.6317126711,0.1364361738,0.1181230306,0.1140088339,0.311,0.1493415006,0.7492439516,0.0014237639,0.0003882992,0.26,0.203,56.0731538992409,60.3864734299517
"16061",0.1608617594,0.0002639219,10.556875165,77.81,0.1932342389,0.0905963303,8134.09,6.2,0.1483623122,3.884123253,3.7572447076,0.1362620451,0.1188262643,0.1164306446,0.303,0.1551823388,0.398848469,0.0007816571,0.0005211047,0.278,0.247,43.5540069686411,43.5540069686411
"16063",0.1898566703,0.0001887861,5.6635831603,32.29,0.2399328859,0.0971463267,8888.88,4.8,0.1969407673,4.2037033591,3.7719058504,0.1488183064,0.1289768503,0.118318343,0.344,0.1650263333,0,0,0.0005643341,0.284,0.223,81.8433643918408,56.6607907328129
"16065",0.0907766158,0.000653202,1.8289655893,26.91,0.1116924935,0.0451818182,7998.23,6,0.1800302742,4.5401727892,4.124426185,0.1508847815,0.1455149705,0.1337401963,0.334,0.1758572728,0.6864343564,0.001261896,0.0006572375,0.251,0.148,8.66859109388951,12.1360275314453
"16067",0.1941896024,0.0002932408,5.8648159914,33.95,0.2532295169,0.0798727395,7449.33,8.4,0.1894041488,4.0685028457,3.664933449,0.1468506882,0.1262702551,0.1149039767,0.31,0.1485281442,0.40579999,0.0002460267,0.0001968213,0.322,0.236,42.3452768729642,17.9153094462541
"16069",0.1122044769,0.0006242509,12.734718338,33.88,0.133735352,0.0548161516,7856.77,7.9,0.1360980887,3.7508554371,3.4709976299,0.1520000382,0.1062073933,0.1059318748,0.284,0.1566432019,0.7942697058,0.0019246632,0.0012497813,0.319,0.216,90.5135188998871,28.2335747027171
"16071",0.1183709347,0.0002335903,4.6718056529,51.48,0.1419586703,0.0752427184,10077.41,7.9,0.1359672212,3.7452756368,3.4226281461,0.1492689693,0.1073401949,0.1054852124,0.307,0.1369075148,0.6959869342,0.0009560229,0.0011950287,0.271,0.204,46.8457214241099,46.8457214241099
"16073",0.2444492817,8.84173e-05,2.6525198939,30.43,0.3031873136,0.1140262361,6910.61,7.4,0.2157437867,4.5217718511,3.8724761621,0.1409771175,0.1410459443,0.1258926308,0.336,0.1875685129,0.4222627104,0.0002642473,0.0003523298,0.315,0.207,17.6201104193586,29.366850698931
"16075",0.1512200342,0.000349406,6.9881201957,38.58,0.190227704,0.072296764,8195.81,7.5,0.1658932435,4.0075282347,3.5847469417,0.1437255297,0.1187211197,0.1102940728,0.314,0.1532479525,0.6739159263,0.0006130671,0.0009633911,0.323,0.269,49.4487914133628,17.452514616481
"16077",0.1848817437,0.0002615063,3.9225941423,47.26,0.2403268445,0.0875155537,11028.46,8.5,0.1981687417,4.3801827133,3.8302297905,0.1347784523,0.1341296283,0.1210343181,0.344,0.1647045854,0.7143405398,0.0003938558,0.0002625706,0.316,0.206,21.8159605567433,34.9055368907893
"16079",0.1304621849,0.0003217503,12.87001287,35.17,0.157088661,0.0540007883,9032.75,7.2,0.1563591402,4.0022255975,3.6114689931,0.1408451195,0.1182658662,0.1124474788,0.315,0.163372881,0.9162553858,0.0011299435,0.0002421308,0.294,0.21,67.0708805065193,45.6081987444331
"16081",0.195226183,0.0004733056,5.6796667929,41.76,0.2233932017,0.1313131313,8286.04,8.7,0.1329563378,3.3040302841,3.1407387475,0.1817971581,0.0986488332,0.0970720456,0.308,0.137804267,0.531366765,0.0009670245,0.0006769171,0.219,0.185,25.1059155813589,25.1059155813589
"16083",0.1497418494,0.0007405159,9.9544764795,31.84,0.189075811,0.070221843,9016.2,8.2,0.1671139046,3.9045826383,3.5793635643,0.1593152542,0.1169986605,0.110686027,0.315,0.1706340719,0.7034054124,0.0021998665,0.0007909632,0.312,0.222,59.9668561565297,23.9057061705085
"16085",0.13540866,0.001583688,19.796100168,22.88,0.1519452329,0.0836820084,8051.01,7.3,0.1193152285,3.1793231706,3.2656659457,0.1533518326,0.0964522924,0.0994338382,0.28,0.1312035005,0.696917461,0.0011194789,0.0006106249,0.254,0.174,36.1544782251438,39.4412489728841
"16087",0.1751863685,0.0007011218,8.0128205128,35.7,0.2131147541,0.0893228085,8744.81,7.4,0.1947340671,4.4423294744,3.8365136616,0.1329373158,0.13379912,0.1226907471,0.317,0.1747428775,0.6585605021,0.0004989522,0.0003991618,0.317,0.278,66.2756403883753,66.2756403883753
"17001",0.055545141,0.0008207363,15.519376837,69.55,0.0672601385,0.0265469702,9610.38,8.2,0.1310090171,3.5330563568,3.6065608559,0.1985682291,0.1000544035,0.1041079043,0.326,0.1490678725,0.7842123303,0.0020451424,0.0008210426,0.333,0.23,79.7690685465577,16.9509270661435
"17003",0.0683333333,0.0001474926,13.274336283,53.94,0.0880896534,0.0209359606,9711.87,5.4,0.2416304556,5.0603641255,4.5420564123,0.1397413347,0.1532536864,0.1411392698,0.395,0.221652222,0.4519300801,0.0005339028,0.0004004271,0.279,0.232,33.7349397590361,33.7349397590361
"17005",0.060458313,0.0005899705,14.749262537,84.47,0.0720166868,0.0295159386,10668.49,8.3,0.1504205554,3.7725991723,3.6875111325,0.1947609863,0.1082661529,0.1083409444,0.329,0.1701280591,0.5451936065,0.0012160519,0.0005211651,0.282,0.249,50.9374448993985,52.8965773955293
"17007",0.0789784664,0.0005225343,7.4647755902,60.81,0.0973904358,0.0377084342,10261.42,9,0.145232528,3.4224229156,3.4041049648,0.1976382162,0.0994187744,0.1011369996,0.338,0.149190843,0.7622819164,0.000167072,0.0001299449,0.312,0.234,34.1706169970862,7.4554073448188
"17009",0.0471136422,0.0001464343,19.036462147,45.31,0.0563629918,0.0255707763,8337.15,7.5,0.1369212467,3.3733624871,3.2591549372,0.229867741,0.0945463412,0.0936196674,0.338,0.1610169901,0.1073951276,0.0032201405,0.0004391101,0.28,0.23,48.9644028791069,48.9644028791069
"17011",0.0643949356,0.0004763748,18.757257272,58.37,0.0774789656,0.0314060447,8961.3,7.9,0.1397666253,3.540142101,3.5440962821,0.2008049167,0.1013005082,0.1039739967,0.32,0.1493257596,0.6484647493,0.0005023641,0.0004137116,0.285,0.258,48.6178635921656,17.8596233603874
"17013",0.057712766,0.0004082466,10.206164523,79.42,0.0655147588,0.0396135266,8471.15,8.3,0.1259068863,3.4522545232,3.4682476832,0.1929703182,0.0958303746,0.1002376022,0.304,0.1422865947,0.0021615249,0,0.0002017756,0.307,0.236,33.9006034307411,33.9006034307411
"17015",0.0652450091,0.0003420909,20.52545156,56.37,0.0749848577,0.0382383066,8190.22,8.2,0.1298768793,3.4745204931,3.5080794666,0.1843755592,0.0979888179,0.1022463115,0.292,0.1444096096,0.5856242282,0.001019368,0.0002038736,0.277,0.245,100.296330066104,93.4579439252336
"17017",0.0838582307,0,13.232661322,52.12,0.1006002088,0.0430896904,9102.12,8.9,0.1489081978,3.5626252981,3.5466758144,0.1954744707,0.10298995,0.1041572965,0.321,0.1541726466,0.5339393051,0.0024323503,0.0004560657,0.321,0.265,51.7076449753096,62.0491739703715
"17019",0.0656951884,0.000943211,11.299380928,40.71,0.07837774,0.0261275197,9052.75,7.4,0.1564516373,3.681941368,3.6577136928,0.1989699228,0.1107442889,0.1096973351,0.326,0.1628001278,0.8383139133,0.0019987158,0.0010041857,0.256,0.193,40.6782049701079,10.7300776889655
"17021",0.0564239126,0.0003864217,17.240354319,79.66,0.0674180975,0.0277091907,10493.31,8.2,0.1307983004,3.6153497524,3.5696363321,0.1963331667,0.1009649315,0.1039447887,0.316,0.1554959945,0.5861494253,0.0003835713,0.0002950549,0.295,0.264,65.4482710748391,20.8244498874488
"17023",0.0547541492,0.0003754928,23.781212842,57.84,0.0651427345,0.0294820717,9723.52,8.3,0.137048372,3.6846830177,3.65624498,0.1931028058,0.1038313444,0.106893303,0.307,0.156101866,0.586899296,0.0002472188,0.0003090235,0.33,0.259,60.2948208827993,24.9495810549515
"17025",0.0617846841,0.0001489425,23.08608877,149.93,0.0748011291,0.0290791599,12557.57,8.3,0.1394548517,3.6889497022,3.6628394592,0.1871504846,0.1057161144,0.1081017342,0.316,0.1609381193,0.5234889613,0.000887574,0.000591716,0.298,0.283,24.8459550785132,34.7843371099185
"17027",0.047434527,0.0004234373,13.232414122,45.99,0.056600337,0.0240447566,9261.7,8.7,0.1179301751,3.1454411831,3.2899427793,0.2151201396,0.0884849255,0.0947382222,0.308,0.1389192621,0.5974524654,0.0002377367,0.0002641519,0.324,0.227,68.8000564513284,8.82052005786261
"17029",0.061592352,0.0007616001,13.708802193,87,0.0733155332,0.0230565191,10634.55,7.3,0.1667846661,4.1334254163,3.9803775127,0.1938423894,0.1198173734,0.1191527008,0.329,0.1872722759,0.7819130177,0.0015753938,0.000843961,0.303,0.246,42.987912810398,5.68957669549386
"17031",0.1062955588,0.0009415419,7.1894706137,48,0.1335661858,0.0303144431,10160.85,8.3,0.1692128412,3.5562419805,3.5393329802,0.2210717152,0.1046731534,0.105449296,0.344,0.146269784,0.9920849716,0.0018627813,0.0004728907,0.274,0.208,41.7766991448525,8.36298890418775
"17033",0.054916282,0.0005666014,18.543319254,53.55,0.0649289985,0.0282288284,9606.68,8.3,0.1319152657,3.5390533862,3.5266825606,0.2019059973,0.0993761766,0.1018367916,0.316,0.1549957125,0.5569965181,0.0019594699,0.00030939,0.287,0.233,73.9912242966532,79.1534027359546
"17035",0.0600896861,0,11.928794274,74.86,0.0705736048,0.0347460863,10295.26,NA,0.1353680371,3.6618733006,3.6462929502,0.1938327283,0.1035239644,0.1061985413,0.308,0.1590010152,0.0092324403,0.0003692421,0.0004615527,0.3,0.242,46.0278007916782,55.2333609500138
"17037",0.070186765,0.0003545692,9.4871205152,64.86,0.0859094791,0.0272016321,9884.83,7.2,0.1519962376,3.7858092965,3.696070952,0.2275635194,0.1090486615,0.1094885642,0.324,0.1648910058,0.8060954736,0.0013654207,0.0003034268,0.301,0.169,34.9937329405552,12.0887441067372
"17039",0.0481487125,0.0003692989,17.233950883,69.55,0.0568416701,0.0254213871,9863.79,8.7,0.1242037431,3.4107280772,3.4357334398,0.2002701318,0.0953890478,0.0999619855,0.303,0.1475896001,0.7674657327,0.0003684598,0.0003684598,0.305,0.239,57.4276514141559,49.2237012121336
"17041",0.090351197,0.0002522323,17.656257882,53.73,0.1115280565,0.0436606292,9895.86,8.8,0.1391177742,3.6288649583,3.5263538271,0.2053148855,0.1013956489,0.1027036216,0.314,0.1553452261,0.7114614615,5.0279e-05,0.0003519533,0.295,0.246,30.3326480401739,16.8514711334299
"17043",0.0593537002,0.0013312114,8.9961188173,44.42,0.0712251105,0.0294884513,9869.21,9.1,0.1507837682,3.4634871141,3.368766975,0.1977555139,0.0908968561,0.0919330781,0.301,0.1234093828,0.9888834843,0.0021882518,0.0004674561,0.252,0.174,55.9050465481942,9.514230570582
"17045",0.0657461726,0.0002264493,18.115942029,77.79,0.0794958798,0.0280884265,10456.94,7,0.1437823814,3.7535815616,3.7691688975,0.1827857419,0.1078804607,0.1106624789,0.313,0.1618822764,0.4722222222,0.0010089121,0.0004484054,0.31,0.258,45.2224378662546,20.7269506887
"17047",0.060629317,0,24.487297215,87.17,0.0721102863,0.0317670417,9297.21,8.1,0.1314146098,3.5296247799,3.5769599168,0.1876023294,0.1009950011,0.1047585859,0.308,0.1538357604,0,0.0004533777,0.0003022518,0.298,0.243,30.4971027752364,30.4971027752364
"17049",0.0471521777,0.0008146402,15.710919089,67.6,0.0565982117,0.0245296499,9537.44,8.5,0.1223890958,3.3737989619,3.4026489155,0.2062311256,0.0951513068,0.0994981264,0.311,0.1456350624,0.4450090532,0.0010198135,0.001048951,0.293,0.211,45.5969808977755,9.70148529739903
"17051",0.0771050716,0.0001360976,19.507326589,85.25,0.093950118,0.0355090312,10041.95,7.1,0.1498660139,3.781317426,3.7374378409,0.1974695545,0.110266989,0.1104175416,0.315,0.176021802,0.367163505,0.0004572474,0.0002743484,0.262,0.237,22.8303552403275,7.61011841344251
"17053",0.0630317446,0.000728014,18.928363425,37.55,0.076834274,0.0301369863,8906.96,8.1,0.1346371614,3.5928267959,3.5789996011,0.1883849986,0.1019084346,0.1049096007,0.309,0.1532153907,0.632341453,0.0031414378,0.0005844535,0.272,0.245,112.197858484353,107.319690724164
"17055",0.0732856006,0.0003798911,16.461947575,93.8,0.0908056042,0.0279898219,10515.43,7.8,0.1528927302,3.8882339159,3.8388052401,0.1858583194,0.1113265917,0.1130536761,0.323,0.1747916162,0.5737974268,0.001294055,0.000608967,0.284,0.287,36.424626435808,17.7887710500457
"17057",0.0653968494,0.0003081319,17.647553153,70.72,0.079391197,0.0279063436,9303.65,7.8,0.1481451438,3.6698255692,3.6838438081,0.196404987,0.1052523024,0.1069775525,0.319,0.1660230986,0.6890933125,0.0003610409,0.0003054962,0.275,0.229,128.680927248653,22.3792916954178
"17059",0.0699110672,0.0001899335,22.792022792,98.4,0.0831946755,0.0321100917,9926.06,5.8,0.1541295017,3.9983493615,3.8815320366,0.1755966569,0.1149125094,0.1152263818,0.311,0.171019862,0.3653605296,0,0.0003780004,0.271,0.22,38.0517503805175,38.0517503805175
"17061",0.0637116507,0.000226569,15.859829318,85.67,0.0765076508,0.0304837641,10155.38,7.9,0.1465875343,3.7931482643,3.7427296037,0.1874095783,0.1080594445,0.1098669533,0.313,0.1688071494,0.5627970618,0,0.000446628,0.309,0.249,65.3791993562664,50.2916918125126
"17063",0.0490372976,0.0003165747,10.28867652,65.31,0.0589014968,0.0266083605,11484.48,8.6,0.1231594196,3.2949213578,3.3242819639,0.2187670311,0.0930891721,0.0969746082,0.308,0.1498918899,0.6177815952,0.000872583,0.0005354487,0.314,0.225,48.8761781470645,12.5492889837057
"17065",0.0619237861,0.0004878049,40.243902439,150.47,0.0745762712,0.0303514377,11357.54,8.3,0.1355579216,3.6764614785,3.6047580503,0.1868192065,0.1029329042,0.1058846854,0.31,0.1530852434,0.2677072248,0,0.0004821601,0.287,0.258,24.4329519078063,40.7215865130105
"17067",0.0579833724,0.0003775009,18.875047188,50.49,0.0687245195,0.0302419355,8165.87,7.5,0.1328384897,3.5415866636,3.5890553066,0.185964934,0.0993264249,0.1037453271,0.306,0.1444344725,0.5202051926,0.001077354,0.0004309416,0.286,0.235,34.1634451137283,43.1538254068147
"17069",0.0708712614,0.0007255139,16.928657799,202.91,0.083369518,0.0356703567,11557.95,7.8,0.1574835831,4.0482526702,3.8672836587,0.1729304028,0.1153968376,0.1143240643,0.316,0.1726255719,0.9384259259,0.0002421894,0.0007265682,0.287,0.256,48.828125,0
"17071",0.0640569395,0.0001429593,15.725518227,75.56,0.0739637627,0.0359195402,9833.37,8.8,0.1229639955,3.4066722548,3.4755753121,0.1863824058,0.0948096271,0.0999765644,0.307,0.1407192731,0.1246760333,0,0.0001445922,0.298,0.28,28.8739172281039,28.8739172281039
"17073",0.0575013859,0.0003233042,13.942492271,57.25,0.0691791071,0.0283977421,8850.2,8.5,0.131261515,3.3797119921,3.4731147067,0.1925614494,0.0948402058,0.1001424807,0.316,0.1456121089,0.6869627223,0.0002014707,0.000282059,0.342,0.235,66.0359559041535,14.8243982641977
"17075",0.0750744081,0.0003836496,17.08984375,48.26,0.0908257441,0.0350416795,10068.13,8,0.1458871475,3.7367929495,3.6384492116,0.1801349671,0.106593978,0.1079971244,0.313,0.1541868193,0.5073019719,0.0022161432,0.0005540358,0.316,0.242,58.217383710776,12.8078244163707
"17077",0.0736166934,0.0012128971,16.003503925,82.35,0.0842592593,0.0361345316,10609.16,6.2,0.1949930127,4.4231466735,4.0824918223,0.1940277114,0.1317975931,0.125486969,0.345,0.2005143951,0.7402105683,0.0019102837,0.001206495,0.273,0.25,29.2284257682298,10.6796171076224
"17079",0.0654313099,0.0001040908,20.81815343,61.83,0.0774946921,0.0364035088,10728.36,8.6,0.1229463515,3.4579285093,3.4225860255,0.1995733681,0.0945897908,0.0986174881,0.302,0.1437273292,0.4236956073,0.0028057778,0.0003117531,0.288,0.242,38.2395884029757,48.6685670583328
"17081",0.0565749235,0.0007300602,19.294448935,86.56,0.0681486366,0.027453271,10555.27,7.4,0.1502447642,3.7560978065,3.6102576827,0.1892935296,0.106825615,0.1063561296,0.337,0.1643383324,0.4810827517,0.0015051643,0.0005449733,0.31,0.251,31.2101745168925,18.205935134854
"17083",0.0494927414,0.0003575898,10.280708028,86.15,0.0589443261,0.0248846077,9453.36,8.6,0.11905262,3.2650417491,3.3671894997,0.2038830299,0.0900598835,0.096635532,0.304,0.1384890471,0.5633674135,0.0005759603,0.0002215232,0.32,0.281,59.7300203082069,17.9190060924621
"17085",0.061658785,0.000407498,14.488816445,51.57,0.0719700057,0.0338716913,8760.72,8.5,0.1159601565,3.1849307008,3.3334633275,0.1862930186,0.0914063122,0.0974611471,0.293,0.1329122865,0.5601463974,0.0004044217,0.0002246787,0.298,0.246,60.5052185751021,15.1263046437755
"17087",0.0549450549,7.83576e-05,15.671524839,79.77,0.0640677425,0.0317327766,9356.56,7,0.1490303785,3.7109806798,3.5766381556,0.1922510434,0.1058173059,0.1047190296,0.327,0.1670212635,0.692338261,0.002539481,0.0004761527,0.276,0.241,13.0667712008363,33.9736051221743
"17089",0.1004568188,0.0004200834,7.1583714328,50.74,0.1301427685,0.0341018284,10252.58,9.4,0.1555240984,3.6368421251,3.4814899733,0.2031655032,0.103071868,0.1010702034,0.327,0.1356179867,0.9478350143,0.0015436957,0.000487383,0.294,0.165,43.9030158478566,8.67996588396018
"17091",0.0708690208,0.0004148667,10.912796833,55.19,0.0879546161,0.0301597772,10957.8,7.9,0.1713553278,3.9560923965,3.7228291691,0.185543977,0.1100401445,0.107507388,0.346,0.1699726457,0.8262038449,0.000969697,0.0005297419,0.315,0.275,58.6886252415263,10.2328885036507
"17093",0.048337882,0.0003648008,5.188277735,50.52,0.0599481358,0.0260490895,10240.41,9.5,0.1203366832,3.1325071873,3.1007255643,0.2065225037,0.0877928664,0.0915022983,0.307,0.1364887134,0.9258035839,0.0006674907,0.0002637,0.304,0.201,24.6345425013535,9.74553329723877
"17095",0.0597089947,0.0006609514,13.024630159,53.98,0.073442482,0.022492343,9386.18,7.6,0.168790697,3.9540368134,3.8028500573,0.1789506589,0.1146674162,0.1130406721,0.323,0.170731901,0.6912451105,0.0007298008,0.0004417216,0.298,0.26,58.91950688905,16.8341448254429
"17097",0.0809189162,0.0010924692,7.3020698669,48.82,0.1033628244,0.0292518992,9798.72,8.9,0.1330665024,3.2789353476,3.3292985095,0.1891575499,0.0925531067,0.0954385218,0.309,0.1355980651,0.969668582,0.0020505228,0.0004523629,0.252,0.19,46.3036830366126,9.84781806913642
"17099",0.064889997,0.0003503005,13.383273603,63.73,0.0781942889,0.0299308371,9912.14,8.2,0.1427185479,3.5156141984,3.5944927814,0.189009367,0.1019267748,0.1038483745,0.317,0.1653846858,0.754503002,0.0007371383,0.0003595797,0.283,0.234,72.0253529242293,20.4071833285316
"17101",0.0592934493,0.0002425565,20.010915045,96.52,0.0714198659,0.0283048212,11272.06,7.8,0.1518116651,3.7429869821,3.611080127,0.1994586698,0.1071074863,0.1055311599,0.335,0.1694228545,0.444365235,0.0018160906,0.0003026818,0.272,0.229,66.8192034341021,60.7447303946383
"17103",0.0549203519,0.0008096229,14.168401573,41.76,0.0651589435,0.0276343336,8770.52,8.5,0.1388132784,3.5888315509,3.5197485781,0.2006113986,0.101451811,0.102201633,0.307,0.1594368939,0.708501013,0.0028213617,0.0003166835,0.305,0.262,52.1386501882785,12.5518972675485
"17105",0.0568801454,0.0005453901,17.997872979,44.25,0.0677119399,0.0306430209,9392.92,8.5,0.1326482339,3.4488915418,3.4630665138,0.1940676151,0.0975199298,0.1012884055,0.322,0.1485048728,0.6660590501,0.0007651109,0.0005276627,0.332,0.27,62.1062106210621,14.4014401440144
"17107",0.0477933997,0.000339052,18.308808571,60.95,0.056362541,0.0262525738,9817.81,7.4,0.1413467047,3.6450553627,3.6007217693,0.1953278185,0.1029989344,0.1049780927,0.32,0.1594100482,0.6534235275,0.0005715054,0.0003025617,0.309,0.221,61.9599625987135,25.9105298140075
"17109",0.0684585943,0.0004787285,15.95761657,70.91,0.0794130824,0.0316337923,9174.71,7.3,0.154160484,3.8823228096,3.7930439894,0.2143412329,0.1131995381,0.1136653642,0.329,0.1683653259,0.6772047099,0.0014115433,0.0004391468,0.305,0.228,42.4587884384719,13.7991062425034
"17111",0.0595395548,0.0005466206,6.4423136366,52.94,0.0732313794,0.0269032844,10252.59,8.9,0.1246990582,3.1534786611,3.3222343237,0.2139741249,0.0898332014,0.0941811251,0.31,0.1326911418,0.9485036922,0.0013830899,0.0002147857,0.308,0.201,36.8911602269891,11.3928583053937
"17113",0.0469455354,0.000594805,11.665107469,41.16,0.0563219918,0.0226208851,8468.59,7.6,0.1251848845,3.3709922535,3.4177556174,0.2166642165,0.0983462259,0.1009177809,0.319,0.1426930565,0.8341884273,0.0019878089,0.0004998248,0.303,0.235,35.9861058992197,12.1236613457264
"17115",0.0585281324,0.0009412598,16.495344958,57.02,0.0730241949,0.0219521119,9650.08,7.2,0.1557376538,3.7672167263,3.6705063608,0.1707252459,0.1087521952,0.1096565476,0.323,0.1755503921,0.8323793875,0.001162898,0.0009690817,0.293,0.253,70.4524787168338,12.4145336945963
"17117",0.0605392157,0.0002823325,17.591486589,65.33,0.0726890136,0.0279968454,10533.53,8.1,0.1303839328,3.5193351472,3.5816084468,0.189757063,0.099269609,0.1034105706,0.313,0.1529531353,0.6145713388,0.0002798528,0.000322907,0.288,0.225,75.1412511018308,15.1727526263312
"17119",0.0559285428,0.0004845817,13.485644738,63.63,0.0692942759,0.019799552,10086.21,7.4,0.1383342106,3.7566474392,3.5063065406,0.1918210961,0.1035611276,0.1028989282,0.321,0.1592905097,0.8811506153,0.0012905162,0.0003751501,0.356,0.252,45.8343351767252,16.279955117416
"17121",0.0638623203,0.0004173296,22.431466653,117.69,0.0775246361,0.0296689915,12025.36,7.1,0.1474640906,3.8736395365,3.8027434952,0.1848601886,0.1121880211,0.1128475737,0.313,0.1731787922,0.6308796308,0.0015296466,0.0005963029,0.286,0.259,40.851803563668,27.8139939156888
"17123",0.053304442,0,23.368385912,55.24,0.0605355064,0.0344,10034.35,8.4,0.1266936552,3.3773199102,3.4687023649,0.187081487,0.0950064088,0.0999691576,0.298,0.1402884891,0.6600474684,0,0.0002497087,0.3,0.24,77.9184638931404,91.8324753026297
"17125",0.0656449081,0.0002189621,16.787095832,59.16,0.0789440603,0.0306122449,10608.65,7.3,0.1410566595,3.7574622009,3.6800146642,0.1823576583,0.1063587665,0.1081429516,0.315,0.1609223858,0.5445247511,0.0002878112,0.0002878112,0.309,0.259,60.8183720138179,41.3564929693962
"17127",0.061908042,0.0002031694,21.671407287,121.51,0.0762209578,0.0254872564,10442.17,7.7,0.15330088,3.8839600164,3.7788351605,0.1768478647,0.1106110598,0.1117073557,0.319,0.1641039527,0.6673796098,0.0018114727,6.70916e-05,0.287,0.264,67.6757878589637,24.8144555482867
"17129",0.0484126984,0.0004018001,15.268402443,53.76,0.0567289467,0.0273588215,9369.68,8.9,0.1246150214,3.5560251356,3.4900416043,0.2003309049,0.0963850586,0.100832097,0.303,0.1456585337,0.62180244,0.0002386635,7.95545e-05,0.296,0.22,71.9424460431655,79.9360511590727
"17131",0.0507606085,0.000189179,20.179089419,57.89,0.0603192075,0.0270722858,9423.37,8.2,0.1140267485,3.1851512677,3.3390925448,0.1966763677,0.0901951086,0.0966654968,0.296,0.1394879569,0.461908239,6.27156e-05,0.0003135779,0.311,0.232,61.0102455136432,75.736856499695
"17133",0.0390751853,0.0003542017,14.463236813,68.3,0.0457339205,0.0226199354,10005.88,8.9,0.098781927,2.8698869242,3.085295982,0.2148427763,0.0805094013,0.0886950639,0.296,0.1296077449,0.7095002579,0.0010082439,0.0002668881,0.328,0.22,85.5718065487022,11.803007799821
"17135",0.0578455303,0.0004844626,16.264101322,69.01,0.0694831518,0.0280103026,9904.97,7.6,0.1395968442,3.6929074564,3.5829669856,0.1967490938,0.1028236905,0.1044270189,0.327,0.1591818047,0.4510364071,0.000647161,0.0007152832,0.302,0.287,64.2135559403273,13.7600477014987
"17137",0.0531644595,0.000488113,15.791891581,61.41,0.0638518059,0.0236051502,9645.48,7.3,0.1433574155,3.6718263664,3.6837071868,0.1885127247,0.1044790006,0.1070282554,0.319,0.1577621612,0.6695361071,0.0007443671,0.0003435541,0.288,0.216,59.5959013399466,17.3020358728877
"17139",0.07175,0.000267899,18.08318264,83.96,0.0878475551,0.0361979167,10755.99,8.8,0.1353337265,3.653365739,3.6437077262,0.1901021606,0.1041644065,0.1070735576,0.308,0.1555003977,0.5757106291,0.0003369953,0.0002021972,0.279,0.228,121.08980827447,24.666442426281
"17141",0.0630873117,0.0005420159,14.905437581,65.53,0.0760083404,0.0309429059,9411.6,8.6,0.1372987239,3.508672345,3.4600523722,0.2033699447,0.0986800814,0.1015862171,0.301,0.1533443723,0.6551769258,0.0009599693,0.0002111932,0.342,0.245,57.4130579226794,16.1272634614268
"17143",0.0577895983,0.001176022,13.424909113,46.28,0.0709753551,0.0257672201,8535.07,7.3,0.1547768726,3.8059866186,3.6251414775,0.1740019265,0.1082885468,0.1068430018,0.344,0.1721823942,0.7715047133,0.0019005013,0.0011210822,0.326,0.205,71.2564408302987,11.816394710552
"17145",0.0568916473,0.0005106067,27.851274196,81.13,0.0686361224,0.0261707989,10913.99,7.3,0.1536396723,3.8087645842,3.6287034891,0.1971498285,0.1072509006,0.1062738305,0.32,0.1705466501,0.37950783,0.0005075674,0.0004614249,0.312,0.245,41.8137892585021,17.0352474756861
"17147",0.0481575794,0.0004271679,18.917434552,67.54,0.0557727928,0.0292973814,10671.96,9.2,0.1067588659,3.0357097452,3.2604072992,0.2025288846,0.0856480038,0.093389287,0.301,0.1359116135,0.5366728436,0.0003043028,0.0003651634,0.298,0.222,40.5038681194054,60.7558021791081
"17149",0.0690104167,0.000437801,13.759459628,78,0.0830594901,0.0350344828,10454.48,7.9,0.1384168415,3.6281953647,3.6410501802,0.1856269965,0.1043282113,0.1067229886,0.314,0.1601173843,0.4065124772,0.0008113843,0.0007489702,0.303,0.277,135.526782177186,22.935301599216
"17151",0.0726509525,0,16.564126834,91.53,0.0810488677,0.0395738204,10467.92,7.9,0.1317382806,3.5259704751,3.5296056977,0.1906920107,0.0994933107,0.1020630137,0.314,0.14968775,0.9774049217,0.0002338634,0.0002338634,0.286,0.232,7.89951812939411,7.89951812939411
"17153",0.0722783389,0,22.895385699,53.18,0.0873161765,0.0333333333,8963.02,6.4,0.2090470408,4.5711387421,4.23074684,0.1501343185,0.1346179323,0.127773703,0.359,0.1963121207,0.3351728615,0,0,0.288,0.232,40.9069658719028,40.9069658719028
"17155",0.0575939515,0.0001771793,12.402551382,33.37,0.0653133274,0.0370689655,9621.85,8.7,0.1231414235,3.2801072871,3.3858520889,0.1951891043,0.0929257601,0.0979957963,0.298,0.1418755639,0.1283716284,0,0.0001719986,0.279,0.214,70.3028882769934,46.8685921846623
"17157",0.0533993227,0.0004261537,19.481310118,84.1,0.0635580636,0.0274203431,10859.78,8.3,0.1398817912,3.5101848106,3.4876378968,0.2035888363,0.1016656316,0.1021687664,0.322,0.1628590377,0.609780141,0.0006997475,0.0004563571,0.284,0.248,65.0790099855606,19.3203310894633
"17159",0.0572507078,0.0004367085,23.707031006,80.45,0.0689767543,0.0282225237,9663.87,8.3,0.150887858,3.9344730591,3.8201818141,0.180983601,0.1119951971,0.1123884882,0.307,0.1663440226,0.6549005113,0.0024905049,0.0003113131,0.292,0.212,129.112869637651,95.7934194085798
"17161",0.0641305379,0.0005748188,14.165178296,54.23,0.0794616805,0.0257555456,9253.78,8,0.152531941,3.721967923,3.7032030823,0.1786116603,0.1056317059,0.1072353269,0.318,0.1523816519,0.8397245605,0.0009584905,0.0005682479,0.289,0.204,81.2394159915786,16.2478831983157
"17163",0.062836222,0.0005907927,11.475012498,61.42,0.0787292132,0.0225868577,9881.19,6.5,0.1600212456,3.8809940298,3.9047047345,0.1754899974,0.1132849246,0.1126023564,0.37,0.1642841876,0.8263323163,0.0007639362,0.0005644849,0.332,0.262,50.5968153026977,9.96795114442173
"17165",0.0610845626,0.0007332573,22.405083917,114.88,0.0742821035,0.0248529691,10436.7,6.1,0.1655198676,4.1278350447,3.9969528136,0.1801564128,0.1211403694,0.1199061103,0.327,0.1820463612,0.7049733071,0.0012189176,0.0009751341,0.287,0.271,66.6966120843372,17.6950195325793
"17167",0.0500987392,0.0011876485,19.978662587,42.24,0.0608109235,0.0226378794,9387.18,7.8,0.1429997009,3.5578186195,3.5462726107,0.2102400305,0.1010755174,0.1045750248,0.323,0.1609324765,0.7692553111,0.0017839465,0.0011608215,0.286,0.245,62.331151463018,14.4487305278155
"17169",0.0699537202,0.0001422071,25.597269625,53.48,0.0830206379,0.0293706294,9437.87,8.1,0.1402851015,3.6408429256,3.6093045964,0.1874800307,0.1039009266,0.105380988,0.311,0.1574263236,0.5001325557,0.0006821282,0.0006821282,0.319,0.23,46.9814423302795,61.0758750293634
"17171",0.0551104637,0,17.674783975,70.69,0.0640475404,0.0313315927,9483.1,8.5,0.1380570866,3.6076533295,3.6597012246,0.1889049574,0.1036512907,0.1069807511,0.306,0.1575493185,0.0487394958,0,0.0001921599,0.295,0.279,84.6960714053033,65.1508241579256
"17173",0.0602016435,0.0002755454,18.369690011,71.7,0.0716211929,0.0302272253,9490.49,8,0.1304816746,3.4936635526,3.5880756115,0.19058365,0.0990080025,0.1038673404,0.312,0.1494627818,0.4865626258,0.0002267779,0.0002267779,0.294,0.229,59.5056454073848,15.2578577967653
"17175",0.0603408567,0.0001727713,24.187975121,39.91,0.0703149857,0.0374501992,8961.06,7.9,0.1306784404,3.4981992252,3.5536032334,0.1819602282,0.0992532999,0.1035698499,0.301,0.1476343755,0.4446112779,0,0.0003440564,0.292,0.25,161.132531507165,126.604131898487
"17177",0.0591974462,0.000437168,16.393800957,58.63,0.0715984047,0.0268965517,8187.92,8.1,0.1478732665,3.8363930265,3.7750940749,0.1774339521,0.1086121211,0.1097149271,0.332,0.1547309795,0.7562197397,0.0013782707,0.0003876386,0.348,0.284,86.3520260071984,13.0616509926855
"17179",0.0436165255,0.0004821958,13.649851632,50.38,0.0531445664,0.0205609809,9091.25,8,0.121980748,3.1570865279,3.3231785433,0.20222322,0.0911393433,0.0971149224,0.309,0.1367446692,0.8455396842,0.0013779687,0.0002579086,0.327,0.251,65.9435108621558,13.0899103958587
"17181",0.0711233432,0.0007467831,16.659007353,78.2,0.0848288712,0.0340729002,10052.97,8,0.1493557628,3.8195685257,3.705184349,0.180589635,0.1085787854,0.1095693227,0.313,0.1624647285,0.5682839173,0.001031696,0.0010890124,0.331,0.25,38.4120460176311,49.9356598229205
"17183",0.0616976829,0.0004540753,13.874523852,79.14,0.0784011602,0.0230757397,10161.1,7.5,0.1685993061,3.8721335314,3.8736712133,0.179630903,0.1124197936,0.1125709347,0.342,0.1756673805,0.6561837672,0.00194411,0.0008905278,0.353,0.279,54.824330194289,16.8690246751658
"17185",0.0582743078,0.0004332005,22.52642523,83.1,0.0688288817,0.030880671,9568.13,8.5,0.1359333779,3.6179290829,3.6000928447,0.1904585754,0.1017500718,0.104834806,0.314,0.1514032064,0.6188164393,0.0027708027,0.0004329379,0.317,0.232,98.3142006188012,83.8562299395657
"17187",0.0772596952,0.0004564386,14.83425572,69.68,0.0937830408,0.0383554776,9282.72,8.5,0.1563295173,3.7561811862,3.7073678135,0.1831645862,0.1084478729,0.1094753177,0.31,0.1583408952,0.6638052748,0.0002237887,0.0003356831,0.283,0.259,53.0514030201406,11.3681577900301
"17189",0.0521022974,0.0002102313,28.030833917,55.93,0.0608210257,0.028283485,10731.42,8.6,0.1214256693,3.381804203,3.4599638179,0.2011236111,0.095248856,0.0998870323,0.302,0.1474626543,0.4607909758,0.0005579968,0.0004882472,0.294,0.233,44.4330113888824,11.6928977339164
"17191",0.0639517115,0.0003653413,28.009498874,93.59,0.0762127163,0.0336200156,10026.2,7.9,0.1373500546,3.6595852809,3.6580561943,0.1877787791,0.1043048181,0.1071867301,0.312,0.1595725693,0.3289379475,0.0005440368,0.0006044853,0.288,0.256,72.9305943843442,10.1292492200478
"17193",0.0588448307,0.0002791931,29.315278844,97.8,0.0708651559,0.0289035501,10455.55,7.3,0.1321766286,3.553640364,3.6220589904,0.1859390153,0.1006139598,0.1053932232,0.306,0.153236522,0.4623934538,0.0009044107,0.0002782802,0.288,0.228,102.342241760287,27.9115204800781
"17195",0.0640966502,0.0005956657,14.891641409,51.57,0.0793080344,0.026083046,9642.36,8.3,0.1395768644,3.5953279495,3.5156479174,0.1888912981,0.1019024435,0.1035771105,0.297,0.1476837627,0.7788642347,0.0009494339,0.0008263591,0.33,0.265,74.4907355813503,18.7693192016001
"17197",0.0602441587,0.000555828,6.4749593678,63.7,0.0745593348,0.0283498418,10908.29,8.9,0.1359000196,3.4809398669,3.4518141875,0.2250167568,0.0951420666,0.0956373907,0.355,0.1408001341,0.940427416,0.000798052,0.0004114272,0.314,0.224,35.4473911738421,9.79531192491942
"17199",0.0551272023,0.00084487,19.268965108,79.45,0.0675924035,0.0227452532,10238.6,8,0.1411602967,3.6716009654,3.6741628281,0.1935447427,0.1048426953,0.1073525192,0.312,0.161491753,0.6224814262,0.0017609838,0.0012834288,0.276,0.235,61.8707742261204,23.7583773028302
"17201",0.0721434967,0.0007663422,10.101784184,54.35,0.0897785459,0.0285012916,9465.73,7.6,0.1578607206,3.8783048704,3.848013673,0.1875504543,0.1113324593,0.1106208097,0.335,0.166173634,0.8920397201,0.0012684462,0.000762454,0.344,0.264,70.3429975635321,14.5096942169002
"17203",0.0424513643,0.0005608382,16.315293038,46.4,0.0515714918,0.0227340415,8547.32,9,0.1179738908,3.3792882947,3.3076582423,0.207751667,0.091135356,0.0953698097,0.307,0.1376313216,0.6798055038,0.000229668,0.0002551867,0.281,0.232,50.1897000527417,28.0722051142454
"18001",0.1307247064,0.0003430532,16.580903373,61.12,0.1522764615,0.0933572711,8424.82,8.3,0.1651228989,3.8938835806,3.9832817414,0.1641257653,0.1164283695,0.1191787933,0.326,0.1789945073,0.5630034606,0.0001437153,0.0003161737,0.333,0.274,32.380027237317,39.9988571755093
"18003",0.1195190251,0.0006595196,11.507667255,52.45,0.1379482365,0.0779665481,9379.3,7.3,0.1492772217,3.5336146598,3.8599709425,0.1855104047,0.1109657996,0.1177798561,0.337,0.1783267162,0.8182501288,0.0014210834,0.0010658126,0.316,0.223,56.6632753183462,12.2197159232855
"18005",0.1022220919,0.0007515833,10.965722875,50.56,0.1123416753,0.0787589499,9367.27,7.8,0.1401918891,3.4831347733,3.6148433377,0.166931921,0.104092654,0.1084096889,0.342,0.1721641129,0.6203479438,0.0013089495,0.0004861812,0.298,0.259,52.3105185331636,14.4162846351238
"18007",0.123059867,0,17.279115309,33.03,0.1364626659,0.0949868074,8582.47,8.5,0.1642657238,3.9528934588,4.0322740771,0.1618490043,0.1171495611,0.1199294795,0.349,0.1822899731,0.4601310142,0.0001149425,0.0001149425,0.327,0.275,19.2078675425454,23.0494410510545
"18009",0.1042163058,0.0005691982,21.141649049,91.56,0.1181531402,0.0702683616,11203.87,8.2,0.1575828963,3.8612340188,4.1038304975,0.1543964671,0.1163095035,0.1215587584,0.353,0.1769115301,0.5610214633,0.000241916,0.0006451093,0.358,0.274,56.9908814589666,43.4216239687364
"18011",0.0737706404,0.0020049255,11.682242991,47.73,0.0826867309,0.0558596174,10155.66,8.9,0.1240618354,3.2735184468,3.7171737912,0.1887913335,0.0944901727,0.1045862127,0.306,0.1487988164,0.8052259887,0.0007752564,0.0009044658,0.293,0.201,56.3418846623699,15.7967900922533
"18013",0.126633425,0.0004006143,11.350737798,47.05,0.1359190173,0.1004991681,8971.71,8.5,0.1481359783,3.7386253422,3.8843382251,0.1546228873,0.1109403718,0.1160783897,0.343,0.1774798711,0.5120062984,0.0004010159,0.0002673439,0.299,0.27,51.2809078950302,13.3776281465296
"18015",0.1168036586,0.0002014504,14.605157131,36.24,0.1287272108,0.0879402348,9590.61,8.7,0.1474483671,3.5849085943,3.8304751331,0.160704984,0.1077550135,0.1130223831,0.331,0.1642014174,0.6193004217,0.0006023189,0.0003513527,0.307,0.285,41.841704463673,8.36834089273461
"18017",0.1468338155,0.0004212854,14.218383844,52.34,0.1643774328,0.103859497,9904.01,8.7,0.1763620464,4.076062995,4.0226112246,0.1565377691,0.1205655632,0.1207725643,0.359,0.1846890182,0.7144176975,0.0016910349,0.0004943025,0.351,0.28,59.4597903167983,19.2369909848465
"18019",0.1066704944,0.0004333845,9.8811659776,73.7,0.1228286451,0.0651111921,11868.89,7.9,0.1713016995,3.7948304545,4.0046581977,0.1593972617,0.110820774,0.1154780485,0.364,0.1932502331,0.8373702736,0.0016978523,0.0006213789,0.374,0.272,67.1172005184225,17.9364932419922
"18021",0.0987161852,0.0004527789,17.356525676,65.89,0.1132669774,0.0622704774,10197.87,8.2,0.1602630805,3.8702785881,3.9363999617,0.1559569234,0.1156002345,0.1186789926,0.35,0.1814585173,0.6709929342,0.0005270687,0.0003011821,0.358,0.283,31.4964597979187,21.4175926625847
"18023",0.1288361749,0.0002759974,14.719862615,70.23,0.1468273092,0.0907006077,9564.24,8.8,0.1677870884,3.897816536,3.986714271,0.1597100256,0.1162285913,0.1188060399,0.348,0.1776252755,0.6249398026,0.0002135709,0.0002135709,0.362,0.31,95.051205003986,18.3970074201263
"18025",0.1204833412,0,7.6314032243,64.48,0.1328682416,0.0877192982,10295.56,7.7,0.1893092339,4.3949830066,4.3270824721,0.1471064486,0.1331914407,0.1317850976,0.347,0.2150600405,0.6720806497,0.0003754106,0.0004692633,0.344,0.275,69.4510212456988,50.5098336332355
"18027",0.1677079195,0.0004862335,15.802589193,73.26,0.1946849315,0.1169305725,10986.08,8.2,0.1609836755,3.8561094937,4.0012500577,0.1638920717,0.1148834977,0.1187305467,0.354,0.1806945677,0.6310983316,0.0008249565,0.000519417,0.351,0.318,59.8353007991562,11.1557340473003
"18029",0.0851419436,0.0005055101,12.536649479,52.25,0.0953970426,0.0607304406,10145.23,8.1,0.1438128674,3.443862025,3.8123107772,0.1770758861,0.1018037975,0.109522259,0.353,0.170897076,0.7106519871,0.0012523734,0.0001211974,0.364,0.237,57.3193429180266,16.8586302700078
"18031",0.0978084416,0.0004524716,13.197089099,70.57,0.1104965351,0.0686187518,8993.75,7.9,0.1446678393,3.6441585933,3.8843876903,0.1638456433,0.1091301505,0.1150368625,0.355,0.1672619617,0.6233877234,0.000377017,0.0003393153,0.332,0.348,51.4797282874829,15.067237547556
"18033",0.1011157795,0.0005635258,15.731761723,82.21,0.1112152452,0.0777197324,9980.65,7.8,0.1536115806,3.8320944045,3.9199043428,0.1614926753,0.1128126095,0.1168386051,0.354,0.1882221983,0.6935793288,0.0004718873,0.0003539155,0.314,0.224,48.5444494902833,17.2254498191328
"18035",0.1103647261,0.0009670352,13.949269161,60.57,0.126911694,0.0585335246,9705.21,6.9,0.1826235535,3.9966391189,4.4494844586,0.1572636109,0.1257112848,0.1323391637,0.358,0.2102367082,0.7675043129,0.0021610264,0.0005893708,0.333,0.248,44.6314898048517,13.4466668001797
"18037",0.0991965477,0.0007771838,15.543675373,31.66,0.1091111376,0.0774813837,8890.3,8.8,0.1362948533,3.3867646091,3.7592500565,0.1686242792,0.102411719,0.1099032274,0.317,0.1660099837,0.7260139894,0.0010154682,0.0005195419,0.334,0.192,44.7557279479891,17.2741406115046
"18039",0.1617908237,0.0005406096,12.728899024,44.98,0.1813794988,0.1217811435,8711.44,8,0.1778489114,3.814664093,3.9877244521,0.1516212138,0.1191888622,0.1214306633,0.35,0.1852573812,0.6616150112,0.0010645093,0.0004307549,0.324,0.239,36.6038218986058,11.4899889367821
"18041",0.1217590374,0.0005547495,18.349406845,57.01,0.1432971546,0.0662361624,9729.17,7,0.1737592355,4.1339817678,4.2140318164,0.1461158226,0.1254852427,0.1280229433,0.373,0.2030460987,0.6392470239,0.0005539458,0.0005539458,0.381,0.299,51.2579556618684,19.9336494240599
"18043",0.0878522597,0.0005861054,10.940634036,64.46,0.099340277,0.0598123746,10677.1,7.7,0.1470591192,3.6476273507,3.7378167135,0.164935264,0.1080451606,0.1117016701,0.335,0.1736551448,0.9215720454,0.0010501582,0.0004200633,0.312,0.273,57.4045323487586,14.7860159080136
"18045",0.1078807002,0.0002410946,13.862937737,80.21,0.1218008984,0.0740835031,10304.18,7.8,0.1482272895,3.8016845047,3.9217228953,0.156605628,0.1115059546,0.1155614299,0.335,0.1691883493,0.6120649652,0.0004802497,0.0002401249,0.341,0.306,76.4049462149392,22.1172212727456
"18047",0.1088741306,0.0007869885,11.804826863,54.02,0.1204475647,0.0819272917,8336.85,8.2,0.1472853663,3.752085132,3.8147001187,0.1627424815,0.1088143475,0.1132683421,0.328,0.1761797293,0.4560142071,0.0002180169,0.0002616203,0.353,0.275,48.1604179740518,17.5128792632915
"18049",0.1380753138,0.0005906965,19.197637214,61.69,0.1539250021,0.1009940358,8675.29,8,0.1592516258,3.8412056955,3.9373196084,0.163469716,0.1138041836,0.1174270875,0.351,0.1730619032,0.3691687464,0.0006341463,0.0003414634,0.374,0.263,57.4203497719592,9.84348853233586
"18051",0.0858474546,0.000296077,17.764618801,72.93,0.0974137064,0.058024238,10884.47,8.5,0.1387917147,3.656885517,3.8211940613,0.1641291586,0.1062888057,0.1121481536,0.366,0.1624079284,0.6451959526,0.0002665956,0.0003850825,0.31,0.257,36.5479024467339,25.6823098274346
"18053",0.1062322112,0.0004560232,16.91698907,62.52,0.1246601524,0.0580009644,10007.85,7.2,0.1848988302,4.1882839591,4.2727930798,0.1475974176,0.1248592178,0.1267673841,0.38,0.1854184132,0.4533049771,0.0017354781,0.0006125217,0.391,0.312,43.2464309408556,12.7773545961619
"18055",0.1211196705,0.0003082519,15.104343269,73.6,0.1370327835,0.0799731183,9806.78,7.8,0.1566522049,4.0122169946,3.9869454408,0.1574403976,0.1146883022,0.1168813984,0.334,0.1769806859,0.4322930801,0.0005500214,0.0001833405,0.342,0.317,54.4270779847604,16.4308159953994
"18057",0.0640358244,0.0014142856,9.8160460063,33.02,0.0731779551,0.0469533539,9281.21,8.8,0.1041286823,2.8826256624,3.1388025985,0.1693231536,0.085014357,0.0949664142,0.297,0.1275086516,0.9135991317,0.001159859,0.000508884,0.261,0.14,31.3343591477485,10.9831774332314
"18059",0.0755832037,0.0008135687,11.031439603,39.52,0.0837324375,0.0571253755,9237.44,8.2,0.1278523218,3.2343483807,3.6070439596,0.1760056586,0.0951475844,0.1043636111,0.344,0.1509897603,0.6431387675,0.000514046,0.0003056489,0.35,0.248,66.9064913044474,19.2470728410054
"18061",0.0968647066,0.0005305978,9.0959624034,72.86,0.1079220725,0.0689841889,10738.65,8.5,0.1415347874,3.6751017624,3.9304155304,0.1683112487,0.1067625519,0.1145196525,0.352,0.1717404156,0.3358652576,0.0002035675,0.0001781216,0.358,0.253,51.3887601829777,11.7941416813391
"18063",0.076090903,0.000556286,8.8500050571,40.39,0.0832144254,0.0612894855,9531.98,8.6,0.1209169547,3.18824468,3.4430770697,0.184894647,0.0923885534,0.1006120512,0.32,0.1518063477,0.772688521,0.0008009945,0.0003972933,0.318,0.203,62.7556027275522,15.3730167755413
"18065",0.1073230601,0.0003674594,15.310809431,63.56,0.12379988,0.0650506581,9943.02,8.1,0.1606319022,3.8730602512,4.0494922394,0.1605250514,0.1160587981,0.1190598214,0.367,0.1858182179,0.6616392382,0.0007551791,0.0005918971,0.358,0.253,71.6718657210531,17.7473191309274
"18067",0.0970513013,0.0005814235,15.625757062,46.41,0.1137184116,0.0550792414,10372.92,7.2,0.1732805564,4.1684978774,4.1312569936,0.1586291231,0.1223902402,0.122805968,0.364,0.1848663926,0.7331424014,0.0015063508,0.0004820322,0.329,0.278,60.4580300355493,12.4946595406802
"18069",0.1079204584,0.0006006006,18.018018018,67.04,0.1198141845,0.077309117,9256.91,7.8,0.1524585978,3.7436430523,3.9413202021,0.165561641,0.1098944476,0.1160563821,0.347,0.1797394782,0.8236181446,0.00054487,0.0004086525,0.339,0.285,79.2811839323467,11.8466136910403
"18071",0.1125328707,0.0004992171,14.295763462,46.91,0.1275706086,0.0775137772,8857.38,8.1,0.1619499405,3.8316293347,4.1006944529,0.1549732819,0.1149990088,0.1197087138,0.365,0.1798942929,0.6708278271,0.000709301,0.0005491363,0.298,0.287,46.286811293982,16.6936040732394
"18073",0.1044639255,0.0003884075,16.731401255,69.63,0.1173915292,0.0755758157,10971.78,8.6,0.1418940776,3.5428229377,3.7087241077,0.1729462079,0.1040354689,0.1092128206,0.336,0.1637883661,0.5756317582,0.0004182226,0.0003286034,0.326,0.265,49.8117117296619,15.9397477534918
"18075",0.1130449767,0.0002840775,21.305809384,51.22,0.1341826605,0.0668573472,8984.33,7.5,0.1635606458,3.9935757133,4.0737408061,0.1549237902,0.1213205543,0.1238151466,0.336,0.1877363672,0.3785818473,0.0007082487,0.0003305161,0.345,0.279,26.8367379155748,47.358949262779
"18077",0.1055811735,0.0005552813,13.573543929,63.39,0.1208779443,0.0637054354,10124.2,7.7,0.1698447627,4.1177534842,4.109621922,0.1560301935,0.1191882956,0.121613407,0.361,0.1922546261,0.692241273,0.0008001477,0.000707823,0.326,0.273,75.0041098142364,28.7686996547756
"18079",0.1076909923,0.0004659999,8.2446141162,63.16,0.1243560135,0.0668022074,8192.68,7.2,0.1676881894,3.9915875364,4.0091224531,0.1642941305,0.117701725,0.1199867424,0.353,0.1874355677,0.5326205083,0.0007142857,0.0004642857,0.325,0.32,60.9646763492917,28.6892594584902
"18081",0.0948334306,0.0008487433,8.8215834742,42.2,0.1089812765,0.0633784688,9148.57,7.9,0.1306020024,3.3877597239,3.6520282977,0.1735235272,0.1004432372,0.1069325719,0.343,0.1681790001,0.8699929827,0.0006100123,0.0005151215,0.294,0.201,73.0263406901435,12.2452705425545
"18083",0.1075077743,0.000896459,18.456508556,64.78,0.1241702641,0.0630930376,11439.46,7.5,0.155092453,3.7435392961,4.0157011313,0.165306736,0.1140490332,0.1192684846,0.336,0.1796970037,0.6980228928,0.001423375,0.0006062523,0.341,0.297,40.4897499317836,19.364663010853
"18085",0.1262451344,0.0004324599,17.298397354,59.18,0.1390851537,0.0966917293,8992.87,8.4,0.1563250942,3.7153899258,3.8217574476,0.1752453816,0.1076814238,0.1117877092,0.336,0.1832661784,0.7016339616,0.0013619469,0.0002545695,0.364,0.239,49.9415937293673,13.120249200088
"18087",0.2597008712,0.0002834394,9.0185266304,55.55,0.2690734055,0.2414281455,8414.29,8.8,0.1650606346,4.0254350371,4.0841539706,0.1675449173,0.1193128277,0.1224301458,0.354,0.1909453859,0.3204858867,0.00028619,0.00028619,0.368,0.268,40.3936229642044,10.3132654376692
"18089",0.1155919375,0.0005554815,9.8592848431,71.06,0.1409876291,0.0533978981,12090.9,7.1,0.2080782443,4.2608475452,4.053804472,0.1514503867,0.1271683057,0.1227095216,0.417,0.1843305589,0.9147407788,0.0014544253,0.0004814087,0.348,0.269,58.677308275823,14.4131688547132
"18091",0.1091223819,0.0003968111,11.453410772,48.49,0.1273503324,0.0630594469,9684.77,6.9,0.1814933919,3.9429143323,4.1342422156,0.1713825058,0.1212014822,0.1219661932,0.374,0.2029498617,0.7280002153,0.0006729837,0.0004486558,0.366,0.252,57.7716395410765,12.3366521936674
"18093",0.119895102,0.0003297066,16.705132432,54.23,0.1367048893,0.0761621206,9511.24,7.9,0.1669187147,4.1280052538,4.0256853161,0.1576715753,0.1162560475,0.1187814637,0.35,0.1925053468,0.7650106212,0.0005251182,0.000284439,0.342,0.306,75.3381071849148,15.3601966105166
"18095",0.1063228854,0.0004933589,14.338243796,65.12,0.126423259,0.0543934494,10311.49,7.1,0.1725199808,4.3676625684,4.2851350858,0.1554222441,0.1283492144,0.124337579,0.38,0.1991158552,0.7059618949,0.0009610284,0.0004151643,0.368,0.294,40.6077802450859,17.7337774488034
"18097",0.1367816672,0.0008029648,11.565248876,49.34,0.1671658459,0.0603870219,9781.97,6.6,0.1785136969,3.6680370921,4.2342890868,0.1761237037,0.1202567502,0.1309540883,0.384,0.2087031961,0.8982856852,0.0022392461,0.0009783322,0.323,0.25,51.5901270993131,14.7095816936058
"18099",0.1355460496,0.0004695136,16.00614636,50.2,0.1533500405,0.0966482265,9091.47,8.4,0.1672793045,3.8916564492,3.9697250804,0.160983953,0.1155108381,0.1180892099,0.368,0.1787754129,0.6333978024,0.0007429894,0.000551935,0.384,0.294,37.0054084827783,18.5027042413891
"18101",0.113600771,0.0001955799,17.602190495,63.84,0.1269867827,0.0811913505,9633.54,8.4,0.1557546812,3.8931478911,3.9847182597,0.1586197364,0.1142790246,0.1183888127,0.366,0.1774766397,0.6134120379,0.0001960208,0.0004900519,0.375,0.292,32.6797385620915,32.6797385620915
"18103",0.118750233,0.000250962,15.057721265,58.06,0.1416302311,0.0633811603,9818.71,7.4,0.1748302405,4.190846729,4.0383398156,0.1564010519,0.1231427986,0.1212596295,0.378,0.1971785769,0.555483294,0.0004450131,0.0003059465,0.335,0.27,39.9260903072452,12.0706784649811
"18105",0.1228294065,0.0006150444,9.674855741,28.11,0.1351217635,0.0788171193,7815.52,7.1,0.1580488088,4.1229615939,4.2888848696,0.2018660349,0.1253239236,0.127228757,0.336,0.194678164,0.880455738,0.0020301523,0.0006139292,0.254,0.2,55.3582137749689,14.300871891867
"18107",0.1302988865,0.0003662333,13.341355586,47.32,0.1498594359,0.0825445741,9454.14,7.9,0.1632191324,3.9182916944,3.9615831954,0.1678179629,0.1143361254,0.1171188539,0.354,0.1750995601,0.6359773371,0.0008126671,0.0002621507,0.271,0.261,43.688344823368,13.9802703434778
"18109",0.0986934604,0.000502527,10.050539858,51.9,0.110725336,0.0689675692,9270.72,8.2,0.1336643627,3.5481415847,3.8461087024,0.1739887982,0.1044144031,0.1123622574,0.369,0.170571264,0.6392283798,0.0004161107,0.0002726242,0.324,0.279,65.0596300211922,13.3946297102455
"18111",0.1227961918,7.13878e-05,12.13592233,68.73,0.1336119403,0.0950871632,10350.59,8.1,0.1765668776,4.0048061457,4.0570316691,0.1537975363,0.1188084667,0.1208226919,0.344,0.1867366157,0.3539736029,7.06414e-05,0.0002825657,0.363,0.316,92.6629918266489,71.2792244820376
"18113",0.1191877869,0.0002932981,12.150922842,79.21,0.1338487729,0.087405038,8918.24,8.7,0.1665709527,3.8647053974,3.9909297695,0.1614670297,0.1152216743,0.1179989562,0.352,0.1775768036,0.5781302592,0.0007770171,0.0001680037,0.332,0.245,53.1509416808286,10.4903174370056
"18115",0.0979808714,0.0003368137,16.8406871,78.55,0.1043526786,0.0822837951,9501.73,NA,0.1295534913,3.3867283068,3.6508098448,0.166617326,0.0980780512,0.1059430721,0.333,0.1556278645,0.6759138381,0.0001657001,0.0001657001,0.348,0.285,55.8503211393465,100.530578050824
"18117",0.1135376676,0.000510074,15.812292782,43.43,0.1281803825,0.0783778105,10131.19,7.6,0.1794841178,4.1299744703,4.2419058551,0.1482041489,0.1244194432,0.1273346509,0.35,0.199681007,0.6339717742,0.0004585754,0.0004585754,0.341,0.299,32.442031212649,18.7822285967968
"18119",0.1221881993,4.79111e-05,8.6239938674,47.78,0.1369314542,0.0830697871,8892.33,8.2,0.1634431431,3.9603385023,3.9908470089,0.1565163442,0.1164629544,0.119201549,0.356,0.1997543359,0.4470451912,0.0006676522,0.0004768945,0.364,0.274,33.50297538329,25.5260764825067
"18121",0.1288303666,0.0001775043,15.383705106,59.94,0.1458309505,0.0891035963,9106.33,7.7,0.1746632155,4.168253832,4.2839013532,0.149328015,0.126424183,0.1293089419,0.354,0.1990029428,0.3298921506,0.000580282,0.0001740846,0.337,0.311,11.7799505242078,11.7799505242078
"18123",0.0946839278,0.0004651884,12.405024035,77.75,0.1069811321,0.063623118,9719.48,7.6,0.1575484991,3.9282923372,3.9452880542,0.1675691398,0.1145425771,0.1159348416,0.348,0.1865714749,0.8471403454,0.0006168397,0.0001028066,0.344,0.269,46.7394879429432,20.7731057524192
"18125",0.0976748808,7.94029e-05,18.262664761,57.73,0.1055351557,0.0783555868,10577.15,8.5,0.1439267974,3.5755331046,3.8186761298,0.1593748278,0.1065968721,0.1131670674,0.344,0.1713273075,0.1299338264,0.000396071,0.000396071,0.378,0.291,34.5294695742251,29.2172434858828
"18127",0.0872635615,0.0005963456,9.4222603883,66.7,0.1012073552,0.0515359485,11099.63,8,0.1507643097,3.7456412039,3.8648961592,0.1739055721,0.1063526559,0.1110671726,0.345,0.1554997425,0.8278052609,0.0012988101,0.0003710886,0.339,0.242,53.3274964929212,15.9186556695287
"18129",0.0743883468,0.0002743807,13.327061775,97.5,0.0819249129,0.0564502739,10728.77,8.2,0.1322482371,3.3995818525,3.8048409038,0.1675071133,0.0989406386,0.1087872127,0.321,0.1615407917,0.4771130838,0.0001566171,7.83085e-05,0.3,0.249,49.6550282249634,15.6805352289358
"18131",0.1222479722,0.0004655132,24.051516797,70.37,0.1355683184,0.0896506262,10237.85,8.4,0.1571493395,3.9295070594,4.0372260343,0.1585751821,0.1162837813,0.1197272414,0.344,0.1767946371,0.3530816296,0.0003084754,0.0003855942,0.309,0.282,25.9632360577422,31.1558832692907
"18133",0.0978597841,0.0003192763,13.569243049,64.53,0.1108388217,0.0649795703,10179.14,8.3,0.1431149742,3.6042325151,3.7175354328,0.1893542263,0.1051955227,0.1096383029,0.35,0.1857872615,0.488475621,0.0006645755,0.0003455792,0.316,0.308,55.930894272854,23.0825912872096
"18135",0.118748448,0.0001986334,19.466073415,56.88,0.1385182096,0.0711579641,8843.12,7.6,0.1707749191,4.0433486485,4.2293475097,0.1459615404,0.1229526959,0.1260387914,0.356,0.183323353,0.3321233426,0.0001969745,0.0003939489,0.349,0.263,66.1043390888178,13.2208678177636
"18137",0.1013228976,6.9684e-05,17.072575868,63.72,0.1139741131,0.0728458443,9126.93,8.6,0.1374609586,3.3798074482,3.840771458,0.1653732975,0.102405047,0.1112320035,0.334,0.1655324806,0.7169824415,0.0003509141,0.0005614626,0.342,0.263,67.4073729719678,15.1085491144066
"18139",0.1210716126,0.0004198656,22.792706334,84.95,0.1371753247,0.0806492518,10030.61,8.1,0.1623500305,4.0711366069,4.151914354,0.1582505968,0.1205473476,0.1229646972,0.334,0.1889738197,0.3204346826,0.0007103955,0.0004143973,0.314,0.27,45.8048712484815,25.8897098360982
"18141",0.1145376258,0.0009573798,11.287396486,47.72,0.1377674484,0.0587958179,9120.42,7.1,0.1733419133,3.7620783189,3.9915228526,0.1692318126,0.1159003999,0.1212549701,0.368,0.1840697058,0.8166230224,0.0018982281,0.0005231337,0.323,0.242,66.1947342275211,14.7789369100845
"18143",0.1143031785,0.000421159,12.21361186,96.82,0.1323070522,0.0664253394,11056.24,8,0.172714096,4.1420690474,4.1741211854,0.1552052304,0.1215475698,0.1239468535,0.374,0.1950073599,0.4702865886,0.0003373819,0.0003795547,0.335,0.335,74.4528418509258,75.8576124518866
"18145",0.1064112291,0.0001798642,11.466342911,70.36,0.1231283671,0.0641086523,10483.46,8.2,0.1530750431,3.7178554922,3.862941013,0.1586262743,0.1108578126,0.1152983882,0.333,0.170531305,0.5374021064,0.000762691,0.0004935059,0.367,0.292,44.9839182492259,17.2438353288699
"18147",0.1051376803,0.0003379194,15.930485156,47.63,0.1134553813,0.0853305785,8806.95,8.8,0.1358545946,3.4468126914,3.7588979748,0.1701242675,0.1011187504,0.108925454,0.317,0.1603097958,0.5039137075,0.0001442238,0.0002884477,0.34,0.245,53.085387040731,16.0864809214336
"18149",0.1251324433,0.0003049046,10.018294277,62.44,0.1435319767,0.0776230269,10253.1,8.1,0.1709551027,4.2441518971,4.2339843246,0.155832998,0.1238646804,0.1257469076,0.337,0.1936911814,0.5451782733,0.0001300165,0.0002166941,0.358,0.281,28.9682942019959,15.9325618110978
"18151",0.1156349382,0.0003491214,15.710462004,60.08,0.1256125613,0.08977288,9039.57,8.1,0.1420495281,3.7234865144,3.8115468069,0.1720306492,0.1065443537,0.1111767611,0.325,0.1654314474,0.485768612,0.0006703976,0.0001165909,0.317,0.317,68.0960348651699,10.7008054788124
"18153",0.1130304413,0.0005256116,12.901376147,98.27,0.1293908404,0.0703378066,11006.2,7.8,0.192631414,4.4810791695,4.243966305,0.1566760389,0.1294772989,0.1260643404,0.368,0.2038687274,0.303701979,0.0002850356,0.0001900238,0.325,0.313,15.9286396941701,19.1143676330041
"18155",0.1325578717,0,7.6016723679,56.68,0.1519237093,0.0887334315,10006.03,7.9,0.1849741037,4.3689821527,4.2582842308,0.1517845179,0.1304654594,0.1295155627,0.341,0.2051265808,0.1881654575,0.0001913509,0.0001913509,0.353,0.301,38.0916103228264,44.4402120432975
"18157",0.1259837373,0.0007103419,10.116991164,43.84,0.1429377012,0.0790167474,9759.32,7.2,0.1776741376,4.1787888732,4.0878622923,0.1703523363,0.1263973878,0.1236443368,0.365,0.1863516642,0.7180923718,0.0012071621,0.000502529,0.299,0.212,41.4752252858828,8.97732149045082
"18159",0.1026991442,0.000262003,16.375188315,54.14,0.1129949805,0.0758069292,11345.06,8.5,0.1367477433,3.5347717101,3.7705668483,0.1587140623,0.1035040973,0.1099069483,0.34,0.1581982611,0.3778237952,0.0002594875,6.48719e-05,0.323,0.196,111.19832548404,10.9017966160823
"18161",0.1114329528,0.000278474,12.531328321,61.53,0.1225433526,0.0839926963,8778.49,NA,0.1505226951,3.7296048022,3.9444371437,0.1606631062,0.111021971,0.1168755451,0.339,0.174478934,0.5578765301,0.0001380072,0.0005520287,0.33,0.305,27.7264325323475,27.7264325323475
"18163",0.0981351682,0.0008852136,14.405339873,64.57,0.1161901093,0.0496206634,10584.51,7.6,0.1731672319,4.3646694411,4.269971516,0.1761001142,0.1252857558,0.1231010278,0.364,0.1849686409,0.8553279578,0.0016977462,0.0008955749,0.344,0.272,67.9980352050205,19.2447269448171
"18165",0.097615086,0.0003186337,14.65715014,81.31,0.1104334568,0.065397351,9701.22,7.8,0.1446698951,3.6797760007,3.8339170563,0.1588444246,0.1081092657,0.1130828048,0.344,0.1668639364,0.4987663459,0.0004460588,0.0006372268,0.348,0.283,27.6419306825431,21.2630236019562
"18167",0.1105263792,0.0008434048,14.273003633,73.57,0.1313380911,0.0532149797,10926.42,6.3,0.1868897126,4.1783357367,4.108152976,0.1690702964,0.1279826926,0.1276373011,0.367,0.2013033026,0.7428139604,0.0013311763,0.0007950081,0.311,0.27,32.0985672927945,24.9998456799649
"18169",0.1041351385,0.0004045056,19.602962225,50.67,0.1183392167,0.067781944,9660.47,8,0.1580728502,3.8692307916,4.0222526862,0.157088376,0.1149997388,0.1189807918,0.327,0.1704081586,0.5718803211,0.0018293439,0.0001550291,0.342,0.286,96.7218570596555,5.20009984191697
"18171",0.1013901481,0.0001209336,10.88402467,88.16,0.1094073767,0.0821845175,10274.88,8.6,0.1329134713,3.3690035619,3.702764301,0.164762594,0.0995607532,0.1076714911,0.34,0.1679975093,0.4104372355,0,0.0001197318,0.357,0.267,32.2749828539154,32.2749828539154
"18173",0.0768693357,0.0014378726,10.662875422,51.59,0.0858868874,0.0575077842,10806.35,8.3,0.1343228313,3.4923177909,3.6890618192,0.1693577296,0.1003302803,0.107593176,0.335,0.1617554651,0.8125282715,0.0002943629,0.0006704934,0.338,0.249,62.5188634501789,15.6297158625447
"18175",0.1347092094,0.0003234269,7.9059905847,62.72,0.1547923228,0.0832210747,10975.38,8,0.1687414963,4.0615291036,4.0969708648,0.1548876777,0.1208436207,0.1230215361,0.338,0.1917093165,0.4244214847,0.0002869646,0.0001793529,0.365,0.327,67.1664167916042,15.592203898051
"18177",0.1238904556,0.0005820809,16.268413904,51.16,0.1428795237,0.074878593,10159.33,7.2,0.1917928736,4.501895707,4.3873533437,0.1515850832,0.1330540532,0.1310096611,0.367,0.1938266993,0.7274547644,0.0046696517,0.000664982,0.309,0.32,95.905386603061,14.9075730471079
"18179",0.0912589094,0.0007152053,18.952939494,59,0.1011603506,0.069704328,9262.35,8.4,0.1362934015,3.3988663343,3.7298806123,0.1623347525,0.1043210143,0.1114148399,0.326,0.1713914366,0.5293819656,0.0002871294,0.0003589118,0.302,0.238,78.7824529991047,7.16204118173679
"18181",0.123037323,0.0004116412,13.584160046,77.88,0.1375542692,0.0899524779,9483.11,8.6,0.1415557922,3.618477633,3.7574772841,0.1601008853,0.105180756,0.1100004219,0.336,0.1582835567,0.3400154202,0.0004089478,0.0002862634,0.333,0.302,79.7305656746168,6.87332462712214
"18183",0.0980002888,0.0005088906,12.871939173,40.78,0.1092964199,0.0706102117,8533.9,8.7,0.1308925694,3.4965462478,3.7473187419,0.1786123368,0.1010105403,0.1081136469,0.341,0.1624348498,0.6330650006,0.0005688112,0.0001496872,0.354,0.267,62.8378782740529,16.9562528676016
"19001",0.0555156306,0.0004150526,17.985611511,39.13,0.0601726264,0.0465116279,8811.56,8.6,0.1063649252,2.8848109013,3.1189644599,0.1811320372,0.0897568021,0.0962400869,0.26,0.1475232253,0.4444155168,0,0.0006707808,0.335,0.296,142.371635896023,146.964269312024
"19003",0.0770542107,0.0002634352,28.977871444,38.68,0.0852459016,0.0605700713,9819.09,8.6,0.1067783078,2.9270797019,3.1097904898,0.1871863142,0.0887591702,0.095632564,0.261,0.1512595678,0.0476545048,0,0.000516129,0.326,0.232,52.7983104540655,52.7983104540655
"19005",0.0785413745,0.0005041049,20.164194152,41.77,0.0874509804,0.0586206897,7280.27,8.6,0.1234338016,3.1367512765,3.1588045054,0.1869576221,0.0953547144,0.0988426569,0.272,0.1545770721,0.6129797627,0.0002137057,0.0003561761,0.358,0.226,66.972828166858,11.9594336012246
"19007",0.0695786228,0.0006385186,14.366669327,58.62,0.0810119386,0.0404255319,9023.2,7.9,0.1268901195,3.3177261211,3.3661129188,0.1769548829,0.1020812458,0.1054025725,0.273,0.1718428104,0.4670598277,0.0005528789,0.0002369481,0.385,0.332,42.4944226070328,45.1503240199724
"19009",0.0702078522,0.0003464403,24.250822796,43.34,0.0772139931,0.0544272949,8488.45,8.6,0.1134085187,2.954299875,3.1791245093,0.1811889815,0.0909164404,0.0978716043,0.28,0.1493066981,0.6025494362,0,0.001553331,0.341,0.296,110.1768628588,115.975645114526
"19011",0.0520479426,0.0001558968,17.148647595,43.63,0.0596017728,0.0352664577,8156.13,8.6,0.1062596344,2.9386450722,2.9719795314,0.1964730327,0.0868620412,0.0921779293,0.277,0.150903099,0.6459196196,3.89408e-05,0.000623053,0.331,0.242,38.94232641458,15.576930565832
"19013",0.06440653,0.0009066727,12.588512982,45.03,0.0737742629,0.039703154,9569.87,7.1,0.1401843339,3.2799164472,3.4364253124,0.2074247142,0.0998521271,0.105846532,0.306,0.168236644,0.7975665573,0.001060972,0.0009104795,0.313,0.224,52.5978319674595,14.0260885246559
"19015",0.0478272878,0.0004503997,16.514656758,62.84,0.0537012866,0.0329024677,8409.55,8.4,0.1132195644,3.1008385429,3.1535461629,0.1964086227,0.0945338812,0.0992629137,0.266,0.1634673009,0.6749030639,0.0007187985,0.0001891575,0.358,0.205,70.3446889759823,13.8177067631394
"19017",0.0405456004,0.000606747,21.438394952,41.32,0.0454918951,0.029823931,9764.26,8.8,0.1006731382,2.6883489227,2.9882717845,0.2187261851,0.0829659244,0.0915402369,0.264,0.1489474701,0.7542016807,0.0009303831,0.0007281259,0.342,0.226,41.7559030724263,44.4498323029054
"19019",0.0537752161,0.0002848732,11.394929256,48.06,0.0611162556,0.0396645116,9650.62,8.4,0.1056837986,2.8778173429,3.0765284937,0.2004675691,0.0868695779,0.0941157917,0.277,0.1544970911,0.4597766962,0.0010932598,0.0004277973,0.331,0.284,63.399480124263,15.8498700310657
"19021",0.1108203505,0.0004879715,23.422632118,46.13,0.1317538031,0.0652422739,7372.37,8.9,0.1432784837,3.1093743376,3.0224825507,0.1767161489,0.0991089128,0.0976967745,0.268,0.1559886983,0.7056268509,0.0002915735,0.0002429779,0.329,0.24,35.8288682963373,35.8288682963373
"19023",0.0507644735,0.0002011398,20.113979216,45.89,0.0558809175,0.0406119611,9650.01,7.6,0.1032972362,2.8281159559,3.0354948536,0.1934890402,0.0857513458,0.0931202091,0.272,0.1448140637,0.3766731688,0.0005331201,0.0004664801,0.327,0.259,67.0960815888352,76.0422258006799
"19025",0.0638418079,0.0007129762,27.500509269,57.91,0.0712177848,0.0477783086,8722.16,8.4,0.1232746684,3.146254968,3.2102242829,0.177711239,0.0982129393,0.1016570491,0.29,0.1649287793,0.4725956567,0.0002027164,0.0007095074,0.346,0.29,101.591601760921,81.2732814087369
"19027",0.0489634146,0.0008293492,22.441213777,44.25,0.0567443472,0.0324165029,8147.3,8.7,0.1052313526,2.7609232029,3.0265163307,0.2029299361,0.0863293269,0.0943901764,0.267,0.1552640712,0.7051306687,0.0005836008,0.000729501,0.332,0.27,66.6699188578305,58.5394409483389
"19029",0.0643764434,0.0005958144,24.577344157,37.36,0.074598678,0.0407966592,8609.24,7.7,0.122430197,3.2046911536,3.2304637472,0.1889865865,0.099647552,0.103624129,0.256,0.1679209859,0.6587130983,0.00148721,0.000743605,0.352,0.241,84.9320543565148,34.9720223820943
"19031",0.0490776895,0.0002726281,17.448200654,44.04,0.0555917077,0.0343387471,8288.91,8.5,0.1087477888,2.9570031623,3.0559445774,0.1948511014,0.0881092003,0.0933611174,0.268,0.1490415564,0.6896589005,0,0.0004888382,0.362,0.284,52.5314735984059,54.3429037224889
"19033",0.0481884916,0.0016272636,18.829764977,44.91,0.0554160188,0.0290869328,8131.71,8.2,0.1230899817,3.1149625165,3.192124606,0.1930237915,0.0962925235,0.1004138141,0.289,0.1644351062,0.8849403185,0.0019420169,0.0010634855,0.316,0.221,61.0788535731129,18.5556010855027
"19035",0.0604490501,0.0006048039,17.280110593,68.99,0.0681962025,0.0419693301,8085.11,8.4,0.1119496759,2.9676677585,3.1189263473,0.17516382,0.0915510185,0.0974845943,0.267,0.1549180253,0.4903909874,0.00084488,0.001520784,0.336,0.264,103.098688355576,91.6432785382897
"19037",0.0693843937,0.0004959907,22.319583368,43.62,0.0784655623,0.0494283793,9390.98,8.3,0.1150735248,3.0387879684,3.1567935669,0.1935591893,0.0942286063,0.0992940391,0.271,0.1605829149,0.5731972023,0.0004892368,0.0002446184,0.338,0.221,27.4846086191733,32.9815303430079
"19039",0.0680907877,0.0004320121,15.120423372,38.95,0.079371093,0.0436473639,8824.06,8.4,0.1411403877,3.3084288271,3.4174374967,0.1841503102,0.1046835506,0.1071533205,0.308,0.1728163424,0.6516261038,0.0001084952,0.0005424759,0.371,0.227,71.9812848659349,50.3868994061544
"19041",0.0543825004,0.000666384,20.597322348,41,0.0632281296,0.0338114754,7867.77,8.4,0.1170767448,3.0956814026,3.1275137802,0.1874978776,0.0943729477,0.0982205527,0.277,0.1574597167,0.7292254155,0.0019376325,0.0012715713,0.372,0.208,70.9148009320231,12.1568230169182
"19043",0.0641369803,0.000226706,23.237361143,48.91,0.069519791,0.052553297,8056.48,8.6,0.1110045419,2.9058427033,3.1312262542,0.1854168281,0.0920972634,0.0984647358,0.268,0.1566919117,0.531413757,0.0001130454,0.0003391363,0.34,0.235,105.808109435816,88.8032347050599
"19045",0.0470208837,0.0005442974,16.538268297,62.61,0.0553249847,0.0272952854,9578.88,7.8,0.1272507477,3.4197639467,3.4071404459,0.1909658092,0.0996961032,0.1032392165,0.295,0.1689400337,0.6902027852,0.000936505,0.0005202805,0.323,0.271,41.2218433849421,14.672181543793
"19047",0.1231796548,0.0002925003,14.625014625,47.82,0.14351473,0.0793789635,7731.11,8.3,0.1656060091,3.4686328875,3.2702534121,0.1805619288,0.1090890768,0.1066641681,0.295,0.1658780145,0.5503626579,0.0005804504,0.0004063153,0.333,0.272,40.9660177129258,56.5721196988022
"19049",0.0420683734,0.0005990042,8.2363071394,44.04,0.0498468163,0.0273254092,8596.9,9.1,0.1013672757,2.7648952941,2.8866459529,0.2140877318,0.0829354845,0.0880847933,0.265,0.1480406656,0.7445074469,0.0003229974,0.0001421189,0.277,0.193,35.1168565042615,13.6336031134192
"19051",0.1107232617,0.0004561524,15.965332421,41.57,0.1238297872,0.0868390583,9414.82,7.8,0.1418123809,3.5301432724,3.4088724967,0.176322753,0.1104223435,0.1104703291,0.295,0.1877053673,0.442248372,0.0001138822,0.0005694112,0.335,0.228,30.2915562287012,30.2915562287012
"19053",0.0757651781,0.0003649635,9.7323600973,48.85,0.0886907555,0.0460526316,9767.02,7.8,0.152358837,3.5927852401,3.5222513741,0.1875921468,0.1138908766,0.1141734826,0.279,0.185927605,0.3703440937,0.002299407,0.0007261285,0.372,0.288,48.7329434697856,56.8551007147498
"19055",0.055997746,0.0006320749,15.514566454,35.9,0.0635187197,0.0392065344,8244.27,8.6,0.1113332902,3.0282651361,3.2204361115,0.1966541797,0.0932897526,0.1002143028,0.276,0.1609345876,0.6378630939,0.0009196459,0.0007472123,0.376,0.275,36.4487415592388,49.8772252915899
"19057",0.0540634151,0.0007489702,18.724254151,52.71,0.0643735504,0.0295088953,8511.17,7.4,0.1272104715,3.4337688953,3.3207650684,0.1807527071,0.104842787,0.1057871758,0.313,0.1866516503,0.833849969,0.0013662899,0.000546516,0.34,0.248,39.1506801389433,11.6619047222384
"19059",0.0496426352,0.0008181871,22.792355795,37.79,0.055422689,0.0350569676,7058.1,8.6,0.0971473167,2.7430914042,2.9121637261,0.1851299783,0.0837630369,0.0902737053,0.255,0.1399231132,0.8070438591,0.0002952465,0.0001771479,0.309,0.227,40.9444520267504,40.9444520267504
"19061",0.0465125221,0.0007824968,11.943371943,49.57,0.0546335706,0.0278520307,8394.24,8.1,0.1110933701,2.9117033315,3.1403916645,0.2301686578,0.0897154436,0.0973682359,0.283,0.1506600054,0.6979915219,0.0013074608,0.0006537304,0.299,0.238,66.4376346825107,11.0155663722298
"19063",0.0861403275,0.0005118231,25.591155697,64.03,0.0979540105,0.0550458716,8390.12,8,0.1279574155,3.1378628089,3.2129193131,0.1844374923,0.0992184492,0.1019076489,0.284,0.1693018937,0.6902543195,0.0013013013,0.0001001001,0.368,0.232,74.7866879695414,67.9878981541286
"19065",0.062823499,0.0002961939,19.252604038,53.28,0.0712769721,0.0418094585,9574.55,8.4,0.1206705991,3.02093018,3.195756882,0.1958846289,0.095326241,0.1003016241,0.261,0.1751423119,0.6441570881,0.0002457848,0.0007865113,0.344,0.293,67.5965311438652,16.4869588155769
"19067",0.0642880103,0.0003132832,20.050125313,52.07,0.0743624464,0.0412234043,9757.06,8.1,0.1306642469,3.3866318738,3.4233690238,0.1828816382,0.1014309553,0.1040751228,0.283,0.176406016,0.5865178188,0.0001244013,0.0004354046,0.321,0.252,37.5704445835942,10.436234606554
"19069",0.0880835381,0.0003885381,27.197668771,54.8,0.1015960185,0.0562397373,8941.17,8.5,0.1278117762,3.1724777833,3.1964185014,0.1823670757,0.0985111808,0.1014096408,0.272,0.1586647401,0.697659176,9.58222e-05,0.0006707551,0.354,0.256,116.50108410731,129.445649008123
"19071",0.0532093023,0.0001448016,5.7920648711,91.78,0.0590510572,0.0395408163,11712.81,6.7,0.1171691962,3.1269310425,3.1441070375,0.1863417012,0.0932480749,0.0976228643,0.287,0.1554152958,0.4588092998,0.0001424096,0.000996867,0.34,0.26,114.953539611074,95.7946163425616
"19073",0.0604113111,0.0005538939,24.371330453,41.96,0.0703659027,0.0379036032,8229.74,8.3,0.1256714307,3.2229718684,3.2604928867,0.1762503076,0.0982107426,0.1018331796,0.274,0.160062873,0.4229862896,0.0005434783,0.0001086957,0.359,0.291,73.4268301637418,55.0701226228064
"19075",0.0434520217,0.0002412545,27.342179333,29.01,0.0461385576,0.0386521308,8868.64,8.8,0.1013703922,2.8039037743,2.9415507709,0.1964961537,0.0849598555,0.0912112962,0.265,0.1440970509,0.7471292058,8.08081e-05,0.0004040404,0.329,0.242,56.568704037928,67.3436952832476
"19077",0.0618853442,0.0003746722,22.480329712,61.72,0.0680408916,0.0491214058,8707.19,8.4,0.1152837328,3.0374693547,3.1586012263,0.1876984895,0.0936160836,0.0990304512,0.26,0.1619676258,0.1763739273,9.32662e-05,0.0006528633,0.337,0.291,43.7185772725853,40.5958217531149
"19079",0.0547933884,0.0003949967,19.749835418,59.4,0.062536123,0.0373011519,9433.94,8.1,0.1172239608,3.0256305773,3.0696841255,0.1848523977,0.0925688793,0.0966452134,0.286,0.1597954146,0.7093090027,0.0001323014,0.0007938083,0.322,0.221,57.2901747350329,57.2901747350329
"19081",0.0581208362,0.0003644979,32.804811372,48.33,0.0650432554,0.0426923077,9591.58,8.6,0.1101852101,2.9094937331,2.9966148879,0.1965363127,0.0878358952,0.0937440757,0.259,0.1488213936,0.5949210828,9.06865e-05,0.000544119,0.364,0.259,73.0905104153977,97.454013887197
"19083",0.0597676552,0.0005182242,25.33540623,57.12,0.067184265,0.0412026726,9192.32,8.5,0.112580307,2.9025760646,3.0788917528,0.1934964669,0.0908885178,0.096221956,0.259,0.1516188543,0.74124558,0.0004043672,0.0005199006,0.36,0.206,84.7718865598027,88.6251541307028
"19085",0.0616288244,0.0003505082,19.628461269,71.95,0.0700497754,0.0417166867,9852.57,8.3,0.1132543918,2.9157888194,3.1831596011,0.1923297765,0.0902285134,0.0975724378,0.276,0.1552015377,0.4890139335,0.0001396258,0.0002792516,0.343,0.247,124.011418409846,131.03093265946
"19087",0.056084027,0.0007518797,15.538847118,38.92,0.0656575037,0.0342495637,8413.28,7.5,0.122602397,3.1283266141,3.1241685337,0.1832582982,0.096552583,0.1002083249,0.274,0.1653130555,0.7109952842,0.0010387298,0.0002473166,0.341,0.246,51.7183850517184,16.6833500166834
"19089",0.0718683084,0.0004250797,26.567481403,29.14,0.0830751356,0.0488208523,8245.3,7.6,0.1175975895,3.1066643863,3.2269377877,0.1857477919,0.0965941039,0.1017862726,0.291,0.1656633401,0.7084465816,0.0001058313,0.0005291565,0.309,0.269,28.3778510872264,28.3778510872264
"19091",0.0592984778,0.0002093145,18.838304553,38.88,0.0671820357,0.042620009,9008.61,8.2,0.1240504129,3.1657769412,3.3055115037,0.1748797806,0.0988406413,0.1037157548,0.27,0.1647494632,0.6163015792,0,0.0005186722,0.33,0.273,41.8380866048393,62.7571299072589
"19093",0.0609845702,0.000284576,31.303357997,58.78,0.0668940189,0.0507497116,10751.72,8.7,0.1144046139,2.9889195603,3.1478608591,0.1845538757,0.0930665964,0.0988482531,0.273,0.1580079275,0.6363379884,0,0.0008520307,0.322,0.261,66.492519591546,85.4903823319876
"19095",0.0474904344,0.0007926346,18.901286507,45.98,0.0538840549,0.0337668834,8379.06,8.6,0.1035131972,2.8306049164,3.0448095489,0.2001661548,0.0875569474,0.0939366211,0.269,0.1495269159,0.5654539896,0.0002442748,0.0005496183,0.342,0.213,50.9299814614867,24.4463911015136
"19097",0.0666925416,0.0004628677,14.40032915,51.16,0.0753205128,0.0458407871,8783.6,8,0.1217969685,3.0075165938,3.18509334,0.1942771027,0.0946786487,0.0998227788,0.293,0.1567429245,0.6595122934,0.0006159532,0.0003079766,0.313,0.309,65.0707216000548,20.5486489263331
"19099",0.0500262559,0.0004073099,17.107013876,50.87,0.0578831582,0.0319661535,7103.78,8.3,0.1189185816,2.9930836874,3.1145361032,0.1882815134,0.0907830251,0.0957994081,0.292,0.1558039862,0.757695022,0.0008678672,0.0003525711,0.336,0.247,61.5902977166303,9.96313639533725
"19101",0.0748261694,0.0007974936,15.380233552,76.81,0.0803417065,0.058408862,9457.16,8,0.1313801762,3.329086285,3.0406932132,0.176702532,0.1020236334,0.0971550077,0.275,0.1619294041,0.6204951612,0.0009235209,0.0005194805,0.286,0.201,35.8693600151029,28.317915801397
"19103",0.0638610467,0.0018024138,8.8040984118,35.11,0.0733619603,0.0364840815,7443.42,7.9,0.1104668551,2.9128677674,3.1438454383,0.2358096286,0.0947435758,0.0996772316,0.267,0.1687159744,0.8967848902,0.0030923415,0.0020451622,0.247,0.169,32.5571192721983,10.8523730907328
"19105",0.0545045045,0.0004397537,16.124303723,53.61,0.0625448672,0.0359696641,9429.58,8.2,0.1070005152,2.9693182645,2.97546785,0.1888349803,0.0889563043,0.0933538601,0.282,0.1537046437,0.5712762865,0.0003911215,0.0003422313,0.395,0.264,35.8545608631171,42.3735719291384
"19107",0.064857463,0.0001967923,16.727344288,55.46,0.0728801682,0.0472279261,8218.99,7.8,0.1198658319,3.0858598518,3.219604435,0.17971213,0.0958070864,0.1011129042,0.286,0.1677539179,0.2328037294,0,0.0004887108,0.346,0.244,55.7139579851211,55.7139579851211
"19109",0.0535179961,0.0004615892,25.717111771,46.61,0.0593824228,0.0404975412,8790.54,7.6,0.1117862867,3.0031402107,3.01141537,0.1848650751,0.0898916581,0.0946763095,0.251,0.1516594854,0.5755645628,0.0002627776,0.0003284719,0.363,0.25,39.559570119338,61.5371090745258
"19111",0.0543016269,0.0005984782,17.954344666,60.14,0.0631478313,0.0324891277,7991.84,7.6,0.1385209918,3.4258484682,3.4364231315,0.1922318707,0.1037783095,0.1059444467,0.295,0.1857600086,0.7329485249,0.0006518166,0.0004250978,0.375,0.275,37.1463948947519,17.1444899514239
"19113",0.0460680751,0.0006366067,11.458920679,50.37,0.0551872222,0.0244768241,8763.41,8.3,0.1182419693,2.9444209941,3.2970636133,0.2180052446,0.0893503865,0.0967228896,0.275,0.1656097359,0.8746035053,0.001304242,0.0006704906,0.33,0.23,37.0073772083091,14.5602795573675
"19115",0.0819956616,8.94055e-05,14.304872597,40.32,0.0904439428,0.0635268346,7916.48,9.2,0.1302602697,3.0639912231,3.0795929521,0.1858039119,0.0974842409,0.0983287509,0.293,0.1573392643,0.467199438,8.95977e-05,0.0003583908,0.358,0.271,62.7090301003345,68.6813186813187
"19117",0.0711654634,0.0004607233,17.277125086,63.68,0.0803478981,0.052173913,8119.2,7.9,0.1209945214,3.1572160869,3.197154849,0.1805832346,0.0949015462,0.0993175707,0.273,0.1592108181,0.6060912565,0.0009194345,0.0009194345,0.371,0.254,38.4172109104879,38.4172109104879
"19119",0.0583488516,0.0003405705,28.948488719,62.58,0.0638297872,0.0496495327,8441.18,8.9,0.1023052461,2.8554055649,2.9422645255,0.2062799671,0.0844665166,0.0903703216,0.278,0.1537617602,0.3628356791,8.55945e-05,0.0003423778,0.375,0.321,22.7389005741572,0
"19121",0.0531866116,0.0006347997,14.600393576,72.33,0.0598130841,0.0400473934,8151.24,8.5,0.103565904,2.8699769239,3.0444679653,0.1995325256,0.0866820998,0.0940922702,0.268,0.1507891257,0.5209515913,0.0005125248,0.000320328,0.369,0.262,65.6640542257996,55.0730777377674
"19123",0.0534800978,0.0006271278,19.709729439,62.77,0.0634050881,0.030952381,7673.35,7.7,0.1201774765,3.1549251309,3.200444508,0.1803489422,0.0987067894,0.1020032635,0.289,0.1755360382,0.65957732,0.0010281627,0.0005364327,0.315,0.243,44.8598130841121,8.97196261682243
"19125",0.0402996935,0.0009310987,20.424100439,54.56,0.0464374527,0.0278812643,8300.6,8.5,0.108957575,2.9107853452,3.0723441937,0.1945658537,0.0874043836,0.0948120036,0.265,0.1584164515,0.7152121048,0.0008991458,0.0007492882,0.331,0.238,34.0517586731832,14.0213123948402
"19127",0.0870004903,0.0005890149,13.252834634,24.44,0.1052678098,0.0478687899,7967.36,8.6,0.1360921997,3.2817199947,3.2639813596,0.170746584,0.0998685379,0.1001119983,0.282,0.162115903,0.7086203503,0.0009298684,0.0006606959,0.343,0.263,91.8605032643286,9.84219677832092
"19129",0.0476705491,0.0006063056,12.12611156,61.88,0.0538326507,0.0348773842,9664.24,8.7,0.113521196,3.1463993408,3.1499223286,0.1866782217,0.0925637722,0.0969641218,0.27,0.1703166542,0.5297164486,0.0004719844,0.000404558,0.355,0.263,29.1172979147535,22.3979214728873
"19131",0.0751950816,0.0001846381,22.156573117,25.32,0.084083574,0.0570581697,7327.65,8.3,0.1107060822,2.9677102166,3.1285253739,0.1800552037,0.0906804469,0.0973091421,0.267,0.1473284478,0.6683370453,0,0.0003710919,0.327,0.209,55.6001729783159,64.8668684747019
"19133",0.0672632364,0.0008909678,16.705646509,82.08,0.0771134021,0.043899949,10437.95,8,0.1300740104,3.3661952811,3.3438867146,0.167968646,0.1021463246,0.1051715375,0.28,0.1652470333,0.3892675538,0.000222321,0.0011116052,0.335,0.302,48.3756930748335,74.4241431920515
"19135",0.070323488,0.0005016932,13.796563401,41.12,0.0814489572,0.0461775269,8179.55,7.7,0.1213861042,3.1510866512,3.2835485024,0.1915761574,0.0984797043,0.1031964953,0.273,0.1768017428,0.6781681305,0.0002499688,0.0002499688,0.305,0.26,83.8785438684784,67.1028350947827
"19137",0.0662251656,0.000586281,25.405511042,81.48,0.0774428274,0.0394402036,10408.58,7.7,0.136354926,3.374868765,3.352181355,0.1676821195,0.1056509068,0.1080925864,0.288,0.1759737041,0.7672253259,0.0004798004,0.0003838403,0.324,0.266,74.4818652849741,74.4818652849741
"19139",0.0661437472,0.0005114971,11.15993583,50.61,0.0784857245,0.0388997686,8692.2,8.6,0.1396135424,3.2716111312,3.2282115607,0.185963985,0.0993690227,0.1006200781,0.315,0.1578298639,0.6588606855,0.0004661679,0.0006759434,0.341,0.212,76.0550700793146,13.1932264423301
"19141",0.0608624454,0.0005720824,30.034324943,67.31,0.0682462014,0.0454277286,9147.91,8.2,0.1088384465,2.9554781782,3.0164597186,0.1854375188,0.0889237057,0.0940027122,0.26,0.1479874219,0.7442005834,0.000284576,0.0008537279,0.322,0.24,97.4797907750832,95.1022349025202
"19143",0.0795477903,0.0004874878,27.624309392,62.53,0.0879697058,0.0624161074,8302.89,8.8,0.1094487383,2.864155466,3.014583681,0.1856781718,0.0886139795,0.094428305,0.284,0.1509786509,0.3200247601,0,0.0003216468,0.334,0.277,70.5142113256672,54.241701019744
"19145",0.0670056292,0.0007728473,27.049655439,61.88,0.0782308735,0.0375123396,9604.99,7.2,0.1292521336,3.1929531397,3.2198959398,0.1851762245,0.1011278291,0.1036019656,0.283,0.1806348469,0.7704619633,0.0008389262,0.0010325245,0.411,0.24,94.7989830654544,88.3354160382643
"19147",0.0597421203,0.0005474652,21.898609438,43.29,0.0676873489,0.0432921028,8751.81,8,0.1199464145,3.1903810736,3.2106266022,0.1821228593,0.0962389321,0.100162662,0.278,0.1554157176,0.5645897463,0.0006594131,0.0007693153,0.351,0.233,117.306352872173,18.329117636277
"19149",0.0497117801,0.0004032258,18.548387097,52.65,0.0564912281,0.0360881112,8399.41,9,0.1022166686,2.7619510231,2.9372656318,0.1931368937,0.0859785358,0.0927029565,0.298,0.1502698747,0.7469382854,0.0008040524,0.0004020262,0.337,0.256,36.060581777386,8.01346261719689
"19151",0.0612548874,0.0002853881,32.819634703,63.08,0.0681937862,0.0468085106,7781.48,8.1,0.1367807264,3.4868066231,3.4176882178,0.1714801454,0.1029443091,0.1051143063,0.268,0.1705935603,0.6674418605,0,0.0002801905,0.349,0.277,71.3198934956257,66.5652339292507
"19153",0.0571917571,0.0009642707,12.208393645,40.94,0.0680188408,0.0323563408,7835.52,8.3,0.1213976319,3.0907501766,3.3178161687,0.2107879014,0.0920686793,0.0993559161,0.288,0.1536562494,0.9166960803,0.0018331586,0.0009285394,0.294,0.193,35.3876733888977,15.0540304134222
"19155",0.0593854523,0.0005017561,10.462149438,58.12,0.0708945745,0.031905556,8804.24,7.6,0.1259767239,3.3660099981,3.3668367664,0.207088472,0.0992707699,0.1003336488,0.292,0.194547142,0.8293651646,0.0014066661,0.0006442745,0.369,0.242,45.2955086114965,17.832877406101
"19157",0.0577705452,0.0009703504,18.867924528,40.45,0.0662632375,0.0367936925,7018.44,8.2,0.1147113056,2.9949660773,3.1385197009,0.1849349924,0.0915648626,0.0974548153,0.281,0.1472568631,0.5995558845,0.000803514,0.000803514,0.311,0.221,60.9854531757278,68.1602123728722
"19159",0.0854655764,0.001183899,21.704814522,55.65,0.0964912281,0.0634662327,10320.34,8.5,0.1205598242,3.112148496,3.1917663774,0.1756477913,0.0960533606,0.1008541359,0.271,0.1518468854,0.4305203664,0,0.0005939418,0.338,0.272,32.9228945808916,32.9228945808916
"19161",0.0633501749,0.0005987426,28.939227622,86.23,0.0709206928,0.047761194,9396.31,7.9,0.102387974,2.7508955408,3.0518936791,0.1826266654,0.0856831106,0.0942197649,0.26,0.1446734981,0.7344927536,0.0005979073,0.0005979073,0.348,0.279,83.5226513430442,83.5226513430442
"19163",0.0503812239,0.000883074,10.922231389,56.5,0.0608439079,0.025425128,9512.64,8.2,0.124272231,3.0436042639,3.1404286665,0.2078389452,0.0945051757,0.097158928,0.315,0.1663198468,0.8821055053,0.000881047,0.0005718053,0.321,0.221,58.3348030086029,14.9228565835961
"19165",0.0547766547,0.0005869037,20.122411336,55.6,0.0616178479,0.0399709302,9518.58,8.1,0.1167363275,3.0230920955,3.2661341296,0.1757443938,0.0940571337,0.1007096941,0.272,0.1536698329,0.6043396071,0.0004184801,0.0005021761,0.318,0.238,64.4709180098108,67.2740014015417
"19167",0.0762506773,0.0007728196,27.764261385,49.3,0.0875781462,0.0563728012,8973.85,9.2,0.1057875719,2.8764270752,2.9623119096,0.197810586,0.0875881473,0.0935918205,0.244,0.1450048431,0.6809874199,0.0006631873,0.0005190162,0.28,0.189,37.3148608825443,41.1420261012668
"19169",0.0499042095,0.0007081784,13.122129534,48.22,0.0564018462,0.0300707547,7866.34,7,0.1182929355,3.3676928902,3.129771762,0.2269802359,0.1037007174,0.1028176324,0.282,0.1548355548,0.9028612271,0.0015413562,0.0004039416,0.277,0.186,51.5349044515015,9.05342916039891
"19171",0.0820157389,0.0002307204,14.996827594,32.46,0.0920314254,0.0599391243,8711.79,8.3,0.1264914394,3.223757661,3.1954869929,0.1957902024,0.0964858659,0.1006433623,0.28,0.1736763137,0.5361062644,0.0003438198,0.0004584265,0.342,0.271,44.1399428099871,53.7355825512887
"19173",0.0853808354,0.0001611604,20.950846092,61.05,0.0940594059,0.0671052632,9753.14,8.6,0.1375751463,3.3203671264,3.3506354179,0.1765623873,0.1040117669,0.1062816089,0.284,0.1740858238,0.2591419978,0.0001627869,0.0003255738,0.338,0.243,53.8677009265245,75.4147812971342
"19175",0.0635180822,0.0006415911,16.841767584,38.12,0.0748709122,0.0368474923,7874.07,7.9,0.1267733298,3.3174503236,3.28536254,0.1885250251,0.0997625186,0.1032672294,0.273,0.1662566873,0.8244774214,0.001198466,0.0003994887,0.389,0.248,37.4281513166689,34.7547119369068
"19177",0.0786321819,0.000953159,8.1699346405,94.15,0.0870307167,0.0587219344,10084.02,6.6,0.1247457903,3.2437684999,3.2364408187,0.1779013479,0.0985782543,0.1023976276,0.27,0.1770198696,0.3282694848,0,0.0012051419,0.336,0.256,27.1702214373047,36.2269619164063
"19179",0.0864614087,0.0007392034,14.21544935,51.1,0.1024528938,0.0452751049,8912.81,6.4,0.1512547786,3.6155637424,3.5336482014,0.1910885744,0.1122389348,0.1107321144,0.327,0.1911791663,0.7381894737,0.0009087811,0.0010791776,0.346,0.296,19.9303387208519,18.0322112236279
"19181",0.0375140678,0.0005552585,12.33907786,40.08,0.0428458838,0.0270462072,7784.43,8.7,0.1080261518,2.7298395226,3.1134952348,0.2014462589,0.0840720334,0.0935983914,0.252,0.1455840995,0.6994267171,0.0002085245,0.0002293769,0.327,0.187,30.7643926083419,12.3057570433368
"19183",0.0658019262,0.0007191981,21.126444015,37.86,0.0747094188,0.0475117045,8246.32,8.8,0.1163208044,2.9808172492,3.0409795794,0.1984598072,0.0904446565,0.0957344514,0.263,0.1551786185,0.6702911906,0.0004531038,0.0003171726,0.324,0.196,97.6005285444007,9.00927955794468
"19185",0.0821305143,0.0007830854,20.360219264,65.07,0.0914168136,0.0636822194,9722.69,7.1,0.1328761376,3.3549690008,3.2272364594,0.1815292614,0.0992961966,0.1020507481,0.283,0.1677218675,0.3738872404,0.0001563722,0.0014073495,0.379,0.276,5.19966722129784,5.19966722129784
"19187",0.05829692,0.0004316042,14.836395026,45.39,0.0682030367,0.0343902439,7624.09,7.6,0.1300710552,3.3137037242,3.243299098,0.1969706907,0.1003757734,0.1023773896,0.306,0.1712922289,0.7062320785,0.001731836,0.0009741578,0.341,0.262,58.6669073514148,18.953923913534
"19189",0.0541271989,0.000471298,21.67970591,38.7,0.0587932808,0.0442880795,8489.01,8.3,0.1107336865,3.0688893405,3.1369234246,0.1839171623,0.0920545109,0.0974841993,0.261,0.1507613516,0.626725566,9.47059e-05,0.0003788238,0.336,0.248,97.4873423692569,113.211107267524
"19191",0.0443020904,0.0010140519,20.763919069,24.08,0.0478839839,0.0367466928,7827.04,8.6,0.0962260581,2.7171086054,2.8950652054,0.219659413,0.0841087761,0.0910468423,0.271,0.1414746984,0.6699278116,0.0019741911,0.000770416,0.321,0.225,61.2527805538541,67.7004416647861
"19193",0.0833401269,0.0006615944,14.010235255,48.66,0.1019169168,0.0437860799,8738.26,7.9,0.1410801273,3.3222460391,3.4435870158,0.1893914326,0.1044201972,0.1071281563,0.319,0.1887226019,0.9159456603,0.0013200223,0.0008017913,0.353,0.264,67.2444710101614,11.3698380935055
"19195",0.0585398304,0.0002642357,23.781212842,41.19,0.0647191011,0.0429522081,7809.49,8.5,0.1187174649,3.1261823358,3.165286922,0.1955806022,0.0944664839,0.0988103573,0.27,0.1606920357,0.3227165043,0,0,0.344,0.289,65.8906215681968,52.7124972545574
"19197",0.0751334475,0.000548031,29.750254443,50.85,0.0871055262,0.0485500163,9235.46,8.7,0.1298174162,3.1897165823,3.2233118092,0.1776077681,0.0968020324,0.1000364926,0.266,0.1611455484,0.7971124046,0.0003115265,0.0007009346,0.324,0.278,62.5130235465722,67.7224421754532
"20001",0.093418259,0.0006290792,16.513328615,84.26,0.1127257336,0.0465511383,11406.24,6.2,0.1717510993,3.4192946399,3.2866076586,0.1438141219,0.103248465,0.1040141971,0.304,0.1876624373,0.5259142921,0.001394376,0.0008521187,0.384,0.277,99.113197704747,83.4637454355764
"20003",0.1141304348,0.0003842213,14.088114754,64.22,0.141489107,0.0572576595,11331.85,7.3,0.1541859326,3.5445050614,3.1971700585,0.1540962793,0.1047220647,0.1026425328,0.294,0.1806913719,0.5191310787,0.0002537105,0.0003805658,0.353,0.302,38.2685602517221,38.2685602517221
"20005",0.0885167464,0.0003658983,17.685083547,60.54,0.1086193227,0.042640637,9268.88,7.2,0.1507414903,3.2488406317,3.2580022924,0.1598597003,0.1021829103,0.1042317527,0.315,0.1771566211,0.6512644765,0.0012717253,0.0004844668,0.432,0.324,50.7191982309144,40.5753585847315
"20007",0.108101068,0.0006220195,37.321169397,72.41,0.1217391304,0.0763765542,11400.3,8.2,0.1350189639,3.0849061647,3.0619787207,0.1597674697,0.093074778,0.094666175,0.289,0.1696283223,0.5200576013,0.0002042067,0.0008168266,0.317,0.278,48.5841199333704,69.4058856191005
"20009",0.1283473955,0.0005534443,21.768807881,54.83,0.1561991539,0.0641957005,10363.91,7.6,0.1611833148,3.6370707668,3.3267212297,0.1530513148,0.1085906451,0.1039119239,0.312,0.1846584733,0.6283153863,0.0015336863,0.0010589739,0.39,0.246,70.1426233341127,18.4585850879244
"20011",0.1059511524,0.0005437738,19.032082654,67.4,0.1309896159,0.0519957983,9267.83,7,0.1797199238,3.6960755997,3.5648870274,0.1415626017,0.1149333015,0.1109862989,0.301,0.196534725,0.4393330258,0.0008123477,0.000947739,0.363,0.299,70.2931906305979,74.8282351874107
"20013",0.1133888533,0.0011252046,22.504091653,114.3,0.1389146138,0.058637084,10976.67,7.8,0.1520331691,3.5312531285,3.252804352,0.1441903419,0.1036672041,0.101841611,0.313,0.2029786132,0.4376001603,0.0025471218,0.0009169638,0.335,0.307,47.8223740392827,40.9906063193851
"20015",0.086280031,0.0007191981,12.88563252,42.76,0.1044386423,0.0475661875,9847.42,7.9,0.1297821244,2.9721984691,3.0838333399,0.15044551,0.0897839019,0.0931833392,0.322,0.1678509805,0.6838797814,0.0010569707,0.0004529875,0.354,0.265,58.502047571665,20.5007175251134
"20017",0.0988612836,0,14.930944382,45.56,0.1131254532,0.066552901,8821.06,5.2,0.1460500822,3.1830468325,3.1475795073,0.1564084153,0.09748237,0.0983998375,0.297,0.1625939127,0.2093189964,0,0.000371471,0.304,0.243,12.4378109452736,12.4378109452736
"20019",0.1573482428,0,23.515579071,38.3,0.1840087623,0.0873239437,10870.58,6.6,0.158303889,3.4463180085,3.3934549753,0.1446928837,0.1048640899,0.1050402531,0.299,0.1821600125,0.3990188062,0,0.0025854639,0.353,0.323,48.7471970361704,97.4943940723408
"20021",0.1133449708,0.0002435104,16.071689475,53.87,0.1384758364,0.0529656814,11051.23,7.7,0.1764118921,3.9743912633,3.3974115421,0.1426115842,0.1136473682,0.1055970827,0.33,0.1942106415,0.2542239504,0.0011545678,0.0011545678,0.386,0.293,53.601013546438,16.2427313777085
"20023",0.136293237,0.0007465472,33.59462486,70.64,0.1526772793,0.0996563574,10852.7,8.7,0.1303235509,2.9883444218,3.0236978804,0.1375680658,0.0902037639,0.0927960596,0.279,0.1459261426,0.5601614087,0.0003713331,0.0014853323,0.342,0.268,62.2432466077431,62.2432466077431
"20025",0.125076266,0.0009541985,38.167938931,147.32,0.1410714286,0.0963636364,12722.28,5.6,0.1660424722,3.4037434728,3.3087353962,0.137639584,0.1063186149,0.1053735843,0.304,0.1749431355,0.4121896163,0,0.0018656716,0.347,0.294,15.8428390367554,15.8428390367554
"20027",0.0771853689,0.0011980352,29.950880556,54.7,0.0893569845,0.0516732283,10331.03,7.9,0.1330699006,2.9408319242,3.0476281385,0.1475668282,0.0877264689,0.0921252626,0.27,0.157963732,0.5537199766,0.000360707,0.0008416496,0.328,0.292,60.4668037247551,64.4979239730721
"20029",0.1003610108,0.0004338865,33.626206747,79.48,0.121703854,0.0490148967,10223.94,7.2,0.1621007033,3.6163038495,3.281613581,0.1454058035,0.1062207775,0.1029593837,0.29,0.1776973026,0.5858596454,0.0015982952,0.0007458711,0.373,0.298,104.489442963176,108.092527203286
"20031",0.0772788304,0.0009541985,17.891221374,70.02,0.0917506686,0.0423469388,8473.63,7.4,0.1406058345,3.3439098086,2.9663273623,0.1512458273,0.0930716797,0.0913669004,0.295,0.1607474433,0.4848273457,0.0011858176,0.000474327,0.334,0.272,91.0891089108911,75.2475247524752
"20033",0.1300813008,0.0010851872,65.111231687,90.95,0.1447513812,0.1038135593,8329.64,8.5,0.125445501,2.8472456181,2.8861832927,0.1471640801,0.085055602,0.0888391825,0.279,0.1429441037,0,0,0.0015353122,0.308,0.283,141.367732814985,0
"20035",0.1108407,0.0005309042,17.324242763,51.66,0.1368121249,0.0514259535,9020.4,6.9,0.1706002774,3.5301786704,3.2789250109,0.1405512089,0.1045993604,0.1029256252,0.315,0.1839467822,0.4979207403,0.0009732225,0.0004449017,0.383,0.256,63.2534603363596,15.8133650840899
"20037",0.1086820346,0.0007904735,12.494581432,55.69,0.1304439746,0.0489174018,10403.55,6.3,0.1793155155,3.8333222917,3.4068667832,0.1614590786,0.119359105,0.1088532761,0.322,0.1907851545,0.7279092349,0.0018579791,0.0014252991,0.331,0.255,71.3854730562331,15.2968870834785
"20039",0.1097964979,0.0003410641,37.517053206,60.33,0.1250818599,0.074796748,12481.98,7.5,0.1427462782,3.220937009,3.218207359,0.1425630859,0.0963114506,0.0977969468,0.278,0.1568563006,0,0.000343879,0.0006877579,0.353,0.322,69.1881918819188,69.1881918819188
"20041",0.0959045469,0.0004144434,23.83049267,69.29,0.1175344214,0.0457118893,9891.58,8.1,0.1597342006,3.2059728032,2.9903806992,0.1589199631,0.0940149941,0.093952869,0.284,0.1782105846,0.6266072694,0.000154687,0.0006703104,0.34,0.279,84.8323263101401,19.0439916206437
"20043",0.0969243558,0.0002565089,19.238168526,52.68,0.1128921456,0.0576036866,9135.11,6.4,0.1470289348,3.1465744618,3.1535602074,0.1642250214,0.0947659313,0.0964925482,0.301,0.1812484526,0.2658275645,0.0001270003,0.0002540005,0.361,0.285,42.8540818512963,42.8540818512963
"20045",0.0982411906,0.0008470772,10.588464503,33.1,0.1147408458,0.0450361321,8421.32,7.3,0.118015236,2.9505713948,3.2443178678,0.2223190765,0.0921038668,0.0967113733,0.269,0.1536063526,0.9130799632,0.0025217652,0.0004546039,0.277,0.167,34.1732612588187,14.9684532786561
"20047",0.1348362399,0.0003369272,16.846361186,43.09,0.151497006,0.0979020979,10293.83,8.6,0.1642775069,3.2917220119,3.0839833289,0.1463386705,0.09931778,0.0968908439,0.297,0.1652387389,0.51926243,0,0.000660066,0.365,0.313,11.1906893464637,11.1906893464637
"20049",0.1347826087,0.0003838772,19.193857965,49.85,0.1572948328,0.0797101449,10747.43,4.2,0.1638178825,3.7003425668,3.3868150319,0.1271437434,0.1098797884,0.1062495558,0.295,0.1651323456,0,0,0.0003711952,0.344,0.286,12.745347947999,0
"20051",0.0908112137,0.0006200696,12.745874815,56.76,0.1084768508,0.0427193385,10135.22,7.6,0.1304470972,3.0842596193,3.0002061343,0.171556342,0.0941188353,0.0953049654,0.314,0.1640188386,0.6988963869,0.0025505808,0.0015854962,0.317,0.241,69.0170817277276,12.6531316500834
"20053",0.0894811994,0.0004729623,29.954280309,98.7,0.1041332906,0.050397878,11219.18,7.7,0.1319465016,2.9441005185,2.8809448712,0.1615397313,0.0878264237,0.0888127656,0.298,0.1577328084,0.532399569,0.0003128911,0.0006257822,0.363,0.25,62.9491685463988,62.9491685463988
"20055",0.1750451305,0.0005388221,11.045853764,52.24,0.2255061671,0.0806671205,8628.9,8.7,0.2186115236,3.4687469948,3.2008553199,0.1473120266,0.1139741806,0.1042859024,0.326,0.1723231494,0.7606591255,0.0011833046,0.0004840792,0.37,0.276,27.9218907623577,15.3120046116155
"20057",0.1890678022,0.00049224,9.2656937688,59.15,0.2464072906,0.0779097387,8954.47,9,0.2262719648,3.5907314176,3.2236499711,0.1451337849,0.1143069128,0.1052864585,0.349,0.1783379061,0.8314819192,0.0007759736,0.0005747952,0.326,0.236,32.9132059398656,15.4885675011132
"20059",0.0810746553,0.000507634,13.276582451,50.72,0.0967372253,0.0450269854,9661.05,6.7,0.147525152,3.3177732688,3.3642239838,0.1483596547,0.0969535072,0.1000642921,0.322,0.1943309382,0.5389735303,0.0014446917,0.0002342743,0.343,0.26,63.8187027871842,18.2339150820526
"20061",0.0856217264,0.0003240616,7.561436673,54.6,0.109197986,0.038205082,8675.64,6.4,0.1923704499,3.5919379638,3.1967587121,0.2107147406,0.1069890833,0.0994736999,0.355,0.2204479515,0.9462196613,0.0023424945,0.002124588,0.361,0.237,17.378737571916,20.1227487674816
"20063",0.1111665005,0.0018939394,49.242424242,120.66,0.1219336219,0.0900621118,14291.68,7.4,0.1361182889,3.0739615677,3.0154428076,0.1491880257,0.091161761,0.0937321957,0.278,0.1557122611,0.0025974026,0.0003667033,0,0.283,0.28,75.4147812971342,75.4147812971342
"20065",0.1134715026,0.0007719027,27.016595909,85.96,0.1276595745,0.0743494424,12589.09,7.9,0.1405455973,3.1483087798,3.0766512686,0.1447093325,0.092517384,0.0942359119,0.293,0.1555671456,0.6291875241,0,0.0003897116,0.324,0.315,77.7101411734231,103.613521564564
"20067",0.1800919745,0.0006465796,18.104228631,84.76,0.2229932917,0.1060665362,7218,9.9,0.1779654012,3.3293579802,2.9552173121,0.1589248065,0.1000538912,0.0940188177,0.313,0.158568051,0.777621663,0.0001279427,0.000383828,0.359,0.268,4.31127398146152,4.31127398146152
"20069",0.1549539171,0.0001630523,26.088374368,16.85,0.183685446,0.1031533939,7347.25,7.9,0.1264559962,2.7769048892,2.9251285872,0.1611018375,0.0863820105,0.0906758625,0.284,0.1525016195,0.2530802531,0.0001644196,0.0003288392,0.353,0.253,136.993807879884,120.554550934298
"20071",0.147338403,0.0007518797,52.631578947,94.86,0.1638418079,0.1142061281,13707.62,6.2,0.1386413989,2.8958796247,2.8663516955,0.151191442,0.0865854792,0.0882755538,0.284,0.1477302232,0.7225340818,0,0.0023059185,0.321,0.274,25.4647313470843,25.4647313470843
"20073",0.1035218783,0.0004804612,20.819987188,89.61,0.1230182032,0.0531437126,11764.55,6.6,0.1653206747,3.5903761952,3.3586063045,0.1297479726,0.1064830012,0.1038957093,0.31,0.1677558684,0.5950067275,0.0001580278,0.0009481669,0.377,0.311,165.571756662928,133.525610212039
"20075",0.226529659,0.0004042037,36.378334681,52.92,0.262973352,0.1552878179,11045.61,5.7,0.1937357318,3.6051771411,3.2867704983,0.1500867153,0.110627156,0.1044336679,0.314,0.186305105,0.7888475836,0,0.0007683442,0.393,0.27,13.1354262445816,13.1354262445816
"20077",0.1264953478,0.0005157298,32.662884648,100.66,0.1471625521,0.0840220386,10332.1,7.6,0.146138315,3.3779578338,3.2582002639,0.1512828487,0.0990714689,0.0990847341,0.283,0.1811970964,0.4161418628,0.0001718804,0.0018906841,0.355,0.336,150.115473441109,127.0207852194
"20079",0.1028495263,0.0008838708,19.388133322,31.56,0.125561475,0.0544992262,8662.5,8.2,0.1375973127,2.9496944863,3.0806782109,0.1551480981,0.0928895913,0.0955158143,0.294,0.1470155475,0.7370545496,0.0032739805,0.0010051694,0.33,0.243,100.185103906265,12.4038700074423
"20081",0.1901528014,0.000246063,27.066929134,95.66,0.2242911553,0.1244947454,10236.99,5.9,0.1773070899,3.3284048348,3.1936149899,0.1508112531,0.103972011,0.1002056633,0.302,0.1696263257,0.4520676692,0.000243546,0.0007306381,0.352,0.243,0,0
"20083",0.1201956674,0.0015847861,15.847860539,95.91,0.1360078278,0.0860465116,11633.69,8.2,0.1191165915,2.8246231479,2.871948553,0.1480128682,0.0828604773,0.0868477979,0.285,0.1361173223,0.0146137787,0,0.0010438413,0.323,0.242,17.6087339320303,0
"20085",0.0974055951,0.0006747638,13.495276653,72.72,0.1164056278,0.0571018651,10236.59,8.2,0.1308583147,3.1282173282,3.0258434198,0.1551451237,0.0904286593,0.0934049709,0.276,0.1632429748,0.324320309,0.0002954428,0.0005170249,0.366,0.279,47.3013343955387,44.8117904799841
"20087",0.0858455169,0.000528262,13.734812467,41.14,0.0998734635,0.0529958901,9480.57,8.7,0.1319451778,3.137014588,3.0279117559,0.1620453931,0.0891234704,0.0899451185,0.305,0.1649302811,0.2270730942,0.0002121453,0.000318218,0.313,0.255,47.6341695776437,19.4065135316326
"20089",0.119239905,0,26.936026936,92.9,0.1314945478,0.0863557858,10664.85,7.4,0.1550050551,3.4076115719,3.3022081555,0.1248070976,0.1038538965,0.1028823103,0.293,0.1639300808,0.0201494963,0,0.0006572461,0.305,0.256,11.2183082791115,11.2183082791115
"20091",0.0606154692,0.0012048421,8.4114871958,45.96,0.0732615744,0.032241293,9813.7,8.6,0.0889476736,2.1641968564,2.6942101541,0.1871461799,0.0662782857,0.0800337813,0.261,0.1095280526,0.9858925096,0.001990346,0.0007975315,0.272,0.161,49.7446060169695,14.2620373320329
"20093",0.1570789866,0.0007583418,17.694641052,125.39,0.1847133758,0.1079967024,9884.43,6.6,0.167929629,3.2314120278,3.0296309412,0.1549036723,0.0997963342,0.0961750094,0.301,0.1640680995,0.8363087755,0.0002554278,0.0010217114,0.332,0.231,8.48320325755005,8.48320325755005
"20095",0.0996627319,0.0001300898,22.115259529,76.98,0.1172767545,0.055878929,10910.4,7.5,0.1463436105,3.2440061941,3.0348387243,0.1548340482,0.0947179572,0.0947241069,0.302,0.163950898,0.448460168,0.0002598077,0.0012990387,0.316,0.321,87.5196919306844,131.279537896027
"20097",0.1093831001,0.0003900156,50.702028081,40.99,0.1247232472,0.0767946578,9288.25,4.9,0.1437541372,3.2156683761,3.1922975444,0.1504296954,0.0987682618,0.0999626718,0.302,0.1714882233,0.080689385,0.0051730999,0.001591723,0.326,0.276,105.820105820106,0
"20099",0.1019725045,0.0007210498,14.420996972,43.14,0.1223997337,0.0518384569,9943,7.2,0.1882801405,3.8978059271,3.5752029665,0.1533399182,0.1116397825,0.1087047537,0.3,0.2034955321,0.6287314296,0.0005725191,0.000620229,0.346,0.289,73.9466619512274,25.7205780699921
"20101",0.1314553991,0.0005988024,53.892215569,89.08,0.1475409836,0.092348285,12945.98,8.4,0.1287906392,2.9927313077,2.9431156058,0.1510537771,0.0875913388,0.0899061449,0.284,0.1539627146,0,0,0.0017783047,0.319,0.301,20.0280392549569,20.0280392549569
"20103",0.0649651604,0.0004412784,7.564773372,45.74,0.0786819861,0.0349936789,9844.14,7.3,0.1378470336,2.919755708,3.1375975341,0.1720167172,0.0884231653,0.0928350594,0.309,0.1796915361,0.8549332914,0.0018147899,0.0007614503,0.369,0.249,38.6042061800299,19.3021030900149
"20105",0.1112956811,0.0003220612,32.206119163,81.08,0.1244886032,0.0821917808,12192.86,7.5,0.140623336,3.3044080357,3.1206519061,0.1392882683,0.0984001294,0.0979222766,0.28,0.1677518502,0.0092564023,0,0.0006315125,0.352,0.241,64.2054574638844,64.2054574638844
"20107",0.1154929577,0.0001048658,10.486577181,64.42,0.1378725009,0.0636323464,9309.17,7.8,0.1425946289,3.4693660058,3.1641529763,0.1429405563,0.0988865031,0.0970204067,0.296,0.1812319266,0.1985294118,0.000631446,0.000315723,0.382,0.327,73.4368443138901,66.4428591411386
"20109",0.1151301279,0.0010619469,31.85840708,106.78,0.1305418719,0.0818452381,12327.05,7.9,0.1251772739,2.9032467267,2.9227005094,0.1602404236,0.0849883807,0.0880267139,0.287,0.1580609803,0.7565312046,0,0.0021474588,0.331,0.237,94.6745562130178,0
"20111",0.13546501,0.000599898,11.398062329,52.23,0.1615945986,0.0651945321,9446.12,7.6,0.1839614843,3.5421841225,3.1558191772,0.1606124407,0.1137035276,0.1048523829,0.301,0.1716252494,0.6144850104,0.0026797543,0.000451644,0.377,0.231,30.9811015280679,10.9932940906047
"20113",0.0805380853,0.0007256142,24.878200477,46.7,0.0956463168,0.0445350022,9068.18,8.2,0.1198392366,2.8159332708,2.9603406455,0.1506748861,0.0840791177,0.0895816982,0.292,0.1364743514,0.6332762166,0.0008207654,0.0004103827,0.323,0.226,100.01609454395,18.3937645138298
"20115",0.1079775281,0.0002478724,31.397174254,50.86,0.1270337922,0.0620067644,9773.09,7.7,0.1315132749,3.2637180835,3.0646476171,0.1423136971,0.0963522939,0.0949647031,0.277,0.1491660335,0.305450237,0.000491481,0.0005733945,0.35,0.3,104.329681794471,82.3655382587925
"20117",0.0889923684,0.0006038647,28.180354267,54.63,0.104463959,0.0539856601,10640.68,8.1,0.1374622719,3.0030345767,3.1936137713,0.1597104357,0.0939351194,0.0985839081,0.293,0.1653179116,0.4016012652,0.0001998801,0.0007995203,0.312,0.299,50.3727584122507,47.0145745181006
"20119",0.1338695777,0.0004618938,34.642032333,51.01,0.1522951523,0.1,8927.02,7.2,0.1488526578,3.0170008011,3.00744259,0.1524647832,0.0917332189,0.0930845882,0.294,0.1521422188,0.4107103825,0,0.0016066101,0.349,0.275,93.0016275284817,77.5013562737348
"20121",0.0707677564,0.0003993488,13.823610727,61.67,0.0851700252,0.0390284165,9691.13,8.5,0.1325251325,3.1111124856,3.119647179,0.1674920259,0.0867149299,0.0902226814,0.289,0.1687668421,0.6524842163,0.0013710316,0.0003351411,0.368,0.272,59.996542572123,21.3547015934675
"20123",0.0858843537,0.0007959249,31.836994588,78.26,0.100810081,0.052957359,10695.78,8,0.1317573353,3.0173433279,2.9706835794,0.1562754747,0.0889454395,0.0914686016,0.276,0.150213508,0.7169308018,0.0007956715,0.0003182686,0.306,0.256,106.332075070445,106.332075070445
"20125",0.1182420782,0.0003301915,22.212883472,58.67,0.1449636778,0.0561084847,9705.81,6.9,0.1763874153,3.7400753402,3.4238880102,0.1454587787,0.1095041477,0.108521798,0.352,0.2015278345,0.7514307462,0.0018494055,0.0008513137,0.404,0.319,66.916354556804,10.9862671660424
"20127",0.1021606388,0.0005314438,30.115146147,37.74,0.1158673962,0.0663900415,8476.87,8,0.1328906474,3.0812101504,2.9537010746,0.1475479705,0.0917197207,0.0920998787,0.28,0.1522915029,0.5836569306,0.0003510004,0.0001755002,0.394,0.29,47.2925041380941,0
"20129",0.1377319588,0.0009976721,36.581310276,91.37,0.1613485852,0.0912453761,9270.86,8.2,0.1722483849,3.2227756417,3.0787156528,0.1439945879,0.1000346952,0.0976235498,0.304,0.1644442917,0.8608103928,0.0003215434,0.0006430868,0.333,0.299,66.9269380925823,133.853876185165
"20131",0.0778774106,0.0010755842,15.644861641,39.9,0.0922321266,0.050216763,9184.2,8.1,0.1283236799,3.063100941,3.0149262555,0.1584292903,0.0902997271,0.0930648758,0.288,0.1587896694,0.2697976027,0,0.0003941663,0.344,0.294,88.1891821269924,94.7217141363993
"20133",0.0891986063,0.0005505934,20.800195767,99.55,0.1063474388,0.0520833333,11410.69,7.6,0.159463841,3.3616813789,3.3900964986,0.1546499994,0.1043486345,0.1052727167,0.31,0.1897965487,0.2283187984,0.0009137427,0.0007309942,0.361,0.294,92.009487200458,106.322074098307
"20135",0.1284768212,0.0006655574,33.277870216,93.11,0.1378026071,0.1093294461,10805.34,7.8,0.147568985,3.1855790216,3.2018631733,0.138209106,0.0969406743,0.0989108437,0.295,0.1592452056,0.4943675571,0,0.0006441224,0.357,0.297,11.0229276895944,0
"20137",0.0965740491,0.0005405405,25.225225225,45.73,0.1134485349,0.0556569343,8118.73,7.8,0.1332119714,3.011121098,2.912516294,0.1643935449,0.0895895949,0.0898751805,0.304,0.1718881968,0.6226415094,0.0005395683,0.0005395683,0.339,0.23,78.2991025718244,96.3681262422454
"20139",0.0908379013,6.31034e-05,11.358616773,48.9,0.1070453304,0.0518499218,8939.63,7.9,0.1428083411,3.0476251258,3.2211912053,0.1541565891,0.0908426645,0.0977976906,0.29,0.1849103385,0.394783676,6.2751e-05,0.000251004,0.395,0.272,44.0935623398984,12.5981606685424
"20141",0.1269202634,0.0005430356,29.866956286,68.24,0.1465732866,0.0736434109,11956.72,7.4,0.1356276297,3.0067129288,3.1305852744,0.1442497628,0.093697808,0.0973433398,0.287,0.1615106876,0.3916537066,0.000798722,0.000798722,0.322,0.28,54.146737659056,54.146737659056
"20143",0.0984391259,0.000334728,16.736401674,49.49,0.1137496335,0.0643835616,9980.34,8.1,0.1213486279,2.804161256,2.8628384707,0.156914602,0.0838985139,0.0883055731,0.283,0.1465087106,0.461336398,0,0.0003297609,0.341,0.266,89.086859688196,89.086859688196
"20145",0.0938115023,0.0010236911,21.936238666,48.2,0.1096048457,0.045532646,10875.35,8.1,0.1468877167,3.3747100726,3.1687382914,0.1569602574,0.0998456102,0.0961011678,0.321,0.1733712714,0.5848271906,0.0066512435,0.0013013302,0.34,0.25,58.5451529492121,78.0602039322828
"20147",0.1020748867,0.0001842299,31.31908622,63.05,0.1197301855,0.0620155039,11661.74,7.7,0.1399090245,2.9196357371,3.1701542887,0.1429443268,0.0926135443,0.0981219461,0.291,0.1626594064,0,0.0014458702,0.0005422013,0.344,0.338,61.0165354811154,61.0165354811154
"20149",0.0645450471,0.0006009099,12.018198987,47.88,0.0782934132,0.0390680494,10444.15,8.7,0.1276362203,2.7320781782,2.8523003256,0.1989799383,0.0841712646,0.0892641691,0.282,0.1627057018,0.6694593594,0.0003493907,0.0002620431,0.307,0.215,60.1236830050389,17.1781951442968
"20151",0.1063383971,0.0008255082,27.860901868,71.49,0.1280328481,0.0577889447,9633.85,7.9,0.139168707,3.1319642975,2.9721095541,0.1627301448,0.0900946648,0.0929357397,0.286,0.1566026564,0.6977009114,0.0005076142,0.0012182741,0.341,0.285,54.9356223175966,54.9356223175966
"20153",0.1256921373,0.0003990423,43.894652833,123.35,0.1355421687,0.1002004008,13846.65,7.8,0.1425041711,3.2473531858,3.1053948379,0.133721699,0.0957755789,0.0964920262,0.292,0.1514763378,0.5148868599,0,0.0015479876,0.37,0.294,65.4535934022778,65.4535934022778
"20155",0.0997547181,0.0005963778,15.380269312,44.82,0.1218465763,0.0479565477,9225.69,7.7,0.1456918043,3.2833961419,3.1692045894,0.1439440018,0.0973479826,0.0977157831,0.337,0.1774434686,0.6083303623,0.0012070101,0.00086215,0.385,0.269,83.8873393033156,16.7774678606631
"20157",0.1073199183,0.0008465608,48.677248677,62.7,0.1196,0.0770020534,8891.93,7.7,0.1536070765,3.3886300595,3.2098694414,0.1353903208,0.1019472682,0.1005934288,0.301,0.1635780549,0.4449799197,0.0002082032,0.001041016,0.376,0.274,77.317776059605,70.2888873269136
"20159",0.117500655,0.0004009221,24.055327253,60.44,0.1427764174,0.0623471883,9651.87,8,0.1564016815,3.2373916075,3.0418477172,0.1497843186,0.0972411808,0.0956670891,0.277,0.1692656746,0.3827233958,9.98502e-05,0.0003994009,0.363,0.296,97.2403849377997,23.4718170539516
"20161",0.0876681171,0.0006246096,11.03034008,34.74,0.0996906872,0.046210032,8500.56,5.6,0.1382775583,3.3412733558,3.1974769472,0.2121646631,0.1055328498,0.1033968696,0.314,0.1564533413,0.9117907614,0.0017022635,0.0008112349,0.252,0.158,30.3864440710685,12.0652057341007
"20163",0.1022419315,0.0011596444,23.192887514,56.02,0.1159570786,0.0722989439,10737.34,7.8,0.1443563875,3.2077982386,3.1422276414,0.1499655343,0.0969246032,0.0975972916,0.281,0.1721805215,0.705462266,0.0001939864,0.0007759457,0.356,0.314,32.4569944823109,58.4225900681597
"20165",0.0972927242,0.0003194888,22.364217252,77.19,0.1094724901,0.0632911392,10874.33,8.1,0.1377169215,3.2625659989,3.1870014559,0.1460260063,0.0952542917,0.0967276854,0.289,0.1639867018,0.2921076504,0,0.001251173,0.326,0.287,63.9318060735216,63.9318060735216
"20167",0.1068786982,0.0004261969,22.730501492,75.55,0.1261307831,0.0599625234,11385.95,7.5,0.1440110026,3.136635852,3.1901319465,0.1395207038,0.0970003578,0.0996796515,0.304,0.1736244396,0.3345767575,0.0001437608,0.0010063255,0.335,0.295,38.1261020826383,38.1261020826383
"20169",0.1103273014,0.0007900738,15.442351547,39.27,0.1359476723,0.0487201862,8987.07,7.8,0.1498060624,3.1034027085,3.1187481172,0.1708881324,0.0969064999,0.0969513433,0.328,0.1748138728,0.7817681545,0.0027620841,0.0006815532,0.365,0.275,61.2289000408193,15.6073666770716
"20171",0.1349524286,0.0008058018,26.188557615,143.51,0.1590493601,0.0867579909,14507.44,8.9,0.144182493,3.1420891321,2.9339546888,0.1616596653,0.0914877979,0.0895471185,0.295,0.1525992545,0.5486223663,0.0005905512,0.0011811024,0.382,0.282,33.1652958344388,66.3305916688777
"20173",0.1351330339,0.0008718191,10.047422269,34.23,0.1669474697,0.0628543259,9373.05,7.2,0.1441304264,3.2739122168,3.1206716676,0.1527596254,0.0965092545,0.0946424371,0.307,0.1778629647,0.8507920901,0.0018219232,0.0010672107,0.335,0.239,63.6268477889181,17.3587092429253
"20175",0.1938511169,0.0005183138,11.230131306,50.36,0.254605116,0.0810627626,8268.31,9.7,0.2406290796,3.552697602,3.1869209384,0.1535662407,0.1163218046,0.1042917826,0.323,0.1862707522,0.5847420704,0.0005540166,0.0002983166,0.364,0.254,50.4861091076941,7.21230130109915
"20177",0.0920920921,0.0007217793,17.00937194,45.4,0.1139325994,0.0404932361,9593.03,7.3,0.153330364,3.2167124175,3.38482593,0.1651052656,0.0961493824,0.1009460004,0.289,0.1897949095,0.8622129554,0.0030604352,0.0013508514,0.359,0.237,80.1454200348605,21.1105651840075
"20179",0.1438961039,0,35.828025478,119,0.1624441133,0.1036184211,11996.01,8,0.1493033947,3.3053652336,3.2036721012,0.1368961387,0.1007951802,0.1001977807,0.285,0.1639825536,0,0,0.0015754234,0.303,0.235,13.2275132275132,13.2275132275132
"20181",0.1282700422,0.0003342805,26.742436905,96.37,0.1545590433,0.067761807,11703.97,5.6,0.1635473261,3.5788923195,3.2725670867,0.1498831978,0.1056629825,0.1019078377,0.291,0.1730667187,0.721797005,0.0003273322,0.001309329,0.357,0.286,88.6033890796323,83.0656772621553
"20183",0.1069042316,0.001349892,45.896328294,61.98,0.1194779116,0.0742240216,11551.42,7.2,0.1602887464,3.5111172426,3.3291157025,0.1349291667,0.1033254384,0.1025166888,0.287,0.1645457742,0.4692447444,0,0.0005306447,0.367,0.323,162.089149031968,126.069338135975
"20185",0.1635710006,0.0004721435,33.050047214,51.72,0.1884057971,0.1099426386,9722.78,7.9,0.1639449618,3.4832874936,3.252772038,0.1406333268,0.1037733209,0.1018043848,0.294,0.1806282837,0.721884156,0.000465441,0.000465441,0.346,0.268,102.032807471941,109.881484969783
"20187",0.1997642899,0.0014478764,33.783783784,NA,0.235924933,0.1321070234,8315.8,9.6,0.1656600125,3.2767555159,2.9874280782,0.1536201637,0.1000004961,0.0946550425,0.308,0.1537732685,0.6975391499,0,0.0009474183,0.372,0.302,16.0128102481986,0
"20189",0.1614385614,0.0001722356,22.390630382,86,0.1965442765,0.0997304582,10331.29,8.9,0.1951702932,3.4048351476,3.2082625555,0.1501631063,0.1052954164,0.1016493591,0.305,0.1731425852,0.6703354298,0.0003447681,0.0003447681,0.386,0.251,168.692920714327,139.607934384271
"20191",0.0939096882,0.0003399193,17.420862545,44,0.1147760196,0.0468099284,8259.78,7.6,0.143701314,3.3384962518,2.9366942081,0.1509447945,0.0972422779,0.0931664977,0.346,0.1616892058,0.3547986077,0.0009350561,0.0003400204,0.401,0.286,92.4148716855051,14.2176725670008
"20193",0.0896197007,0.0005060729,27.834008097,80.11,0.1054223374,0.0524920467,13757.54,7.6,0.1207184653,2.8812738291,3.0141138094,0.1708029709,0.0856804425,0.09070788,0.282,0.151033086,0.6536708861,0.0015207198,0.0013939932,0.346,0.296,50.6606999620045,54.8824249588382
"20195",0.10428051,0.0003416467,30.748206355,159.37,0.1166965889,0.0690909091,19802.56,8.6,0.1129397527,2.6399649906,2.7922025202,0.1561138422,0.0774222,0.0833439485,0.282,0.1369968633,0.6817727424,0.0006891799,0.0010337698,0.371,0.287,172.393977703712,137.91518216297
"20197",0.0769367765,0.0004315926,18.702344986,47.07,0.0848935625,0.0618040089,9710.94,7.6,0.1181635813,2.7441533125,2.9402381149,0.167942351,0.0820421487,0.088560733,0.286,0.1481251556,0.1471714164,0.0004272287,0,0.322,0.226,57.5153374233129,62.308282208589
"20199",0.1133671743,0,46.113306983,122.91,0.1308641975,0.074168798,13703.99,5.9,0.1316442195,2.9984650158,3.0134818033,0.1504495194,0.0883363629,0.0916966145,0.29,0.1506788562,0.3824915825,0.0006640106,0.0006640106,0.348,0.275,22.11900022119,0
"20201",0.1175917215,0.0005359057,37.513397642,72.25,0.1319444444,0.086259542,11116.07,7.1,0.1318185852,2.8673513184,3.0455812893,0.1525716332,0.0884082812,0.0928353827,0.285,0.148548535,0.2302121055,0,0.0001786352,0.331,0.271,59.7300203082069,0
"20203",0.179443498,0.0009272137,46.360686138,63.44,0.2036881811,0.1314475874,12376.56,6.1,0.184103469,3.4319438684,3.2243641836,0.1447961182,0.1055094168,0.1003172042,0.299,0.176082179,0.7260519248,0,0.0009191176,0.343,0.34,15.5159038013964,0
"20205",0.1271492559,0.0006775068,23.712737127,70.16,0.1571399303,0.0574229692,11838.09,7.4,0.16496432,3.4583345013,3.3509514619,0.147408326,0.1081385098,0.106375606,0.319,0.2004085783,0.3337230311,0.000221533,0.001107665,0.367,0.338,52.6177321757432,52.6177321757432
"20207",0.1260997067,0,22.471910112,74.66,0.1488876212,0.0674662669,10965.61,7.1,0.1542898592,3.4220944194,3.3366175946,0.1420660444,0.1064435429,0.1066846247,0.294,0.1882522582,0.6025989725,0,0.0003167564,0.371,0.281,63.5795273921797,84.772703189573
"20209",0.1727537294,0.0003917512,10.834368822,60.88,0.2274194537,0.0529391319,10895.4,6.5,0.2183982034,3.889362816,3.6921692141,0.1532135796,0.1213045439,0.1169599896,0.351,0.2120822768,0.8686962319,0.0011816675,0.0009094509,0.388,0.304,31.298840510928,16.3654068030996
"21001",0.082739726,0.0002627845,4.2045514269,79.7,0.0939901843,0.0517241379,11510.15,7.4,0.2097767187,4.7984042083,4.2289308228,0.1295008273,0.1451276215,0.1324934133,0.386,0.2368828135,0.4463443396,0.001718392,0.0005727973,0.377,0.36,17.387977952044,10.4327867712264
"21003",0.0781652235,9.68992e-05,5.3294573643,88.07,0.0903742442,0.0482473415,13138.92,8.3,0.1944242101,4.7653019099,4.1245607054,0.1398018348,0.1396249272,0.1276481453,0.381,0.219115141,0.3432050511,0.0005396389,0.0003434066,0.335,0.353,81.0964236477171,17.8412132024978
"21005",0.0567311298,0.0003184858,10.464534328,67.17,0.062611144,0.0427601395,8874.6,8.2,0.1642543294,4.1249328814,3.7606315836,0.1552942829,0.1180123888,0.1131732553,0.363,0.1868623524,0.8247980953,0.0008223684,0.0003198099,0.367,0.319,54.5248012116623,18.1749337372207
"21007",0.068589842,0,18.265952265,59.75,0.0741052632,0.0558510638,9712.83,8.1,0.1872359303,4.5859908964,4.0493990226,0.1313225654,0.1338206009,0.1232150963,0.387,0.211816593,0,0,0.0002427184,0.355,0.349,53.0482330857749,65.2901330286461
"21009",0.0712987558,0.0008492082,9.1806288731,71.84,0.0819703899,0.0447932619,10788.42,7.7,0.2132945917,4.9066093796,4.2077810691,0.124781041,0.1469945537,0.1322291411,0.376,0.2237305589,0.4563820454,0.0010892741,0.0008806897,0.326,0.326,68.854189777448,19.8912103801516
"21011",0.0796338222,8.17795e-05,4.9067713445,65.84,0.0911866759,0.0523255814,9866.44,7.6,0.2539284047,5.5372845916,4.5663998409,0.1231424929,0.1673620951,0.1463086492,0.412,0.243491087,0.482443275,0.002048173,0.0005734884,0.371,0.346,48.9649356655151,48.9649356655151
"21013",0.0770655798,0.000402385,10.974137616,125.1,0.0914382276,0.0370682393,11048.32,5.7,0.294082135,6.3191862686,5.1050939214,0.1038318263,0.2000336547,0.1670340343,0.429,0.2942981694,0.5846781221,0.0001079991,0.0009719922,0.362,0.396,32.8339332619905,21.889288841327
"21015",0.0509600721,0.00066556,7.7518165873,72.47,0.0574585208,0.0380009978,10808.73,8.3,0.1335507407,3.8008223798,3.5519079982,0.1710780162,0.1091701309,0.1065457209,0.337,0.1662743746,0.773076567,0.0007356838,0.0003955289,0.356,0.225,30.5753656630804,14.8956909640648
"21017",0.0960171569,0.0005965401,11.433684629,55.75,0.1067340067,0.0685897436,9213.45,7.5,0.2006049692,4.6961413018,4.1213550704,0.1308930568,0.1380635731,0.1263594424,0.388,0.2070661659,0.7575181386,0.0006509113,0.0001502103,0.349,0.314,46.5750690309059,46.5750690309059
"21019",0.0644543205,0.0009932747,17.796171754,92.04,0.073508715,0.0404011185,10889.3,7,0.1982561951,4.6128381179,4.1880333764,0.1293992317,0.1384960674,0.127260939,0.372,0.209696033,0.6781316862,0.0044847641,0.0021092726,0.405,0.287,56.4392349042254,20.6485005747166
"21021",0.061938248,0.0008722198,16.102519373,65.09,0.0708349316,0.0398042414,10045.88,6.9,0.1973516637,4.5903077822,4.0745004595,0.1375529398,0.1364576315,0.125117586,0.389,0.2105250963,0.6220455824,0.0014138558,0.0008415808,0.326,0.281,52.4946109255805,18.987412462444
"21023",0.0646458842,0.0002403557,16.824900853,49.92,0.0709587403,0.0499265786,9529.73,8.2,0.1889464049,4.5489745485,4.0765944911,0.1379338123,0.1341320461,0.1253880387,0.355,0.2247623783,0.0283930254,0.0001189626,0.0004758506,0.348,0.31,23.8786962231862,23.8786962231862
"21025",0.0804432033,0.0006674577,3.7080984871,141.23,0.0935012475,0.0405310971,12226.51,6.3,0.2709507034,5.8514090212,4.7138192787,0.1178264562,0.1827115798,0.1539974347,0.402,0.2944124077,0.1668107797,0.0012678052,0.0004474607,0.36,0.315,37.3347935385917,27.3788485949673
"21027",0.0828057107,0.0002997302,11.489659307,129.59,0.0908855961,0.0631868132,11554.17,7.9,0.1947945423,4.5772342716,4.2004452413,0.1319420649,0.1370898346,0.1279794176,0.374,0.2254712127,0.4162719976,0.0011061947,0.0002514079,0.319,0.271,51.781448878347,23.385170461189
"21029",0.0517536674,0.00016518,6.7342634241,74.07,0.0575270448,0.0370092255,11166.8,8,0.1599997262,4.3853281168,3.8522283162,0.1678222952,0.1208389,0.1126629002,0.398,0.1977449097,0.6929721875,0.0007696748,0.0002565583,0.357,0.252,38.5907178721672,21.2036911385534
"21031",0.084453341,7.72917e-05,14.685422786,73.89,0.0935526316,0.0617365467,10940.27,7.4,0.2359984188,5.3682052704,4.4491585562,0.127138811,0.163201377,0.1426315212,0.406,0.2401710275,0.3061465721,0.000776699,0.0006213592,0.314,0.343,82.7771741942159,108.645041129908
"21033",0.0603848051,0.0005520069,20.503114896,84.78,0.0654065815,0.0486891386,9232.37,7.6,0.1916546199,4.7091288372,4.1903548169,0.1270605111,0.1375973382,0.1270191319,0.38,0.2115723706,0.6514171288,0.0003143418,0.0007858546,0.359,0.265,55.3009954179175,28.967188076052
"21035",0.0754769146,0.0005737684,11.736170879,72.86,0.0828729282,0.053485064,9811.89,7.4,0.1837523286,4.3931852698,4.1430211666,0.1543939784,0.1382216695,0.130601925,0.346,0.1985876423,0.5867817483,0.0005224387,0.0008620239,0.322,0.195,51.2767029949071,21.7274165232657
"21037",0.0574464183,0.0006191211,8.5808007299,76.29,0.0649651153,0.037513294,10478.48,7.7,0.1647971142,3.944040665,3.9551003668,0.1603449156,0.1172406632,0.1165051651,0.387,0.1897619215,0.9288544988,0.0011216012,0.0004900199,0.31,0.222,75.3322950997791,11.9517583571765
"21039",0.0813198233,0.0004103406,10.258514567,69.22,0.0884766322,0.0662431942,10940.27,8.2,0.198361675,4.6447932684,4.1166354974,0.1246559652,0.1419297787,0.1301522166,0.356,0.2084865612,0.2372648903,0,0.0004017678,0.307,0.329,40.7968994356429,40.7968994356429
"21041",0.0833804729,0.0003738667,11.216001495,142.92,0.0964068014,0.0542124542,13055.68,6.1,0.2233039426,5.0855905319,4.2467752253,0.1337148756,0.1508374943,0.1335165293,0.387,0.2310485942,0.6936453612,0.0004623209,0.0003698567,0.317,0.308,62.125306743702,31.062653371851
"21043",0.071444886,0.0001841078,7.7325281685,79.05,0.0826741996,0.0428207577,10592.66,7.7,0.2022048044,4.7909586455,4.1655568629,0.1331357521,0.1413447577,0.1282939565,0.382,0.2372671203,0.6895021645,0.0013958785,0.0005510047,0.431,0.399,52.8080366463212,14.7371265059501
"21045",0.0932155305,6.32591e-05,5.6933198381,145.45,0.1079806937,0.0554163186,14091.07,7.8,0.239490829,5.4311400484,4.5497420693,0.121025095,0.1619925234,0.1418108677,0.385,0.2461110315,0.3282356628,0.0006922157,0.0004405009,0.379,0.289,52.6160710527423,27.360356947426
"21047",0.070083805,0.0005319947,13.504481032,62.25,0.0830554035,0.0441571358,9691.57,6.3,0.232657029,4.6967650006,4.2074982991,0.1502792947,0.1488953369,0.1339569482,0.416,0.2560946026,0.619119735,0.0031380471,0.0024377104,0.342,0.287,26.3744259015052,15.4608703560548
"21049",0.0642204949,0.0005313645,12.305282882,65.72,0.0726090994,0.04278714,10289.42,8,0.18794684,4.5095021786,4.0336637075,0.1409883787,0.1327850206,0.1230096558,0.383,0.2086714623,0.7197371746,0.0004474523,0.0005872812,0.329,0.275,54.9686026794865,18.6334246371141
"21051",0.0871051977,0.0003807167,6.1866463618,115.32,0.1032398858,0.0415714938,12492.3,6.4,0.3083335065,6.3406556617,4.9793205274,0.1206114256,0.197138547,0.1615877749,0.405,0.3056582649,0.9895996318,4.7288e-05,0.0013713529,0.392,0.343,54.0317197978578,17.4808505228363
"21053",0.0916646297,0.000393159,7.8631806566,160.91,0.1032171582,0.0611633875,13457.74,7.8,0.2400363249,5.4407523186,4.503358839,0.1211418594,0.1642226682,0.143099141,0.381,0.2550998858,0.5758372274,0.0017707821,0.0001967536,0.368,0.335,19.6618167518679,39.3236335037357
"21055",0.0743252595,0.0004355875,18.512468692,145.94,0.0839606254,0.0512104283,11877.35,8,0.1956440192,4.7427577217,4.1751108495,0.1300538345,0.1421559017,0.1302841213,0.379,0.2127338679,0.1846484165,0,0.0003252385,0.325,0.277,76.1007428882044,68.8530530893278
"21057",0.0812687688,0.0005918035,8.8770528185,172.94,0.0901639344,0.0579227696,15436.01,7.6,0.2320569099,5.3405627318,4.4738447511,0.1148646599,0.1601212175,0.1421359626,0.394,0.2282959732,0.2787339557,0.0016308377,0.0011860638,0.361,0.333,39.5217863847446,39.5217863847446
"21059",0.0583348717,0.0005641806,13.500035261,53.34,0.0680938915,0.035704154,9976.83,7.9,0.1687149424,4.2829563839,3.8664839524,0.1373369025,0.1270069798,0.1218951053,0.346,0.1981722003,0.7582664294,0.0021063343,0.0010277283,0.334,0.255,69.9846572097656,21.8702053780517
"21061",0.0890446793,8.32848e-05,3.3313900225,93.97,0.0956533588,0.0699213902,11520.68,8.1,0.2008289137,4.8438917648,4.1904679598,0.1351125946,0.1412708812,0.1284425867,0.388,0.2223252525,0.4039963819,0.0003329726,0.0001664863,0.324,0.249,58.1170089112747,55.3495322964521
"21063",0.0731334734,0.0001307531,1.3075313808,85.77,0.0833118391,0.0456116102,10400.58,7.3,0.2658978555,5.4488362452,4.4881551653,0.1251670989,0.1703094098,0.1445245491,0.413,0.2649593882,0.3248853795,0.0006517205,0.0003910323,0.356,0.343,43.6528723590012,34.922297887201
"21065",0.0839537869,0.0003478261,13.217391304,100.74,0.0979506773,0.0454121306,11501.93,7.1,0.2379172883,5.3425734162,4.5512912913,0.1237603127,0.1639136728,0.1445356891,0.4,0.2662764143,0.7654716467,0.0006921852,0.0008306223,0.392,0.33,51.0097614134341,27.8235062255095
"21067",0.0806817839,0.0012464705,11.733357076,44.88,0.0920092739,0.0482585162,9236.37,7.3,0.1763247488,3.9390254355,3.7609629339,0.1855998309,0.1269302727,0.120384709,0.367,0.2009982327,0.9732389462,0.0027606444,0.0017439036,0.281,0.214,38.1463420836804,12.8214094225703
"21069",0.0953517071,0.0004782401,8.8816014211,119.59,0.1056533828,0.0700568028,10838.34,7.8,0.2204234951,4.9512295674,4.3531566431,0.1245557689,0.1494638374,0.1361227138,0.373,0.2534876738,0.3642319487,0.0005500172,0.0006187693,0.339,0.298,38.9113964613518,16.0223397193802
"21071",0.0778412372,0.000556203,7.6808984003,171.86,0.0907552083,0.042369922,13539.3,7,0.2728277439,5.7653014071,4.9183088938,0.1126429048,0.1742735504,0.1514783868,0.433,0.2573580122,0.4311424298,0.0088695287,0.0012333368,0.41,0.358,51.3392461982403,15.9328695097987
"21073",0.0689689318,0.0003771712,20.446650124,87.79,0.0759852094,0.0503722769,13097.3,7.6,0.1727882401,4.3632380745,3.9296264796,0.1311619904,0.1278985199,0.1194946476,0.362,0.2057601151,0.8101856549,0.0009623095,0.0006615878,0.329,0.235,77.5784902032291,14.5874084142824
"21075",0.0704163942,0.0003206156,16.030779096,81.9,0.0829800121,0.0392011834,11857.22,6.8,0.2645250061,5.5109728517,4.5678498551,0.1145637629,0.1669376096,0.144146557,0.409,0.2564651025,0.4048143256,0,0.0004788508,0.349,0.295,42.8219676694144,42.8219676694144
"21077",0.0769435925,0.000347383,1.1579434924,144.16,0.0851338873,0.056895767,12858.06,NA,0.1950990462,4.655238348,4.1117348871,0.1463214494,0.1386917456,0.1272117982,0.383,0.2341377958,0.0832460123,0.0006985679,0.000465712,0.382,0.292,38.7086784857165,61.9338855771464
"21079",0.0851750509,0.0002900737,7.5419156466,58.78,0.0955189801,0.0573979592,10246.81,8.2,0.2106717234,4.910009129,4.2930080339,0.1308143428,0.1445560202,0.1315718728,0.376,0.2271578289,0.1348746452,0.0002965951,0.0001779571,0.348,0.293,46.7044194056863,9.73008737618464
"21081",0.0701621314,0.000525104,8.8863755705,78.48,0.0809866393,0.0469504168,10044.38,7.5,0.1864408279,4.4600534819,4.0376227115,0.1446529364,0.1352306345,0.1248828782,0.363,0.2187573461,0.59342308,0.0008844221,4.0201e-05,0.377,0.296,25.4845416135739,16.0954999664677
"21083",0.0817195845,0.0004008444,12.025333369,109.74,0.0914372666,0.0592218401,10976.94,7.9,0.2103179974,4.8148978823,4.1587108832,0.1275455567,0.1414036598,0.127804808,0.357,0.2080973939,0.4970501872,0.0005582434,0.0003721623,0.35,0.323,52.5748300229012,19.6041739068445
"21085",0.0777719888,0.0006483353,8.3902215781,111.34,0.091011984,0.046435272,11091.63,6.7,0.2181388933,5.1714184141,4.3672690622,0.1282747535,0.1511039652,0.1346633413,0.396,0.248485458,0.6440612134,0.0011071238,0.0004962969,0.387,0.342,35.6238628990191,25.4456163564422
"21087",0.0842574597,0,18.165304269,128.78,0.0929408138,0.0605162928,13365.86,7.6,0.1991623582,4.73291573,4.1598350914,0.1262929686,0.1427919343,0.1300712237,0.367,0.2183566732,0.4773494404,0.0011772163,0.0008149959,0.367,0.319,39.2595053302328,54.3593150726301
"21089",0.0666226454,0.000609959,11.090163025,86.49,0.0755523877,0.0435745938,11407.38,7.3,0.2126968057,4.8347951442,3.9358915061,0.1323615131,0.1378441689,0.1238718934,0.394,0.1917399325,0.6577621241,0.0010190592,0.0004406742,0.396,0.319,58.188401112045,18.4725082895381
"21091",0.0528222997,0,17.257248044,67.84,0.0569154229,0.0444444444,10043.28,8.3,0.1779399089,4.4418541812,3.9555355814,0.1398863366,0.127858408,0.1195923196,0.377,0.2081536354,0.3246935201,0.0002284931,0.0005712327,0.394,0.304,57.1319748619311,53.3231765378023
"21093",0.0596464895,0.0006012834,9.8648051936,82.01,0.0698461151,0.036893419,9711,7.2,0.1893376094,4.4010800204,3.9920212136,0.141318564,0.1310025715,0.120598895,0.414,0.1995853519,0.7315217494,0.0028356086,0.0011083812,0.354,0.271,65.2131382735909,13.6637051620857
"21095",0.087160221,0.0003609717,10.829152077,210.32,0.1034587012,0.0432525952,11011.17,5.9,0.2651421358,5.6692676751,4.7691259222,0.111765413,0.176220662,0.1540617002,0.405,0.2818390369,0.444907439,0.0001775379,0.0006036289,0.345,0.352,56.6033191222873,16.860563142809
"21097",0.0708909617,0.0004796674,12.25816767,70.82,0.0796271638,0.0493004664,9658.16,7.9,0.1933336793,4.7376803109,4.1375127752,0.1358471111,0.139788607,0.1283726997,0.374,0.2300594183,0.4204605752,0.0004302926,0.000753012,0.358,0.334,42.8563775646863,21.4281887823432
"21099",0.0873607173,0.0004335104,13.005310502,90.09,0.1025287356,0.0492895204,9914.6,7.5,0.2428608817,5.5680295219,4.5845621156,0.1183057478,0.1639880991,0.1437752593,0.382,0.2449450707,0.5645914611,0.000483949,0.0005377211,0.361,0.37,52.0852042099213,17.9604152448005
"21101",0.0652526415,0.0005171634,12.498114509,83.24,0.075465546,0.0397880366,11168.4,7.6,0.1856522347,4.5985627348,4.225893715,0.1325758485,0.1375313272,0.1287357006,0.359,0.2173310177,0.6614702703,0.000860826,0.0004088923,0.358,0.29,68.282935734976,17.2504258698887
"21103",0.0767630058,0.0004481434,12.804097311,80.31,0.0864963113,0.0528113505,10456.81,8.2,0.1958438811,4.5488811057,4.0977119006,0.1426920077,0.1336427103,0.1250182289,0.37,0.2102871169,0.1599636741,0.0004495248,0.0006421783,0.329,0.285,51.0529674537332,10.6360348861944
"21105",0.0773562537,0.0002168257,13.00954033,97.09,0.0841009211,0.0596529284,12248.11,8.2,0.210179683,4.7794150976,4.2374097668,0.1177196356,0.1442081278,0.132201604,0.382,0.2120122688,0.5259077927,0,0.0002112379,0.346,0.324,35.7832963572604,35.7832963572604
"21107",0.0693283482,0.0011682748,20.552983428,78.49,0.0764647468,0.0512106874,10315.3,7.3,0.1854475716,4.6013990432,3.9594356956,0.138411982,0.1322953131,0.1222590057,0.361,0.2033856039,0.5822890026,0.0005390719,0.0007331378,0.35,0.302,78.6992245599342,20.9383258003495
"21109",0.0793522267,0.0001497903,1.4979029359,75.18,0.0914857282,0.0468445023,10051.91,7.4,0.2711244101,5.7196836896,4.8263126259,0.1185905466,0.175902957,0.1533251764,0.393,0.2723798799,0.7433674226,0.0001505004,0.0006020017,0.379,0.339,24.9943762653403,24.9943762653403
"21111",0.0675227156,0.0009585882,10.083509795,54.82,0.0810942885,0.0310530772,9809.58,7.4,0.1804273848,3.8867389577,3.8921920433,0.1859226397,0.1192378909,0.1204885523,0.357,0.2225986027,0.9525324654,0.0025683332,0.0011341717,0.325,0.24,72.6954684598216,16.7321901563171
"21113",0.0756750519,0.0007313177,11.354669849,52.18,0.0869466368,0.0496577947,9544.74,7.7,0.1934849257,4.5200507682,4.1447071685,0.1424905985,0.1335650367,0.1262869762,0.36,0.2078556014,0.8417651175,0.0007478107,0.0002951884,0.326,0.28,60.5931684425622,14.8259880231801
"21115",0.0770336457,0.0007335491,6.0409924488,119.06,0.0883792272,0.0474049091,11796.8,6.9,0.2312986684,5.295502746,4.4701009732,0.1170619517,0.1540800807,0.139039083,0.415,0.2288823693,0.559256722,0.0012036798,0.0008167827,0.43,0.317,40.337102931643,8.6436649139235
"21117",0.0615987018,0.0008120622,7.393401692,65.08,0.0725790688,0.0342743404,10349.2,7.8,0.1549762696,4.1431422076,3.7580067339,0.17681134,0.1260783262,0.1157276683,0.368,0.1985869334,0.8422489356,0.001390846,0.0007808258,0.326,0.213,60.7427624998481,13.7683594999656
"21119",0.081896206,0.0003823361,4.4605875231,134.84,0.0919527897,0.0527752502,11822.21,7.4,0.2588359358,5.7704651739,4.7237695008,0.1223735535,0.1695628002,0.1458035496,0.407,0.2589538751,0.3041722746,0.0005663227,0.0004404732,0.392,0.374,21.2183581234484,12.731014874069
"21121",0.07962456,0.0002521273,8.5092971951,147.27,0.0968673386,0.0366899828,11815.09,6.6,0.2733257063,5.925859292,4.7623954467,0.1130127482,0.1849149227,0.1564095822,0.402,0.2778708436,0.4594611548,0.0001257941,0.0009749041,0.398,0.329,66.166045265977,14.7035656146616
"21123",0.080406815,7.02198e-05,18.257144863,64.88,0.0896355218,0.0563770795,9559.01,8.2,0.2100878861,4.755334181,4.2498255536,0.1304251555,0.1451554647,0.1327616046,0.376,0.2256580866,0.5789473684,7.05219e-05,7.05219e-05,0.377,0.292,77.616012418562,94.0800150528024
"21125",0.0805728741,0.0004492961,7.3218624155,58.95,0.0955509925,0.041675349,9843.54,7.5,0.2301851102,5.2665801399,4.4100592259,0.1225712542,0.1565320918,0.1373775313,0.389,0.2100330107,0.7009974681,0.0003165875,0.0009830876,0.402,0.332,32.1580847088307,14.9701428816971
"21127",0.0727717474,0.0003810734,5.0809780883,120.18,0.08278913,0.0468290072,11169.16,6.9,0.2236255389,5.2685504984,4.4053527227,0.1202453643,0.156534465,0.137319875,0.404,0.2338032033,0.427112232,0.0012655024,0.0006960263,0.39,0.336,37.9650721336371,37.9650721336371
"21129",0.0698365527,0.0002962085,4.4431279621,105.13,0.0783489867,0.0438162544,10876.3,7.4,0.2728200109,5.7133136547,4.6850714585,0.1181496618,0.1766525985,0.1520329712,0.387,0.2655090792,0.7852161785,0.0015801949,0.0006584145,0.387,0.328,57.344929752461,57.344929752461
"21131",0.0805970149,0.0001867239,4.6680982168,125.06,0.0923053056,0.0485027415,12709.43,7.1,0.2599402799,5.5867459797,4.5683616489,0.112991207,0.1689387809,0.1473864397,0.419,0.2451163167,1,0.0004579593,0.0011906943,0.416,0.353,46.6316411228899,37.3053128983119
"21133",0.0761536833,0.0006487048,8.2169268694,180.12,0.0862130388,0.0484943293,12231.35,NA,0.2318884384,5.1137625958,4.4536140538,0.1228281496,0.1574018199,0.1412335115,0.446,0.2423717532,0.5778375953,0.0005137206,0.0007277709,0.389,0.352,47.649989170457,15.8833297234857
"21135",0.0773618538,0.0002192662,5.8470983774,74.21,0.0882101405,0.0493090452,10864.42,7.4,0.2465023601,5.4549567093,4.4882414657,0.122437132,0.1684397401,0.1467149781,0.401,0.2555878401,0.2460706561,0.0002161383,0.0007925072,0.429,0.339,46.3369427372939,60.9696614964394
"21137",0.0805332268,0.0003679025,13.080979438,85.36,0.0939541348,0.0474181573,10177.7,6.7,0.2199017031,5.1246379194,4.3598844268,0.1234699413,0.156537872,0.1394585808,0.391,0.241662669,0.2977932261,0.0010636122,0.0006545306,0.344,0.315,43.6681222707424,28.6572052401747
"21139",0.0716324589,0.0003220266,15.027908974,97.95,0.078692715,0.0522312373,11529.97,7.7,0.1814106582,4.4617321121,4.1000570291,0.1342593795,0.1338395069,0.1260183804,0.362,0.2121452026,0.5160205904,0.0003205471,0.0007479432,0.325,0.322,42.9430289149728,57.2573718866304
"21141",0.079916356,0.0002972873,18.208844296,102.56,0.0916411043,0.0521440311,10888.55,7.4,0.2200794405,4.9518517903,4.2840865344,0.1227674799,0.146216394,0.1318786546,0.37,0.2290441065,0.4224333892,0.0005583057,0.0001488815,0.374,0.321,54.7467960681847,13.6866990170462
"21143",0.0736902706,0.0003611847,12.039489526,76.31,0.0762690673,0.0665101721,10144.34,8.3,0.1764506962,4.1487392348,3.7838382889,0.1355641768,0.1230365287,0.1144279171,0.364,0.1993666524,0.2400769786,0.000118624,0.0005931198,0.293,0.285,120.943358193913,44.3458980044346
"21145",0.0667114997,0.0008766803,18.148820327,60.34,0.0761006289,0.0421566605,9897.5,7.1,0.1776020567,4.3281136904,4.0066682958,0.1395869435,0.1323187997,0.1225976766,0.345,0.2168410683,0.7266529398,0.0011176435,0.0023118378,0.317,0.274,51.6634611449851,21.9953349429144
"21147",0.0880106769,0.0002796733,3.3560800984,92.8,0.1042566317,0.046961326,10835.52,6.6,0.3342391147,6.4823534716,4.9945747793,0.1104280109,0.2092642437,0.1678336254,0.418,0.331390426,1,0.0007837429,0.0010636511,0.358,0.352,61.9695034928266,71.3588222038609
"21149",0.0785183253,0.0001051304,19.974768713,34.19,0.0883269196,0.0557235421,8893.94,8.3,0.2007344941,4.7558449974,4.2021198975,0.1303714117,0.1413264217,0.1297808876,0.36,0.2171877181,0.2397439933,0.0001055075,0.000211015,0.368,0.321,80.800983664149,73.7748111716143
"21151",0.0645152179,0.0006490253,9.9061759883,57.5,0.0747389841,0.0368514459,9751.11,6.9,0.1961286924,4.5898307602,4.192718068,0.1576791741,0.1374199213,0.1277341295,0.366,0.2258932434,0.7228279222,0.000812915,0.000675521,0.362,0.254,28.3327855661457,14.3552780201805
"21153",0.0945292147,0.000390381,2.3422860712,125.43,0.1087479428,0.0563145618,11890.71,6.8,0.2516002476,5.4940371957,4.7559636603,0.117854796,0.1692054927,0.1495382287,0.404,0.2683267732,0,0.0010067374,0.0009292961,0.359,0.316,41.6612420257779,39.0574143991668
"21155",0.0664287503,0.000464756,7.229537826,61.1,0.0763453212,0.0435761047,9778.17,8,0.2227231651,5.0726619606,4.2911581284,0.1279383746,0.1503538994,0.1345679464,0.384,0.2276334908,0.4682139253,0.0015494577,0.0004998251,0.35,0.309,56.3361046144391,10.2429281117162
"21157",0.0669856459,0.000417993,19.93505032,70.67,0.0742143971,0.0474601971,9890.48,8.5,0.1644953139,4.1710887067,3.7131280878,0.1268558517,0.1212337376,0.1152228626,0.358,0.1829263721,0.5946642076,0.0001615352,0.0004522986,0.371,0.273,79.2130080604588,37.4656119204873
"21159",0.0813525276,0.0003250183,4.8752742342,156.12,0.0931199015,0.051510457,11814.45,7,0.280361809,5.7948094233,4.6540631064,0.1272013089,0.1824557106,0.1526037079,0.437,0.2896716713,0.4892876479,0.0003190556,0.0001595278,0.377,0.359,35.2819844759268,37.9959832817674
"21161",0.070662733,0.0008187613,19.884203755,54.16,0.0793984962,0.0491125699,10069.32,7.2,0.2014172121,4.9832104291,4.3201830416,0.1393622006,0.1464908094,0.1319879226,0.378,0.2280262003,0.6036020583,0.0035535361,0.0008155657,0.298,0.268,38.8689145855602,60.2468176076183
"21163",0.0658845142,0.0002148689,6.4460678986,70.71,0.0726471262,0.0486913291,11162.19,7.6,0.1870533731,4.5506949231,3.9934789081,0.1445001134,0.1345846707,0.1227423473,0.366,0.2303658637,0.6004125586,0.0009952298,0.0001715913,0.362,0.266,51.6498608975337,17.6079071241592
"21165",0.096082635,0.0003145643,4.7184649261,60.41,0.1086622245,0.0591317365,9436.9,7.5,0.2339860966,5.238747611,4.4465109693,0.1265893806,0.1579585696,0.1408834013,0.404,0.2548876353,0.9023152553,0.0014315254,0.0007952919,0.328,0.313,68.2307248202383,62.9822075263738
"21167",0.0646960722,0.0003737095,15.882655206,79.83,0.0728617515,0.0436903068,10311.34,7.3,0.197101376,4.7763960397,4.1203078553,0.1293060765,0.1399172847,0.1280486024,0.377,0.2135309625,0.5354179363,0.0011257564,0.0004221586,0.348,0.311,46.7267884678286,23.3633942339143
"21169",0.0799601445,0.0001009184,9.0826521344,94.52,0.0904365904,0.0534062237,10750.93,8.1,0.2231243312,5.1736531678,4.4103093144,0.1223823838,0.1575972101,0.1405760799,0.404,0.2279214402,0.0978314685,0.001001001,0.0003003003,0.324,0.305,33.425811411572,30.0832302704148
"21171",0.0876396648,0.0004687354,8.4372363364,203.85,0.0949103713,0.0696920583,13009.04,7.8,0.2255435978,5.1884267228,4.4470009636,0.1196358456,0.158548882,0.1414161279,0.395,0.2355713693,0.5251299827,0.0006539611,0.0006539611,0.352,0.328,31.2900904283613,37.5481085140336
"21173",0.0749199758,0.0005070994,9.4175601275,49.42,0.0879463216,0.0424206467,10608.38,7.2,0.2201729463,5.1875577514,4.3517072967,0.1336535315,0.1551273422,0.137002082,0.38,0.2378536737,0.5872674441,0.0028754459,0.0009827473,0.351,0.316,50.6921897819029,19.3113103931059
"21175",0.0826957342,0.0003013183,6.0263653484,85.58,0.0931248239,0.0533489097,10364.22,6.7,0.2504805171,5.576668361,4.5750123653,0.1306478512,0.1695796167,0.143920341,0.453,0.2583765818,0.3104934281,0.0015034203,0.0004510261,0.367,0.345,35.1088373959274,12.5388704985455
"21177",0.0825498074,0.0003848251,22.127441234,97.84,0.0940084388,0.0518770322,10044.07,7.8,0.2080465182,4.9660253808,4.0942474627,0.1213947995,0.1457278641,0.1296525833,0.375,0.2207060148,0.3108987587,0.0001922646,0.0006729259,0.381,0.327,40.6773855145689,17.1273202166606
"21179",0.0619786388,0.000509684,11.080086868,47.41,0.0698866114,0.0436328938,10194.35,8,0.1862167399,4.4639964076,3.9894389962,0.1431324421,0.1317953898,0.1226757623,0.384,0.2165378589,0.7768722518,0.0012719807,0.0007140944,0.334,0.286,45.7574706451065,16.9745455618944
"21181",0.0831053352,0.0004206984,11.218622914,78.59,0.0893364929,0.0682215743,10534.01,7.9,0.2222283385,5.0645335289,4.3632606413,0.1257320947,0.1536459401,0.1381325006,0.368,0.2363254271,0.0573230554,0.0002840506,0.0004260758,0.349,0.31,32.9318780579601,32.9318780579601
"21183",0.0746223565,0.0002477701,15.279154278,89.17,0.0881454649,0.042430246,10551.1,7.4,0.2024540671,4.663473818,4.3112795084,0.1318951821,0.1420502705,0.132222346,0.385,0.2275013828,0.0301149232,0.0001251199,0.0006255995,0.372,0.349,44.094748591035,15.1575698281683
"21185",0.0424067453,0.0006936416,7.5529865125,48.5,0.0473105614,0.0333731309,9624.72,8.6,0.1392382175,3.5481216241,3.407306336,0.1664742013,0.1010422929,0.1004048947,0.351,0.1721440071,0.8860832946,0.0008032761,0.0005197669,0.247,0.208,38.6747453912595,10.3132654376692
"21187",0.0646609789,0.0003727866,13.047530289,105.21,0.0698142415,0.0529570932,10938.31,8.1,0.1948893669,4.8331242366,4.1349280276,0.1329943163,0.1369050546,0.1243979538,0.376,0.2217893204,0.2624296652,0.0003757633,9.39408e-05,0.339,0.338,40.6034294281163,62.4668145047943
"21189",0.0839315295,0,4.4832997086,106.26,0.0967741935,0.0473738414,10298.78,6.9,0.2520537842,5.693663346,4.7262401602,0.1178179228,0.1772982738,0.1532722337,0.395,0.2666950834,0.5514195584,0.0004436557,0.0013309672,0.378,0.266,59.4353640416047,59.4353640416047
"21191",0.0632183908,0.0001388118,11.104941699,103.63,0.068300255,0.0501813785,11048.88,8.4,0.1729811122,4.3727373295,3.8865810005,0.1492234411,0.1264140369,0.1180991509,0.376,0.2059540952,0.4287154668,0.0005519906,0.0001379977,0.364,0.294,50.6200961781827,23.0091346264467
"21193",0.0800070182,0.0011246145,7.6183566116,144.86,0.0932418849,0.0426948052,13097.38,7.4,0.241368134,5.270961793,4.335366648,0.1194987484,0.160555362,0.1398864287,0.393,0.2468262586,0.5872805795,0.0066311556,0.002246621,0.397,0.323,25.4530028483122,18.180716320223
"21195",0.0840149289,0.0009871828,7.444329363,114.97,0.0971051862,0.0463418269,11394.74,7.5,0.2485825671,5.1565712225,4.4813607306,0.1181068508,0.1561469789,0.1375576012,0.451,0.2424901938,0.5965028297,0.0009360028,0.0011263762,0.401,0.346,36.6812132850724,17.8011770354028
"21197",0.0822464473,8.15062e-05,8.965685875,65.17,0.0974200484,0.043754175,9913.22,7.4,0.2203137765,5.0197898197,4.4262191455,0.1311902614,0.1535277018,0.140007017,0.402,0.241346011,0.8171727583,0.0004021232,0.0008042464,0.369,0.325,32.4227932236362,32.4227932236362
"21199",0.0807544831,0.0007525634,9.563826785,64.66,0.0956533263,0.041589712,10239.27,7.1,0.2141357014,5.1137020948,4.3515278373,0.1256926324,0.158064137,0.1364973992,0.375,0.234747557,0.555095698,0.0024441833,0.0008773991,0.346,0.302,77.7811999185647,21.4028805145044
"21201",0.080557238,0,23.386342376,NA,0.0884244373,0.0559440559,11762.15,4.8,0.1985214395,4.7291767882,4.1793479865,0.1247459883,0.1420588311,0.1302067579,0.367,0.2170070885,0.5100788782,0,0,0.343,0.282,15.4083204930663,0
"21203",0.0721320973,0.0003541495,6.4927399363,121.4,0.082343704,0.0440284735,10791.74,7.8,0.2271499933,5.1820943727,4.4279987599,0.12096974,0.1563423214,0.1406068618,0.384,0.2420474046,0.5706496248,5.94318e-05,0.0005943183,0.339,0.355,41.4872179856968,51.3651270299103
"21205",0.0721304276,0.0009208103,10.045203415,70.92,0.0821998382,0.0433615528,11202.96,7.2,0.2187785547,5.3612210775,4.5104954752,0.1497933485,0.1584527566,0.1395929425,0.375,0.2277956576,0.9405134359,0.0030014796,0.0017755231,0.358,0.258,37.5010416956027,13.8892747020751
"21207",0.0924957603,0.0003963311,10.191371306,63.57,0.102005231,0.0675776398,9703.64,7.3,0.219328009,4.9636615821,4.4392232893,0.1242597529,0.155258692,0.1411249732,0.368,0.2408292438,0.6365499573,0.0009001913,0.0005063576,0.315,0.294,79.0097445351593,86.5344821099364
"21209",0.0587600009,0.0004769172,8.9660434948,59.91,0.0672520082,0.0395145561,9469.4,7.9,0.1612654273,4.3336317678,3.7552733266,0.1670609613,0.1208660371,0.1122999133,0.38,0.1897329875,0.6329468128,0.0004094844,0.0004679822,0.343,0.235,24.7342652020599,13.3184504934169
"21211",0.0884421846,0.0004163745,11.176367461,57.62,0.0994741294,0.0630670307,10065.53,8.4,0.1812478064,4.2589550641,3.8784221225,0.1418055962,0.1248775053,0.1178203417,0.354,0.1997484274,0.7445928602,0.0009359331,0.0006239554,0.325,0.252,29.2152065149911,12.4164627688712
"21213",0.0600323407,0.0004442963,16.10574253,116.32,0.0679473834,0.0415647922,12743.94,7.3,0.2117135389,4.8371310045,4.0852979485,0.1331116969,0.1411318702,0.127456249,0.385,0.2170729547,0.7569111791,0.0009536632,0.0003926848,0.388,0.263,66.7717703793008,9.2738569971251
"21215",0.0594747683,0.0005029619,7.2650050296,65.72,0.0618303179,0.0543328748,10220.95,NA,0.150143243,3.9601594493,3.7083400296,0.1532380167,0.112030329,0.108696415,0.347,0.1894306922,0.4911200985,0.0003961965,0.0003961965,0.366,0.262,65.01225945464,52.009807563712
"21217",0.0724271943,0.0006687648,16.522423289,59.08,0.0842909193,0.0431432974,10832.83,6.9,0.2255290641,4.9015563389,4.3537472347,0.126864826,0.1533956942,0.1387765184,0.388,0.2447423755,0.6894174282,0.0013461615,0.0007126737,0.327,0.312,43.3788153639877,14.4596051213292
"21219",0.0877566835,7.98021e-05,15.960418163,85.74,0.1000142674,0.063057875,10767.24,8.2,0.2211449966,5.0082488241,4.2307653732,0.1280374642,0.1460648125,0.1311487243,0.384,0.2328198784,0.3756019262,0.0001597444,0.0004792332,0.366,0.402,45.5202699084239,48.1979328442136
"21221",0.0800576992,0.0002107778,17.564814164,67.88,0.0868278244,0.0624005094,10364.8,7.7,0.1973409017,4.5918229962,4.040392214,0.1255835875,0.1377962723,0.1261095975,0.363,0.2168325323,0.6066671316,7.07114e-05,0.0004949795,0.371,0.296,35.1790614226412,32.8337906611318
"21223",0.0663300123,0.0002280762,11.403808872,102.27,0.0739219713,0.0474592522,11256.37,8.2,0.1917305855,4.6657877274,4.0585890267,0.1381330376,0.1350792308,0.1242837394,0.366,0.2103330534,0.5412646157,0.0002276349,0.0005690872,0.391,0.337,72.5883476599809,57.3065902578797
"21225",0.0768382063,0.0001993355,13.953488372,78.03,0.0864235366,0.048,9872.76,7,0.2354549308,5.1993715065,4.4712467752,0.1317529255,0.1571119412,0.1399816093,0.396,0.2581044712,0.5322849337,0.0001318826,0.0001978239,0.326,0.32,68.7437631666482,37.6981927042909
"21227",0.0800011778,0.0007163149,9.4423325817,72.01,0.0932141189,0.0457245916,11000.69,7.4,0.1948153148,4.6139771595,3.9296042889,0.1592794709,0.137729306,0.1242731923,0.37,0.2041715923,0.6028894826,0.0018180309,0.0008052466,0.319,0.234,58.2903837133957,15.9959657632109
"21229",0.0892101187,0.0003315925,14.092680096,58.57,0.0893750894,0.0898836799,11025.39,7.7,0.1960363107,4.5494455677,4.0590927365,0.1321378863,0.1358533383,0.1255202954,0.372,0.2104595086,0.2089271998,0.0005017142,0.0002508571,0.335,0.301,82.8477534450857,66.2782027560686
"21231",0.0826593137,0.0006352619,8.7959343237,95.27,0.0966143683,0.042959964,9685.75,6.8,0.2772409393,5.7721978966,4.6902956162,0.1138561953,0.1765950431,0.1508218295,0.385,0.2602309474,0.2823715947,0.0006833935,0.0004881382,0.396,0.322,66.7719818249923,21.1716039932902
"21233",0.0870380792,0.0001518603,16.704631739,75.82,0.0949056116,0.0675808031,10789.06,8.2,0.206000931,4.7744322972,4.2171539437,0.1348224107,0.14095301,0.1295134622,0.386,0.2206350545,0.0088099258,0.0002266546,0.0009066183,0.356,0.338,73.0074014400081,15.1049796082775
"21235",0.0710079548,0.0009410723,9.4107226881,86.26,0.0851324828,0.0385462555,10775.46,6.9,0.2552612917,5.5961972499,4.664345137,0.128892001,0.1686994841,0.1476505261,0.402,0.2783382173,0.8067457979,0.01146382,0.0016618314,0.355,0.359,60.3371454032378,20.4218030595574
"21237",0.083176772,0.00013776,2.7552004408,97.92,0.0969339623,0.0483205657,11977.59,6.5,0.2911456003,6.1244450703,4.9343581592,0.1062612227,0.1918636935,0.1631683561,0.399,0.3018695827,0.3680489463,0.0013861935,0.0012475742,0.353,0.349,27.7366863905325,23.1139053254438
"21239",0.0735169292,0.000736634,16.283487768,37.99,0.0788966049,0.0606820461,8749.57,7.6,0.162834392,4.172265423,3.7593433324,0.1409149499,0.1193563852,0.1128454683,0.379,0.1913709065,0.6628172741,0.0006650237,0.0004303094,0.324,0.239,64.532782653588,21.9411461022199
"22001",0.1531965095,0.0003835275,8.7891717404,75.35,0.2032267654,0.0420519979,11648.57,7.9,0.2050966832,4.2416692827,4.4357986711,0.175594042,0.1322155083,0.1401113884,0.348,0.2132584882,0.4110533728,0.0003200717,0.000192043,0.366,0.346,27.169859569118,17.5804973682528
"22003",0.1410249383,0.0001946813,11.291515789,95.45,0.1864936313,0.0444701604,10985.73,7.2,0.207508022,4.1606419767,4.195817385,0.1858670791,0.1255454028,0.1302733149,0.351,0.2101462501,0.2539590126,0.0005833625,0.0003111267,0.34,0.304,59.6782563570316,12.9735339906591
"22005",0.0930041308,0.0003683395,5.6925201959,34.03,0.1214957096,0.0310442145,10653.6,8.1,0.157645183,3.5802530385,3.8540763854,0.1989780034,0.1068177913,0.1167820201,0.329,0.1792709884,0.8508790748,0.0005725077,0.0004443343,0.327,0.307,16.1979048847854,13.9637111075736
"22007",0.1314519513,0.000175116,6.1290605026,58.29,0.1656779358,0.0389998134,10910.65,6.7,0.2059557356,4.4369813685,4.3396066638,0.1700397869,0.1317656461,0.1359584635,0.332,0.1915211028,0.5764911831,0.0001302423,0.0001736563,0.439,0.332,35.0002187513672,35.0002187513672
"22009",0.15881557,0.0003162786,10.46152349,104.82,0.209191974,0.0445632799,12779.02,6.7,0.2332763215,4.4585605924,4.7320332957,0.1657525668,0.141148486,0.1481241905,0.379,0.215804693,0.1961352887,0.0002187386,0.0004131729,0.372,0.341,49.4467636687877,25.9392858590362
"22011",0.1462868973,0.0004113872,12.890132192,104.42,0.1911652704,0.0430749547,12730.61,7.1,0.1994846015,4.257086063,4.3289433417,0.1858663175,0.1272517396,0.1343990264,0.354,0.2002101196,0.2804734392,0.0003591359,0.000165755,0.363,0.29,47.4508837727103,14.6002719300647
"22013",0.1382660009,0.0002901494,16.68359205,87.25,0.176566416,0.0391481365,12371.94,5.9,0.2528509205,4.8931726368,4.8022207467,0.1482300271,0.1510774209,0.1528027051,0.379,0.221664737,0.1711837247,0.0001440403,0.0003601008,0.386,0.32,55.3736517719569,48.151001540832
"22015",0.1213523999,0.0004473737,7.9888156581,75.2,0.1569449941,0.0365026781,12161.91,7.7,0.1722911501,3.9034581948,4.0274728987,0.1813343911,0.1167525129,0.1255251878,0.337,0.1781441393,0.8172065072,0.0004477707,0.0004157871,0.351,0.256,26.5748240746646,15.4133979633055
"22017",0.1331293845,0.0011651953,11.890559135,66.26,0.1741646369,0.032932417,11207.97,5.8,0.207897927,4.2567868401,4.3977643475,0.1464970499,0.13418788,0.1394616457,0.387,0.2070938896,0.8187818911,0.0016983171,0.0011005412,0.379,0.295,29.6182565339468,14.0786331506653
"22019",0.1296214605,0.0006942069,10.865847033,54.35,0.1713034432,0.0294868773,10199.46,7.3,0.1891926838,3.9661959525,4.174654926,0.1730267416,0.1222963188,0.1312798948,0.343,0.197305816,0.7370569804,0.0009583984,0.0006237196,0.347,0.294,52.2969595687512,20.2818336789067
"22021",0.1543194053,0.0004002802,16.011207845,197.94,0.197119712,0.0510333193,13302.3,7.6,0.2137700007,4.6488138206,4.5172499257,0.1705336187,0.1385711912,0.1417997149,0.351,0.2139762755,0.3158310304,0.0007074995,0.0007074995,0.408,0.295,3.33622472809768,16.6811236404884
"22023",0.1315835216,0,11.735367464,59.91,0.1600475624,0.0585365854,8673.39,9,0.1486967228,3.616197853,3.988898697,0.1968239717,0.1072368548,0.1203463846,0.325,0.168370143,0.6654481649,0,0.000299446,0.36,0.323,29.4435175188929,29.4435175188929
"22025",0.1618085244,9.85513e-05,16.753720311,102.7,0.2022430594,0.0664423886,13130.68,6.5,0.2282116222,4.5906658178,4.5819699712,0.1678315662,0.1402545651,0.1422977305,0.356,0.2178824257,0.3060440088,9.85125e-05,0.0006895872,0.355,0.363,6.61835269201496,6.61835269201496
"22027",0.1573413443,0.0003682111,10.432648052,100.06,0.2001554606,0.0460291734,11385.81,6.2,0.263560549,4.8697516057,4.6543315055,0.1553244892,0.1515384175,0.1480067708,0.394,0.2389051607,0.4332654842,0.0001827931,0.0004874482,0.382,0.297,20.4754397100678,20.4754397100678
"22029",0.1590367652,0.000297885,15.390725846,99.8,0.2083797845,0.0486291775,12016.29,5.3,0.2415565898,4.8281933912,4.6424994501,0.1483810453,0.1514791672,0.1520001218,0.355,0.2323932272,0.2500240131,9.77231e-05,0.0002443076,0.35,0.344,19.8255352894528,9.91276764472641
"22031",0.1485440802,0.0001848292,15.525654295,82.93,0.1924944812,0.0429997065,12011.57,6.4,0.2282889874,4.6692131098,4.6011829543,0.1529602492,0.1441257072,0.1467795677,0.379,0.2220192415,0.5593487395,0.0001473731,0.0001842163,0.399,0.301,41.7983108564966,13.5229829241607
"22033",0.1187251751,0.0009043028,12.534890644,33.2,0.1498941642,0.0337914201,9889.59,6.5,0.1868047341,3.8355923559,4.2022935444,0.1766435874,0.1260299057,0.1333368076,0.334,0.1566049888,0.9476089974,0.0014460522,0.0010514705,0.322,0.254,32.8399381414983,10.672979895987
"22035",0.1390855175,0.0004105652,9.5798549336,133.45,0.1946443997,0.0293318848,12498.11,3.5,0.3781689254,6.3467434691,5.4751384079,0.1281747961,0.2112463511,0.1891989695,0.44,0.3082333584,0.0045108906,0.0002671297,0.0005342594,0.378,0.303,4.53206435531385,4.53206435531385
"22037",0.1224489796,0.0002538587,8.1234768481,77.13,0.1488491535,0.0496399177,11690.7,7.2,0.2145557728,4.438593974,4.2572547984,0.1620639897,0.1322241156,0.1333164657,0.379,0.1998287933,0.2791236986,0.0019179327,0.0009084944,0.392,0.262,45.6142721989458,57.4401946208947
"22039",0.1553707052,0.0006223513,10.372521708,136.32,0.2086255627,0.0378282154,14069.74,6,0.2448417164,5.0122498229,4.7768649396,0.1659855588,0.1538331599,0.152150379,0.349,0.2297751774,0.545815678,0.0004154303,0.0004154303,0.384,0.339,31.6355583676052,36.5786143625435
"22041",0.1671019863,0.0002939735,15.678588927,100.82,0.222612977,0.044431946,14134.82,6.4,0.2383858875,4.933070072,4.722157574,0.151084951,0.1515665403,0.1529352898,0.347,0.211812171,0.2724514855,0.0004402916,0.0010762683,0.381,0.364,16.344943691669,17.9794380608359
"22043",0.1339329418,8.95135e-05,7.6086470035,86.17,0.1715534979,0.0421502749,11993.14,7.7,0.1978230562,4.3457882105,4.1881641139,0.1901337714,0.1259607146,0.1287176088,0.326,0.1997457476,0.8094491013,4.46748e-05,0.0001786991,0.366,0.287,26.8288320515114,14.9049066952841
"22045",0.1565207767,0.0004858103,7.2871543662,44.99,0.207337359,0.0434654487,10435.8,7,0.203487779,4.1523081213,4.2726273665,0.1743877319,0.1259379494,0.1340215642,0.361,0.1869979513,0.7367012561,0.0004058826,0.0004600003,0.4,0.3,14.0088300819291,11.7493413590373
"22047",0.1298622612,0.0002417284,7.8561716271,43.78,0.1660500056,0.0381868132,10768.08,7.1,0.2124234332,4.2385369389,4.3401474782,0.1676679084,0.1314064781,0.1366791226,0.378,0.2089620518,0.4554766825,0.0002100399,0.0004200798,0.388,0.278,11.0728594149504,5.03311791588653
"22049",0.1343755197,0.000189179,17.656703241,99.7,0.1707061291,0.0454293629,12312.31,6.4,0.223971263,4.6242330452,4.6256209982,0.1524693051,0.1419930868,0.1468203182,0.372,0.2121133873,0.4325304166,0.0004376641,0.0001875703,0.351,0.324,35.6693243810323,27.2765421737306
"22051",0.1550614474,0.0008824709,7.2660592516,49.3,0.194627618,0.0423389976,10185.73,7.9,0.1994860684,4.4449403447,4.4053364592,0.1962900504,0.130672996,0.1307903571,0.367,0.1864130124,0.9693401025,0.001321962,0.0007275381,0.354,0.264,46.9998792523427,14.5967104669877
"22053",0.1424501425,0.0004453068,9.8603645154,97.36,0.1857595282,0.0451735616,12619.38,7.8,0.2023003931,4.4533026081,4.5214047712,0.1686872083,0.1357597145,0.1405650236,0.338,0.2095929372,0.3596252453,0.0004447692,0.0003176923,0.393,0.301,38.164297299876,12.721432433292
"22055",0.1351533309,0.0010287466,7.8301360278,51.48,0.1735778577,0.0359286457,10774.76,7.5,0.1813555699,3.8029756991,4.2144742888,0.181610918,0.1163954599,0.1291205383,0.337,0.1652139917,0.8848802679,0.0013494933,0.0008911748,0.326,0.262,14.9203781688373,14.5020498089634
"22057",0.1605949298,0.0004576659,5.1868802441,73.21,0.2050970874,0.0461006211,10166.38,7.8,0.1800446218,4.198595848,4.3732179214,0.2071752186,0.1236270502,0.1301317482,0.325,0.1881772746,0.7597333832,0.000775352,0.000336666,0.418,0.313,48.5321567961989,22.0600712709995
"22059",0.1377684652,0.0005342594,14.692133031,157.93,0.1772579435,0.0486591098,13381.19,7.8,0.1958500711,4.1617010402,4.3741014011,0.1868516591,0.1278712363,0.1363513758,0.342,0.2029534888,0.1679650772,0.0002695599,0.0006738999,0.306,0.319,26.7469073888332,24.5179984397637
"22061",0.1596439807,0.0006698204,13.815045841,63.65,0.2000289111,0.0455721393,10970.51,5,0.2465139411,4.7884485217,4.6983523487,0.1659107059,0.1535129209,0.152952415,0.37,0.2209024137,0.6101422916,0.0011970515,0.0004200181,0.352,0.286,46.1099932930919,13.2740889783143
"22063",0.1205200895,0.0001959532,6.8220744912,53.29,0.1572460086,0.035363142,11622.33,8.5,0.1776354522,4.3854234623,4.2598993825,0.1965608436,0.1195893142,0.1256490124,0.35,0.1957551063,0.7129801759,0.0001988936,0.0001399621,0.331,0.308,25.6238562936784,20.3056974402735
"22065",0.1476201697,0.0005211047,9.5535869376,91.12,0.2014189306,0.0351370344,13669.26,5.2,0.3172520679,5.5287618983,5.1642809955,0.1297408009,0.1850169548,0.1757997847,0.409,0.2701047691,0.6903994046,0.0005066284,0.0003377523,0.396,0.335,5.73312311881898,5.73312311881898
"22067",0.1429310507,0.0003788596,17.048683463,85.17,0.1888770196,0.0351302241,12201.37,5.1,0.2637222934,5.0445825822,4.8541264743,0.1400580269,0.1582652631,0.1569322731,0.394,0.2301371942,0.768040316,0.0006352765,0.0005605381,0.41,0.328,30.2930856032111,32.8175094034787
"22069",0.1424948639,0.0006125731,13.782893897,82.64,0.1872396305,0.0358739732,12324.41,5.5,0.2374422586,4.7619491791,4.8075025365,0.1653835,0.1504539486,0.1534845609,0.385,0.2218266305,0.5747611586,0.001021294,0.0003829852,0.346,0.284,14.4672232292544,17.8712757537849
"22071",0.1391722384,0.0009034513,9.932831473,43.02,0.1724087278,0.0331653089,9858.27,5.7,0.2289434082,4.2462553684,4.3609882668,0.1899361962,0.1400789101,0.1436552625,0.38,0.2155703915,0.9513275495,0.0021544546,0.0004215237,0.307,0.24,33.9788164388827,11.9269077904159
"22073",0.1319384323,0.0008165296,13.013440843,60.23,0.1742385385,0.0338243584,12273.92,5.9,0.2152410911,4.3797624887,4.4234433078,0.1500032048,0.1371313313,0.1436810943,0.341,0.2088573264,0.719028103,0.0013433552,0.0011258596,0.375,0.307,39.5686590692005,9.78579740421087
"22075",0.1482682388,0.000170249,9.3636944031,39.03,0.1899107707,0.0533562823,9463.23,7.3,0.1852467588,4.050266752,4.1480511304,0.1851250471,0.1187334357,0.12553408,0.324,0.1868313576,0.6522003298,0.0005544419,0.0002985457,0.349,0.285,25.5660028974803,7.10166747152231
"22077",0.137547914,0.0003595344,8.0895240663,65.94,0.1748889229,0.0411064157,9901.1,7.3,0.2024768933,4.2366051332,4.3490283064,0.1594782204,0.1279482432,0.1348063353,0.351,0.1927724004,0.1832733971,0.0002677854,0.0002231545,0.334,0.302,43.4027777777778,17.9597701149425
"22079",0.1425805445,0.0007719027,13.470459585,58.12,0.1871496335,0.039235856,11148.34,6.2,0.2159664603,4.6603616126,4.3084753361,0.1629968029,0.1406089673,0.1379685743,0.367,0.2073865337,0.7344791168,0.002007729,0.0010416038,0.38,0.299,26.1929767562517,19.896588112922
"22081",0.146560319,0.0002327476,10.473641336,150.13,0.1883038585,0.0472440945,17720.03,6.7,0.2466058571,4.8197666215,4.6990012945,0.1477694094,0.1504740969,0.1510252778,0.371,0.2182242456,0.4770652293,0.0006921214,0.0004614142,0.343,0.322,38.7416705408337,38.7416705408337
"22083",0.1486133867,0.0007308873,12.181454953,118.49,0.1926429568,0.0491647684,13484.21,6.7,0.2283453072,4.8030318232,4.6487126791,0.1582080818,0.1456144527,0.1464657742,0.358,0.2189841943,0.203522316,0.0004821601,0.0011089682,0.369,0.319,19.4511532912972,12.9674355275315
"22085",0.1787706612,0.0002067312,15.298106343,110.24,0.2327503505,0.0552086756,11352.88,7.1,0.2067854042,4.4339588821,4.5392948999,0.1653598613,0.1332958678,0.141538578,0.35,0.1982632648,0.1632897289,0.0005372123,0.0001652961,0.398,0.349,19.3471711671872,19.3471711671872
"22087",0.1506747738,0.0001761804,5.5056377731,87.96,0.1992735736,0.0383672178,12698.11,6.4,0.2145905221,4.4589115527,4.4585018687,0.1812991203,0.1360023275,0.1402751631,0.359,0.2104745176,0.7899267348,0.0032876219,0.0002476975,0.406,0.324,37.6369875650345,14.7596029666802
"22089",0.1083679266,0.0002840264,9.2781943498,56.68,0.1385658617,0.0358172384,10080.75,7,0.1611979958,3.7115446912,4.0000657158,0.199480191,0.1112537831,0.121682216,0.347,0.1734756845,0.7636604775,0.000530856,0.0002464689,0.338,0.251,33.4427057041898,11.9888944977284
"22091",0.1528068949,0.0002839027,8.5170814801,73.27,0.1911322249,0.0476391231,13862.7,6.7,0.2728135748,5.156580634,4.8790208233,0.1387328002,0.1603328135,0.1570914733,0.386,0.2274402468,0,0.0004708541,0.0006591958,0.368,0.312,59.94069026437,69.4050097797968
"22093",0.1115307709,0.0002782028,10.200769694,60,0.140022892,0.0371014493,9516.43,6.6,0.1983935347,4.0129451718,4.2323378507,0.1648991927,0.1222230624,0.1302737836,0.365,0.1801073513,0.3776581305,4.6215e-05,0.000138645,0.376,0.347,29.3381921497174,30.8823075260183
"22095",0.1327438342,0.0002750653,5.2720854536,37.09,0.1707135131,0.039347749,9065.44,6.3,0.2067458032,4.234808343,4.2965160578,0.1655975097,0.1275093519,0.1318887913,0.377,0.1969254791,0.64796185,0.0006629329,0.0003200366,0.393,0.318,35.1139677256836,10.6868597425993
"22097",0.1488322026,0.0006798015,8.1099131762,56.1,0.200070338,0.0390972936,11595.93,6.2,0.2429582909,4.9390826199,4.6542327994,0.1571401819,0.1525542927,0.1503457355,0.383,0.2222940365,0.5013072052,0.0004181151,0.0005256305,0.372,0.31,29.032771237671,19.0900413617563
"22099",0.143679665,0.0001671775,4.8295718399,49.98,0.1858526007,0.0400290592,11030.2,7.9,0.2019909597,4.4181801463,4.333357311,0.1697237165,0.1311016649,0.1342146617,0.33,0.2041872813,0.5420628834,0.000168808,0.0001875645,0.356,0.343,22.9589778911248,24.2000037230775
"22101",0.1758296298,0.0005302026,9.27854573,59.06,0.228970188,0.0464213747,11383.06,6.3,0.2236165164,4.5650858536,4.4734468954,0.1656388761,0.1394055064,0.1426397023,0.357,0.2142000395,0.6178591034,0.0007147963,0.000526692,0.373,0.317,30.3672539777939,13.9183247398222
"22103",0.1197965772,0.0007797255,8.3170723905,60.9,0.1545027173,0.0357058032,12560.45,8.4,0.1499076414,3.8766585877,3.9788063352,0.1872911589,0.111725586,0.1207339883,0.318,0.181317799,0.8155044066,0.0013220572,0.0005898409,0.308,0.225,32.0205358369834,17.7447136096617
"22105",0.1508787443,0.0003650344,9.1646926333,76.87,0.1990509684,0.0336629433,13368.43,6.6,0.2117150328,4.4695516715,4.4078416207,0.1841577814,0.1339102488,0.1388114322,0.363,0.2154190203,0.6172985293,0.0008579367,0.0007083881,0.385,0.338,33.8926921146453,16.5582617964679
"22107",0.1660417783,0,10.548523207,69.94,0.2169848072,0.0558292282,11368.24,4.5,0.2995220132,5.597639746,5.1002166737,0.1165489506,0.1850837175,0.1750444688,0.403,0.2451127802,0.2705635948,0.0002070393,0.0010351967,0.347,0.348,0,0
"22109",0.1747744993,0.0003772856,5.439932615,63.5,0.2262648164,0.0535849554,10497.53,7.1,0.1977029209,4.3458857378,4.4512239913,0.2068334419,0.1305879039,0.1373358605,0.368,0.1977745374,0.8394689791,0.0011382889,0.0007235635,0.392,0.305,38.4705744155997,14.0960883354869
"22111",0.1566595721,0.0001334698,14.23677537,85.92,0.1995016353,0.0486177312,12718.36,6.9,0.221935768,4.6501638171,4.4570423051,0.1519609267,0.1410667425,0.1432444588,0.343,0.2030906574,0.3210246028,4.43675e-05,0.0001774702,0.362,0.303,54.8123787090944,8.88849384471801
"22113",0.151876466,0.0003173278,6.1795407098,66.32,0.1993669113,0.0439948023,10820.73,8.1,0.1869775469,4.2200469433,4.4209350379,0.1783244284,0.1253127837,0.1338489492,0.339,0.1969204347,0.6306832876,0.0001341922,0.0002683843,0.357,0.303,15.581871605378,13.9123853619446
"22115",0.1178754068,0.0003739937,8.660905852,156.47,0.1550477967,0.0339095745,14593.8,6.2,0.2059423115,4.3978842854,4.4098992294,0.1988240478,0.1278527377,0.1313519196,0.339,0.2099795975,0.7038827531,0.0008823755,0.0009207397,0.341,0.302,8.46883468834688,18.2405670210548
"22117",0.1577247153,0.0004744345,10.566949171,91.52,0.2085561497,0.0378030764,14077.95,7,0.2389478653,4.8542889531,4.6959009269,0.1476340034,0.1488800867,0.1503296543,0.364,0.2187586451,0.4568139417,0.0007129586,0.000216048,0.365,0.371,51.8108615714522,10.074334194449
"22119",0.1444890984,0.0006496589,13.992653857,85.22,0.1861368653,0.0406521279,11476.26,5.9,0.2344974086,4.7872734197,4.5721280467,0.1506207909,0.1449432249,0.1457875921,0.378,0.2090532148,0.4955468731,0.0005206655,0.0004710783,0.385,0.344,27.4853411513859,17.490671641791
"22121",0.1102380296,0.0001961554,7.4539034916,45.91,0.1402833878,0.035825062,11296,7.3,0.1870789484,4.010331006,4.1218260998,0.1785451962,0.1212931408,0.1280640859,0.355,0.1927385285,0.9452244829,0,0.0003189157,0.397,0.269,22.2600497577583,17.0223909912269
"22123",0.1706102117,0.0003542017,22.137607367,164.3,0.2155339806,0.0673631124,13110.81,6.9,0.2139685776,4.5154977956,4.4882211132,0.1606207231,0.1398446418,0.1435134431,0.336,0.20805963,0.2690451568,0.0001735358,0.0006073753,0.418,0.298,17.6824236708712,17.6824236708712
"22125",0.1145480909,0.0006499838,5.8498537537,32.56,0.1430787795,0.0500573175,11259.29,6.1,0.2218746704,4.3415579783,4.1298239332,0.1721746465,0.1317079292,0.1296273795,0.395,0.217262726,0.36544,0.0003245489,0.0001298196,0.318,0.264,21.6755175029804,15.1728622520863
"22127",0.1508205999,0.0005491488,12.355848435,106.81,0.1972944013,0.042108452,13237.64,6,0.2434396653,4.9401163024,4.6387449728,0.1613012099,0.1526733197,0.1493197932,0.393,0.2310908929,0.8001697904,6.78288e-05,0.0004069728,0.38,0.304,38.9131778332227,27.4681255293337
"23001",0.0927921607,0.0008765958,8.9524679903,42.38,0.1080285376,0.0510285307,8723.92,7.6,0.1444203381,3.8933244622,4.0737960987,0.1750992913,0.1146677192,0.1156717811,0.33,0.1826652466,0.8371617983,0.0040580789,0.0013868206,0.334,0.224,75.4677134835648,19.565703495739
"23003",0.1240655988,0.000932564,11.511336481,64.83,0.141448597,0.0691322029,9150.7,7.3,0.1687835428,4.120986272,3.765485202,0.1564966212,0.1206890983,0.1174169231,0.345,0.2008422117,0.425573953,0.0044062379,0.000950365,0.346,0.296,91.7324325111389,22.3264121455682
"23005",0.091463103,0.0016242668,12.966545623,35.66,0.1057351164,0.0472859445,8615.82,7.9,0.0970340284,2.8703385913,3.5679908314,0.2217090912,0.0888361304,0.1045936702,0.274,0.1298641588,0.8353344647,0.0059277894,0.0012821537,0.243,0.153,98.7566321574128,12.531400355248
"23007",0.1108011507,0.0011336734,9.3361341736,52.15,0.1248579868,0.0658523633,8043.32,8.1,0.1293449467,3.7180649345,3.9229919987,0.1760762739,0.111411852,0.1185650225,0.336,0.1813733277,0.5809607384,0.0024755743,0.0007921838,0.336,0.218,95.25075314549,17.7210703526493
"23009",0.1189623254,0.0014270294,13.721436543,53.71,0.1327507669,0.0728996737,9702.11,7.9,0.114524364,3.2754213794,3.4905814117,0.1900333399,0.1010970178,0.1073742248,0.277,0.1472769025,0.6993458047,0.0032543513,0.0012249525,0.249,0.164,82.4306666503841,19.5391209837947
"23011",0.0881061394,0.0012752125,14.50241707,38.52,0.1018987169,0.0460377047,8384.35,7.9,0.1349058657,3.5300779459,3.55884979,0.1786510656,0.1038572052,0.1075599825,0.332,0.149877337,0.7764897545,0.0039880441,0.0013706321,0.321,0.217,93.1811834839809,19.9081460262511
"23013",0.1177843947,0.0009032744,12.545477355,38.13,0.132126899,0.0749504296,7970.93,7.9,0.1130707711,3.0942422563,3.4266733373,0.2010857026,0.0939731919,0.103856073,0.315,0.1365647382,0.6325498289,0.0047131767,0.0007057163,0.249,0.18,82.1630685390903,17.6063718298051
"23015",0.1262813786,0.001118667,12.952986547,37.67,0.1397613065,0.0830138356,8370.2,8.3,0.11158585,3.3908011739,3.4905189843,0.1993335009,0.1000657431,0.1073788395,0.277,0.1426600876,0.555271788,0.0016973954,0.0008779631,0.247,0.185,89.8832494748669,18.5628450002442
"23017",0.1106447836,0.0006293486,10.838781861,59.45,0.1287122987,0.0539657304,9136.67,7.8,0.1497411631,3.951260593,3.98882722,0.1696662874,0.1150792084,0.1205980632,0.351,0.1912560662,0.3622499265,0.0022712184,0.0005241273,0.338,0.251,93.7916892407534,15.1464839767676
"23019",0.1146698168,0.0012639824,10.675084484,66.44,0.1317627752,0.0592862295,9641.18,7.4,0.1381812087,3.9567865209,3.8431132815,0.1889823427,0.1125866619,0.1146435357,0.327,0.1750527246,0.5841037402,0.0044194141,0.0017534254,0.319,0.217,98.0537745243628,14.1948671360436
"23021",0.1169335659,0.0008859489,12.993916485,67.48,0.1315414376,0.067366283,9667.41,7.6,0.1475485761,3.8741010755,3.9050487469,0.1512272132,0.1167360174,0.1210435343,0.336,0.1861405778,0.470544625,0.0018794784,0.0009984729,0.348,0.261,70.8661417322835,19.6850393700787
"23023",0.0802307665,0.0006828075,9.6731059205,37.71,0.0904600621,0.049365102,7801.72,8.2,0.1244095994,3.5702805152,3.5772268091,0.1936692096,0.1018364239,0.1073752268,0.299,0.1602457067,0.7583656816,0.0020830361,0.0001426737,0.249,0.172,97.6608797064485,18.9632776129026
"23025",0.1111359016,0.0007043218,10.956116839,63.5,0.1294232649,0.0548440708,9790.14,7.2,0.1571659229,3.953023087,3.715871946,0.1640794217,0.1189003003,0.1183306552,0.333,0.1787316622,0.3744543157,0.0015440846,0.0007231789,0.346,0.236,79.6391432917077,18.9306160283568
"23027",0.1201723744,0.0007151066,8.4280423956,42.19,0.1387528987,0.0628380118,8462.82,7.8,0.1273932223,3.3950946864,3.7119049549,0.1700703377,0.1063724942,0.1143730798,0.319,0.1847525217,0.4394369102,0.0020229956,0.000665796,0.287,0.183,56.9873266989878,23.8155992174875
"23029",0.1570543877,0.00056917,7.5889328063,88.66,0.1810330417,0.0841551611,9380.57,7.3,0.1594841404,4.2254704573,4.0178101805,0.1735002032,0.1254605413,0.1247502279,0.325,0.1970141049,0.3854699294,0.0045900402,0.0009117203,0.309,0.254,89.5840139961848,25.2943098342169
"23031",0.0973586958,0.0007953512,8.1026400688,49.42,0.1127429876,0.0501887903,8397.09,8.2,0.119628215,3.3966769851,3.7406580207,0.1857656762,0.0950391785,0.1057287137,0.302,0.1567922454,0.7762401652,0.0033780081,0.000478302,0.296,0.198,70.172883476603,16.7157104507946
"24001",0.0644913775,0.0006066623,18.199867637,63.28,0.0749740552,0.033138839,10418.61,7.1,0.1518517268,4.0117403751,4.0896393919,0.1644636719,0.1145759008,0.1178479984,0.354,0.1719452223,0.7431246421,0.0018231166,0.000959535,0.383,0.268,54.2254491981067,14.7052065621984
"24003",0.0572446219,0.0006912504,8.2772800184,51.9,0.0658057821,0.0350469788,9137.17,8.9,0.1179497583,3.6728664713,3.0559960843,0.1836866915,0.0985382339,0.0927218066,0.348,0.1402604404,0.93376434,0.0013371824,0.0007141161,0.291,0.188,53.6429341976069,11.4611555444226
"24005",0.0676859901,0.001013081,8.2297792879,48.62,0.0806725251,0.032247256,9745.46,8.3,0.1334926375,3.0508116812,3.5582657872,0.1517133827,0.0918867391,0.1023498657,0.381,0.1272398051,0.9629677937,0.0022142274,0.0007376727,0.309,0.226,67.1734404572937,10.6063327037832
"24009",0.0462511106,0.000562945,7.1747888956,54.07,0.0525233545,0.0312805909,9270.65,9,0.1090535868,2.6842968587,3.2129941714,0.1826941421,0.0809366571,0.0937631114,0.351,0.1439356417,0.8749112546,0.0016553916,0.0004083299,0.309,0.205,35.2346591597268,16.5162464811219
"24011",0.0871882873,0.0003683354,11.357009116,74.76,0.1020408163,0.0500250125,9789.21,8.5,0.141208895,3.3062459167,3.5271088984,0.1505904036,0.10327068,0.1100874747,0.334,0.172263905,0.7446924333,0.0003687996,0.0003380663,0.384,0.291,67.3696244653812,15.3112782875866
"24013",0.0435389702,0.000495147,9.1870641364,49.8,0.0499100145,0.027718771,9310.37,9.4,0.1002427579,2.6780604125,3.2280359752,0.1789342546,0.0791779375,0.0934529375,0.296,0.1298702653,0.9009836419,0.0016028124,0.0005481737,0.322,0.223,77.7161393166148,14.3109003345173
"24015",0.0617381451,0.0003613917,6.7394659217,64.67,0.0716547033,0.0364748983,9915.01,8.5,0.1339207234,3.7502097549,3.7042417981,0.1749130832,0.1022950195,0.1058746259,0.358,0.155622222,0.8722554101,0.0015529922,0.0003223191,0.322,0.281,27.9794903828635,15.616459748575
"24017",0.0496214199,0.0004035409,5.8929783881,54.9,0.0555162731,0.0358102509,9699.31,8.2,0.1171292819,2.8878218118,3.0459015027,0.156729928,0.0890547017,0.0954648278,0.453,0.137970348,0.802839967,0.0009563998,0.0004781999,0.358,0.225,38.4147512644856,11.9512559489511
"24019",0.0861686822,0.0003396739,11.116600791,80.55,0.1017673437,0.0436859109,9980.17,7.4,0.1626767251,3.9830984969,3.8219472234,0.1592799742,0.1162299186,0.1155799677,0.343,0.1753874703,0.5118032988,0.0020259071,0.0005218245,0.384,0.312,91.544949598848,15.4289240896935
"24021",0.0569377647,0.0006603566,10.476027425,41.38,0.0653962269,0.0364034942,9356.34,9.3,0.0984228174,2.8539033871,3.2416866971,0.1641575265,0.0843163853,0.095176412,0.336,0.1295422037,0.9393577136,0.0016497384,0.0006894429,0.292,0.2,58.3772746772959,10.1820827925516
"24023",0.0751556796,0.0005431093,14.935505771,45.61,0.083930688,0.0487557136,9184.58,8.8,0.1612241922,4.1499362722,4.014605876,0.1661566164,0.1158839548,0.1146072792,0.338,0.1538214749,0.6632886999,0.0005054079,0.0006401833,0.345,0.27,30.4864278939524,16.9369043855291
"24025",0.0440095824,0.0005953094,7.870869791,49.27,0.0496739398,0.0303265678,9815.4,8.9,0.1190090158,3.0720352569,3.4973291943,0.1688475822,0.0895134909,0.0996672535,0.356,0.1369990702,0.9397939761,0.0012434777,0.0004997901,0.303,0.229,66.9393034852354,12.7756921164664
"24027",0.0445727338,0.0019750235,8.6786167816,37.77,0.0516750041,0.0285260691,8630.45,9.3,0.1024020112,2.8050633977,2.7876299015,0.1463565474,0.0793216872,0.0852659869,0.328,0.1002639251,0.9837469739,0.0021986265,0.0005561232,0.244,0.156,44.3649587044155,7.55374596645924
"24029",0.0912288415,0.0009096882,14.65608733,58.81,0.1020683021,0.0580474934,9773.64,8.9,0.1449661504,3.6986445209,3.6566670678,0.1654547327,0.1040761553,0.1077599641,0.321,0.1437829609,0.517601624,0.0015640767,0.0005045409,0.295,0.254,64.040986231188,67.4115644538821
"24031",0.0849055858,0.0013652323,8.9701533291,29.07,0.1012690776,0.0429097503,8502.85,9.5,0.0975009447,2.4234959534,2.902941402,0.1362979056,0.0749864327,0.0888771931,0.343,0.0869922867,0.9986313732,0.0025144428,0.0006142965,0.212,0.152,50.5068991846331,7.57764030996402
"24033",0.1131995342,0.0005244438,7.7841974196,45.65,0.1370156049,0.0457068234,8724.63,7.8,0.1472287647,3.4340610616,3.0521716964,0.1521491871,0.0998793133,0.0970910997,0.467,0.1261810859,0.9859326863,0.0009442411,0.0003792444,0.356,0.222,30.7860282864085,5.6575756039462
"24035",0.0582541359,0.0003680681,8.1792900376,48.64,0.0652807794,0.0408819066,9210.64,9.3,0.1045212178,2.7989057428,3.1212560869,0.1927610765,0.0839950712,0.0950378793,0.336,0.1394289384,0.7350516758,0.0008605852,0.0002663716,0.3,0.212,46.3730163601274,15.6849908276901
"24037",0.0503283883,0.0003769758,6.7317099441,57.83,0.0588028117,0.0305986385,9694.31,8.8,0.1278238416,3.0627731563,3.2591446657,0.1883892235,0.0885144326,0.0969400051,0.347,0.1382782895,0.6850719442,0.0010327771,0.0003804968,0.355,0.22,55.6250037382395,9.86895227613927
"24039",0.0942386587,0.0003104626,10.478112387,47.64,0.1118736036,0.0442146942,9023.99,6.1,0.1957687877,4.5232028482,4.1603135814,0.1614433571,0.1377190946,0.1278355481,0.427,0.2031488414,0.1290139781,0.0017788778,0.0005800688,0.434,0.285,45.1292631036039,43.8398555863581
"24041",0.082433326,0.0009063766,13.062486671,48.81,0.0929133858,0.0530826652,9212.15,8.7,0.1209278101,3.1314108539,3.350697197,0.1712889235,0.0944077249,0.1020572833,0.313,0.1253566545,0.7589857604,0.0034800627,0.0011157453,0.284,0.195,125.408020776818,14.2306973931141
"24043",0.0689956846,0.0005882943,12.568105091,56.61,0.0825154869,0.0350606651,9739.78,8.1,0.1428600944,3.2039291116,3.7140095646,0.1630043959,0.0967843525,0.1087089013,0.357,0.1567147034,0.8068032287,0.001885367,0.0006685699,0.348,0.259,65.8582712203805,14.9071086883969
"24045",0.0814203217,0.0006740256,9.4754322555,51.82,0.0947695998,0.0463264258,9292.69,7.3,0.1600725209,3.4819795393,3.7486010894,0.1553853455,0.1036559526,0.1139954891,0.368,0.1547322039,0.8246888072,0.0020681709,0.0015560524,0.367,0.255,57.4251352427191,8.80953779291713
"24047",0.0770022159,0.000814901,18.044237485,43.91,0.0874048443,0.0457178974,9424.82,8,0.1197620984,3.3447470743,3.549019575,0.1609975915,0.0981619788,0.1054547762,0.319,0.1463793831,0.8581451393,0.0018771166,0.0007353653,0.333,0.255,55.6062046179013,11.6385079432817
"24510",0.081691963,0.0009471753,9.7612121271,56.74,0.0981955972,0.0317617207,10218.71,6.5,0.1981587502,4.0088713785,4.0158296796,0.1659238393,0.1236337027,0.1255440053,0.431,0.2363913764,0.9941783784,0.0032562986,0.0019091416,0.333,0.247,54.4826940804795,8.60536135525836
"25001",0.0345295906,0.0009984463,12.084000131,38.09,0.0400837977,0.0153278618,9408.56,8.2,0.1032199384,3.2377777896,3.6318499821,0.2102464189,0.0964052097,0.1108610752,0.289,0.1193586702,0.8849820277,0.0041598035,0.0007584429,0.204,0.152,94.790706781265,14.4516979191109
"25003",0.0340505906,0.0011265138,11.656288137,46.27,0.0400533686,0.0141231856,8742.4,8.2,0.1264714634,3.358344603,4.1014791085,0.1906175797,0.1020007875,0.1203407273,0.334,0.144810568,0.7898094026,0.0065182768,0.0009012159,0.245,0.205,110.576195865911,11.474888250236
"25005",0.0366336135,0.0005478005,8.4774378022,63.11,0.0445661839,0.0136212789,9848.48,8.3,0.1575545761,4.2965625531,4.5390659675,0.176648772,0.1201124344,0.1273096001,0.392,0.1731210397,0.9507154126,0.0038091354,0.0006640274,0.287,0.24,81.7712919864134,12.0410473914059
"25007",0.0410656462,0.0006936817,21.388519568,56.19,0.0468779836,0.0223105134,9807.97,8.7,0.1201088359,3.4023343891,3.9458101686,0.1897185985,0.0988152097,0.1157624534,0.328,0.1488625646,0.8041124887,0.0044365061,0.0004609357,0.228,0.181,50.0953738848962,73.2163156779253
"25009",0.034274225,0.0007821732,8.7495151686,60.3,0.0424513745,0.0119330389,9427.13,8.9,0.1351924913,3.1882789865,3.9939707657,0.1905230241,0.0976642519,0.118636172,0.361,0.1462364933,0.9672479241,0.0043375881,0.0007307328,0.253,0.207,105.156633473198,8.69134204647545
"25011",0.030350648,0.0007931899,12.322771632,50.85,0.0352693812,0.0135588056,7829.06,8.5,0.133006174,3.674788213,4.0251392425,0.187538517,0.1032537104,0.1182285108,0.318,0.1497339719,0.7223420949,0.0063221473,0.0005221416,0.269,0.185,102.905426137034,13.2172106964998
"25013",0.0402106879,0.0007010984,8.8805795747,60.2,0.0501837066,0.0132046864,8769.69,8.4,0.1860534661,4.4980706433,4.6422572462,0.1922387805,0.132002492,0.136864386,0.38,0.1819831852,0.9356016311,0.0063311553,0.0010893688,0.286,0.248,112.412404303789,9.59271465297822
"25015",0.0269904244,0.0013949855,9.2379039258,46.22,0.0309468822,0.0130597736,8337.15,7.9,0.1181807089,3.3806639708,4.0656681954,0.2034619209,0.1021094516,0.1191106204,0.289,0.1525814409,0.8565156883,0.0070958562,0.0007580512,0.198,0.158,76.8520412274015,10.3295754337905
"25017",0.029140311,0.0012686585,9.5322870739,52.51,0.035158832,0.0112099518,9338.77,8.9,0.108518799,2.7181453215,3.4476376243,0.1902010713,0.0804440825,0.1023296935,0.328,0.1184381975,0.9657564276,0.0045226595,0.0007399789,0.225,0.18,71.9881110033069,8.72455443658345
"25019",0.0417824321,0.0005491991,18.306636156,42.95,0.0477532047,0.0237791932,8424.39,8.9,0.1279778205,3.4040543087,3.9289754382,0.2122539356,0.0973171865,0.1122427214,0.332,0.1492362733,0.9408179316,0.0031319086,0.0005526898,0.225,0.169,45.7470493153192,36.5976394522553
"25021",0.0213047457,0.0012657628,9.8272614554,51.47,0.026159435,0.0082667279,9623.77,8.9,0.1118426021,3.0607782385,3.3826188357,0.1939219087,0.0877748811,0.1010199622,0.329,0.1176766086,0.9574465231,0.0046442491,0.0007800605,0.224,0.186,86.3599266923621,8.19963768150689
"25023",0.026710321,0.0006367642,8.3269167093,59.07,0.0325536714,0.0115446935,10071.25,8.5,0.1293269082,3.2979653377,4.157563458,0.2265920349,0.0985211344,0.1166157927,0.377,0.1617904969,0.8582454907,0.004068857,0.000569995,0.287,0.229,75.1806032737201,10.1895517903565
"25025",0.0463510574,0.0014984816,9.9341876135,50.74,0.0552578785,0.0116876977,9481.37,8.1,0.1605740149,3.6284968487,4.1268910433,0.2275898201,0.1133148685,0.12632771,0.35,0.1410815602,0.9962951319,0.0063447046,0.0021857169,0.209,0.18,53.4854621276998,5.70912236194548
"25027",0.029424582,0.0010293505,8.6939214592,52.97,0.0357928684,0.011861245,9734.19,8.5,0.1387208061,3.5785862145,3.951719279,0.2068980691,0.1045247075,0.1157218133,0.359,0.1715690994,0.9120019736,0.0038599834,0.0010313777,0.267,0.209,76.9159556562795,9.3799945922292
"26001",0.0932790838,0.0005797662,15.46043096,41.25,0.1019252548,0.0613107822,8634.83,8.1,0.1333647242,3.6547876887,3.6674377564,0.1592472958,0.1080969937,0.111963064,0.305,0.1597567026,0.7666788521,0.0003826287,0.0006696002,0.328,0.236,67.4049109292248,41.7268496228535
"26003",0.0948987854,0.0006394543,15.986358308,50.08,0.106047879,0.0603217158,9239.22,7,0.1466009861,3.8111021855,3.6503336877,0.1913646798,0.1129491249,0.1124802405,0.325,0.1912481322,0.8999062598,0.0006343165,0.0008457554,0.283,0.211,85.5279569509283,89.0916218238837
"26005",0.0667628678,0.0002529989,10.643402399,52.63,0.0803888986,0.0348156516,9797.52,9,0.127705203,3.4139535384,3.5463077098,0.2082770325,0.1015873221,0.1072000422,0.295,0.1663761263,0.6533103547,0.0006763463,0.0003162139,0.308,0.195,60.7522818440788,15.6967618161735
"26007",0.0792373072,0.0007638093,16.317744679,46.92,0.0909415121,0.0437379238,9719.93,8.2,0.1461777432,3.8405060564,3.7293172095,0.1943582561,0.1121120795,0.1152165915,0.328,0.1777291494,0.7867761335,0.0023457983,0.001069408,0.322,0.21,54.3384010636453,16.1859066998092
"26009",0.0886046239,0.000518269,13.820506176,34.97,0.0995160787,0.0572322826,9097.15,8.5,0.1368127726,3.5871028676,3.7009998862,0.1824015338,0.1081883767,0.113182148,0.316,0.1658053427,0.5777777778,0.0003868139,0.000257876,0.356,0.255,38.8126212894415,27.3125853518292
"26011",0.0867733058,0.000393159,10.484240875,82.74,0.098865296,0.0489824077,9877.82,7,0.1489544919,3.8255983216,3.8608586399,0.1871376691,0.1175982856,0.1204767901,0.335,0.1888886807,0.5843134788,0.0014980786,0.0008467401,0.328,0.272,65.5938429246108,21.8646143082036
"26013",0.0979769269,0.0010495627,11.66180758,80,0.1110859729,0.0636636637,10250.66,7.4,0.147906657,3.8071277268,3.7311569753,0.2017201045,0.114821255,0.1163291751,0.338,0.1956649198,0.5893905192,0.000924428,0.0005777675,0.319,0.232,66.0655992538474,77.724234416291
"26015",0.0620625581,0.0003371885,11.801598274,62.59,0.0725934315,0.0350877193,8397.85,8.9,0.1257323461,3.4462837308,3.47408953,0.204455044,0.1016025059,0.1058935237,0.313,0.1701997139,0.6824227266,0.0008434406,0.0004723267,0.342,0.225,51.5992978008604,19.6301676416317
"26017",0.0656256594,0.0004542916,10.316205908,74.37,0.0775722779,0.0316322041,10794.11,7.9,0.1282701039,3.4176724062,3.6237328885,0.2056521897,0.1044189752,0.111326737,0.299,0.1710992208,0.859609728,0.0020060464,0.0004709029,0.363,0.28,44.2219309190265,20.2157398486978
"26019",0.0929804373,0.0004009853,15.466575013,31.76,0.1034132466,0.0620730621,8198.56,NA,0.1224511559,3.3389946167,3.5084280734,0.2024815335,0.1011450679,0.1075991283,0.303,0.1668902146,0.8976319544,0.000970375,0.0004566471,0.298,0.265,85.6359899520438,87.5390119509781
"26021",0.0876730655,0.0008148167,12.610258931,34.74,0.1054320523,0.0415295011,8789.83,7.2,0.1445030245,3.6967572038,3.7449727447,0.2081000083,0.1155232787,0.1163212615,0.333,0.1923931579,0.7789724066,0.0015074114,0.0005990994,0.331,0.212,50.8753360251272,17.6770235341544
"26023",0.0775446596,0.0004809454,12.8252107,79.69,0.0930289541,0.0412844037,9561.33,8.4,0.1496111746,3.8310325427,3.7624601169,0.1989854568,0.1134664132,0.1155152848,0.349,0.187848139,0.5177908416,0.0011712022,0.0003904007,0.354,0.276,40.5707461955357,19.9026302091307
"26025",0.0737072599,0.0005956192,11.83793201,52.61,0.0892974976,0.03469113,9872.02,7.4,0.155405177,3.933200369,3.8161616803,0.1923405832,0.1162691166,0.1178903597,0.365,0.1953546299,0.7025252303,0.0023280298,0.0008600365,0.349,0.246,59.468058219229,17.8404174657687
"26027",0.0814323478,0.0001935846,9.8728149138,49.89,0.0973959197,0.0381430585,8838.02,8.4,0.1309046068,3.6693626076,3.6305001314,0.1995718864,0.1066638746,0.1098190182,0.322,0.172404882,0.6119557111,0.0008913347,0.0002518989,0.363,0.264,46.4924062403141,18.7261080690154
"26029",0.0782779828,0.0008765912,16.769570851,45.08,0.0909390662,0.0430481773,8404.95,8.5,0.1292744527,3.4753971594,3.6796368562,0.1936388494,0.1048329923,0.1111898436,0.304,0.1748619454,0.749624263,0.000918801,0.0003828337,0.315,0.187,52.2073523232272,14.0068506233049
"26031",0.097833083,0.0005505958,14.551461045,61.37,0.1135431867,0.0464704581,9426.31,7.6,0.1518955476,3.997105603,3.8694968842,0.1800242649,0.1184627461,0.1191641453,0.312,0.1891983163,0.7757341695,0.0004673807,0.0002336904,0.306,0.234,31.3713187718129,19.607074232383
"26033",0.1014675363,0.0006836169,12.094759814,59.78,0.1208456195,0.0483718416,9002.36,7.2,0.163532494,4.0395102275,3.8867163061,0.2205043172,0.1254521394,0.1229310962,0.346,0.2156407124,0.8540238837,0.0016179118,0.0007045745,0.367,0.266,41.1998807833237,17.5318641631165
"26035",0.094622192,0.0003600301,12.110103754,80.97,0.1095672886,0.0501374737,9621.86,7.8,0.1658085245,4.1397552678,4.1234828991,0.1788506047,0.1268544781,0.1281286209,0.336,0.2153230899,0.7390868525,0.0007829832,0.0004567402,0.376,0.272,51.3307777158896,22.9350283411422
"26037",0.0520629441,0.0003488823,8.0113709782,51.58,0.0611604038,0.029248668,9132.6,8.5,0.1183982089,3.2609046146,3.3633061474,0.2158190487,0.0966826498,0.1021409327,0.293,0.1626728116,0.7103950545,0.0007503525,0.000232868,0.313,0.203,39.9871009351822,12.8990648178007
"26039",0.076558724,0.0009419607,10.868777625,34.5,0.0884439939,0.039524175,8945.78,7.8,0.1339545923,3.7538209105,3.6485473653,0.1924004797,0.1093652914,0.1112515904,0.303,0.1721549461,0.9406707404,0.0008730447,0.0006547836,0.318,0.241,75.078711552434,16.9532574473238
"26041",0.0777429244,0.0006597575,15.669241554,34.09,0.0889901655,0.0462450593,7669.68,7.6,0.1484196723,3.9388781166,3.9117837954,0.1896642831,0.1176916114,0.1188820244,0.315,0.1891605372,0.8561061804,0.0013402992,0.000601767,0.32,0.215,54.9762685773974,22.9067785739156
"26043",0.0640823564,0.0009306654,17.449976733,35.71,0.0743154292,0.0352439251,8666,7.6,0.1380518958,3.663602483,3.7985810306,0.1870566499,0.109972496,0.1146999299,0.304,0.1781149295,0.9049984714,0.0019647879,0.0012713334,0.285,0.195,75.0517598343685,12.9399585921325
"26045",0.0551171407,0.0003768348,11.488864992,45.84,0.0644771612,0.0302014794,9594.8,7.9,0.1283734848,3.4039341156,3.5099150112,0.2090202432,0.100558738,0.106596128,0.334,0.1641481143,0.640911664,0.0011051861,0.0002486669,0.372,0.224,53.2859680284192,15.3120597782814
"26047",0.081376673,0.0012665481,18.093543621,41.01,0.0935567932,0.046926731,8140.58,8.1,0.1311381875,3.5817904284,3.6878626005,0.2105915922,0.1038042867,0.1088911769,0.308,0.171136052,0.8596990273,0.0021081797,0.0017768944,0.304,0.183,40.182024571308,20.091012285654
"26049",0.0676227643,0.0009127441,9.5412183065,57.87,0.0837849306,0.0259021971,11817.97,6.7,0.1653976458,4.1312557034,4.2486145421,0.1776196006,0.122833701,0.1261379216,0.35,0.2174349002,0.8370323399,0.0021312925,0.0005400889,0.324,0.267,54.2049840996008,12.3340682382325
"26051",0.0899665191,0.0003179145,10.332220633,57.45,0.1047619048,0.0473876063,9696.76,8.2,0.1673434474,4.1397307195,4.0357329646,0.1778327221,0.1231157071,0.1236132914,0.318,0.2033220122,0.6226062588,0.0008264138,0.0003541773,0.371,0.292,67.3738721481697,25.1000700159848
"26053",0.0882044436,0.0010368738,14.90506124,46.61,0.1006521472,0.0476379516,9001.41,7.7,0.1555913586,4.0269326429,3.8005345762,0.1876394558,0.1204940887,0.117963609,0.335,0.195188972,0.8419674925,0.0013979793,0.0005083561,0.325,0.204,88.3411260261576,12.9279696623645
"26055",0.0647260181,0.0013859182,11.785761055,45.09,0.0742792579,0.0381586302,9117.04,8.4,0.1211670734,3.2587144781,3.4578808365,0.2071831278,0.0983256779,0.105189649,0.314,0.1674541252,0.9151587612,0.0033046199,0.0016853561,0.291,0.145,45.5370088378227,17.8505074644265
"26057",0.0590710199,0.0006259027,12.758786712,51.22,0.0706344016,0.0304661551,10147.54,7,0.1503368677,3.8445710967,3.7702811056,0.2111334181,0.1135549435,0.1145238532,0.344,0.1946872248,0.5893916565,0.001176047,0.0009360374,0.354,0.188,50.6402372856833,9.64575948298729
"26059",0.0788067431,0.0002829716,11.101195011,65.61,0.0933105931,0.0412045889,9486.83,8.2,0.142680009,3.9009930596,3.8932132732,0.2030088778,0.1176348884,0.1190370991,0.322,0.1818085906,0.4737834133,0.000850971,0.0004145756,0.375,0.222,37.0787742193464,19.6299392925952
"26061",0.0826356813,0.0008246289,13.194062672,50.84,0.0973110146,0.0433246073,8349.19,7.6,0.1472740328,3.7441685493,3.8282908753,0.2161805182,0.1165230872,0.1187301114,0.324,0.1926299155,0.7225346729,0.0016166598,0.0007124264,0.301,0.188,34.7253952298273,13.7073928538792
"26063",0.0821464061,0.0007213876,19.132453031,50.95,0.0926921159,0.0519400216,10678.24,7.7,0.1314966992,3.6131063444,3.5618267305,0.1894211206,0.1074349934,0.1102637582,0.32,0.1731186772,0.5289570626,0.0007484797,0.0005613597,0.334,0.235,82.7840593530269,19.9100902241457
"26065",0.076713708,0.0010591258,14.645996819,48.92,0.0894844782,0.0385315889,10073.19,6.8,0.1470013547,3.7414386535,3.8181376465,0.2236845877,0.1137946612,0.1170821218,0.318,0.1733823957,0.9244059168,0.0029903508,0.0009593017,0.316,0.209,43.3203915604424,14.0907725236923
"26067",0.0637743948,0.0003114149,8.5639101257,56.3,0.0773930754,0.0313895456,9485.7,8.5,0.1366934963,3.5830112733,3.5699052144,0.2194383615,0.1073553354,0.1098655612,0.316,0.1816099709,0.7316954855,0.0009332131,0.0004043923,0.362,0.239,28.5345189858313,16.0830925192867
"26069",0.0793358962,0.0005523772,14.598540146,35.92,0.0910144928,0.041277081,9511.74,7.4,0.1478607561,3.9039386077,3.8834844386,0.1815961308,0.1146825571,0.1173139017,0.33,0.1705237898,0.8680805037,0.0013375295,0.000747443,0.333,0.272,82.7945119066393,26.2839720338538
"26071",0.0785982478,0.00070497,14.980613324,56.28,0.0891297315,0.0451478983,8844.05,8,0.141670281,3.8505028957,3.8182271458,0.1762187114,0.1149423895,0.1174844119,0.299,0.1753659437,0.4581535077,0.0013172916,0.0003512778,0.292,0.223,38.3141762452107,41.2614205717654
"26073",0.0955150234,0.0004950635,8.7696964553,77.63,0.1079360114,0.0516007237,9584.09,7.3,0.166877129,4.0449032354,4.0117604957,0.2297606869,0.1318869321,0.1297375853,0.331,0.2204767166,0.7426718437,0.0017842982,0.0005947661,0.317,0.19,29.1632956405577,8.93713898662251
"26075",0.0622961853,0.0005203958,9.4047424982,51.2,0.0753462482,0.0292073863,10208.29,7.3,0.1427947414,3.5295341087,3.6920332103,0.2072489195,0.1091745302,0.1135584467,0.355,0.1890195519,0.6798087964,0.0020282833,0.0007762566,0.366,0.226,52.5439872722134,12.7696542773108
"26077",0.0672682225,0.0009797781,11.104152338,39.46,0.081269393,0.0288861813,8950.14,7.3,0.1615900945,3.5792442853,3.632848668,0.2083281813,0.1097800102,0.1139744351,0.304,0.1792599987,0.7479177569,0.002955745,0.0011050236,0.35,0.178,57.381826099765,12.1680211595484
"26079",0.0899413426,0.000405562,9.2699884125,51.56,0.1059065128,0.0454424661,9648.37,8.1,0.1452514509,3.7956286886,3.8258847241,0.1994023591,0.1160032448,0.1188711566,0.331,0.1936163113,0.7508890573,0.0004024376,0.0005749109,0.311,0.242,55.8583893522353,65.4891461371035
"26081",0.0745487269,0.0008925639,12.005613096,39.32,0.0915283153,0.033499648,9339.71,8.2,0.1301254255,3.5395121833,3.6741266923,0.2230198265,0.1077509083,0.1090778642,0.319,0.1692859243,0.9151059868,0.0024092671,0.0013365393,0.292,0.196,52.5218067711197,11.3220661303013
"26083",0.0791871058,0,4.6125461255,NA,0.0875113947,0.0498533724,7683.75,7.6,0.1374571953,3.707202911,3.7342257845,0.1683422242,0.1111597502,0.1143782297,0.3,0.1653342064,0.0663265306,0,0,0.301,0.221,15.1883353584447,15.1883353584447
"26085",0.0925421209,8.7535e-05,14.880952381,41.86,0.1041162228,0.055304173,9659.18,6.8,0.1868488715,4.4044278659,4.2257841008,0.1609025282,0.137559472,0.1340242408,0.344,0.2069539754,0.9606551694,0.0005290539,0.0004408782,0.315,0.234,29.1877061381746,32.1064767519921
"26087",0.0740531529,0.0003621015,9.8446358051,73.84,0.0871796779,0.0380355801,10727.76,8.5,0.1281560801,3.4890202806,3.4691035916,0.2115551657,0.100461919,0.1056039741,0.3,0.1628180347,0.5083617342,0.0011911109,0.0002041904,0.325,0.244,33.2243474058581,17.7448219099469
"26089",0.085785728,0.0003184568,15.467904099,28.4,0.0941482227,0.0613183444,7997.22,9,0.1206994216,3.3247518707,3.4323279858,0.1860627718,0.0981945717,0.1050422648,0.284,0.1419272862,0.6780449604,0.0003650468,0.0001368925,0.308,0.19,71.5797809963296,7.61487031875847
"26091",0.0676764003,0.0002739087,12.782404918,43.72,0.0807017544,0.033708377,9255.28,8.1,0.1525569487,3.7761544075,3.6865411051,0.2101839676,0.1117049238,0.1106460461,0.328,0.170974695,0.708375045,0.0018072228,0.0003937525,0.364,0.244,52.3429374181086,17.5602112628493
"26093",0.046888245,0.0005125029,7.6341583207,48.09,0.0555397764,0.0244622807,9848.53,8.8,0.0903396062,3.0522763933,3.1547039119,0.2289552825,0.0879647518,0.0944435536,0.299,0.1437803778,0.8670696867,0.0013955042,0.0002963426,0.268,0.183,31.6987690904946,15.8493845452473
"26095",0.0977688644,0.0012470772,18.706157443,85.91,0.114017438,0.0545286506,10447.26,7.6,0.1599261754,3.9199615728,3.7444246536,0.1955640366,0.1176417319,0.1151095017,0.352,0.1968533629,0.547277937,0.0014005602,0.0006224712,0.333,0.222,57.2946507630606,62.5032553778843
"26097",0.1225465526,0.001010101,18.365472911,61.41,0.1399870382,0.0634328358,9676.78,6.8,0.1591289348,3.996536731,4.0659963298,0.1787194254,0.1227446531,0.1261393638,0.333,0.1977679213,0.8948078827,0.0009961963,0.0004528165,0.317,0.258,82.437713727406,33.5857352222765
"26099",0.0715326266,0.0005480783,5.5964108968,58.9,0.0864811743,0.0297286205,11554.89,7.9,0.1535628638,3.8637706923,3.5507247562,0.209740574,0.1094817833,0.1072737212,0.348,0.1813666706,0.9280991893,0.0014067935,0.0003941347,0.322,0.242,38.3772479617631,14.4252168218085
"26101",0.087276068,0.0006541024,13.490863006,58.77,0.0994828111,0.0512707182,9705.31,8.1,0.139168433,3.7236807568,3.7333496639,0.1909875832,0.1106344544,0.1133077819,0.312,0.1767651166,0.8271540048,0.000982801,0.0004914005,0.315,0.238,57.3347530510279,17.746471182461
"26103",0.0558972678,0.0010414342,16.365394629,32.61,0.0647313064,0.0279423539,7982.87,7.8,0.132644781,3.5250130736,3.6170779125,0.2183454133,0.1068677935,0.1120064601,0.31,0.1738167862,0.8829703177,0.0020243513,0.0011229978,0.343,0.199,67.552129382196,16.3913255118564
"26105",0.0759838998,0.0007990828,16.67651044,45.63,0.0897373835,0.0382290475,9230.22,8.2,0.1381593528,3.6984496693,3.8439364074,0.1885083702,0.1137736924,0.1178146299,0.324,0.1796228036,0.6714509667,0.002671385,0.0005203997,0.306,0.23,53.1896442075321,16.1881525849011
"26107",0.0780439615,0.0005340516,12.074209952,48.59,0.0917057265,0.0366220937,8706.94,7.1,0.1579272879,4.2553303029,3.9530818266,0.2149174105,0.1262001952,0.1237434854,0.333,0.2005393353,0.6442590775,0.0010883157,0.0003704904,0.349,0.229,23.9430310332576,13.9024051160851
"26109",0.0679388057,0.0005095974,12.315270936,37.29,0.0780480741,0.0382805817,8454.66,7.2,0.1417546329,3.7600737454,3.7945705085,0.1944003293,0.1132008431,0.1155457971,0.32,0.1873214526,0.6057680303,0.0008012145,0.0002951843,0.319,0.234,51.0327034574657,21.2636264406107
"26111",0.0588457845,0.0009685288,9.804859384,42.84,0.0698503348,0.0296229803,9019.01,8.1,0.1201439315,3.2672152617,3.4879105028,0.204233137,0.0991359995,0.1057456772,0.331,0.1542987728,0.8357627139,0.0017859925,0.0007911108,0.322,0.202,48.2993441667565,11.1767077410676
"26113",0.0922027619,0.0002684023,12.07810508,44.86,0.1059649123,0.0575007116,8483.79,8.3,0.1495533798,3.9301893083,3.9098438229,0.1932119351,0.1173344849,0.11975387,0.32,0.1886859953,0.6564078389,0.0001995079,0.0001330053,0.321,0.217,57.7239021357844,71.0448026286577
"26115",0.0588810595,0.0003142383,9.0259948652,86.07,0.0694911016,0.030349408,11096,8.4,0.124458086,3.6493954198,3.5856234766,0.2175661457,0.1032309935,0.1055449182,0.341,0.1686973135,0.7804645411,0.0012214331,0.0003070269,0.372,0.276,42.5769059295586,16.2728488631297
"26117",0.0753981735,0.0004448328,13.186114862,63.37,0.0919607352,0.0343688928,10187.29,8.1,0.1504097455,3.7290099007,3.6652486283,0.206495538,0.1148059825,0.1153941957,0.348,0.2026002981,0.6016229358,0.001542302,0.000731401,0.329,0.246,32.307268605809,15.3591932716141
"26119",0.0942776735,0.0010800302,15.120423372,51.17,0.1046281646,0.0562192551,9620.11,8.1,0.1490092125,3.8536146057,3.8127081034,0.1663537422,0.1163369917,0.118634045,0.311,0.175064394,0.7949820789,0.0010752688,0.0011827957,0.313,0.239,64.9069666810904,54.0891389009087
"26121",0.0714285714,0.0006250362,11.632617628,26.82,0.0884036085,0.0295432273,9303.26,6.5,0.1504982203,3.9119545232,3.9121060309,0.2061172545,0.1201867006,0.1199478397,0.343,0.1896306227,0.7336051293,0.0015840412,0.0008587476,0.353,0.238,47.8264055756332,15.4278727663333
"26123",0.0767087236,0.0003336948,14.182030533,47.43,0.0920850456,0.0383770967,9012.7,8.5,0.1478282092,3.7778735286,3.7519935126,0.194977374,0.1153004669,0.1167750786,0.33,0.2081222988,0.7432728023,0.0013361169,0.0005845511,0.333,0.205,46.5970261360633,16.6914720487391
"26125",0.0637150415,0.0014481158,7.8483205399,56.19,0.0766502666,0.0283901738,11126.74,8,0.1094304237,2.8199383093,3.2724991698,0.1970041126,0.0870178201,0.0988305164,0.345,0.1511197613,0.9399548555,0.0026666817,0.0007916838,0.252,0.182,48.8166133299965,13.0499857416822
"26127",0.1101380936,0.0005362957,11.875119709,42.2,0.1300587798,0.0624504676,9662.3,8.4,0.1744009287,4.2909602246,4.0906682927,0.1745717491,0.128880215,0.1250393713,0.318,0.2025246571,0.8665412119,0.0001906869,0.0003432363,0.315,0.236,44.6696361339068,16.5915791354511
"26129",0.0938940092,0.0003343363,14.328700387,66.77,0.1074408022,0.0523809524,10466.88,8.1,0.1483171845,4.0508109781,3.9660657042,0.1741317935,0.1209402449,0.1223456129,0.32,0.1849596205,0.6172173833,0.0005228385,0.0009981463,0.378,0.254,87.4681933842239,19.0839694656489
"26131",0.086836144,0.0001664724,16.647244881,35.7,0.0956386293,0.0530864198,8122.95,7.2,0.1403643034,3.8870598907,3.7971360144,0.1644986766,0.1146618345,0.1167914409,0.307,0.1695145606,0.7110619469,0.000162022,0.0003240441,0.326,0.242,71.8629076838032,55.2791597567717
"26133",0.0929033673,0.0003035823,16.480180415,60.82,0.1060686819,0.0597460792,9160.44,7.6,0.1563936946,3.9337314714,3.8861884662,0.1833521902,0.1205830278,0.1224645993,0.312,0.1970422086,0.5179785787,0.0005610946,0.0005610946,0.383,0.226,38.9402483522506,17.3067770454447
"26135",0.1072021241,0.0002423949,20.603563204,48.2,0.1236818981,0.0593869732,8990.78,8.1,0.1531210433,3.921002386,3.926504814,0.1701457221,0.1208880373,0.1225512403,0.314,0.1865622666,0.9243055556,0.0003583801,0.0003583801,0.364,0.259,68.3115004420156,40.1832355541268
"26137",0.0795768409,0.0006184802,12.36960376,60.87,0.0931073607,0.0438024231,9077.19,8.3,0.1226280784,3.4194290859,3.6093862853,0.2075504972,0.1014195738,0.1087237128,0.311,0.1653359472,0.7511173647,0.0015315837,0.0009520656,0.302,0.22,46.6513906230705,19.2093961389114
"26139",0.0577814963,0.0006215285,11.894768802,38.88,0.0707310067,0.028316961,8806.94,8.3,0.1153691802,3.0681815955,3.4436646177,0.2084979343,0.0945253462,0.1033219421,0.306,0.145930436,0.8333706089,0.0013572597,0.0004089876,0.273,0.19,43.5302690409149,9.66014189675097
"26141",0.0903614458,7.78756e-05,21.026399813,47.25,0.1019319493,0.0526315789,9275.76,7.6,0.1366364167,3.6392829775,3.6961426005,0.1731692176,0.1070452725,0.1124119958,0.297,0.1599351857,0.7470843301,0,0.0005382959,0.35,0.228,95.837542414588,25.9020384904292
"26143",0.0940347467,0.000251067,15.064022094,48.23,0.108372093,0.0435244161,9982.82,7,0.1599720926,4.29089211,4.0275038806,0.1660082435,0.1266042356,0.1243214622,0.324,0.1940487261,0.9487504601,0.0006261741,0.0008766437,0.349,0.281,99.227146311126,20.9634816150266
"26145",0.0693051856,0.0008380452,12.105097074,65.88,0.0834239082,0.0316886727,10652.36,7.1,0.1583430445,3.7763288793,3.8551455938,0.1788259701,0.1171527945,0.1183678958,0.363,0.1966317252,0.7385009667,0.0018357845,0.0009691711,0.387,0.223,61.6555726821035,10.677780743828
"26147",0.068803016,0.0005003909,9.2572322127,59.22,0.0801614704,0.0371866295,9940.61,7.2,0.1280020299,3.7524578386,3.6297894007,0.1985466074,0.1075778965,0.1108217606,0.334,0.1946054357,0.6775147203,0.0021801872,0.0004747686,0.32,0.274,41.0810359928265,15.6399883221421
"26149",0.0872008738,0.0003277721,14.258087777,63.96,0.1067047318,0.0423895774,8677.66,8.2,0.1518909911,3.6855450235,3.8015756452,0.1995916613,0.1102391661,0.1141460303,0.333,0.1844759467,0.593376295,0.0015915729,0.0004101992,0.305,0.299,44.8535967661651,13.6748770628552
"26151",0.0904976001,0.00026522,11.57323689,72.04,0.1040693796,0.0544181606,10799.44,8.3,0.1367427375,3.6301289326,3.6460493607,0.196107592,0.1106216159,0.1132830131,0.304,0.1762684087,0.1329034652,0.0012263448,0.0004568735,0.313,0.253,40.16999943762,13.6577998087908
"26153",0.0980617608,0.0008564786,11.011868347,57.41,0.1122295995,0.0530856005,8942.63,6.8,0.1658034812,4.0781659473,4.2037458895,0.1728044008,0.1252659864,0.1296102467,0.326,0.1980513878,0.7668827342,0.0014686085,0.0008566883,0.314,0.272,20.5380981721093,65.7219141507496
"26155",0.0693188668,0.0004371967,11.512846296,49.7,0.0812802543,0.0373926868,9929.05,7.9,0.1256688768,3.7870601143,3.6734493833,0.194936527,0.1080141451,0.1107203171,0.327,0.1823414376,0.6211074623,0.0010735062,0.0004642189,0.371,0.259,70.8373361280118,16.4963659476192
"26157",0.0675020304,0.0003533109,13.016717184,77.82,0.0796418913,0.0331892826,11084.41,8.4,0.140759868,3.9666752354,3.7783078446,0.2059359987,0.1135537486,0.1142464963,0.322,0.1920467181,0.4272461376,0.0022592593,0.0003888889,0.338,0.276,57.7227446234056,12.4134934673991
"26159",0.0909222551,0.0004928274,11.321709711,53.17,0.1105174543,0.0427115354,8865.68,8.4,0.1666844914,4.1508070701,3.932749479,0.1924405584,0.1195523177,0.1192294947,0.333,0.193982608,0.5595871909,0.0008909693,0.0005984122,0.336,0.251,53.6587745400201,15.5211331314108
"26161",0.0550587698,0.0017749666,10.337717343,43.32,0.0629965576,0.0314890222,9338.19,7.7,0.123532698,3.2546115628,3.4499101955,0.2128759667,0.0995152835,0.1050357596,0.311,0.1554864565,0.9203691512,0.0041583304,0.0020959779,0.238,0.145,30.1722502297626,9.81060897041361
"26163",0.0841063487,0.0006803707,7.1447450315,68.47,0.1056080785,0.0288004319,11535.52,6.6,0.1905290667,4.1463344763,4.2579616426,0.1971517521,0.1288144454,0.1313503303,0.413,0.2255590123,0.9393974681,0.0021991111,0.0005445364,0.344,0.252,35.6119886109902,11.9085883108104
"26165",0.0734987334,0.0010302094,12.120110293,52.74,0.0897542259,0.0329878665,9191.96,8,0.1505796617,3.9830155256,3.9767287658,0.1970533963,0.1180343652,0.1197246024,0.334,0.1987467223,0.808645181,0.001611628,0.0008514261,0.354,0.265,47.4498243346929,16.1531316884061
"27001",0.0684254684,0.0007642339,21.016431028,54.82,0.0752728175,0.0495367071,9124.49,7.7,0.1395903435,3.5826833945,3.1949683845,0.1812111124,0.105097151,0.0986837527,0.277,0.1751667521,0.4809282805,0.0003804451,0.0004438526,0.29,0.238,136.008160489629,12.7507650459028
"27003",0.0446982045,0.0005317433,7.0608541018,37.86,0.0529046647,0.0245618494,8778.58,8.7,0.1156043253,2.9134608393,2.9618666777,0.2283392827,0.0846916387,0.0866210043,0.287,0.1746247461,0.9515209585,0.0010530503,0.0004914235,0.301,0.192,45.2531657835678,14.5352780889404
"27005",0.0672389127,0.0008386749,20.667345594,37.49,0.0752554468,0.0503419005,8055.02,7.8,0.1374187878,3.4217249694,3.1594303301,0.2007405687,0.102644974,0.0967547936,0.262,0.1761347204,0.5534703421,0.0011124808,0.0006614751,0.321,0.235,105.599776845755,15.9395889578497
"27007",0.0861779821,0.0009196006,10.947626555,43.13,0.1026406607,0.0490656199,8620.52,7.9,0.1545147735,3.7073697828,3.4285175539,0.2246314837,0.1170807045,0.1103689805,0.277,0.2148296344,0.6494982224,0.002956377,0.0008321654,0.335,0.206,44.3823576490447,17.4619112061815
"27009",0.0430343031,0.000176278,13.094938303,41.95,0.0500618557,0.0262763513,8929.82,8.2,0.1233435503,3.1863933578,3.0500593115,0.2076437121,0.0966962662,0.0944045549,0.262,0.1608321808,0.5450573457,0.0001012504,5.06252e-05,0.308,0.202,87.2424669485269,13.4219179920811
"27011",0.0580453564,0.0011904762,39.682539683,57.68,0.0627087199,0.0473036897,9277.48,7.7,0.1227377613,3.084862047,2.9971331146,0.1892650454,0.0944131798,0.0929417988,0.258,0.148454177,0.4477130385,0,0.001170275,0.333,0.239,85.4307682197542,85.4307682197542
"27013",0.0444711316,0.000957636,13.528508672,36.35,0.0507798332,0.0256677331,7818.76,7.1,0.1338830477,3.1177328274,3.1765036321,0.2324962748,0.0995320209,0.0990848807,0.273,0.1520619268,0.7749207192,0.0021564579,0.00110117,0.339,0.182,89.06296650524,17.7113853845648
"27015",0.0426158376,0.0012246672,20.147750168,42.85,0.0477381548,0.0303568258,8502.09,8.7,0.1170215138,2.750049512,2.9546308975,0.2145618377,0.0864409439,0.0895490886,0.27,0.1399224622,0.7907928784,0.0018978333,0.0004744583,0.315,0.211,110.619469026549,13.1689844079225
"27017",0.053921048,0.0006747449,14.33832832,43.1,0.0626260639,0.0330132053,8195.03,8.2,0.133870343,3.3185718036,3.2524409827,0.2102986746,0.1006804714,0.0976563621,0.285,0.1806869025,0.7125416832,0.0008996092,0.0004498046,0.317,0.177,95.4359175882782,14.9703400138476
"27019",0.0311767702,0.0008405829,10.330055397,35.69,0.0353128175,0.0229961266,7859.08,9.4,0.0832337316,2.4718739799,2.4367739063,0.2584699426,0.0747753252,0.0771365512,0.268,0.1242392732,0.9471342897,0.001006801,0.0003390248,0.235,0.143,47.580321319021,10.4609217084372
"27021",0.0872455145,0.0004180311,21.24991291,40.28,0.0993709077,0.056794481,8079.58,8.1,0.1400937748,3.9650983146,3.3058188727,0.1829062418,0.1162989627,0.104983753,0.289,0.1917072296,0.6828508419,0.0006652894,0.0003501523,0.299,0.261,57.9656379698115,20.8676296691321
"27023",0.0651561032,0.0006606656,32.207449005,34.72,0.0731528895,0.0467451524,9337.93,8.8,0.1322344036,3.2667461479,3.1316917808,0.2195340733,0.0986117292,0.0953796313,0.277,0.1624115686,0.625592798,0.0003303055,0.0006606111,0.332,0.248,104.533450704225,99.0316901408451
"27025",0.0419464934,0.0005341388,9.3934761387,37.56,0.0477461627,0.0277883517,8662.27,9.3,0.1015777494,2.8156494986,2.7386087533,0.2294702499,0.0819590954,0.0826488744,0.266,0.1467429349,0.6179041327,0.0010180472,0.0004627487,0.297,0.217,57.645370586143,13.4914697116505
"27027",0.0428680337,0.0002567229,11.071176433,40.47,0.0510506429,0.0232774674,8528.12,8.8,0.1206351107,3.2530392056,3.1082542104,0.2322949425,0.0937731483,0.0922981099,0.247,0.1645726274,0.8249800844,0.0020559345,0.000277388,0.294,0.187,45.0438373059495,9.6522508512749
"27029",0.0807515777,0.0004543905,19.311598319,35.72,0.0911917098,0.0582481103,9054.18,6.9,0.1530389409,3.4165162942,3.3093903327,0.1896209579,0.1108238629,0.1060118775,0.293,0.2024702589,0.363427257,0,0.0004550108,0.308,0.23,64.3427576548957,52.9881533628553
"27031",0.0841995842,0.0017327686,21.178282634,52.92,0.0891927083,0.0650306748,7569.13,8,0.1274359896,3.258512226,3.1121480799,0.1856393566,0.1001993975,0.0981981865,0.267,0.1606174467,0.9870556414,0.0013376648,0.000191095,0.287,0.181,70.0057277413607,89.0981989435499
"27033",0.0608567543,0.0006927007,24.244523335,41.14,0.0707416463,0.0397163121,8682.22,7.6,0.1375690708,3.301638183,3.0293587272,0.1871696242,0.0993028953,0.0945396319,0.274,0.158956334,0.6325832121,0.0009455858,0.0006876988,0.327,0.29,69.2600715687406,83.6892531455616
"27035",0.0486931542,0.0009617204,15.923566879,38.38,0.0566222297,0.0291404612,8107.38,8.7,0.1235349249,3.247286734,3.1441444526,0.2006004976,0.0968230432,0.0941866626,0.273,0.163541719,0.52632,0.0020706552,0.0006322611,0.289,0.207,104.913629854223,17.8353170752178
"27037",0.0406823023,0.0006824441,8.1266307519,36.12,0.0484514024,0.0222835255,8404.59,8.9,0.0956078771,2.6963440611,2.8176406822,0.2054557782,0.0816878789,0.0848828499,0.296,0.1221337869,0.973328449,0.0011877953,0.0003272497,0.268,0.168,48.9274130895693,12.3724492870175
"27039",0.0433225311,0.0004419564,16.205067767,31.02,0.0503082614,0.0289602233,8265.76,9.4,0.1047262771,2.7925693625,2.7724155636,0.2336597716,0.0829332358,0.0835865534,0.274,0.1410548878,0.5532433912,0.0001965312,9.82656e-05,0.28,0.229,68.6016693072865,8.16686539372458
"27041",0.0418934003,0.0011598112,21.308159137,28.77,0.0474937823,0.0282193469,7794.87,8.5,0.1122099563,2.7990826916,2.8397987185,0.2030640559,0.0856916179,0.0877508237,0.248,0.1445010308,0.7284567747,0.0014406089,0.0004349008,0.319,0.227,111.389585073796,10.779637265206
"27043",0.0584976526,0.0003558719,28.46975089,39.25,0.0665803109,0.0387346675,8834.1,8.6,0.1269191262,3.1709644351,3.0266322245,0.1828745798,0.0974762052,0.0945399033,0.262,0.1505235308,0.5636638494,0.0003523112,0.0004227734,0.31,0.223,123.289944756621,90.0964980913768
"27045",0.066487903,0.0003359892,30.719016991,31.24,0.0736137667,0.0510323335,7578.53,9,0.1120306689,3.1420697874,2.8736040735,0.1985092237,0.0938118006,0.0895029799,0.27,0.1488074372,0.9354931467,9.62649e-05,0.0001925298,0.276,0.262,68.6758340919617,9.58267452445978
"27047",0.0637649251,0.0006533172,20.579492373,28.42,0.0756106112,0.033719396,7732.13,8.2,0.1364335031,3.2434744579,3.1158009364,0.1857192191,0.0985732042,0.0952585577,0.254,0.1539842106,0.6627419613,0.0009079118,0.0011348898,0.34,0.223,105.550658875505,10.8815112242788
"27049",0.0503122738,0.0009260256,20.243350921,33.16,0.0566825555,0.0347576235,8199.71,8.7,0.1272238482,3.0939082581,3.1245407948,0.2093410271,0.093834662,0.0926950962,0.28,0.1477366908,0.8863651127,0.0007754777,0.0006246903,0.314,0.222,78.8338326142732,15.0500953172703
"27051",0.0553579369,0.0003388108,32.187023547,62.03,0.0611042184,0.0427606902,10508.84,7.8,0.1176847218,3.1020996376,2.9057612801,0.1986798331,0.0920014844,0.089686432,0.265,0.1519516287,0.1643403124,0.0001678979,0.0006715917,0.317,0.255,106.651698007297,78.5854616895874
"27053",0.0579560013,0.0011821945,10.85722181,30.58,0.0677752361,0.0304093692,8147.72,8.3,0.1048711209,2.6048382987,2.871054887,0.2163574111,0.0808863686,0.0851312338,0.285,0.1304228409,0.9919474152,0.0029140375,0.0013654394,0.223,0.157,71.352696624802,11.2332101679092
"27055",0.0485702833,0.0007457519,17.045757204,24.09,0.0529331514,0.038001912,7034.98,8.8,0.1093319161,2.9425010049,2.9029646814,0.2055010534,0.0893038022,0.089574594,0.259,0.141953825,0.996583802,0.00021347,0.0003735724,0.293,0.239,102.973812694186,83.4442964935641
"27057",0.0637172707,0.0008714597,15.976761075,31.5,0.0722698073,0.0427807487,8107.62,8.3,0.1277319993,3.1322076753,3.0884882691,0.1943587819,0.0970017998,0.0950325906,0.27,0.1603574888,0.5446446054,0.0005346814,0.000486074,0.318,0.228,48.4292771123236,17.757401607852
"27059",0.0451658651,0.0007806604,12.230346873,31.71,0.0520493912,0.0290171607,8017.76,9,0.1128439255,2.9644615776,2.8371157991,0.2194878268,0.0859018188,0.0856830956,0.28,0.1643530833,0.503966575,0.0011454456,7.80986e-05,0.327,0.222,64.7293880052129,17.2611701347234
"27061",0.0555333941,0.0009904259,13.645867723,38.88,0.063463106,0.0348801632,7606.71,8.2,0.1384348146,3.7033259747,3.2254957402,0.1776708573,0.1050639763,0.0965055212,0.265,0.1693356953,0.6343157708,0.0018206146,0.0006580535,0.324,0.22,67.5150074119736,27.88663349625
"27063",0.0428661219,0.0001984324,31.749181466,40.7,0.0478917231,0.0308964317,7853.58,8.8,0.114928256,2.9441680555,2.9046971207,0.2012925848,0.0910031344,0.0904205306,0.264,0.1567295632,0.4764270407,0.0006816633,0.0002921414,0.296,0.226,95.7348474844844,75.9276376601083
"27065",0.061023622,0.0007577193,17.048683463,42.24,0.0706247991,0.03629713,7922.23,8.5,0.1401872697,3.3999542165,3.0585109437,0.1931376498,0.103656231,0.0967799466,0.288,0.1756398025,0.4140033253,0.0003138732,0.0005021971,0.335,0.266,88.2408555161039,12.6058365023006
"27067",0.0649094287,0.001034272,19.980254807,38.45,0.0767196843,0.0368222673,7896.84,8.5,0.1206617593,3.0515072639,2.8957354486,0.2040958123,0.0941793501,0.0909968264,0.269,0.1534622705,0.5733090272,0.0028851839,0.0005202791,0.283,0.198,68.3306891189268,13.3519737358823
"27069",0.0512367491,0,40.68716094,50.4,0.0555782591,0.0443786982,9209.95,7.3,0.1194661302,3.1514174972,2.9422716966,0.193492426,0.0945217289,0.0916841705,0.262,0.1457928002,0.5590949033,0,0.0009019166,0.304,0.197,204.669496664645,212.249848392965
"27071",0.0697959184,0.0004672533,18.690133167,43.37,0.0773607912,0.0485512921,9268.85,6.8,0.1268238593,3.5071942789,3.069037122,0.1959802708,0.10421449,0.097272933,0.28,0.166277269,0.4437683119,0.0010889857,0.001011201,0.291,0.229,54.7945205479452,57.4037834311807
"27073",0.0509903903,0.0011668611,27.712952159,45.83,0.0546666667,0.0432357043,9767.34,8.9,0.112465552,3.0268691772,2.8838371229,0.1871067811,0.0908952695,0.089563766,0.253,0.1447750916,0.0276897644,0,0.0007255841,0.288,0.243,141.72612647835,127.064803049555
"27075",0.0441436883,0.0009406453,17.872260371,32.75,0.0473472129,0.036567528,8615.76,8.7,0.1238682743,3.1542962133,3.0162903993,0.1969607516,0.0949469302,0.0930037229,0.257,0.1495485141,0.6729247193,0.0005617978,9.3633e-05,0.275,0.223,128.381763527054,15.6563126252505
"27077",0.0639786738,0.0005098139,35.686974254,75.49,0.0691163605,0.0492676431,9533.24,8.1,0.130337527,3.3165525742,3.1240500246,0.1889703074,0.0996413227,0.0965262357,0.271,0.1669159394,0.4524103832,0.0002552323,0,0.293,0.259,68.6400686400686,68.6400686400686
"27079",0.0519339418,0.0001084481,17.713190905,35.01,0.0583602955,0.0370157819,8026.43,9.2,0.1133831365,2.9334781764,2.8123967102,0.2241381145,0.0873642639,0.0873011883,0.263,0.1540497144,0.6693137927,0.0002160605,7.20202e-05,0.327,0.187,63.8369628059356,12.0447099633841
"27081",0.051716141,0.0005198406,36.388840756,44.14,0.0564170241,0.0422535211,9788.91,8.9,0.1111220255,3.0161186721,2.9403766675,0.1900337924,0.0900980166,0.089520335,0.25,0.1385141065,0.3661804613,0,0.0005183138,0.278,0.199,46.1307807634644,46.1307807634644
"27083",0.0486820233,0.0008569314,18.696685234,36.65,0.0540394122,0.0373917009,8102.83,8.3,0.1283714444,3.3506169462,3.036157352,0.212764682,0.0995747111,0.0939787192,0.27,0.1673414152,0.7772750126,0.0013247613,0.00054549,0.295,0.205,81.778885470618,12.9807754715267
"27085",0.0469453157,0.0007792497,17.811421574,45.39,0.0552278565,0.0274254371,9035.99,8.7,0.115354728,3.0815394554,2.9877976625,0.2223189608,0.0904338854,0.0893141868,0.267,0.1578831069,0.7198985021,0.0015885402,0.0003901678,0.311,0.197,70.5952292487181,15.7910381214238
"27087",0.0901103852,0.0001832509,9.1625435221,58.04,0.1069026549,0.0624631703,9962.32,6.6,0.2236494646,4.8173967255,4.2450466333,0.1887541701,0.155379921,0.1390955981,0.323,0.2505458491,0.5254018105,0,0.0007266122,0.372,0.278,30.4376940402995,48.7003104644792
"27089",0.0572916667,0,35.020694046,60.06,0.063376332,0.0432842481,10088.67,7.6,0.1049652132,2.8501247042,2.7922464344,0.204981349,0.0871108852,0.0863406101,0.273,0.1430230364,0.0156796271,0,0.0002123819,0.327,0.184,39.0569521374805,35.5063201249822
"27091",0.0591582078,0.000799121,23.474178404,55.87,0.0672948707,0.0387111211,7747.78,7.8,0.1263242749,3.2581921542,2.972994283,0.2007468798,0.0952501348,0.0918019873,0.251,0.1675445261,0.5568138196,0.0007418398,0.0007418398,0.302,0.216,119.858167834729,9.98818065289407
"27093",0.0562442978,0.0005627218,17.747381179,36.54,0.0619062213,0.0441301755,8848.1,8.6,0.1136656456,3.0210285706,2.9036482143,0.2055124383,0.0899859317,0.0888828409,0.27,0.1539284492,0.3238626609,0.0004327693,0.0001731077,0.325,0.211,112.523262020514,23.0816947734387
"27095",0.0676538908,0.0008143322,21.715526602,35,0.0775440977,0.0442378586,7793.92,8.7,0.1369961941,3.7801608598,3.1843335345,0.1987886079,0.1053668171,0.096914299,0.287,0.1872544009,0.5247346438,0.0016612579,0.000811312,0.329,0.217,95.4370760143414,25.7938043282004
"27097",0.0578856543,0.0006102212,19.832189169,38.31,0.0664469209,0.0373643019,7448.97,8,0.1259020615,3.2515181623,2.9809485674,0.2414168939,0.0958791167,0.0920236447,0.259,0.1716674587,0.3971323574,0.0010057909,0.0004571777,0.349,0.229,51.8261081641363,11.1781801922647
"27099",0.0656664561,0.0004857347,16.361591165,43.83,0.0759000537,0.0423242468,7893.25,8.7,0.1344558732,3.3843948705,2.9673411116,0.2023805627,0.1009612545,0.0943714552,0.27,0.1663572412,0.4996808212,0.0009154947,0.0006103298,0.305,0.221,64.6247512797401,9.35358242206765
"27101",0.0550458716,0.0002377273,42.790918816,49.12,0.0599038041,0.0444685466,10569.92,8.9,0.118374367,2.9958982935,2.8680778364,0.1877757749,0.0909659916,0.0895090597,0.255,0.1474953037,0.5107163324,0.0007083825,0.00094451,0.316,0.206,39.6636522290973,71.3945740123751
"27103",0.0403678126,0.0009895943,11.695204966,38.47,0.0467882217,0.0245144005,7563.28,8.3,0.1149591166,2.865232048,2.8364659783,0.2444719224,0.088059006,0.0887362964,0.259,0.153778366,0.5139487274,0.0014806757,0.0003928323,0.272,0.178,61.9907013947908,12.9980502924561
"27105",0.1009748532,0.0008268259,20.67064768,42.98,0.1217798595,0.0572628044,8820.11,8.8,0.1495066391,3.2994596038,2.9102965134,0.2016399875,0.1025248864,0.0929428284,0.287,0.1510518216,0.5021517448,0.0007410838,0.0003705419,0.323,0.252,47.5401791191265,49.0737332842596
"27107",0.0680285219,0,23.959269242,33.96,0.0746673907,0.0544430538,8398.39,8.1,0.1336538889,3.2674510178,3.0636631522,0.1962565407,0.0998655919,0.0959914252,0.26,0.1604274434,0.2847343841,0,0.0006025004,0.315,0.281,130.679533574588,120.627261761158
"27109",0.0420300237,0.0022847936,12.084312845,27.69,0.0489164899,0.0262216925,7178.35,8.9,0.1022521528,2.6798387571,2.6038176249,0.2047523194,0.0842673575,0.0830265157,0.287,0.1315298046,0.9576354612,0.0028811541,0.004438175,0.261,0.173,61.7820040674985,10.7733743747595
"27111",0.0557526955,0.0005024603,20.618199459,38.85,0.0613475734,0.0421036156,8317.63,8.6,0.1028295048,2.7730591409,2.8606435054,0.2073518033,0.0875635541,0.0883128399,0.261,0.1425927624,0.414446015,0.0009716318,0.0003990631,0.307,0.2,92.2530501164695,20.7569362762056
"27113",0.0493795464,0.0007032843,16.878824109,56.19,0.0564181581,0.0325895479,8320.1,8.5,0.1237056918,3.3270957823,2.9156630797,0.2322201968,0.0965048744,0.09173997,0.274,0.1639278675,0.7035175879,0.0014938114,0.0004268032,0.282,0.23,47.0455400828002,37.6364320662401
"27115",0.0616984243,0.0001720045,14.448381437,51.29,0.0720084936,0.0347584856,9163.73,8.5,0.1396708452,3.7184552086,3.2041028146,0.1972686438,0.1065962755,0.0977913997,0.295,0.1775474282,0.5079663866,0.0007561437,0.0002749613,0.383,0.255,66.6375606057125,20.6806222569452
"27117",0.0680318857,0.0005393161,28.044439651,42.98,0.0795228628,0.0434227331,8660.25,8.3,0.13087864,3.2035908907,3.0350707382,0.1856554843,0.0965920234,0.0939730941,0.272,0.1610184241,0.4573780742,0.0007542291,0.000323241,0.303,0.247,50.4431793615335,39.6339266412049
"27119",0.0533486475,0.0005074049,23.150350427,50.22,0.0605386156,0.0366622865,8911.57,7.9,0.1346365699,3.3186167063,3.0400961603,0.2258919016,0.0967898439,0.0927383699,0.3,0.1755832519,0.5555379747,0.0017663386,0.0006939187,0.371,0.256,76.9255087094429,14.7528372867425
"27121",0.048460253,0.0009962866,34.417172358,57.84,0.0515581661,0.0415959253,8709.44,8.9,0.1103848389,3.0048396546,2.8358203152,0.2045909449,0.0879234654,0.0869854719,0.27,0.1395721508,0.4148249204,0.0006372906,0.0002731245,0.319,0.219,54.4234141621818,66.5175061982222
"27123",0.0639883485,0.001061076,11.446984296,33.17,0.0756093341,0.0338909407,8258.19,8,0.1156457044,3.0823804937,3.0064979559,0.2020125462,0.0933216449,0.093128128,0.288,0.1587670212,0.9927512583,0.0031296055,0.0009687321,0.269,0.17,61.4979052857791,12.8456774915805
"27125",0.0624615385,0,24.660912454,61.08,0.0694690265,0.0487804878,9177.51,6.2,0.1175886919,3.0671141483,2.961133291,0.2085536681,0.0923254953,0.0912668066,0.273,0.1533379529,0.4010760577,0,0,0.336,0.214,0,8.26104915324246
"27127",0.0692561983,0.0003878224,31.025790188,58.87,0.0771796093,0.0527399022,9282.6,7.8,0.1270067027,3.2480957742,3.0874451019,0.1909090939,0.0984296102,0.0945783651,0.279,0.1552983533,0.4374494053,0.0003222688,0.0003222688,0.327,0.246,101.623818893381,12.9732534757508
"27129",0.0619544754,0.0002014504,30.889067956,53.85,0.0670934092,0.0498978699,8852.76,8.3,0.1192183688,3.1339514415,2.9566214975,0.1988489035,0.0946932736,0.0922225179,0.264,0.1454012476,0.3981563891,0.0001996672,0.0003993344,0.323,0.249,148.058415774951,109.922157166252
"27131",0.0591157072,0.0008868502,12.079510703,37.93,0.0686692821,0.0373388551,6931.49,8.7,0.1194812471,3.2323899302,2.8924562813,0.2241329956,0.0932074992,0.0895566203,0.259,0.1524563746,0.8406504319,0.0009362865,0.0003990729,0.303,0.196,102.460583260693,9.68532876593619
"27133",0.0511250166,0.0010416667,27.083333333,54.44,0.0589147287,0.0349735665,9545.79,8.9,0.1154633336,3.0492788368,2.8848361217,0.2039572518,0.0915577825,0.0901389219,0.262,0.1485550718,0.639310416,0.0007327541,0.0001046792,0.266,0.23,66.1629000243758,62.680642128356
"27135",0.0509093676,0.0004438808,18.389346861,40.43,0.0559485531,0.0401985112,8270.55,8.4,0.1127391383,2.8672403108,2.8470906903,0.2318083746,0.0881996729,0.0885559425,0.28,0.1573903993,0.4769978885,0.0001913387,0.0003826775,0.307,0.242,67.9766330323951,10.6213489113117
"27137",0.0483217083,0.0012523013,15.566454291,39,0.0552237699,0.0273035814,8316.98,7.8,0.1503459772,4.0705340267,3.5141088373,0.2219104106,0.11488442,0.100926721,0.293,0.177930346,0.752060172,0.0017815466,0.001079876,0.291,0.209,73.1674870294,19.1233204735932
"27139",0.0408273381,0.0006000282,7.4827050685,42.57,0.0473803788,0.028074009,9116.34,9.4,0.0878263061,2.4313853189,2.5861184041,0.2426866412,0.0750848928,0.078735434,0.252,0.1290153148,0.9462086694,0.0007660805,0.0002434275,0.278,0.182,38.5871457747075,9.88207391791291
"27141",0.0412936437,0.0004252767,8.2874434327,28.51,0.0491104986,0.0249436631,8808.21,8.8,0.1093898721,3.1515537067,2.7935827709,0.2277316719,0.0873280559,0.0845293315,0.286,0.161871927,0.820619442,0.0009986173,0.000296293,0.297,0.179,49.9350482524542,12.6646861509848
"27143",0.0579734082,0.0001344538,21.512605042,40.88,0.0634423568,0.0464100464,8578.14,9.3,0.1244225013,3.1299304552,2.8698905755,0.2084178112,0.0922742186,0.0887744474,0.261,0.1546638233,0.5271246552,0.0002010993,0.0001340662,0.341,0.252,78.4401613626177,71.7167189601076
"27145",0.0469950081,0.0010342064,14.99599245,33.95,0.0556959019,0.0252172478,7966.52,8.4,0.1136793463,3.2181908182,3.0484294849,0.2145356266,0.0944112428,0.0922204924,0.26,0.144870842,0.718259184,0.0024393115,0.0012229256,0.281,0.189,39.7174877825554,12.3037869761177
"27147",0.0419035725,0.0008434227,15.780165964,40.76,0.0483780236,0.0278855226,7196.36,8.9,0.1194618202,2.7415383572,2.8585119372,0.2113655913,0.0870177183,0.0883939735,0.264,0.1564796371,0.7136100175,0.0016952397,0.0003281109,0.299,0.191,79.9033895381039,9.07993062932999
"27149",0.044698828,0.0007145774,27.562270314,77.19,0.0507287526,0.0303313112,10666.87,8.4,0.1331211633,3.2872861534,3.0775834196,0.2302937506,0.100445332,0.0963833797,0.261,0.1637746106,0.6024059223,0.0013265306,0.0003061224,0.319,0.202,47.7995151763461,0
"27151",0.0591969091,0.0005353319,27.837259101,38.04,0.0667811486,0.0418449834,9293.62,8.1,0.1296817228,3.2288413647,2.997547195,0.1972917088,0.0976809311,0.0934737591,0.265,0.1533678049,0.4361647756,0.0010597711,0.0005298855,0.328,0.242,99.3083880120589,120.588756871786
"27153",0.073550065,0.0007008286,21.84936307,44.58,0.0849605777,0.0474916388,8248.33,7.9,0.1436999235,3.4785163257,3.0556542556,0.18976456,0.1013736945,0.0960221741,0.287,0.1714006615,0.3296244226,0.0002472799,0.0003709199,0.357,0.232,46.7328256865602,19.2429282238777
"27155",0.0644904459,0.0002940312,29.40311673,30.26,0.0700218818,0.0534979424,8884.52,7.9,0.116913251,3.0395334855,2.9757725159,0.1888214387,0.0926628288,0.0919979706,0.261,0.1417853885,0.4376053963,0,0.0005904931,0.311,0.246,49.2902208201893,59.1482649842271
"27157",0.0427140095,0.0007533311,22.129102123,34.62,0.0475042199,0.0310507917,8454.31,9.2,0.1072304402,2.984324051,2.7552477716,0.2167320903,0.0866419921,0.0852599822,0.268,0.1436997827,1,4.68121e-05,0.0006085573,0.348,0.237,51.6642139211573,53.2297961611923
"27159",0.0595115561,0.0007927928,20.900900901,54.42,0.0697232773,0.0377630441,7691.1,7.4,0.1331738093,3.4162834421,3.0967011657,0.1885147095,0.1038333983,0.098298804,0.265,0.174729852,0.1731561078,0.002180708,0.0018172567,0.319,0.231,86.9712270190612,86.9712270190612
"27161",0.0453366107,0.0003686345,20.011585655,32.88,0.0507702742,0.0340584487,7241,8.4,0.1105705339,2.8711013223,2.8852483527,0.2110466461,0.0873469196,0.0893254672,0.267,0.145052868,0.6744878763,0.0001051248,0.0001576873,0.322,0.213,59.7277119016249,17.5669740887132
"27163",0.0339067633,0.0010691701,8.1876969916,30.62,0.0397320818,0.0210331992,8219.46,8.9,0.0871014626,2.2684373594,2.6022406348,0.2180367982,0.0740875984,0.0794074049,0.29,0.1269666116,0.9489829341,0.0017931427,0.0004853921,0.248,0.148,38.7269445369146,9.81436265661534
"27165",0.0917357274,0.0002739226,28.305332359,33.13,0.1048321048,0.0624771648,8353.44,9.6,0.1440689093,3.2722852026,2.9573997849,0.1994584988,0.0984941726,0.0922127869,0.282,0.1448533581,0.6564088841,0.0004511414,0.0007218262,0.292,0.222,94.1019336429591,30.3554624654707
"27167",0.0472410455,0,15.634771732,60.74,0.0528140838,0.0342511753,8578.19,8.6,0.1123367115,3.013513019,2.9047234629,0.2039614702,0.0905370944,0.0897158813,0.27,0.1539115435,0.5167274939,0.0013856813,0,0.296,0.226,51.9507506883474,0
"27169",0.0588145665,0.0004126953,13.953031345,36.97,0.0669617786,0.0333367951,7139.95,8.5,0.1283058689,3.4263654102,3.0666350736,0.2338064257,0.1013742283,0.0936540145,0.291,0.158843112,0.9951613843,0.0014482259,0.000567548,0.296,0.21,88.929575622834,16.3473484600798
"27171",0.0390209355,0.000449315,9.9763157694,34.84,0.0463818591,0.0245303924,8220.86,9.3,0.1007295917,2.5965929038,2.8404865347,0.2423077484,0.0801386276,0.0842400471,0.283,0.1454449482,0.8056375301,0.0009390539,0.0004079496,0.3,0.181,43.6793226657592,12.9514270694984
"27173",0.0603957851,0.0007088608,30.379746835,58.95,0.0673388549,0.0448582311,9922.07,8.4,0.1189503803,3.1153061889,2.9239428653,0.196201361,0.0935964787,0.091475076,0.266,0.161063316,0.3219965511,0.0002967653,0.0005935305,0.306,0.248,70.1895116815402,53.4777231859354
"28001",0.1586203971,0.0008638894,14.398157036,66.29,0.2016345593,0.0470918217,9466.05,5,0.2553726055,5.0734314239,4.6338902323,0.1253184377,0.162552544,0.1490993765,0.4,0.2381251878,0.7741895532,0.0003150896,0.00091376,0.378,0.309,43.5064039304322,10.6113180318127
"28003",0.1528138671,0.0003744517,12.838343854,98.4,0.1973848357,0.0453902253,12281.78,7.3,0.2052024979,4.2633208854,4.2375839961,0.1310205404,0.132259914,0.1327919407,0.332,0.1854949899,0.3145424616,0.0025147138,0.0010433387,0.36,0.348,23.1993718323935,15.1688200442573
"28005",0.1882280809,0.0001590584,19.087004931,83.62,0.230620155,0.0713751868,9898.37,6.3,0.2154238182,4.5482387267,4.4820044553,0.1078227722,0.1417420585,0.1406886827,0.347,0.1910668003,0.1619830934,7.91828e-05,0.0003959142,0.413,0.341,42.4842675446749,37.1737341015905
"28007",0.1610778049,0.0004726146,14.178438271,73.45,0.2135968681,0.0462944162,11194.71,5.7,0.2302308213,4.4191224028,4.3598230673,0.1119952441,0.1392843866,0.1394472641,0.358,0.1948122149,0.4587507667,0.0002087356,0.0004696551,0.395,0.336,42.0021001050052,10.5005250262513
"28009",0.1618514597,0,10.999755561,90.64,0.2054965646,0.0482939633,11898.58,5.4,0.2185602741,4.3077675634,4.2061650355,0.1196371627,0.1356634784,0.1340049447,0.351,0.1920326802,0.7397181808,0.0003616201,0.0004821601,0.36,0.315,28.2919731630426,28.2919731630426
"28011",0.1467019059,0.0005401837,16.205509873,92.67,0.1950029489,0.0392111369,12927.4,3.2,0.2909509566,5.3875677686,4.6145253214,0.0992759228,0.1749426754,0.1572266321,0.404,0.2301336359,0.4399179968,0.0004145937,0.0005922767,0.392,0.32,29.050256944514,6.01039798852014
"28013",0.1887861368,0.0002038459,15.628185092,77.01,0.2381679389,0.0719326819,11970.61,6.9,0.2426476173,4.6923432888,4.3985627458,0.1185097367,0.1437989201,0.1406928825,0.334,0.2001533776,0.58621842,6.78196e-05,0.0002034588,0.39,0.372,24.9591577418769,22.6901434017063
"28015",0.1769590036,0.0001952553,8.7864883335,85.56,0.2166374781,0.0680628272,11226.42,5.5,0.208095321,4.0287376433,3.986919009,0.1285029605,0.1233861131,0.12489671,0.32,0.1843396138,0.0641691045,0,0.0001950458,0.364,0.374,39.0218522372529,26.0145681581686
"28017",0.180279306,0.0003462604,13.273314866,63.19,0.2369004434,0.0508134611,9977.04,6.6,0.2523869069,4.6820721874,4.4210610476,0.115360222,0.1512891506,0.1444406194,0.371,0.2199769696,0.4710211592,0.0002888003,0.0005198406,0.408,0.3,23.1271802185519,17.3453851639139
"28019",0.1376493723,0.0002409929,13.254608989,69.11,0.1720159429,0.0526859504,12302.5,7,0.2436980259,4.6511394802,4.3245425204,0.1169760288,0.1436671574,0.1403475321,0.343,0.1959687536,0.3934713935,0.0006028454,0.0004822763,0.362,0.352,8.05315079524864,8.05315079524864
"28021",0.1451756998,0.0003278689,8.7431693989,142.39,0.1881167332,0.0429058996,14844.04,3.5,0.3543321953,5.7344257531,5.0327419841,0.0926772369,0.1947336468,0.1746947017,0.431,0.270965339,0.369637651,0.0003303965,0.0005506608,0.444,0.365,3.65376886258175,3.65376886258175
"28023",0.154203797,0.0003123829,19.992502811,79.86,0.1917209005,0.0581798772,12156.77,6.7,0.2116859321,4.2959259134,4.0363444826,0.122510814,0.1308683672,0.1287842589,0.335,0.1825760558,0.0529524265,0.0001227069,0.0004294742,0.331,0.308,56.0247338825141,41.4998028759363
"28025",0.1556085044,0.0004988029,13.966480447,51.68,0.2008001362,0.0433621044,10315.7,4.7,0.2740293124,5.0107991834,4.4577665243,0.1033828403,0.1539220499,0.1451431644,0.356,0.2096980878,0.7168265969,0.001433869,0.0003461063,0.372,0.314,63.203765613825,18.2958268882125
"28027",0.1472457627,0.0006092608,9.7481722177,66.91,0.2013893812,0.034212402,10620.54,3.5,0.3139978475,4.9806502689,4.7985966953,0.1076215913,0.1641362783,0.1578437954,0.402,0.252771088,0.723031624,0.0025396058,0.0009674689,0.417,0.322,19.1162816101371,19.1162816101371
"28029",0.1537551245,0.000347548,11.469085601,75.56,0.1977257998,0.0451594694,10399.48,5.6,0.2382353831,4.3741425051,4.2665478696,0.1170684735,0.1401036607,0.1389488731,0.363,0.201532146,0.4908146287,6.94517e-05,0.0001389034,0.37,0.341,47.6456096313857,17.4313205968484
"28031",0.1716682199,0.0003070153,13.303996316,77.8,0.2199612403,0.0588826367,12447,NA,0.2466841968,4.6280476012,4.3385412471,0.1228839748,0.1450604803,0.140522473,0.352,0.2145266227,0.0726185609,0.0003600453,0.0004114803,0.358,0.329,35.8643303617174,17.0782525531988
"28033",0.106923016,0.0003288658,8.3081876035,53.45,0.1365969169,0.0418573548,10238.45,7.5,0.151333198,3.2240484769,3.6381591773,0.1615591178,0.0994645919,0.1106932854,0.321,0.1680012712,0.7489085407,0.0005733911,0.0004563725,0.323,0.3,16.735693386708,13.4655004260869
"28035",0.1550895933,0.0005530391,14.221004951,77.47,0.1984797481,0.0421320358,11444.85,6,0.2198421211,4.3750547778,4.2266377098,0.1216276949,0.1385101971,0.1363171362,0.384,0.1980949609,0.8034537059,0.0027905149,0.0017031311,0.348,0.28,19.2768550687176,14.4576413015382
"28037",0.1506653992,0.0006457445,20.663825391,113.2,0.1895395619,0.0585189021,12886.3,6,0.2125695623,4.1864658948,4.2004163463,0.11938276,0.1293544665,0.1316578371,0.343,0.1822541606,0.738975117,0,0.0011489851,0.365,0.312,21.4059422895796,29.9683192054114
"28039",0.1513527441,0.0003850597,9.4125700595,105.88,0.1951765848,0.0564298204,10841.72,7.8,0.1745840478,3.8690475832,3.8492833273,0.1520141245,0.1168119656,0.1200846045,0.302,0.1734109607,0.1308796173,0.0002145646,0.0002574776,0.368,0.331,21.315598755169,14.2103991701127
"28041",0.1531887619,7.39536e-05,8.1348912883,146.6,0.1932337702,0.0621584699,13553.81,7.5,0.1787529144,3.9225093904,3.7240398976,0.1573899522,0.1155967978,0.1154485097,0.35,0.1791645795,0.150625,6.98032e-05,0.0006282284,0.366,0.315,19.3911188675587,19.3911188675587
"28043",0.1449872917,0.000556122,14.366484382,70.13,0.1867550714,0.0427012792,11929.55,6.3,0.2223785088,4.4301597485,4.1879270543,0.1190213467,0.1358004905,0.1337981533,0.382,0.1981568197,0.496850178,0.0002769316,0.0011077264,0.373,0.335,41.8481377578698,15.4993102806925
"28045",0.1673845669,0.0003231366,7.9707022835,67.85,0.2098320915,0.0518060837,11424.21,6.5,0.1874346821,4.077880176,4.1284493972,0.1314479264,0.1253185755,0.1292555705,0.327,0.1797260435,0.5215916593,0.0001088163,0.0005658447,0.36,0.356,41.6786432883012,17.2463351537798
"28047",0.1681500826,0.0005560796,9.8803435778,64.69,0.2175722869,0.0467338084,10896.35,5.9,0.2090418735,4.5945939121,4.531079783,0.1407836644,0.1379308267,0.1341936839,0.36,0.2121793535,0.7743406109,0.0015020748,0.0009544957,0.34,0.301,34.1227956839633,20.539935266075
"28049",0.128607538,0.0007451902,14.080389969,58.83,0.168217353,0.0340909091,9966.34,4.9,0.2330106379,4.4828414478,4.2209552873,0.1192355773,0.1423432531,0.1382182318,0.413,0.2042472417,0.7908392278,0.0020104296,0.0017068137,0.385,0.317,39.7060379281966,8.65564148607747
"28051",0.1529388111,0.000436205,9.2693565976,80.91,0.2078357841,0.038163387,11977.22,1.4,0.3653309266,5.6682226861,5.0158906907,0.0908634824,0.1950769954,0.1750860745,0.431,0.27120338,0.2476299615,0.0001625223,0.000487567,0.448,0.394,32.847914157451,27.3732617978758
"28053",0.1694452036,0.0004614142,12.688891452,70.23,0.2321894441,0.0376124285,9514.56,3.4,0.3494464982,5.8021332134,5.099832478,0.0864344985,0.1956061834,0.1768467858,0.428,0.2684108634,0.3358933333,0,0.0002288068,0.458,0.34,23.1454692743895,23.1454692743895
"28055",0.1825487945,0,14.958863126,NA,0.2140804598,0.0680628272,8818.9,1.9,0.3416363439,5.6911704877,4.8540552524,0.1043500861,0.191920195,0.1693791481,0.41,0.2844658419,0.0817923186,0,0,0.357,0.323,0,0
"28057",0.1503827828,0.0002964971,11.436316659,51.71,0.1899860304,0.0472263868,10934.46,7.7,0.1880107685,4.0433015413,4.1035466471,0.133971117,0.124227691,0.130182,0.334,0.1978662616,0.2924234007,0.0001700174,0.0007650784,0.35,0.296,41.0387037430128,14.151277152763
"28059",0.1452300185,0.0005091038,10.394201874,53.22,0.1870478494,0.0419232725,10457.76,6.8,0.1668749347,3.7193888424,3.8813350244,0.1418534458,0.1142659669,0.1194199224,0.33,0.1648948186,0.834700862,0.0011903328,0.0005455692,0.334,0.272,34.9218858762208,16.0451908079933
"28061",0.157937929,0.000181061,11.467197779,62.82,0.1987371908,0.0558503917,10385.37,6.1,0.2703521427,4.9424144938,4.4360177439,0.1069419566,0.1525148767,0.1443466007,0.369,0.2112108557,0.1618215918,6.02373e-05,0.0002409493,0.425,0.382,34.1722280292675,28.1418348476321
"28063",0.1572940787,0.000266418,2.6641800986,82.44,0.1996332799,0.0506471581,12190.32,3.3,0.3518303506,5.7794051263,4.9845749731,0.0870048542,0.1952801241,0.1732623938,0.437,0.2733670672,0.1924669946,0,0.0006579813,0.495,0.331,4.46368789894211,4.46368789894211
"28065",0.1772124609,0.0001714531,14.573510502,81.7,0.2197850087,0.0579196217,11166.77,5,0.3178302756,5.672251022,4.8676799362,0.0957527357,0.1814640388,0.1646434631,0.395,0.2466186745,0.162328822,0.0001691761,0.0003383522,0.425,0.365,28.6763019041064,34.4115622849277
"28067",0.163113879,0.0005130836,15.685699626,77.29,0.2146602215,0.048331287,11341.39,6.9,0.2302865733,4.5278110783,4.4044363489,0.1188482127,0.1400796579,0.1382960853,0.342,0.2045194763,0.4946355573,0.0004539464,0.0008346756,0.415,0.327,20.54211622925,12.2274501364583
"28069",0.198630137,0.000100311,10.031096399,99.38,0.2497196262,0.0620756547,10937.13,3.2,0.2900633289,5.2501266059,4.5621116068,0.1043059846,0.1664273177,0.1523884732,0.398,0.228020675,0.0062165264,0,9.83961e-05,0.381,0.332,23.3115758625283,23.3115758625283
"28071",0.1424846476,0.0006208376,13.16928171,43.27,0.1711067519,0.0502736671,9601.15,5.7,0.2010266619,4.0880465836,4.0001521903,0.1694364347,0.1280667318,0.1289233262,0.318,0.1892070089,0.7646301028,0.0043831476,0.0006801436,0.324,0.269,46.2847135351514,10.0075056292219
"28073",0.1322736358,0.0014847075,9.7330825827,52.93,0.1665563528,0.0510178594,10297.25,7.4,0.1793172157,3.9444018599,3.8878315781,0.14931233,0.1172427877,0.1199740965,0.321,0.1836946495,0.5615904273,0.0002828666,0.0001663921,0.346,0.26,11.0113361705876,13.7641702132345
"28075",0.138594038,0.0009933269,15.791350415,69.61,0.1801789679,0.0407865987,10869.39,5.8,0.2248170699,4.2960449023,4.3103382923,0.1301441636,0.1334436468,0.134625087,0.39,0.2038053722,0.5191687121,0.0026335921,0.0010158141,0.358,0.326,49.148793736071,7.6265369590455
"28077",0.143223478,0.0002376802,17.429884329,104.54,0.1785238476,0.0580031696,12344.97,6.6,0.2100331051,4.0467969573,4.0924433575,0.1255141761,0.1273023912,0.1309342089,0.373,0.1828212796,0.0644288035,0,0.0008798592,0.344,0.381,34.3252448974203,29.0444379901249
"28079",0.2090166244,8.78619e-05,13.179282168,90.05,0.2697441602,0.0643792658,12381.85,6.1,0.2568870407,4.6945132212,4.3851263673,0.1227479068,0.1495888255,0.143232843,0.39,0.2176266972,0.2968704054,0,0.0003449317,0.421,0.354,8.74941670555296,16.0405972935138
"28081",0.1375930899,0.000961313,13.130128957,49.14,0.1813246471,0.0375996457,9932.84,6.7,0.2035816586,4.3068703426,4.0141653955,0.1372846728,0.1293558002,0.1282422267,0.339,0.1924214646,0.5834398746,0.0040588415,0.001630575,0.306,0.314,45.3254248281737,10.1591469442458
"28083",0.1642519811,0.0005806639,10.968095745,59.77,0.2235432607,0.0402612827,10604.95,1.9,0.318155802,5.3366928425,4.6633957548,0.1071286068,0.1814994243,0.1633665574,0.421,0.2600847793,0.6355169106,0.0004455477,0.0006046719,0.423,0.329,29.2597288598459,31.4271161827974
"28085",0.1582003407,0.0005194955,17.316517071,54.27,0.2042973912,0.048140543,11264.07,6,0.2376280741,4.2987269729,4.2165894058,0.1233748317,0.1363188309,0.1370340194,0.337,0.199130573,0.475350598,0.0002875629,0.000690151,0.395,0.35,47.1394075827104,11.5443447141332
"28087",0.1466317591,0.000519176,13.900519176,30.63,0.1864154963,0.0480527425,9484.55,6,0.2216175039,4.3992403782,4.1923925417,0.114413399,0.1366164335,0.134293354,0.383,0.1945333522,0.7909801101,0.0011049724,0.0010380044,0.369,0.294,63.1136828230248,11.1705633315088
"28089",0.108602903,0.0013337844,12.661286425,56.92,0.135751939,0.045970635,9628.24,7.3,0.1638170568,3.368768708,3.6324426578,0.1553884344,0.103634232,0.1117932637,0.338,0.1477841657,0.7521401637,0.0011800802,0.0006687121,0.308,0.236,56.0807304676295,12.2475158492524
"28091",0.1731851708,0.0004303094,17.603567656,97.19,0.2229059829,0.0538130871,12293.64,5.3,0.2383063117,4.766175941,4.3960081432,0.119939977,0.1489669619,0.14394179,0.333,0.2119554728,0.3285956881,0.0002706046,0.0004638936,0.364,0.286,27.3858271823896,6.5204350434261
"28093",0.1560594379,0.000111371,8.6312506961,68.34,0.198981308,0.0427076923,10258.29,6.4,0.235001225,4.4163745433,4.023713399,0.1230791003,0.1357248183,0.1300716072,0.361,0.2004798934,0.3345358604,0,0.0003863774,0.377,0.352,19.4532704653037,9.2634621263351
"28095",0.1572902739,0.0004745025,14.235074106,71.11,0.2021342186,0.0432368576,11832.27,7,0.2106185917,4.2999287004,4.1285696338,0.1302333551,0.1320916535,0.1316065561,0.324,0.1872542019,0.409229771,8.33264e-05,0.0006666111,0.357,0.311,37.1391697538602,11.141750926158
"28097",0.1581983309,0.0005910165,13.790386131,79.84,0.2009155646,0.0484822934,13093.35,5.8,0.2583114007,4.9020571864,4.4715001048,0.1085803189,0.1529196736,0.1449520431,0.354,0.2140013774,0.3437070938,0.0001923077,0.0002884615,0.396,0.326,19.5191775919841,32.5319626533069
"28099",0.1809079577,0.000543054,14.255167498,114.79,0.2418288873,0.0599930241,12824.73,7,0.230367205,4.5799922277,4.5156699113,0.1283831353,0.146338042,0.1470764402,0.364,0.2245866572,0.3030057959,0.0003733243,0.0009842186,0.394,0.331,21.5100021510002,23.7742129037371
"28101",0.160235374,0.0002759001,15.174506829,96.49,0.2095440779,0.0529257642,11582.4,6.8,0.2208391394,4.4167287341,4.269550946,0.1241703791,0.1391732646,0.1380796726,0.345,0.1933373359,0.302854512,0.0001832173,0.0006412605,0.387,0.343,35.3101923637871,21.4931605692617
"28103",0.19175529,9.05551e-05,11.772163361,114.16,0.2516411379,0.0533980583,12229.09,4.4,0.3193247916,5.3376446374,4.7419818517,0.0960882942,0.1770668447,0.1611860972,0.405,0.2365875937,0.357384149,0.0010796221,0.0007197481,0.405,0.325,18.0744668032293,18.0744668032293
"28105",0.1631820117,0.0004216867,11.445783133,34.68,0.1962823847,0.0498428866,9167.79,4.9,0.2451063762,4.6095870227,4.4710550713,0.1480439126,0.1500579078,0.1463156471,0.338,0.2019799627,0.7923685259,0.0015785,0.0005261667,0.353,0.245,17.4441619086597,6.70929304179219
"28107",0.1563840089,0.0002634121,12.585243071,77.88,0.2053663571,0.0425155004,10742.24,5.6,0.2369202318,4.4217002771,4.2969998173,0.1175617692,0.1407738192,0.1389452038,0.387,0.207243693,0.224767338,0.0004064569,0.0005225874,0.374,0.382,27.2439795670153,17.5139868645099
"28109",0.1649899396,0.0002536645,9.7842039463,69.38,0.2108536431,0.0523163242,11427.4,7.3,0.1883441246,4.1326761143,4.1124106906,0.140448226,0.1260748436,0.1287164866,0.326,0.195527549,0.5811691801,0.0003621614,0.0004345937,0.37,0.317,27.7568260672801,23.5329612309549
"28111",0.171867261,0,9.7743748473,105.47,0.2181342152,0.0567423231,13181.23,7.3,0.2151246716,4.4376838062,4.1982325064,0.1333806933,0.1360506982,0.1344054346,0.339,0.2046776176,0.6321632653,0,0.0006542897,0.351,0.33,16.3269748836703,5.44232496122344
"28113",0.1548126065,0.000425468,17.018720593,91.81,0.2068704668,0.0445199192,11013.45,5.5,0.2523220985,4.6367183502,4.4249367176,0.108466828,0.1484432064,0.1450300928,0.385,0.2265168468,0.6874566875,0.0027460183,0.0007988417,0.352,0.337,30.0799625671577,15.8755357993332
"28115",0.1590175758,0.0001941245,11.32392908,55.41,0.2060599467,0.0530984058,10141,7.8,0.1803116421,4.046627017,4.1036040432,0.1375418133,0.1212875964,0.1240686887,0.324,0.1872814011,0.296124445,0.0003877221,0.0004200323,0.362,0.289,47.1051730044536,13.9174374785886
"28117",0.1598901368,0.0003927884,10.212498527,82.24,0.2064304731,0.0438669095,11821.47,7.3,0.2176275455,4.5526338274,4.3976822012,0.1369136496,0.1381265005,0.1376268309,0.327,0.2001262819,0.4395078335,0.0005899009,0.0005505742,0.344,0.398,13.1331836150401,14.4465019765441
"28119",0.1706138231,0.0001335827,10.686615015,104.82,0.2249604341,0.0388504524,10410.02,2.9,0.339197928,5.5441954735,4.9606006197,0.0906474423,0.1863557163,0.1701795585,0.414,0.263830647,0.30925453,0.0003907268,0.0002604845,0.411,0.382,22.209390130147,26.6512681561764
"28121",0.1139047895,0.000677675,10.93673468,70.86,0.1417724951,0.048547329,10749.55,7.5,0.1624594934,3.286314262,3.6369610168,0.1494613387,0.1015079186,0.1116924008,0.33,0.156124248,0.7433500215,0.0010535558,0.0004997636,0.345,0.288,36.214308228472,13.4127067512859
"28123",0.2060299424,0.0001415178,12.38280559,97.23,0.2696575871,0.0613850997,12706.14,6.6,0.2509417369,4.6975828767,4.3770095029,0.1157981253,0.1520387413,0.1442474049,0.367,0.2187478339,0.7656028871,7.02716e-05,0.0008081234,0.429,0.346,21.1931757973932,7.06439193246441
"28125",0.1707959937,0.0006543075,21.810250818,89.99,0.2214339059,0.0533898305,11262.76,4,0.3124048126,5.3216182058,4.6944507067,0.0916575617,0.1737777545,0.1593086015,0.402,0.2359337417,0.0362082994,0,0.0002151926,0.402,0.359,7.25478816018572,7.25478816018572
"28127",0.1683516679,0.0004040849,13.224597752,96.66,0.2165704967,0.0527318002,11571.62,6.6,0.2388241894,4.6972246848,4.3056968616,0.1196084094,0.1459866303,0.1407615088,0.352,0.2078990255,0.2497909319,0.0002548884,0.000291301,0.388,0.324,35.5405223231246,12.2553525252154
"28129",0.1541495979,6.22704e-05,10.585964257,100.48,0.1928274981,0.0608498868,12637.38,6.9,0.2023738556,4.0850438904,4.1546778046,0.1269841731,0.1273340529,0.1312686941,0.341,0.1872427954,0.3393366078,0.0001235483,0.0003706449,0.348,0.314,31.1487665088462,29.0721820749232
"28131",0.1399716513,0.0002213614,6.6408411732,78.98,0.1764996541,0.0500359109,13013.19,7,0.1704961432,3.7100730742,3.8561713152,0.1511749523,0.1133553892,0.1189400618,0.334,0.1758430425,0.6356685033,0.0001678322,0.0003356643,0.378,0.316,35.2132253461089,31.5065700465185
"28133",0.1599496855,0.0003332716,10.738752083,94.39,0.2172898899,0.034514781,12525.7,2.8,0.289333622,5.0511611895,4.4447686309,0.1064493463,0.1675023487,0.1520301637,0.392,0.2348423455,0.2029881154,7.27379e-05,0.0008728542,0.462,0.33,25.9554061403075,12.3597172096702
"28135",0.1636184857,0.000274198,14.395393474,83.28,0.2126988481,0.041431886,11687.65,4.5,0.2624066524,4.6273456816,4.1555345115,0.1371057981,0.1425410222,0.1330189148,0.391,0.2095721109,0.1749902458,0.0003387304,0.000745207,0.427,0.319,25.1468806437601,22.8608005852365
"28137",0.159206377,0.0001767034,12.72264631,79.9,0.2033898305,0.0537634409,11212.83,6.1,0.1934509772,3.9222906874,4.0493706344,0.1281456408,0.1238900299,0.1277114686,0.347,0.1861363085,0.2928408225,0.0001063679,0.0003900156,0.385,0.295,18.8899776862139,14.1674832646604
"28139",0.1691341164,0.0003162984,16.266775112,80.2,0.2163810406,0.0570362473,11865.6,7.1,0.2119579569,4.2929173855,4.2352589372,0.14147318,0.1344574492,0.134368632,0.327,0.1980965974,0.4572688017,0.0006806116,0.000816734,0.374,0.384,40.6871609403255,15.0693188667872
"28141",0.1669453376,0.000460311,6.6489361702,83.33,0.2078347957,0.0619982159,11619.7,8.3,0.1991237703,4.2333887073,4.2729564044,0.130156751,0.1280078498,0.1322705186,0.329,0.1852066687,0.2841831266,0.0008238929,0.000669413,0.356,0.363,29.0782204129107,10.2629013222038
"28143",0.1260744986,9.66837e-05,8.7015372716,76.3,0.1748930569,0.0278667521,11156.57,4.3,0.2859958042,4.9056346599,4.4771598353,0.1067486857,0.1578689337,0.1486530969,0.411,0.2416086472,0.3026535535,0.0003774297,0.000660502,0.407,0.331,3.20769847634322,3.20769847634322
"28145",0.1745197764,0.0005276302,16.180660593,57.18,0.2265841048,0.0565281304,9903.6,7.2,0.2205036386,4.3802435898,4.2203668272,0.1414186029,0.1341677445,0.1338146922,0.335,0.1988618042,0.6465320262,0.000142364,0.0006762288,0.356,0.29,23.5746195645768,5.89365489114419
"28147",0.1897319553,0.0004098921,11.613608416,106.2,0.2378027171,0.0744505495,12740.83,6.2,0.2560460409,4.6204333362,4.3620438726,0.11163502,0.1501590903,0.1442850041,0.352,0.2176126001,0,6.72993e-05,0.0003364964,0.374,0.339,40.8200290275762,34.0166908563135
"28149",0.126699768,0.0006528377,12.635569127,59.73,0.1623907725,0.0401689581,11070.4,5.7,0.2237040741,4.400700346,4.2416933066,0.1213381204,0.1363499606,0.1343211415,0.36,0.2053990657,0.7619789638,0.0037721693,0.0004584957,0.394,0.322,23.1403567822282,16.1281274542803
"28151",0.1666789677,0.0004155412,15.998337835,61.21,0.2247883532,0.036001532,11092.19,3.3,0.2771175424,4.8787788524,4.4940933194,0.0959132452,0.1613592194,0.154807561,0.399,0.2246422441,0.5363826583,0.0006944728,0.0007148985,0.428,0.349,68.5980362945974,6.92909457521186
"28153",0.1664820106,0.0002917437,12.155985607,86.77,0.2155535375,0.0510590015,10561.96,6.9,0.2421099496,4.6156939051,4.2613904699,0.1274815974,0.1414143353,0.1372646222,0.373,0.2086896383,0.4139393647,4.88043e-05,0.0002928258,0.402,0.38,53.6271450858034,17.8757150286011
"28155",0.1496590356,0.0003030609,15.153045762,106.89,0.1869126943,0.0608380338,10806.8,7,0.1936002386,4.269085679,4.1123658707,0.1354771836,0.1296660629,0.1292252474,0.329,0.1857968366,0.1341070906,0.0001002808,0.0007019655,0.336,0.316,26.9923746541602,37.1145151494703
"28157",0.1452219714,0.0002192502,13.155009866,75.35,0.1850351737,0.0525024534,10905.28,4.9,0.2804162928,4.9752557191,4.3369842952,0.1183262211,0.1569346425,0.1433261492,0.406,0.2308293454,0.107511642,0.0001088021,0.0005440104,0.383,0.347,21.9298245614035,36.5497076023392
"28159",0.1726598957,0.0003821587,18.561991593,50.55,0.2235827227,0.0491878289,10247.23,5.7,0.2420656419,4.6251664957,4.3417389148,0.1114015268,0.1481975061,0.1446183201,0.366,0.2203444374,0.5162516929,0.0010282498,0.0004870657,0.373,0.343,36.3934127922846,25.4753889545992
"28161",0.1408017464,0.0002410219,16.068128866,101.31,0.1782902914,0.0469798658,11377.79,6.8,0.2343725111,4.7123847149,4.2512270209,0.115569057,0.142424336,0.1363640629,0.351,0.1946388362,0.4021138981,8.14598e-05,0.0006516781,0.362,0.356,48.3949024036135,43.0176910254342
"28163",0.1476651452,0.0001825684,7.6678716179,79.45,0.2005057266,0.0399941185,11495.16,4,0.2957213611,4.8666397031,4.3799977046,0.1220995772,0.1553425425,0.1437264781,0.39,0.2332765987,0.4579725637,0.0011144264,0.0004673401,0.406,0.338,33.9525634185381,12.1259155066207
"29001",0.1336123463,0.0013003389,16.155725431,36.69,0.1517199017,0.0767263427,9359.4,6.6,0.2057016856,4.7619516972,4.486178477,0.1762537748,0.1456713806,0.1395449024,0.331,0.2171549654,0.7345647674,0.0014451996,0.0006249512,0.307,0.264,27.5088748870171,24.8889820406345
"29003",0.0995713583,0.0001734505,9.8288621647,52.56,0.1145245965,0.0635991327,10263.24,8.5,0.1467884887,3.6992070482,3.8118312586,0.175515049,0.1071986595,0.1131887961,0.304,0.1862930483,0.5127522989,5.75407e-05,0.0001150814,0.329,0.232,55.7424315233061,53.8202787121576
"29005",0.12425,0.0001884659,35.808518658,97.01,0.1346675712,0.0985533454,11359.38,7.8,0.155256583,3.9498863388,4.0224026414,0.158326494,0.1159058563,0.1195230751,0.294,0.1940530948,0.6029903254,0.0003716091,0.0014864363,0.333,0.282,112.63375258119,87.6040297853701
"29007",0.1251595772,0.0004598406,11.879215205,49.72,0.1502217698,0.068244898,10116.03,7.4,0.1783753949,4.4084066032,4.3389135005,0.1547159834,0.1309682648,0.1323083843,0.318,0.2228876786,0.6540013318,0.001622436,0.0004249237,0.35,0.288,62.8172914209528,14.1018409312343
"29009",0.1775175311,0.0006140277,13.955175975,46.47,0.2084423599,0.0998670052,9093.28,7.8,0.2026369107,4.5688250559,4.3599903822,0.1516551118,0.1385464509,0.1345148861,0.33,0.2199190192,0.5717335731,0.0004206158,0.0005888621,0.325,0.295,41.0359717597903,13.9895358272013
"29011",0.1489406335,0.0004208754,15.151515152,88.38,0.1770292328,0.0834181078,11821.5,6.8,0.1977870476,4.7794309428,4.5439900073,0.1496374495,0.14565003,0.1415333868,0.338,0.2403119113,0.5241896468,0.0004976362,0.0003317575,0.336,0.293,25.1081043381225,25.1081043381225
"29013",0.1436413541,0.0002432202,15.201264745,102.12,0.1729339511,0.0754716981,10001.91,7.9,0.1745047823,4.2389466357,4.342449759,0.1528245383,0.1288640495,0.1311283448,0.327,0.2217834535,0.2604844859,0.0003617945,0.0004823927,0.322,0.259,58.6486541145064,52.5815519647299
"29015",0.1495327103,0.0002678093,17.675415104,65.47,0.1713679102,0.083758631,9512.88,7.6,0.18879674,4.529178493,4.4109012677,0.1303218201,0.1389467645,0.1370086596,0.307,0.2176927292,0.5036209068,0.0004785707,0.0003190471,0.339,0.271,47.9445973541685,39.0659682145077
"29017",0.1535198465,8.20883e-05,8.208832704,60.49,0.1783694303,0.0879913451,8947.11,7,0.183319947,4.4284470743,4.3074591134,0.161456323,0.1319009556,0.1310133296,0.33,0.2267015361,0.2091725309,0.0003227368,8.06842e-05,0.32,0.338,16.3809107786393,16.3809107786393
"29019",0.0957617736,0.0011201664,11.544572336,37.56,0.1066353858,0.064474148,8725.37,7,0.175408898,4.2709369148,4.1777141244,0.2088852073,0.1255748858,0.1268041813,0.293,0.2133617535,0.7627611564,0.0028775396,0.0010595367,0.265,0.221,32.2343763411122,10.2997415527814
"29021",0.1159815699,0.0006958474,13.131313131,49.94,0.1387759798,0.0575776668,9705.87,7.4,0.1965820263,4.6312466483,4.1629111567,0.1681263176,0.1349885384,0.1266471935,0.368,0.2195518014,0.7286465398,0.0013745167,0.0008157701,0.361,0.307,49.715165742139,17.1947189784842
"29023",0.1335682718,0.0010942702,10.942702149,86.47,0.1620035375,0.0627389472,9522.04,6.8,0.2079263263,4.961372409,4.6232165586,0.1422931788,0.1478442645,0.1407670655,0.337,0.2336745326,0.716735991,0.0023969096,0.0011635484,0.35,0.343,41.9704341608245,19.4307565559373
"29025",0.1376791233,0,14.422010206,69.21,0.1598401598,0.0882221227,9247.42,7.7,0.161957099,4.0215279426,4.0313716666,0.1603369836,0.1196580538,0.1221135089,0.319,0.1984972929,0.3370118846,0,0.0003320788,0.354,0.325,29.5094061232018,29.5094061232018
"29027",0.1082539683,0.0003791765,9.8139804613,53.62,0.1260164198,0.0614398014,8925.59,7.6,0.1647615421,4.0347925923,3.9832653668,0.1797024581,0.1187414933,0.1182920934,0.317,0.2043576772,0.6373499955,0.0016089385,0.0001787709,0.352,0.258,34.1595995900848,19.3075997683088
"29029",0.1636620932,0.0008137984,12.885141397,42.57,0.1845619981,0.0986453202,8505.01,7.6,0.165953922,4.3224444206,4.1593443649,0.1534659263,0.127093594,0.1271147928,0.283,0.2013418759,0.7582155357,0.001158538,0.0003861793,0.293,0.272,25.6110880946104,24.1045535008098
"29031",0.1052164824,0.0009418113,13.872626381,47.65,0.1248389314,0.0534771632,8333.24,7.2,0.1858141601,4.3608969472,4.2243138764,0.1765648822,0.1267481747,0.125846239,0.341,0.220792506,0.7186616275,0.0023320477,0.0012813449,0.288,0.263,27.5975680173907,19.955164566421
"29033",0.1244331066,0.0003336299,16.681494662,64.71,0.1457881239,0.0725806452,10588.71,7.6,0.163148939,4.1450438735,4.1311604347,0.1536254635,0.1248751005,0.1264040194,0.336,0.212910869,0.4259279182,0.0001105828,0.0004423311,0.379,0.304,37.1085052694077,59.3736084310524
"29035",0.16818542,0.0001596679,7.9833945394,64.43,0.1988304094,0.0946123522,8869.12,5.1,0.1994779698,4.7021327751,4.6143129013,0.1500029914,0.1452718756,0.1425931845,0.332,0.2439485066,0.6451715882,0.0011185682,0.0011185682,0.326,0.311,53.5074107763925,53.5074107763925
"29037",0.0915585636,0.0002460557,8.7595838706,59.79,0.1098142883,0.0505343511,10082.05,7.8,0.1373661147,3.5672157308,3.7851305125,0.1754839418,0.1076006854,0.1126571616,0.319,0.1956654552,0.7484770502,0.0005352417,0.0003072684,0.337,0.258,94.6495184009799,19.9779260292726
"29039",0.1637790753,0.0002870676,13.63571121,46.11,0.1920448332,0.0989143546,9877.47,7.1,0.2100836022,4.8540867675,4.5868948072,0.1352716043,0.1496167172,0.1441013511,0.33,0.246830005,0.3335717351,0.0005017202,0.0005733945,0.327,0.296,119.326046489428,28.6382511574627
"29041",0.1400069396,0.0001317697,21.08314666,60.03,0.1575697703,0.1003925967,9414.71,7.9,0.1790344903,4.2419493416,4.2263112566,0.1451889313,0.1289639658,0.1300414943,0.314,0.2073070338,0.1656238028,0.0003899142,0.0005198856,0.303,0.322,57.0200447388043,43.8615728760033
"29043",0.1083425149,0.0003602349,8.5255586642,38.55,0.1298974069,0.0611385029,8493.04,7.9,0.1486762731,3.9696935026,4.0586991,0.1726711046,0.1156994088,0.1198465019,0.299,0.2086318404,0.7748960244,0.0009622294,0.0002557825,0.3,0.27,34.0298101136596,13.6119240454638
"29045",0.1391400627,0.0002940744,14.703720041,89.06,0.1556069959,0.0994406464,10918.19,7.6,0.1628711243,4.0921979399,4.0658647521,0.1610056353,0.120526604,0.1224805601,0.325,0.217920259,0.3831068777,0.0001445713,0,0.346,0.292,4.89212856513869,4.89212856513869
"29047",0.0933479561,0.0006747667,9.803214266,60.07,0.1106025305,0.0530164232,10059.21,8,0.1441510109,3.4909561991,3.8383838537,0.1923756254,0.1076844659,0.1128623556,0.313,0.1897865201,0.9261238448,0.0009029365,0.0004493286,0.311,0.223,45.7366135707873,20.0450590341105
"29049",0.1025307474,0.0005822699,10.674947838,69.93,0.1191478821,0.0633914422,9588.65,8.2,0.1504555455,3.946415067,3.9771487706,0.1728466231,0.1158960959,0.1181762711,0.311,0.2021232462,0.5938388854,0.0002955811,0.0005911621,0.324,0.332,82.9025651028967,30.8852693520596
"29051",0.097558975,0.0008602711,24.244004171,43.55,0.1147207426,0.0575208991,8668.36,7.4,0.1605170394,3.7937022236,3.8148082621,0.1693287552,0.1128379738,0.1166149712,0.295,0.2064981618,0.7328201079,0.0013976514,0.0006922946,0.349,0.206,32.6217443499139,13.9186109226299
"29053",0.1146376483,0.0004534633,11.903412312,56.71,0.1337753921,0.0682281059,8403,7.2,0.172960287,4.2328106824,4.0972891697,0.1675698931,0.124997303,0.1242007138,0.326,0.2190771019,0.4506562127,0.0008529997,0.0002274666,0.341,0.268,56.6689963920739,9.44483273201232
"29055",0.1524609237,4.07731e-05,11.824186578,61.7,0.1810751779,0.0809386159,9575.64,7.6,0.2052932109,4.9036076171,4.5611620461,0.1551863194,0.1483512248,0.1419233414,0.328,0.2449699654,0.6685293165,0.0003245436,0.0003651116,0.366,0.284,29.9409347015433,27.2190315468576
"29057",0.1534627943,0.0006583278,17.116524029,37.68,0.1768818457,0.0915275201,8680.6,7.8,0.1838871979,4.5139636803,4.3557574935,0.1463526245,0.136970542,0.1338529359,0.317,0.2229659397,0.0512495243,0.0006554798,0.0003932879,0.33,0.27,74.3852279688457,61.2584230331671
"29059",0.167721519,6.10016e-05,7.3201976453,43.74,0.1973229706,0.0947125257,9167.49,7.1,0.2042782031,4.8805522196,4.5882420568,0.1510606603,0.1453622605,0.1403740038,0.325,0.2337251427,0.3569768135,0.0003660992,0.0003050827,0.354,0.261,79.2199878123096,20.3128173877717
"29061",0.1788089714,0.0001211681,8.481764207,82.88,0.2102389078,0.1140632158,11397.12,7.3,0.1900469699,4.6243789731,4.3618740041,0.1549977233,0.1357914588,0.1325370042,0.325,0.2247701563,0.2479544646,0.000241051,0.000482102,0.372,0.265,48.4672240397431,32.3114826931621
"29063",0.1156258522,0.0002364625,9.4585008276,41.51,0.1328497805,0.0761947701,9589.95,6.9,0.1828232083,4.1184280612,3.8791141944,0.1780971469,0.1235943086,0.118457602,0.34,0.2295295524,0.2558175613,7.87898e-05,7.87898e-05,0.366,0.303,42.1141292903769,42.1141292903769
"29065",0.1620317356,0.0002565254,14.108895017,84.28,0.1930325528,0.0860509729,9738.75,6.9,0.1969895732,4.6280227499,4.4462467337,0.1434057232,0.1416360266,0.1388147913,0.328,0.2266664515,0.6412467267,0.0010220377,0.0003832641,0.305,0.281,12.8658732711483,21.4431221185805
"29067",0.1687259069,0.0002243326,13.459956629,NA,0.2039136302,0.0736325386,7900.17,6.5,0.2016062957,4.9229669136,4.5765318958,0.1394468389,0.1472087773,0.1404631223,0.338,0.2264582967,0.1871528793,0.0005167577,0.0006644028,0.32,0.33,52.1389378553517,34.7592919035678
"29069",0.1513654618,0.0004531478,18.125910341,101.69,0.1893843133,0.0661985958,11132.67,6.1,0.2609665901,5.5142444253,4.9399891978,0.1428967339,0.1645932419,0.1528931256,0.329,0.2766798766,0.537664695,0.0011166411,0.0007018887,0.377,0.383,31.2587578416367,16.1683230215362
"29071",0.1120260123,0.0006638939,14.05893035,41.71,0.1298352812,0.0683292373,9679.17,8,0.1582171836,4.0002722736,4.006396961,0.1685784033,0.1161159334,0.1180575003,0.308,0.1939506221,0.6764966697,0.0007836684,0.0003722425,0.32,0.28,41.6466025482515,23.4262139333915
"29073",0.1339555786,0.000336519,16.825952349,64.91,0.1546500705,0.0792079208,10493.24,8.2,0.1623736031,4.1678276399,4.1452393738,0.1628690235,0.1214767487,0.1239103452,0.327,0.2042785277,0.5511102352,0.0006726759,0.0002690704,0.341,0.302,51.6482529417048,11.2278810742837
"29075",0.1381319301,0.0004482965,22.41482367,81.32,0.1598712446,0.0909090909,11381.93,8.1,0.1793242049,4.2690825576,4.3062702181,0.1572470075,0.1270021097,0.1297382386,0.303,0.2162725734,0.2923716236,0.0002929974,0.0002929974,0.299,0.282,64.4234104762377,59.4677635165271
"29077",0.1331950794,0.0009511511,12.115026799,43.6,0.1559560007,0.0681239561,9031.13,7.3,0.1700940292,4.3270385308,4.1700697739,0.1557505434,0.1305853768,0.1297709508,0.322,0.2247931733,0.8406099413,0.0028684869,0.0011788781,0.362,0.243,50.7751322413975,20.7505677424889
"29079",0.1361575334,0.000297118,16.836684164,68.52,0.1620975161,0.0765050167,10108.04,6.8,0.1902079831,4.5340572643,4.3616620633,0.1477396491,0.135448065,0.1330306789,0.314,0.211678907,0.3915797681,0.0010787487,0.0004903403,0.339,0.255,59.0958337437211,72.2282412423258
"29081",0.1674147217,0.0003482298,11.607661056,79.15,0.1851532154,0.1276794035,12348.62,6.8,0.1874913689,4.65639412,4.3782778149,0.1426169934,0.1385149071,0.1345725847,0.321,0.2148813742,0.3733392877,0.0009260331,0.000810279,0.322,0.339,38.7446726075165,38.7446726075165
"29083",0.1304449924,0.0006900676,17.481713208,67.01,0.1506971466,0.0792299899,9919.94,6.8,0.1766229551,4.3281466897,4.3911349469,0.1588461028,0.1312792427,0.1319400366,0.318,0.2324455508,0.5107309626,0.0020882513,0.0004539677,0.313,0.274,48.9603574106091,16.8301228598969
"29085",0.1744186047,0.0002173677,11.955222258,33.43,0.196763754,0.105837075,9561.16,7.1,0.2110681296,4.9524643473,4.6415240196,0.1206350418,0.1514793308,0.1454485127,0.317,0.2286538524,0.1442817077,0.0005423582,0.0004338865,0.317,0.306,111.957817183719,122.792444653111
"29087",0.131871345,0.0002230152,24.531668153,65.29,0.1463124504,0.0948827292,8974.9,4.9,0.1588335723,4.0553244464,4.0518293959,0.1508858592,0.1208482781,0.1227023538,0.305,0.1999646972,0.3216612378,0.0004428698,0.0006643047,0.328,0.3,74.360499702558,59.4883997620464
"29089",0.1221806934,0.0003945162,11.835486734,46.52,0.1423455685,0.073245614,7959.48,7.5,0.1717985548,4.2012847799,4.187524798,0.1613044926,0.1270318413,0.1275333982,0.318,0.2156048798,0.1313091483,0.0003937395,0.0003937395,0.32,0.246,46.1193833179602,46.1193833179602
"29091",0.1381706025,0.0010220106,12.962085899,56.31,0.1637693217,0.0773571355,8372.19,6.7,0.2109415162,4.8435146815,4.5013111431,0.1476154413,0.1475154738,0.1397947228,0.336,0.2324194356,0.6371039604,0.0017673562,0.0008712319,0.326,0.297,71.3692946058091,24.0663900414938
"29093",0.1477832512,0,19.75308642,75.17,0.1743308167,0.075978162,11547.26,6.4,0.2025303525,4.7627863444,4.47284391,0.1499590126,0.1441315888,0.1381615085,0.329,0.2419961899,0.757855127,0.0008765949,0.0004869972,0.338,0.243,32.8795949233905,36.1675544157296
"29095",0.1258192136,0.0007664083,11.183453724,55.31,0.1518607032,0.0597622828,9979.04,6.8,0.1768923464,4.1747676134,4.2368027793,0.1804576245,0.1283215978,0.1287285076,0.336,0.2013001481,0.9425995093,0.0019335735,0.0008826229,0.328,0.223,56.86955636413,17.2596437047146
"29097",0.1451573996,0.000609443,13.406860265,51.54,0.1792978605,0.0661038495,9694.17,7.2,0.1884489364,4.4711120984,4.3085630508,0.1616458616,0.1353872847,0.1312315872,0.321,0.237616202,0.6659653845,0.0019652383,0.0010889632,0.361,0.268,32.3715693173821,25.3342716396904
"29099",0.1079550187,0.0002364762,7.5850868269,64.79,0.1310145843,0.0501318308,11418.63,7.8,0.1394028969,3.7870300302,4.0823028562,0.1822325295,0.1103426885,0.1178980284,0.331,0.2124558664,0.8054340223,0.0007094237,0.0002289912,0.318,0.188,31.4425108707638,21.0113461269085
"29101",0.1059939199,0.0003892421,10.194435692,67.95,0.1256880734,0.052821028,9818.96,7.3,0.1655249998,4.0009656942,4.1210519854,0.1914889939,0.1215526532,0.1234892231,0.327,0.2007178295,0.6098488449,0.0010669217,0.0004598801,0.344,0.244,33.2809466580383,21.5709839450248
"29103",0.1794871795,0.000511509,25.57544757,32.8,0.2118320611,0.1070686071,9450.44,7.3,0.1799752438,4.4024625759,4.2925735056,0.1448220348,0.1335550401,0.1326557875,0.321,0.220478286,0,0.00025,0.00025,0.327,0.294,8.44309354947653,8.44309354947653
"29105",0.1440956032,0.0007047614,14.940940997,78.32,0.17715959,0.0662087603,9599.37,7,0.1922990881,4.5502873529,4.5157688176,0.1553256971,0.1415922875,0.1388342143,0.332,0.2369830012,0.4365353799,0.001072265,0.0006490025,0.325,0.311,23.4957989511475,20.6763030770098
"29107",0.1169038133,0.000305801,16.207455429,68.33,0.1388537049,0.0639088115,9822.41,8,0.1469476861,3.7270807194,3.8922387159,0.1664585882,0.1113168542,0.1172312715,0.324,0.1979779035,0.5093316557,0.000917768,0.0005506608,0.33,0.261,74.4844755986817,14.2846939504321
"29109",0.1533208182,0.0006286014,15.715034049,49.68,0.1865924379,0.0793103448,8900.52,7.8,0.1981009103,4.7034965778,4.3669313455,0.1516042936,0.1369635488,0.1329454435,0.323,0.2238637276,0.4646166589,0.0014464929,0.0003944981,0.325,0.249,47.1269985338267,21.8180548767716
"29111",0.1301334702,0.000195944,13.716077202,63.73,0.1444846293,0.097826087,10229.55,6.7,0.172462085,4.2012266637,4.0814791896,0.1654479292,0.1243005647,0.1245989551,0.307,0.2098236282,0.4116149251,0.0004931939,0.0003945551,0.343,0.241,42.6523179894353,39.3713704517865
"29113",0.1226369263,7.31315e-05,7.6788064941,60.8,0.1435760717,0.075124412,10830.76,8.1,0.1588849548,3.887889741,4.0144400239,0.178261482,0.1162584942,0.1209217254,0.33,0.2198016895,0.444945402,0.0005530056,0.0002027687,0.331,0.277,10.9614400896402,24.967724648625
"29115",0.1337854501,0.0004874878,20.3119922,82.64,0.1531058618,0.0895571712,9940.85,7,0.1810084243,4.3912013599,4.3251702179,0.1494198068,0.1313595863,0.1312316211,0.306,0.2077580293,0.5280934096,0.0002436845,0.0003249127,0.341,0.265,27.1864720115271,13.5932360057635
"29117",0.1271115259,0.000731967,15.30476444,78.43,0.1517031951,0.0702341137,10620.28,7.8,0.1625118997,4.0608168759,4.2458975539,0.1551584689,0.121680895,0.127295848,0.316,0.2038729554,0.5973675551,0.0004650236,0.0002657278,0.346,0.238,55.1681525289081,57.3748786300644
"29119",0.2106670862,0.0001324913,9.274389436,75.54,0.2458563536,0.1303040428,9475.32,7.9,0.232773717,4.9408706897,4.5874178549,0.1523349273,0.1553144634,0.1460677041,0.35,0.26819737,0.4094355153,8.77193e-05,0.0002631579,0.283,0.269,38.1999030310154,16.1614974361988
"29121",0.1400251995,0.0002608412,13.694163678,68.57,0.1624287072,0.0880434783,10787.06,7.3,0.1784596845,4.2287586379,4.3178362816,0.1483333483,0.1293985436,0.1306541372,0.326,0.2071254217,0.2225362971,0.0005168293,0.0005168293,0.362,0.254,56.5414057063326,13.0480167014614
"29123",0.146578814,0.0004029658,17.730496454,68.67,0.1739191269,0.0764622974,10912.24,7.3,0.1889580108,4.4809279406,4.3611961873,0.1476364955,0.1360365122,0.1344269061,0.327,0.2344626189,0.876001963,0.0010510996,0.0006468305,0.339,0.269,16.1207985168865,16.1207985168865
"29125",0.1527072758,0.0001115698,14.504072297,39.39,0.1741873805,0.0955027792,9192.54,7.8,0.1782129896,4.4397774473,4.299050728,0.160472962,0.1302258555,0.1291661576,0.312,0.2130571331,0.0363993025,0.0003328525,0.0003328525,0.368,0.332,26.0863084146978,26.0863084146978
"29127",0.1193115139,0.0009695291,18.005540166,79.21,0.1450739366,0.0571014493,9180.48,7.4,0.1921367624,4.3572969289,4.2662243226,0.1537840441,0.1331934122,0.1311116278,0.316,0.2336572483,0.7356589417,0.0020746888,0.0005186722,0.371,0.266,39.2184003506586,18.4557178120747
"29129",0.1558034158,0.0002707093,21.656740661,80.36,0.1720537046,0.1203090508,9180.57,4.2,0.178045763,4.3639454247,4.2915909388,0.1453427421,0.1316122299,0.1311022644,0.32,0.21019705,0.5357992074,0.0002688895,0.0002688895,0.292,0.297,8.99928005759539,8.99928005759539
"29131",0.1444318126,0.0002787401,12.742404332,61.24,0.1725186619,0.076834485,8340.59,7.8,0.1777019677,4.570437177,4.2644955554,0.1583471005,0.1344614425,0.1305651211,0.334,0.2191268027,0.5216583158,0.0001591027,0.0001591027,0.34,0.265,29.1545189504373,22.528491916247
"29133",0.1507742461,0.0002849815,17.098888572,66.97,0.1881822151,0.064977258,10215.16,6.7,0.2672240506,5.3902626133,4.9479712121,0.1338159804,0.1699381662,0.1567388596,0.371,0.2910268282,0.3580582254,0.0002107926,0.0002810568,0.353,0.325,23.7716024437207,19.0172819549766
"29135",0.1580104201,0.0001879346,17.540562551,34.02,0.1816333851,0.109135201,8258.43,8.2,0.1629475038,3.9551792216,3.9051614905,0.1775502998,0.1168440559,0.1175395669,0.318,0.2035263961,0.3932209906,0.0001892028,0.0001892028,0.361,0.273,12.5425925538809,20.9043209231348
"29137",0.133772258,0.0003495281,15.146219271,69.94,0.150880829,0.0928681375,9113.09,7.6,0.1651916558,4.217533752,4.0977446245,0.1596191437,0.122472397,0.1232522193,0.311,0.2066671917,0.4454751131,0,0.0003445504,0.341,0.324,50.2940266171464,46.4252553389044
"29139",0.1378440618,0.0002563445,14.526189866,50.96,0.1629922457,0.0757121439,9303.36,7.8,0.1872854051,4.4639012555,4.3466580621,0.1474453416,0.1363098116,0.134579604,0.326,0.2298623489,0.1612455051,0.0004222616,0.0005911663,0.333,0.308,73.9392560573314,34.1258104879991
"29141",0.1843886898,0.0001983045,15.864359724,58.59,0.2168987929,0.1049833887,8342.28,7.6,0.2024138543,4.7829007204,4.4689913684,0.1405439216,0.1466312197,0.1397730153,0.322,0.2199205268,0.4068563093,0.0002964427,0.0002470356,0.308,0.289,54.4338875692795,8.24755872261811
"29143",0.1356441048,0.0001098418,15.377855888,69.21,0.1668730355,0.0591054313,9684.69,7,0.2232865913,4.9116185089,4.5812460284,0.1385448654,0.1484732287,0.1425209389,0.353,0.2581821607,0.3637898291,0.0002189142,0.0002189142,0.348,0.363,31.2528725066642,22.0608511811747
"29145",0.1444563685,0.000609443,11.259916404,53.68,0.1693651407,0.0875992335,9816.97,7.9,0.1704567184,4.0879859537,4.279161941,0.15852836,0.1252139708,0.1283106992,0.322,0.2168310095,0.5398699109,0.0002559814,0.0001535889,0.341,0.259,52.868845469481,21.0338417459226
"29147",0.1055736496,0.0005260851,10.960105217,54.44,0.1183576786,0.0633914422,8684.88,5,0.1974171324,4.5662510708,4.2263913286,0.1765349944,0.1410194903,0.1363602537,0.306,0.2180361553,0.6124090715,0.0011264677,0.0002166284,0.346,0.254,43.7566546578959,55.4250959000015
"29149",0.152679957,0,7.303934995,51.34,0.1807208718,0.0853417621,8298.62,6.7,0.2054377617,4.8673256272,4.5975086693,0.136938212,0.1482654768,0.1434079445,0.338,0.2345630711,0.4941641393,9.16506e-05,0.0001833013,0.309,0.306,76.5626435549567,85.7501607815515
"29151",0.104694452,0.0001467567,11.740534194,45.11,0.117409418,0.0755760369,8616.87,8.5,0.1346700332,3.6327571248,3.7662333077,0.1868220036,0.104029525,0.1095314015,0.303,0.1810509965,0.2841187491,7.29767e-05,7.29767e-05,0.321,0.281,48.786437370411,63.4223685815343
"29153",0.1779411765,0.0002125624,11.690934212,48.56,0.2049196588,0.1033369214,8393.07,5,0.2026020242,4.7608877242,4.505864753,0.1343333986,0.1450340503,0.1404852777,0.323,0.2303283471,0.4263087524,0,0.0005267594,0.303,0.279,78.1860828772479,67.5243443030777
"29155",0.1298719185,0.0002860085,16.588491019,148.78,0.1642622625,0.054414567,9924.78,5.9,0.2717502337,5.6589671119,4.8260742585,0.1297654369,0.1717386116,0.153319201,0.376,0.2859502251,0.3722671622,0.0010764873,0.0006798867,0.358,0.401,32.563930657983,13.4086773297577
"29157",0.1037616763,0.0002606474,13.55366731,72.56,0.1189193961,0.0679898649,10838.46,8.3,0.146422651,3.9049662034,3.9792000812,0.1689598892,0.1141834163,0.117168872,0.314,0.1985166504,0.4097833535,0.0005207791,0.0004166233,0.341,0.297,38.1480839257846,31.2120686665511
"29159",0.1609553776,0.0004969826,12.779552716,70.13,0.1937388772,0.0849521331,8998.38,7.5,0.2113768719,4.6386010775,4.4172167618,0.1590125674,0.1389162393,0.1359291868,0.324,0.2303732025,0.6339897159,0.0009946714,0.0004262877,0.356,0.27,28.4151452724302,18.1541205907193
"29161",0.140940924,0.0010715721,13.841139438,51.77,0.1622556848,0.0816710183,9996.22,7.2,0.1785058339,4.3069088632,4.2105593562,0.169783289,0.1297012415,0.1277075469,0.329,0.2287455382,0.6016476216,0.00249738,0.0008027293,0.31,0.246,30.5402647319533,18.6221126414349
"29163",0.1293090471,0.0003270111,19.075648572,101.55,0.1562600407,0.0683843005,10299.93,7.2,0.1854639917,4.4773622474,4.1795174797,0.1708240613,0.1305508987,0.1258674791,0.348,0.2296241208,0.4256318859,0.0002696726,0.0002696726,0.346,0.262,21.6892294901224,21.6892294901224
"29165",0.0790999964,0.0008325008,9.7818847819,51.95,0.0875694006,0.0592050209,9900.5,8,0.1380871517,3.5673732429,3.7722123848,0.1927024672,0.1026781661,0.1087308057,0.318,0.1840432304,0.8128008777,0.0009389374,0.0003692451,0.31,0.233,38.7284616155993,16.5979121209711
"29167",0.1393853043,0.0007685164,9.9266707227,33.31,0.1651349963,0.0770164554,8427.04,7.7,0.1904103485,4.5802115127,4.3639457566,0.1567616168,0.1378763356,0.1342658436,0.313,0.2416206769,0.5497639464,0.0016100985,0.0008050493,0.358,0.232,67.3307113543092,20.3060875512996
"29169",0.1094946597,0.0003006332,10.897953815,55.33,0.1334209662,0.056634837,9809.52,6.6,0.1821668569,4.1875652908,3.9923197241,0.2056354071,0.1245060237,0.1206880694,0.353,0.2294069146,0.6292038107,0.0017029718,0.0008421289,0.32,0.219,11.2986548323719,17.5756852948007
"29171",0.1611413043,0.0004116921,8.2338410869,71.48,0.1757369615,0.1258094357,11155.55,7,0.1762737714,4.3362937251,4.2288879246,0.1473634448,0.1307692532,0.1297312472,0.32,0.2123744697,0,0.0002070822,0,0.325,0.297,61.898211829436,61.898211829436
"29173",0.113899139,0.0001961554,6.8654374264,78.08,0.1275630252,0.0793374019,9386.32,8.3,0.1583689209,3.8491296609,3.9037003217,0.1650615255,0.1128357879,0.1170701337,0.326,0.1958247071,0.2141241271,0.0002925402,0,0.327,0.276,26.079869600652,26.079869600652
"29175",0.1176782401,0.0004780115,14.738687062,55.27,0.1403924472,0.0629767607,9559.97,7.3,0.2020766859,4.4245527702,4.3527565828,0.1556476568,0.1375241323,0.1333981361,0.382,0.244001903,0.6020697253,0.0007977026,0.0005583918,0.379,0.299,47.894631810018,25.2777223441761
"29177",0.1138486312,0.0003507234,12.275317843,99.99,0.1316704907,0.0698875161,11632.18,7.7,0.1566262275,4.0577414536,4.0587213892,0.1686578978,0.1185588309,0.1207769654,0.318,0.2037358154,0.5423086746,0.0003050242,0.0001307247,0.352,0.337,51.0851955103411,20.4340782041364
"29179",0.1619165634,0.0004664179,17.10199005,86.68,0.1915602443,0.0772200772,9590.79,5.9,0.1998641748,4.9749235917,4.5402696389,0.1417748089,0.1474693184,0.1400519027,0.32,0.2403329402,0.5681003584,0.0018278751,0.0003046458,0.345,0.32,5.14085955171705,5.14085955171705
"29181",0.1614764609,0.0005071729,11.592522823,97.63,0.1946690248,0.0765079365,10962.2,6.6,0.2097045023,5.0052323151,4.66844022,0.1414415396,0.1516166789,0.1447294989,0.341,0.2488374984,0.5271631206,0.0005726967,0.0002863483,0.377,0.306,33.6635567952294,24.0453977108781
"29183",0.0700536753,0.0004382894,6.6651106097,55.61,0.0829786156,0.0401366179,10357.44,8.4,0.1329293279,3.9710659423,3.7398945086,0.1999052371,0.1061553179,0.1075851208,0.323,0.1756652834,0.8872269304,0.0009644447,0.0003214816,0.283,0.237,42.2144963542419,14.7058696316007
"29185",0.1664700678,0.000529661,11.652542373,86.24,0.1890061741,0.104726101,10150.27,7.3,0.194579221,4.6916938145,4.4123969034,0.1377595359,0.1388122166,0.1347714174,0.31,0.216136611,0.1560428353,0.0002114836,0.0007401925,0.345,0.287,53.2500266250133,46.1500230750115
"29186",0.1254096122,0.0003906468,16.183938836,77.37,0.1435128806,0.0797326331,11533.35,7.7,0.1637437247,4.1738261193,4.1266458514,0.1652987217,0.1205408513,0.1210215275,0.312,0.2057164036,0.6525764673,0.0006140449,0.0001674668,0.329,0.313,66.8362326643522,11.1393721107254
"29187",0.1235708975,0.0006915213,13.379434756,69.42,0.1511339919,0.0542197726,10807.41,7.2,0.2026085763,5.0158501132,4.4594288965,0.162815577,0.140299507,0.1316681615,0.359,0.2466137039,0.6593277131,0.00194057,0.0006064281,0.359,0.323,16.5740029230514,13.560547846133
"29189",0.0817146424,0.0012328551,9.787095784,46.84,0.0970634591,0.0430378549,9883.2,7.4,0.138163261,3.3066706438,3.4336823932,0.1779998738,0.104753716,0.1094668388,0.325,0.1611837473,0.9730147735,0.0022407963,0.0005619458,0.29,0.218,57.6599322395923,13.8823277967148
"29195",0.1340166419,0.0006019434,13.328747098,61.92,0.1568973454,0.078023407,8933.41,7.1,0.1981907515,4.5831287534,4.3312166407,0.1684918763,0.1370767521,0.1320528245,0.323,0.2306251918,0.433461703,0.0010708014,0.0004283206,0.347,0.31,43.1127398146152,17.2450959258461
"29197",0.1726638773,0.0006762849,22.54283138,52.71,0.203163017,0.1094276094,10385.04,4.4,0.1908802084,4.6618822811,4.475736605,0.1545792107,0.1410924108,0.1382506697,0.321,0.2340295496,0,0,0.000228833,0.34,0.283,0,7.57575757575758
"29199",0.1896330511,0.0012360939,22.661722291,96.63,0.2218323587,0.1300929235,12026.81,7.9,0.1764127568,4.3333479764,4.3096111488,0.1593947265,0.1312078507,0.1316685521,0.3,0.2201482576,0,0.0004112688,0.0008225375,0.334,0.295,6.82640453273261,6.82640453273261
"29201",0.1245354901,0.0005127153,14.612387203,58.1,0.1523068857,0.0568051051,9675.36,6.6,0.1891976599,4.4938127699,4.3952639301,0.15884275,0.1389557249,0.1366418931,0.329,0.2630651436,0.6776045521,0.0012852479,0.0008739686,0.342,0.305,21.4305307913866,24.002194486353
"29203",0.1659509202,0,6.0547348026,63.87,0.1981944153,0.0814894765,8352.71,7,0.196664109,4.7049906878,4.5217924751,0.1495110232,0.1432125521,0.1399001184,0.329,0.234287139,0.6457765668,0,0.0001200624,0.317,0.296,52.5146435063623,40.3958796202787
"29205",0.1486204013,0,22.845953003,65.91,0.1629065338,0.1153578874,9687.96,6.2,0.1714710099,4.3031812358,4.3452444859,0.1562905935,0.1295792036,0.13132817,0.313,0.2132286426,0.369527695,0,0.0001637197,0.343,0.249,43.6728900534993,43.6728900534993
"29207",0.1321038766,0.0003683611,15.739066372,86.36,0.1570485214,0.0674846626,9520.66,7.8,0.1936424568,4.6247990552,4.3140527557,0.145495324,0.1306204115,0.128354711,0.31,0.2381902988,0.3742325147,0.000435263,0.0006361536,0.357,0.34,40.305876820762,14.5548999630529
"29209",0.1637268204,0.0003231749,11.957470187,43.64,0.1854976695,0.0953509572,8952.51,8,0.1735994434,4.2757406487,4.212129149,0.1403782087,0.1266094289,0.1278625004,0.318,0.2072508076,0.6407676542,0.0003536523,0.0002572016,0.335,0.29,31.1513094291791,39.7447740992975
"29211",0.1723868955,0.0003148119,18.888713993,91.29,0.1937130575,0.1195945946,10021.62,7.5,0.2045644768,4.3675725769,4.2455088016,0.1502040293,0.134284423,0.1308273169,0.326,0.2203704006,0.4103366101,0,0.0009358914,0.345,0.334,52.5596552086618,36.7917586460633
"29213",0.1809908274,0.0007876612,13.738276671,43.39,0.2182797454,0.0821407401,9554.27,6.2,0.1850337152,4.4273116558,4.3367009893,0.149185749,0.1351767343,0.1340549412,0.318,0.2200416288,0.7359845186,0.0004794394,0.000811359,0.317,0.281,13.450968164004,22.6220828212794
"29215",0.157757149,0.0003503309,12.456208641,73.54,0.1809445769,0.1010894803,8568.65,7.3,0.1922191343,4.7274311753,4.3571518305,0.1464847167,0.141504188,0.1357189293,0.33,0.2502685276,0.4577822209,0.0004289837,0.0002339911,0.327,0.287,12.968991142179,14.265890256397
"29217",0.1405260594,0.0003841352,12.484394507,64.8,0.1662232901,0.0800159236,8679.84,6.6,0.1814556253,4.4020695174,4.344710447,0.1524629038,0.132268863,0.1324706957,0.315,0.2252583569,0.4463821542,0.0033807914,0.0006190181,0.331,0.301,59.1526778577138,20.7833733013589
"29219",0.11960181,0.0001491958,9.8469250739,53.17,0.1390091145,0.0739722753,10137.48,8.3,0.1534375001,3.9933883534,4.0038574256,0.1655568916,0.1168484448,0.1196561115,0.325,0.2067432049,0.6940915941,0.0002706523,0.0001503624,0.321,0.252,20.8813936838756,13.9209291225837
"29221",0.1399137275,0.000403421,10.085525254,101.62,0.1684816975,0.067316055,10959.23,7,0.2051724562,4.6722304778,4.5026665158,0.1589966139,0.1411866887,0.1379326602,0.345,0.261716363,0.5676126216,0.0005582805,0.000438649,0.3,0.291,13.3861640608267,21.4178624973228
"29223",0.1586515107,0.0003729952,12.681835136,78.6,0.1848210775,0.0862745098,10161.17,6.3,0.2150003001,5.0539894994,4.6057170617,0.1419956034,0.1502857805,0.142087472,0.332,0.2406403119,0.6744323645,0.0005203687,0.0002973536,0.361,0.333,15.001500150015,32.5032503250325
"29225",0.147891654,0.0003468239,8.8039911427,51.95,0.1732839998,0.0954549859,9221.49,7.8,0.19148405,4.618210985,4.410884525,0.159961262,0.1387838181,0.1345785099,0.315,0.2289142115,0.5428705596,0.0005692908,0.0003795272,0.331,0.283,22.2267663611227,25.7830489789024
"29227",0.136275146,0.0004861449,19.445794847,58.64,0.1465136805,0.1095571096,8765,8.1,0.1720670005,4.2164990887,4.1846912951,0.148787603,0.1255507519,0.1260817309,0.301,0.2041947884,0.47673883,0,0.0004823927,0.296,0.269,16.249593760156,0
"29229",0.1803436426,0.0001642216,13.137727173,43.33,0.2211804185,0.0881595882,9039.44,7,0.2225221956,5.0253425281,4.7591432175,0.1394168527,0.1583867521,0.1518840812,0.345,0.2533835363,0.2947648153,0.0015308075,0.0008200754,0.293,0.309,27.3498039930714,18.2332026620476
"29510",0.1372742543,0.0008489475,13.30440154,56.99,0.1621135718,0.0534611993,10422.73,5.8,0.2196570345,4.9933001466,4.7401442426,0.1667192504,0.1564218708,0.1473148561,0.386,0.2634165085,0.9868929576,0.0025707346,0.0014145341,0.348,0.247,41.6089646673189,11.9639007822062
"30001",0.1557247522,0.0012903226,17.204301075,36.87,0.1735033259,0.0984107579,8913.37,7.5,0.1218767596,3.3550708474,3.3278889099,0.2084438569,0.100192871,0.103708114,0.269,0.1584155913,0.7295046507,0.0017121455,0.0004280364,0.246,0.194,78.4425586536404,17.8278542394637
"30003",0.232221634,0.0008306902,6.7965564114,139.03,0.3072153326,0.1089019431,11620.37,5.2,0.2215590238,4.9459199933,4.5379245612,0.1934917296,0.1655436331,0.1578482675,0.326,0.2749392801,0.4153905946,0.0004517392,0.0007528987,0.367,0.218,42.6417839315725,40.1334437003035
"30005",0.2249362012,0.00060818,12.163600426,35.1,0.2845211581,0.117,6818.5,5.9,0.1987244236,4.6775811685,4.4166775645,0.2013544001,0.1550864808,0.1498709907,0.344,0.2701225821,0.0402095209,0.0010575616,0.0009064813,0.378,0.255,65.6665151285548,60.6152447340506
"30007",0.1512471655,0.0003515556,12.304447179,42.54,0.1652917812,0.1162790698,7623.89,8.1,0.117671224,3.2640457221,3.242314766,0.203298878,0.096019791,0.0999427694,0.281,0.1517823564,0.5470420527,0.0003529204,0.0001764602,0.289,0.214,70.1631292755657,70.1631292755657
"30009",0.1499749624,0.0004803997,11.529592621,36.41,0.1640280725,0.1094301563,8328.74,7.9,0.1144523363,3.2124775297,3.1954691888,0.2012162344,0.0959468555,0.0992336847,0.267,0.1495054864,0.4214129788,0.0004808155,0.0001923262,0.256,0.188,54.3704224901654,31.9826014648031
"30011",0.1884222474,0,16.949152542,NA,0.2014925373,0.149321267,7382.11,5.4,0.113940804,3.2453284037,3.1850300585,0.1881911983,0.0956795954,0.0989690329,0.282,0.1425495236,0.2155172414,0,0.000855432,0.282,0.214,28.1531531531532,28.1531531531532
"30013",0.1349821396,0.0007049272,14.463161477,39.09,0.1637688704,0.0624768555,8294.66,7.5,0.1334571128,3.5453247337,3.282806328,0.199008268,0.105124056,0.1063761388,0.307,0.1643414414,0.7312331698,0.0023802584,0.0009836782,0.265,0.211,52.7646655329028,18.2646919152356
"30015",0.2211163998,0.0001734004,15.606034333,43.41,0.2502266546,0.1517537581,7918.31,4.8,0.168141778,4.109708586,3.8943565697,0.2097088334,0.1292787987,0.1279093569,0.314,0.2070425828,0.0337175297,0.0005089922,0.0005089922,0.28,0.248,28.7026406429392,28.7026406429392
"30017",0.1218215923,0.0007416564,14.009064689,40.69,0.1407386283,0.0741697417,7752.18,6.9,0.1108033256,3.0769499593,3.103026315,0.2133776823,0.092757322,0.0978424784,0.28,0.1703847287,0.620052996,0.0023155805,0.0011577903,0.302,0.258,82.9852562861332,41.4926281430666
"30019",0.1404833837,0.0011363636,22.727272727,NA,0.1507853403,0.118251928,8985.36,8.6,0.0984913815,2.8131792097,3.0344371103,0.2100694173,0.0839655593,0.0919689761,0.263,0.1355388956,0.6287835523,0,0.0005577245,0.27,0.272,18.8394875659382,18.8394875659382
"30021",0.1128800731,0.0004155844,19.74025974,43.01,0.1305773083,0.0706352732,6810.22,7.8,0.1209966131,3.1660442777,3.183456853,0.2279793185,0.0966884621,0.0993942529,0.293,0.161320378,0.5878875753,0.0009455768,0.0015759613,0.268,0.239,119.423955040393,112.399016508606
"30023",0.1389057751,0.0013130539,15.318962687,68.46,0.1575618171,0.0710382514,8840.16,8.1,0.1429285206,3.972517864,3.5522971118,0.1934729079,0.1169392971,0.1126639097,0.304,0.1786607771,0.6763820176,0.0040437158,0.0008743169,0.249,0.249,65.7558266968656,54.796522247388
"30025",0.0971449759,0.0006269592,34.482758621,61.48,0.102661597,0.0864618885,10186.79,8.3,0.0968049849,2.7971829906,2.9217003317,0.2335745092,0.0834580765,0.0898746589,0.266,0.1375294777,0.0176470588,0,0.0012870013,0.302,0.216,63.7077935867488,63.7077935867488
"30027",0.1443624868,0.0010501444,15.752165923,55.16,0.1645083933,0.0935162095,6692.02,7.5,0.1136879132,3.2096782886,3.1841049672,0.1834431905,0.0978732898,0.1016280574,0.287,0.1522724002,0.5632660107,0.0016605489,0.0002621919,0.267,0.214,140.0151683099,125.430254944286
"30029",0.134792715,0.0007591119,14.350335361,26.86,0.1591246226,0.0727025804,7487.22,8,0.128678489,3.4102806999,3.3630446902,0.2239904343,0.1001013898,0.1026778208,0.305,0.1609466871,0.7677503079,0.0022333656,0.0008743837,0.221,0.191,94.0619910018639,23.8613138938552
"30031",0.1118225976,0.0007842047,12.209769801,26.64,0.1254078057,0.0723296888,7212.25,8.2,0.0963960898,2.7584588378,3.2125161091,0.2690620127,0.08644803,0.0990498339,0.249,0.1350014603,0.7854948443,0.0024458421,0.0007913018,0.161,0.116,69.0797193181931,17.8483485319733
"30033",0.1674876847,0,0,NA,0.1754874652,0.1511254019,4982.4,7,0.1210113197,3.3021704911,3.233143939,0.2000625027,0.0981305697,0.1011235926,0.273,0.155751552,0.0538971808,0.0007639419,0.0007639419,0.259,0.276,25.4258835494533,0
"30035",0.2546822885,0.000806038,10.258664908,72.81,0.331027281,0.1124232404,9171.6,6,0.2273007948,5.2542741345,4.6888614855,0.2179137758,0.1756388595,0.1611646965,0.34,0.3220527541,0.2641988208,0.0014602804,0.0006571262,0.346,0.284,41.4260301678973,12.1841265199698
"30037",0.1780366057,0.0012091898,0,NA,0.1977777778,0.125,5848.47,4.1,0.1594510568,3.9806849657,3.6684839284,0.1686929177,0.1220305841,0.1189139588,0.281,0.1783381648,0.0124434389,0,0.0011737089,0.259,0.228,0,0
"30039",0.1896779885,0.000308642,12.345679012,NA,0.2029988466,0.1531690141,5819.58,7.9,0.1213090267,3.4161665494,3.2380024535,0.1785264291,0.0992298775,0.1014683948,0.286,0.1475419781,0.6336472881,0.0003116236,0.0006232471,0.254,0.214,50.932056636447,50.932056636447
"30041",0.1629050926,0.0005430847,15.0856867,45.14,0.1982776951,0.0907709012,6853.99,6.5,0.1456580612,3.8278355968,3.4382616995,0.2221837781,0.1200482037,0.1151625858,0.348,0.2099098114,0.6108971173,0.0025307303,0.0006628103,0.363,0.245,48.2800241400121,22.1283443975055
"30043",0.1108006448,0.0008587377,7.7286389008,30.22,0.1190168176,0.0901408451,7028.85,8.8,0.0982505406,2.8034841467,3.0440858058,0.2185404846,0.0863073315,0.0942188988,0.28,0.1428359951,0.4405576013,0.0006056411,0.0001730403,0.265,0.163,31.3783660429028,28.5257873117298
"30045",0.1399317406,0,5.1921079958,61.82,0.1501340483,0.1098901099,7932.23,6.6,0.1191306719,3.2515384176,3.2306254256,0.1964091927,0.0978852761,0.1011868123,0.269,0.1540054926,0.0786679537,0,0.0005022602,0.304,0.269,17.0735871606625,0
"30047",0.2332723471,0.0007129036,11.20277014,54.77,0.2817768929,0.1234364261,8567.95,7.8,0.1605040979,4.0801991555,3.9942747492,0.1789584105,0.1266186476,0.1300752828,0.303,0.1921348233,0.4562373895,0.0015808103,0.0007560397,0.291,0.208,43.0282854360577,38.4989922322622
"30049",0.1058786638,0.0008883134,21.22918486,35.75,0.1209345281,0.0661407767,7418.97,8.1,0.1108468581,3.3137987574,3.2519901466,0.2040826933,0.0958780819,0.0984444576,0.28,0.1556054079,0.7181954413,0.0037961613,0.0009110787,0.243,0.174,73.1624205736736,24.0533985447694
"30051",0.1524008351,0.0004152824,24.916943522,56.36,0.1753385602,0.092936803,7026.25,6.4,0.1209454196,3.411691673,3.4000195567,0.2040569538,0.1019442029,0.1057579539,0.286,0.1701579915,0.373663959,0,0.0004239084,0.286,0.216,13.9353400222965,13.9353400222965
"30053",0.1778337531,0.0007873189,15.746378333,41.61,0.2015525892,0.1057418988,7664.74,7.3,0.1546627037,4.1741418767,3.6914745708,0.1734001791,0.1180598671,0.1144046373,0.289,0.1763598552,0.89698786,0.0016732026,0.0007843137,0.276,0.213,85.312347656522,33.0802980708963
"30055",0.21979735,0,11.883541295,36.96,0.2294911734,0.1988130564,6890.48,8.1,0.1167344764,3.0953078158,3.1833767612,0.2009781049,0.0957941637,0.1005194628,0.269,0.1470682241,0,0,0.0005903188,0.254,0.27,19.6966712625566,19.6966712625566
"30057",0.149930021,0.0007580543,15.161086545,62.28,0.1605709188,0.115886416,8445.15,7.9,0.1143184576,2.9702422822,3.0961198028,0.2085206596,0.0924559083,0.0975180495,0.261,0.147065532,0.329606033,0.0003836317,0.0010230179,0.22,0.188,63.4008199839385,76.0809839807261
"30059",0.1704545455,0.0010928962,5.4644808743,86.97,0.1899497487,0.1205882353,11062.58,4.3,0.1369023193,3.5106067771,3.3920577312,0.1787965323,0.1066212635,0.1071841968,0.289,0.1665164244,0.1792702274,0,0.0005396654,0.259,0.229,18.1488203266788,18.1488203266788
"30061",0.1601446892,0.0007057163,4.704775347,40.46,0.1824500434,0.0953608247,7923.88,6,0.1339177498,3.5118790629,3.3525594438,0.1820762518,0.1073145135,0.1076955102,0.299,0.163062171,0.9410371774,0.0016443505,0.0009396288,0.28,0.237,47.2738733060195,47.2738733060195
"30063",0.12092564,0.0009371086,11.297851657,32.3,0.141197644,0.0566868704,7062.41,7.6,0.1308799133,3.4910194161,3.429180449,0.24267789,0.1036282777,0.1057106328,0.282,0.1848887321,0.8908041245,0.0035408754,0.001162543,0.234,0.149,62.6831294916836,26.5309989941544
"30065",0.1508571429,0,13.094718464,85.22,0.1712092131,0.0953912111,8365.74,7.4,0.1443529334,3.7734084737,3.4788153165,0.1886904691,0.1133719601,0.111541817,0.296,0.177796281,0.494931688,0.0002179124,0.0004358248,0.291,0.249,7.26744186046512,7.26744186046512
"30067",0.1466445078,0.0011895818,18.782870023,55.32,0.1632780083,0.0962329851,8302.74,7.5,0.1194653708,3.0901448817,3.17254934,0.1963044152,0.0949976294,0.0990687817,0.278,0.1580028747,0.6407649015,0.0022670025,0.0008186398,0.256,0.228,54.2050619188592,43.7810115498478
"30069",0.1994535519,0,0,NA,0.2150537634,0.1770833333,5393.2,5.1,0.1309981788,3.52878111,3.4022901196,0.193925365,0.1062689314,0.1069438063,0.284,0.1687933747,0,0,0,0.253,0.223,0,0
"30071",0.1937172775,0.0002398657,16.790597266,87.73,0.2177105832,0.139959432,8727.88,7.3,0.1514679187,4.040127439,3.5909621224,0.1869757163,0.1210935019,0.1159630343,0.282,0.1851660257,0.6195626617,0.0004770992,0.0004770992,0.289,0.25,72.0345765967664,72.0345765967664
"30073",0.2006153846,0.0004851229,24.25614489,34.36,0.2373371925,0.116356383,8851.1,6.1,0.1537979078,3.7925165388,3.6813849252,0.2092486426,0.1167993539,0.1174034237,0.299,0.1789621939,0.4599382415,0.0011255829,0.0016079756,0.3,0.215,75.7288905717531,97.3657164493969
"30075",0.1434977578,0,28.200789622,NA,0.1519230769,0.1211180124,6025.17,7.2,0.1166058765,3.2495775282,3.1912638534,0.1972259273,0.0974148331,0.1008838133,0.275,0.1494019508,0.5582329317,0,0.0005608525,0.241,0.228,18.86080724255,18.86080724255
"30077",0.1564273378,0.0007309942,13.157894737,63.65,0.1769940672,0.0991658943,9074.3,7.8,0.1313834569,3.488192909,3.1635134069,0.2206472686,0.1033025732,0.1000277918,0.315,0.178149419,0.5957022912,0.0010131712,0.0010131712,0.28,0.258,48.5271994953171,29.1163196971903
"30079",0.1565217391,0,25.862068966,NA,0.1692047377,0.1255605381,7821.07,5.2,0.1267730502,3.4756552371,3.2901710029,0.1750021866,0.1031270394,0.104233635,0.276,0.1489858312,0,0,0.0017421603,0.272,0.222,28.6532951289398,28.6532951289398
"30081",0.1934519024,0.0006525995,11.360065743,34.19,0.2230390037,0.1116108415,6705.57,8,0.1371285139,3.9168850943,3.3507102683,0.1766226433,0.1112288834,0.1069182562,0.262,0.1593690072,0.8550930071,0.0015110894,0.0004874482,0.253,0.217,69.0812990497305,28.9177530905849
"30083",0.1289254635,0.0003344482,19.230769231,86.27,0.1474462366,0.0872894334,8394.61,7.9,0.1208463277,3.111702066,3.2087481595,0.2398732343,0.0928553663,0.0983185052,0.286,0.163681876,0.2811409809,0.0007774706,0.0005183138,0.301,0.266,57.113484493689,31.4124164715289
"30085",0.2473916533,0.0002614151,8.7138375741,72.37,0.3174205666,0.1256684492,8556.02,4.7,0.212316637,4.8473623881,4.4921210845,0.2236923352,0.1575178385,0.1507950092,0.347,0.3013381075,0.0001918465,0.0009707024,0.0015001765,0.368,0.266,38.1086389353033,17.5886025855246
"30087",0.1764409766,0.0006384337,17.024898915,65.42,0.2066539924,0.1207695048,8055.39,7.3,0.1686917687,4.0122278889,3.7799131705,0.2118885858,0.1255239501,0.124840106,0.312,0.2162349025,0.2642694682,0.0022517692,0.0010722711,0.308,0.233,35.7002606119025,21.4201563671415
"30089",0.2206543457,0.0007057163,13.232180663,41.1,0.2500819941,0.1307578009,7544.92,5.8,0.1668534477,4.2552907839,3.6939250834,0.1736337529,0.1259712067,0.1179284281,0.301,0.183436474,0.6881626216,0.0022879268,0.0007919747,0.259,0.252,52.579307121575,58.4214523573056
"30091",0.1219178082,0.0005424464,32.546786005,34.94,0.1324626866,0.1010962241,7517.11,7.8,0.1102299188,3.0888872166,3.0780824789,0.2095150934,0.0906635515,0.0953644228,0.275,0.1431784081,0.5449172577,0.0005411255,0.0008116883,0.34,0.26,63.457528782522,63.457528782522
"30093",0.1253381425,0.0008376177,10.109179135,38.84,0.147586604,0.0623800384,7411.64,7.8,0.1498699603,4.1786765419,3.8467282795,0.2077386259,0.1189653689,0.1144930602,0.318,0.2018155418,0.5211111111,0.0047577855,0.0008073818,0.26,0.207,56.809975446536,33.7008328920129
"30095",0.1161864294,0.000210837,15.812776724,32.66,0.1305616338,0.0819898664,8570.35,8.6,0.1075853466,3.0290236768,3.0576603432,0.2162008248,0.0919488273,0.096338391,0.273,0.151487482,0.4440057036,0.0003229279,0.0002152853,0.228,0.177,63.8705556738344,24.8385494287134
"30097",0.1307046367,0.0005503577,24.766097964,78.86,0.1418367347,0.1062271062,7440.71,8.1,0.1110172226,3.1443957858,3.1701489435,0.1960415832,0.0941304629,0.0985799424,0.266,0.1458916655,0.678992057,0.0008185539,0.0013642565,0.26,0.193,45.7791613257645,91.558322651529
"30099",0.1628450106,0.000163827,27.850589777,43.86,0.1862922705,0.1114887831,7623.33,7.5,0.1193960601,3.3244498081,3.2902138245,0.1999850345,0.0998087946,0.1040234052,0.292,0.1487848425,0.3512267413,0.0006596306,0.0009894459,0.248,0.275,65.8472344161545,60.359964881475
"30101",0.1573716179,0.000393159,15.726361313,79.82,0.1796904492,0.1009708738,8155.99,7.1,0.1374183288,3.6564052455,3.4150761148,0.2270223517,0.110664046,0.1085210195,0.299,0.1934505246,0.1630353118,0.0003883495,0.0005825243,0.263,0.185,52.583147101354,52.583147101354
"30103",0.1900990099,0,0,NA,0.2041884817,0.1515151515,6445.16,4.2,0.1534138216,3.8683096279,3.5887013976,0.1784669647,0.1190146997,0.115895917,0.281,0.1786100959,0,0,0,0.259,0.265,48.0538202787122,48.0538202787122
"30105",0.16054969,0.0006528267,22.196109153,58.13,0.1838407494,0.1073825503,7489.08,7.3,0.1278172987,3.5114103911,3.3242147988,0.2043434406,0.1039563406,0.1059589644,0.29,0.1632252707,0.2528158502,0.0006544503,0.0011780105,0.304,0.272,52.5440056046939,52.5440056046939
"30107",0.2342054882,0,14.218009479,64.29,0.2686025408,0.1536885246,9784.31,3.8,0.1374839093,3.5712405251,3.4731816865,0.1833682458,0.1093654279,0.1108489665,0.29,0.1721003205,0.0498154982,0.0004757374,0.0014272122,0.269,0.228,15.8002844051193,0
"30109",0.1921708185,0,8.8495575221,78.79,0.2116666667,0.1434108527,9625.12,5,0.1344373371,3.5102745514,3.3836141846,0.1847155552,0.1074090172,0.1079517739,0.274,0.1612995345,0,0,0,0.269,0.247,179.425837320574,239.234449760766
"30111",0.1240584473,0.0008850797,12.543935612,34.88,0.1485376134,0.0642902275,7741.23,8.1,0.124577923,3.4954750093,3.3758149682,0.2212519523,0.1002485901,0.1021247553,0.284,0.1606467736,0.7863582299,0.0025572818,0.0011501343,0.272,0.208,60.9187912183546,23.9854474134985
"31001",0.0968815135,0.0008231234,14.879539051,47.38,0.1115802511,0.0629722922,9284.26,7.8,0.1284398064,2.8853508282,2.8243800126,0.1976076564,0.0883652784,0.0878475653,0.277,0.1601480209,0.7654635888,0.003051785,0.0008583145,0.368,0.245,62.2835909129297,17.9461194155899
"31003",0.1039251576,0.0004677268,29.622700343,76.62,0.1127209504,0.0873221216,10230.05,7.9,0.1159027443,2.92277925,2.7424873811,0.1911422258,0.0908135694,0.0887987787,0.282,0.1502591284,0.4176514585,0.0003125977,0.0006251954,0.312,0.248,83.5901990491615,73.1414241680163
"31005",0.1573033708,0,0,NA,0.1782608696,0.1287878788,7431.72,4.1,0.1241070273,2.9071182618,2.9155522338,0.1797540335,0.0910619905,0.092227124,0.274,0.1511250565,0,0,0,0.332,0.272,0,72.5689404934688
"31007",0.1243042672,0,12.69035533,NA,0.1305483029,0.1172839506,9661.41,4.3,0.1243738641,2.8826162283,2.841959947,0.1629450427,0.0896300324,0.0895489585,0.279,0.1428305611,0.0811594203,0,0,0.358,0.281,0,42.5531914893617
"31009",0.1290322581,0,0,NA,0.1309090909,0.1376146789,9882.94,4.4,0.1255323295,2.9994894055,2.922219625,0.1773756945,0.0923937155,0.0926331633,0.278,0.1522720477,0.0460251046,0,0,0.351,0.299,0,67.7966101694915
"31011",0.0946887767,0.001505174,18.814675447,69.84,0.1029662462,0.0786430224,10174.49,8.2,0.1179135241,2.6649372159,2.724228622,0.1952472114,0.0836404763,0.0853420352,0.275,0.1422620519,0.4125340599,0.0001868111,0.0011208668,0.327,0.278,100,87.5
"31013",0.0901264747,0.000352827,22.933756726,98.2,0.1053756872,0.0581162325,11527.62,7.3,0.1413870613,3.164696598,2.9932836516,0.1854256144,0.0978026226,0.0953935898,0.303,0.1814563761,0.3761054121,0.0013227513,0.0009700176,0.37,0.241,47.238050249476,14.7618907029612
"31015",0.1133144476,0.0014955135,24.925224327,70.72,0.1175889328,0.1126760563,10685.07,4.8,0.1307619801,3.1593240705,2.940513458,0.1689533372,0.0948836599,0.0927397432,0.274,0.1503378884,0.4802286803,0,0.0009837678,0.359,0.324,16.608536787909,0
"31017",0.130454341,0.0003394433,20.366598778,44.34,0.1418792782,0.1023255814,9508.51,7.7,0.1329121871,3.0939948063,2.9994780817,0.1768525636,0.0974412229,0.0971818202,0.273,0.166043881,0.1481717011,0.0003400204,0.0010200612,0.371,0.276,11.3032666440601,0
"31019",0.0939823706,0.0009004768,15.349037104,42.8,0.1088994565,0.0567120706,9144.14,7.8,0.1208726291,2.907067196,2.8284366777,0.1996697451,0.0887765699,0.0882724957,0.288,0.1463469966,0.8543664049,0.0030482747,0.0008916722,0.286,0.19,38.9158189390319,13.654673311941
"31021",0.0952955368,0.0004555809,27.334851936,61.84,0.1055618615,0.0717607973,9599.63,8.7,0.1118598334,2.8456236741,2.9133223285,0.1776162519,0.0884088667,0.0894944701,0.266,0.1533916065,0.5331000292,0.0003042751,0.0006085501,0.329,0.3,106.577344701583,101.502233049127
"31023",0.0896389325,0.0008626001,20.948860136,30.11,0.1039714413,0.0587054691,8597.3,8.3,0.1142649938,2.9408030468,2.8201231771,0.2022632681,0.0880452512,0.0872046911,0.289,0.1558272131,0.3578320429,0.0001212268,0.0004849073,0.351,0.251,90.1048492791612,77.8178243774574
"31025",0.0671501224,0.0003135779,13.327061775,54.84,0.0770201182,0.0460141582,8932.54,8.5,0.1088559427,2.6365840216,2.5993696153,0.1941349965,0.076762166,0.0796299544,0.303,0.1611444698,0.7249316588,0.0003134305,0.0003526093,0.377,0.257,87.2361756702212,18.2284546176582
"31027",0.0909362401,0.0001167679,22.185894442,37.13,0.0987841945,0.0772727273,8973.89,8.4,0.1087590274,2.5030758709,2.5602674,0.1917485109,0.0805207201,0.0835964841,0.281,0.1288970428,0.513217352,0.000116144,0.0004645761,0.337,0.258,81.2536273940801,61.9075256335848
"31029",0.1461932182,0.0002527806,20.222446916,52.01,0.1533149171,0.1341341341,11316.34,8.1,0.1229623195,3.0190058009,2.7525680947,0.1782873261,0.0888784002,0.0862701782,0.274,0.1388879065,0.6076651538,0,0.0005027652,0.334,0.24,109.510571982141,0
"31031",0.1194554238,0.0005129959,25.649794802,46.16,0.1342057212,0.0838323353,8045.52,7.1,0.1286430473,2.9022622627,2.7612367078,0.1595571415,0.0910810692,0.0904576036,0.269,0.1564245561,0.5963591808,0.0001735509,0.0008677543,0.268,0.295,28.666437335168,68.7994496044032
"31033",0.0674289756,0.0007868594,11.802891708,45.1,0.075580438,0.0487708168,8490.71,8.1,0.1204849697,3.1517131693,2.9520928451,0.2000305297,0.0919956929,0.0885635324,0.284,0.1534475281,0.6696339268,0.0007883327,0.0005912495,0.313,0.249,52.6905091220444,46.1041954817888
"31035",0.1199045536,0.0003170074,19.020446981,52.77,0.1339209554,0.0905063291,8164.71,7.6,0.1205102771,2.7041795225,2.7032984505,0.1920860869,0.0871591251,0.0878011666,0.293,0.1488319102,0.3839804341,0.0001583531,0.0003167063,0.325,0.245,95.8109330920317,101.133762708256
"31037",0.172275908,9.5057e-05,19.961977186,40.65,0.2076612903,0.1050975456,9752.87,9.3,0.165468179,3.0640919155,2.732085243,0.1747509656,0.099552068,0.0915206206,0.291,0.1523011476,0.7282929149,0,0.0006664128,0.328,0.277,63.6172784528278,41.3512309943381
"31039",0.1139721401,0.0004383562,21.917808219,41.79,0.131120672,0.0796232877,8239.58,8.7,0.1230455963,2.8115398087,2.771367125,0.1913157685,0.0883801581,0.087893883,0.255,0.1405816837,0.5704125178,0.0006646726,0.0004431151,0.342,0.273,40.4888103651355,58.8928150765607
"31041",0.1081850534,0.0007403294,22.209883398,90.56,0.1234464226,0.0733768728,10498.39,7,0.1212093853,2.6762018001,2.6993313159,0.1716051787,0.0860240804,0.0871158813,0.267,0.1489904751,0.4585428284,0.0005592841,0.0004660701,0.344,0.269,86.5774094802263,89.6694598188058
"31043",0.1617129892,4.81209e-05,8.6617583369,72.3,0.1986984449,0.0890309887,9298.91,8.6,0.1917333555,3.4926499012,2.8362154995,0.1622419849,0.1057240336,0.0916407206,0.313,0.1671284922,0.8494239741,0.002206235,0.0002398082,0.38,0.292,66.026797217212,62.8059778407627
"31045",0.1171803479,0.0006626173,19.878520155,51.78,0.1324623116,0.0753945061,7756.74,7.4,0.1333791516,2.9658843089,3.0503833416,0.2028566743,0.0973867547,0.0972696913,0.287,0.1554012273,0.8958832498,0.00154833,0.00044238,0.297,0.212,88.6393854335943,73.8661545279953
"31047",0.1581983806,0.0005442519,18.839487566,66.44,0.190647752,0.0931952663,9460.53,8.2,0.1793543761,3.5339821059,3.1393185334,0.1893516807,0.1080245099,0.09749642,0.299,0.1742086901,0.7706569103,0.0008715139,0.000498008,0.333,0.273,50.2638853983413,44.67900924297
"31049",0.1187845304,0,31.233732431,60.64,0.1289099526,0.0987951807,8806.54,7.9,0.1334343426,3.0986715739,2.9676290232,0.166646356,0.0950340808,0.0936234968,0.29,0.1511284034,0.0236991242,0,0,0.354,0.251,17.4398325776073,0
"31051",0.1226846808,0.000345006,25.87545282,48.76,0.1340923466,0.1,8106.37,7.9,0.1225962352,2.6521479799,2.7773108992,0.1868324929,0.084060843,0.0869600052,0.298,0.1413120833,0.2226666667,0.0001729505,0.0001729505,0.365,0.305,161.467043423101,126.86696268958
"31053",0.1041804219,0.0005721136,14.983926334,48.42,0.121031941,0.0661166365,8956.37,7.9,0.1341409482,3.2092108823,3.0967535865,0.1970129397,0.0941602582,0.0914221633,0.286,0.1659372988,0.8801068382,0.0011974744,0.0006531679,0.349,0.274,94.3678713693322,16.3329008139229
"31055",0.094102032,0.0010707845,10.07155531,41.65,0.1175858295,0.0401266144,9317.95,8,0.1340336798,2.8888476954,3.2065248583,0.2226627801,0.0899708777,0.094853282,0.311,0.1828485369,0.9754056197,0.0032894979,0.0012462172,0.288,0.201,45.8046851822753,11.2236645810873
"31057",0.1407516581,0.0005558644,33.351862146,73.68,0.1425722832,0.1394101877,10225.18,7.9,0.1358527947,3.0359996786,2.9697909548,0.1634414261,0.0970311144,0.0963472776,0.28,0.1667838414,0.0552788845,0,0.0015906681,0.337,0.262,18.1290790427846,18.1290790427846
"31059",0.0819047619,0.000889838,26.695141484,47.26,0.0871875,0.0676835081,9575.53,8.2,0.1153994311,2.7082327966,2.7145293165,0.1815255741,0.0846462672,0.0858213934,0.289,0.1535471066,0.4913412564,0.0010598834,0.0010598834,0.351,0.274,164.705882352941,141.176470588235
"31061",0.100456621,0.0006700168,16.75041876,31.61,0.1088807786,0.0764006791,9171.52,7.3,0.125143723,2.9866764309,2.8313973931,0.1766478143,0.0917311832,0.0905702518,0.27,0.1475162203,0.3565891473,0.0006501951,0.0019505852,0.31,0.249,66.1157024793389,66.1157024793389
"31063",0.10273619,0,26.676829268,49.08,0.114084507,0.0773381295,8170.5,5.6,0.1209068676,2.9128200518,2.8134629789,0.1880131883,0.0883230778,0.0880096912,0.266,0.1454681168,0.5983309144,0.0003696858,0.0003696858,0.351,0.258,12.5786163522013,12.5786163522013
"31065",0.1081227927,0.00061703,14.397367339,76.85,0.1200457317,0.0827402135,11557.86,7.4,0.1329149582,3.0166323007,2.9799580066,0.1676448641,0.0953270169,0.0946609402,0.273,0.1557656487,0.2456140351,0,0.0010229133,0.334,0.276,96.3059778496251,110.063974685286
"31067",0.0849840256,0.0007305936,19.178082192,44.58,0.0986969112,0.0514354067,9091.32,7.8,0.1235075413,2.8160277505,2.9661600602,0.1999594901,0.0858374189,0.0875388909,0.283,0.1767807867,0.5191161311,0.0013386881,0.0005077782,0.357,0.278,110.155747988128,19.8892322756342
"31069",0.1133186166,0,46.923879041,NA,0.1234084231,0.0849858357,11244.62,5.7,0.1246101367,3.0098947867,2.9119982338,0.1610226334,0.0904071893,0.0898832703,0.275,0.1433082275,0.0116674769,0,0.0005232862,0.303,0.298,86.8206285813509,0
"31071",0.1174450549,0.0004930966,39.447731755,51.79,0.1223551058,0.1130653266,12216.97,8.3,0.1194886326,2.7820668282,2.7901880586,0.1712874111,0.0885435552,0.0892735363,0.266,0.1419909112,0.7647632992,0,0.0009985022,0.285,0.281,99.304865938431,99.304865938431
"31073",0.0865633075,0,20.273694881,NA,0.0904977376,0.0779220779,8971.38,6.9,0.1117418884,2.562881476,2.6478652954,0.1856694288,0.0796714563,0.0825562861,0.277,0.1404935896,0.2338551859,0.0005076142,0,0.3,0.234,16.9090294217112,16.9090294217112
"31075",0.1044487427,0,31.20124805,NA,0.109947644,0.0921985816,8428.74,4.2,0.1294212173,3.0517107908,2.9624911395,0.1792146338,0.0955638437,0.0941976619,0.294,0.1678018277,0,0,0,0.331,0.278,52.6038926880589,0
"31077",0.1677667767,0,16.467682174,62.5,0.1791401274,0.1435810811,9824.19,5,0.1276632839,2.9516354838,2.9239685219,0.1747305969,0.0916551403,0.0920172225,0.299,0.1475911522,0.0007880221,0,0,0.371,0.306,13.6798905608755,0
"31079",0.140260492,0.0006647211,13.78080415,55.26,0.1709550562,0.0759075908,9094.64,7.9,0.154743165,3.1579946243,3.0901923172,0.193396784,0.0965203934,0.0956012782,0.303,0.1659478779,0.8783421776,0.0029922592,0.0009269498,0.334,0.264,73.0215224176074,12.4407038192961
"31081",0.0748162993,0.0008705114,25.027203482,37.04,0.0841387152,0.0556268721,7756.79,8.6,0.0961083127,2.5074029736,2.6178837566,0.1797170939,0.0783668848,0.0827162452,0.267,0.1360798294,0.5178649715,0.0005473454,0.0003284072,0.32,0.236,87.2378321398713,79.968012794882
"31083",0.0996896819,0.0005793743,17.381228273,48.31,0.1089324619,0.0798969072,11348.72,8.5,0.1232916412,3.0462538689,2.9013697419,0.1686346254,0.0919976887,0.091089915,0.264,0.1575837805,0.3777388256,0,0.0005727377,0.362,0.275,95.9969280983009,0
"31085",0.2057142857,0,10.729613734,NA,0.2155009452,0.1904761905,5999.31,5.8,0.1242449576,2.8585306906,2.8194978331,0.1785589531,0.0887142787,0.0887605163,0.267,0.1479326854,0,0,0,0.334,0.277,0,36.2056480811006
"31087",0.1035120148,0,17.343045439,53.19,0.1149350649,0.0763239875,9220.32,4.1,0.1405149263,3.2888680613,3.1425613999,0.1728191103,0.0997209372,0.0980821753,0.297,0.1628951768,0,0,0.0003447087,0.377,0.271,11.6157509582995,11.6157509582995
"31089",0.1025832091,0.0011635799,21.33229904,72.14,0.1157142857,0.0748829953,11682.38,7.8,0.121018097,2.5890317299,2.7433226643,0.1732757389,0.0848115622,0.0885366162,0.293,0.1449435848,0.4474365117,0.0019225223,0.0017302701,0.321,0.275,54.898921397662,54.898921397662
"31091",0.0880626223,0.0027322404,68.306010929,NA,0.0870786517,0.0981595092,7074.88,7.7,0.136065219,3.2161451183,3.0757168906,0.1491955834,0.0996592486,0.0981794267,0.275,0.1516077647,0.8369565217,0,0,0.275,0.296,46.1254612546125,0
"31093",0.087955626,0.0006241223,14.042752379,49.45,0.0933182972,0.0781448539,10291.86,8.2,0.1148878552,2.6387703451,2.8235865982,0.1915828245,0.0829659492,0.0854606548,0.279,0.1427585636,0.4568058655,0.0003143666,0.0004715498,0.342,0.249,52.0833333333333,57.2916666666667
"31095",0.0908926635,0.0006884208,27.536830511,39.24,0.1044438865,0.0594362745,8288.84,8.1,0.1264624718,2.8628785173,2.8302866725,0.1674983496,0.0875012813,0.0891054069,0.27,0.1544147763,0.319464688,0.000408998,0.0008179959,0.361,0.293,128.587830080367,128.587830080367
"31097",0.1106370009,0.0001933114,19.331142471,60.26,0.1228609039,0.0853080569,10791.63,7.9,0.1337610478,2.7433294041,2.5933772214,0.2085464394,0.0879642143,0.0838258311,0.283,0.1621575644,0,0,0.0009643202,0.324,0.295,77.2747762251272,103.033034966836
"31099",0.0785498489,0.0003037206,22.77904328,40.47,0.088030059,0.0588235294,11065.53,8.6,0.1115768199,2.7536007863,2.7194965306,0.1981621714,0.0826161524,0.0843923538,0.275,0.1449855598,0.3576822315,0.000602047,0.0007525587,0.34,0.213,111.217835296497,80.8856983974521
"31101",0.0932854109,0.0006201166,22.324196949,64.16,0.1045141205,0.0644783118,9674.63,8,0.1276222445,2.9652088161,2.9101778488,0.1740231865,0.0893749808,0.0887845893,0.286,0.1622305499,0.6725621415,0.001354513,0.0006156877,0.288,0.278,70.2421287496901,66.1102388232378
"31103",0.1398601399,0,12.437810945,NA,0.1505882353,0.1038961039,8555.44,4.4,0.1276000451,3.0507679871,2.9777320487,0.1583796263,0.0940448911,0.0935967827,0.273,0.1483016235,0.1347087379,0,0,0.327,0.277,0,0
"31105",0.11942959,0.0002710762,18.975332068,49.98,0.1343873518,0.084043849,9375.23,8.1,0.1571645785,3.5518858072,3.2112983612,0.1688480325,0.1047101088,0.0988056846,0.281,0.1715218749,0.7508505627,0,0.000807972,0.331,0.288,81.2201064885841,81.2201064885841
"31107",0.1328877836,0.0005852745,19.899332787,42.97,0.1423374261,0.1153666511,8454.8,8.1,0.1293908428,2.8781531532,2.9134644816,0.1826475133,0.0923294979,0.0946750925,0.277,0.1524459648,0.5864843121,0.0002357934,0.0011789672,0.323,0.289,46.882325363338,39.0686044694484
"31109",0.0851523411,0.0007015414,12.399336962,39.3,0.0979373931,0.0532174296,8948.63,8,0.0977539321,2.7812461319,3.0118293457,0.2288577938,0.0853354417,0.0905118926,0.293,0.1505153636,0.9550781866,0.0030649944,0.0009178416,0.276,0.167,57.3047172894651,13.9448741692995
"31111",0.0910978099,0.0004767781,18.229750954,69.8,0.1092584467,0.0488358887,9892.9,7.9,0.1415820323,3.6126200058,2.8763733091,0.1588144175,0.1007765365,0.0890065086,0.288,0.1732305674,0.7392250882,0.0020103309,0.0008376379,0.344,0.255,63.5389316115529,15.8847329028882
"31113",0.1348837209,0,38.61003861,NA,0.1479820628,0.1153846154,11077.11,8.2,0.1081228677,2.6420617003,2.7679565612,0.1960649447,0.0821477035,0.0855348888,0.27,0.1503860472,0.5504587156,0,0,0.351,0.278,0,0
"31115",0.123853211,0,0,NA,0.1335403727,0.1056910569,12386.73,5.7,0.1077779691,2.7068090806,2.6898000003,0.1729092835,0.0824169622,0.084101379,0.291,0.1403362447,0.1534810127,0,0,0.314,0.303,56.6893424036281,0
"31117",0.0729166667,0,0,NA,0.0732600733,0.0826446281,7243.33,5.8,0.1131294833,2.7581795516,2.7963600061,0.1739531505,0.0853319655,0.087386958,0.281,0.146086642,0,0,0,0.305,0.269,0,0
"31119",0.1156346695,0.0007420303,18.550757727,28.54,0.1359232802,0.0688273019,9035.64,8,0.1299371124,2.9192266048,2.9389205352,0.2022630164,0.093371333,0.0922694308,0.312,0.1477464983,0.7130118133,0.004093933,0.0012224939,0.322,0.232,86.4788839472384,12.3541262781769
"31121",0.1030098181,0.0003852575,21.831257224,73.5,0.1162113748,0.0714672442,9851.83,7.6,0.1182708743,2.696124939,2.8605186296,0.1871406111,0.0833239665,0.0869806755,0.294,0.1501454437,0.4347992352,0.0001287664,0.0007725985,0.323,0.278,85.5395406526667,0
"31123",0.1209409358,0.0002060157,24.721878863,43.15,0.1358872425,0.0894780447,9627.76,7.1,0.1455961225,3.0152394794,2.9283818484,0.1765045532,0.0945631659,0.0931671838,0.302,0.1698210511,0.250892503,0,0.00061703,0.34,0.278,68.9512514652141,68.9512514652141
"31125",0.1046802429,0,16.68984701,83.49,0.1157107232,0.0822249093,11411.51,7.1,0.1218465929,2.7128216386,2.8625588492,0.1932368469,0.0887493959,0.091365106,0.291,0.161322395,0.6313253012,0,0.0008403361,0.312,0.271,102.411321106042,0
"31127",0.0811990135,0.0007096225,24.127164349,54.24,0.0932136256,0.053513862,10746.48,8.5,0.1221031764,2.8131600946,2.7364453191,0.1849240833,0.0878726916,0.0883842862,0.312,0.1433378771,0.5415286976,0.0004181185,0,0.378,0.258,51.9063797659494,47.1876179690449
"31129",0.0929497313,0.0011550012,41.58004158,79.74,0.1005684303,0.0770901194,10301.69,7.5,0.1183264365,2.8135207562,2.7879725344,0.1728418859,0.089452801,0.0894685425,0.263,0.1410483574,0.5517777778,0.000686656,0.0009155413,0.342,0.286,61.7141093882589,61.7141093882589
"31131",0.0855661193,0.0006256256,20.645645646,44.41,0.0949862259,0.0646417445,9701.61,8.4,0.1140294487,2.7095302939,2.7799299971,0.2014879667,0.0858056099,0.086822433,0.294,0.1588466838,0.59841169,0.0005064253,0.000379819,0.378,0.273,96.1096485729807,20.8934018636914
"31133",0.1193036354,0.0011282437,11.282437006,NA,0.1348233598,0.0855704698,10184.81,7.8,0.1300437266,2.9642313473,2.9059246471,0.1552841016,0.0945669537,0.0938733905,0.275,0.1532231275,0.1377569419,0.0003700962,0.0014803849,0.317,0.261,74.878322725571,112.317484088356
"31135",0.1144839549,0.0006793478,33.967391304,81.3,0.1257901391,0.0940397351,10024.46,8.2,0.0987228008,2.5014953325,2.5853901075,0.1762671417,0.0774682008,0.0808922468,0.276,0.1350709705,0.4525252525,0,0.0017295054,0.286,0.291,68.7049124012367,0
"31137",0.0836165874,0.000753012,29.04475043,62.97,0.093731693,0.0626878489,9844.31,8.5,0.106982767,2.7305701614,2.6643534753,0.182861935,0.0827372528,0.0840610536,0.317,0.1469682583,0.5754244667,0.001415043,0.0010884946,0.331,0.223,133.33813831129,108.112004036181
"31139",0.0731416908,0.0009711432,20.810210877,39.32,0.077184466,0.0676041103,9632.96,7.3,0.1011479815,2.457192745,2.7030191319,0.2067935585,0.0783742374,0.0842435438,0.287,0.1578292057,0.3418662263,0.0002777006,0.0008331019,0.346,0.278,97.3619546571468,78.8168204367379
"31141",0.1060963039,0.000669772,13.395439462,46.32,0.1238796415,0.0690124858,8616.26,8.6,0.1234730021,2.8421712159,2.6564767772,0.197713914,0.0857862199,0.0841868332,0.263,0.1541017517,0.7885349133,0.0016837078,0.0004285802,0.333,0.222,50.8264378799276,10.1652875759855
"31143",0.0915096648,0.0003844675,26.912725875,49.82,0.0995212038,0.0768608414,9842.66,8.8,0.1082982864,2.593802006,2.656642039,0.1906209618,0.0800570202,0.0827477755,0.269,0.1424156022,0.4382167962,0.0001897173,0,0.351,0.237,31.895891809135,82.929318703751
"31145",0.0876361914,0.0006464124,17.54547973,51.27,0.1025978297,0.052547132,9566.82,7.3,0.1230598504,2.9814765983,2.875546919,0.1712269017,0.0899486943,0.0897989649,0.287,0.1536510583,0.6269561284,0.0015643692,0.0011042606,0.357,0.259,77.1176506878895,64.7788265778271
"31147",0.116179849,0.0002470966,23.474178404,61.99,0.1350249207,0.0703346568,10665.68,7.1,0.1463105581,3.3036742785,3.2194495928,0.161936431,0.1015618226,0.0996276179,0.305,0.1775143983,0.6410379051,0.0006151575,0.0006151575,0.373,0.311,78.2472613458529,78.2472613458529
"31149",0.1590271282,0,28.964518465,51.04,0.16772554,0.1414141414,10901.3,7.7,0.1246224682,2.8192417136,2.8262264272,0.1737833107,0.0880016578,0.0891436349,0.282,0.1471795442,0.0222804718,0.0013860014,0.0034650035,0.316,0.335,23.7304224015187,0
"31151",0.129894511,0.0005601456,15.404005041,41.64,0.1536074476,0.0797461369,10280.09,8.5,0.1354007448,2.9748068233,2.8146860184,0.2282547325,0.0880893291,0.0861748049,0.288,0.1568175051,0.5411971831,0.0006314903,0.0005613247,0.355,0.317,32.6606788755395,46.6581126793421
"31153",0.0577291016,0.0005634861,6.9439701295,48.39,0.0680198541,0.0370984416,9037.12,8.4,0.1089809128,2.7701011053,2.6965883851,0.1966762691,0.0809351707,0.0805044905,0.314,0.1220703083,0.9502518257,0.000784004,0.0003426388,0.325,0.189,36.249212386223,9.86889551876229
"31155",0.0712701378,0.0004282451,15.2264941,51.57,0.0815208368,0.0497103345,10093.58,8.4,0.1071154806,2.7141071803,2.689073385,0.2162247746,0.0814737185,0.0834741081,0.298,0.1510565056,0.4577478345,0.0002390172,0.0001434103,0.325,0.239,90.5149826115954,9.52789290648373
"31157",0.1179225789,0.0007446016,16.270924685,34.5,0.1409676468,0.0664616061,8790.41,8.8,0.1617188539,3.6219125769,3.2718653164,0.147495379,0.1076539553,0.0986611696,0.332,0.1719708847,0.6482823911,0.0020841903,0.0010969423,0.342,0.242,71.4626012386851,9.16187195367758
"31159",0.0642502862,0.0007013442,21.040327294,54.98,0.0726715552,0.0470475276,9599.59,8.5,0.0980173904,2.349039583,2.6681791971,0.1989253615,0.0764020817,0.082532396,0.262,0.1530917528,0.4825671642,0.0010495627,0.0002332362,0.3,0.234,73.7234207667236,54.3225205649542
"31161",0.1359371037,0.0009578544,30.651340996,51.77,0.1551049449,0.0921273032,7567.8,7.2,0.1604145386,3.4771182242,3.3187261795,0.1739044025,0.1059741848,0.1032375232,0.266,0.178738403,0.3454013531,0.0019015022,0.0009507511,0.343,0.324,127.283141347928,101.826513078343
"31163",0.1122947182,0,29.116790683,55.82,0.12077597,0.0925110132,9742.07,5.9,0.1247949048,2.9391461286,2.8914118401,0.167219597,0.0902950311,0.0905452659,0.267,0.1528676829,0.1012055838,0.000325309,0,0.353,0.296,10.8471634667534,0
"31165",0.1080530071,0.0007936508,7.9365079365,NA,0.1191135734,0.0902527076,4750.62,6.3,0.1216464516,2.8736252773,2.8235545964,0.1717861336,0.0889332028,0.0895498003,0.28,0.1489875494,0.0533943555,0,0,0.273,0.282,26.281208935611,26.281208935611
"31167",0.0712427456,0,15.159171299,NA,0.0804696449,0.0520376176,8029.1,7.2,0.1214588491,2.7335656489,2.796352925,0.2027748329,0.0863490038,0.0886459846,0.28,0.1505942344,0.021863273,0.0001647718,0.0003295436,0.361,0.258,33.4261838440111,61.2813370473538
"31169",0.0982839314,0.0007747434,29.052876235,55.11,0.1091719272,0.0754560531,9964.94,8,0.1200804444,2.9925807276,2.9707034002,0.1739066305,0.0917568853,0.0905894653,0.274,0.1482403199,0.3418133129,0.0003824092,0.0005736138,0.318,0.262,180.715115528592,0
"31171",0.0985130112,0,58.479532164,NA,0.1070496084,0.0853658537,9205.7,6.1,0.1075779559,2.7231257145,2.6967181301,0.1898270302,0.0834328254,0.0841355277,0.273,0.1396757741,0.1545595054,0,0,0.339,0.287,0,0
"31173",0.1733510109,0.0004246886,8.4937712344,75.41,0.2311516156,0.0896771622,9788.74,6.7,0.2167661434,4.2970422972,3.9506040584,0.2062289426,0.146222136,0.1360385664,0.334,0.2857268217,0.1961095101,0.0027263596,0.0014349261,0.425,0.332,56.710775047259,61.4366729678639
"31175",0.1087304125,0.0009629273,19.25854598,66.67,0.1178082192,0.0916414904,11444.91,7.7,0.1189051856,3.122392951,2.8226942677,0.1637533308,0.092538685,0.0898017507,0.278,0.1460394922,0.6676056338,0.0016650809,0.0016650809,0.339,0.251,95.6785201722213,0
"31177",0.0568311939,0.0004938759,8.3958909522,45.3,0.0633267901,0.043393276,9530.01,8.7,0.1060910714,2.5235132871,2.5708208147,0.2118620896,0.0777761168,0.0808294459,0.258,0.1382208986,0.4776119403,0.0001974529,0.0008391746,0.326,0.198,45.81976468278,52.3654453517485
"31179",0.0957340562,0.0005337888,13.878509662,52.48,0.107852595,0.0641962422,8441.26,8.2,0.1311660384,2.9321186177,2.7410024031,0.2267860156,0.0929977425,0.0907923454,0.255,0.1390050712,0.4719124544,0.0004241332,0.0002120666,0.333,0.223,53.2613713027731,0
"31181",0.1041589989,0.0008275862,13.793103448,60.47,0.1174961519,0.0740740741,9328.19,7.2,0.135166121,3.0059378531,2.962636029,0.1824788651,0.0941035467,0.0924646706,0.288,0.1557760251,0.5965372508,0.0005467469,0.0016402406,0.328,0.311,192.908322616204,128.605548410803
"31183",0.1284722222,0,13.333333333,NA,0.1348837209,0.1118421053,11493.91,5.4,0.1201221757,2.8237110626,2.9040873107,0.1823029621,0.0885249961,0.0903232106,0.283,0.1550718186,0.2836185819,0,0,0.32,0.307,0,0
"31185",0.0811580446,0.0006518905,23.178328263,52.46,0.092639764,0.0554344441,9563.21,8.1,0.1313466141,2.9028542257,2.8616758627,0.1914416765,0.0868529013,0.0882415087,0.304,0.1534143582,0.5990486645,0.0012933822,0.0006466911,0.356,0.244,118.023941999663,31.3124744080738
"32001",0.1398465473,0.0004545455,10.743801653,55.31,0.1554729923,0.1049298186,8515.26,7.2,0.1619661094,4.1984808587,4.2928779425,0.1860128093,0.1189964837,0.1221838742,0.318,0.1856110169,0.7538690357,0.0011672016,0.0005002293,0.272,0.256,37.2995151063036,37.2995151063036
"32003",0.1453472215,0.0005527707,3.371475614,44.18,0.1714127198,0.0799213653,10633.8,8,0.171807588,3.9391553955,3.8265776982,0.1579051003,0.1189385131,0.1151519267,0.38,0.1688871903,0.9104510962,0.0015118272,0.0004377486,0.268,0.225,23.8638037672949,18.3276536534017
"32005",0.1191985511,0.000607839,7.7551875917,32.59,0.1258681523,0.1023124647,7688.81,7.4,0.1277311869,3.8526356335,3.9304950668,0.1737128053,0.1043337509,0.1103615063,0.297,0.1470252046,0.7955826968,0.000946651,0.0005890273,0.253,0.2,36.9941228204878,21.6380718383985
"32007",0.1298673236,0.0003658419,5.3913545778,59.09,0.1445896106,0.1012396694,8095.27,8.3,0.1740270471,3.8624264783,4.1053354772,0.2045444841,0.1102383751,0.1134655911,0.354,0.18573301,0.7284812979,0.0004927415,0.0003600804,0.296,0.213,10.1995932912175,24.8615086473427
"32009",0.1588330632,0,0,NA,0.1578947368,0.1677852349,5801.42,3.6,0.2165350157,4.9654566387,4.6844234376,0.1491575693,0.148013104,0.1394394883,0.355,0.2027567248,0.4508301405,0,0,0.28,0.234,0,40.9668168783286
"32011",0.0835294118,0.0004960317,0,NA,0.0866773676,0.0845360825,7430.2,5.8,0.1292365344,3.533654781,3.823475397,0.19283744,0.0995929279,0.1055714306,0.335,0.1533406208,0.0030196276,0,0.0019821606,0.27,0.205,16.803898504453,0
"32013",0.1422848367,0.0005288207,12.339150361,45.11,0.1572174923,0.1131843346,8309.99,8.3,0.1483951795,3.6392185519,4.0020484065,0.20178284,0.1070895547,0.1119957582,0.35,0.1734221814,0.3344627299,0.0004629898,0.0002893686,0.305,0.203,23.4649980445835,39.1083300743058
"32015",0.119520346,0.0003388108,11.858377096,36.22,0.1313273341,0.09733416,7001.07,8.7,0.1512692351,3.7876175056,3.9893157187,0.1970816421,0.1082472084,0.1114045641,0.355,0.1630983838,0.8420779221,0.0004992511,0.0004992511,0.336,0.184,5.67730214602021,5.67730214602021
"32017",0.1476456504,0.0003971406,3.9714058777,44.03,0.1537593985,0.1380208333,8354.75,5.2,0.1376310272,3.7096407763,4.0129113161,0.1820537761,0.1061504928,0.1133335288,0.337,0.1649406072,0.5227315248,0.0003858025,0.0007716049,0.296,0.245,39.2798690671031,39.2798690671031
"32019",0.143188126,0.0001711515,5.8952172673,38.04,0.1630763103,0.0955937893,7870.89,7.3,0.1807718119,4.6370229602,4.5141370098,0.1714647926,0.1282555196,0.1261427862,0.356,0.1837036587,0.6337629858,0.0011006198,0.0003861824,0.335,0.238,29.1965243441889,33.6394737009133
"32021",0.1327513546,0.0006699419,4.4662795891,114.29,0.1474878444,0.0939597315,9095.19,4.4,0.1878273121,4.7186556929,4.6960565737,0.1561179321,0.1375557544,0.1368193704,0.343,0.2007858365,0.0800502934,0.0008888889,0.0006666667,0.301,0.262,37.2384002383258,59.5814403813212
"32023",0.1365731463,0.000306048,6.1209595781,57.3,0.1535000662,0.0895580253,9228.3,6.1,0.1676489052,4.4030738193,4.5636334303,0.1457490002,0.1249853968,0.1273441162,0.355,0.1883722718,0.1807217949,0.0009933305,0.0007095218,0.325,0.287,39.7871776068403,37.4467553946732
"32027",0.1411677753,0,4.522158577,NA,0.1500521014,0.1241935484,7753.23,7.8,0.176032579,4.0567201518,3.966391301,0.1943284315,0.1164463037,0.1133756419,0.357,0.1847899421,0.2256774767,0,0.0004478949,0.322,0.203,30.1628795495677,30.1628795495677
"32029",0.091713881,0,2.5081514924,NA,0.0937231298,0.0897196262,6706.43,8.6,0.1203890014,3.4099613244,3.7672921371,0.1759908415,0.0937357289,0.1023076571,0.297,0.1396209154,0.0139650873,0.0002556237,0.0002556237,0.272,0.239,50.2092050209205,50.2092050209205
"32031",0.1234363414,0.0007160391,5.7954410689,32.09,0.1437011784,0.0722381392,8102.46,7.8,0.1484316082,3.834016935,4.0026139983,0.2129844447,0.114155084,0.1187403511,0.317,0.1712315883,0.9145268114,0.0022609628,0.0006612464,0.229,0.169,27.5996440391855,23.5715878821152
"32033",0.1049731563,0.0007134849,3.057792274,39.67,0.1165839126,0.079887218,9856.04,7.4,0.1486855302,3.7332383032,3.8730327765,0.1978934859,0.1075877438,0.1107274368,0.359,0.1831459122,0.5798604187,0.0031891569,0.0001993223,0.323,0.202,33.867307887696,37.2540386764656
"32510",0.1366133443,0.00082537,8.9873626676,44.77,0.153749794,0.0935768698,8603.41,7.8,0.1708128616,4.3704330034,4.1890911424,0.170893984,0.1233210055,0.1220979899,0.324,0.1687534986,0.9639432645,0.0017974396,0.0007703312,0.275,0.21,60.4450957047349,26.8644869798822
"33001",0.0897358254,0.0006926007,11.873155126,47.4,0.1082834057,0.0320360508,8686.08,8.6,0.106870685,3.2062067659,3.4826762301,0.1924879355,0.0945174373,0.108999117,0.309,0.1614841128,0.7772433764,0.0045104054,0.0005472183,0.288,0.222,138.671068922823,19.2598706837254
"33003",0.1107121484,0.0008036375,12.054562758,40.95,0.1301334889,0.0423676778,8001.38,9,0.1152334353,3.0773701254,3.4522424079,0.1936046635,0.0936680542,0.1074745074,0.287,0.1420755087,0.7686017818,0.0021941391,0.0008017047,0.264,0.202,78.8882393131088,23.9482155057652
"33005",0.0829460688,0.0007245518,10.934144831,37.51,0.0994976903,0.0302401218,7727.18,8.6,0.1148652852,3.0273119531,3.7615621115,0.1922350625,0.0932724266,0.1120363261,0.332,0.1488655295,0.6213675325,0.0028903633,0.0005912107,0.295,0.184,80.3343312935144,17.559416676178
"33007",0.097845254,0.0011213636,13.456362937,67.41,0.1178070029,0.0302321396,9323.24,8.1,0.1413431603,3.8635591235,3.8172085738,0.1661244492,0.1114952532,0.118219852,0.339,0.1676877903,0.6608379973,0.0012321107,0.0010425552,0.322,0.259,79.0272275141195,26.3424091713732
"33009",0.0971195898,0.0019368562,13.322884013,39.17,0.1146965228,0.0368522073,7763.77,8.4,0.119820298,3.6809792994,3.6336323279,0.1906274486,0.1045527692,0.1106043903,0.281,0.1519258539,0.8325029736,0.0035914252,0.0022641594,0.232,0.194,62.3446051383901,16.7994444983686
"33011",0.078606971,0.0008458781,9.0981071019,52.78,0.0963994407,0.026661809,8818.19,8.5,0.109552331,3.0414594207,3.3750799513,0.1966012847,0.0923796032,0.1031282807,0.337,0.1460506407,0.9207154105,0.0022755094,0.0009649937,0.282,0.202,61.7403902681402,19.0222716363991
"33013",0.0750428307,0.0011149101,14.324905064,50.15,0.0908450232,0.0268073388,8578.61,8.6,0.1050585245,3.0172085378,3.5936903859,0.1910177961,0.0901050994,0.1073141067,0.285,0.1318134431,0.8426235105,0.0029421557,0.0011075552,0.286,0.185,80.6766017573077,18.0282908954877
"33015",0.0611393324,0.0007952892,9.1789632742,46.36,0.0732385309,0.023997759,8669.35,8.8,0.0954626459,2.8553042505,3.5689879952,0.1860541937,0.0829235538,0.1040654298,0.293,0.1386222473,0.8586119645,0.0019127074,0.0008282854,0.272,0.191,62.4966184471026,14.1335108855638
"33017",0.0816681925,0.0006859846,8.5945200079,51.07,0.0992876283,0.0264953197,8245.53,8.3,0.1270948511,3.4497856094,3.9247772275,0.212750239,0.0997943479,0.1147437259,0.31,0.1643447031,0.8815929448,0.0019028056,0.0009155759,0.288,0.21,79.5036026715317,17.6382164867305
"33019",0.0802132805,0.0007680313,8.611259804,52.56,0.0975151469,0.0266343826,8240.92,8.7,0.1275534516,3.3858377586,3.7779391517,0.1788163707,0.1004459963,0.1143179036,0.314,0.1703846762,0.6747290933,0.0016936176,0.0005336055,0.313,0.232,67.403195066396,25.5667291631157
"34001",0.1085820416,0.000794985,8.8615303827,54.53,0.1324905579,0.0439537631,10583.56,7.5,0.1629474865,3.2896085459,3.8579675392,0.1730739418,0.1040789472,0.1144175467,0.379,0.1719704718,0.8952900939,0.0009919734,0.0004978035,0.272,0.271,36.8104590459265,13.0421162844839
"34003",0.0957574622,0.0012072379,9.4618468076,40.89,0.1165937491,0.0386943497,10166.63,9.2,0.1219011903,2.7480715407,3.1453465321,0.1692841861,0.0839045668,0.0943023802,0.394,0.1166920996,0.991487279,0.001904513,0.000339556,0.23,0.21,43.6819625864702,8.07476018495825
"34005",0.0587960181,0.000832915,8.3735723836,56.43,0.0700222514,0.0289875242,10022.79,8.4,0.1222368175,3.040893234,3.4325698081,0.2009410437,0.0869047716,0.0996639007,0.345,0.1275179419,0.8523156257,0.002168006,0.0004202596,0.281,0.217,46.1003000225313,11.4880168866437
"34007",0.0875200081,0.0010314666,8.2204167751,58.34,0.1083773647,0.0332005961,10474.58,8.1,0.1618945765,3.4533639626,3.6951288749,0.1768000794,0.1026004294,0.1111128027,0.408,0.1664231307,0.9458646529,0.0022620627,0.0006242197,0.292,0.271,42.8167410846864,10.3778381592456
"34009",0.1037153025,0.0005806159,13.301381866,42.58,0.1221887102,0.0462031107,10248.96,7.6,0.1278303623,2.9093677888,3.440905927,0.1834960539,0.091024223,0.1058730838,0.31,0.1427399811,0.8863414383,0.000839067,0.0004719752,0.278,0.228,54.1298624609404,13.7082119219265
"34011",0.1274221866,0.0004298895,9.3677416043,70.13,0.1617057257,0.0463994941,10629.1,7.5,0.2018266326,3.8398529909,4.0699707653,0.1641376422,0.1177319171,0.1244816705,0.388,0.196037275,0.653819679,0.0006417221,0.0003303916,0.351,0.302,55.8838643371017,7.49400479616307
"34013",0.1363844924,0.0008213846,8.201305688,45.9,0.1702367896,0.0493052646,10422,7.5,0.20613827,3.7688263549,3.5175012448,0.1551754074,0.1158244711,0.111334934,0.425,0.1510094596,0.9960623443,0.0016450448,0.0004951472,0.285,0.26,32.7605330552942,5.69020752939975
"34015",0.0661272945,0.0005626477,8.0966381798,59.69,0.0785133578,0.0336493853,10299.38,8.1,0.1315562804,3.1508760538,3.6408569972,0.1881350177,0.0926739636,0.1027603794,0.375,0.1571304135,0.8853958541,0.000673653,0.0003746335,0.312,0.258,43.4404865334492,9.37399972563903
"34017",0.1479724516,0.0005201264,4.7122560148,65.1,0.1782508263,0.0465506025,10666.52,8.8,0.2205110499,3.8062544522,3.5968164958,0.1743265614,0.1189311547,0.1128674741,0.421,0.1570284671,0.9988963621,0.0004767491,0.0001853194,0.237,0.263,19.8819546038595,6.03382701908173
"34019",0.0467517708,0.0011395512,10.359556292,40.26,0.0534762867,0.0292204252,9212.99,9.4,0.0899517191,2.3312797714,2.9952776226,0.1846734005,0.0749132066,0.0903701976,0.316,0.108998393,0.9083592393,0.0019275465,0.000547328,0.208,0.179,59.2720961324293,13.0239134999508
"34021",0.0987778829,0.0010662416,11.254772508,54.16,0.1207286122,0.0402832902,10384.08,8.4,0.1346249701,2.9229959619,3.5644696677,0.1711462131,0.090042902,0.105792559,0.354,0.1391306295,0.9723038473,0.002567712,0.0005436874,0.252,0.22,45.1543056380941,6.73274934961641
"34023",0.0971477948,0.0009394696,6.6714234748,51.32,0.1183856759,0.0391885494,10061.76,8.8,0.1351826159,3.1395287347,3.2216262961,0.1491778414,0.091487105,0.094739545,0.39,0.1140636867,0.9584766712,0.0014372884,0.0003563327,0.259,0.249,36.9888675440585,7.51709243637318
"34025",0.0794674902,0.001127697,8.5253254654,48.65,0.0964307185,0.0339495752,10272.71,8.7,0.13211473,3.3179972861,3.4493643146,0.2013515857,0.0930067312,0.1000203704,0.347,0.1285187375,0.9631983883,0.0019180681,0.000449721,0.234,0.216,52.3399014778325,9.44878545948701
"34027",0.0625695197,0.0010310125,10.149967268,43.01,0.0764896464,0.0264512601,9609.71,9.3,0.1121731675,2.6224863805,2.9673545904,0.1931750472,0.0775127104,0.0905294678,0.328,0.1097345167,0.9560409201,0.0021511745,0.0005382939,0.22,0.184,56.3546174396174,8.74698446041455
"34029",0.0884878235,0.0004484297,6.9642496191,49.66,0.1108276332,0.0386283725,10570.24,8.2,0.1430928899,3.26119328,3.6808722783,0.1618797146,0.0962424495,0.1097982972,0.387,0.1490398826,0.8564451313,0.0011137624,0.0002899535,0.294,0.265,53.9739601101883,9.78773071180564
"34031",0.1292913494,0.0005930525,7.3984764619,52.39,0.1637091407,0.0436354608,10700.72,8.8,0.2056298639,4.0435689347,3.7473672348,0.1640665748,0.1225050222,0.1163003766,0.393,0.1445369484,0.9972786727,0.0009767007,0.000265301,0.287,0.244,36.1323465013481,5.49840055455297
"34033",0.0800987598,0.0003739483,13.555624805,77.84,0.0965840939,0.0365462122,11021.95,8,0.1498642788,3.4921747677,3.8407765834,0.1768545519,0.1036855054,0.1130515574,0.37,0.182216595,0.6890879651,0.0007726184,0.0001236189,0.343,0.28,62.9123750201476,14.0382985582147
"34035",0.0655857523,0.0011149274,9.6207448435,37.83,0.0786024099,0.0318157848,9450.42,9.3,0.1137490929,2.4568231126,2.9002719573,0.1707886983,0.0755495684,0.088673493,0.351,0.104653706,0.9412726778,0.0022130812,0.0003187318,0.236,0.171,44.8012096326601,6.90018630503024
"34037",0.0613127579,0.0004663368,9.2571325162,48.28,0.0718705274,0.0323670138,10176.43,8.9,0.1162064289,2.8745800675,3.229614365,0.1733611269,0.0828146802,0.0960156106,0.313,0.1333576864,0.9253810337,0.0011938527,0.0001380177,0.281,0.225,37.1140142517815,17.3971941805226
"34039",0.1304486126,0.0006657239,8.4744847837,39.58,0.1626106322,0.0477245723,9371.69,8.9,0.1624339866,3.3665198298,3.2216177177,0.1797979887,0.1034949829,0.1051891389,0.39,0.1323388502,0.99666169,0.0015281975,0.0003436184,0.248,0.219,34.2475012842813,6.72933358568334
"34041",0.0813079031,0.0006175785,8.9829604469,55.97,0.0963797289,0.0385012475,10337.26,8.5,0.1324642294,3.3800346881,3.5124506439,0.1940487651,0.0958931575,0.103180115,0.367,0.1557517723,0.9121094469,0.0013655452,0.0002151201,0.29,0.257,36.8286189579998,11.8600637322372
"35001",0.1192941592,0.0010285436,7.4924078412,26.78,0.1483918887,0.0439234809,7652.87,7.4,0.1738836472,3.7995697895,3.7755808726,0.1367294182,0.1194223326,0.1165137411,0.316,0.161765233,0.918690119,0.0037761768,0.0009222102,0.232,0.159,54.8494989870337,21.092170320261
"35003",0.1348210135,0.0005787037,5.787037037,NA,0.1502923977,0.0790598291,6385.85,3.2,0.1449249291,3.7115702843,3.6096283233,0.117738789,0.1118734242,0.1109665227,0.289,0.1322368042,0.6660402685,0.0008436445,0,0.209,0.175,9.50570342205323,9.50570342205323
"35005",0.13166835,0.0006842649,9.5797092634,50.81,0.1710197165,0.0508400132,9026.79,6.9,0.2305368214,4.0446427633,3.7149392143,0.1276834363,0.1319626281,0.1209131676,0.298,0.15453984,0.4602483053,0.0009563132,0.0003946689,0.308,0.279,25.8983161016433,19.8045946659625
"35006",0.13615473,0.0004756852,7.3182333785,52.3,0.1776169265,0.0477790766,7833.61,5.1,0.2537979945,5.0338693737,4.3949204605,0.1277911713,0.1654889855,0.147537046,0.345,0.2270367894,0.5733656708,0.0021938645,0.0006215949,0.28,0.246,48.6825290573845,23.1242013022577
"35007",0.1051468964,0.0004027711,16.916384727,32.17,0.1238688622,0.0546269874,6807.37,5.4,0.1990663131,4.1496016634,3.6804668879,0.1326895554,0.1299029771,0.1179584274,0.312,0.1509253162,0.8086545455,0.0085962145,0.0009463722,0.247,0.191,72.2949634508796,29.4535036281361
"35009",0.1180665242,0.0004762094,12.698916624,53.89,0.1537501686,0.0418066176,9759.4,6.1,0.2065426071,4.346642878,3.7829251459,0.1582041035,0.133704803,0.1184153845,0.328,0.1758708645,0.7701959649,0.0054542957,0.0007259314,0.3,0.272,29.6741775307128,20.4422111878244
"35011",0.208,0.000547046,32.822757112,NA,0.2443298969,0.1247113164,7128.16,7.5,0.2139951241,4.403183245,3.9782460175,0.1181068546,0.1421978487,0.1287406171,0.292,0.1661578165,0.2087042532,0.0082191781,0.0005479452,0.248,0.228,18.3621006243114,18.3621006243114
"35013",0.1371101918,0.0006813038,6.2997270118,45.27,0.1759090327,0.0499402501,8787.43,6.4,0.2487900804,4.8451931,4.1049764425,0.1393156047,0.1551778088,0.131470202,0.317,0.1568263586,0.696792571,0.0023587113,0.0004913982,0.281,0.172,54.6577428687996,16.8177670365537
"35015",0.1127498781,0.0004168259,11.289034006,54.89,0.1434833775,0.0472092298,9709.25,7.4,0.1792093131,3.7784077055,3.4017789549,0.1574509772,0.1109830573,0.1032110562,0.322,0.153371724,0.7223243976,0.0010639241,0.0005851583,0.329,0.244,56.5287830576827,27.9730060491626
"35017",0.0911388783,0.0008039428,11.185291342,33.97,0.1122969838,0.0401937046,6743.94,6.7,0.1939075408,4.2093091018,3.716458766,0.1241953622,0.1293909952,0.1179098637,0.306,0.140560274,0.8165277495,0.004708551,0.0008935936,0.232,0.162,98.854451357795,34.8898063615747
"35019",0.1099159664,0.0006863418,6.8634179822,57.81,0.1373756514,0.0469432314,7508.42,7.7,0.2333340488,4.1842357637,3.5192268161,0.1384454549,0.1325666946,0.1113349016,0.319,0.1450902353,0.6829528483,0.0138764548,0.0008952551,0.261,0.205,45.4029511918275,45.4029511918275
"35021",0.0967078189,0,28.653295129,NA,0.1056910569,0.0672268908,7023.6,4.4,0.1780312673,3.8050029714,3.5483323777,0.117614515,0.1181633365,0.1105463732,0.291,0.1300871242,0.2302158273,0,0.0014641288,0.239,0.234,48.8758553274682,0
"35023",0.1292906178,0,4.5218177707,30.75,0.1553166069,0.0680728667,6714.96,6.7,0.2337885805,4.6404140121,3.9019016081,0.1312570359,0.1461483074,0.1252735963,0.307,0.1669096489,0.6595831631,0.0015350877,0.0006578947,0.223,0.211,75.2728641324802,75.2728641324802
"35025",0.1414883991,0.0003090756,10.115200899,69.02,0.1839920704,0.065060134,10322.21,8.1,0.2018176882,4.1582588785,3.5674114619,0.1578069123,0.124679172,0.1114230796,0.305,0.1571021364,0.7860089298,0.0010285861,0.0004714353,0.317,0.272,18.9638170370932,18.0156261852386
"35027",0.1546325422,0.0007209063,20.082389289,45.35,0.1821043594,0.0763400108,7475.4,6.2,0.1656928368,3.9238945498,3.9106683945,0.1294290697,0.1228791008,0.1187530823,0.288,0.1645566439,0.8277308874,0.0052268345,0.0005582056,0.229,0.213,59.7728631201434,30.7403296046452
"35028",0.0310778647,0.0016305876,15.743604161,21.6,0.0362442922,0.0201448619,6853.61,7.6,0.0948172318,2.9120770337,2.9609559705,0.1505911231,0.0833181619,0.0875058464,0.253,0.1124333551,0.9885793872,0.0019228594,0.0007917656,0.213,0.126,63.4162718692879,9.32592233371881
"35029",0.1553155262,0.0003670772,8.972999429,69.69,0.2031138295,0.0608562691,8196.54,5.5,0.2563205451,4.9988991901,4.1540824553,0.1133194334,0.1643258851,0.1374765911,0.329,0.1744763432,0.6960749153,0.001215904,0.0007700725,0.282,0.232,43.4540541274562,24.4429054466941
"35031",0.1904396577,0.0006909318,5.0842154664,70.89,0.2635113957,0.0513095484,7457.13,2,0.2430729641,5.6159059737,5.0636543154,0.1236653303,0.196875384,0.1810682637,0.346,0.2115940255,0.427698204,0.0014575292,0.0005938082,0.371,0.258,49.1740095424159,23.0364729387894
"35033",0.1232837529,0,6.5274151436,28.1,0.1389203473,0.079558011,5995.47,7.5,0.3430944862,5.6793315566,4.4548911419,0.0992728891,0.1972639219,0.1542667809,0.318,0.1911232699,0.2329440688,0.0008710801,0.0006533101,0.233,0.186,7.30353491089687,7.30353491089687
"35035",0.143927774,0.0004661135,8.8561573599,27.69,0.1803292136,0.0584361614,8727.4,5.9,0.1853135501,4.2556483552,3.7403133397,0.1546765431,0.130616412,0.1217168375,0.341,0.1715581177,0.6406884336,0.0022740543,0.0005377831,0.283,0.2,43.1091997084997,22.5810093711189
"35037",0.101210121,0.0005913661,22.471910112,47.95,0.1252433485,0.0396257567,8440.08,7.2,0.1934242587,4.2303527351,3.8674972324,0.1258984205,0.1325011045,0.1220412519,0.307,0.1598091657,0.6851012056,0.0139983531,0.0007057993,0.284,0.231,63.1886576359543,19.7464555112357
"35039",0.1489657731,0.0004054225,6.3347269733,47.08,0.1885445682,0.0554766734,7201.57,6.6,0.2672095911,4.610244619,4.1390828306,0.1221633988,0.1494303734,0.132395112,0.346,0.1793339645,0.4704318442,0.004500088,0.0008296252,0.273,0.193,57.0077631159773,28.5038815579886
"35041",0.1366675238,0.0005230126,12.552301255,72.35,0.1700500683,0.0588235294,9889.65,6,0.2062746935,4.4730676598,4.0489022437,0.1482099931,0.1440257309,0.1314683861,0.325,0.1850907711,0.7147032148,0.0026105651,0.0005630631,0.25,0.26,31.1753091551491,17.3196161973051
"35043",0.1086738671,0.0006241302,5.0934760463,23.91,0.1357440386,0.0465272341,7478.81,6.9,0.1419565973,3.318410764,3.5499479713,0.1549057062,0.1075413849,0.1111659507,0.314,0.1525479577,0.757382507,0.0027251323,0.0003270159,0.243,0.13,43.1953072236395,19.8077928152601
"35045",0.1620477748,0.0006232261,7.832436393,49.11,0.2100316623,0.0581616385,8630.56,5.5,0.198802521,4.5348406342,4.1152792383,0.1386727352,0.1429867117,0.1318246922,0.33,0.2037319147,0.3644458799,0.0018338248,0.0006220463,0.328,0.225,52.0132773677926,27.9641276170928
"35047",0.1081958094,0.0007151285,6.078592627,48.48,0.1295566502,0.0468722774,7321.47,6,0.2776867709,5.3040248578,4.276686602,0.113831859,0.167698493,0.136678021,0.343,0.1711672023,0.7171775593,0.0091008888,0.0007436524,0.247,0.185,53.5931210251769,29.7739561250983
"35049",0.1488234121,0.0010290142,8.6760017756,17.97,0.1729655172,0.0800643734,6344.73,7.5,0.1650977397,3.7354390177,3.5985399311,0.1485529902,0.1164519362,0.1098175476,0.248,0.1391755012,0.8064507179,0.0061013472,0.0007896655,0.143,0.106,48.4847396526607,25.3647017627345
"35051",0.1125,0.0003545471,14.181882645,71.49,0.133525803,0.0489396411,8771.9,5.1,0.1918134536,4.601919425,3.9668499609,0.1145414232,0.1371014251,0.1248202843,0.305,0.153962776,0.9451951952,0.0016777042,0.0008830022,0.238,0.237,147.937747795728,50.2988342505474
"35053",0.1436403509,0.0005215577,5.2155771905,30.17,0.1795240049,0.0576923077,6954.04,5.8,0.2618545265,4.8814511596,4.3340074066,0.1283278206,0.1633480062,0.1420879113,0.326,0.1962616731,0.5417552894,0.0012131716,0.0005777008,0.291,0.22,44.5796910433586,29.0737115500165
"35055",0.1533963473,0.0009724375,10.332148175,40.12,0.1826770822,0.0653337531,6664.64,6,0.2200330477,4.5666330934,4.0346641439,0.1146489468,0.1458509762,0.1296560991,0.278,0.1485146323,0.7712906458,0.0068008705,0.0009672349,0.198,0.15,63.6003876595057,32.3049588111775
"35057",0.132801344,6.45786e-05,7.1036486923,23.17,0.1601721531,0.0640436531,7673.83,5.5,0.2328388502,4.8084365105,4.1824455994,0.1259495137,0.1553299022,0.1346497459,0.322,0.1899334327,0.2083257035,0.0014092627,0.0005765166,0.267,0.199,36.6395103237208,32.3289796974007
"35059",0.1352339181,0.0004760771,19.04308498,69.92,0.1584560691,0.0799507995,10703.06,7,0.1778784182,3.7819987473,3.5774906768,0.1508220748,0.1210266571,0.1116378921,0.31,0.1532642871,0.3574411959,0.0083779381,0.000465441,0.269,0.233,7.88581342165444,7.88581342165444
"35061",0.1427258509,0.0002904789,6.3377213251,26.74,0.1829098781,0.0493409055,7501.08,6.2,0.2076074447,4.2213447517,3.676876175,0.1458298389,0.1372153149,0.1200257249,0.329,0.1717337122,0.5354255639,0.002097155,0.0004088793,0.293,0.186,37.8554450215688,22.4491592569768
"36001",0.054516989,0.0010537169,14.771430695,46.44,0.0648590559,0.0225479884,8885.13,8,0.123054489,3.3546506876,3.5533105971,0.1908352873,0.1000613747,0.1086464308,0.341,0.152259059,0.8559617888,0.0028815171,0.0013498999,0.269,0.217,47.7116746797813,8.85148715778747
"36003",0.0615511457,0.0004003203,17.48767435,69.71,0.074188261,0.028806177,8541.62,8.2,0.137137562,3.790202364,3.9168783328,0.2002628214,0.1138176904,0.1198229768,0.331,0.1706776797,0.4858006783,0.0016968326,0.0006703536,0.346,0.292,47.0918994904235,14.0572834299772
"36005",0.1110470163,0.0005558441,2.6383701468,49.03,0.1460682304,0.0240351534,10048.41,7.9,0.2752054161,4.7827991637,4.4103307372,0.1434219118,0.1604228495,0.1455018884,0.408,0.1746767147,0.9861209379,0.0014914902,0.0008462208,0.299,0.309,29.7977409357732,5.61006850951286
"36007",0.0641665469,0.0008241465,11.9552112,47.22,0.0755457529,0.030847111,8706.42,8,0.1428779824,3.8910282991,4.0448216383,0.2067544878,0.1149318469,0.1199432897,0.341,0.1822603288,0.8706979063,0.0017532392,0.0014238734,0.283,0.229,67.2040729741196,12.388629613916
"36009",0.0750964108,0.0004876672,14.886681553,59.5,0.0901219297,0.0368264134,9003.51,8.1,0.1459180424,4.134364773,4.1291302038,0.191531099,0.1216699673,0.1254901674,0.346,0.1818781136,0.6254715689,0.0009287532,0.0006870229,0.365,0.263,33.3050098420574,14.9445556983591
"36011",0.0669135279,0.000293787,11.112814224,67,0.079628821,0.0306296432,8758.14,8.5,0.123674193,3.5618992844,3.7565264485,0.1944526804,0.1036130961,0.1116600605,0.338,0.1635654127,0.7241771424,0.0014209051,0.0007485125,0.331,0.24,39.1536012801525,11.4907308104795
"36013",0.0659255934,0.0005734866,17.281061944,41.42,0.0792153458,0.0288980175,8772.22,7.8,0.1485871148,3.8199945881,3.9760507296,0.1825746651,0.1142802749,0.1222106653,0.347,0.1772999392,0.6875356733,0.001204062,0.00069669,0.331,0.268,77.7394886016068,13.7637127360222
"36015",0.0507944892,0.0008154265,12.748216972,73.82,0.0616344329,0.0228635874,9726.61,7.8,0.1382527022,3.8588675282,3.9399579006,0.1869777244,0.1093198716,0.115136753,0.352,0.1785261479,0.744016661,0.0021533554,0.0010368007,0.346,0.274,81.5582605499248,11.8699815823834
"36017",0.0648313974,0.0003685202,11.87453935,49.9,0.0768487192,0.0316075783,8074.4,8.5,0.1410993838,3.8100027382,3.8878165174,0.1867256512,0.1127285095,0.1193263684,0.342,0.1706971648,0.659983755,0.0016792781,0.0007688261,0.356,0.236,35.4105237352655,11.5765173749906
"36019",0.068383887,0.0007015298,8.7383539895,64.17,0.080990041,0.0288236822,9546.98,7.5,0.1433509274,3.6532319501,3.9140908261,0.2076696711,0.1097681592,0.1164148408,0.346,0.1798541535,0.6683347945,0.0017885143,0.0008330067,0.36,0.26,56.1576677761564,13.9369394480972
"36021",0.0718957006,0.0005039913,10.404981385,58,0.0827842633,0.0371630463,9252.88,8.4,0.1237609937,3.4181815437,3.5295687032,0.1908719227,0.1011294881,0.1085328714,0.328,0.1533806174,0.5750126791,0.0013199833,0.0005634075,0.248,0.202,62.8317625392699,18.9578593868487
"36023",0.0520645367,0.0004949066,11.754031427,63.91,0.0610625088,0.0258594463,9298.05,8.2,0.131449126,3.6828950938,3.8196293867,0.2024819345,0.1080582876,0.1154210751,0.341,0.1787462387,0.8227257986,0.0025089752,0.0006731397,0.342,0.254,76.242547462703,11.6767865483419
"36025",0.0727218935,0.0003691399,13.897031681,71.4,0.0854472112,0.0331094615,9189.14,8.5,0.1460542736,4.1241030703,3.9547281676,0.1822520712,0.1158650355,0.1170106741,0.332,0.1687229639,0.5505210504,0.0010089951,0.0007084434,0.299,0.255,56.4575084867216,18.8191694955739
"36027",0.0621779839,0.0007032872,7.6076739452,49.87,0.074237444,0.0277177826,9352.25,8.6,0.1194850317,3.3059830741,3.6297614353,0.1912924687,0.0957737175,0.1056943741,0.337,0.1494853922,0.801165089,0.0022725817,0.0007620229,0.259,0.206,35.2952054902651,11.8402446532838
"36029",0.054297432,0.000804268,9.8961822198,36.72,0.0654525926,0.0222460846,8196.82,7.8,0.1384338419,3.7011332908,3.7646179973,0.1966682801,0.1096403511,0.1143127852,0.369,0.1594109573,0.9530597145,0.0021293081,0.0011854774,0.303,0.247,99.9472611016465,11.5671332920531
"36031",0.0681722394,0.0003898332,15.853214824,45.44,0.0790259799,0.0327385341,8749.51,8.6,0.1239378416,3.5393780027,3.6963480323,0.1958490803,0.1021456664,0.109084869,0.341,0.1616133368,1,0.0013443988,0.0006721994,0.281,0.216,53.7918947761129,14.7493905031277
"36033",0.0778342246,0.0006119226,10.461902882,46.55,0.0926343343,0.0386682019,8260.92,7.4,0.1519325016,4.0241605175,4.0057816455,0.1896076861,0.1193034223,0.1227384191,0.38,0.2168069637,0.5692164577,0.0023214077,0.0009168585,0.344,0.282,35.449120664868,11.816373554956
"36035",0.0671193463,0.0005185953,9.8162690769,62.88,0.0796745471,0.0305695872,9065.01,8.1,0.1491329848,3.9250413582,4.1040520971,0.1843435441,0.1123613016,0.1206286207,0.35,0.1809868848,0.8269975329,0.000924129,0.00057296,0.323,0.273,55.5812876331635,14.2041068395862
"36037",0.0581781282,0.0003563127,12.895125303,48.27,0.0684548204,0.0292179436,8811.75,8.6,0.1242236474,3.4283918387,3.66445159,0.197654981,0.102238809,0.1112895936,0.335,0.1594831361,0.6736796551,0.0012846084,0.0005577905,0.351,0.288,109.864594718571,11.8925592221134
"36039",0.0693879872,0.0003779528,10.078740157,60.62,0.0796160777,0.0360989466,9824.03,8.2,0.1296319779,3.7257702886,3.8112611901,0.192447453,0.1054764319,0.1118483194,0.337,0.1696625646,0.6910058715,0.0007088206,0.000750516,0.27,0.247,46.8204053109713,16.0726764500349
"36041",0.0745305164,0.0002122241,27.589134126,26.59,0.0816849817,0.0498614958,7870.41,7.7,0.1210091181,3.4524940568,3.6896382753,0.1715344314,0.1007856585,0.1098740305,0.321,0.1450468636,1,0.0002120891,0.0006362672,0.287,0.211,42.9522514138449,57.2696685517933
"36043",0.0643163032,0.0003328051,11.251980983,78.73,0.0762266591,0.0318254313,9164.65,7.9,0.1435725073,4.0727639435,3.8192362112,0.1963411413,0.1136104258,0.1155299464,0.348,0.1808513551,0.6170585409,0.0004235693,0.000376506,0.316,0.282,81.8127596235557,15.3069034134395
"36045",0.0653575253,0.0004930505,10.456071747,50.05,0.0804375617,0.0296079499,8787.27,7.6,0.1453222864,3.8714667665,3.8806266146,0.22948794,0.1127187257,0.1175736355,0.35,0.1871595586,0.6823082019,0.0013937516,0.0015532774,0.325,0.288,23.0937663937231,12.259653764569
"36047",0.1020265175,0.0006356346,4.8089777699,44.15,0.1301368116,0.0239514948,10867.25,7.4,0.1714441023,3.8731508236,3.8457175315,0.1769015846,0.120028846,0.1213239019,0.42,0.1383485092,0.9684161776,0.001635522,0.0005213989,0.226,0.258,21.1976198825561,5.12191293812957
"36049",0.0709149739,0.0005193456,17.806135698,55.64,0.083250497,0.0396238051,8441.22,8.1,0.1177794547,3.3453875246,3.7429384867,0.1930118808,0.1002382334,0.1107149761,0.347,0.1535343162,0.529072987,0.0020205731,0.0004041146,0.371,0.272,48.1231953801732,23.4446336467511
"36051",0.0571721522,0.0004326529,11.125361188,54.85,0.0679330937,0.0249959942,7697.3,8.2,0.1300353607,3.7130383536,3.9200228321,0.2057112957,0.1083385578,0.1150550614,0.339,0.166220159,0.6952120258,0.0007122287,0.0004644969,0.353,0.217,48.0471171729696,8.78280636495144
"36053",0.055492093,0.0005984774,9.7426547342,56.13,0.066009758,0.0262948207,7899.5,8.6,0.1183866825,3.4996262991,3.7022289043,0.1994100905,0.1020054433,0.1107572397,0.344,0.1565227346,0.3695705455,0.0013818071,0.0006494493,0.293,0.236,57.0641205862295,13.4541422520378
"36055",0.0554496717,0.0010352188,8.8447171825,46.02,0.0666558072,0.0246138792,8820.71,7.8,0.1331202716,3.5973148757,3.8981143943,0.189628896,0.1076136356,0.1157331385,0.346,0.1629042416,0.927383038,0.0019950471,0.0015856357,0.299,0.228,93.7172923979523,9.87903082257617
"36057",0.0745758514,0.0005841827,9.0649047178,56.25,0.0919815353,0.0295852929,8663.84,7.8,0.1741223634,4.016778164,4.0618620147,0.1780423977,0.1216231971,0.1237405032,0.354,0.1783933036,0.5199824768,0.0008236405,0.0007231965,0.338,0.308,54.4731904476889,9.41511933663759
"36059",0.0653216964,0.0014294634,7.8378080582,43.39,0.0804908453,0.0248518515,10253.49,9.7,0.110369608,2.8492952236,3.4044138814,0.1724578513,0.085196036,0.0982842095,0.369,0.1171237563,0.9903921668,0.0025555211,0.0010510611,0.232,0.228,29.9646427016494,7.42378310596875
"36061",0.078594351,0.0013669659,12.927800121,30.66,0.0904289233,0.0244096588,9079.37,8.3,0.1516054705,3.5737759802,3.7466751918,0.2375544506,0.1081408272,0.1122506897,0.368,0.1192565324,0.9843316583,0.0069340719,0.0015553687,0.158,0.177,33.9931607547538,7.87894048557017
"36063",0.054728298,0.0004420368,10.345541072,68.27,0.0655305476,0.0233810149,8800.77,8.1,0.1358948453,3.4964124903,3.8776407119,0.1707428084,0.1066539423,0.115803805,0.36,0.1830545402,0.8775806236,0.0009600749,0.000416813,0.333,0.281,59.5671972849899,16.4593571445367
"36065",0.0604342575,0.000744086,11.483870968,62.99,0.0735712507,0.0262302105,9208.81,8,0.1474766642,4.0671216634,3.9194692211,0.174450302,0.1144020738,0.1174119278,0.372,0.1907330594,0.7113820792,0.001309738,0.0010048482,0.326,0.254,65.1773498659845,9.7622462354338
"36067",0.058138013,0.0009520496,10.459737482,44.04,0.0705702239,0.0249726508,8750,8,0.1382114444,3.3548976205,3.923307642,0.1907416698,0.1047130922,0.1159520732,0.323,0.1636809969,0.9047290729,0.001920136,0.0016360669,0.296,0.218,67.1488744722362,10.5499293226019
"36069",0.0565834669,0.0008397149,9.5837022298,61.36,0.0674906113,0.0266610241,8066.46,8.5,0.1151011431,3.3170281702,3.5259674795,0.2008667092,0.0979169878,0.1068222542,0.331,0.1540101816,0.8303731087,0.0016316188,0.0009115189,0.324,0.223,94.197437829691,13.673821620439
"36071",0.0647626722,0.0007308412,7.2819325984,59.94,0.0813849142,0.0277632527,10325.26,8.7,0.1423738466,3.7666171191,3.8269033354,0.2014372677,0.1091260281,0.1116569176,0.381,0.170950749,0.8402738102,0.0018293056,0.0005955879,0.31,0.268,27.715109854222,7.41423320940972
"36073",0.0700917318,7.21466e-05,12.745899668,66.34,0.0828490169,0.0344433001,10123.7,8,0.1438989219,3.9966027,3.9683519858,0.1885431776,0.1156988508,0.1200801687,0.364,0.1779789141,0.7192593802,0.0004287348,0.0002620046,0.361,0.314,76.8541052901243,8.8061995644934
"36075",0.0648094291,0.0003662211,9.6549198475,57.14,0.0783810273,0.0275498459,9718.85,8,0.1517464373,4.0941140995,4.196585051,0.1865111546,0.1166925038,0.1219776692,0.364,0.1935685168,0.6047875259,0.0010420716,0.000545847,0.328,0.256,64.7139532170889,16.1090527321509
"36077",0.0637400126,0.0011544297,12.533808299,56.89,0.0733738724,0.031580956,8160.24,7.8,0.1458096907,3.7375193545,4.0448833998,0.1963370694,0.1104241954,0.1197999595,0.329,0.1786476881,0.6113493631,0.0016031933,0.0025356629,0.29,0.23,67.0842016705066,12.097151120911
"36079",0.0550903269,0.0004947396,7.3706104481,48.96,0.0645332561,0.0289563827,9916.14,9.3,0.1091831572,3.2186490651,3.419295375,0.2123669581,0.0908205585,0.0985016505,0.32,0.1299262217,0.7914451911,0.0026335099,0.0004422688,0.231,0.205,23.5350285278167,7.73293794485406
"36081",0.12944334,0.0006438236,4.659812325,43.67,0.1603074002,0.0305153904,9990.29,8.7,0.1734158946,3.8446658306,3.4578293426,0.1544233053,0.1156496961,0.1059763801,0.397,0.1300153069,0.9549580808,0.0012599178,0.0004746767,0.24,0.276,19.8032996157731,6.21980890459299
"36083",0.0519412021,0.0005241286,8.6730810028,54.03,0.0620844365,0.0220885925,9047.96,8.3,0.1199242472,3.5394883842,3.6508537685,0.2100870595,0.1012175425,0.1090923152,0.347,0.1661755235,0.7047086791,0.0014082391,0.0005820722,0.311,0.224,49.3636874882839,12.7054216741997
"36085",0.0642485129,0.000969323,4.4883870886,44.15,0.078446522,0.0250513121,10587.68,9.1,0.1410340191,3.6680691344,3.4332587151,0.1705004745,0.1061187791,0.1053972026,0.372,0.1681660897,0.9851556333,0.0018340133,0.0008240383,0.28,0.276,19.3138050864837,6.67204175714892
"36087",0.0750406397,0.0009048053,9.968193794,41.7,0.0970284231,0.0314437177,10401.61,8.8,0.14568805,3.2849830285,3.5675180098,0.1714469355,0.1024176802,0.1094543558,0.37,0.1350914475,0.94018679,0.0022848956,0.0004106637,0.237,0.249,20.7846353422758,6.04085460686835
"36089",0.067688301,0.0005044727,10.990297909,59.76,0.0819323225,0.0303960438,8634.11,7.6,0.1435324445,4.0630346796,3.9868863701,0.2062469232,0.1191782315,0.1213195544,0.335,0.1759124325,0.6069195312,0.0014631957,0.0008617594,0.332,0.282,27.9745521815639,9.92645399990976
"36091",0.0492062222,0.0007071854,7.8232389977,41.98,0.0593531724,0.020688127,8851.26,8.8,0.097593204,3.0414613311,3.4474019963,0.2148318243,0.0903656491,0.1011403896,0.334,0.1287153354,0.868683603,0.0013293556,0.0006224408,0.264,0.201,37.1559206927515,12.0904186381176
"36093",0.0568939126,0.0007891128,8.2792165791,42.06,0.0680432916,0.0263656185,7935.88,8.1,0.1194632187,3.4652646077,3.8871379835,0.2047055999,0.1034382677,0.1120321608,0.359,0.1628210665,0.8919968719,0.0018171895,0.0008796995,0.286,0.221,60.0139387212514,12.0458084888533
"36095",0.0619380619,0.0002553463,8.9371209703,54.75,0.07297593,0.0282131661,8175.96,8.2,0.1245513425,3.5235875572,3.7882097424,0.1949612246,0.1038843367,0.1128803886,0.33,0.1493767268,0.4589453113,0.00091871,0.0003167966,0.353,0.259,26.5356161039347,15.9213696623608
"36097",0.0650642354,0.0008248103,11.547344111,101.67,0.0763712314,0.0307818033,9996.59,8.3,0.1330432281,3.7159286454,3.820278956,0.1835849084,0.1086858538,0.1157519656,0.337,0.1609237424,0.5495284305,0.001461118,0.0004870393,0.326,0.246,45.6504272879994,9.13008545759988
"36099",0.0693953559,0.0002296673,11.770447564,65.67,0.0821481748,0.0337734538,8765.03,8.1,0.1372513299,3.6971289499,3.7663201749,0.2038729918,0.1072539847,0.112929785,0.345,0.1752684222,0.6813707413,0.0014906547,0.0005446623,0.367,0.285,102.398223821463,16.2688766819148
"36101",0.05908782,0.0006043163,11.574192623,56.86,0.0701561318,0.0300205192,8043.13,8.1,0.1441897716,3.9489261503,3.8765245777,0.1913753986,0.1125283611,0.117457289,0.316,0.1749763616,0.4665218709,0.0014635039,0.0007724048,0.323,0.248,41.3018619971669,12.2881572884133
"36103",0.0693884948,0.0007398839,6.5397476137,53.57,0.0849905308,0.0272081665,10725.52,9.4,0.1142788484,3.0658526415,3.5163447885,0.2042433915,0.095251752,0.1022328841,0.374,0.1403381728,0.9448970436,0.0022182774,0.0007072672,0.241,0.243,40.2922925647378,9.45045493378233
"36105",0.0878188861,0.0003873018,11.485502891,48.65,0.1072758037,0.0347678094,9715.57,8.2,0.1537983915,3.8015569777,3.859714137,0.1706230396,0.113216532,0.1174170323,0.358,0.185865553,0.6226159619,0.0013036093,0.0002765232,0.324,0.267,25.2636057813767,15.0695192380142
"36107",0.0543011153,0.0003033183,13.548217499,57.45,0.065318976,0.0254139733,8869.07,8.7,0.1187407995,3.5740316963,3.703419201,0.2036327127,0.101043015,0.1097896564,0.337,0.1551777239,0.7075794621,0.0012432324,0.0004611991,0.33,0.264,43.219005557694,12.1553453131014
"36109",0.0640400329,0.000924461,10.197663115,26.39,0.0718608051,0.0347618172,7043.59,7.7,0.1334917507,3.6481462393,3.840233294,0.1937003927,0.1100339356,0.1149109409,0.346,0.1629978575,0.7845496436,0.002846472,0.0009838477,0.245,0.172,51.5122993564142,8.26740606954796
"36111",0.0753572059,0.0007216489,9.2149014949,59.1,0.0900837414,0.027904676,9238.35,8.1,0.1195803779,3.3404184182,3.6309483896,0.1933493198,0.1020212508,0.1099784388,0.356,0.1585798118,0.8019595272,0.0029648923,0.0003934717,0.28,0.212,44.8303393953091,12.7822042077534
"36113",0.0582828657,0.0011748701,13.29458323,42.65,0.0681771842,0.0277864502,8490.83,8.4,0.1170816443,3.3007010138,3.6989932976,0.2034006484,0.0982275783,0.1093039765,0.334,0.153223059,0.9506749661,0.0029242916,0.001754575,0.297,0.199,75.6842473793686,12.3566118170398
"36115",0.0620888158,0.000305319,10.445122931,45.5,0.073962964,0.0271019891,8668.37,8.3,0.1294365996,3.8496970676,3.8358029825,0.1964552428,0.1085595905,0.1130215675,0.347,0.1615523374,0.6240983295,0.0010902328,0.0004489194,0.348,0.244,65.9864164547591,11.2659735410564
"36117",0.0637054663,0.0002843208,10.826061282,80.1,0.0751567258,0.0325915291,10046.85,8.5,0.1247921421,3.7668280366,3.8089527158,0.1908538828,0.1063919479,0.1126893774,0.347,0.1672361383,0.6451606023,0.0007930386,0.0003693605,0.364,0.294,68.539346324213,10.5725587415009
"36119",0.0822462906,0.0013734182,8.4084736111,43.26,0.1030985377,0.0280701907,9702.83,9.2,0.1361420866,2.899143204,3.2254202351,0.1795408172,0.0939151656,0.1006161412,0.377,0.1177740252,0.9895428679,0.0031851652,0.000635388,0.207,0.209,37.4883874931077,6.77253715660158
"36121",0.0602932134,0.0004388852,16.336283617,79.74,0.0704121794,0.031272905,8564.18,8.2,0.1262012469,3.546507511,3.7208735376,0.2133603478,0.1033925897,0.1101664905,0.351,0.1677536578,0.5875934053,0.0014810139,0.0003884627,0.358,0.246,46.3444776896058,15.4481592298686
"36123",0.0964535335,0.0004790802,14.771638454,40.88,0.1031272727,0.0789518462,6376.68,8.7,0.1306010964,3.7188807657,3.92151687,0.1805498149,0.1116654681,0.1187067128,0.33,0.1687088678,0.5130187786,0.0008330689,0.0004363694,0.297,0.294,121.044440601764,15.9619042551776
"37001",0.1414413293,0.0004801739,10.488008289,49.63,0.1790759586,0.0450948306,9124.72,7.1,0.1870540203,3.9873985188,3.857657683,0.1524091858,0.1237685771,0.1209464174,0.332,0.1925290741,0.8438308487,0.0011361302,0.0005455993,0.32,0.241,63.5348153902009,12.2425890120653
"37003",0.1170680991,0.0001875419,16.075016745,46.61,0.142931075,0.0468574285,9301.72,8,0.1715912531,3.9837044797,3.81038196,0.1522934989,0.1211118627,0.1181040918,0.293,0.1851066014,0.2190440346,0.0003744116,0.0003209243,0.309,0.288,69.5528110927817,20.5091622453074
"37005",0.1821570577,0.001199594,14.764233644,68.01,0.2131014304,0.0853174603,9731.58,8.2,0.1813160024,4.193420224,3.9636047193,0.138946289,0.1308705083,0.1250544779,0.298,0.1858755688,0.7267593008,0.0019303245,0.0004596011,0.287,0.252,58.3466404618597,15.3543790689105
"37007",0.1367143845,0.0004270352,11.258201017,60.03,0.1701742967,0.0452020686,9516.56,6.3,0.239974703,4.5603277292,4.0230781031,0.1306731887,0.1449085939,0.1311455552,0.379,0.2186841916,0.0593364999,0.0007374345,0.0001940617,0.358,0.275,75.3520760796134,7.79504235306345
"37009",0.1733209229,0.0004811251,11.472982976,67.93,0.2074611532,0.0666017527,9610.44,8,0.1703233026,3.9995534223,3.8921285867,0.1454439969,0.1221696721,0.1203496228,0.299,0.1740788866,0.6318316777,0.001437735,0.00051611,0.285,0.246,155.421240902923,18.5025286789195
"37011",0.1759862779,0.0003391938,19.786307875,78.86,0.2052643221,0.0785791173,9968.03,8.3,0.1800812211,4.1003047993,3.8031390089,0.1597570485,0.1226937643,0.1168428731,0.302,0.1845538222,1,0.003263377,0.0006189163,0.294,0.251,69.8403110725207,18.8757597493299
"37013",0.1340262137,0.0004826761,13.011269438,42.56,0.1653537483,0.049689441,8358.08,7.3,0.1882371917,4.1371208886,3.8944999937,0.1384313126,0.1287876676,0.1221733284,0.323,0.1801799748,0.5536966854,0.0009456762,0.0005253756,0.356,0.256,64.4429189840434,20.3135288101876
"37015",0.1260946907,0.000247537,28.219218773,57.88,0.1526097165,0.0442666667,9906.17,6.3,0.2385994245,4.5948731447,4.035941951,0.124996211,0.1434923339,0.1302050892,0.386,0.2147103124,0.2903862419,0.0003978912,0.0005471004,0.379,0.273,56.5168968899084,54.8546352166758
"37017",0.1655883321,0.0002039746,13.695436797,80.41,0.2042264001,0.0600052521,11740.88,6.6,0.2319912332,4.6903173682,4.2403781307,0.1218930603,0.1505589942,0.1380001153,0.384,0.2099318022,0.3500710429,0.0005482298,0.0006636466,0.4,0.29,52.572140659683,15.576930565832
"37019",0.1468654948,0.0005131756,8.8787520873,45.34,0.1760220324,0.0523599512,9021.04,7.6,0.1637997388,3.8971320465,3.7453403076,0.1426817754,0.1169665541,0.1150691915,0.301,0.1640684461,0.7439752027,0.0007236864,0.0006311219,0.289,0.217,38.8002843545315,13.295202331273
"37021",0.1342829594,0.0014140249,13.310793197,33.74,0.1639705547,0.0416974243,8101.36,7.5,0.1619015301,3.8387103613,3.8274501436,0.1656471062,0.1164674876,0.1161873627,0.287,0.1626000957,0.9074555846,0.0044743533,0.0015087471,0.223,0.177,81.3366587479682,16.7148149854239
"37023",0.1539278733,0.0005290291,15.082956259,49.43,0.1895505158,0.0431767338,9252.2,6.8,0.1788869642,4.1976789992,3.7981922386,0.145624066,0.1260270542,0.1199754549,0.332,0.1790995737,0.5798684442,0.002145587,0.0004805221,0.325,0.247,50.1536423147029,20.2111692909997
"37025",0.1100268844,0.0009097285,10.876083797,55.94,0.1383401846,0.0460966961,9613.04,7.7,0.1582342378,3.8928341487,3.6736512632,0.1612188111,0.1134589986,0.1102374027,0.325,0.1711359629,0.7959283415,0.0022904379,0.0007391868,0.321,0.229,52.8406059733595,12.3633469104335
"37027",0.1511073306,0.0004551773,13.040215533,51.15,0.1879644144,0.0446083995,9620.4,6.4,0.1765376504,3.9813134617,3.9453007122,0.1503237858,0.1233568304,0.1222025342,0.337,0.1958599066,0.6564573824,0.0005031663,0.0003804428,0.337,0.237,52.0022930144951,22.1112112030137
"37029",0.1078800319,0.0001940052,10.670288098,57.19,0.1272129093,0.0590332805,9150.72,8.5,0.1387239607,3.3986165856,3.432156921,0.1691126949,0.1001602722,0.1027176234,0.306,0.1565809756,0.4849699399,0.0004839803,0,0.322,0.232,19.3186940562818,35.41760576985
"37031",0.1325474738,0.0008130199,14.373030967,43.89,0.1590576565,0.049641057,9306.48,7.6,0.1471121314,3.7032643845,3.6997910916,0.152562617,0.111737123,0.1118566143,0.293,0.1624826562,0.871097805,0.001089942,0.0008864862,0.279,0.237,75.0314648078226,23.2355503920999
"37033",0.1292560634,0.0001307702,15.692428403,58.37,0.1560797135,0.0514008383,9359.44,7.1,0.1885991596,3.9958653425,3.8093749393,0.1409630551,0.1262779589,0.1206557134,0.33,0.1860231982,0.4356844724,0.0001732952,0.000866476,0.312,0.25,79.7876198627653,72.5341998752412
"37035",0.1394715848,0.0006900733,14.381900733,35.21,0.1757947969,0.0448382591,8837.24,7.6,0.1582440894,3.8691992579,3.7867017167,0.1534251303,0.1151973902,0.1147335442,0.305,0.1795144491,0.6193912852,0.0017018908,0.0010612551,0.305,0.27,52.1404401683085,19.3112741364105
"37037",0.1508763306,0.0009023235,9.4461989623,31.15,0.1757499486,0.0832649152,8214.16,8.5,0.1599335045,3.6941614382,3.578060729,0.1502087563,0.1127513167,0.1112768192,0.288,0.161931294,0.6386268798,0.0007423797,0.0003493551,0.267,0.226,94.3979534523692,13.6877032505935
"37039",0.1503017285,0.0004783281,13.613952462,49.8,0.1808424463,0.0574965063,8211.88,7.8,0.1812615324,4.3601098739,4.0842447249,0.133268938,0.1304032853,0.1260561082,0.298,0.1772525862,0.9863722489,0.0011421834,0.0006632033,0.285,0.286,48.6475968087177,20.675228643705
"37041",0.1392416629,0.0006947339,15.978880089,49.4,0.1687360318,0.0597063622,8442.96,5.8,0.2078012991,4.3961875316,4.1142444357,0.1224542209,0.1374186377,0.1297992099,0.341,0.1857416487,0.4714391942,0.0006862476,0.0006176228,0.335,0.288,99.1949064568963,96.8880481672011
"37043",0.1508557782,0.0004671587,15.883397178,36.2,0.1765946231,0.0743589744,7867.48,8,0.1655346305,3.9378616012,3.9015429217,0.1354050102,0.1230085491,0.1222297109,0.296,0.1762178917,0.9366203835,0.0008505812,0.0009450903,0.287,0.265,99.3819683841113,96.2762818721078
"37045",0.1323053298,0.0005161077,18.889542625,44.22,0.1673195984,0.0387740363,9213.29,6.9,0.1732449705,4.0366824107,3.8774327096,0.1495255202,0.1250248241,0.1220891586,0.338,0.1985214778,0.6349130284,0.0009889159,0.0007210845,0.314,0.29,55.6511702204405,19.5809672997846
"37047",0.1531709106,0.0003174939,9.524817441,65.7,0.1908581614,0.0578525267,10886.27,7,0.2102140484,4.7551833909,4.2625036621,0.1331708753,0.1450230213,0.1324219466,0.338,0.2116116269,0.3941099521,0.0010886169,0.0005969835,0.371,0.267,29.3854906201514,11.7541962480606
"37049",0.1178199769,0.0007249809,11.309702178,32.74,0.1464637761,0.0462092334,9013.43,7,0.1811538964,3.8666985829,3.7269258199,0.1628261081,0.1162280749,0.113556581,0.318,0.1792562912,0.808927105,0.0017701655,0.0008515931,0.306,0.231,69.6839495706569,14.1294644290733
"37051",0.1077149202,0.0007411113,9.2021319302,52.12,0.1375134797,0.0370100488,9454.62,6,0.2050022593,4.3231590503,4.0703428311,0.1686416309,0.1302084752,0.1239595915,0.399,0.1879798464,0.8282352057,0.0024208772,0.0015107499,0.343,0.245,32.1295660564437,13.8136669350952
"37053",0.1224988257,0.0002375015,12.270910027,56.56,0.146870442,0.0552876335,9116.6,8.4,0.1410776342,3.5013084317,3.5453881091,0.1676717529,0.1047030483,0.107603946,0.298,0.1745034251,0.716014779,0.0003603459,8.00769e-05,0.278,0.237,39.448769198401,21.0393435724805
"37055",0.1466596895,0.0005888456,14.861340886,27.98,0.1720676537,0.068403455,7213.87,7.8,0.1380846168,3.492630971,3.5862374683,0.1708314653,0.1051514524,0.1070587613,0.279,0.1626741791,0.8947523585,0.0015382862,0.0007406563,0.237,0.227,39.3512662675324,19.6756331337662
"37057",0.1334827239,0.0002551299,10.569668696,57.86,0.1652165115,0.0495826813,9524.94,7.6,0.1802381308,3.9954645441,3.8653542235,0.1486958407,0.1208256316,0.1179570106,0.309,0.1947772151,0.7906162895,0.0007313862,0.0003352187,0.328,0.262,68.0685547587213,16.6119687208784
"37059",0.129668886,0.0004071564,10.538164922,42.82,0.1563149106,0.0586049474,9944.39,8.4,0.140858332,3.5589845126,3.6122877874,0.1594589664,0.1063850278,0.108722229,0.287,0.1606404841,0.6513094083,0.0004585606,0.0004344258,0.355,0.266,78.2747603833866,18.370607028754
"37061",0.2141588947,0.0002366504,10.649267229,45.36,0.2737563044,0.0703544576,9920.77,7.8,0.2465035993,4.7509422463,4.1445992697,0.1313096827,0.1542209792,0.1375492278,0.342,0.2029452189,0.3182121186,0.0004675863,0.0004341872,0.393,0.308,42.6942306611988,8.98825908656817
"37063",0.1374708041,0.0012194636,10.433557511,35.07,0.1683070608,0.0485782874,8572.06,6.8,0.1763848286,3.6659618582,3.6914096468,0.1761632221,0.1176691308,0.1163847337,0.329,0.1639871157,0.9064565917,0.0048054065,0.0016504788,0.262,0.192,57.0082429039156,8.09650142409696
"37065",0.1221032847,0.0003508772,12.742382271,63.73,0.1559231793,0.0348325208,9211.86,5.3,0.2604992469,5.0737055799,4.3292387112,0.1147249905,0.1583698711,0.1406112515,0.378,0.2290198177,0.353815957,0.0004186919,0.0003640799,0.366,0.288,46.1819816380441,8.00487681726098
"37067",0.1309736372,0.0010866649,10.893748018,46,0.1676672404,0.0398470159,9672.78,6.5,0.1777409764,3.6814834605,3.6807831493,0.1476838881,0.1185361501,0.1179320155,0.343,0.1903693736,0.8499044686,0.0022556926,0.0016288072,0.334,0.226,59.8646444112466,11.6654669623124
"37069",0.1413191058,0.0001412651,10.202479987,52.5,0.1746448547,0.0546561413,9809.68,7.7,0.1901665892,4.0435995928,3.878828888,0.1521844081,0.125366407,0.1205068357,0.326,0.1949936288,0.7547468615,0.0005727012,0.0001909004,0.347,0.28,53.3263625669847,13.5929943798196
"37071",0.1301137509,0.0006278052,14.102191696,49.54,0.1625970165,0.0442103599,10156.78,6.8,0.1867675205,4.3179608417,3.9027206159,0.1493246548,0.1286781448,0.119806632,0.362,0.1945823369,0.781557214,0.0017193443,0.0006820539,0.304,0.299,57.6742620032609,17.9257841361487
"37073",0.1108493092,0,9.622955122,69.99,0.1308451308,0.0536643973,9269.09,7.8,0.1778515624,3.8753305576,3.7798873894,0.1447957869,0.1187629395,0.1167852427,0.35,0.1840461521,0.2708862835,8.64528e-05,0.0002593585,0.354,0.29,43.5085276714236,43.5085276714236
"37075",0.1678490566,0.0002321263,13.927576602,60.87,0.2064315353,0.0669831224,8360,7.5,0.1887292765,4.4057991167,4.1884473273,0.1438466243,0.1361935881,0.1321845264,0.299,0.203722422,1,0.0005784359,0.0008098103,0.316,0.255,46.4792005577504,58.099000697188
"37077",0.1096741942,0.0004772131,12.612059856,52.98,0.1308139535,0.0518553758,9034.28,7.5,0.1734424633,3.9785681774,3.7341658717,0.1496931443,0.1208775504,0.1164147267,0.334,0.1881436024,0.485229321,0.0025470085,0.0005128205,0.331,0.264,53.9144746176329,14.7555404216679
"37079",0.1813401731,0.0001419514,8.0439102867,46.33,0.2211555556,0.081441048,9444.16,NA,0.2321636986,4.5213385675,3.9967101206,0.1424159391,0.1438110504,0.1291841149,0.368,0.2180602594,0.2848984178,0.0003792727,9.48182e-05,0.34,0.28,59.9416357756921,53.6319899045666
"37081",0.1317429675,0.0008056414,11.340803709,45.67,0.164695576,0.044846084,9012,6.6,0.1710433531,3.8320375878,3.8906616928,0.1572933306,0.1211155405,0.1181502948,0.334,0.1811364893,0.9395850993,0.0022455718,0.00088456,0.331,0.216,61.5712334039737,11.2182142537083
"37083",0.1337220603,0.0005909715,12.581973463,64.28,0.1684459077,0.0413675214,9876.2,5.3,0.2477456718,4.68381864,4.3091116148,0.1216010497,0.1485148876,0.1369217861,0.377,0.2190757466,0.6382768646,0.0010005664,0.000434208,0.38,0.305,62.9803043411878,10.8147997353555
"37085",0.1307849272,0.0002887467,7.8039644139,90.63,0.1727341825,0.0387804603,10800.21,7.5,0.189169189,4.109215281,3.8633856804,0.1681959009,0.1258863419,0.1209016943,0.35,0.2093701094,0.6287692496,0.0006789509,0.0005526345,0.336,0.297,44.5957473287925,14.2602680411837
"37087",0.1195326279,0.0007349502,16.369345894,50.08,0.1443418348,0.0425438596,9102.39,7.5,0.1623204351,4.0012838158,3.7970449493,0.1432779998,0.1175195172,0.11566659,0.273,0.1845419438,0.9089707975,0.0030939449,0.0004708177,0.292,0.238,86.6565567350476,16.109231700746
"37089",0.1457096728,0.0008610359,11.362123297,31.57,0.1780922683,0.0548502889,8772.05,8,0.1476026509,3.7475512481,3.7261181182,0.1598863288,0.1131908799,0.1115625068,0.291,0.146339312,0.8847105115,0.0014305122,0.0008816993,0.29,0.236,112.125864981524,21.892649099295
"37091",0.1269394322,0.0004961958,18.607343698,58.79,0.1587872158,0.0400330169,8928.94,5.8,0.2366356507,4.6937380217,4.058745969,0.124324161,0.1493548552,0.1322123774,0.376,0.2163205559,0.6715716081,0.0014809939,0.0009050518,0.405,0.338,41.3063832130859,13.768794404362
"37093",0.1661269499,0.0001329005,6.6450228779,79.36,0.2180761067,0.0533533599,11251.18,6.5,0.2294453416,4.6359479081,4.1672306376,0.1582897146,0.1446424918,0.1322300598,0.371,0.2241241563,0.7841838473,0.0009300343,0.0005231443,0.322,0.246,21.5812725333875,12.0601228863048
"37095",0.1578395385,0.0001809627,7.2385088672,24.27,0.1840916985,0.0831643002,7722.03,4.1,0.1784113972,3.817028895,3.5890713609,0.1530057728,0.1172056584,0.1116161975,0.339,0.1811579338,0.265232358,0.0001761804,0.0007047216,0.312,0.31,35.8873138345595,35.8873138345595
"37097",0.1179789725,0.0007064392,11.303027092,51.86,0.1460818657,0.0474393273,9949.22,7.9,0.1487817443,3.569791072,3.6701719403,0.1637855597,0.1085803859,0.1102917912,0.321,0.1619774561,0.7330732515,0.0014939253,0.0008699565,0.297,0.223,48.2867052567734,12.9549697030368
"37099",0.1811978772,0.0009208773,13.086150491,50.55,0.2150886942,0.0702235633,8329.91,6.9,0.1788420819,4.1228329062,4.0551257363,0.1744585702,0.1284858918,0.1269701689,0.293,0.1923122724,0.9109284597,0.0052707352,0.0010980698,0.29,0.267,42.5747266782877,20.0824182444753
"37101",0.1370561528,0.0003016266,8.3485942045,75.48,0.176596725,0.0473377473,10647.26,8.3,0.1770787651,4.0673629991,3.7283748889,0.1567175072,0.1223301527,0.1157014397,0.338,0.1721114053,0.709085849,0.0007386054,0.0004905662,0.33,0.265,31.5111193071851,12.8909124438484
"37103",0.1469524793,0.0004993508,6.9909118146,46.57,0.172647258,0.0681701691,9327.04,7.3,0.2043086474,4.2865157427,4.0075897152,0.1323091611,0.1330144551,0.1264113068,0.326,0.193924647,0.6114448931,0.0002977372,0.0008932116,0.345,0.283,76.8357052181466,66.8136567114318
"37105",0.1580406097,0.0005531344,15.085484412,68.29,0.1984938903,0.063280437,9436.89,7.7,0.1925418913,3.9798120939,3.8988945489,0.1471872009,0.1258595081,0.1212499616,0.361,0.1791943196,0.6585732555,0.0015755422,0.0007039657,0.31,0.243,50.8556036168952,15.6478780359678
"37107",0.1477838804,0.0004818779,14.972636217,60.53,0.1870455276,0.0441242015,9561.77,6.4,0.2375987488,4.465895976,4.286365328,0.1273731107,0.1435682112,0.134916029,0.353,0.2109554898,0.5453735608,0.0009575105,0.0006668377,0.347,0.28,77.6317151433599,10.9259450942507
"37109",0.135886075,0.0004319121,12.710557167,57.35,0.1684197896,0.0458019405,10461.58,8.1,0.1559738348,3.7550959009,3.7136785774,0.17318511,0.1118770329,0.1118875955,0.308,0.1817206258,0.6345620648,0.0004008568,0.0003131694,0.314,0.215,45.8617042374562,13.6345607192437
"37111",0.1262748634,0.0003556425,16.226188624,51.12,0.1551482561,0.0441376425,9037.02,7.9,0.1874963205,4.3122509834,3.984316086,0.1519253426,0.1286920352,0.1235397732,0.321,0.1936801829,0.7626900169,0.0012898921,0.0006671856,0.363,0.315,64.4306037962215,18.5145413207533
"37113",0.1768363622,0.0007309728,17.543346686,39.64,0.2115291458,0.0787635607,8028.16,7.9,0.1774828494,3.869637241,3.9540065277,0.1437216093,0.1215389244,0.1210985229,0.291,0.166008024,1,0.0014169742,0.0003247232,0.304,0.254,92.7263499004412,24.4016710264319
"37115",0.1225626741,0.0004730593,10.88036331,36.1,0.1471991962,0.0484148439,8347.64,7.6,0.1684522509,4.1393542754,3.8414783832,0.1585204193,0.1218012025,0.1187178563,0.297,0.1813889971,0.3988152572,0.0013234391,0.0005199225,0.295,0.254,77.0004400025143,15.7143755107172
"37117",0.123366641,0.0004281372,15.412938305,69.63,0.1502762431,0.0466543892,9073.37,6.8,0.2227146149,4.5231917125,4.1570275118,0.1291921603,0.1389409335,0.1295356171,0.35,0.2006959665,0.5328300347,0.0007248231,0.0003837299,0.398,0.271,94.3086178071817,18.5759398711116
"37119",0.1287447992,0.0008693802,9.2063399963,37.88,0.1621088931,0.0425443714,9026.38,7.3,0.1619684633,3.5544458551,3.5415427808,0.1829306275,0.1104100727,0.1094166126,0.331,0.1503622112,0.8949488271,0.0021885577,0.0009570002,0.261,0.176,27.9547204463469,10.3500176047028
"37121",0.144709363,0.0007215007,21.645021645,54.92,0.1741470117,0.0537190083,9179.29,NA,0.1587321419,3.9495269156,3.8637532527,0.1509222687,0.1184809195,0.1176192245,0.295,0.1719376558,1,0.0006531252,0.0010450003,0.298,0.227,80.9929295361513,28.4569752424315
"37123",0.1701062286,0.0002904022,9.8010744882,62.64,0.2148196721,0.0610153703,10670.17,7.8,0.2257773201,4.6157989146,4.147800338,0.1360873504,0.1447519733,0.1329978379,0.32,0.2021358381,0.7725735664,0.0009855813,0.0004015331,0.316,0.311,67.9933463653914,9.71333519505591
"37125",0.1246673204,0.0010386637,12.400373071,44.79,0.1520535749,0.0554048818,9249.89,7.9,0.1505887258,3.6670696151,3.7397844204,0.1482919042,0.1113388565,0.1138490518,0.3,0.1609344895,0.6948338187,0.0019446265,0.0010206603,0.277,0.247,88.2752776257481,14.4771455306227
"37127",0.1243083443,0.0005962585,11.818694833,54.85,0.1557693343,0.0419899589,9492.1,6.6,0.2012788538,4.1494189544,3.911031651,0.1379631618,0.1280803409,0.1226390316,0.35,0.196123565,0.63235601,0.0009644224,0.0007206673,0.367,0.247,74.3939549597741,11.6904786365359
"37129",0.1238695441,0.0008849236,10.301418601,35.31,0.1503997674,0.0396594779,9393.68,7.1,0.148537508,3.8084481944,3.7020497449,0.2000498514,0.1157067787,0.1155448767,0.305,0.1679780961,0.859952533,0.0033056246,0.0014701939,0.241,0.185,61.350715531123,15.1483248224995
"37131",0.1266733267,9.79144e-05,15.176735533,67.45,0.1544312754,0.0435446906,10454.13,5.6,0.2561572602,4.9094927494,4.278680582,0.1067863953,0.1565144931,0.1398423357,0.358,0.2178419828,0.195257704,0.0004886869,0.0001954748,0.345,0.277,75.5473073954245,73.9049746259587
"37133",0.0977962929,0.0003327769,6.8702331049,51.25,0.1270136927,0.0302759538,9841.89,7,0.1778990174,3.8988804054,3.7908881342,0.2067270337,0.1190619193,0.1151587668,0.343,0.2067019357,0.6068559728,0.001705857,0.0007676356,0.279,0.247,21.0325184123657,19.2501015977584
"37135",0.1040702973,0.0018747259,10.54091147,23.46,0.1234116266,0.048864464,7579.21,7.4,0.1479913698,3.4913383015,3.4733714148,0.1678758771,0.106645926,0.1075433586,0.297,0.1560538935,0.8528785286,0.0056402222,0.0018871956,0.248,0.195,43.2041929315107,8.26309700875888
"37137",0.1323800738,0.0004694468,11.736170879,39.2,0.1505634861,0.0757363254,8527.81,7.8,0.1633428162,3.8520015227,3.7323165376,0.1402908853,0.1172149553,0.1144857059,0.311,0.1644590616,0.3087340231,0.00038616,0.00038616,0.331,0.301,88.1971465629053,33.7224383916991
"37139",0.1192689965,0.0007783273,14.562253634,56.03,0.1486175115,0.0441388488,8509.48,5.9,0.2007749092,4.2174527386,3.93678632,0.1513883438,0.1284944945,0.1215065146,0.346,0.1907601975,0.6855955338,0.0016085656,0.001080755,0.389,0.271,55.2393706059592,17.5761633746234
"37141",0.1439780474,0.0003124403,10.93541164,47.45,0.1775066157,0.0560775765,9374.85,7.7,0.1632375113,3.7211061201,3.7487793136,0.1585029267,0.1165941844,0.1163408097,0.324,0.1748935698,0.6437941667,0.0006577778,0.0003377778,0.308,0.242,51.4596619851866,21.9715410723268
"37143",0.1244119708,0.0002232143,12.648809524,48.41,0.149255751,0.0562659847,8323.82,7.5,0.1896931913,4.40586578,4.0556566819,0.1255624604,0.1345572637,0.1278907643,0.318,0.1819258407,0,0.0003713055,0.0002227833,0.329,0.251,77.0358589498273,82.0059143659452
"37145",0.117378953,0.000382078,15.283119794,62.09,0.1443124657,0.0434831842,9365.25,7.1,0.185385083,4.0990970929,3.9437825552,0.1452100804,0.1255713979,0.1221073266,0.335,0.1933983168,0.5785779445,0.0008432996,0.0006133088,0.309,0.259,93.4777990227321,16.9959634586786
"37147",0.1245184591,0.0010065855,9.8383776345,43.78,0.1541791393,0.0400420441,8876.62,6.6,0.2119417992,4.3706553588,4.0678571559,0.1560079014,0.1376805084,0.1286198283,0.347,0.2171710298,0.6102719033,0.0030281602,0.0014085792,0.335,0.251,44.0940471143947,11.1654454066493
"37149",0.1357634113,0.0005401159,24.550721791,37.62,0.1565939022,0.0715451578,8080.31,8.5,0.1440974145,3.5456979834,3.5515252311,0.1415898763,0.1062981584,0.1084041669,0.284,0.1469651926,0.8166747928,0.0018666798,0.0005894778,0.293,0.258,132.662921532339,36.0319046137216
"37151",0.1608612351,0.0004411796,11.484674262,58.61,0.2003613896,0.0594183107,9574.45,7.6,0.1821002343,3.8329912621,3.8143101849,0.1540457256,0.1209787985,0.1202494864,0.314,0.1773977789,0.7312277781,0.0008264579,0.0004622561,0.337,0.282,67.6001706321548,17.9490108230204
"37153",0.1524964066,0.0004181614,14.96577679,94.06,0.1940663308,0.047027425,10475.1,6.3,0.2267743722,4.689064952,4.196893735,0.1367294305,0.147514909,0.1357671198,0.348,0.2188877792,0.5986191814,0.0010933024,0.0002842586,0.382,0.316,49.2252532896429,13.9594001866151
"37155",0.1962445594,0.0004023935,11.177597115,96.49,0.2595324224,0.0521895959,10711.38,6.3,0.304653308,5.5585655964,4.8762271794,0.1305967462,0.1879375436,0.1663530866,0.396,0.2680776838,0.4053798223,0.0013431285,0.0006975364,0.378,0.298,30.3337709352747,12.1832358674464
"37157",0.131988185,0.0003814381,14.494648968,64.36,0.1615971645,0.0474731237,9001.34,6.6,0.1889319046,4.2511509106,4.025184933,0.1530994788,0.1297524004,0.1241107251,0.335,0.1938021367,0.7042277586,0.0010251265,0.0004471296,0.353,0.29,62.9441107234207,16.3727455638955
"37159",0.138536281,0.0004168404,14.805019333,55.91,0.1743434368,0.045730198,9466.54,7,0.1792344994,3.8846987124,3.7245863276,0.1461565895,0.1221992019,0.1184099194,0.323,0.1842566252,0.805263386,0.0018394287,0.0006708505,0.334,0.267,78.0455105876157,20.3492895703906
"37161",0.1322921627,0.0005121253,20.936888086,45.61,0.1660563235,0.0391589107,8780.15,6.8,0.1993014687,4.5769967183,4.1533115795,0.1390650268,0.1396556328,0.1298332282,0.307,0.1991652946,0.5787199528,0.0012012012,0.0005555556,0.297,0.242,70.7082357542964,21.0620276714925
"37163",0.1879203607,0.0004237022,14.437260687,69.02,0.2366434928,0.0730907291,9945.14,7.6,0.2366972133,4.5683136352,4.0777490484,0.1350491091,0.1471912902,0.133840694,0.347,0.2127386931,0.4042975832,0.0003278689,0.0003434817,0.323,0.291,51.3363157288185,11.0006390847468
"37165",0.1473451327,0.0006477231,14.925793461,67.93,0.1881234658,0.0508534851,9589.24,5.4,0.2553107614,5.1283176212,4.5078860242,0.1342037664,0.1643957823,0.1473668364,0.372,0.2557200845,0.6635506264,0.0012930065,0.0008432651,0.356,0.278,29.1547931420403,10.3452491794336
"37167",0.1280153792,0.000444708,17.294199032,57.81,0.1584242356,0.0469975805,9655.64,7.8,0.1549112181,3.6824185857,3.7522131384,0.1620186488,0.1146392291,0.115632171,0.302,0.1872074275,0.6691920442,0.0019471947,0.0003960396,0.286,0.245,59.3064440844568,17.0231459872052
"37169",0.1277100636,0.0002588941,10.140018554,68.25,0.1549315849,0.0451545312,11622.98,7.7,0.1606667433,3.8279436007,3.8693124613,0.1564937699,0.1157492765,0.1172764455,0.304,0.1781557952,0.729267315,0.0002585148,0.000452401,0.304,0.269,60.4895331504245,27.3643126156682
"37171",0.1592734292,0.0005636281,14.159438022,68.9,0.1958396991,0.0612593905,10451.39,8,0.1947093939,4.1621321205,4.0801418618,0.1411343094,0.1304487829,0.1267537676,0.306,0.1929919186,0.574606708,0.0010141432,0.0010826664,0.32,0.306,93.6535918907008,23.4133979726752
"37173",0.1798226737,0.0009006512,11.777746986,72.33,0.220727101,0.0723506455,9624.22,7.6,0.2107526119,4.6767413403,4.4685489008,0.1546353926,0.146487368,0.1416297778,0.327,0.2230742277,0.9082326014,0.0018214936,0.001261034,0.29,0.246,55.7439494588192,88.261253309797
"37175",0.1371073014,0.0007527626,19.571828611,30.91,0.1626126892,0.0559170037,8235.29,8.3,0.1473361569,3.6115019466,3.7011545295,0.1368198367,0.1119964892,0.1135960537,0.278,0.1581910781,0.8126624358,0.00154335,0.0003026176,0.268,0.244,111.291583949949,26.0682989432313
"37177",0.192026335,0,19.656019656,64.27,0.23138833,0.0866141732,8611.59,6.7,0.212295626,4.5496645741,3.90469744,0.1374858047,0.1381147689,0.1238178517,0.349,0.1985420654,0.3303834808,0,0,0.345,0.253,48.6775920817784,48.6775920817784
"37179",0.1133797299,0.0006060824,7.2729884799,43.86,0.1449779494,0.0487491393,9486.63,8.5,0.1411123199,3.4904141078,3.3396214925,0.1795769057,0.1037351469,0.1021187757,0.314,0.1557396278,0.6838920573,0.001070605,0.0004529483,0.307,0.224,27.6980937722708,9.88148210253984
"37181",0.1373348289,0.000359002,15.930712619,78.68,0.1757733338,0.0421571311,9629.28,6,0.2339826379,4.6169808524,4.1482047713,0.124464026,0.1472059537,0.1352851031,0.367,0.2126593401,0.6897758795,0.0015914287,0.0008965795,0.363,0.296,83.9416605459206,14.989582240343
"37183",0.09743604,0.0008553034,9.6465722448,39.37,0.1217870937,0.0381620883,8986.27,7.9,0.1302210779,3.2391406572,3.1243837479,0.1757563374,0.0997129377,0.0997471511,0.303,0.1382042105,0.9129094233,0.0023921313,0.0008441049,0.24,0.154,43.5224518516588,9.34950874358239
"37185",0.167695962,9.9231e-05,14.388489209,72.62,0.2022451566,0.0667353775,8821.28,6.1,0.2435657107,4.816165994,4.2822977421,0.1197181223,0.1508318819,0.1363552241,0.363,0.2164414253,0.3941445737,0.0004942909,9.88582e-05,0.375,0.296,69.6598278407112,69.6598278407112
"37187",0.1381688963,0.0002422285,20.993136859,63.77,0.1711252654,0.0469395419,9312.91,5.5,0.2306095124,4.5767885332,4.1737105897,0.1142833272,0.1451300938,0.1346969471,0.35,0.20345213,0.5791502873,0.0008750994,0.000318218,0.352,0.287,64.6029609690444,69.9865410497981
"37189",0.1319911638,0.0007938608,14.743129324,44.37,0.1500728952,0.0489010989,9439.49,7.2,0.1841699848,4.3057754473,4.0904065864,0.1992446088,0.136152521,0.1304426209,0.307,0.200977225,0.9656610349,0.0038242009,0.0007229833,0.22,0.179,33.8795894295681,12.5479960850252
"37191",0.1375150784,0.0004914124,13.292301743,42.83,0.1726606975,0.0512193532,9212.03,6.5,0.2281832516,4.5154471444,4.1448538295,0.1389939459,0.1380900229,0.1281325626,0.339,0.2089054759,0.485006891,0.0016471685,0.0008115318,0.346,0.282,45.8767284258648,10.4631135006358
"37193",0.1590253108,0.0004233453,14.890076202,74.68,0.1956087326,0.056483799,10107.41,7.5,0.1957905727,4.588329763,4.0451725006,0.1526974528,0.1398877879,0.1283639901,0.312,0.2069405922,0.5523218921,0.0013945786,0.0005374938,0.332,0.302,69.3905279503106,19.8951863354037
"37195",0.1498272949,0.0004527988,11.748292826,59.37,0.1868430892,0.0565664757,9877.71,6.7,0.2201993189,4.4573011338,4.0652794266,0.1307326841,0.1382838085,0.12850536,0.339,0.2011123839,0.5407341753,0.0010319284,0.0008230857,0.317,0.262,82.9329672843743,11.0304931856064
"37197",0.1455419149,0.0002926699,15.697751763,68.39,0.1789064594,0.0561983471,11119.93,8.4,0.1772197232,3.9830332194,3.8812815093,0.1538325312,0.1240360323,0.1217877895,0.322,0.1874837819,0.5583762954,0.0005556732,0.0003439881,0.323,0.214,54.0258083943707,16.8277108113614
"37199",0.1353524726,0.0007960425,11.940637971,45.05,0.159106769,0.0645724258,8899.76,8.1,0.1756315638,4.2195618333,4.027832614,0.1443463245,0.1270491573,0.1235721212,0.285,0.1807643418,1,0.0015896446,0.0007380493,0.294,0.257,102.119934189376,18.9110989239585
"38001",0.1071633238,0.0042390844,12.717253073,100.79,0.1025248661,0.1244635193,10225.57,8.9,0.114000699,2.6889412822,2.8152985024,0.1922171535,0.0824239239,0.0859533126,0.29,0.1435858475,0.0213401622,0.0004194631,0.0016778523,0.315,0.235,14.1884222474461,0
"38003",0.0836290513,0.0008108839,27.029462114,50.29,0.0861320906,0.0793044953,8239.6,8.9,0.123394243,2.767381263,2.8045515063,0.2148750303,0.0821266168,0.0854657169,0.292,0.1622934393,0.6015723839,0.0002692032,0.0007178751,0.355,0.222,63.3121287949592,57.2824022430583
"38005",0.1629021218,0,5.9232933511,73.43,0.2025981205,0.1016731017,9487.15,6.7,0.2454422992,4.8148637383,4.3504916237,0.1961967737,0.1544552425,0.1419054341,0.358,0.2927521178,0.3402402402,0.0005853944,0.0005853944,0.322,0.272,4.920049200492,4.920049200492
"38007",0.112244898,0,21.367521368,NA,0.1081967213,0.1256830601,8622.35,7.3,0.121295769,2.7260103234,2.714587487,0.2214648293,0.083157488,0.0829801384,0.297,0.1594683037,0.2630906769,0,0,0.301,0.221,0,36.0880548538434
"38009",0.1146897093,0.0002977963,29.779630733,54.9,0.1146061269,0.1172922252,8059.84,8.4,0.106780656,2.7277253066,2.7212148865,0.2121340923,0.0828527673,0.0849066022,0.281,0.1536872738,0.5493855965,0,0.0001503759,0.342,0.304,55.1516670844823,40.110303334169
"38011",0.1038088125,0.0003035823,21.250758956,72.75,0.1012861736,0.1159250585,7814.56,9.6,0.1082263209,2.5385946614,2.6260553473,0.2295971677,0.0758687315,0.0795982064,0.252,0.1402516945,0.7102507141,0,0.0012319064,0.295,0.263,51.114291555919,0
"38013",0.1098958333,0,38.994800693,38.37,0.1075110457,0.1199324324,7907.77,6.5,0.139097431,3.2466746226,3.0979430441,0.2106306145,0.0975549015,0.0955487814,0.299,0.1785283363,0.0045731707,0,0.0004454343,0.348,0.245,14.8126203525404,14.8126203525404
"38015",0.0642056038,0.0009893431,16.238130572,37.52,0.0683001915,0.0559136835,8168.47,9.3,0.1123938928,2.6430431074,2.798411428,0.219724284,0.079157479,0.0830383444,0.276,0.1552441287,0.7904880209,0.0020330818,0.0016795023,0.301,0.191,27.6997348739662,17.9868408272508
"38017",0.0755762861,0.0010261673,10.436587527,38.05,0.0824630506,0.058557865,8385.88,8.9,0.1123340278,2.5651633349,2.8193155798,0.2587586671,0.07842491,0.0856028137,0.278,0.1547746281,0.8077621547,0.0023651986,0.0013712164,0.311,0.168,33.2836349622202,15.9605734906553
"38019",0.1046099291,0.000261233,26.123301985,69.77,0.1021611002,0.1136919315,8060.2,9.3,0.1208974634,2.5150273558,2.7346841338,0.2108594117,0.0772883175,0.081359832,0.268,0.138059999,0.535687453,0.0002594034,0.0007782101,0.346,0.291,43.4404865334492,0
"38021",0.0995382247,0.0005877743,39.184952978,62,0.0996323529,0.1027508091,9563.87,9.5,0.1133703673,2.72264784,2.8202572036,0.2069780799,0.0832869923,0.0857959279,0.278,0.144737566,0.4097182832,0.0005825243,0.0031067961,0.335,0.271,78.3392087739914,0
"38023",0.0860892388,0.0004081633,44.897959184,49.67,0.0811006517,0.0987202925,9547.64,8.9,0.1226945072,2.7889639938,2.8106869085,0.2112176989,0.0848770115,0.0870235915,0.301,0.151827601,0.536938677,0,0.0012335526,0.293,0.292,109.664153529815,109.664153529815
"38025",0.1257737064,0,21.52389152,36.94,0.1233941853,0.1348713398,7037.85,8.6,0.1265010109,2.9628229,2.8891032421,0.243732333,0.0889824571,0.0886663909,0.284,0.1798437025,0.3093891403,0,0.0009092976,0.358,0.198,44.7393930355678,44.7393930355678
"38027",0.1087562744,0,21.141649049,56.07,0.106167057,0.1275415896,7148.63,8.4,0.1332891369,3.0765671268,3.0679954431,0.1815824628,0.0953272002,0.0961412843,0.282,0.1653062109,0.6180293501,0,0,0.337,0.303,14.0845070422535,14.0845070422535
"38029",0.1211382114,0.0002939447,17.636684303,43.29,0.1203389831,0.1278911565,8611.61,8,0.1264353393,2.9890270795,2.9246412902,0.1902256292,0.0901975012,0.0904275636,0.285,0.1456385743,0.3630985915,0,0.0014611338,0.309,0.238,58.9970501474926,58.9970501474926
"38031",0.0839984797,0.0008939213,35.756853397,69.16,0.0815584416,0.0957446809,7602.24,9.2,0.11313064,2.6209093114,2.7794931704,0.2192872577,0.0817029706,0.0847183027,0.279,0.1491872151,0.6793299432,0,0.001189768,0.356,0.288,9.97904400758407,9.97904400758407
"38033",0.0948453608,0,32.520325203,NA,0.0934844193,0.099756691,7128.77,6.1,0.1470048639,3.2876410749,3.1018270596,0.1948012668,0.097312271,0.0957177558,0.265,0.1791013916,0.4779761905,0.0049315068,0.0010958904,0.348,0.23,18.2248952068526,0
"38035",0.0836330169,0.0013537143,11.844999718,49.17,0.0853217805,0.0806147209,9200.88,8.1,0.1298074026,3.0989579784,2.9277160905,0.2495191961,0.0925049151,0.0919616593,0.312,0.1708453124,0.8273432943,0.0025521116,0.0012831846,0.309,0.211,31.583363581082,11.3134436708354
"38037",0.1719378953,0.0004187605,8.3752093802,NA,0.1638954869,0.1939393939,8523.4,7.9,0.1358355351,3.0753166544,3.1194535314,0.1834225525,0.0949523925,0.0951930129,0.294,0.1578094873,0.2819548872,0.001270648,0.0021177467,0.344,0.337,14.0331181588549,14.0331181588549
"38039",0.1181485993,0.0004321521,47.53673293,80.51,0.1159183673,0.1319910515,10743.42,9.1,0.1144646021,2.7115420592,2.7939087912,0.1933090604,0.0815505667,0.0843779708,0.259,0.1392276029,0.4363636364,0,0.0025873221,0.316,0.288,14.4717800289436,14.4717800289436
"38041",0.1046690611,0,18.49112426,61.76,0.0963855422,0.125,8251.18,7.4,0.1183769099,2.6554611357,2.854027049,0.2046512299,0.0816053922,0.0866945145,0.283,0.1438942241,0.3742430359,0,0.0018796992,0.28,0.251,12.5109470786939,12.5109470786939
"38043",0.1142706688,0,16.549441456,46.97,0.1119030649,0.1278195489,6450.98,7.4,0.1182720082,2.7121736906,2.8010282362,0.2097017261,0.0844106097,0.0864661923,0.295,0.1550283408,0.0131416838,0,0.0004125413,0.36,0.312,13.7835975189524,13.7835975189524
"38045",0.1095360825,0.0002424242,29.090909091,45.62,0.1053345389,0.1237993597,8792.77,8.9,0.1182094451,2.6913039158,2.8526405079,0.1891349869,0.0842494578,0.0871786764,0.266,0.1427933522,0.265281469,0.0002410219,0.0002410219,0.337,0.264,88.8171174808236,64.5942672587808
"38047",0.1466192171,0.0005167959,20.671834625,37.43,0.1427125506,0.1609977324,7723.19,8.6,0.1123938017,2.7543652279,2.8236094695,0.1998076324,0.0831933856,0.0857500187,0.278,0.1415216192,0.0286432161,0,0,0.325,0.298,17.1821305841924,17.1821305841924
"38049",0.1066528067,0,15.080428954,57.22,0.1068814056,0.1079779917,8166.68,7.6,0.1225377815,2.7918980584,2.9317037447,0.2203528125,0.0854017217,0.0888273636,0.295,0.1552380997,0.0037071362,0,0.0006680027,0.331,0.286,27.9033428204699,27.9033428204699
"38051",0.1189473684,0.0007249003,36.24501631,73.27,0.1168923735,0.1278195489,8925.73,9,0.1229017081,2.7926500093,2.9349635693,0.1831690401,0.0874660789,0.0895084564,0.268,0.1404246039,0.3866144535,0,0.0021420921,0.311,0.284,12.1713729308666,12.1713729308666
"38053",0.1107594937,7.79666e-05,9.3559956339,71.27,0.108992496,0.1167036763,8104.13,8.2,0.1349468616,3.0873016577,2.9525416679,0.2593236909,0.0934844699,0.0919674791,0.312,0.1913507168,0.4306603774,9.09422e-05,0.0004547108,0.307,0.242,5.48802239113136,27.4401119556568
"38055",0.1032215648,0.0002052545,18.472906404,46.48,0.1021964059,0.1095581605,8902.61,8.2,0.1301246955,3.1218400834,3.0165340929,0.2008301411,0.0902600037,0.09038894,0.269,0.1605239707,0.4571524213,0,0.0010440593,0.33,0.231,55.0755567794568,41.3066675845926
"38057",0.0807765409,0.0005647803,25.979893821,37,0.0783289817,0.0893454372,9814.13,9.5,0.1120449401,2.689476448,2.7842249865,0.2260389482,0.0810250812,0.0832515863,0.312,0.1686733541,0.6597815764,0.000228676,0.0011433798,0.313,0.229,19.0164682615145,22.8197619138174
"38059",0.0823575639,0.0004618938,13.196964698,34.01,0.0862235585,0.0740533743,7952.46,9.1,0.1162503442,2.4675377064,2.8341746337,0.2334489537,0.0785688801,0.0856651305,0.32,0.1695852491,0.732517928,0.0001005969,0.0002011937,0.331,0.209,39.5861052770478,14.2949824611561
"38061",0.1378308586,0.0003871842,16.455328623,54.46,0.1388432222,0.1385849745,8870.35,9.4,0.1453128407,3.0204856675,3.1016878451,0.2605998823,0.0949225877,0.0961984507,0.325,0.2042908755,0.5753942395,0.0004089143,0.0010222858,0.394,0.272,49.415252841377,39.5322022731016
"38063",0.0926899188,0.0003369272,26.954177898,44.11,0.0880462725,0.1081560284,7833.62,7.2,0.1176604396,2.7346214375,2.7985988652,0.2012869739,0.0829099971,0.0851851944,0.268,0.1494488389,0.3134996801,0,0.0003284072,0.351,0.326,11.1445447453472,11.1445447453472
"38065",0.0814814815,0,32.502708559,NA,0.0777251185,0.0917225951,8388.79,8,0.113071514,2.6334883646,2.7716659664,0.2021805294,0.0816242525,0.0853308809,0.28,0.1512005258,0.3033586132,0,0.0005405405,0.339,0.242,0,17.9662234998203
"38067",0.0963084795,0.0002820477,32.435481596,88.13,0.0982874162,0.09479921,8445.93,8.7,0.1177389269,2.6793702613,2.7152134993,0.2035096448,0.081249045,0.0833392107,0.29,0.1463935188,0.4830702819,0.0001402918,0.0009820426,0.344,0.286,51.6723036452461,37.5798571965427
"38069",0.1134440614,0.0006957328,23.19109462,78.17,0.1175166297,0.106122449,8432.11,8.6,0.1373051226,3.0478235904,3.0403232426,0.1945145647,0.0945158243,0.0942523336,0.273,0.1706687809,0.6931374799,0,0.0013623978,0.333,0.252,92.4285604251714,92.4285604251714
"38071",0.0995415848,0.0008598452,17.196904557,48.43,0.1066891168,0.0848198034,8223.08,9,0.1256847224,2.8369704772,2.9529855978,0.2131005987,0.0873040906,0.0909530922,0.302,0.1836358504,0.1867085844,0.0039778623,0.0007782774,0.325,0.257,31.6628767162718,46.0550934054863
"38073",0.0872310571,0.0005506608,34.875183554,73.4,0.0859375,0.0934065934,8054.59,9.2,0.1247506004,2.8164919379,2.888531683,0.2090286534,0.0851916885,0.086921456,0.28,0.149206264,0.6413780465,0.000367242,0.001101726,0.317,0.249,67.4929439194993,61.3572217449994
"38075",0.0744834214,0,7.7790742902,NA,0.0711887173,0.0853462158,7261.18,8.7,0.1130260157,2.6610695249,2.7258743157,0.2246797751,0.0801860593,0.0831476639,0.287,0.1501620791,0.1113360324,0,0,0.326,0.223,0,12.9735339906591
"38077",0.0749608764,0.0005487136,24.996951591,40.55,0.0776377616,0.0706958691,7338.01,8.8,0.1177758451,2.7540055362,2.7851298929,0.2405556134,0.083584702,0.0859695673,0.286,0.1591210011,0.4223393174,0.0001217137,0.0003651412,0.327,0.248,42.6942078191392,40.6611503039421
"38079",0.1861132661,0.0002730562,7.509044986,102.8,0.2187615413,0.1329606708,9104.1,7.3,0.2779497375,5.4368510946,4.745068714,0.2177176993,0.1820392698,0.1622351811,0.413,0.3744417356,0.2098729999,0.0007525999,0.0009578544,0.392,0.285,31.8732355887442,25.0432565340133
"38081",0.0785854617,0,25.799793602,71.08,0.0766871166,0.0871165644,8903.17,9.5,0.1115539204,2.6718141161,2.8392070137,0.2255200375,0.0792716848,0.0828827638,0.274,0.1507213146,0.3995821363,0,0,0.373,0.263,42.7460032486962,42.7460032486962
"38083",0.1419354839,0,38.167938931,56.97,0.1391304348,0.1541501976,8499.86,7.2,0.133898683,3.0290925951,3.0551727095,0.1740942138,0.0935619142,0.0947000338,0.276,0.1527658801,0.3928841787,0,0.0007541478,0.36,0.307,25.2652854977261,0
"38085",0.1506779227,0,6.8649885584,73.55,0.1882153455,0.094619666,9297.05,5.4,0.3004638088,5.6502478259,4.8072637307,0.1963055046,0.1901660085,0.1646136073,0.406,0.3637838657,0.2145437033,0.0006784261,0.000452284,0.354,0.233,7.5409094336777,7.5409094336777
"38087",0.0904684976,0,13.037809648,NA,0.0919282511,0.0883977901,7717.38,7.4,0.1193627668,2.7536739732,2.8063244949,0.2097699616,0.0840886627,0.0858297619,0.272,0.1535014227,0,0,0,0.283,0.247,0,0
"38089",0.0770244754,0.0006220066,11.507121975,39.98,0.0834701288,0.0628550707,7363.71,9.5,0.1097610998,2.4374660303,2.7216444951,0.24988462,0.0773182603,0.0811894446,0.282,0.1596939402,0.6383734865,0.0013170025,0.0005926511,0.327,0.202,34.1424379834623,24.5398773006135
"38091",0.0983164983,0,10.224948875,NA,0.0958029197,0.1152941176,9765.22,7.9,0.1108180609,2.5858588735,2.7417950187,0.2050127236,0.0801865457,0.0834422878,0.277,0.1443437621,0.2718987342,0,0,0.33,0.28,17.0270730461434,17.0270730461434
"38093",0.0793012442,0.000758186,18.480784723,42.27,0.0819798256,0.0739492021,7803.77,8.8,0.1245703182,2.644515411,2.8932123114,0.2183367469,0.0831785727,0.0871136046,0.303,0.1661674477,0.7857819905,0.0027923707,0.0008519097,0.324,0.2,44.1919191919192,9.46969696969697
"38095",0.1267361111,0,39.612676056,73.93,0.1181229773,0.1505791506,9523.84,8.9,0.1447789398,3.2142242757,3.0829965533,0.1884180794,0.0974613549,0.0963229421,0.276,0.1723713876,0.5222617988,0.0025974026,0.0021645022,0.321,0.283,14.609203798393,0
"38097",0.0717481624,0.0002495633,31.195408036,52.08,0.0690423163,0.0812264658,8531.27,9.4,0.1182982916,2.7154989858,2.8359779404,0.2123713829,0.0843805895,0.0872037375,0.287,0.155364726,0.5410663711,0.0001237317,0.0006186587,0.344,0.209,78.7532123020807,58.0286827489016
"38099",0.1229259173,0.0004588419,29.365880518,67.42,0.1265492498,0.116224649,9647.3,9.4,0.1280289926,2.722511756,2.9723746176,0.2079203595,0.0869830178,0.0898864476,0.293,0.1571627305,0.6123752136,0.0004557885,0.0007292616,0.351,0.269,30.5147844130481,15.2573922065241
"38101",0.080819447,0.0006594177,11.785338478,48.5,0.0885592166,0.0627839736,7964.48,8.4,0.1307295553,2.7824778698,3.0580158878,0.2464144514,0.0833601648,0.0870944323,0.289,0.1802038935,0.7213944062,0.0017295054,0.0008647527,0.318,0.24,25.1340879882771,19.9175791605215
"38103",0.0962888666,0.0002399232,38.387715931,81.36,0.0943566591,0.1066176471,8073.29,8.9,0.1205854782,2.8467372488,2.8767403082,0.1909616051,0.0859873812,0.0873782314,0.259,0.1414795547,0.0128357499,0,0.0009541985,0.315,0.281,64.2157649703002,64.2157649703002
"38105",0.0867504955,0.0005100017,13.600045333,57.63,0.0874023651,0.0869386918,7618.05,9.3,0.1194553856,2.8920628534,2.9532954855,0.2579687951,0.0854690318,0.0862684532,0.324,0.1992957767,0.6721135816,0.0009959539,0.0005602241,0.348,0.218,40.290484566779,12.7750316919055
"39001",0.093175796,0.000356837,9.6345989152,119.69,0.1100850101,0.0531580452,12566.01,7.1,0.2186055476,4.831787776,4.4637148996,0.1542067775,0.1426731702,0.1397542502,0.356,0.2343196079,0.5219614711,0.0003910555,0.0002488535,0.328,0.308,47.5850582916964,14.2755174875089
"39003",0.0742018563,0.0007277951,16.279626526,60.56,0.0857909305,0.0470263347,10376.18,7.5,0.1715368864,4.0413837629,3.9750783046,0.1619242157,0.1209483475,0.1241809437,0.354,0.1979076492,0.8000206901,0.0011424219,0.0012185834,0.341,0.27,26.8193239614696,14.3674949793587
"39005",0.0965578153,0.00046981,19.356172364,54.68,0.105608133,0.0749622806,8785.85,8.2,0.1629921837,3.7833963209,3.9807568401,0.171487089,0.1140733867,0.1211637865,0.354,0.1993377644,0.6465307966,0.0014518714,0.0003771095,0.299,0.299,40.0250156347717,7.5046904315197
"39007",0.0891202964,0.0003649931,12.166436856,84.48,0.099962944,0.0614770284,11278.39,7,0.1772978904,4.241095739,4.3207241611,0.1479189356,0.1281389736,0.1299155592,0.389,0.2170416589,0.6313684148,0.0006453239,0.0002319133,0.37,0.302,76.6793452191948,18.578695978219
"39009",0.0850415741,0.0007285311,10.017302614,61.33,0.0916044249,0.0606060606,9530.94,5.7,0.2145293621,4.6929012848,4.7192683596,0.1942520998,0.1465839789,0.1460988706,0.353,0.2333973897,0.8499621663,0.0022715683,0.0005253968,0.305,0.234,40.6535050943924,10.671545087278
"39011",0.0626243864,0.0004359578,15.912459674,51.25,0.071364486,0.0426494908,9201.81,8.6,0.1311105463,3.3994753041,3.6306401842,0.1802634065,0.1031507163,0.1108825899,0.357,0.1662094847,0.6709177566,0.0003926616,0.0001090727,0.351,0.295,71.2152371540066,11.6269774945317
"39013",0.0699077764,0.0004482749,16.629551436,102.13,0.078184965,0.0457579353,10636.1,7.7,0.1719803007,4.0269378381,4.0123015618,0.1794760941,0.1158834955,0.1197364416,0.356,0.2100235312,0.5291051136,0.0011517254,0.0006766387,0.339,0.299,28.9452356142179,15.4374589942495
"39015",0.0926853707,0.0002737289,5.930792217,57.86,0.1065712527,0.0576610979,10179.07,7.9,0.1660088715,4.0204225384,4.0652175249,0.1653223965,0.1186963558,0.122610817,0.357,0.2127702902,0.3579137493,0.0005440203,0.0002266751,0.331,0.292,42.5163612068573,18.9805183959184
"39017",0.075023531,0.0005393872,8.4229433537,60.22,0.0888018441,0.0422503654,10400.4,7.7,0.1575418544,3.7877726511,4.0036853703,0.1925002326,0.1116302791,0.1175561379,0.378,0.1862391591,0.9077010839,0.0012775352,0.0003875368,0.351,0.248,60.3697714990851,13.1200090776279
"39019",0.0899246492,0.000215742,15.101938082,56.83,0.0978128055,0.068609792,8722.94,8.1,0.1546954418,3.6767849802,3.9548540268,0.1541383682,0.1141369697,0.1212439344,0.34,0.1902620475,0.5986613955,0.0003192961,0.000106432,0.348,0.277,50.1990031912223,15.537786702045
"39021",0.07038521,0.0001538975,13.33777926,70.88,0.0781495034,0.0514459006,9893.5,8.4,0.1410359543,3.6045471541,3.890770794,0.1720035018,0.1083301115,0.116277423,0.377,0.1801550736,0.5869017632,0.000868943,0.0002300143,0.304,0.266,62.466841231538,16.258492923277
"39023",0.079356031,0.0004486647,11.474047323,48.51,0.0955767298,0.0387543253,9591.81,6.9,0.1725942356,4.16331593,4.0379762069,0.1566800884,0.1253192752,0.1266158115,0.368,0.1951074995,0.8321080292,0.0008348346,0.0003881248,0.357,0.279,59.4158100068991,15.2222323158171
"39025",0.0698788735,0.0006981131,7.1791774148,56.63,0.0808804607,0.0430206499,10144.31,7.8,0.1452552504,3.843170235,3.8410220619,0.1888603555,0.108285572,0.1133885685,0.362,0.1857567997,0.7793254055,0.0004415559,0.0001686843,0.346,0.245,41.2163777398587,13.8487029205925
"39027",0.0745381432,0.0007157001,11.689767875,67.48,0.0854947557,0.0480571596,10391.4,7.1,0.1583677438,3.7865636134,4.0118075958,0.1742911,0.1143691141,0.1212734847,0.363,0.1954410699,0.6658658421,0.0018405641,0.0004302617,0.334,0.28,42.9751539943018,11.1417065911153
"39029",0.0864987387,0.0004389062,15.743373471,66.73,0.1006609636,0.0481124105,10259.68,7.4,0.1704165782,3.7966899865,4.058010591,0.1657745686,0.1157680788,0.1216772291,0.368,0.2023307298,0.715942916,0.0007758833,0.0003311697,0.343,0.268,71.9339735244782,19.0975150949942
"39031",0.0942065661,0.0003554924,14.219694277,86.94,0.1059006504,0.065433213,9666.94,7.4,0.1726320332,4.1373849216,4.1545726773,0.1591976318,0.1246626408,0.1267033358,0.355,0.1994965239,0.613858703,0.0002464673,0.0002738526,0.35,0.294,41.9375131054728,12.7635909451439
"39033",0.0774014998,0.0003309223,19.146220394,53.05,0.0875811125,0.0514767055,10310.37,7.2,0.1513623153,3.8767855412,3.948092249,0.1510721321,0.1195330861,0.123909975,0.338,0.1945849256,0.7066965101,0.0009651601,0.0005649718,0.336,0.251,43.3518038291466,14.9760776864325
"39035",0.0781612223,0.0011131273,9.3158725748,53.12,0.0937132022,0.0347075424,9650.84,7,0.1707934403,3.7657506969,4.00280021,0.1806710819,0.1182832883,0.1246722036,0.376,0.1870459743,0.9555495492,0.0022820576,0.0010279181,0.299,0.23,75.8545388291045,12.2705871635316
"39037",0.0778629954,0.0005376757,17.474460404,58.28,0.0897678186,0.0513453088,9941.94,8.2,0.1480430273,3.6495496087,3.8798676701,0.1647235106,0.1118328459,0.119450937,0.351,0.1819553109,0.4842425272,0.0005939152,0.000172427,0.365,0.288,42.9349567446331,19.2246074975969
"39039",0.0762189246,0.0005736337,17.991239049,77.76,0.086132105,0.052534662,10186.56,8.3,0.1587590541,3.8378869959,3.8715791269,0.1688840885,0.1138882996,0.1180113293,0.343,0.192840756,0.5717140149,0.0012464295,0.0005972475,0.302,0.249,33.037732568249,13.9106242392627
"39041",0.040965709,0.0013418785,8.4450270189,32.81,0.0470745368,0.0291723938,8894.57,8.9,0.1030696977,2.6524222844,3.1575730116,0.2044264176,0.0845171829,0.0960914621,0.323,0.1382115532,0.894497572,0.0008566307,0.0002855436,0.268,0.174,44.5912383401689,9.85155265654895
"39043",0.0658163778,0.0007279947,15.089344805,62.26,0.0733789552,0.0461859722,10454.47,7.3,0.1571020466,3.7344585464,3.8837025704,0.1689751757,0.1108490031,0.1177130434,0.345,0.1898545004,0.8004255374,0.0018726592,0.0004220077,0.346,0.286,87.8645384904078,15.4535620460516
"39045",0.0640532193,0.0006538624,10.237239776,50.4,0.0744294922,0.0400147132,10414.87,8,0.1459112524,3.6929305511,3.8769396476,0.1782354533,0.1065850492,0.1134961704,0.346,0.1930422204,0.8165042831,0.0008378718,0.0003989866,0.319,0.22,60.3011536446986,11.0038601541421
"39047",0.0822139781,0.0003138185,12.552738938,68.14,0.0970340753,0.0463792858,10113.19,7.8,0.1651163301,4.0338838498,4.1329708031,0.1604208802,0.1226804851,0.1269830883,0.35,0.2041179728,0.5916637961,0.0004861111,0.000625,0.371,0.298,44.1065521443909,15.0890836283443
"39049",0.09164197,0.0009994232,9.7385841265,43.37,0.1107912478,0.0407882767,9541.84,6.9,0.1509148077,3.6532565371,3.9348970173,0.2027164726,0.1130038456,0.1199027224,0.38,0.1965865498,0.9501518806,0.0017573593,0.000725195,0.291,0.22,44.1078408691566,11.9808956746832
"39051",0.0716045886,0.000423161,15.045724898,48.63,0.0798904632,0.0524042074,9497.39,8.4,0.1356091974,3.5222532284,3.6375276452,0.1670114898,0.103964417,0.1106555812,0.346,0.1688446183,0.547426109,0.0010098638,0.0003053077,0.37,0.259,45.4435051045592,12.5361393391888
"39053",0.0898941449,0.0010948179,13.270519541,61.27,0.1022544283,0.0590705487,10078.2,7.4,0.1863033433,4.3629467688,4.1848306401,0.1491712654,0.1320822079,0.1324372714,0.382,0.2154940628,0.5000646538,0.0007237556,0.0010198375,0.358,0.303,70.6760606930671,16.5647017249376
"39055",0.0913320178,0.0006907398,9.776625364,60.89,0.0897935906,0.0957374254,9728.81,8.7,0.1302507739,3.2207592759,3.5905444933,0.1740146843,0.0968723704,0.1069582425,0.335,0.1613264387,0.9001595477,0.0014422822,0.0001802853,0.282,0.247,75.7637445699699,12.3912666352755
"39057",0.0602572834,0.0009061772,9.974031029,43.66,0.0663796123,0.0444620656,9489.31,7.5,0.1476346248,3.5194566855,3.7284643069,0.1844543592,0.1074787468,0.1132466834,0.338,0.1837005945,0.7650411888,0.0018190697,0.0004639238,0.298,0.197,53.3455575117847,13.7927677216782
"39059",0.0795418987,0.0004585053,16.3024097,90.87,0.0915102847,0.0489273205,9588.82,7.4,0.1852077278,4.2428445311,4.1858690015,0.1671915144,0.1262251305,0.1283692908,0.393,0.208897347,0.4809289795,0.0008082849,0.0003788836,0.347,0.269,45.7972538609629,17.8100431681522
"39061",0.0750233012,0.0010822216,10.673627225,44.18,0.0894269326,0.0382868905,9655.87,6.6,0.1516741145,3.6795724771,3.6248816276,0.1948527911,0.117337733,0.1170062187,0.339,0.1856474866,0.9463105734,0.0021856338,0.0010500464,0.284,0.211,67.5104649473782,12.5859974382337
"39063",0.0623457487,0.000555754,14.026173369,50.1,0.0694739639,0.0448478679,8894.01,8,0.1457164966,3.6757039471,3.7395027337,0.1720317925,0.1090809474,0.1158287392,0.316,0.1656891399,0.7621486454,0.0011282637,0.0007035056,0.33,0.261,45.8590187933787,11.0238025945622
"39065",0.0967741935,0.0002525093,13.256738842,73.92,0.1082307561,0.0693802035,10275.95,7.8,0.1675278884,3.8783586617,4.0644033347,0.1744796624,0.1213364093,0.126781956,0.347,0.2094897579,0.4880217106,0.000188703,0.0002201535,0.367,0.339,35.8075659280479,11.5848007414272
"39067",0.0805330717,0.0001941748,16.181229773,94.56,0.0880079505,0.0605057194,11736.47,8.1,0.1676047342,4.1273098248,4.1300404146,0.1580592039,0.1224267954,0.1244023304,0.365,0.1912801321,0.5365607665,0.0002573506,0.0001286753,0.347,0.277,43.1965442764579,45.3563714902808
"39069",0.0685780019,0.0003595053,16.896750072,67.09,0.0756686639,0.0524914979,10899.04,8.4,0.1392512166,3.3924191673,3.7413613773,0.1792643328,0.1051660799,0.1136860231,0.342,0.1663298145,0.4160907319,0.0006443068,0.0001073845,0.316,0.258,28.7831906166799,14.3915953083399
"39071",0.0868626002,0.0003253847,12.782968438,80.48,0.1018496277,0.051855997,10768.78,7.6,0.1855167563,4.3016079382,4.2519373233,0.1503457879,0.1308443875,0.1321341509,0.355,0.2373155823,0.5765904242,0.000371704,0.0003484725,0.301,0.282,71.2625871417506,17.0410534469404
"39073",0.0782735918,0.0004913832,10.529640939,57.66,0.0879862632,0.0538243626,10499.93,7.4,0.1746217111,4.0388165479,4.2024074896,0.1574802558,0.121551518,0.1265827391,0.38,0.2122063568,0.7838665759,0.0005221932,0.000278503,0.397,0.255,61.9477301416616,19.8700266492122
"39075",0.2223840674,0.0002732925,11.61493088,39.24,0.2460253869,0.1796175753,8391.55,8.6,0.1490401629,3.809526615,3.9261480841,0.1836993645,0.1137409839,0.1198568183,0.356,0.1944305679,0.2619789454,6.83402e-05,0.0001366805,0.324,0.273,33.3983589260909,8.34958973152274
"39077",0.0859100888,0.0003762678,14.024525817,60.97,0.0961339018,0.0622387053,10397.6,8,0.1575689304,3.7277664532,3.8378813605,0.1717726836,0.1132337087,0.1180601482,0.354,0.1916099676,0.7035353705,0.0006642368,0.0005109514,0.331,0.292,43.274760565305,17.6515470726902
"39079",0.0937014859,0.0004295006,15.032519328,81.16,0.1087438741,0.0563765057,11021.8,7.4,0.1923438226,4.2840174267,4.3650657603,0.1547899056,0.13129906,0.1349616521,0.375,0.2216340077,0.7498871332,0.0006412605,0.0006107243,0.391,0.332,51.0991425563879,14.3077599157886
"39081",0.0725413453,0.0003860603,18.412104474,100.4,0.082804334,0.0428026972,12675.74,6.9,0.1732792418,4.0149340046,4.2467156383,0.1665692775,0.1205470842,0.1264694575,0.368,0.2190318791,0.6999526603,0.001196561,0.0007977073,0.359,0.322,51.0545490594562,15.3659322411956
"39083",0.0877992682,0.0003930496,14.411817691,52.07,0.0972242663,0.0654347376,10246.18,7.8,0.1671379239,4.0507221232,3.9097680367,0.1895122256,0.1161713478,0.118811503,0.346,0.1779583782,0.6608558625,0.0008174342,0.0005068092,0.271,0.254,30.5940713060391,14.2043902492324
"39085",0.0704037856,0.0004667495,9.1168836834,59.1,0.0785196732,0.0487253953,10120.86,8,0.1415414962,3.6537057643,3.8777984933,0.1977791559,0.10367311,0.110666781,0.327,0.1769798182,0.8935407167,0.0011560441,0.0003882563,0.272,0.203,78.5924385341637,13.5353644142171
"39087",0.0797201676,0.0004581976,10.47308907,82.24,0.0931456782,0.0437504497,11067.01,7.6,0.211013454,4.4116118476,4.2997993488,0.1454258739,0.1305822587,0.1281148402,0.368,0.220327256,0.9623218575,0.0004381481,0.0002920987,0.385,0.345,65.3580532014553,17.4288141870547
"39089",0.0725843604,0.0004221141,10.435598288,54.06,0.0825175239,0.0488692986,9444.23,7.9,0.1486462687,3.5822805875,3.8978786539,0.1832755437,0.1089613049,0.1161270413,0.333,0.1776240805,0.7676224683,0.0009150481,0.0002184308,0.318,0.223,52.7181065218155,16.0106842029218
"39091",0.072748114,0.0005287974,14.101264707,57.54,0.0817227436,0.0511322789,10009.69,8.1,0.148105603,3.7323097709,3.908431502,0.1717636658,0.1118387085,0.1186131084,0.357,0.1885085084,0.6284617733,0.000857011,0.0002856703,0.379,0.239,53.6535889106117,16.1695747401843
"39093",0.0653789547,0.0005734941,10.159038103,65.49,0.0764061653,0.0383668215,10475.96,7.6,0.1730145909,4.0557510504,3.8865244177,0.1756897422,0.1191047665,0.1189279439,0.34,0.195787886,0.8869244349,0.0009203987,0.0003024167,0.327,0.248,52.7449198888753,13.759544318837
"39095",0.0785178455,0.0009130967,9.9841130395,61.02,0.0945711283,0.0369972412,10277.72,7,0.176346503,3.8757068697,4.2265183147,0.1668932653,0.1251688156,0.1311819227,0.365,0.1975534321,0.9517241379,0.001681653,0.0008454212,0.337,0.267,50.9426699030245,13.1390596582461
"39097",0.0747262774,0.0004989341,10.432258357,56.08,0.0852382149,0.0482260463,9541.32,7.7,0.1351151662,3.3036485221,3.5659065765,0.1836754524,0.1002879153,0.107981225,0.359,0.1769343203,0.5835616438,0.0004326244,0.0001366182,0.356,0.286,57.0641629448151,15.2171101186174
"39099",0.0758392226,0.0010349288,13.669685209,57.21,0.0878332245,0.0426318585,10453.2,6.8,0.1719884677,3.9546088007,3.9976057277,0.1560745231,0.1232297545,0.1254928576,0.374,0.2061719241,0.7586204009,0.0016980841,0.0004330972,0.303,0.287,68.0465881757184,14.8177559875243
"39101",0.0751132514,0.0003978273,13.464922347,77.16,0.085182373,0.0494672218,11033.05,6.3,0.1864968919,4.0895230329,4.0941683121,0.1529909537,0.1216610054,0.1246467903,0.367,0.2215428513,0.6921399678,0.0010194766,0.0007455873,0.392,0.31,79.0126981052245,17.8415769915023
"39103",0.0600308475,0.0006122623,9.5240794807,51.06,0.0654920058,0.0468315048,9496.93,8.5,0.1218402305,3.2850408275,3.5287573592,0.1826745201,0.0962909673,0.1042337436,0.335,0.1678837811,0.9431330223,0.0010225588,0.0003465338,0.295,0.215,56.0752957169425,15.4820681777417
"39105",0.0936204147,0.0001719912,14.189276347,68.32,0.107456456,0.0555771473,10433.96,7,0.185221578,4.0433694232,4.3120085378,0.1589441743,0.1255215326,0.1316168738,0.378,0.2092349652,0.329995793,0.0004286143,0.0002571686,0.379,0.335,67.4192761751754,22.9512429532512
"39107",0.0646297777,0.000414958,14.157391135,51.88,0.0733057886,0.046638345,9928.32,8.8,0.1314520661,3.2710246545,3.582070795,0.1857095356,0.0992391086,0.1090269286,0.325,0.1659075126,0.6818493654,0.0007592271,0.000244912,0.322,0.252,33.4126544316589,11.409199074225
"39109",0.0732404933,0.0004605465,12.95287074,61.69,0.0842933636,0.0462337035,9990.45,8.1,0.1399345518,3.5379298258,3.8351003763,0.1633282293,0.1084554084,0.1162733846,0.336,0.1892198244,0.8042553607,0.0008950914,0.0003946102,0.339,0.25,58.5032752243425,14.0663612561261
"39111",0.0897389739,0.0002082032,19.432299257,72.5,0.0962527553,0.0731154966,9916.7,7.5,0.1622383115,3.7981640701,4.0306020079,0.157187195,0.1174056405,0.1239288354,0.36,0.1963903418,0.7126075673,0.0002073972,0.0003456619,0.356,0.321,67.3103704391421,76.5945594652307
"39113",0.0832308961,0.0009093334,10.840607375,40.27,0.0987967855,0.042933971,10133.04,6.6,0.1704668274,4.2641210694,4.4348954437,0.1526088658,0.1275718753,0.1305762649,0.392,0.1938697929,0.9447615915,0.0014387113,0.0007503057,0.358,0.25,73.2801248643222,15.5328811678221
"39115",0.0886151741,6.76727e-05,12.857819584,73.52,0.097240014,0.0660176453,10316.15,7.5,0.1822236439,4.5256520749,4.4083125472,0.1526567995,0.1364874622,0.1365549818,0.366,0.211480958,0.3407732164,0.0004716028,0,0.346,0.298,112.551773815955,103.547631910679
"39117",0.0726343237,0.0001710669,9.1235673148,58.88,0.0816648349,0.0514153668,10129.11,8.6,0.1359649154,3.5368163408,3.746781493,0.1724976225,0.1071367333,0.113806496,0.347,0.185631075,0.3166795877,0.0004267183,5.68958e-05,0.363,0.303,38.950428454713,15.2001672018392
"39119",0.0750818738,0.0007185074,14.370147178,70.14,0.0875581487,0.0445438631,10467.88,6.9,0.1719900765,3.7913825605,4.251463648,0.158889924,0.1224583651,0.1300051041,0.391,0.2011380363,0.7206008783,0.0009555105,0.0006525438,0.354,0.292,57.7125681705503,17.4299702528508
"39121",0.0800861141,0.0002094095,15.356694123,52.57,0.0855518995,0.0673952641,9249.55,7,0.1524066048,3.6314049735,3.8471824473,0.1594849531,0.1102748005,0.1177849816,0.352,0.1880191915,0.2749061113,0.0002784934,0.00041774,0.356,0.297,55.8360281971942,44.2035223227788
"39123",0.0630125577,0.0005137363,16.390635321,64.35,0.0673101454,0.051762386,10810.97,8,0.1464052338,3.5664548249,3.8276773656,0.1618208962,0.105221266,0.1135211515,0.334,0.1599308425,0.5944530269,0.0005102785,0.0001700928,0.33,0.275,74.999796196206,9.78258211254861
"39125",0.0798949257,0.0003161889,13.174536256,79.59,0.0876675603,0.0613997424,10816.43,8.1,0.1465512025,3.665952458,3.8568665595,0.1769965191,0.1099244501,0.1162828295,0.341,0.1827105215,0.3261955746,0.0004739586,0.0001053241,0.318,0.275,38.7119479148337,10.5578039767728
"39127",0.0841420743,0.0002501042,11.949423371,62.53,0.0964529895,0.0542255874,10534.61,7.8,0.1685995975,4.008917858,4.2291663406,0.1678195329,0.1214611863,0.1275510618,0.385,0.2147406354,0.6690609573,0.000279236,0.0003350832,0.345,0.276,42.7017192083473,15.7810701422153
"39129",0.0648928974,0.0004035229,8.4213481175,50.55,0.0726534437,0.0464417745,9641.56,8.3,0.1389565877,3.6063286347,3.7217229988,0.1836092883,0.107256298,0.1131137927,0.365,0.1821885649,0.7015871306,0.0005626275,0.0002461495,0.31,0.28,27.9982967702798,13.9991483851399
"39131",0.0939611759,0.0003543963,10.986284864,80.33,0.1121326843,0.0494291083,11718.47,7,0.1848044182,4.6394107514,4.5242533544,0.1571957568,0.1408985933,0.1379424997,0.408,0.2335373518,0.6116200495,0.0003185164,0.0003185164,0.381,0.287,89.7994871976652,17.7235829995392
"39133",0.0690391623,0.000406717,9.1203204437,61.8,0.0771930877,0.0451817426,9595.4,7.4,0.1453540473,3.6751851314,3.8803043787,0.1944548681,0.1101220572,0.1170239652,0.333,0.1878937289,0.7800011151,0.0013157732,0.0001914975,0.306,0.239,42.7914861400845,14.4009809125284
"39135",0.0826213362,0.0002177648,8.226668925,52.97,0.0888688303,0.06699098,10650.78,8.4,0.150058434,3.7696850005,3.9840158712,0.1751961311,0.1125720228,0.1189548802,0.355,0.1976201418,0.5462029808,0.0004568845,0.0002404655,0.301,0.31,28.994378312205,14.4971891561025
"39137",0.0590071917,0.0004993831,15.569002996,49.31,0.063649151,0.0499335695,9960.2,8.9,0.1277202938,2.8981545953,3.4087494436,0.2272914797,0.0920686248,0.1051544964,0.317,0.1505407554,0.397547755,0.0004682333,0.0001170583,0.363,0.242,30.3122158229767,9.77813413644408
"39139",0.0804456512,0.0005340695,15.364769487,62.33,0.0919662049,0.0514201402,9677.38,6.9,0.1663950458,3.9258599999,4.0332587304,0.1650485381,0.1175024821,0.12335561,0.346,0.2061055533,0.6137135971,0.0017467321,0.0003280248,0.31,0.294,60.8626040421542,15.3527289475704
"39141",0.0758267677,0.0006479202,11.792147207,68.78,0.0877559933,0.0453856026,10813.31,7.4,0.1962802896,4.664938721,4.1477707726,0.1562558521,0.1325877661,0.1264002203,0.361,0.2293485206,0.6990546218,0.0021514017,0.0009201778,0.359,0.299,63.1135741735796,15.1299664114746
"39143",0.066203305,0.000536202,13.907739741,52.94,0.0732493988,0.0493276716,9421.61,8.3,0.1537888331,3.6497365033,3.9801753051,0.170803131,0.1146223644,0.1212215204,0.37,0.1842306354,0.7553327645,0.0006813008,0.000365576,0.352,0.256,58.0396008661294,12.2776078755274
"39145",0.0807160132,0.0005987634,11.845102506,89.72,0.0950497288,0.0438903889,13914.5,6.8,0.2116966569,5.0988371351,4.6869701265,0.1520132379,0.1458340716,0.1395218072,0.414,0.2452516039,0.9123510988,0.0008154495,0.0008931114,0.39,0.338,56.0452880684361,16.0750051049003
"39147",0.0735174287,0.0004315771,15.464844452,66.71,0.0830549224,0.0498591108,9011.98,7.8,0.1603113185,3.7003615989,3.8743150646,0.1613732432,0.1146090128,0.119464655,0.36,0.1941238042,0.6777160983,0.000790386,0.0003053764,0.332,0.245,34.2071150799366,16.2033703010226
"39149",0.0629097266,0.0003885401,12.678677328,57.15,0.071068636,0.0455938697,9737.89,8,0.1398488521,3.5037696805,3.777733729,0.1813307133,0.1039682348,0.1128038231,0.346,0.182267404,0.6678874208,0.0005720006,0.0001634287,0.349,0.257,27.9911247653183,9.55794504181601
"39151",0.0742761016,0.0007809897,12.3945464,50.11,0.085109462,0.0462118348,9625.33,7.3,0.1570747745,3.839851418,4.0256446066,0.1785894854,0.1149483155,0.1209202748,0.351,0.1928197144,0.8021891125,0.0017991356,0.0005296272,0.323,0.261,65.183772886574,18.5858233742073
"39153",0.0750928435,0.0009760724,11.476692351,54.95,0.0870764726,0.042344954,9984.12,7.2,0.1606161244,3.8277095257,3.9836350227,0.1693757947,0.1163285962,0.1198369039,0.388,0.2002605933,0.9571118219,0.0017326545,0.0005369568,0.29,0.244,72.2812491726752,17.4238445620674
"39155",0.084192397,0.0004564395,13.251468704,67.71,0.094650067,0.0555164026,10743.22,7.1,0.1635085851,4.0328709298,4.1552582326,0.1504124274,0.120433408,0.1240664463,0.386,0.191369517,0.8398189357,0.0009893993,0.0001218472,0.359,0.253,65.0019402342362,17.6831474692633
"39157",0.0901900414,0.0004089715,17.973223126,64.41,0.1026779164,0.0590624857,10090.06,7.6,0.1667409135,3.8425343209,3.8077395096,0.1491074554,0.1148010201,0.1178182675,0.347,0.1694557288,0.6955995766,0.000969953,0.0003125404,0.317,0.276,37.033841020552,12.5843149098963
"39159",0.0565618329,0.0004237522,12.344086814,50.88,0.0634796238,0.0421119235,9405.43,8.3,0.1282703491,3.3320933426,3.6459183466,0.1846470552,0.0991209249,0.1089746495,0.345,0.1692603357,0.7571510516,0.0010227611,0.0003533175,0.331,0.229,48.3150877622164,9.7853342303223
"39161",0.0661114003,0.0003851271,18.556123521,54,0.073769997,0.0479602281,9353.2,8.1,0.1527267347,3.7699909015,3.8953437099,0.1678502795,0.1113065628,0.1176873673,0.35,0.184714313,0.6469871973,0.0007026913,0.0003513457,0.35,0.253,69.0979785913382,14.0538261541705
"39163",0.0925994109,0.0001532802,5.364806867,62.85,0.1032104339,0.0644844517,10693.01,5.7,0.1733406554,4.0644177946,4.2754002536,0.1764370049,0.1257733693,0.1309657778,0.392,0.2187576725,0.7406773353,0.0001511259,7.55629e-05,0.355,0.319,28.0590771114456,43.3640282631431
"39165",0.048240108,0.0009310863,8.776267547,43.92,0.0557502557,0.0325500291,10178.48,8.5,0.1211288707,2.9637983007,3.4513049065,0.1881339722,0.0896896447,0.1006673109,0.337,0.1481874126,0.8580348201,0.001579002,0.0003067775,0.302,0.191,56.0019370431274,12.0322464204067
"39167",0.0769198551,0.0007199895,12.927084697,72.52,0.0857278623,0.0525482748,10365.58,7.9,0.1723616722,3.9732972399,3.9896400335,0.1726807419,0.1177900844,0.1236876487,0.353,0.1934383553,0.8478746479,0.0006697924,0.0012252299,0.351,0.307,77.6231994970891,13.6660562494875
"39169",0.1037299647,0.0005428086,13.871776535,49.32,0.114179218,0.0799603785,8861.53,8,0.1500399086,3.5659637661,3.7798086134,0.1769148379,0.1085846042,0.1164849322,0.368,0.1724741821,0.6736552567,0.0024148108,0.0002856228,0.297,0.24,55.4486166575689,10.0554486166576
"39171",0.072426681,0.0005118534,18.318965517,59.16,0.0822699014,0.048503612,9628.99,7.8,0.1635274993,3.8617421324,3.9858728317,0.1682637481,0.1170383712,0.1222584356,0.358,0.1898086445,0.5227671218,0.0005095063,0.0002413451,0.378,0.309,32.3078579890153,11.6667264960333
"39173",0.0575783798,0.0006937486,11.79372543,69.95,0.0641406826,0.0405385996,9937.89,7.5,0.1387800311,3.572094881,3.6449496949,0.1966006707,0.1083946364,0.1142450692,0.37,0.1727645424,0.7103388372,0.0011883633,0.000370399,0.336,0.21,41.5876202382817,14.1192537846018
"39175",0.07696567,0.0002247898,22.478982152,59.17,0.0839624095,0.0603561387,9842.48,8.4,0.1449730025,3.6536412387,3.7770696829,0.1755620461,0.108746763,0.1159635536,0.342,0.1876831141,0.5479548972,0.0004026305,0.0002684203,0.352,0.288,41.9702011571784,14.9893575561351
"40001",0.2262458113,0.0002726777,8.1803308489,154.98,0.2917641554,0.0807660283,11520.06,7.1,0.3111437741,6.0073137182,5.2272370063,0.1183791611,0.1914402925,0.1724083594,0.414,0.2866167463,0.1905832562,0.0017127919,0.0003605878,0.416,0.295,22.6285300506879,19.6113927105962
"40003",0.1425614489,0.0001704158,22.154055896,45.68,0.1678504673,0.0901771337,9560.77,6.4,0.1688447173,3.8629871285,3.7156012289,0.1401764683,0.1135680916,0.112933078,0.34,0.1855773457,0.0299539171,0.0001727116,0.0005181347,0.365,0.321,28.5959393766085,34.3151272519302
"40005",0.2033479171,0.0001450011,13.775103313,166.31,0.2373336917,0.1237623762,14236.45,5.8,0.2225015419,4.9389026488,4.4046599873,0.1267643721,0.1466835706,0.1380771159,0.358,0.2258971599,0.3892257792,0.0101478689,0.0002899391,0.365,0.317,24.1551728302616,26.5706901132878
"40007",0.1802391157,0.0001842639,27.639579878,52.74,0.2014435696,0.1369580179,8888.15,8,0.1903587269,4.0436840007,3.7765113735,0.1315495271,0.116054036,0.1143592291,0.319,0.1693451788,0.2947125621,0.0001822822,0.0007291287,0.359,0.314,36.8211107701749,0
"40009",0.1517357814,0.0006311006,18.091551666,76.74,0.1868251379,0.0793021412,10490.15,7.8,0.1842439527,4.2167183957,3.8602033368,0.148614813,0.1221016438,0.1180011908,0.32,0.1934002956,0.5380894254,0.0024903972,0.0008019923,0.38,0.287,17.148246591786,22.864328789048
"40011",0.1690863579,0.0003050951,28.475541544,63.05,0.2067872459,0.0950639854,10933.55,6.5,0.1889458156,4.3114494028,4.0692886076,0.1272181654,0.1289562781,0.1270847944,0.319,0.1976550976,0.4808674537,0.0036301301,0.0004033478,0.351,0.323,68.0434116966625,57.8368999421631
"40013",0.1737796451,0.0004455931,9.5802513145,94.57,0.2113236715,0.0817854172,12612.74,7,0.2116800405,4.7384734612,4.4658943901,0.1302953601,0.140240484,0.1381246773,0.354,0.2213314208,0.4347416069,0.008811761,0.0004271007,0.315,0.307,37.0526815025603,20.0084480113826
"40015",0.2042371388,0.0001703984,15.676652012,56.7,0.2520007808,0.1060350422,11135.76,6.5,0.2382726283,4.8534489711,4.4535674874,0.1280355039,0.1482189063,0.1405083722,0.36,0.2311411562,0.3880743243,0.0004093188,0.0004093188,0.371,0.317,35.1406191550381,26.0720722763186
"40017",0.1124018893,0.0004348543,7.1226139243,49.78,0.1349378008,0.064107788,10385.77,8.2,0.1460344162,3.4376151673,3.5357902364,0.1484028704,0.1006467112,0.1070175519,0.308,0.1494996523,0.8137024952,0.0018829776,0.0004167245,0.338,0.266,34.0432349083336,18.2732069728555
"40019",0.1684583375,0.0005750786,13.144652796,62.18,0.208249319,0.0782478767,11375.28,7.6,0.197265882,4.4887233752,4.1335726025,0.126965141,0.1318625888,0.1278298933,0.355,0.200595322,0.5147717476,0.00376887,0.0010036665,0.384,0.31,41.7619432311421,25.3310147467583
"40021",0.1976172899,0.0006192334,8.6692674469,56.11,0.2386543396,0.0929238286,10004.16,6.6,0.2502249382,5.4085237332,4.9394752719,0.130907224,0.1667298019,0.1574894835,0.379,0.2616105805,0.4411220125,0.0036201154,0.0007240231,0.375,0.326,29.5557021884966,21.307599252172
"40023",0.1992918563,0.00040008,14.00280056,135.56,0.2451836784,0.0913526701,14113.58,4.4,0.2645497934,5.2717846621,4.7812652446,0.1139329695,0.164276466,0.1536858635,0.368,0.2480659068,0.3617231174,0.0079150452,0.0003297935,0.366,0.34,33.3015118886397,22.2010079257598
"40025",0.2458333333,0.0004512635,27.075812274,74.47,0.281358885,0.1735985533,9950.44,7.3,0.2088779561,4.2788925374,4.1548488295,0.1107430277,0.1307603908,0.127603427,0.324,0.1841013569,0.5377777778,0,0,0.314,0.367,14.9880095923261,14.9880095923261
"40027",0.1269295407,0.0005028092,7.9793629626,45.88,0.1521915656,0.0595681546,10644.27,7.7,0.1752581076,4.5455754461,4.0991030577,0.1525114693,0.1257255637,0.117590915,0.335,0.1786518111,0.8561357549,0.0029973176,0.0005742698,0.324,0.264,33.0489744490116,17.2535087197046
"40029",0.204770477,0.0001769598,14.156786409,175.36,0.2416427889,0.1190994916,13743.97,6.3,0.2341448124,5.0149546255,4.5755809502,0.117690856,0.1521218719,0.1457858803,0.345,0.2275929211,0.4416877637,0.000172206,0.0005166179,0.346,0.39,29.2243848266994,29.2243848266994
"40031",0.1371572066,0.0007300558,9.3864321931,41.05,0.1693056045,0.0630314833,9628.98,6.2,0.2015139049,4.4044250212,4.2157649019,0.1460317653,0.1340138501,0.1275874241,0.381,0.2277984715,0.6516382214,0.0027752673,0.0006638248,0.326,0.297,30.9291936624737,13.1785259953149
"40033",0.1664609053,0.0001667779,10.006671114,40.46,0.2012124711,0.0831643002,10822.58,5.1,0.1957137498,4.3581110325,4.1147669277,0.1258011165,0.1308127649,0.1277997157,0.357,0.207073638,0.4262877442,0,0.0004878049,0.368,0.324,44.2306629070603,44.2306629070603
"40035",0.18057041,0.0004723984,16.196517749,82.43,0.2130229084,0.101010101,10745.58,7.1,0.2230068666,4.8971532665,4.557770448,0.1245901771,0.1495294287,0.1437215401,0.335,0.2274722704,0.3146583272,0.0043889727,0.0007543547,0.35,0.358,45.4287336740488,22.7143668370244
"40037",0.1554701503,0.0002821193,11.425830841,83.27,0.1930815476,0.0673185621,10559.01,7.3,0.1860049704,4.1871184141,4.2521356515,0.1402674368,0.1257758765,0.1290901889,0.347,0.2082774473,0.5551188417,0.001783894,0.0002123683,0.34,0.318,43.6956154034092,30.5399462496946
"40039",0.183028083,0.0004370629,19.163528779,55.06,0.2228989038,0.0925563812,10727.18,6.9,0.2087441389,4.218526024,4.0180171737,0.1434268274,0.1293930606,0.1265294864,0.33,0.1960245936,0.7389420802,0.005220339,0.0005762712,0.354,0.297,46.3083230739691,13.5536555338446
"40041",0.217996171,0.0005306447,10.612894667,64.41,0.2615196826,0.1021414957,10452.82,7,0.2385941456,5.0354649545,4.5996825037,0.1156551681,0.1539119066,0.1467226437,0.363,0.2229621951,0.3773712247,0.0013511557,0.0004825556,0.395,0.347,34.5373203858542,23.2926114230179
"40043",0.151924038,0.0002002002,14.014014014,66.28,0.1782916822,0.1026753435,9460.48,4.9,0.1806716413,4.1954060988,4.0037563335,0.1328204586,0.1237311011,0.1238369973,0.322,0.191723952,0.3295218295,0,0.0002035002,0.349,0.296,54.3183052688756,54.3183052688756
"40045",0.1364175563,0.000945403,30.725596786,86.24,0.1569620253,0.0930674264,8625.51,4.8,0.1842202545,4.1863260282,4.0420911014,0.1274942732,0.1234003308,0.1237728954,0.321,0.1903220003,0.3666586365,0,0.0002409639,0.336,0.285,64.2003049514485,64.2003049514485
"40047",0.1646332222,0.0004876591,14.000534852,55.84,0.2031062343,0.0806384866,9789.51,7.7,0.1804865929,3.755172097,3.8584868604,0.1475189352,0.1165237347,0.1197097489,0.349,0.207534101,0.531148894,0.0039466802,0.0004755036,0.371,0.277,66.045661328416,17.9644198813292
"40049",0.1669888411,0.0003242659,15.132408575,68.89,0.2021397822,0.0899478165,10298.54,7.1,0.2020544243,4.4139364315,4.2503805242,0.123362802,0.1338212047,0.1323392673,0.32,0.2082379313,0.456048738,0.0010522115,0.0005079642,0.323,0.325,50.5086947110181,28.8621112634389
"40051",0.1446463492,0.0003659786,12.443273313,43.6,0.1726159094,0.0797475617,11154.76,7.8,0.1788438847,4.1551875195,3.8974933456,0.135168719,0.1179740362,0.1186863682,0.336,0.1938959021,0.6189849517,0.0011883983,0.0005199242,0.375,0.296,32.4840491060757,25.1291700631907
"40053",0.1357402743,0,22.109219545,58.34,0.1571082391,0.0914634146,9976.6,6.4,0.1526306476,3.6339487643,3.7011306717,0.1350912313,0.1052462769,0.1105134762,0.304,0.1631887314,0,0,0.0006665186,0.327,0.319,74.1344799466232,74.1344799466232
"40055",0.1631605952,0,21.416803954,91.59,0.2021473528,0.0775379696,12586.53,7.6,0.1814070145,4.0560534301,3.8798346728,0.1421651012,0.1205409415,0.117034237,0.343,0.1975917708,0.4114441417,0.0043895302,0.000812876,0.338,0.315,54.8877545419617,43.9102036335693
"40057",0.2212962963,0.0003586801,10.760401722,156.55,0.2662207358,0.1240981241,10454.05,8.4,0.2352695816,4.6173305806,4.1862308048,0.1127459048,0.1403147179,0.1306808606,0.345,0.1927852426,0,0,0.0007147963,0.368,0.281,12.0627261761158,12.0627261761158
"40059",0.1966035271,0.0002663825,29.302077784,62.47,0.21352657,0.1647286822,8921.03,6.8,0.1823127507,3.9847946315,3.8585877203,0.127825363,0.1192792511,0.1181461836,0.339,0.1816813668,0.0078697422,0.0007869885,0.000524659,0.335,0.275,62.0402375254808,62.0402375254808
"40061",0.2163650669,0.0003892565,10.120669521,84.26,0.2675463223,0.0997817275,12042.66,5.9,0.2192091541,4.8088551009,4.4340300346,0.1192397148,0.1465098553,0.1407079539,0.349,0.2139722633,0.3490484768,0.0020936725,0.0006978908,0.352,0.409,31.1785491581792,25.9821242984826
"40063",0.198924175,0.0002912268,13.833272661,114.84,0.2473466981,0.0883797054,10555.66,6.5,0.2207809355,4.7713115284,4.3221569733,0.1254680493,0.141988479,0.1361326409,0.355,0.223737159,0.2758694565,0.0012313487,0.0004345937,0.358,0.366,24.3267570000243,26.7594327000268
"40065",0.1601258098,0.000547431,13.685774615,73.42,0.1995020859,0.0719274781,10662.72,7.4,0.2135947253,4.4809266917,4.0611869524,0.1256138127,0.1347782876,0.126270925,0.367,0.19077826,0.524616199,0.0018078314,0.000230787,0.356,0.29,38.9261570800192,16.8680014013417
"40067",0.1994702526,0.0003186743,14.340344168,95.01,0.2410480349,0.1057382334,10787.72,6.6,0.2256036379,4.7998722672,4.4617108116,0.1198037441,0.1449601121,0.1388444925,0.351,0.2161895786,0.0322929543,0.000158932,0.000317864,0.374,0.301,95.7548675390999,69.1562932226833
"40069",0.1914008322,0.000273224,16.393442623,85.81,0.226320065,0.1075104842,14001.72,6.2,0.2088345395,4.6618616391,4.4118507461,0.1233767535,0.142743349,0.1398553022,0.355,0.2180241831,0,0.0067549311,0.0012609205,0.36,0.305,51.2511305396443,48.2363581549593
"40071",0.1712635419,0.0004188159,16.091345942,63.05,0.2135968949,0.0790571015,9573.72,6.5,0.2025846763,4.6335019151,4.4158793271,0.1356325049,0.1362731296,0.1339731787,0.355,0.2300156257,0.8081482754,0.001649149,0.0003957958,0.354,0.294,56.7064593812368,19.8840831596545
"40073",0.169051606,0.0005775154,16.683778234,64.23,0.1996420982,0.1070127505,11374.21,8.8,0.1538332847,3.6476502293,3.7004439803,0.1418691572,0.1080083013,0.1117749997,0.296,0.1712772712,0.4980045231,0.0011588978,0.0004506825,0.359,0.251,51.3325063096206,23.5273987252428
"40075",0.1670137443,0.0004374453,19.68503937,101.88,0.2023019899,0.0823850706,10415.61,5.6,0.2094730725,4.613542455,4.2360734418,0.1226850683,0.139059146,0.1330512475,0.359,0.2071592435,0.4330933729,0.0010711225,0.0007497858,0.338,0.322,65.3191566571107,39.9172624015677
"40077",0.1767727387,0.0001907851,18.124582658,70.25,0.2132519616,0.0867003367,11046.24,6.5,0.2067700139,4.631192046,4.3842207372,0.1254096047,0.1409106268,0.1381330799,0.332,0.2175948943,0.6082123005,0.005237071,0.001496306,0.334,0.28,53.8144982589427,18.9933523266857
"40079",0.2069488697,0.0003628666,8.8700735813,104.17,0.2518122443,0.103124745,11402.16,6.8,0.2329746557,4.9001780079,4.6424133512,0.1191983613,0.1483884246,0.1441398623,0.361,0.230653466,0.463897269,0.0026727759,0.0002411527,0.329,0.345,34.1733729119064,30.8230422342685
"40081",0.1688207629,0.0002853718,10.273386222,52.66,0.203524927,0.0887866203,10279.11,7.8,0.181575139,4.3683530947,4.1813972182,0.1355662522,0.1288914948,0.1268059692,0.328,0.2094047887,0.4188428209,0.0016753806,0.0003466305,0.358,0.326,46.7601870407482,22.9029487546522
"40083",0.1375570929,2.1741e-05,11.087920689,55.97,0.1666542585,0.0672035794,10879.86,7.5,0.17107444,3.8389636881,3.7108917515,0.144279381,0.1129147419,0.114459953,0.356,0.1721760523,0.5621296119,0.00163442,0.0002429543,0.333,0.268,34.0925576671986,18.1343391846801
"40085",0.1753946379,0.0002026342,11.144883485,56.19,0.2048648649,0.1105428796,11999.51,8,0.1875322257,4.1608226249,3.9502892434,0.1291801441,0.1213340783,0.1203097022,0.324,0.1792212676,0.0583678234,0.0005116136,0.0005116136,0.321,0.34,40.4858299595142,33.7381916329285
"40087",0.1532600279,0.0003940524,12.346976304,59.45,0.1822251773,0.0887452248,10362.13,8.3,0.165838842,3.9344178541,3.8105405686,0.1455659952,0.1128494521,0.1137230179,0.326,0.1826256799,0.5725670898,0.0009648112,0.0003216037,0.331,0.29,33.3155066148815,22.7948203154452
"40089",0.2041999628,0.0004236262,12.708787219,85.01,0.2575342466,0.0859759588,11312.31,6.2,0.2405119915,5.0084994461,4.6003720687,0.116096165,0.1551903856,0.1479704728,0.35,0.2390235682,0.4845706012,0.002934947,0.000484115,0.388,0.338,20.2183582693085,21.229276182774
"40091",0.2008224349,0.0003501751,7.5037518759,59.34,0.2410483573,0.0950804163,10827.46,6.8,0.2036231883,4.4959936558,4.4178971248,0.115665564,0.1424933848,0.1429936993,0.353,0.2130456282,0.4650898677,0.001344086,0.0005475906,0.37,0.319,45.0803933681732,30.0535955787822
"40093",0.1424928275,0.0003860507,23.16304208,58.07,0.1605281445,0.1058823529,10289.16,8,0.1679688663,3.9190020194,3.7586587917,0.1342497458,0.1125642333,0.114129324,0.303,0.1706189223,0.3652185466,0.000516129,0.0001290323,0.374,0.347,77.2764349804662,47.2244880436183
"40095",0.2260393526,0.0003080335,14.785608674,102.86,0.2692874136,0.1273965691,11977.4,7.3,0.2302093432,4.7896258521,4.2744422094,0.1211752047,0.1426156783,0.1336652914,0.32,0.2048341898,0.3806818182,0.0035842294,0.0001853912,0.378,0.375,37.0332270342557,14.4018105133217
"40097",0.1770455431,0.0003424071,14.674590946,59.44,0.2167412788,0.0832354093,10630.79,7.3,0.2216934464,5.0720262424,4.6433589676,0.127858712,0.1494517092,0.1436441358,0.349,0.2316459061,0.4788046244,0.0015925127,0.000245002,0.361,0.307,39.1443693271246,24.4652308294529
"40099",0.1687019448,0.0005022962,12.916188289,86.41,0.2026940346,0.0897959184,11128.02,7.8,0.1850315314,4.5726503317,4.2033463122,0.1290417269,0.1346575563,0.1293236297,0.343,0.204770727,0.4991103203,0.0009418242,7.2448e-05,0.388,0.354,60.0139232301894,24.0055692920758
"40101",0.1817850571,0.0005595489,11.764874675,72.62,0.2227415144,0.0890992542,10594.82,6.8,0.2257494532,5.1011044667,4.5336917384,0.1254149036,0.1516986379,0.1442825718,0.38,0.2359776787,0.5890970559,0.0040448218,0.0007003402,0.423,0.352,31.5575063832229,23.9072018054719
"40103",0.1396606575,0.0003462005,15.579020253,88.74,0.1666666667,0.0784380306,9210.25,7.2,0.1641493886,3.9839033355,3.9443794428,0.1323712055,0.1166386115,0.1194197405,0.322,0.1826308917,0.4034253092,0.0002610057,8.70019e-05,0.37,0.288,58.0855018587361,14.521375464684
"40105",0.1969300333,0.0001897713,16.130562672,50.43,0.2375791931,0.0985027581,9629.66,7,0.2155285992,4.7235086354,4.432248017,0.1238661885,0.1424305933,0.1390869483,0.335,0.2336815928,0.3546886864,0.0015203345,0.0004751045,0.387,0.314,44.4698557906105,38.1170192490947
"40107",0.1973108876,0,9.0304572695,63.7,0.2382075472,0.1056027165,9650.86,6.4,0.2474923787,5.0786537817,4.5888244939,0.122427414,0.1574084556,0.1479409781,0.372,0.2549630145,0.2732343532,0.0030362711,0.0004103069,0.381,0.292,30.1089396178902,49.2691739201839
"40109",0.1639109605,0.0008560057,10.645363925,43.54,0.2052968828,0.0682585011,10452.59,7.1,0.1650967786,3.7485555403,3.9368727686,0.1417734197,0.1176168742,0.1229890154,0.35,0.1847294456,0.9316326971,0.0059904857,0.0010010245,0.31,0.249,43.7222087754815,18.4862829630846
"40111",0.1593227976,0.0003317427,13.52489346,72.86,0.1991558471,0.0678453947,9709.91,6.4,0.2293523357,5.0404274517,4.5483865823,0.1198868726,0.1525271563,0.1435740251,0.355,0.2298207677,0.4603309291,0.0025322931,0.0003581021,0.348,0.278,34.0440018724201,25.5330014043151
"40113",0.1450886876,0.0002088249,8.352997682,68.33,0.1738085402,0.077032178,10466.35,6.6,0.1883038655,4.2662864168,4.1721388983,0.1296828149,0.1287194317,0.1291553528,0.331,0.1991742681,0.4480746545,0.0004168317,0.0002292574,0.33,0.277,33.4089675236995,20.8806047023122
"40115",0.1972520531,0.0004690285,15.634282855,68.27,0.2489740082,0.0835362884,10268.96,6.8,0.2230261774,4.7909488947,4.6147802069,0.1205513173,0.1525854092,0.1478225132,0.371,0.2410010389,0.3201770912,0.0042361003,0.0006852515,0.37,0.335,42.8077722208881,21.9259321131378
"40117",0.1688497441,0.0003042103,12.168410806,79.5,0.1992154368,0.0969325153,12012.73,8,0.1866528648,4.4146978506,4.1460362273,0.1312964024,0.1303691395,0.1285041361,0.351,0.2043000788,0.2345418351,0.0012194378,0.000548747,0.389,0.326,46.6323344552127,22.3024208264061
"40119",0.1561798453,0.0005689549,12.739641311,52.15,0.1809291455,0.0814097791,9918.09,6.3,0.2023834246,4.3497334316,4.3623474498,0.144121659,0.1378866832,0.1358493169,0.304,0.2139360417,0.7151519069,0.0020557161,0.0003862255,0.308,0.238,31.7860017750624,17.3378191500341
"40121",0.1889352514,0.0006500785,12.329074199,72.89,0.2316120855,0.0846915017,10153.92,6.3,0.1978514753,4.5575754456,4.1526747493,0.1291041388,0.1340753582,0.1311105153,0.356,0.2082610074,0.4540436765,0.0064984538,0.0007618877,0.356,0.31,34.4804323546387,25.4855369577765
"40123",0.1849518525,0.0007069173,15.447452479,44.18,0.225650472,0.0879837503,10294.41,7,0.193988713,4.4185805045,4.2322529641,0.1329504724,0.1340432701,0.1327508968,0.361,0.2155921275,0.6664621786,0.0049467175,0.0011577424,0.362,0.333,35.7987933187228,13.9702608073064
"40125",0.162745881,0.0004173913,11.965217391,44.47,0.1973385904,0.0824960929,10517.79,7.1,0.1866160775,4.472675474,4.3375436156,0.1366597554,0.1319341528,0.1324907851,0.335,0.2109420451,0.7302497048,0.0021305928,0.0005430923,0.359,0.318,42.5973256287736,21.7616772233952
"40127",0.2068845619,0.0002682643,14.307430922,126.35,0.248793048,0.1013806706,11135.96,5.3,0.2338074141,5.2659128305,4.6905685255,0.1153656992,0.1567708611,0.147611566,0.342,0.2395328632,0.3463532665,0.0101573034,0.0007191011,0.318,0.361,23.9772216394425,23.9772216394425
"40129",0.1527958388,0.0002639916,21.119324182,65.93,0.1730584851,0.1150870406,10855.19,6.4,0.1728851456,4.1315184389,3.9362424557,0.1328923831,0.1199589052,0.119628094,0.32,0.1834143897,0.0038387716,0,0.0002658867,0.358,0.301,8.93734918223255,8.93734918223255
"40131",0.1243251784,0.000418493,9.8015462214,76.58,0.1467091374,0.0732339598,9874.27,8.1,0.1639304563,4.0511328127,3.8442733942,0.1370729537,0.1170801217,0.1173195108,0.322,0.1941089985,0.5336862091,0.0020263876,0.0003117519,0.32,0.288,49.9296945844638,17.2551150402191
"40133",0.1885007278,0.0003522781,12.525442305,69.91,0.2327167874,0.0919232485,10890.23,7.1,0.2398216949,5.0104566084,4.7013507582,0.1172682028,0.1529434919,0.1462690278,0.376,0.2452260033,0.4643670042,0.002478266,0.000708076,0.375,0.381,31.5059861373661,13.1274942239025
"40135",0.1807870922,0.0002672952,7.2898695113,69.09,0.2233839515,0.0750944898,11346.21,6.9,0.247905463,5.2769264074,4.8395373865,0.1210923636,0.1628874605,0.1538813227,0.373,0.2512085648,0.330353141,0.002442091,0.0002659703,0.337,0.357,36.3474819272243,21.0007673357296
"40137",0.1588371836,0.000560777,16.823310379,53.13,0.1933493714,0.0764389309,10019.88,7.4,0.1945559095,4.3500917683,3.9611089444,0.1311499482,0.1262539742,0.1234366487,0.341,0.1838128481,0.6119916533,0.0007641651,0.0006742634,0.343,0.312,55.5705746297798,21.777657625184
"40139",0.2398187605,0.0004653544,14.425985388,62.51,0.287433573,0.1360385831,8155.78,8.2,0.2299813991,4.4858156069,3.8278066111,0.1319490002,0.1356024764,0.1205268805,0.375,0.1801840674,0.5558624031,0.0015100901,0.0002288015,0.338,0.29,23.2774674115456,15.5183116076971
"40141",0.2013675214,0.0002661344,14.637391883,72.48,0.2495759632,0.0887185104,10731.52,6.9,0.2373346619,4.7101755272,4.2625012935,0.1150168161,0.1417112998,0.1332054136,0.356,0.2067092369,0.4092842843,0.0013109596,0.0006554798,0.367,0.373,26.5392781316348,26.5392781316348
"40143",0.1579811146,0.0011106905,11.763932908,52.64,0.1958786373,0.07025743,10086.41,7,0.180233066,3.8592497134,3.8670243511,0.1297666575,0.118300019,0.1211031928,0.346,0.1888297451,0.9071565769,0.004002554,0.000751273,0.3,0.254,42.9442718304407,19.5629204197136
"40145",0.1460279651,0.0003787928,5.3553468567,62.92,0.1761194683,0.0765625,9835.24,7.7,0.1679520963,4.1241434482,3.8700530138,0.1418281332,0.1191932644,0.1196813804,0.342,0.1728193819,0.6752411576,0.0012285012,0.0001849357,0.325,0.278,28.7031399495521,20.4401148125598
"40147",0.1660399952,0.0005190212,14.801714692,34.63,0.2004115504,0.0852317361,8670.76,6.9,0.1766163021,4.3009063522,3.9640313178,0.1268581074,0.1242907625,0.122942623,0.338,0.1917909888,0.6557399561,0.0026378112,0.0006738934,0.378,0.329,57.0348296965619,19.2252234932231
"40149",0.1562207671,0.0002572678,18.008747106,75.5,0.1864305907,0.0886618326,10183.49,6.8,0.1680361954,3.9533572498,3.8228658263,0.1337194575,0.116014286,0.1172569043,0.333,0.1885584102,0.4406225815,0.0004330129,0,0.319,0.311,46.1693839272832,40.3982109363728
"40151",0.129758791,0.0007523646,21.496130696,45.07,0.1518158365,0.0721703011,8348.44,7.4,0.1672558455,3.9578273114,3.8030869773,0.1521406581,0.114548037,0.1147279006,0.323,0.1848397363,0.7951115116,0.0037683032,0.0006459948,0.368,0.31,28.7842262440183,28.7842262440183
"40153",0.1543202765,0.0004638434,14.3791456,67,0.1883900151,0.0819759207,9334.93,7.6,0.1741378076,3.7860721107,3.7394727271,0.1467455969,0.1114492202,0.1124447586,0.323,0.1869449141,0.7513072058,0.0031585304,0.0005573877,0.344,0.303,21.9085474633032,20.3436512159244
"41001",0.089493825,0.0008122462,19.993751953,36.97,0.1022044088,0.0549763033,7886.36,6.2,0.1493434366,4.070697166,4.4046312305,0.174915634,0.1171175092,0.1270027342,0.29,0.1574378082,0.7028015371,0.0024908151,0.0008095149,0.307,0.177,62.3402531014276,37.4041518608566
"41003",0.070817915,0.001176175,12.561092587,22.08,0.0808093435,0.0360499549,6465.68,7.2,0.1414776062,3.8552758152,4.1901611673,0.1899288205,0.1160320159,0.1252611777,0.301,0.143641371,0.8602694586,0.0062560823,0.0008457296,0.265,0.115,42.9212262556358,12.9143512627577
"41005",0.061927529,0.0008866418,8.990946789,28.05,0.073489561,0.0320952115,7351.1,8.4,0.124112036,3.4965879293,3.7985154185,0.2125111808,0.0973828556,0.108645692,0.286,0.1396636878,0.9227164408,0.0020026736,0.0003873692,0.281,0.146,72.8073328689825,17.1848550785398
"41007",0.092669805,0.0007401338,15.860008987,49.39,0.1066258105,0.0514098361,8589.12,7.6,0.1460554215,3.9867217445,4.4008158582,0.1850262612,0.1137488957,0.124296233,0.287,0.1617872911,0.8859310457,0.0019213321,0.0006671292,0.312,0.197,62.3151390680815,27.2080184663454
"41009",0.0705740449,0.0003225806,8.2661290323,43.39,0.0820878055,0.0402962702,7999.85,7.9,0.1482494665,4.10658049,4.3035029226,0.1864615304,0.1126227626,0.1206617652,0.301,0.149997733,0.730643756,0.0019410016,0.0005256879,0.331,0.202,36.0374789781373,25.3597074290596
"41011",0.0916442628,0.0007921294,12.990922197,46.66,0.1065300896,0.0466130114,8120.32,7.3,0.1793495399,4.9742565623,4.6276038935,0.1866301267,0.1334426264,0.133896855,0.315,0.183599119,0.7818790349,0.0021448579,0.0007362945,0.368,0.216,79.7435531826127,29.5737680677239
"41013",0.0873291925,0.0004160888,14.794267221,37.61,0.1023706897,0.0438247012,7333.51,7.1,0.1707528097,4.2503638589,4.5572426202,0.168819654,0.1248119613,0.133000592,0.307,0.1619077176,0.6377157022,0.0035241452,0.0005238594,0.295,0.221,46.01368140127,24.5406300806773
"41015",0.0988676247,0.0007116488,12.009073522,31.68,0.1118359739,0.0545977011,7683.01,7.4,0.1523182035,3.9941346083,4.3067325347,0.1612383591,0.1158220035,0.1257071168,0.281,0.1435470976,0.9434805938,0.0016565928,0.0007163645,0.317,0.193,103.656098680606,53.3088507500259
"41017",0.0864141593,0.0010897597,10.041764612,25.5,0.1005121761,0.0476653696,7620.5,7.7,0.1294890634,3.7511967168,4.0690363893,0.2034608622,0.1082945505,0.1196178729,0.289,0.1556307835,0.870610462,0.0032514027,0.0009038195,0.229,0.129,64.3308923017366,20.4947975474559
"41019",0.0814102325,0.0006407578,10.679296095,36.31,0.0956037213,0.0407252572,7312.95,6.8,0.160966347,4.5603409223,4.6956393271,0.1885811991,0.1264661514,0.1330217064,0.296,0.1656301725,0.6787409327,0.0018509517,0.0006356804,0.326,0.212,83.871327147694,27.5444579931541
"41021",0.0713765477,0,16.137708445,56.73,0.0760233918,0.0591397849,7238.94,6.7,0.1408643226,4.0112913524,4.2115723848,0.1765420401,0.1105038737,0.119183515,0.276,0.1416911073,0.8198824158,0.0010351967,0.001552795,0.307,0.194,106.288751107174,0
"41023",0.0877742947,0.0009742519,12.526096033,35.19,0.0983307251,0.0585185185,6726.18,6.2,0.1566805069,4.2372309048,4.4663422167,0.1651123773,0.1205212208,0.1294715367,0.289,0.1538746137,0.6474143721,0.0013927577,0.0004178273,0.321,0.234,60.4005017887841,55.754309343493
"41025",0.1002231313,0.0006944444,16.666666667,27.32,0.1176176176,0.0512820513,7166.1,6.5,0.1593214718,4.2582236687,4.5642492851,0.1773520432,0.1249771688,0.1337270477,0.303,0.1637195592,0.5393424953,0.003087286,0.0011226495,0.34,0.186,74.0123970765103,83.2639467110741
"41027",0.1143118893,0.0019881575,17.288326058,30.83,0.1335711737,0.0689887262,6284.9,9,0.1664425067,4.0764935803,4.2556159112,0.2029700031,0.1155688112,0.1212536822,0.286,0.1478921414,0.8939855008,0.002403321,0.0006554512,0.27,0.155,88.0815548560372,8.66375949403645
"41029",0.088692238,0.0009173578,8.7501822955,34.04,0.1065788507,0.0396935779,7736.42,7.3,0.1630767821,4.5137990901,4.7343955171,0.1811599882,0.1263846018,0.1341861416,0.301,0.1711907829,0.8356987491,0.0025298758,0.0008274406,0.262,0.156,78.3570359457037,24.2421967496688
"41031",0.1273331043,0.0004853084,9.2649783817,42.13,0.1532751448,0.0683636364,8071.08,7.5,0.1890696247,4.7336255684,4.8617240463,0.1840524355,0.1378225214,0.1418026859,0.316,0.1852335273,0.5853130755,0.0012617159,0.0005857967,0.354,0.193,67.7087933115488,14.7193028938149
"41033",0.0885771157,0.000778807,8.8500796507,41.64,0.1059405941,0.038954045,7251.25,7,0.1680025947,4.6260538051,4.5610610209,0.1701450528,0.1311537533,0.1356708668,0.293,0.1935865034,0.8105739122,0.0051794878,0.0007296738,0.295,0.191,143.953934740883,25.9589062647494
"41035",0.1026340746,0.000863427,11.057925351,37.8,0.1238377008,0.0461718696,7636.09,6.6,0.181624851,4.6940467773,4.7967641804,0.1919697097,0.1325032506,0.1373294388,0.328,0.1857400223,0.6770864718,0.0024291498,0.0005805515,0.318,0.202,76.8010347928898,27.7898481158483
"41037",0.1107297688,0.0005109209,14.050325712,51.89,0.127030303,0.0665770007,8061.04,5.6,0.1713907506,4.458051606,4.5552765403,0.1738600444,0.1279844789,0.1327152198,0.319,0.174961581,0.6947435085,0.0012758357,0.0005103343,0.296,0.222,72.3281143635126,76.5827093260722
"41039",0.087936049,0.0008652641,10.085561939,31.86,0.1036776614,0.0380364475,7293.54,7.3,0.1553500762,3.9911010792,4.6947281232,0.1959512164,0.1183665365,0.1347473562,0.297,0.1584447282,0.9108653313,0.0062957495,0.0005692965,0.276,0.151,69.1266842753296,22.0948685813719
"41041",0.1153330614,0.0004889664,11.05489179,36.49,0.1318077459,0.0604725181,7001.99,7.4,0.1613416961,4.3883683192,4.567004968,0.170171939,0.1243715516,0.1293794933,0.301,0.1714667525,0.9442803146,0.0025643236,0.0008404086,0.333,0.2,59.4690265486726,38.2300884955752
"41043",0.0832032008,0.0006470505,11.447817034,33.09,0.0992334201,0.0427643195,7865.98,7.1,0.1714382407,4.3050507258,4.4535775076,0.181727236,0.1212579248,0.1297942715,0.32,0.1734715877,0.7340407296,0.0011226918,0.0002429706,0.354,0.2,72.2256527875794,20.3996118560339
"41045",0.1190174039,0.0002962475,13.495720869,42.57,0.149480687,0.0596395696,8947.14,7.8,0.2197298022,4.9236380454,4.6328883403,0.1874772432,0.1432964382,0.1379516045,0.309,0.1783446342,0.5140676396,0.0031621595,0.0009881748,0.319,0.193,48.2572550395929,21.9351159270877
"41047",0.0971557868,0.0007045661,10.250982764,35.36,0.1170474001,0.0518003641,7928.85,8.1,0.1538533282,4.1748397767,4.054202301,0.1728976192,0.1221340154,0.1256773095,0.3,0.1467968385,0.8322006755,0.0027199411,0.0004446352,0.341,0.162,64.1409045780697,15.1038236840038
"41049",0.1143645237,0.000357462,10.72386059,42.51,0.1388198758,0.0635930048,8055.24,7.9,0.1750517829,4.1440141074,4.1966448101,0.1911675671,0.1205371556,0.1235299353,0.315,0.1505165601,0.3302604493,0.002860463,0.0005363368,0.334,0.181,17.8300793438531,20.8017592344953
"41051",0.0819232299,0.0014045406,11.413473973,28.89,0.0974267727,0.0302164971,7473.76,7.7,0.1422180841,3.9242637705,4.1895606065,0.2291666665,0.1132939475,0.1202715354,0.283,0.1552867985,0.9895353676,0.0060562989,0.0008638981,0.227,0.124,52.8568024296383,16.6893980493263
"41053",0.0805667889,0.0006046025,8.8171203285,34.06,0.0958307947,0.0437542987,7581.4,7.4,0.1421395071,3.9673334842,4.4082562159,0.1864072214,0.1142196771,0.1259456803,0.295,0.1474541408,0.9190748379,0.0022845115,0.0004106987,0.331,0.167,69.0001254547736,11.7091121983858
"41055",0.0821371611,0,23.80952381,61.69,0.0877742947,0.0668789809,6589.65,4.9,0.1543837415,4.2357196204,4.4406871679,0.1719681905,0.1205387963,0.1288407711,0.29,0.157546914,0.0685552408,0,0.0005847953,0.282,0.193,19.6078431372549,19.6078431372549
"41057",0.1016877637,0.0006626905,13.643628426,40.91,0.1163902165,0.0599959734,7937.74,8,0.1542957077,4.0520777795,4.4520693638,0.1743267308,0.1179316085,0.128470048,0.307,0.1638653525,0.9117623762,0.0020519296,0.000631363,0.3,0.181,45.3732272031943,28.5203142420078
"41059",0.1149595775,0.0005095974,10.845278384,35.3,0.1408110031,0.0598311817,8267.57,7.5,0.1739080529,4.4576221232,4.3288388113,0.1948187218,0.1265091409,0.126943231,0.33,0.1727676471,0.6018790602,0.0017208787,0.0005866632,0.349,0.206,34.8292496038173,19.1560872820995
"41061",0.0778183253,0.0007754944,18.999612253,43.39,0.0908844643,0.0449302806,7990.34,7.1,0.1562037159,4.3543361997,4.5612305587,0.1947150992,0.1259197096,0.1331501326,0.292,0.1635311205,0.754893584,0.0017905103,0.0007395586,0.353,0.163,64.4595709570957,15.470297029703
"41063",0.082158679,0.0014585764,18.961493582,54.26,0.0911283838,0.0575427683,9082.19,6.9,0.1338049129,3.9720821758,4.2431926983,0.1760606625,0.1135623658,0.1230000962,0.287,0.1445443051,0.6469748858,0.0013196481,0.0004398827,0.28,0.184,106.682184075259,106.682184075259
"41065",0.1199126464,0.0007371484,12.415130941,43.35,0.1438182193,0.0598537664,7772.15,6.9,0.1743112595,4.537335716,4.4693673121,0.1845475858,0.1266739836,0.1298845527,0.302,0.1725060287,0.7027723793,0.0022731726,0.0010582011,0.275,0.179,151.153026290291,21.9624055293586
"41067",0.0766747892,0.0009158562,7.2606846982,26.15,0.0921580071,0.0379312505,7636.7,8.5,0.1311321394,3.2346668725,3.6921359533,0.2049118214,0.0969729027,0.1087601377,0.311,0.123166474,0.972902154,0.0023126192,0.0005079947,0.285,0.119,45.7530740891679,13.4875644074803
"41069",0.0914285714,0,0,NA,0.100877193,0.0579710145,7113.85,4.4,0.1600160726,4.3447733005,4.4861640589,0.1538041928,0.1235143513,0.1310146264,0.279,0.1472571802,0.3386537127,0.0014545455,0.0021818182,0.282,0.188,24.5278390973755,24.5278390973755
"41071",0.0928261165,0.000720833,10.325446381,38.49,0.1128033531,0.0446576936,7798.16,8,0.1700327452,4.2825693926,4.3451790119,0.2045923354,0.1199063687,0.1239518689,0.318,0.1542140294,0.8083030053,0.0029776529,0.0004323984,0.317,0.19,62.6914674973825,20.0354174476171
"42001",0.0788250581,0.0004985581,10.459944279,43.94,0.0881302238,0.0535075653,9418.93,8.9,0.125947596,3.2046393755,3.5419643834,0.1874902164,0.0946309632,0.1054024088,0.328,0.1596451668,0.6119400041,0.0006783727,0.000422754,0.334,0.218,64.99253728906,11.4308482669201
"42003",0.0596100792,0.0010939007,12.190572786,55.96,0.0696709718,0.0280612034,10609.5,7.7,0.1358529942,3.4435678803,3.6798950085,0.2069956998,0.101644197,0.1078732836,0.364,0.1598166168,0.9488403954,0.0024357261,0.0012361371,0.284,0.21,71.9268559203641,13.8320876769931
"42005",0.0715718937,0.0004474139,20.879317545,64.14,0.0800459977,0.0464153732,10208.15,8.3,0.1403883779,3.5570136463,3.7653774259,0.1802400615,0.1035205944,0.1119563669,0.373,0.1809219747,0.757850916,0.000811389,0.0005753485,0.357,0.275,76.9907064766569,17.3849982366645
"42007",0.0546019732,0.0004559693,14.685766058,51.63,0.0632857257,0.0293063769,10524.62,7.4,0.130873296,3.4038658426,3.6986032607,0.1810275564,0.0994551305,0.1101735708,0.352,0.1773884689,0.8587771712,0.0006552848,0.0005726363,0.298,0.266,70.7940801911045,14.6334132238596
"42009",0.0848152137,0.0002675668,19.141316429,63.3,0.0957089882,0.0543742111,10954.3,8.4,0.1364612486,3.4001589114,3.8587208205,0.1753618228,0.1030335731,0.1155677341,0.346,0.1731675855,0.5324343877,0.0010215339,0.0005516283,0.304,0.24,50.0490206160829,17.140075553453
"42011",0.0859310129,0.0006622182,11.992168969,46.74,0.0986949164,0.0533075245,10251.69,8.8,0.1534384279,3.4862577972,3.7469524813,0.1856503517,0.1058941209,0.1136769428,0.343,0.1727461808,0.8860301087,0.0010611785,0.0006236539,0.334,0.236,47.9990737867169,15.1956866761968
"42013",0.0635471469,0.0008599205,17.755766643,59.7,0.0722733784,0.0393671406,10982.92,7.7,0.1444902855,3.6149446049,4.0147513472,0.1728299658,0.1086943134,0.1178878157,0.347,0.1912196748,0.7543847225,0.0020086539,0.0012782343,0.3,0.243,67.2518195205716,11.4301511438126
"42015",0.0812273258,0.0008159136,13.870530833,94.69,0.0926628983,0.0515197241,9583.55,8.2,0.1419235552,3.6505810952,3.9996383683,0.1772181692,0.1070231487,0.1172891473,0.324,0.1901624725,0.4422886526,0.0004855626,0.0015861712,0.319,0.271,57.6604019909158,22.302608317241
"42017",0.0579990202,0.0008910255,7.6510240417,49.83,0.0667485051,0.0338865637,10464.61,8.8,0.1144152043,3.0336236281,3.4372131455,0.1939358132,0.0873888918,0.0989351758,0.346,0.1400244596,0.9470466966,0.0018733494,0.0004467954,0.275,0.188,72.7485055446805,13.6669341556892
"42019",0.0489562128,0.0006155724,12.900255864,49.78,0.0567842677,0.027415538,9641.11,8.6,0.1140994797,3.2256093312,3.5161597028,0.1882966502,0.0927211956,0.1033411238,0.372,0.1522151382,0.7858339407,0.0011132444,0.0006238471,0.291,0.218,69.8703378078941,13.5809352260868
"42021",0.0660053822,0.0008503713,19.719817317,68.02,0.0760966876,0.0371309878,11214.6,7.5,0.1374323836,3.6431490415,3.7958508765,0.1750466001,0.1072479918,0.1149211757,0.337,0.1756665777,0.6693740909,0.0014448349,0.0009366015,0.293,0.252,78.018954448181,21.7670437175176
"42023",0.0740219533,0.0004226543,27.472527473,74.79,0.0811204074,0.0515826495,10467.32,8,0.1354595586,3.5290682868,3.8540893926,0.1695355507,0.1047948701,0.1147088229,0.357,0.1696560196,0.9268436578,0,0.0010405827,0.286,0.269,42.2119037568594,56.2825383424792
"42025",0.0712554437,0.0005003127,15.009380863,65.04,0.0807257771,0.0430471212,10441.19,8.5,0.1329620604,3.4757777196,3.7634864336,0.1840430702,0.1017626764,0.1120339237,0.361,0.172219689,0.7864794863,0.000434506,0.0004189879,0.35,0.242,66.1475559259356,25.5214979556759
"42027",0.0788044373,0.0007223814,11.956657118,47.45,0.0850417304,0.0564267,9760.97,7.9,0.1339602282,3.3610243334,3.6577556286,0.2231585967,0.104288885,0.1125626561,0.346,0.1771942299,0.8808883694,0.0016252788,0.0007811417,0.269,0.172,29.5349698202527,11.2316082415045
"42029",0.0637143833,0.0008663815,9.826743084,40.48,0.0732975539,0.0404658397,9987.08,8.7,0.1186775995,2.9690235576,3.3493493826,0.2053828222,0.0868600281,0.0986090968,0.319,0.1526942134,0.8739832346,0.0018077787,0.000604543,0.218,0.161,55.0796583896158,12.2974560446851
"42031",0.0813063947,0.000481037,16.456529445,65.28,0.090287862,0.0535856047,10427.1,8,0.1549880607,3.8737991257,4.0311023629,0.1900090472,0.1110658639,0.1199600433,0.358,0.1843415059,0.5632689807,0.0009530924,0.0005924628,0.333,0.257,45.3642837578746,18.8304574089291
"42033",0.0732736424,0.0006049831,17.655628812,59.08,0.0827909227,0.0451708384,10342.01,8,0.1418215441,3.6659370275,3.8642397137,0.1906401466,0.1080941647,0.1153133301,0.36,0.1753710478,0.48593861,0.0020691949,0.0010345974,0.397,0.278,56.4294570003419,21.8303738760447
"42035",0.0756724605,0.0005324409,15.21259603,78.34,0.0850883076,0.0498614958,10227.09,7.7,0.1389698548,3.6162910547,3.9244062085,0.1937567533,0.1076976442,0.1161352918,0.368,0.1765974417,0.8198684948,0.0008554535,0.0007799723,0.337,0.231,48.1341676589061,9.28904989908714
"42037",0.0667554129,0.0005399568,14.848812095,50.13,0.07649178,0.0357606228,9448.35,8.1,0.1456892914,3.6930871354,3.9407440903,0.1848948503,0.1095873274,0.1180238618,0.367,0.1792230822,0.7160115908,0.0004767438,0.0004022526,0.33,0.261,59.4364030487378,15.4834327269821
"42039",0.0975551366,0.000624393,15.841080431,57.97,0.1102568297,0.0637317228,9711.8,8.2,0.1511813801,3.6805603238,3.9003908005,0.185439556,0.1098941003,0.1175850237,0.362,0.1993386594,0.7144933251,0.0009750502,0.0005965013,0.341,0.254,39.2434478831623,19.2369842564521
"42041",0.0680950405,0.0009255576,13.436822577,40.6,0.0754054413,0.0484768008,9707.48,8.5,0.1171322923,3.099297892,3.4654061062,0.1916062033,0.0913088563,0.1021911105,0.334,0.1585596374,0.8568090873,0.0016409449,0.0006974016,0.292,0.185,51.177488403831,13.8097984581766
"42043",0.0740657619,0.0010366946,18.352791199,44,0.0864944163,0.0412749984,9757.79,7.6,0.139825494,3.4855981957,3.654993276,0.1874150381,0.1040142615,0.1105187916,0.38,0.1655225151,0.8956396867,0.001764578,0.0016061712,0.339,0.233,48.6467524625891,14.300678487746
"42045",0.0676186111,0.0010693499,8.1930291863,44.78,0.0794912937,0.0364036103,10615.96,8.2,0.1265779877,3.1765914495,3.4773756716,0.209082468,0.0962666243,0.1049732086,0.367,0.1456273858,0.9352193911,0.0022381697,0.0005755293,0.259,0.202,61.7657916907261,13.9623820297044
"42047",0.0598716155,0.0003887017,17.815496243,66.89,0.0638958492,0.0485900908,10692.04,8.6,0.120427025,3.2416392774,3.6168996008,0.1856094515,0.0958294372,0.1064675132,0.363,0.1579770789,0.7473549114,0.0005129192,0.0007373213,0.297,0.267,31.3357681585374,21.6108745920947
"42049",0.0694204259,0.0007948354,12.87561366,49.64,0.0821606594,0.0359264181,9823.34,7.4,0.1453849345,3.5478580246,3.9791262716,0.2008856959,0.1081215578,0.1183342327,0.326,0.1960360499,0.8445321243,0.0015694415,0.0010594628,0.336,0.211,69.7734464599883,17.8937065792397
"42051",0.075486523,0.0004490077,13.844403867,65.24,0.0876062413,0.0391683683,10641.73,7.3,0.1592756319,3.8984312517,4.040843297,0.1732193476,0.1155604941,0.1223485451,0.386,0.2045467954,0.6741138749,0.0022672016,0.0006488373,0.413,0.313,61.9307923395605,19.4782330745392
"42053",0.0828313253,0,10.796221323,81.73,0.0854587612,0.0577507599,9925.31,8,0.1594124672,3.6747481744,3.6622793351,0.1927294734,0.1086718556,0.1096264948,0.377,0.1925391705,0.9013737688,0.0003990423,0.0002660282,0.322,0.214,67.4187603937256,71.9133444199739
"42055",0.094009849,0.0006638983,15.816399589,40.97,0.1063367087,0.0627731537,9093.94,8.3,0.1384669183,3.3843471017,3.7081554973,0.1756506603,0.0997506923,0.11017358,0.332,0.1655766925,0.7846448957,0.0007717866,0.0005363263,0.366,0.259,58.647077094841,14.9875863686816
"42057",0.0781398565,0.0002050721,19.823637979,83.67,0.0856608625,0.0584354383,11083.26,8.3,0.1308192023,3.4156325454,3.8022042542,0.1868185482,0.1014962281,0.1119843812,0.331,0.1727639311,0.5556753116,0.0003417168,0.0008884636,0.303,0.204,38.7234914922211,36.4456390515022
"42059",0.0653268113,0.0004531038,14.925770943,76.99,0.0728850531,0.0440074906,10609.87,7.8,0.1348454704,3.4143152279,3.7517999642,0.193375667,0.1024641721,0.111884174,0.36,0.1815214331,0.5410742904,0.0008455989,0.0007398991,0.332,0.241,51.5285317033733,14.2147673664478
"42061",0.0697198176,0.0004160462,17.298765,64.44,0.0787848229,0.0455006194,10184.24,8.3,0.1486124277,3.5857566051,3.8434118828,0.1812481132,0.1061160885,0.1141893199,0.353,0.1821857336,0.6396445451,0.0008087432,0.0004371585,0.32,0.263,44.5086536497096,18.2412514957826
"42063",0.0865920115,0.0005519398,15.17834556,77.44,0.0954816044,0.0582642613,10355.49,7.4,0.147873329,3.84016982,3.9491548469,0.2006559743,0.1125617838,0.1179631316,0.359,0.1805405518,0.6270927093,0.002268944,0.0004104622,0.311,0.249,101.135475566589,12.6419344458236
"42065",0.0882954545,0.0004726536,21.381949133,67.36,0.0961679184,0.0663580247,10905.41,8.3,0.1418255451,3.6583581103,3.9472028583,0.1790633659,0.1075731709,0.1169750652,0.347,0.1829998185,0.5684513274,0.0006048658,0.0005600609,0.318,0.237,69.0996762830383,18.0260025086187
"42067",0.0992514131,0.0002425516,23.042406112,47.71,0.1136475727,0.0626199198,9687.22,8,0.1390353659,3.6264696127,3.8425439324,0.1751072847,0.1072281643,0.1156940489,0.33,0.1791302994,0.4257590518,0.0001209873,0.0004436199,0.323,0.245,77.9611807086403,13.4415828808
"42069",0.077708229,0.0007455749,11.419565207,61.64,0.0915206875,0.0384999773,10471.16,8.1,0.1400904062,3.4927682371,3.7944202832,0.1759073941,0.1043704627,0.1139760965,0.361,0.1943098659,0.9185168604,0.0012081666,0.0009308054,0.279,0.242,68.5580943365668,18.711956940485
"42071",0.1107948905,0.0007379469,14.143981633,34.11,0.1157230077,0.0979115996,8449.46,8.5,0.1355021887,3.4443055943,3.6785919785,0.1781925851,0.1005812369,0.1083622694,0.322,0.163157973,0.7470011262,0.0010069002,0.0005850146,0.278,0.206,70.9381240503244,11.6261430301583
"42073",0.0705771188,0.0004427692,17.597238936,78.81,0.0809315015,0.0414274884,11639.17,7.2,0.1348220502,3.5512828568,3.855187293,0.1715199072,0.1053512524,0.116021783,0.352,0.1785685053,0.7737081266,0.0008448705,0.0004393327,0.339,0.264,62.4652182307579,16.6573915282021
"42075",0.0873177442,0.0006055433,15.831673561,39.3,0.0991157011,0.0583446404,8599.1,8.8,0.1421462334,3.4946306949,3.6816322395,0.1929858447,0.1017301704,0.1098062315,0.365,0.1688838528,0.8586862123,0.0021560733,0.0005720194,0.292,0.213,63.7902054141634,13.8252536448947
"42077",0.0858933237,0.0009620583,10.5077838,51.34,0.1021746201,0.0437921815,9556.27,8.6,0.1691568921,3.6380344569,3.8992113423,0.1816558786,0.1086803408,0.1135593275,0.378,0.168287493,0.8746083657,0.0014895633,0.0012184795,0.298,0.232,83.0209262657687,17.3807729821431
"42079",0.0781002405,0.000769354,10.58254226,58.36,0.0906210156,0.0412898638,10852.33,8,0.1545062516,3.8232866918,3.903043693,0.1800029916,0.1118294247,0.1167930024,0.358,0.1769116925,0.8179316835,0.0008217571,0.000768437,0.289,0.252,63.7543110182759,18.6649134231137
"42081",0.0715198519,0.000697987,16.631049221,44.92,0.0830710765,0.0396638519,9502.13,7.7,0.1346300534,3.5097219235,3.8041014169,0.1956880382,0.1048001643,0.1137050883,0.321,0.1916717441,0.7520562221,0.0011243863,0.0010728877,0.37,0.268,81.0801485894354,16.676058929742
"42083",0.0722574995,0.0004715647,20.277280015,64.75,0.0811610123,0.0481362909,9346.37,8.3,0.1413224992,3.6445204185,3.8982063984,0.1811484057,0.1098543475,0.1179906148,0.374,0.1932243206,0.7305868815,0.0006344879,0.0003994924,0.331,0.237,52.8187057052086,17.3434556046953
"42085",0.078867898,0.000682809,16.107288548,58.07,0.0917114533,0.0428485214,10178.98,7.9,0.1378509211,3.5474904985,3.8308159246,0.178423989,0.1048518804,0.1145150781,0.352,0.1713790074,0.8452476894,0.0013840047,0.0006093103,0.289,0.247,64.3216550546588,16.3727849230041
"42087",0.1074770179,0.0004516129,17.849462366,61.49,0.1248436612,0.0631207649,9432.21,8.2,0.1497536397,3.6904578743,3.9958978476,0.1709606146,0.1112658926,0.1200354096,0.326,0.1820322054,0.6144124074,0.0007733288,0.0005155525,0.362,0.236,71.7390992438699,20.0869477882836
"42089",0.0853333138,0.000456739,7.6323491409,60.73,0.0966862926,0.0525672372,9865.81,8,0.1695693143,3.6199593118,3.8364871576,0.1752972411,0.1047694099,0.1124813467,0.354,0.1738417292,0.8295710131,0.0007576031,0.0006193105,0.349,0.263,42.7017154862883,19.2458435994539
"42091",0.0534499442,0.0014256699,11.046500273,43.46,0.061430517,0.0328762854,9998.55,8.7,0.1150866041,2.9795902346,3.1442698748,0.2036205346,0.0871184765,0.0954161093,0.336,0.1280262628,0.9533439017,0.0023125223,0.0006904513,0.258,0.171,69.2476257666266,13.5891345511476
"42093",0.0504004419,0.0045265937,17.783046829,25.62,0.0558277105,0.0359468612,9001.53,8.6,0.1272317272,3.2260293077,3.6028725606,0.1826600087,0.0941368711,0.1048850089,0.341,0.1558842877,0.6955712487,0.0037015182,0.0118555871,0.347,0.26,72.0188689436632,61.2160386021138
"42095",0.0686521346,0.0008543514,10.737567858,53.42,0.0798082631,0.0376610971,10321.19,8.6,0.1372719589,3.3715478845,3.6574324987,0.1805739644,0.0972379861,0.1061039608,0.356,0.1676524614,0.8729071154,0.0016464108,0.0010044769,0.318,0.267,79.8883775688484,17.3718494159407
"42097",0.0730876605,0.0004182485,15.443021685,47.95,0.0826333923,0.0453724365,9722.72,8.2,0.1401025666,3.4995649997,3.824728982,0.1815726846,0.107139582,0.115407393,0.37,0.1774939002,0.7016545362,0.000266116,0.0002767606,0.397,0.266,65.7774790781143,16.8018560688662
"42099",0.0933826443,0.0002845573,15.541206085,50.88,0.101916717,0.0697901415,10331.31,8.6,0.1175642016,3.2233821488,3.6113082448,0.204679606,0.0941042141,0.1054143541,0.349,0.1641921372,0.6385390154,0.0002191349,0.0001533944,0.295,0.259,37.9177331029102,16.0421178512312
"42101",0.1095780888,0.0006858308,7.4962901339,56.26,0.1355722951,0.0354019452,10751.69,6.9,0.1892701344,4.0936706927,4.5984910487,0.1875954449,0.1287998213,0.1384052852,0.432,0.1952416436,0.996470525,0.0020310236,0.0009998097,0.286,0.242,47.4272677187271,10.1371259246134
"42103",0.0860582435,0.0003038481,8.2217734008,55.48,0.0954142909,0.0592007027,9663.62,8.9,0.1324277639,3.3163370168,3.5825546439,0.1850781065,0.0969109317,0.1054226584,0.34,0.1673749305,0.8245568164,0.0007830435,0.0001779644,0.284,0.285,34.5851570046869,18.4851701231947
"42105",0.0779506641,0.0004095244,19.306148716,60.99,0.0843147473,0.0618172129,9603.94,7.8,0.1399259488,3.7413722836,3.92273452,0.1699715572,0.1097754599,0.1178915169,0.348,0.1765186411,0.4185713467,0.0002905963,0.0014529815,0.316,0.245,76.1956861519225,70.3344795248515
"42107",0.0791918023,0.0005740369,13.486409849,58.81,0.0892345971,0.0501607057,9955.9,8.3,0.1384758761,3.456125174,3.7452358761,0.1801930023,0.1020559151,0.1119533938,0.353,0.1802691716,0.7028370277,0.0005830024,0.0004458254,0.296,0.243,67.0568716010692,24.6566503825237
"42109",0.1050184384,0.0004945109,14.588072396,35.2,0.1179865057,0.0713734993,9083.4,8.6,0.1343175727,3.3308283344,3.7923044711,0.1935002096,0.101737064,0.113273521,0.364,0.1791692463,0.6541484056,0.0003719961,0.0005455943,0.327,0.218,46.1912813956366,10.7229760382728
"42111",0.0872628336,0.0004369588,21.583114854,53.75,0.0994835424,0.0503935901,10379.87,8,0.1349701196,3.3822510902,3.6248079222,0.1832145002,0.1029137772,0.1102812438,0.363,0.1675747944,0.7242931749,0.0007872156,0.0005379307,0.388,0.276,46.7370073324192,19.4002671945891
"42113",0.0893719807,0.0001580278,22.123893805,46.59,0.094021596,0.0692488263,9100.73,7.7,0.1393553555,3.5933623368,3.781849869,0.1731298555,0.1041492662,0.1122539613,0.336,0.1677697145,0.3878344742,0,0.0003155072,0.288,0.225,106.360348861944,116.996383748139
"42115",0.093303327,0.0003840061,12.480199683,82.72,0.1037147342,0.0624338624,9655.75,8.5,0.132631365,3.5799351023,3.8159789503,0.1816512993,0.1050792606,0.1136316175,0.341,0.1720832429,0.3920795276,0.0004055344,0.0004055344,0.326,0.276,69.908716893803,18.4816148110054
"42117",0.0857930689,0.0005014686,15.999235857,67.32,0.0987846419,0.0492553067,9122.63,8,0.1468032443,3.6861701614,3.8687853793,0.1824953513,0.1080420808,0.1157928009,0.347,0.174667509,0.5270479503,0.0009935185,0.0006386904,0.326,0.238,76.4221687974653,12.7370281329109
"42119",0.0894616617,0.0008453085,14.459224986,27.03,0.1004782446,0.0605303841,8827.69,7.4,0.140610696,3.2828347348,3.6236954579,0.1937496498,0.0999268568,0.1081386489,0.33,0.1802858533,0.7358889359,0.0011365156,0.0013147925,0.295,0.208,72.3818808948764,10.3402686992681
"42121",0.0729304021,0.000602421,20.143451496,70.95,0.0828409926,0.0442332298,10584.41,8.2,0.1419363072,3.8438049233,3.9575857948,0.1698454161,0.1097121874,0.1167903875,0.34,0.1868023763,0.6566637567,0.0008967102,0.0008406658,0.364,0.242,83.5269735602587,14.4445142247064
"42123",0.0712470618,0.0004455887,18.071096148,47.42,0.0801099133,0.0457674194,8619.5,8.3,0.1292737176,3.3448100442,3.7366827525,0.1749627775,0.1007397186,0.111499591,0.359,0.1682417555,0.7722587588,0.0009827285,0.0008107511,0.319,0.233,45.408011624451,16.5120042270731
"42125",0.0572085862,0.0007586634,14.549051431,75.18,0.0662935162,0.0310280374,11094.98,8.1,0.1344152268,3.6786869104,3.8921739077,0.1861066403,0.1013781557,0.1085150079,0.386,0.1815459008,0.8381050909,0.0007877533,0.0006148319,0.314,0.227,86.7992998403341,17.6160940635364
"42127",0.0810854773,0.0005273644,11.328567522,57.19,0.0898760697,0.0544122401,9863.46,8.6,0.1385925293,3.4505358359,3.6818276776,0.1805260927,0.1008980494,0.109359353,0.353,0.1698954583,0.6928363182,0.0004474621,0.0005836462,0.302,0.255,33.918426185025,24.7865422121337
"42129",0.0587752959,0.0007878063,14.303433942,64.39,0.0688936561,0.0279038373,10526.77,8,0.1255841963,3.1830691627,3.5286051955,0.1788795692,0.0953550843,0.1061455745,0.387,0.1637930966,0.8253411434,0.0011800067,0.0005983524,0.302,0.246,87.0672505952081,17.338874315534
"42131",0.0685012509,0.0005035971,10.791366906,69.5,0.0768764031,0.0451322843,9612.56,8.7,0.1301799978,3.5025308157,3.7624455927,0.1865675847,0.1005714475,0.1102536483,0.357,0.173331334,0.5080633753,0.0004976716,0.0005332196,0.342,0.243,62.3112687532953,17.974404448066
"42133",0.0707974067,0.0006977264,12.554559269,41.66,0.0837971877,0.0363044664,9735.85,8.4,0.1264552632,3.149050981,3.5332281398,0.1751171035,0.0972996102,0.1071284245,0.335,0.1721867638,0.778698399,0.0009007272,0.0006125852,0.345,0.205,64.0365957844332,17.1768751045303
"44001",0.0442487183,0.0018132182,9.7791541032,43.07,0.0511696419,0.0254473161,8554.34,7.8,0.1097746637,3.2599056611,3.6544818759,0.1906740017,0.0930607215,0.1069507589,0.284,0.1265508961,0.8930125313,0.0017733388,0.000203832,0.235,0.186,128.387144982372,14.9445353947735
"44003",0.0479732215,0.000800966,9.6479997087,57.13,0.0559893335,0.0236928593,9620.59,8.3,0.1386919084,3.8916659279,4.1873371735,0.1883312042,0.1092655065,0.1182015216,0.347,0.1578811093,0.9201001456,0.0024344751,0.0007327649,0.291,0.23,88.3644091615896,11.9302062712444
"44005",0.0502897125,0.0008492775,12.375186538,46.32,0.0565910346,0.0319016107,8869.67,8.1,0.1223819964,3.4594573686,3.9182524512,0.2153864693,0.0976569582,0.1119000358,0.286,0.1309283793,0.8774732169,0.0026591224,0.0003642633,0.244,0.19,72.3042433300345,11.3101609678266
"44007",0.0801521042,0.0009534739,9.4400234896,54.21,0.0947835315,0.0381322161,9437.09,8,0.1672278708,4.0275611017,4.0856302877,0.1695257593,0.1231103345,0.1260855169,0.383,0.1559008424,0.9507314092,0.0039131357,0.0009414944,0.277,0.257,74.2975694005645,11.2157209654998
"44009",0.0408458304,0.0009247769,12.172277243,39.93,0.0461017217,0.0259745692,8637.33,8,0.1017393711,3.1378250985,3.5571038019,0.1884667884,0.0923298683,0.1074351205,0.276,0.1293743427,0.8837996834,0.002629231,0.0005211089,0.239,0.172,83.5402073483758,11.5954861934654
"45001",0.1312292359,0.0004813092,12.032729023,40.9,0.1632129887,0.0471680932,9102.07,7.7,0.1803364498,4.2492954733,4.5467507429,0.1371667278,0.1314365274,0.1393077479,0.343,0.1783668509,0.6378014715,0.0004806729,0.0003204486,0.392,0.319,80.2471612566706,16.0494322513341
"45003",0.1206114627,0.0003557882,9.7087964108,48.77,0.1506769708,0.0402095577,8748.67,7.6,0.1655758772,3.9905922939,4.2792052944,0.1584744311,0.1236867963,0.1303223446,0.326,0.1766384696,0.6932273156,0.0011957294,0.0003338331,0.326,0.247,60.4369126977753,19.6771343667175
"45005",0.1272868217,0.0008480865,5.3005406551,56.76,0.1622593611,0.0334063527,9159.05,4.7,0.2766402963,4.9628907617,4.687533488,0.1280925188,0.160398878,0.1549861358,0.434,0.235624299,0.0047029465,0.0011346055,0.0005157298,0.387,0.332,60.3414616831718,0
"45007",0.1276981931,0.0006677213,13.405789658,54.3,0.1605092755,0.0452822917,9971.72,7.4,0.159992431,4.2257047651,4.2149774515,0.1395920035,0.1255599423,0.1314225225,0.364,0.1769203789,0.6498562466,0.0015248172,0.0003734246,0.35,0.257,55.1302838182344,22.0863559396032
"45009",0.1362081383,0.0003360215,17.47311828,50.35,0.1690944404,0.0436339954,9313.23,5.1,0.2362485347,4.4589182322,4.5412341144,0.1291928822,0.14508888,0.1476734013,0.393,0.2008335819,0.3963845625,0.0003293374,0.0005928073,0.38,0.309,53.9374325782093,53.9374325782093
"45011",0.126325237,0.0001841197,18.872266974,58.82,0.1619684663,0.042599278,8836.95,6.9,0.2103989323,4.7481995159,4.4859622588,0.1405104678,0.1467449976,0.1435810331,0.398,0.2065880987,0.3700101675,0.00077417,0.0002732365,0.39,0.31,39.8974941304648,49.1046081605721
"45013",0.1585822761,0.0006904655,9.8001547979,37.32,0.1912821214,0.0720037248,8553.96,7.8,0.1259257666,3.2621659614,3.7574129497,0.2027798065,0.1044006891,0.1175971904,0.307,0.1406346288,0.8040102815,0.0010861406,0.0006198394,0.231,0.161,52.3589372249763,11.8828793702074
"45015",0.1286089996,0.0003550541,6.854516584,38.22,0.1624531085,0.044260109,9924.18,7.6,0.1509261106,3.7048042913,3.8941856658,0.1658828471,0.1097307975,0.1214749205,0.379,0.1608631999,0.7433916432,0.0007467016,0.0002522641,0.347,0.237,27.1291034811869,16.8331184250738
"45017",0.1338474722,0.0001353088,14.883972668,37.4,0.160452882,0.0567741935,9719.25,7.7,0.1894278236,4.2588423963,4.2598776537,0.1418823011,0.130808915,0.1346547541,0.372,0.178255465,0.0999670511,0.00020164,6.72133e-05,0.342,0.316,62.98504105275,65.2345068046339
"45019",0.1263590374,0.0012382406,11.406199424,30.6,0.1553332625,0.0370931677,9017.5,7.5,0.1494235891,3.6866649183,3.8033653958,0.2140688982,0.1121924128,0.1197499861,0.349,0.1700354312,0.8187625104,0.0028476569,0.001472383,0.265,0.199,43.4536293208292,14.3988357512807
"45021",0.1329115277,0.0004270919,16.905719472,57.34,0.1699813272,0.0386297376,9425.98,7.1,0.1945270325,4.7311328557,4.6288271493,0.1643901185,0.1394386006,0.1435399309,0.369,0.2157845824,0.6364244155,0.0004640868,0.0004105383,0.408,0.333,38.4925146863748,15.9891984081865
"45023",0.1184210526,0.0003099142,16.115535997,57.07,0.1480673317,0.0403800475,9337.88,6.1,0.2006385269,4.4395171812,4.6260672238,0.1477274498,0.1405485912,0.1470408467,0.345,0.2207528369,0.4449305975,0.0002473946,0.0001546216,0.338,0.315,41.3287182931239,13.4318334452653
"45025",0.148410359,0.0003476976,11.300171676,70.33,0.1881588448,0.0438056755,8952.56,6.9,0.2121481728,4.5007207346,4.579131015,0.1304160463,0.1441673703,0.1491322431,0.38,0.2200275633,0.4698292464,0.0007804878,0.0001300813,0.378,0.309,60.0774492417936,14.4764937932033
"45027",0.1405593852,0.000296077,12.731310141,58.86,0.1758041132,0.0434285714,9938.12,6.9,0.2183844422,4.4679747445,4.4501846303,0.1298740225,0.1427749988,0.1439534203,0.355,0.1968608705,0.4761087758,0.0008208015,0.0004690294,0.423,0.302,55.9706988481819,10.8013629356141
"45029",0.1603298669,0.0005035647,10.866396332,64.49,0.2008769526,0.0550102716,9784.86,6.3,0.2178828774,4.7489524578,4.4951145556,0.1429428862,0.1482136111,0.1460341415,0.399,0.2087440769,0.4060989407,0.0008207355,0.0003971301,0.407,0.331,89.0456248622438,22.0409962530306
"45031",0.1312832859,0.0005033458,14.212115829,60.67,0.1672273549,0.0377573646,10289.46,6.5,0.1911221863,4.0416499692,4.2549185042,0.1507572493,0.1314312013,0.1393868483,0.363,0.2053670315,0.6941512209,0.0010619626,0.0004424844,0.395,0.297,45.4139331921552,17.2770398013634
"45033",0.1654698479,0.0005122623,9.2847537939,45.93,0.2193992835,0.0408113092,11086.23,5.8,0.2590026728,5.2116212656,4.8586450648,0.1247790624,0.1662851423,0.1607619502,0.405,0.2551190468,0.5506830516,0.0007710348,0.0005461496,0.392,0.344,85.8194144970446,11.8001694933436
"45035",0.1092454097,0.0004000577,5.9680740828,57.72,0.1371661674,0.0432388182,10034.87,7.9,0.1435951652,3.5996565106,3.7943187074,0.1663179862,0.1113363084,0.1191479238,0.344,0.1760356587,0.7974808685,0.0011786972,0.0002963582,0.329,0.242,30.1284306826179,16.2737508796622
"45037",0.1251607593,0.0002640115,12.446254809,45.24,0.1501449676,0.0548675938,8867.22,7.7,0.1672630188,3.8514493714,3.9161547523,0.1629069621,0.1168736921,0.121805077,0.391,0.1810123094,0.4861219196,0.0003012842,0.0001883026,0.389,0.277,36.5124331129997,17.626691847655
"45039",0.1298189971,0.0004396184,13.628170748,37.56,0.1587612417,0.0431052521,9102.06,6,0.2165714843,4.5709057558,4.5188326331,0.127035601,0.1432761563,0.1442179002,0.413,0.1980866543,0.3391634664,0.0007399025,0.0002611421,0.396,0.287,62.8875628875629,14.6250146250146
"45041",0.1158152676,0.000950324,11.951043916,63.5,0.1481486002,0.0369304138,10179.08,6.5,0.1955483876,4.3664289066,4.4392678427,0.1532458051,0.1312437332,0.1385745993,0.372,0.2004958223,0.5773021149,0.0015011025,0.0006679547,0.352,0.298,32.8637258829428,10.0750108546248
"45043",0.1384554525,0.0006036086,18.271395478,37.4,0.1687887692,0.0536188713,9591.57,7,0.1826059165,4.3162516715,4.4012568472,0.1460698826,0.127918765,0.1347314598,0.348,0.1737119878,0.6499717411,0.0006417323,0.0003949122,0.321,0.263,66.4958848858124,16.8964953398376
"45045",0.1361171843,0.0010450064,12.401827338,32.22,0.1718595341,0.0459924352,9025.13,7.4,0.1418718002,3.3566472021,3.8608592596,0.1683671315,0.1075324733,0.1214046679,0.339,0.1503220961,0.8208233143,0.0016033077,0.0008555117,0.283,0.209,56.8081168414687,15.06738582892
"45047",0.1525698535,0.0010595951,15.034794811,43.5,0.1932591607,0.0514857489,9119.92,7,0.1923540143,4.5167776138,4.4499486385,0.1463540982,0.1366123419,0.1382647263,0.365,0.1839768007,0.8632951006,0.0023158803,0.0005322209,0.343,0.283,74.4662061854686,15.7524666930799
"45049",0.1238444896,0.0003491446,12.469449848,65.27,0.1558239546,0.0443715847,9522.1,6.2,0.2228071523,4.5475669355,4.3360150515,0.1366242976,0.1425269952,0.1401141761,0.4,0.2093939587,0.3456140351,0.0006370988,0.0003430532,0.404,0.306,56.3137670597588,54.6574797932954
"45051",0.1735529608,0.0006241935,9.2820481308,47.8,0.2106034734,0.0591102986,9871.53,7.7,0.1584665698,4.1872686001,4.4597355347,0.1815903856,0.1265920936,0.1332888402,0.33,0.1807563676,0.8379893869,0.0012649248,0.0005856133,0.301,0.251,50.6248569122277,16.7674685314385
"45053",0.1917637271,0.0003234618,8.6256469235,57.44,0.2359486986,0.0709302326,8718.35,7.4,0.2319533878,4.9951786722,4.539500569,0.1323716384,0.1557791212,0.1496046669,0.381,0.2190287385,0.6848286718,0.000368053,0.0004048583,0.353,0.269,26.3602487448927,17.9728968715178
"45055",0.127959296,0.0005817336,12.735248337,51.91,0.1611926944,0.0441195497,9433.92,7.6,0.1688953497,4.0879176211,4.221263795,0.1649187408,0.1198441018,0.1292903601,0.365,0.1901089422,0.5866087492,0.0009816184,0.0003799813,0.357,0.292,58.1575072958855,16.2421867222743
"45057",0.1276399548,0.000489271,13.746184851,51.94,0.1611203379,0.0410166339,9553.4,7.1,0.1742023614,4.1627851379,4.3335740279,0.1447406141,0.1218174093,0.1319174987,0.351,0.1824060159,0.5452956218,0.0003607504,0.0004088504,0.311,0.269,35.1900261411623,13.1479218549398
"45059",0.1468694703,0.0005703736,13.508848296,34.99,0.1852547607,0.0443168925,9523.02,6.8,0.1910709321,4.3249547768,4.53814174,0.1366903227,0.1368112577,0.1421762581,0.364,0.2117672632,0.6048364068,0.0005110246,0.0002555123,0.377,0.308,66.0221174093321,13.5045240155452
"45061",0.1264560335,0.0001117568,8.9405453733,53.04,0.1599162742,0.038277512,10424.17,6.3,0.2561495721,4.9639752027,4.7050104286,0.1266324575,0.1577881534,0.152148531,0.406,0.2247267728,0.0294484912,0.0009267841,0.0002725835,0.415,0.303,46.4045736347774,48.2607565801685
"45063",0.1110674843,0.0006031941,11.034903649,38.52,0.1402129496,0.0364741201,9540.79,8.1,0.1373486735,3.9007081933,3.9484657006,0.1766887169,0.1112917258,0.1198746031,0.355,0.1580211156,0.7523238221,0.0013998445,0.0004750115,0.321,0.23,51.5416997175846,18.5597404946348
"45065",0.1230101302,0.0005151453,11.333195961,38.71,0.1419457735,0.0540315877,9140.88,7.3,0.1868154739,4.1773857164,4.1991164218,0.1329776068,0.1254287487,0.1281694583,0.351,0.1687149578,0.9719534838,0.0006093845,0.0003046923,0.348,0.267,143.860250042816,130.159273848262
"45067",0.1300170463,0.0003779885,12.284625319,61.69,0.1670247046,0.0353982301,9365.03,6,0.2274610358,4.9722872807,4.6150210511,0.1277062938,0.1558802193,0.1531091759,0.403,0.2265340875,0.6664751074,0.0006889425,0.0003444712,0.432,0.362,61.8409743621994,16.7704337253422
"45069",0.1437593985,0.000254601,6.5468829563,55.73,0.1844239758,0.0359574097,10111.53,5.7,0.2499477462,5.0017788086,4.7280450799,0.1326564393,0.1565806943,0.1522009348,0.42,0.2463819757,0.4290602426,0.0016473285,0.0002864919,0.406,0.328,43.708946978619,12.1413741607275
"45071",0.1438582441,0.0006313796,14.206040198,34.07,0.1782155485,0.0547929269,8864.13,7,0.1821533977,4.045053203,4.2725818265,0.1513247646,0.1250867593,0.1322045199,0.368,0.1786835157,0.593873307,0.0005558055,0.000370537,0.386,0.288,50.9334878901242,16.6851081019372
"45073",0.1356783062,0.0005415186,15.849325743,45.12,0.1669526228,0.0466955856,9300.4,7.9,0.1680572856,4.3468784959,4.31066508,0.149720389,0.1319636636,0.1354670017,0.342,0.1674454739,0.6896988138,0.0006250665,0.0007447601,0.301,0.228,46.6426119862712,19.8011088620963
"45075",0.1340999444,0.0004596,14.460586494,44.59,0.1726596038,0.034834658,8813.04,6,0.2045186094,4.4834938206,4.5035434739,0.1327743733,0.1407078572,0.1462469657,0.405,0.1919796454,0.5131728306,0.0012654013,0.0005439005,0.406,0.28,56.13751445541,11.227502891082
"45077",0.1428852588,0.0006409677,13.476756703,47.69,0.1726840497,0.0529388084,9776.01,7.3,0.1538219801,3.857961843,4.1748113074,0.1768679445,0.1207731222,0.13047217,0.358,0.1744513039,0.5856538952,0.000864017,0.0004735478,0.323,0.209,58.642668844301,25.7589293054406
"45079",0.1059884809,0.0008500163,12.381740863,35.12,0.1308398945,0.0383703574,9006.37,6.6,0.1510091016,3.6981640734,4.21749177,0.1811060669,0.116237156,0.1298402525,0.391,0.1641562774,0.8075364626,0.0025450362,0.0007719777,0.32,0.219,38.0900468409067,13.4628613834239
"45081",0.1881126691,9.97357e-05,13.962998055,54.29,0.2317487267,0.0718219872,9750.66,8,0.1969941614,4.1816328541,4.1919319546,0.1483535132,0.1296743192,0.1350569506,0.344,0.1875950344,0.4510188679,0.0004993508,0.0003495456,0.353,0.284,84.6107903643241,82.9517552591413
"45083",0.1295981289,0.0006760802,13.387060968,55.91,0.1633311557,0.0456804175,9621.92,7,0.181027827,3.9490481228,4.3344868147,0.1487783837,0.1232007569,0.1318876236,0.338,0.1783483057,0.7451346608,0.0008244135,0.0005348468,0.307,0.274,77.5517843074189,17.2586340799747
"45085",0.1321033961,0.0005117231,10.699665054,52.35,0.1726641615,0.0349492254,9494.43,6.4,0.1858226557,4.3124607469,4.3770476515,0.1462691307,0.1301694254,0.1353925624,0.39,0.1929579935,0.6663192376,0.0011768085,0.0005374401,0.362,0.28,68.7742994779969,10.8427949627473
"45087",0.1173861888,0.0004320121,18.000504014,92.34,0.1454789342,0.0381932913,11091.23,7.2,0.1973526759,4.4126066599,4.4091203886,0.1378212328,0.1324778685,0.1380315635,0.359,0.1970543164,0.5406926556,0.0007892094,0.0002511121,0.396,0.299,70.8062309483234,6.00052804646809
"45089",0.1292383881,9.22084e-05,11.065006916,56.83,0.1643925695,0.0362035225,9721.49,5.9,0.2463571119,4.5970986103,4.5572947525,0.1154377758,0.1495989438,0.1486126657,0.402,0.2193253899,0.3642332162,0.0010705001,0.0001529286,0.425,0.315,58.6510263929619,51.448268765756
"45091",0.1042614484,0.0004538307,11.903103167,52.7,0.1297339644,0.0433269099,9351.06,7.9,0.1332627197,3.1563890936,3.7734068068,0.1641185094,0.1004357799,0.117757132,0.36,0.153923909,0.7920715875,0.0014713914,0.0003342219,0.319,0.24,47.0156952959141,16.0250679741003
"46003",0.146547675,0,18.294914014,53.33,0.160872529,0.121602289,8373.96,7.1,0.1024738941,2.6666630023,2.5013556532,0.175051533,0.0832814418,0.0812771482,0.245,0.1411158553,0,0,0.0007285974,0.328,0.186,12.1743364986608,12.1743364986608
"46005",0.147402121,0.0006531679,19.595035924,47.75,0.1781569966,0.0838553243,7757.88,7.8,0.1316425251,3.0848700331,2.6224530304,0.1724467327,0.0975550102,0.0883417631,0.257,0.1637555741,0.6402460053,0.0026418625,0.0011558148,0.342,0.182,20.1310347351854,9.15047033417518
"46007",0.2228392919,0.0002921414,17.528483786,143.26,0.2966242391,0.1027457927,12038.55,1.7,0.2267897006,4.8915017463,4.0956850595,0.171295385,0.1681781959,0.1433123156,0.308,0.281385946,0.0201107549,0,0.0005830904,0.385,0.24,9.69649956365752,9.69649956365752
"46009",0.1278389136,0.0005726557,28.632784538,55.63,0.1394342762,0.1040118871,9721.33,8.6,0.1133390086,2.8880193857,2.5353880456,0.1882815626,0.0904802627,0.0840674093,0.251,0.1586455129,0.4848656294,0.0001423893,0.0011391143,0.349,0.24,57.1646341463415,47.6371951219512
"46011",0.1076507184,0.0005310204,16.815647402,64.23,0.1217904233,0.0684277083,8334.58,6.8,0.1021726387,3.014115005,2.5212613661,0.1999332829,0.0910350873,0.0842884327,0.251,0.1389493708,0.8037541061,0.0009605571,0.0007204178,0.275,0.143,18.7476565429321,12.8273439504273
"46013",0.1017002519,0.0006187959,17.79038288,37.84,0.1191474339,0.0609602021,9129.75,8.1,0.0960153096,2.7982255855,2.4320472636,0.1985838132,0.082515984,0.0797660212,0.279,0.1422764514,0.6727984452,0.0031764216,0.0011976672,0.327,0.207,37.8263598146508,9.45658995366271
"46015",0.1751465416,0.0015148646,24.616549896,63.16,0.2044534413,0.111923921,9004.14,7.5,0.1223671177,3.1356761739,2.7504703213,0.1683202174,0.0980379993,0.0922987803,0.266,0.1647088708,0.5360608944,0.0011301563,0.0013185157,0.33,0.229,6.31791761435431,6.31791761435431
"46017",0.2072707542,0.000477327,4.7732696897,NA,0.2997224792,0.0780856423,12395.18,0.1,0.2999516294,5.8753943011,4.4840243111,0.1680253335,0.2031508044,0.1628310953,0.347,0.3632963018,0,0.0014443909,0.0004814636,0.41,0.233,16.0901045856798,16.0901045856798
"46019",0.1393711303,0.0002917437,14.587182729,22.19,0.166897747,0.0771628995,6906.65,8.1,0.1151848732,2.9012968605,2.6336428124,0.1705640911,0.0911574698,0.0874807047,0.261,0.1526453746,0.5456973294,0,0.0003884249,0.345,0.222,25.9858377184434,25.9858377184434
"46021",0.112716763,0,35.790980673,66.98,0.1174289246,0.0987654321,7694.82,6,0.1064527886,2.8102645708,2.5492056282,0.162108168,0.0871913347,0.0836842397,0.251,0.1436617626,0,0,0,0.313,0.214,0,0
"46023",0.1951980467,0.0006394543,22.380901631,88.14,0.2387521222,0.1219949767,9217.58,7.9,0.1636167778,3.8237551191,3.2267185747,0.1665892394,0.1209464913,0.1095696542,0.284,0.1988802466,0.4851571914,0,0.0009690966,0.332,0.207,21.3781800042756,39.1933300078387
"46025",0.138026225,0,16.39792293,57.25,0.1487562189,0.1161290323,7054.07,7.3,0.1038669887,2.7926953581,2.5537293217,0.1766733505,0.0875566422,0.0834906348,0.251,0.148859102,0.4085613655,0,0.0002743484,0.294,0.248,45.6204379562044,45.6204379562044
"46027",0.1185662662,0.0005729017,13.6064165,50.56,0.1311391759,0.0806836248,9343.12,6.7,0.1401816467,3.3696842227,2.9735804603,0.2015716546,0.1097065272,0.1002566709,0.275,0.1910593735,0.8065493364,0.0002871088,0.0010048808,0.308,0.194,23.8197322662093,23.8197322662093
"46029",0.1021480121,0.0010021833,18.969898708,29.34,0.1221948138,0.0557358544,7565.42,7.8,0.0947842492,2.7944161877,2.4697241451,0.1936864071,0.0841156052,0.0808610131,0.243,0.148258441,0.7414698645,0.0018970578,0.0005369031,0.32,0.214,30.9745055992375,7.14796283059328
"46031",0.1971046771,0,7.1479628306,135.31,0.2620224719,0.0943396226,9213.37,1.3,0.2685870931,5.7619412156,4.4146167551,0.1646391139,0.1945728397,0.1586150684,0.321,0.3284389881,0.0071604938,0.0009564802,0.0004782401,0.403,0.264,7.99296618975302,7.99296618975302
"46033",0.1275012403,0.000473597,15.391901492,34.56,0.1376451078,0.0905542545,7360.82,8.2,0.101512755,2.6650809984,2.5190959734,0.1618350417,0.0816413371,0.0810015799,0.243,0.1324483366,0.7614410906,0.000473653,0.0003552398,0.317,0.197,27.4649821477616,27.4649821477616
"46035",0.1030862636,0.0009064357,15.610836942,48.72,0.1198132323,0.0633697281,8242.86,8,0.1071088824,2.7787071495,2.57195643,0.1901771252,0.087573008,0.0850739691,0.252,0.1541593995,0.7719442166,0.0011063616,0.0006537591,0.283,0.206,57.0029842738826,18.442141970962
"46037",0.1663812087,0.000361076,19.859180357,59.61,0.1849829352,0.1222313372,8670.26,6.5,0.134465257,3.3498128452,2.8708896794,0.1522266109,0.1058682252,0.0960371688,0.278,0.1657040532,0.0124343257,0,0.0008947745,0.364,0.228,35.9324469996407,35.9324469996407
"46039",0.1151817116,0.000230787,25.386568198,96.74,0.1277823578,0.087040619,8542.91,6.6,0.1002298886,2.6168545028,2.492161446,0.1833740916,0.0813679437,0.080518817,0.251,0.1419274801,0.3535747021,0,0,0.358,0.254,0,7.7663870767319
"46041",0.2211035038,0.0001759015,14.072119613,112.63,0.2985318108,0.0992978937,10906.07,5.2,0.2130645191,4.8264841165,3.8470413567,0.17999615,0.1610284145,0.1388594933,0.311,0.2877994014,0.0069798151,0.0003532321,0.0024726245,0.372,0.244,5.85171747908011,5.85171747908011
"46043",0.128770824,0.0010077259,23.5136043,76.07,0.1396866841,0.1044568245,8918.37,6.3,0.0957636628,2.5402334688,2.4482266833,0.173048267,0.0804843513,0.0794950668,0.245,0.1318979968,0,0,0.0016818029,0.308,0.225,0,11.258725512272
"46045",0.1096282173,0.0002500625,15.003750938,53.49,0.1204873646,0.0885684861,8567.92,7.3,0.1067465311,2.8936479068,2.5978591562,0.1770394647,0.0877530561,0.0839114888,0.24,0.1459747815,0.3893392287,0,0.0010042681,0.314,0.26,8.37942014412603,8.37942014412603
"46047",0.1230068337,0.00072812,24.756079802,58.6,0.1404571743,0.0752773376,8284.47,7.2,0.1125674914,2.8841523992,2.6749767641,0.1593561127,0.0916321241,0.0877587214,0.255,0.154528261,0.7502114463,0.003944485,0.0026296567,0.329,0.207,77.8172267885803,68.0900734400078
"46049",0.0907553551,0.000427899,17.115960633,119.77,0.0967741935,0.0791366906,11837.07,6.8,0.1150593684,2.958896563,2.6658773735,0.1605612895,0.0930410126,0.0884960517,0.247,0.1513931066,0.3498307953,0,0.0016970725,0.33,0.257,14.1884222474461,14.1884222474461
"46051",0.1105786297,0.0009801176,32.203864464,63.61,0.1230920729,0.0818783865,8287.78,8.7,0.1016781167,2.8445683544,2.4865121348,0.1834506211,0.0846258945,0.0809475059,0.256,0.1405194852,0.6287384448,0,0.0004143074,0.319,0.224,4.64446611861966,4.64446611861966
"46053",0.1666666667,0.0009521542,30.945013092,117.16,0.1889400922,0.12,9928.45,7.2,0.1415309424,3.2675495742,2.9207476749,0.1491556839,0.1055170694,0.0980018228,0.262,0.1733067627,0.2102552096,0,0.0014228124,0.299,0.274,7.94344268806101,7.94344268806101
"46055",0.1246498599,0.001074691,26.867275658,53.88,0.1335282651,0.108490566,10167.58,7.1,0.12596358,3.2059639326,2.7876381451,0.1525708504,0.1008208577,0.0930054098,0.257,0.1594920676,0.424883841,0,0,0.277,0.235,17.8571428571429,0
"46057",0.1153846154,0.0001653713,8.2685629238,41.29,0.1322154144,0.0902564103,7757.51,6.1,0.0959347208,2.5347309181,2.404567711,0.1844147067,0.0798407423,0.0787510763,0.247,0.1364285528,0.2807047264,0,0.0006678911,0.279,0.209,88.5739592559787,71.9663418954827
"46059",0.1027370091,0.0005973716,23.894862605,62.72,0.1104972376,0.0859060403,9030.21,7.8,0.0926794489,2.5607875429,2.4045480616,0.1703836883,0.0797236495,0.0785199534,0.238,0.1308550527,0.483823958,0,0.0014947683,0.308,0.209,59.9280862964443,59.9280862964443
"46061",0.1132463967,0,11.816838996,38.73,0.1277654867,0.0925605536,7383.19,8.4,0.1071207043,2.8933594758,2.5710310856,0.1826365537,0.088417398,0.084363865,0.263,0.1561550935,0.2885019514,0,0,0.332,0.22,9.82511298879937,9.82511298879937
"46063",0.1266666667,0,15.785319653,NA,0.1392081737,0.0896057348,6096.63,5.7,0.1061374228,2.8333327241,2.5382784571,0.1882833744,0.0883276952,0.0836056795,0.257,0.1567835796,0.1864541833,0,0.0016,0.359,0.238,0,0
"46065",0.1088278465,0.0007405298,30.190828824,30.17,0.1270625432,0.0674902768,6979.12,8.4,0.1008983209,2.742583372,2.5743373731,0.1923480746,0.0861888798,0.0839716797,0.259,0.1617479152,0.7688873223,0.0015871216,0.0009069267,0.329,0.191,24.6226111332083,20.8345171127147
"46067",0.1138461538,0.0008218052,31.502533899,60.81,0.1284667713,0.0841278744,8478.15,8.6,0.1057506635,2.6979610354,2.5015358511,0.1707869558,0.0848729482,0.0825239796,0.238,0.1401044535,0.4220345908,0.0001388889,0.0013888889,0.327,0.205,27.4360967579679,45.7268279299465
"46069",0.1211267606,0,42.949176807,96.02,0.1364829396,0.0923076923,8633.86,7.2,0.1049280023,2.7966670266,2.5990135252,0.1692789495,0.0875857054,0.0851848005,0.245,0.1413763901,0.626056338,0,0.0007163324,0.316,0.196,24.1254523522316,24.1254523522316
"46071",0.2220625225,0,9.0334236676,100.84,0.2834008097,0.1247739602,9738.08,4,0.2012924019,4.5406497918,3.6445548922,0.1648044792,0.1521482882,0.1316797752,0.312,0.2492143416,0.0108874959,0,0.0009163103,0.348,0.239,10.0796290696502,10.0796290696502
"46073",0.1153588196,0.0015022534,25.037556335,59.84,0.1228939544,0.098989899,7845,6.2,0.093021488,2.5118707575,2.3547059649,0.1711043809,0.0779883621,0.0766363361,0.241,0.1263309646,0.4983099952,0,0.0009965122,0.282,0.23,16.6444740346205,0
"46075",0.1730496454,0,10.822510823,NA,0.1840607211,0.1451612903,7925.28,5.5,0.1122053669,2.943355337,2.6978530716,0.1619675328,0.0905580146,0.0878000462,0.246,0.1443729177,0,0,0.001025641,0.298,0.216,35.3857041755131,0
"46077",0.0911208905,0.0004008016,28.056112224,53.06,0.0967741935,0.0798580302,8056.17,7.6,0.0980732561,2.5982173475,2.416063238,0.1705886054,0.081611711,0.0798397735,0.246,0.1374348772,0.3774281274,0,0.001773399,0.334,0.204,39.8247710075667,39.8247710075667
"46079",0.0946216188,0.0003961337,17.429884329,36.18,0.1062464347,0.0642060746,8092.26,8.5,0.1084904669,2.8470202898,2.501844161,0.1796247357,0.0888434035,0.0835987441,0.246,0.1547342152,0.6183035714,0.0008085382,0.0004042691,0.308,0.176,44.8560648038207,42.2174727565371
"46081",0.1176896427,0.0008458533,18.52821525,29.22,0.1342371971,0.0661280034,7075.32,8.1,0.1111530952,3.0527846605,2.7720092816,0.1866898494,0.0894213684,0.0839532627,0.246,0.1452353296,0.8770801345,0.0013789188,0.0008111287,0.259,0.165,38.78820303618,17.3878151541497
"46083",0.0575759479,0.0017029651,11.731537021,44.54,0.0691035467,0.0355257437,8725.19,9.2,0.0925469032,2.5169542231,2.4160628385,0.2006736398,0.0749122297,0.0736082255,0.272,0.1493335695,0.7759659142,0.0022503298,0.000834174,0.296,0.184,19.5133005174172,4.40622914909421
"46085",0.1783919598,0.0002579979,12.899896801,43.59,0.2210229939,0.0942883046,7798.55,4.8,0.158297498,3.8226108719,3.250615775,0.1764680315,0.1220972397,0.1105909946,0.288,0.2227920419,0.0215712383,0,0.0010317256,0.372,0.241,0,42.9295097449987
"46087",0.101748095,0.0001786033,21.432398643,46.15,0.114973262,0.0793754066,8315.56,8.2,0.095837572,2.4890182707,2.3751307516,0.1826942035,0.0782658549,0.0775132944,0.247,0.138336892,0.1432894268,0,0.0005310674,0.336,0.23,41.4863983879571,41.4863983879571
"46089",0.1313073394,0.0008281573,33.126293996,32.65,0.1464019851,0.1028368794,6995.62,5.8,0.1188945204,3.0254030913,2.7201046405,0.1512726454,0.0960742087,0.0905732305,0.239,0.1467997077,0,0,0,0.283,0.247,13.7324910738808,13.7324910738808
"46091",0.171368861,0.0002096876,25.162507863,44.98,0.1855334539,0.1381165919,8171.76,6.9,0.1176851441,2.8855063569,2.5612597993,0.1865352035,0.0906951245,0.0853723704,0.258,0.1531909233,0.077104811,0,0.0004270767,0.335,0.193,7.01606679295587,7.01606679295587
"46093",0.1126923935,0.0006670125,11.487437931,45.43,0.1319560767,0.0659156645,7115.54,8,0.1231729357,3.169339567,2.7878641336,0.1818031233,0.0906500909,0.0837352403,0.256,0.1705707335,0.8142250531,0.0014099662,0.000890505,0.271,0.197,26.9508759034669,14.7004777655274
"46095",0.1790048544,0,0,119.66,0.2312734082,0.0866013072,8590.64,1.8,0.2469117199,4.9713018276,4.2045003003,0.1404256626,0.1748924361,0.1508584169,0.312,0.3042535745,0,0,0.0004761905,0.335,0.252,15.9948816378759,0
"46097",0.0976176641,0.0004472272,26.833631485,34.98,0.1046606705,0.0836501901,8812.89,8,0.1044742707,2.7747295943,2.4980756751,0.1709563764,0.0860449361,0.0824400169,0.248,0.1423264849,0.4215152784,0,0.0012953368,0.304,0.204,87.8091614225084,0
"46099",0.1051270648,0.0009179414,14.795056075,45.64,0.1249084118,0.0591224408,8520.25,8.3,0.1089994374,2.7807337935,2.4832802345,0.1766992644,0.0845751229,0.0809262419,0.262,0.1663860121,0.8834352208,0.0014216817,0.0014380858,0.316,0.191,28.0880163198577,17.2849331199124
"46101",0.1458215431,0.000466563,15.552099533,59.38,0.1617647059,0.1135040745,7993,5.8,0.1255915765,3.0414053129,2.7677443188,0.1792424206,0.0973420591,0.0925802913,0.277,0.1714810217,0.4042553191,0.0006282394,0.0001570598,0.331,0.241,51.8081027872759,41.4464822298207
"46102",0.182125452,0.0003478745,2.0872469213,186.7,0.2579846174,0.068121942,11283.83,0,0.3258653875,6.2614235362,4.7755166249,0.1734118369,0.2338411554,0.1885173943,0.329,0.4013231588,0.0209038716,0.0022449696,0.0014319765,0.405,0.223,NA,NA
"46103",0.1314551355,0.000873949,13.431215617,41.91,0.1562802763,0.070304743,7847.16,7.9,0.1253461907,3.6803754945,2.867791203,0.1642896395,0.1050140984,0.0883576937,0.268,0.176330124,0.9185917502,0.0016485328,0.0003297066,0.263,0.182,27.5806273673372,21.1451476482918
"46105",0.146140503,0,26.498840676,67.45,0.1559139785,0.1261127596,8412.11,7,0.1150113228,2.8995480161,2.6014285945,0.1593014315,0.0909600241,0.0868572821,0.242,0.1466100486,0.0378940309,0.0004273504,0.0021367521,0.298,0.211,11.0680686220255,0
"46107",0.119538835,0,30.172413793,47.38,0.127787307,0.0994035785,9190.82,5.9,0.0988064384,2.6665040615,2.4691613684,0.1615608676,0.0831376541,0.080925232,0.236,0.1298914122,0.5264061829,0.0003855793,0.0006747638,0.285,0.226,14.3698807299899,14.3698807299899
"46109",0.1804657969,0.0007758704,15.517408593,71.35,0.2156862745,0.1155283724,8401.29,7.3,0.1511609626,3.6598570693,3.2131170126,0.1582008921,0.1179314091,0.1092964421,0.286,0.2065328362,0.3311656321,0,0.0004280822,0.324,0.266,25.8564964447317,32.3206205559147
"46111",0.1203558346,0,8.4925690021,47.45,0.1327048586,0.0886075949,6941.26,6.2,0.1020431475,2.6730108182,2.4850391545,0.1835215025,0.0834871523,0.0810748398,0.252,0.1443332894,0,0.0006330004,0.000562667,0.329,0.246,14.110342881332,0
"46115",0.1204676045,0.0003065604,24.524831392,62.55,0.1331853496,0.0913872452,10803.88,7.6,0.1152112936,2.9838124545,2.7134324191,0.1678279469,0.0926234478,0.0885683235,0.256,0.1563209932,0.431644583,0.0001515611,0.0006062443,0.365,0.249,5.11718350220039,5.11718350220039
"46117",0.1191454396,0.0006770481,27.081922817,NA,0.1362586605,0.0823045267,7134.16,8.7,0.0919769666,2.6475014934,2.4018884145,0.208675969,0.0790039484,0.0771988219,0.259,0.1424189279,0.5168577208,0,0.000335233,0.325,0.216,11.1982082866741,11.1982082866741
"46119",0.1379011275,0,28.050490884,NA,0.1457586619,0.1181818182,6722.93,7.4,0.092654553,2.5474709778,2.3755782564,0.1905038797,0.077321954,0.0763866056,0.24,0.134749727,0,0,0.0006954103,0.335,0.212,0,0
"46121",0.1754325656,0.0001004117,5.020584396,154.22,0.2631157389,0.0594441585,11217.8,5.1,0.2900410001,5.7400651431,4.7827916043,0.1637951898,0.2066182091,0.1729943249,0.356,0.4138995605,0.0092592593,0.0006071645,0.001113135,0.386,0.252,16.6688891852247,76.6768902520336
"46123",0.1597390043,0.0009201325,23.923444976,71.71,0.1876902266,0.0950846092,9428.17,7.3,0.147774919,3.6486244104,3.0456491456,0.1637816075,0.1132430533,0.10220065,0.259,0.1895883833,0.3965272856,0.0032656023,0.0010885341,0.342,0.243,36.5007908504684,0
"46125",0.1065472514,0.000243635,26.799853819,49.26,0.1192700413,0.0789607743,8605.95,9,0.1014739546,2.5908779276,2.4548618331,0.1832527717,0.0808533604,0.07994072,0.241,0.139770261,0.3441955193,0.0001208897,0.000483559,0.347,0.194,32.2606661827567,0
"46127",0.0681226839,0.0008719565,13.414715943,39.39,0.0775314693,0.0473751601,8590.97,9,0.0863657951,2.247557416,2.2762545507,0.1971554214,0.0704940656,0.0728856224,0.254,0.1258392285,0.6619209667,0.0001330761,0.0015303746,0.322,0.22,22.285612408629,31.1998573720806
"46129",0.1491097923,0.0009186111,25.721109682,66.68,0.1707402235,0.1009693053,8786.98,7.6,0.1146747019,2.9162470432,2.7295365692,0.171496319,0.0910860504,0.0888532242,0.244,0.1502071752,0.648216256,0.0014516422,0.0005443658,0.317,0.249,66.4090799323835,60.3718908476213
"46135",0.1024795335,0.0010571756,16.738613338,41.77,0.1201864116,0.0596716059,7527.74,7.8,0.1032671017,2.7959903698,2.5571008001,0.1833202083,0.0872030262,0.0834216817,0.256,0.1636649113,0.8182547464,0.0044524775,0.0008816787,0.357,0.17,16.1759948236817,14.7054498397106
"46137",0.181890706,0,7.1352122726,NA,0.2416107383,0.0752453653,9614.38,4.6,0.2668598011,5.3967000778,4.2869827936,0.1670804639,0.1894541142,0.1568743021,0.336,0.3301110531,0,0,0,0.452,0.255,0,11.8623962040332
"47001",0.1015809558,0.0006468732,15.841793291,50.76,0.1253924778,0.0347429267,9765.28,7.3,0.2002667118,5.0232367276,4.6187405675,0.1195925806,0.1430655585,0.1394714692,0.338,0.2151095788,0.7527319677,0.0008076475,0.0007679271,0.321,0.284,97.7056770519292,18.4848578206353
"47003",0.1683454322,0.0003391052,8.6895703961,71.63,0.2156275917,0.0617264486,10526.21,7.8,0.22398967,5.0928255864,4.687872078,0.1190645099,0.1523556166,0.1448700559,0.37,0.2426914837,0.643348573,0.0006219572,0.0008364252,0.327,0.325,55.2040426345068,14.1548827267966
"47005",0.144740034,0.0001860004,14.26002852,75.23,0.1787031013,0.0467995169,10857.89,7.3,0.2371423512,5.3413803914,4.9061616753,0.1070393844,0.158539522,0.1527961713,0.358,0.2409795309,0.4276184123,0.0003096934,0.0008052028,0.346,0.316,20.7090788601723,31.0636182902585
"47007",0.1466085477,6.8956e-05,4.1373603641,95.97,0.1764540995,0.0548400499,11720.91,7.8,0.2229102697,5.2967404577,4.7252896157,0.1219346204,0.1546514332,0.1448597388,0.364,0.2400490218,0.4835352594,0.0001435647,0.0003589118,0.348,0.288,46.3951006773685,23.1975503386842
"47009",0.108997712,0.0007072525,11.630374137,56.43,0.1341082811,0.0386284722,10040.85,7.5,0.1841014921,4.5009846904,4.3792931168,0.1255099885,0.1311763361,0.1320814614,0.335,0.1978077893,0.6915454028,0.0011160449,0.0005936409,0.346,0.259,77.9570033118646,15.6960409352748
"47011",0.1288824452,0.0005379908,14.410467764,58.54,0.1611523564,0.0439377548,10115.45,7.1,0.1936236294,5.0364217795,4.6465739649,0.1235382442,0.1458409732,0.1422888201,0.366,0.2103693402,0.7019694229,0.000611799,0.0008642874,0.381,0.324,37.8744110208117,13.1597529818074
"47013",0.1255837596,0.0004779634,11.571744818,95.62,0.1566254757,0.0370196263,11119.28,6.9,0.2315362341,5.6460976847,4.9701498118,0.1140579061,0.1645027589,0.1550963232,0.366,0.2425280961,0.689360448,0.0002755649,0.0009018488,0.325,0.295,91.3020170207063,15.9150304898479
"47015",0.1283446308,0.000216763,9.3930635838,96.83,0.1561529271,0.0486342438,10681.43,8.2,0.1935450249,4.7454222043,4.5870226752,0.1215059149,0.1398017675,0.1397586868,0.355,0.2152628115,0.3162089704,0.0004361416,0.0002907611,0.354,0.298,38.4393619065923,14.4147607149721
"47017",0.1126327557,0.0005016123,13.615191688,73.71,0.1401833216,0.0409782961,10809.17,7.4,0.2111682091,4.8632664529,4.6472098694,0.1179490399,0.1471251281,0.1450479329,0.346,0.2154821552,0.4377322768,0.000281988,0.0011984491,0.341,0.338,36.7420471246385,27.2602285118286
"47019",0.1393790333,0.0004071805,14.693906455,67.33,0.17299428,0.0335255948,9940.08,6,0.2394940023,5.5485874552,5.0638269861,0.1140339831,0.1618793976,0.1540992898,0.349,0.2434939235,0.8168361661,0.0002636853,0.0003164223,0.358,0.288,83.591367719604,16.4828049024571
"47021",0.1128177966,0.0005032586,7.2972496918,69.17,0.1392181993,0.0418991473,10500.05,8.7,0.1745647689,4.4897528279,4.3476550763,0.1318347815,0.128279618,0.1304449268,0.346,0.1999212754,0.6425776755,0.0005784126,0.0005784126,0.342,0.249,51.0951962139297,25.1287850232441
"47023",0.1207674944,0.0002289508,9.7304103944,59.2,0.150524109,0.0469578389,11184.33,7.4,0.215265405,4.9204491288,4.6102766573,0.1232276559,0.1449549231,0.1434715583,0.356,0.2123798301,0.4522211196,0.0006329478,0.0006904885,0.334,0.288,36.3267881383477,22.9432346136933
"47025",0.1231984366,0.0004730518,7.5688290391,85.35,0.1504071617,0.0406427221,11680.36,7,0.2047570155,5.1147836651,4.7342089977,0.1220030594,0.1480888381,0.1457601955,0.347,0.2359014228,0.4985564834,0.0001899215,0.0010445682,0.295,0.285,37.8716152243893,30.5076900418692
"47027",0.1404987102,0.0003860507,5.1473426843,108.85,0.1734693878,0.0471637986,10686.75,7.8,0.2228783039,5.3672259699,4.9636374806,0.1041823558,0.1628006543,0.1576613971,0.365,0.2297579873,0.1509986007,0,0.000257566,0.309,0.319,34.3524562006183,47.2346272758502
"47029",0.1166846071,0.0004834765,11.375917183,80.84,0.1450946478,0.0342006438,9711.84,6.6,0.2210354628,5.4326246948,5.0679665116,0.1064532829,0.1643071005,0.1580944738,0.366,0.2417679998,0.7274129325,0.0002544242,0.0006784644,0.332,0.332,25.5307077679542,26.4762895371377
"47031",0.1236791924,0.0007001124,11.607126407,81.08,0.1551024261,0.0476756275,11290.55,7.6,0.199058791,4.9747760342,4.7479858425,0.1281352039,0.1434549414,0.1419437257,0.344,0.222953256,0.6639518145,0.0020700073,0.0012867613,0.333,0.31,31.9838604519566,22.1426726205853
"47033",0.1539427423,6.84885e-05,17.122114924,53.02,0.1918989136,0.0635442345,10427.84,8,0.2400943396,5.2479051927,4.8702392428,0.1096060553,0.1594370004,0.1532308333,0.378,0.2351401142,0.2822569587,6.81756e-05,0.0007499318,0.339,0.334,45.7875457875458,54.9450549450549
"47035",0.1384072012,0.0006869429,9.9606725171,53.61,0.1709973753,0.0435144124,9214.6,7.6,0.1936506962,4.9249637154,4.5694961263,0.1079957859,0.1408923306,0.1400835055,0.329,0.1951945982,0.5951866983,0.0002241959,0.0006898336,0.333,0.312,81.2036438705545,25.7335491139081
"47037",0.1401242928,0.0009191488,13.315873434,56.39,0.1717565131,0.0452023917,9501.8,7.1,0.1767029966,4.1975137089,4.2316186004,0.1364192322,0.1319510038,0.1355073191,0.358,0.2022465432,0.8639946001,0.0025555587,0.0015919874,0.304,0.229,35.04547544208,14.3725826251227
"47039",0.1408355795,0.0004288165,10.291595197,104.32,0.1716475096,0.057568438,11717.12,7.7,0.1940242169,4.9464388376,4.682795406,0.1129200087,0.1456516455,0.1434649122,0.354,0.2078193075,0.5390830994,0.0010286302,0.0012000686,0.331,0.338,34.1929049722183,51.2893574583274
"47041",0.154585942,0.0004170577,8.8624752372,93.56,0.1903631408,0.0580778981,10323.51,8.1,0.2115024284,4.9613293195,4.6846468865,0.1189431234,0.1476270614,0.1452115556,0.358,0.214521491,0.2065908241,0.000103799,0.0003632967,0.327,0.309,62.2718859732577,27.6763937658923
"47043",0.117922126,0.0003301804,9.1285178783,72.51,0.1460936252,0.0456471341,11363.59,7.9,0.1922571301,4.749993715,4.5408612429,0.1269081897,0.137778732,0.1379046841,0.359,0.2278274484,0.5809205493,0.0008106772,0.0008699951,0.32,0.289,71.321126614451,20.0995902277089
"47045",0.1030328343,0.0005541921,13.458950202,102.07,0.1317713976,0.033619684,11832.84,6.5,0.2251229216,5.3838845736,4.7774251906,0.1207285282,0.1511428504,0.1446116541,0.376,0.2347466999,0.5620190427,0.0003426914,0.0009489917,0.377,0.325,31.7080045095829,10.5693348365276
"47047",0.0976188187,0.000306396,10.468530576,47.93,0.1166503052,0.0423583984,9444.8,7.8,0.1959435766,4.256113319,4.3099468018,0.1161121517,0.125983016,0.1304170272,0.35,0.2019475338,0.4654934527,5.12676e-05,0.0003845069,0.344,0.254,41.6079343783435,16.9828303585075
"47049",0.1346631646,0.0005023162,7.8138081152,149.66,0.1675397749,0.0463310794,12318.43,7.9,0.2360433816,5.5986922665,5.0141616213,0.1023185888,0.1715909142,0.1620761831,0.354,0.242918862,0.5726933571,0.0002240269,0.0006160739,0.302,0.304,27.8784499581823,9.29281665272744
"47051",0.1144463503,0.000699655,12.54553789,86.5,0.1417732495,0.0417041367,10910.72,7.7,0.1957164381,5.1546464038,4.6069091764,0.1261833815,0.1454606412,0.139031167,0.336,0.2031794143,0.4652392088,0.0004347616,0.0005555287,0.323,0.311,49.7788054692455,13.6490273060835
"47053",0.1090750436,0.0005263264,19.231158525,57.15,0.1395742281,0.0375131377,10386.01,7.1,0.2214263626,5.0924037098,4.8013106762,0.1153178908,0.1484007,0.1473921803,0.37,0.2195983694,0.5445122074,0.000222348,0.0006064036,0.359,0.355,67.4436171360742,17.5353404553793
"47055",0.1258405379,0.0005182063,11.400538935,68.55,0.1548921076,0.0456424936,10868.92,7.8,0.2024943755,4.9957989436,4.6262259876,0.1161379529,0.1428152262,0.1401170606,0.379,0.202231791,0.4417839579,0.0004505597,0.0007278273,0.353,0.324,60.845406745804,25.2565839322205
"47057",0.1301433321,0.0002188567,9.1919810908,65.4,0.1593398569,0.0457890433,10473.81,8.3,0.2055115212,4.9432173817,4.7089525375,0.1164843733,0.1481884587,0.1461293743,0.361,0.235619304,0.3556075385,0.0001312106,0.0003936319,0.323,0.293,53.7931435549999,20.3541624262162
"47059",0.1244132337,0.0006124234,10.790317877,62.13,0.1538288119,0.0380125285,9721.87,7.8,0.201946225,4.993846344,4.7736238641,0.1097044537,0.1491139719,0.1466725251,0.349,0.2218960854,0.4116895004,0.0010243653,0.0009219287,0.356,0.341,67.6300296793655,15.5695032355374
"47061",0.1485982203,0,10.415891675,102.01,0.1863053155,0.0471063257,9958.39,7.6,0.2514105485,5.9336431713,5.1271210194,0.1072460174,0.1757849021,0.1621210219,0.367,0.2527158485,0.2788440487,0.0003724395,0.0004469274,0.343,0.302,111.787355607999,89.4298844863992
"47063",0.1440758662,0.0006151226,13.248793413,68.53,0.1831664411,0.0467725007,10146.44,6.5,0.2260386585,5.2987294964,4.7985241819,0.1168141567,0.1572089621,0.14881458,0.332,0.2377614194,0.6402212842,0.0014594835,0.0013325719,0.33,0.336,42.0559028088086,24.182144115065
"47065",0.1125269073,0.0010985659,14.289829369,42.33,0.1393296749,0.035807792,10142.65,6.7,0.1974799643,4.7868538514,4.5278071248,0.1174211358,0.1388579406,0.1361422557,0.337,0.2135072033,0.8148979234,0.0016399977,0.0012214566,0.314,0.247,39.3206002317846,12.6051684953568
"47067",0.1102301296,0.0001521607,3.0432136336,137.08,0.1364228066,0.0356125356,12727.34,7.4,0.2447164852,5.6398424078,5.2210789757,0.1075224184,0.174472409,0.1657386995,0.357,0.2574819565,0.0089455932,0,0.0015021782,0.312,0.309,25.2448752903161,25.2448752903161
"47069",0.1182249322,0.0002722994,15.170965107,60.92,0.1489728713,0.040641099,10686.81,5.1,0.2748791491,5.4180885004,4.7854481942,0.1054910847,0.1659044754,0.1519071828,0.418,0.2448065418,0.3157450556,0.0011168881,0.0006547275,0.378,0.291,28.5317805127939,25.9379822843581
"47071",0.140689724,0.0005435627,16.30687995,56.55,0.1759290598,0.0434310532,10598.04,7.3,0.2257551509,5.2687616547,4.9113405698,0.1088200865,0.1596801758,0.1546312757,0.345,0.2479402075,0.3795819565,0.0008504059,0.001236954,0.319,0.304,42.6880538128194,12.9357738826725
"47073",0.1095981845,0.0002833313,9.0311841476,57.97,0.136823568,0.0313383209,10130.81,7.5,0.2045323638,4.92404153,4.6322000043,0.1113321784,0.1438156303,0.1418585778,0.366,0.221090581,0.3518202453,0.0001410064,0.0004582709,0.326,0.328,80.1088537954515,14.7258922418109
"47075",0.1189623725,0.000332908,23.858403152,49.95,0.1516029535,0.0349132948,9325.7,5.9,0.2821286404,5.5091212834,4.8976290489,0.0942815084,0.1661282278,0.1553105396,0.417,0.2394046394,0.1641560654,0,0.0006048941,0.369,0.318,31.4459591942435,44.3942953330497
"47077",0.1093288124,0.0003569516,7.4959842941,64.91,0.1367845118,0.0391512253,11769.33,7.3,0.2192374707,5.1597210126,4.8054320542,0.1181604408,0.1525753356,0.1460889689,0.343,0.2201234233,0.5147466599,0.0004284337,0.0006069478,0.325,0.324,34.5872194260907,17.8899410824607
"47079",0.1308225565,0.0006843562,17.108905963,55.09,0.1621427783,0.045652806,9722.81,7.3,0.2122286247,5.1999771396,4.811423339,0.1107132381,0.1492603104,0.1454823376,0.352,0.2170463731,0.3922981751,0.0013352379,0.0008384052,0.336,0.334,33.1053889365928,31.0363021280558
"47081",0.1302681992,0.0002052292,4.5150433034,69.23,0.1614996395,0.0483074108,10701.17,7.7,0.2146294447,4.9961542309,4.6598682053,0.1242131899,0.1492628908,0.1451137751,0.35,0.2396812268,0.1732280275,0.0003690945,0.000410105,0.36,0.253,43.8104104487829,13.6907532652447
"47083",0.12699396,0.0002454289,13.498588784,136.4,0.1567005937,0.0497539639,11773.85,7.6,0.2256554855,5.2107688574,4.8680133195,0.1123850522,0.155191074,0.1511400626,0.357,0.2317454791,0.3846427724,0.0007257772,0.0007257772,0.335,0.295,138.492871690428,118.126272912424
"47085",0.1125138735,0.0003308519,15.991177281,88.11,0.1381037905,0.0436191426,11624.15,8.1,0.1802746157,4.523383231,4.3460021819,0.1245961114,0.1302340671,0.1316964839,0.343,0.1976985135,0.3985327436,0.0004411359,0.0006617039,0.342,0.277,75.0682022081037,9.1546588058663
"47087",0.1345959879,0.000173777,2.6066556608,107.28,0.1613469985,0.0502017033,10548.02,7.8,0.2354674782,5.4938060774,5.1351621123,0.1033806392,0.1665647593,0.1622542036,0.36,0.2477335522,0.2338889844,0,0.0001728907,0.316,0.316,31.7524463816644,46.1853765551482
"47089",0.1211273718,0.0003756574,10.142749812,60.07,0.1502981978,0.0386090058,10258.16,8.1,0.1862055609,4.7629461363,4.5253084137,0.1221208715,0.1382658173,0.1368576262,0.348,0.2051934675,0.6207325851,0.0002847543,0.0007213775,0.345,0.292,49.5446905651858,12.5429596367559
"47091",0.1290243704,0.0003365115,16.825574874,67.55,0.1564684375,0.0442449503,10319.69,7.5,0.2294958364,5.1345245836,4.7638162908,0.1154339789,0.1539951418,0.1481382008,0.373,0.2435578401,1,0.0005599418,0.0008399126,0.305,0.286,46.7788110697379,29.9384390846322
"47093",0.1076765571,0.00113444,12.097739097,45.14,0.1333502422,0.034911148,9675.35,7.2,0.1766279601,4.3305921455,4.3837864101,0.1266155276,0.1298256092,0.1330230487,0.359,0.1867724532,0.7946028235,0.0031450326,0.0013930867,0.315,0.213,74.4782833124401,15.1906201607551
"47095",0.1152900688,0,11.879619852,98.84,0.1431438127,0.039717564,13891.56,6.9,0.263217335,5.4718992131,4.7675977775,0.1223417657,0.1670010272,0.151278778,0.407,0.2711842574,0.5098314607,0.0001310444,0.0010483554,0.35,0.324,26.3539333245487,26.3539333245487
"47097",0.1188374701,7.42501e-05,7.7962577963,73.79,0.1545354287,0.0341718083,11490.98,6.1,0.2689894022,5.5569476737,4.969013364,0.1067591389,0.1725301098,0.1603869485,0.413,0.274470217,0.251015639,0.000109561,0.0005843255,0.382,0.324,40.6950216423524,18.4977371101602
"47099",0.127676105,0.0004463866,12.216896908,62.89,0.1607297286,0.0522613065,10123.87,7.9,0.2123354177,5.0610904041,4.7732412642,0.1156946347,0.1466201081,0.1452206134,0.34,0.220041868,0.5640927655,0.0005204144,0.0007806217,0.337,0.326,36.7420007973796,18.7618727475981
"47101",0.1457868452,0.0002530791,10.966762274,65.13,0.180764774,0.0511086058,9931.91,8,0.2061134946,5.0066639095,4.7242859432,0.1155641039,0.1477314063,0.1440883422,0.342,0.2138150456,0.330976071,0.0004199563,0.0003359651,0.364,0.306,28.0394795872589,39.2552714221624
"47103",0.1143130192,0.000533444,8.8907328927,76.19,0.1422795047,0.0413890313,9937.75,7.8,0.2001692148,4.831599605,4.6403892529,0.1185390094,0.1432891394,0.1414306617,0.359,0.2115092891,0.5111357573,0.0003864792,0.0004459375,0.352,0.339,37.6144518683494,21.7767879237812
"47105",0.1348618552,0.0004889497,12.90827303,44.65,0.1634731819,0.056675542,9135.05,7.7,0.1844158804,4.7964043546,4.4495630105,0.116217402,0.1354979855,0.133087012,0.32,0.1868603759,0.7848051734,0.0004924071,0.0006302811,0.295,0.283,107.593492223925,18.2582895895145
"47107",0.1199694831,0.0004939304,15.197857102,60.36,0.1474957831,0.0453691046,9604.72,7.7,0.2100632455,4.9975223349,4.708012328,0.1106660276,0.1452635529,0.1419818058,0.373,0.2167062442,0.5091263919,0.0005130544,0.0006460685,0.314,0.35,59.450400025298,16.4437276665718
"47109",0.1292526897,0.0003836415,11.125604235,64.46,0.1624732334,0.0437749667,10162.85,7.4,0.2404558384,5.2901343606,4.8391769137,0.1061117606,0.1612353622,0.1538920974,0.366,0.2386627902,0.3057718121,0.0014086116,0.0005329882,0.323,0.314,26.830888741248,20.4425818980937
"47111",0.1476972491,0.0001725849,4.3146222548,142.16,0.1875182057,0.0511111111,12730.82,8.2,0.2188213306,5.0971399195,4.7926411929,0.1251208048,0.1496301049,0.1459258422,0.351,0.2377246731,0.3954512765,4.34726e-05,0.0006086163,0.34,0.353,63.1911532385466,24.4147637512566
"47113",0.1084361826,0.0013215859,16.699108698,50.34,0.1366001125,0.0370354195,10374.3,6.4,0.2190797017,4.6959635495,4.3747376159,0.1068741296,0.1430485627,0.1386035611,0.39,0.2118107927,0.7438907766,0.0021186009,0.0013037544,0.363,0.266,43.9596389175706,13.9716681831038
"47115",0.1147433944,0.0006318672,8.0738582511,71.32,0.1413331762,0.0409588824,10504.06,7.8,0.1964040981,4.7819156712,4.6602916559,0.1217811588,0.1385908506,0.1395276597,0.351,0.2199602101,0.6879271877,0.0002464181,0.0005280389,0.324,0.298,39.8406374501992,19.9203187250996
"47117",0.1176537284,0.0001267748,10.14198783,59.21,0.1461067824,0.0454427421,10259.2,7.7,0.2096527316,5.0147374033,4.548437773,0.128148054,0.1416849166,0.138834369,0.356,0.2191407726,0.4390371362,0.0004157472,0.0006076306,0.317,0.28,23.2224286438102,19.0001688903901
"47119",0.1145386994,0.0005925453,11.167200337,40.93,0.1418240933,0.0443005059,9212.11,7.6,0.203232599,4.8596193153,4.6497620966,0.1276108055,0.1376833745,0.1377857293,0.374,0.2136841942,0.5441721429,0.0021633632,0.0009939777,0.329,0.296,47.4828397017318,15.574371422168
"47121",0.1344086022,0.0004226543,12.679628064,55,0.164077247,0.0513225424,9819.86,8,0.216432532,5.1549933008,4.8973713841,0.1151086196,0.1527886595,0.1498687727,0.353,0.2379827923,0.3991321365,0,0.0002563883,0.334,0.332,59.0950022512382,47.8388113462404
"47123",0.1432480239,0.0002621747,10.486989579,63.23,0.1804434338,0.0447399068,9410.23,8.1,0.231350389,5.2697688309,4.9098864895,0.1169144567,0.1572857238,0.1519033915,0.359,0.2433545934,0.7207933691,0.0003095085,0.0006411248,0.339,0.308,70.0862937491787,21.9019667966183
"47125",0.088246869,0.0004186501,7.2359274133,56.2,0.1118717141,0.0340727961,9896.24,6.8,0.2182451907,4.8052420216,4.2738602596,0.1322157043,0.139657721,0.1332052486,0.37,0.2417366546,0.5082602666,0.0014581941,0.0006738225,0.328,0.254,26.071612330664,18.6472459053756
"47127",0.1124546554,0,7.9088895919,61.72,0.133189539,0.0541760722,8320.62,7.6,0.1648996235,4.3323586393,4.257726295,0.1258582456,0.122750931,0.1262242557,0.333,0.1853715629,0.0778057215,0.0001582529,0.0003165058,0.312,0.282,42.185192997258,42.185192997258
"47129",0.1084352621,9.30319e-05,7.4425527956,97.42,0.132616179,0.0429252782,10580.75,7.3,0.2108681272,5.2191340889,4.7288158779,0.1246360046,0.1521317997,0.145605786,0.358,0.2393884146,0.1899758948,0,0.0006463527,0.326,0.316,55.6311039683521,21.6343182099147
"47131",0.1271116943,0.0004895721,16.645451875,53.28,0.1587515437,0.0433025404,11315.18,7.2,0.207448689,4.9674064757,4.6500571195,0.1162092998,0.1475484046,0.1444203576,0.37,0.2235457133,0.5446914201,0.0002908762,0.0008079894,0.352,0.354,26.0422318192669,17.3614878795113
"47133",0.1248856359,0.0003615166,8.1341226445,98.85,0.1561440845,0.0441321987,10448.48,8.1,0.2068890176,5.0806663348,4.7343284848,0.1137645908,0.1511117739,0.148534725,0.352,0.2197575013,0.3957795589,9.07935e-05,0.0004993644,0.357,0.314,34.7390043499275,18.1246979217013
"47135",0.1363858563,0.0002522386,7.567158532,195.43,0.1686855092,0.0531617236,12179.09,6.7,0.222624383,5.2995239699,4.8509229269,0.1128414664,0.1579230985,0.1521151458,0.346,0.2331639972,0.0869235629,0.0007670672,0.0011506009,0.294,0.281,42.1674045962471,21.0837022981236
"47137",0.125428195,0.0001943257,9.7162844928,84.86,0.1502808989,0.0538384845,10991.11,8.3,0.1947462463,4.8079123812,4.6222087509,0.110677505,0.1404690488,0.1410574328,0.333,0.2043363711,0.0003939334,0,0.0003903201,0.309,0.332,71.3729561380742,71.3729561380742
"47139",0.1218869912,0.0005365766,15.501102963,73.35,0.1456173896,0.0532994924,9113.86,8.3,0.2037492592,5.0931931481,4.7652697813,0.115903262,0.1494677857,0.1467987978,0.351,0.2299936175,0.6693610698,5.97729e-05,0.0002988643,0.331,0.308,43.7593237195425,27.8468423669816
"47141",0.1334499708,0.0006974904,11.803683286,68.26,0.1656825988,0.0435503686,9884.95,7,0.210216212,5.2213127387,4.7488116739,0.1316360138,0.1536538125,0.1487762006,0.334,0.228790995,0.621285657,0.0017393649,0.0014022787,0.292,0.228,39.6173586350262,23.1472207755209
"47143",0.1299067951,0.0003689356,11.375514973,79.98,0.165237556,0.0419426049,10037.31,7.3,0.2157522418,5.0830988117,4.8257477922,0.1173016062,0.1504803052,0.1477011467,0.369,0.2256601335,0.4443396523,0.0002450905,0.00058209,0.318,0.325,50.2002889077851,23.5634009158991
"47145",0.1117704518,0.0003222566,14.027638239,78.84,0.1370160376,0.036435346,10566.11,7.3,0.1943165794,4.8422648449,4.6704051503,0.1122135019,0.1420696851,0.141618871,0.349,0.2057756987,0.6028866208,0.0003602032,0.0006635323,0.35,0.24,104.183109707972,22.7308602999211
"47147",0.1132052944,0.0003791746,10.937727869,67.78,0.1434141907,0.0403645833,10701.76,8.6,0.1807511426,4.3348806395,4.3184192537,0.1307148051,0.126132224,0.1295420648,0.353,0.1980442566,0.7897500113,0.0004259757,0.0007491297,0.32,0.301,33.039540556036,19.4350238564918
"47149",0.1052669291,0.0004353475,6.9655606607,66.82,0.1310937883,0.0404024728,9771.06,7.8,0.1710114446,4.3779767158,4.2151839244,0.143770178,0.1268007477,0.1274964333,0.367,0.1821121858,0.7471097165,0.0007199574,0.0008687947,0.334,0.249,26.9042576825052,13.3963108792557
"47151",0.1243540407,0.0004555809,6.8337129841,120.05,0.1607281177,0.0369435934,12986.11,7.3,0.2434946839,5.6124314881,5.1874339506,0.1160208389,0.1680629934,0.1610650979,0.36,0.2520508227,0.209915422,0.0001819257,0.000864147,0.32,0.32,65.26622548722,31.8742031449214
"47153",0.1157158694,0.0002700695,5.4013908581,53.79,0.1443443678,0.0405649038,10513.05,8.4,0.2013109341,4.7865148064,4.6319868633,0.1172366625,0.1410786922,0.1414647996,0.355,0.214365359,0.4307681406,0.0002040261,0.0006800871,0.337,0.258,47.2845176979195,31.523011798613
"47155",0.1670472873,0.0003856336,10.005628166,44.83,0.2057794861,0.0560265922,9870.14,7.9,0.2067852985,4.9209545435,4.6895172472,0.1212076209,0.1430131886,0.1409907767,0.345,0.1987240884,0.824661527,0.0005257071,0.0008831879,0.391,0.316,61.1686691296324,19.8103076158469
"47157",0.1364939893,0.0008272313,9.1251283221,42.87,0.1734607414,0.0464764668,9474.7,5.8,0.219042298,4.3967864671,4.640469048,0.1360176322,0.1427459648,0.145977194,0.365,0.2037294876,0.900693585,0.001189813,0.0008649312,0.351,0.235,32.8653109133106,9.14110920424332
"47159",0.1014115899,0.0004664421,6.7374967608,102.59,0.1258119658,0.03875803,11543.65,8.4,0.1775278143,4.5615007439,4.407695814,0.130500483,0.1321811394,0.1338223305,0.353,0.2041207484,0.2187206512,0.00015782,0.0005260666,0.321,0.261,36.3630067011827,41.5577219442088
"47161",0.1191841338,7.54205e-05,8.2962516027,61.46,0.1431464372,0.0521949533,10488.8,8.1,0.1876812769,4.6854441344,4.4966903569,0.121010831,0.1368749457,0.1370012832,0.344,0.2042608864,0.2358901231,0.0002259206,0.0007530688,0.325,0.288,70.4934541792548,40.281973816717
"47163",0.1119729499,0.0013457405,14.732988501,53.17,0.1385915493,0.0329087049,9655.39,7.1,0.1862514992,4.8645710843,4.3109871702,0.1126459929,0.1405260137,0.1364849079,0.364,0.2033639939,0.7687584092,0.0010570084,0.0015154699,0.326,0.278,98.4049053676369,18.0656953698685
"47165",0.1086623691,0.0005227599,8.9210121087,65.42,0.1352052038,0.0435666832,10862.39,8.1,0.1671613962,4.3826259789,4.2672697041,0.129731096,0.1225687392,0.1256469985,0.369,0.1935680315,0.7358834698,0.0005848089,0.0007295635,0.341,0.295,36.6897522117869,16.2645293309983
"47167",0.1030059208,0.0003232584,10.182641021,67.15,0.1326763513,0.03357226,10601.55,7.5,0.2002692393,4.6867731244,4.5241064607,0.1299269437,0.1329872567,0.1335217617,0.369,0.223771366,0.6770845271,0.0005192866,0.0006491083,0.355,0.322,25.4334509404965,20.5632156540185
"47169",0.1361334525,0.0002486944,6.217358866,126.18,0.168161435,0.0515247108,12515.46,NA,0.2012650658,4.9686571925,4.5614545619,0.1264067731,0.1421235598,0.139303884,0.354,0.222856211,0,0,0.0006248438,0.311,0.263,41.1268764137364,32.9015011309891
"47171",0.1331253627,0.0003919373,17.357222844,88.01,0.1608184339,0.0476598174,9884.26,7.4,0.2160183169,5.2705909263,4.6915955484,0.1085313027,0.1522651746,0.1456680066,0.344,0.2177454239,1,0.00022268,0.0006680399,0.337,0.266,171.827724029734,9.33846326248553
"47173",0.1532735255,0.000104608,4.7073591715,54.77,0.1880222841,0.0599639315,11459.88,8.1,0.212902906,5.2248385266,4.8224499536,0.1183084486,0.1542643954,0.1493304613,0.351,0.2395525484,0.3143021613,0.0005755245,0.0005232041,0.356,0.3,62.7483790002092,34.8602105556718
"47175",0.1230874629,0,3.5229874934,70.24,0.1465102286,0.0523049645,10583.14,8.3,0.2069750185,4.9178864389,4.7337005396,0.1163432844,0.1451276585,0.1437771194,0.352,0.2241530448,0.1748377794,0,0,0.334,0.327,76.47508676981,94.1231837166892
"47177",0.1498018574,0.0005440831,11.376282923,80.66,0.1875529213,0.0569146785,11260.87,8,0.2365821236,5.3634818258,4.8566457252,0.1164670484,0.1603668521,0.1515240923,0.351,0.2304658601,0.6924872612,0.0006755235,0.000900698,0.346,0.273,56.235527621568,19.8478332782005
"47179",0.1149156836,0.0017260218,13.063926145,58.34,0.139476019,0.03997669,9607.98,7.5,0.194171868,4.6970566556,4.5460378671,0.1285669817,0.1374002372,0.1385096431,0.362,0.2190262525,0.7198383464,0.0027645316,0.0021149855,0.296,0.268,76.0558339298497,14.4742936544697
"47181",0.1247733356,0.0003582517,7.7621208503,99.73,0.1513059487,0.0472131148,10441.73,7.2,0.2282861926,5.1054244977,4.6949882377,0.1203995021,0.1547596578,0.1460754204,0.366,0.242316826,0.3248927795,5.91261e-05,0.0008277656,0.329,0.376,55.5842299598999,67.4951363798785
"47183",0.1030314513,0.000647821,15.901060071,75.52,0.1253713307,0.0368276062,11113.75,7.2,0.2169262437,5.0644236846,4.7096900955,0.1306733028,0.1470449072,0.1419716735,0.359,0.2212089902,0.3378258759,0.0003200186,0.0007855002,0.353,0.32,29.4579732914376,19.6386488609584
"47185",0.1343958135,0.0003393537,9.4264922137,54.33,0.1683680147,0.0452136469,10017.22,7.8,0.2165789243,5.142630266,4.80938713,0.1147818617,0.1504937644,0.14777047,0.356,0.2267199722,0.2987500484,0.0001140641,0.0005322992,0.309,0.294,70.4624095627556,23.9068889587921
"47187",0.0599414735,0.0015023244,12.850069919,37.18,0.0743507285,0.0313483146,8903.42,9.1,0.1191546522,3.3227390668,3.6028978842,0.1531915425,0.0983489143,0.1082276292,0.319,0.147006551,0.668881222,0.0012474053,0.0010183895,0.252,0.197,27.5155069535617,11.792360122955
"47189",0.0927037054,0.0003568353,10.549914282,62.06,0.114098068,0.0403627697,10371.29,8.5,0.1507351769,4.0769380525,4.1796967358,0.1364081818,0.1167714032,0.1223203105,0.33,0.1825863073,0.7652662883,0.0004466565,0.0008693849,0.375,0.239,48.053571982184,19.6347928529354
"48001",0.1907874776,0.0003473428,10.593956235,57.09,0.2261618036,0.1145669977,11803.57,5.7,0.1927225562,3.9874015612,3.4482275447,0.1802127606,0.1235136712,0.1097427955,0.362,0.1959672474,0.3064764446,0.0003644125,0.0002950006,0.344,0.252,34.1156810704229,23.1292753019816
"48003",0.1952073733,0.0003866335,6.628003314,58.24,0.2273240497,0.13845111,8370.69,8.2,0.1832703336,3.5682519442,3.2105312664,0.1938617912,0.1073917519,0.0982212701,0.318,0.1461015659,0.9218179359,5.72181e-05,0.0006293986,0.322,0.24,11.248172172022,18.7469536200367
"48005",0.2189910979,0.0006231942,11.104186732,53.16,0.2641929276,0.124132711,10861.21,6.1,0.2241943307,4.6352893222,3.918832806,0.1746245948,0.1345799672,0.1175414659,0.352,0.2030756644,0.7029422272,0.0010826211,0.0004558405,0.398,0.333,29.1892219745561,14.0259897799815
"48007",0.2172309386,0.000591716,7.8895463511,35.86,0.246302869,0.1380855397,8929.56,5.9,0.1959677817,4.1933659838,3.7172204287,0.144119049,0.1266437046,0.1150767542,0.3,0.1565703319,0.8944641161,0.0007608522,0.0002402691,0.318,0.252,73.6425443499073,22.3557723919361
"48009",0.1756546355,0,12.621916236,51.79,0.1949299021,0.1275406504,11513.51,7.4,0.1312723107,3.3336894902,3.2441156613,0.1830594025,0.0976587717,0.0982460884,0.289,0.1413335466,0.2396730727,0,0.0001134945,0.282,0.235,45.7508864234245,45.7508864234245
"48011",0.180794702,0,20.544427324,NA,0.1928982726,0.152892562,11441.77,6.3,0.111398164,3.0232765989,3.0513461969,0.1908893692,0.085578732,0.0889433376,0.279,0.1234278985,0.0799579169,0,0.000511509,0.294,0.247,17.307026652821,17.307026652821
"48013",0.1873972338,0.0002271085,7.8455662228,68.3,0.2308865789,0.1000502765,11167.69,8.6,0.2245705562,3.99973898,3.4757522227,0.1630025067,0.125953339,0.1098377713,0.351,0.1548143759,0.4016833293,0.0003558421,0.0002721145,0.339,0.324,18.6199191757582,13.1029060866447
"48015",0.1778846154,0.0002367825,12.853905219,46.36,0.1996246775,0.1299366491,9375.1,7.7,0.1661642628,3.5991149861,3.3443838908,0.1733035418,0.1051827674,0.1006623003,0.3,0.1444934303,0.5820811486,0.0002404342,0.0002060864,0.299,0.26,37.3155424888336,24.8770283258891
"48017",0.2923609965,0.0004160888,16.643550624,61.88,0.3729743858,0.1583011583,11018.42,8.7,0.2814741841,4.9161108553,3.9499287063,0.1459634337,0.1571675097,0.1295492546,0.336,0.1833362634,0.8009769714,0,0.000723589,0.293,0.24,4.69461527627811,4.69461527627811
"48019",0.1721803551,0.0002821007,10.813860548,46.63,0.1869690722,0.1272678762,9793.85,6.9,0.1435214952,3.3667789472,3.229158953,0.1668580799,0.0986057357,0.0970561537,0.3,0.1309717599,0.6246033683,0.0002393261,9.57304e-05,0.291,0.238,51.6133068489294,17.2044356163098
"48021",0.2072723478,0.0002732003,7.9476448893,58.55,0.2463343735,0.123606035,11055.83,7.3,0.1887465574,3.7721109935,3.3605581154,0.1799258392,0.1153610634,0.10605353,0.315,0.1630669392,0.5714632404,0.0005123673,0.0002561836,0.349,0.194,46.4096731018651,18.2323715757327
"48023",0.1963099631,0.0011055832,22.111663903,87.47,0.2235294118,0.1331658291,11464.95,7.4,0.1558453448,3.7366580472,3.4738306113,0.1598293666,0.1105210952,0.1065509101,0.291,0.1506081854,0,0,0.0002783964,0.287,0.276,9.16842394792335,0
"48025",0.1847841242,0.0002129342,7.6047940622,88.89,0.2305803724,0.0910227904,12244.27,7.3,0.2374487813,4.1473698409,3.4250077528,0.1845030903,0.1292067963,0.1081895007,0.34,0.1727322923,0.6580458868,0.0003042936,0.0003955817,0.286,0.241,38.5837724775859,19.2918862387929
"48027",0.1301796297,0.0008001409,8.0611212124,55.14,0.1637880664,0.0609827374,10407.65,5.9,0.1622034003,3.7313291183,3.4643594658,0.1825871548,0.112923143,0.1073403432,0.35,0.1807444253,0.8577852273,0.0018502765,0.0013945434,0.313,0.244,23.5940156815584,16.4262134491863
"48029",0.1675516724,0.0007298105,5.7120183712,43.03,0.208832743,0.0751783278,10086.63,7.8,0.2114206586,4.0771147363,3.3110162281,0.165179609,0.1290234883,0.1072876949,0.357,0.1298041764,0.9631543067,0.0014451474,0.0006810837,0.28,0.209,25.9226063253623,11.0166677255104
"48031",0.2148572794,0.0003635042,13.631406761,35.5,0.2251739405,0.1869806094,8693.92,8.2,0.1466167226,3.5206939062,3.2784957064,0.1680985507,0.1025506682,0.0991114445,0.289,0.1386728972,0.5928360484,0,9.24898e-05,0.293,0.266,78.2943868947242,33.1245483016141
"48033",0.1475728155,0,0,NA,0.1609195402,0.125,9425.88,6.8,0.1240557158,3.1243683067,3.0425947306,0.1880030116,0.0897237253,0.0898393734,0.282,0.1265897081,0,0,0,0.286,0.238,0,51.7330574236937
"48035",0.2269230769,0.0004471522,16.768207479,49.07,0.2591172814,0.1514334722,9508.57,7.5,0.1637859224,3.8131797437,3.5046128152,0.162889179,0.1116611418,0.1069667767,0.29,0.1478579264,0.1803755765,0.0001124859,0.0003937008,0.29,0.26,59.5149531319744,24.1779497098646
"48037",0.1600853789,0.0007067213,13.491953014,53.1,0.1920287029,0.0887075661,11008.3,5.7,0.1847574257,4.1403290502,3.6406008637,0.1633432093,0.1220137341,0.1114001125,0.349,0.1686418117,0.4928752768,0.0008255159,0.000814795,0.376,0.323,34.5781466113416,20.3191170808915
"48039",0.156002149,0.0006525907,6.9590427129,62.84,0.1840436765,0.098409018,11701.86,7.5,0.1593472213,3.377805356,3.1306913893,0.188270603,0.1000237145,0.0946743087,0.308,0.1425869308,0.7697068009,0.0004939016,0.0003548994,0.299,0.207,27.7288084025992,12.4201954303309
"48041",0.1738458609,0.0008603171,7.9521198677,40.91,0.1998462009,0.0979340832,9866.79,5.6,0.1734892678,3.6932655212,3.5282805108,0.2105515087,0.1210295494,0.1152640376,0.302,0.1322519691,0.8955047703,0.0007649939,0.0003920594,0.29,0.195,22.3392273729999,10.7042131162291
"48043",0.1900998336,0.0005467469,22.963367961,50.87,0.2160730594,0.1143951834,6736.58,7.2,0.2100286142,4.2059448476,3.5752721165,0.1595203471,0.1283287127,0.1127089251,0.319,0.1603638026,0.6135181976,0.0009811403,0.0007631091,0.287,0.272,18.1699251399084,36.3398502798168
"48045",0.3327433628,0,19.933554817,66.21,0.3643031785,0.2530487805,10879.83,3.7,0.2061131659,4.2531956655,3.7423238224,0.1486956877,0.1308960231,0.1181393081,0.312,0.1650278223,0.0109957239,0,0.0006510417,0.274,0.258,22.1483942414175,22.1483942414175
"48047",0.1872652783,0,9.6818810512,125.83,0.2470222683,0.0754897277,15414.1,7.7,0.4239712085,6.0899766786,4.355508417,0.1177050947,0.212971474,0.1558962751,0.362,0.208243653,0.4194932853,0,0.0001390047,0.293,0.235,60.0794897864867,36.9719937147611
"48049",0.1722939593,0.0005277602,16.888325945,47.54,0.2048606147,0.0975141243,10313.27,6.3,0.1780325102,4.1067087189,3.6188111474,0.164830578,0.1232045625,0.1118909751,0.312,0.1616607985,0.6130793051,0.0014341487,0.000690516,0.324,0.289,65.0149358636444,22.8430855737129
"48051",0.2124122116,0.0003436426,14.89117984,63.84,0.2382982943,0.1495098039,11560.73,7.3,0.1637086118,3.6557019058,3.4013816595,0.1683674612,0.1086638704,0.1035306466,0.329,0.1476689901,0.4316634666,0.0001159219,0.0001738828,0.306,0.276,53.3607760181427,19.0574200064795
"48053",0.2212184387,0.0004399182,12.977586169,56.51,0.2570067038,0.1368717799,10340.02,6.7,0.1679438606,3.8478439255,3.456770557,0.1657989212,0.1127820039,0.106875294,0.302,0.150662594,0.7328187135,0.0004895089,0.0003115057,0.289,0.27,55.6169456051636,16.0996421488631
"48055",0.2273758357,0.0002961354,9.6244015596,74.56,0.2660945985,0.1354104847,12144.37,7.7,0.2314520535,4.3351693792,3.6727095151,0.1629223284,0.1356418263,0.1168738919,0.32,0.1663500237,0.5026270162,0.000552625,0.0003767898,0.291,0.273,59.2626735696707,15.6387610808853
"48057",0.1998125896,0.0005480703,11.874857273,94.33,0.2340458975,0.1239727225,11583.17,7.4,0.2116975301,4.0754752084,3.4056267908,0.1593088295,0.121487237,0.1061474569,0.331,0.1429167984,0.4761236612,9.17557e-05,0.000367023,0.311,0.23,33.5074706428865,9.1384010844236
"48059",0.1887840089,7.37626e-05,16.965405326,44.86,0.2134169761,0.1279695914,11680.08,6.4,0.1490712575,3.6546384496,3.5017486045,0.1749010365,0.1099720007,0.1072646782,0.298,0.156161012,0.3314382753,7.40028e-05,0.0004440169,0.28,0.271,44.0205429200293,24.4558571777941
"48061",0.2856913925,0.0004548082,5.092904045,55.21,0.3856982657,0.1084670725,11880.15,7.8,0.3166131286,4.8879829941,3.9912207352,0.1511372746,0.169504694,0.1362518853,0.348,0.1437505206,0.7438112353,0.0003782184,0.0003782184,0.313,0.251,24.7492849986914,6.00941105399535
"48063",0.2294908742,0.0007096672,11.827787415,77.74,0.2817276679,0.1218244804,11842.69,6.5,0.206487183,4.177539356,3.7489300243,0.1554204966,0.1272718025,0.1175009486,0.335,0.1737684592,0.471816789,0.0003169321,0.0004753981,0.326,0.266,65.4964631909877,52.3971705527902
"48065",0.1569298952,0,25.129837494,50.53,0.1743145743,0.120458891,10544.33,7.7,0.1207438334,3.1539875326,3.1150988774,0.1996588818,0.0910430733,0.0926263536,0.286,0.1340139035,0.5021028793,0.0001663063,0.0008315317,0.295,0.243,5.5435445423804,5.5435445423804
"48067",0.1637617396,0.0002639132,16.494573285,68.14,0.1942058179,0.0912403644,11537.93,6.2,0.1746629712,4.2362665129,3.7042073116,0.1565519306,0.1197983554,0.1127919368,0.327,0.1645637927,0.4137014181,0.0001321833,0.0003304583,0.334,0.289,61.5729694664043,17.5922769904012
"48069",0.3025870034,0.0001306165,13.061650993,56.56,0.3654430676,0.1870196413,10480.25,8.9,0.2706755133,4.7271202893,3.7735323916,0.1497851294,0.1477081615,0.1220472532,0.33,0.1685544754,0.3889853634,0.0001285182,0.0002570364,0.284,0.233,21.6394010213797,25.9672812256557
"48071",0.1551799251,0.0001029257,6.4328538713,102.96,0.1807274724,0.103775257,12755.62,7.6,0.1537637773,3.4562551888,3.2427338316,0.195488436,0.1015375772,0.0987309198,0.315,0.1525682901,0.663465922,0.0001572945,0.0004194521,0.277,0.275,22.2399000915257,15.3968539095178
"48073",0.2170525378,0.0003104264,9.7008265104,85.33,0.2638575279,0.1230351109,12032.74,6.4,0.211001734,4.3600402834,3.7148312101,0.1567457707,0.13132989,0.117914709,0.338,0.1835634277,0.4724161668,0.0007465326,0.0001964559,0.333,0.291,53.2080564784053,16.8708471760797
"48075",0.1383579496,0.0012697517,19.751693002,58.88,0.1616065781,0.0940947437,8528.43,5.8,0.1950008135,4.036265443,3.4647955703,0.1901219167,0.1218192431,0.1085120104,0.324,0.1723944982,0.7338446243,0.0001410636,0.0007053181,0.3,0.236,80.0791370295351,65.9475246125583
"48077",0.1666869006,0.0002895753,12.548262548,73.23,0.1876350341,0.1154009334,10409.18,6.1,0.1328376191,3.375893957,3.3438324612,0.1760800539,0.098873449,0.0999581239,0.293,0.1482152564,0.4363839286,9.6432e-05,9.6432e-05,0.288,0.251,32.3383889014649,45.2737444620509
"48079",0.2870445344,0.0006772773,23.704707078,58.45,0.3353221957,0.1892215569,11216.32,8.1,0.2808827329,4.8690964958,3.9648877304,0.1511119757,0.1553971012,0.1290314619,0.337,0.1856051432,0.0153501759,0.0003407155,0.0003407155,0.28,0.231,11.4025085518814,11.4025085518814
"48081",0.1763720151,0,21.618282891,38.73,0.1901489118,0.1478770132,9983.93,4.6,0.1521905408,3.4850320583,3.3029366171,0.16113084,0.1029802351,0.1000155065,0.285,0.1331555239,0.3325301205,0,0,0.288,0.305,10.250102501025,10.250102501025
"48083",0.2183254344,0.0004797314,25.185895898,74.87,0.2574300699,0.1198057205,9528.4,6.4,0.1843653301,4.1206836888,3.7045677466,0.1517664468,0.1259701612,0.1164826454,0.31,0.170525048,0.3902192243,0.000118624,0.0004744958,0.281,0.261,27.791011592822,55.582023185644
"48085",0.1095027497,0.0009396944,6.3667302246,49.36,0.1307489363,0.0669272501,11575.15,7.7,0.1115724609,2.7029673749,2.8615702574,0.1816474762,0.0823605234,0.0862065701,0.33,0.125943436,0.9515837723,0.0008235046,0.0004575025,0.269,0.189,27.7843394903089,10.2959050410869
"48087",0.3305152979,0.0003285151,26.281208936,50.04,0.382015691,0.2363636364,12758.17,7.8,0.2090334553,4.270619979,3.7384261634,0.1608231399,0.1306181846,0.1183047275,0.326,0.1689712582,0.824991822,0,0.0006629102,0.281,0.235,11.0168557893577,11.0168557893577
"48089",0.1967503512,0.0005270724,16.770483948,79.09,0.2290109135,0.1234789547,11412.04,7.5,0.1823766193,3.8034854851,3.4470316247,0.1608800363,0.1152529587,0.1068041772,0.318,0.150881573,0.480310434,0.0001447946,0.0002413244,0.283,0.242,62.2923588039867,15.9723996933299
"48091",0.1596427522,0.0007439092,9.9962804538,40.08,0.1808229272,0.1098373853,10084.38,7.9,0.1428064485,3.2380452613,3.1198266238,0.1839765319,0.0968381295,0.0954784632,0.287,0.1279399534,0.8544416992,0.0010024738,0.0004527301,0.279,0.2,36.126235388228,17.5470286171393
"48093",0.2647030042,0.000446761,15.636634401,77.61,0.3031642946,0.1756670902,10602.09,7.1,0.199549525,4.193955268,3.711560426,0.1525556279,0.1265301825,0.1157802265,0.311,0.1641498715,0.1634464005,0.0005166052,0.0003690037,0.286,0.258,61.783313562673,56.8406484776592
"48095",0.1881778742,0,7.3511394266,114.25,0.2108843537,0.1341911765,10403.16,8.5,0.2058199905,3.7525257238,3.1064953771,0.1945256604,0.1147001425,0.0966856892,0.324,0.1496464686,0.1433814534,0,0.0004938272,0.309,0.238,8.058017727639,8.058017727639
"48097",0.1956241956,0.0002549135,11.726019017,53.34,0.2269744087,0.1237808674,11909.53,7.5,0.1559790388,3.6297676384,3.3914588579,0.1813711833,0.1074540698,0.1039152672,0.302,0.1506323199,0.5191352083,0.0005417817,0.0005417817,0.291,0.249,36.6718973869141,19.6152009278843
"48099",0.1334868467,0.0002648901,7.0195886256,70.06,0.1652776716,0.0697205875,10556.14,5.5,0.1725351438,3.9087611265,3.5863394353,0.1978854473,0.1138172454,0.1080419753,0.339,0.1758504747,0.7277152863,0.0003573225,0.00031762,0.344,0.247,20.3764324410523,16.8327050599997
"48101",0.2756410256,0,14.025245442,76.34,0.3125810636,0.1959064327,8539.85,3,0.2004514223,4.142351698,3.735474136,0.1437511056,0.126274333,0.1169265663,0.311,0.1583373242,0.8299003322,0,0,0.278,0.265,23.5682300259251,23.5682300259251
"48103",0.1975225225,0.0001980983,7.9239302694,75.21,0.228354605,0.1428571429,12813.8,9,0.1956037627,3.7089307666,3.2199957386,0.1867253048,0.1112703556,0.0992791301,0.314,0.1379118679,0.9206857143,0,0.0002020202,0.309,0.238,0,6.74399784192069
"48105",0.2163987138,0.0002695418,21.563342318,55.47,0.2467532468,0.1535393819,9201.83,8.9,0.1999294765,3.6460609308,3.1962278602,0.170493641,0.1113357467,0.0986621869,0.307,0.1304868362,0,0,0.000524659,0.284,0.242,8.93096365097794,8.93096365097794
"48107",0.2401493156,0.000334616,20.076961686,83.84,0.2926005527,0.1360874848,12303.15,8.3,0.2571226447,4.6730455567,3.7903268498,0.1455736147,0.1450815775,0.1220225478,0.327,0.1657536983,0.621554712,0,0.0005085608,0.291,0.238,33.5795836131632,33.5795836131632
"48109",0.2859513274,0,8.9445438283,130.05,0.3325434439,0.1840707965,13736.16,8.8,0.3122147871,4.9587868574,3.9223244261,0.1369034124,0.1607857307,0.1287787055,0.352,0.169418127,0.9261884904,0,0.0008826125,0.296,0.242,14.9253731343284,14.9253731343284
"48111",0.290402862,0.0008425783,23.873051538,80.55,0.3457522544,0.1892008639,12027.03,6.8,0.2078151586,4.0777141276,3.5302481645,0.1908750834,0.1240010744,0.1103682213,0.32,0.1642510921,0.5136506042,0.0001401542,0.0007007708,0.321,0.218,4.69219219219219,4.69219219219219
"48113",0.2256115169,0.000677532,7.2766151599,44.81,0.2742122378,0.1144617514,11038.8,6.8,0.196799627,3.8848993892,3.2228042593,0.1785283373,0.1231532557,0.1071289559,0.337,0.1550729443,0.9759300446,0.0011541952,0.0007257891,0.29,0.232,29.8940487435149,10.0431449846979
"48115",0.2315401923,0.000295858,17.75147929,59.93,0.2825986079,0.1358664364,9545.28,7.5,0.2268005785,4.1539886164,3.4740930791,0.180243227,0.1287962497,0.1094765995,0.329,0.1667145119,0.375623509,0,0.0004486988,0.299,0.253,44.996625253106,29.9977501687373
"48117",0.2463618097,0.0002110595,11.080624736,39.08,0.3139424896,0.1295934959,9208.56,8.5,0.2608283863,4.4684880857,3.6914863948,0.1558380878,0.1416413813,0.1190527452,0.337,0.1626868068,0.7967685319,0.0001041938,0.0006772597,0.292,0.22,33.3467890552328,17.5509416080173
"48119",0.1746973066,0,15.33448342,42.18,0.201369863,0.1113902848,10254.91,6.7,0.169951842,4.0477355766,3.7123607965,0.1607782581,0.1199642976,0.1141550641,0.311,0.1676650551,0.5681514051,0.0003818251,0.0005727377,0.315,0.275,76.5794511805999,63.8162093171666
"48121",0.1289347509,0.000639242,5.8928123062,53.02,0.1517099929,0.0774467924,11956.41,7.5,0.125946156,3.1105681098,2.9441162065,0.1959638772,0.0911033319,0.0900718677,0.307,0.1360072257,0.9616609368,0.0008455419,0.0004380358,0.243,0.179,21.7934282130885,10.1702664994413
"48123",0.1713215483,0.0004327547,14.905996057,56.5,0.2019339091,0.1042318115,11283.94,7.5,0.18967163,3.9048100244,3.4461877092,0.1649619417,0.1171680843,0.1065636909,0.314,0.1532087406,0.7415534657,0.0001450396,0.0003867724,0.294,0.267,48.118564142046,16.039521380682
"48125",0.2289915966,0.0004533092,27.198549411,90.74,0.2596630327,0.1606334842,10429.84,7.2,0.1979054829,4.0821757193,3.4630178666,0.1677383915,0.1237637691,0.1082108902,0.31,0.1618657299,0.4071194763,0,0.0004508566,0.278,0.238,15.1331719128329,0
"48127",0.1849573756,0.0006375228,7.2859744991,118.49,0.235947604,0.0938871015,13224,8.2,0.2956839611,4.6441392787,3.6712625527,0.1465308522,0.1501436213,0.1198095735,0.341,0.1546583361,0.5976390556,0.0002705384,0.0001803589,0.292,0.24,3.04293582448346,3.04293582448346
"48129",0.2146683148,0.0002857959,25.721634753,29.82,0.2429959977,0.1491712707,10624.93,6.7,0.1607793808,3.8296738394,3.5528471271,0.1699072438,0.1140875881,0.1092082659,0.296,0.1539470786,0.1522980691,0,0.0011289867,0.284,0.236,47.8606298458888,0
"48131",0.2001813648,0,4.3905865824,67.88,0.2458249833,0.1072502506,13499.18,7.6,0.3276301562,4.9329320384,3.7616145291,0.1411473229,0.1620426736,0.1253982243,0.339,0.1637515417,0,8.67077e-05,0.0004335385,0.268,0.244,29.1129290517919,34.9355148621503
"48133",0.2072857876,0.0003852292,16.509823345,60.04,0.24264855,0.1203195207,11374.56,6.4,0.1859415878,4.0491024617,3.6930840954,0.1626857385,0.1222823933,0.1142662007,0.307,0.1663101121,0.377710811,0.0001650528,0.0003301056,0.305,0.256,89.7090862488786,20.138774464034
"48135",0.2154918177,0.0005895783,7.7774153892,55.31,0.2592573012,0.1326487381,9931.8,8.4,0.2045732087,3.8968766968,3.3481190729,0.1886387597,0.1187314902,0.1038705942,0.345,0.1551222661,0.7135273099,0.0004353363,0.0005782826,0.332,0.305,20.6031410231902,14.8682460992094
"48137",0.3123209169,0,21.119324182,NA,0.3409316155,0.2463054187,9372.39,8.5,0.2059476701,3.848795771,3.3624646008,0.153138964,0.1175691282,0.1046797362,0.307,0.129268518,0.014985015,0,0,0.296,0.261,17.5932441942294,0
"48139",0.1788193956,0.0004155666,9.5335875623,62.16,0.205127426,0.1247141831,11349.31,7.4,0.164896981,3.5975252687,3.2388350069,0.176898669,0.1064391087,0.1000023996,0.296,0.1332859801,0.7655972194,0.0005962954,0.0003389469,0.354,0.258,26.0454819228077,10.9879376861845
"48141",0.2281033493,0.0004763084,4.8588248106,45.99,0.2947458047,0.0901405999,9549.68,8.4,0.2726741745,4.2626722185,3.6723067649,0.1674309397,0.1427907393,0.1215418529,0.338,0.1464020337,0.8044069359,0.0006898728,0.0005039071,0.295,0.209,24.2122251393898,9.69286772466512
"48143",0.2397279506,0.000632265,12.402120519,60.24,0.2759333474,0.1429874572,10168.18,5.7,0.1798579958,4.0747684457,3.697049442,0.1904659352,0.1245264201,0.1158788003,0.311,0.1754139622,0.6889944576,0.0007472538,0.0002739931,0.273,0.233,85.4158531823506,17.0831706364701
"48145",0.2119778068,0.0001166725,14.000700035,64.71,0.2505444126,0.1204399142,11180.67,6.5,0.227362681,4.4642674882,3.8544387519,0.1530507702,0.1361118031,0.121819935,0.356,0.1822382861,0.2780700772,0.0001177232,0.0003531697,0.322,0.28,52.5250953233211,38.9074780172749
"48147",0.1952144615,0.000237438,13.355889947,83.67,0.2231632081,0.1291996722,13207.14,6.1,0.1591107264,3.7551318848,3.4927745867,0.1767313086,0.1122919873,0.1070897546,0.315,0.1640457834,0.5307680967,0.0011258592,0.0003259066,0.306,0.26,45.3309156844968,29.5636406638023
"48149",0.2077587114,0.0003982477,19.912385504,42.39,0.2295615685,0.1547072857,9627.58,7.3,0.1556786016,3.4740818134,3.3486841052,0.1654992255,0.1042719799,0.1016718727,0.283,0.1404842034,0.4753197035,0.000161076,0.000281883,0.273,0.23,62.5898897352581,69.2483886432643
"48151",0.1688267394,0.0005226026,31.356153645,84.99,0.186894324,0.1243842365,11815.3,7.8,0.1719295185,3.6814829048,3.379852137,0.1644895796,0.110464426,0.1035185356,0.299,0.1411609213,0.4652742828,0,0.0007830854,0.283,0.245,8.68658790826963,8.68658790826963
"48153",0.2362984823,0.0006778512,25.419420437,98.03,0.2879450344,0.1359756098,12466.46,8.4,0.2613829775,4.6072384406,3.7968321384,0.1425044826,0.1459489208,0.1231492573,0.326,0.1689416633,0.4421346572,0,0.0005042864,0.286,0.238,45.0272977992908,45.0272977992908
"48155",0.2202835333,0,32.786885246,84.11,0.249244713,0.1535580524,13863,3.6,0.1763071028,3.9289937398,3.6033129797,0.1488259834,0.118287047,0.1114520032,0.299,0.1557139039,0.001497006,0,0.0007843137,0.287,0.251,27.1886895051658,27.1886895051658
"48157",0.1275787723,0.0008029751,4.9016390467,43.28,0.1554915327,0.0713867759,11005.05,7.4,0.1406416166,3.0958303716,3.0144194442,0.1708962279,0.090918981,0.0878149487,0.345,0.1176366834,0.94197224,0.0005325785,0.0003735345,0.291,0.22,18.1549273359534,9.1007990501566
"48159",0.1854265403,0.0003755516,15.022063656,58.8,0.209979564,0.132962963,11022.7,7.1,0.1680104395,4.0419232454,3.5738005175,0.1672176988,0.1164531989,0.109403371,0.297,0.1596257719,0.4154644036,0.0002830189,0.0002830189,0.308,0.288,47.0839349613912,31.3892899742608
"48161",0.2059226762,0.0003047077,14.727540501,51.73,0.2321286736,0.1506036857,11084.79,6.7,0.168912722,3.7814073417,3.4276061402,0.170955367,0.112597404,0.1055651507,0.325,0.1580076434,0.2167440452,0.0002024087,0.000303613,0.299,0.29,42.3176532322224,23.6978858100445
"48163",0.2032772031,0.0002128452,7.4495822913,58.43,0.2630672028,0.0927318296,11277.59,9.1,0.3073558912,4.8258023986,3.6959329677,0.1669839405,0.1568799201,0.1214889216,0.355,0.1815075226,0.1696578963,0.0003237818,0.0005396363,0.284,0.219,14.2146410803127,14.2146410803127
"48165",0.3302053433,0.0001994913,12.966934317,58.5,0.3876394386,0.242970243,11457.84,8.8,0.1886080969,3.8107130496,3.3929655357,0.1970408445,0.1159390649,0.1048230625,0.324,0.155943392,0.3791509757,0.0001029601,0.0001544402,0.306,0.264,16.679454248257,13.3435633986056
"48167",0.1521816376,0.0007168904,7.5102800838,68.41,0.1808531142,0.0853373393,11979.8,6.9,0.1739624659,4.0937281713,3.6519675586,0.1855973278,0.1172103606,0.1043401832,0.32,0.1646484273,0.8823242674,0.0009802736,0.0006110796,0.316,0.235,46.4873573024494,15.9444388075216
"48169",0.2310499719,0,12.470771629,40.53,0.2741482966,0.1363636364,10803.72,9,0.196740508,3.7641585423,3.2083607121,0.2053166114,0.1144354419,0.0992326709,0.331,0.1549465512,0,0,0.0003108003,0.279,0.234,57.0184532448683,0
"48171",0.2296457766,0.0012325232,16.562030582,22.04,0.2540002991,0.1699371309,7868.97,7.8,0.1540048535,3.5439363139,3.3426042343,0.1536334225,0.1057533512,0.1024192254,0.275,0.1315371172,0.7050771027,0.0007445141,0.0003526646,0.271,0.249,91.0209732834214,26.9216963232655
"48173",0.167690957,0,7.6045627376,NA,0.182160804,0.1440443213,8549.3,6.9,0.1535084437,3.3527828898,3.1003359918,0.1967627434,0.0980586791,0.0930474875,0.296,0.1338138713,0,0,0,0.284,0.231,0,0
"48175",0.135263247,0,14.606293985,71.07,0.1508600651,0.0986414649,12346.66,7.5,0.1844380088,3.8437776823,3.4170483572,0.1637569965,0.1145060428,0.1051173519,0.305,0.1444290994,0.5968099861,0.0002649358,0.0001324679,0.305,0.254,79.6565915829535,57.5297605876886
"48177",0.2467356782,0.0003888592,13.123997472,50.81,0.299457878,0.1387559809,10178.54,7.5,0.2423030741,4.4338621241,3.7631450762,0.1559820216,0.1386880081,0.1200210125,0.336,0.1722859026,0.3381127884,0.0002932265,0.0006841951,0.294,0.27,35.5348807158663,54.9175429245207
"48179",0.2187482459,0.000344679,16.803102111,51.29,0.2634880803,0.1318196668,10716.35,7.3,0.1826339349,4.0027605594,3.5343443468,0.1794428675,0.1194354827,0.1083734217,0.334,0.1691723507,0.8112713557,8.67905e-05,0.0004339524,0.319,0.243,39.1423476710303,21.745748706128
"48181",0.2010543786,0.0005021241,12.035037101,64.43,0.2381637547,0.1139236425,13103.89,6.6,0.1708630747,4.0083985896,3.549625577,0.1791169325,0.114692186,0.1085257087,0.323,0.1583920201,0.7254895472,0.0010037722,0.0005585507,0.306,0.267,49.3060047291351,19.3512814259509
"48183",0.2050751407,0.0007493473,14.342346988,55.92,0.2460039474,0.1162388494,11501.14,5.9,0.1902331629,3.9612441192,3.5492301787,0.1688847037,0.1190012069,0.110529287,0.336,0.169373997,0.7140474821,0.0011931431,0.0008441284,0.314,0.266,52.5525727853133,15.361521275707
"48185",0.2117265445,0.0002180867,7.6330328584,58.89,0.2431940654,0.1423632935,10557.47,5.9,0.1948268437,4.033071155,3.4918195662,0.171498692,0.1206432931,0.1089052853,0.338,0.1751350226,0.4402345512,7.36052e-05,0.0002944207,0.308,0.295,35.2134053791512,16.9995750106247
"48187",0.1482241016,0.0003239691,6.0165687046,46.36,0.1772503695,0.0866120683,10440.6,7.7,0.1794136347,3.9187300803,3.2994497421,0.1933572978,0.1100685085,0.0992588725,0.332,0.142339765,0.8268343305,0.0002580645,0.000196944,0.321,0.23,26.4454650435028,12.7819747710263
"48189",0.2299050224,0.0003492433,15.715948778,44.16,0.2902390999,0.1199343388,10198.05,7.4,0.2513392587,4.4985506329,3.6651639278,0.1655566186,0.1398057783,0.1177393452,0.355,0.166174122,0.6399801505,0.0008064516,0.0004320276,0.313,0.259,48.3825706627445,15.4824226120782
"48191",0.2980769231,0.0003186743,19.120458891,73.41,0.3474880383,0.1901681759,9184.74,6.3,0.2595857545,4.9668761681,4.1386116754,0.1322671021,0.1580577989,0.1355399222,0.324,0.1887213002,0.2895914107,0,0.0003177629,0.292,0.261,116.735646821607,74.2863207046588
"48193",0.2436303081,0.0009805123,22.061527148,115.98,0.2814232902,0.1498868778,10125.09,6.8,0.1550080503,3.676682335,3.5058741694,0.1627343378,0.1087937804,0.1061892376,0.284,0.1447803036,0,0.0003658983,0.0003658983,0.279,0.247,141.918741383505,158.138026113048
"48195",0.2792357758,0.0001782531,17.825311943,46.3,0.3179796696,0.2089464391,9702.64,5.6,0.1979880823,4.0034710108,3.4839442924,0.1729489159,0.1208808064,0.1084831668,0.318,0.1508628812,0.6246214146,0.0001815211,0,0.303,0.252,6.00348201957135,6.00348201957135
"48197",0.2297650131,0.0010416667,20.833333333,86.08,0.2599179207,0.1590413943,13205.92,6.3,0.1904664753,4.0971953629,3.6957722465,0.1568071628,0.1247839057,0.1154910361,0.324,0.1679608431,0.6827736168,0.0007637475,0,0.295,0.262,42.8302210039404,42.8302210039404
"48199",0.1476424424,0.0002506041,12.172200841,58.9,0.1732676243,0.0894776999,11544.13,6.4,0.136437507,3.5061049501,3.4798169608,0.1892409616,0.1010888402,0.1014587725,0.311,0.1568707207,0.7198682163,0.0002337247,0.0002517035,0.304,0.296,44.6939359267735,16.6857360793288
"48201",0.2111539224,0.0005718343,5.3833956071,49.77,0.2581899352,0.1053900605,11597.01,7.2,0.1927217713,3.5105820363,3.3926165171,0.1720373309,0.1139714787,0.1064724817,0.345,0.1409366084,0.9653533487,0.0009479057,0.000586981,0.27,0.224,22.0276231848214,10.2363227178712
"48203",0.1827100605,0.0002996434,12.135558685,52.45,0.2162812977,0.1094019056,11360.29,6.5,0.1712170002,3.9299830265,3.5726208963,0.167865074,0.1143504116,0.1086470293,0.339,0.1700265361,0.5561396291,0.0002079126,0.0003564215,0.352,0.308,24.9232364317901,20.9355186027037
"48205",0.2056774194,0,17.761989343,NA,0.2299569808,0.1636755205,9075.73,7.5,0.1361550764,3.070065273,2.9131234149,0.2153446794,0.0896299271,0.0862784547,0.32,0.1332053582,0.1626525899,0.0001642306,0,0.291,0.246,66.55943202618,0
"48207",0.2056985754,0.0005229214,22.659926791,77.45,0.2404802744,0.1187175043,10953.91,6.8,0.1883531416,4.0285417908,3.5264902508,0.1665919391,0.1209285563,0.1093750612,0.308,0.1616456794,0.0649262587,0.0005200208,0.0001733403,0.28,0.267,29.0917553965206,29.0917553965206
"48209",0.1596797409,0.0004159413,6.5215493558,43.67,0.1855413778,0.0951603672,10862.29,7.7,0.1700485893,3.5225934119,3.4345107064,0.2111606255,0.1106089424,0.1061168612,0.31,0.1479290812,0.9414220881,0.0008269153,0.0004215647,0.275,0.174,30.6384085828623,12.8373220319256
"48211",0.2176390773,0.0009380863,21.106941839,57.41,0.2386655261,0.183908046,9046.79,8.4,0.1704290692,3.7321081971,3.3986943825,0.1841551609,0.1108719353,0.1043628325,0.309,0.1541062579,0.8368794326,0.0002392344,0,0.284,0.236,7.95355126063787,0
"48213",0.2101154052,0.000377145,10.937205355,74.52,0.253726987,0.1038023869,11898.17,6.1,0.1846339698,4.1579792636,3.7559487835,0.1665057559,0.1208873698,0.1142068513,0.316,0.173365292,0.6187159375,0.0004161937,0.0003279102,0.332,0.326,41.8872729709805,23.0380001340393
"48215",0.3202094794,0.0004487691,3.7278702226,56.32,0.4339503676,0.1317739807,11480.69,7.1,0.3234782459,5.1499831103,3.9371007979,0.1281663685,0.1737140286,0.135100083,0.322,0.1434505672,0.6059238302,0.0004295652,0.0005101838,0.3,0.208,18.6269924937183,6.26184002980319
"48217",0.2211750847,0.0003729737,12.049921102,56.9,0.2586054262,0.1363366219,9966.19,7.2,0.1889827121,4.0902731225,3.731873413,0.1591736344,0.1226016028,0.1145435046,0.318,0.1635150019,0.5105303656,0.0002582645,0.0002295684,0.291,0.29,90.6661576636763,22.9051345676656
"48219",0.2012270571,0.0004694235,14.936201084,68.86,0.2378191129,0.1263239875,11285.49,7,0.1925701557,3.8882279517,3.4516930656,0.182729796,0.1178401089,0.1068984749,0.318,0.1515393998,0.6108131676,0.0004241422,0.000381728,0.308,0.289,49.7972540371345,18.4961229280785
"48221",0.1956474742,0.0005052054,11.006260939,49.21,0.2242333831,0.1240239242,10380.21,6.9,0.1347848976,3.3679743494,3.3041243015,0.1780137905,0.097721974,0.0985703751,0.28,0.1378470007,0.7414716111,0.0008160086,0.000370913,0.281,0.279,44.5244011768882,17.4487518125643
"48223",0.211170051,0.0002760677,10.76663998,49.93,0.2521608962,0.1212998713,11099.66,6.7,0.1839178158,3.96614276,3.6489597879,0.1695421165,0.120952864,0.1141548521,0.318,0.1690171693,0.388185774,0.0005289385,0.0004454219,0.314,0.286,52.513266509434,13.8192806603774
"48225",0.2018882566,0.0001755541,12.727671714,58.05,0.2396932792,0.110529758,10019.84,4.3,0.2080027957,4.3150372863,3.7197871357,0.1502339733,0.1319340218,0.1185693685,0.345,0.1812645008,0.4930894994,0.0001758938,0.0001758938,0.277,0.291,79.0861159929701,19.0392501464558
"48227",0.1806902188,0.0003225286,13.16991883,76.13,0.213328389,0.1077473182,9886.84,6.8,0.1975458445,3.8939316588,3.3687313633,0.1845720679,0.118427308,0.1045453085,0.317,0.1674843635,0.715868845,0.0012005129,0.0007639628,0.366,0.244,26.228915117804,18.0889069777959
"48229",0.3085585586,0,2.9594554602,NA,0.3673361522,0.1713586291,7713.28,2.6,0.3647239888,5.664756871,4.2438306323,0.1264924634,0.189535641,0.1447329252,0.358,0.1989418056,0.0043153049,0,0,0.295,0.241,9.39584703561026,0
"48231",0.1754566923,0.0003227817,12.577356306,62.87,0.2081558935,0.0991369572,12743.57,6.8,0.1772317367,4.0580875211,3.6024101276,0.1764305056,0.1191104294,0.1115729886,0.321,0.1659949203,0.5801530263,0.0005763168,0.0005424158,0.317,0.259,36.241263266891,19.9696756776746
"48233",0.1949342213,0.0003680869,20.244777768,63.04,0.2272153895,0.127027027,10878.66,7,0.1776591009,3.907784283,3.451105951,0.1825936379,0.1146271134,0.1068016668,0.31,0.1614328848,0.7670880361,0.0001377853,0.0002755707,0.311,0.309,24.6085699344797,18.4564274508598
"48235",0.135891287,0,32.175032175,NA,0.1414141414,0.1220159151,9032.66,5.9,0.1479097764,3.4059266055,3.1788693306,0.1809827617,0.0994722797,0.0954197241,0.299,0.132072044,0.0025015635,0,0,0.29,0.239,21.3447171824973,21.3447171824973
"48237",0.2236986087,0.0003379139,15.769317414,72.25,0.2537912578,0.1578163772,10378.2,5.9,0.1597936122,3.7283842129,3.3800456375,0.1893219392,0.1103554518,0.1036586174,0.317,0.1642911533,0.5689960195,0,0,0.286,0.241,71.7603958152359,60.4298070023039
"48239",0.1863420233,6.74946e-05,13.498920086,67.26,0.2109689647,0.135734072,11762.28,7.9,0.1655578511,3.5541285689,3.2786013187,0.1748520616,0.1064545313,0.1007879103,0.31,0.1425129959,0.5162344583,0,0.0002035416,0.31,0.247,63.028993336935,63.028993336935
"48241",0.171033944,0.0003661353,13.800484425,57.79,0.203852409,0.0994388328,11633.78,6,0.1735748967,4.0947748318,3.567152533,0.1645419515,0.1172845493,0.1095042853,0.316,0.1673586463,0.5730327639,0.0001968947,0.0004219172,0.318,0.242,36.5490225479355,14.0573163645906
"48243",0.295503212,0.0004638219,32.467532468,46.81,0.303030303,0.2371794872,8117.26,8.6,0.1876131113,3.8516411352,3.4282205525,0.142398984,0.1154969851,0.1052999539,0.296,0.1350611046,0.8347566183,0.001814882,0.0004537205,0.272,0.249,15.2439024390244,15.2439024390244
"48245",0.2190995041,0.0005937682,11.954008525,56.12,0.2676461085,0.1039893361,11732.41,5.7,0.2245066403,4.3492785259,3.7175308878,0.1767822903,0.1272449031,0.1122960379,0.348,0.1874047466,0.7010619448,0.0008008405,0.0008166987,0.344,0.29,29.689105149352,14.3190816870768
"48247",0.1901343214,0,1.9230769231,65.01,0.2464814147,0.0928659287,17548.74,8.5,0.3103631099,4.7295393025,3.6152572359,0.1464163909,0.1535074529,0.1198076282,0.341,0.1546697277,0.8730188679,0,0,0.285,0.221,32.0492276136145,38.4590731363374
"48249",0.2022564745,0.0002899812,8.6994345368,67.51,0.2559541499,0.0974325214,13604.95,8.3,0.2719649863,4.4808638135,3.6190184713,0.1537016925,0.1433901688,0.1171054233,0.33,0.154200932,0.4784514423,0.000580369,0.0004352768,0.301,0.24,33.9026831552097,16.9513415776049
"48251",0.189261932,0.0004812801,7.9379961248,71.72,0.2177619294,0.1296406364,12802.87,7.3,0.1581502555,3.4996488575,3.3269118603,0.1880727934,0.1031011057,0.1008122366,0.324,0.1526045834,0.7048047491,0.0005398334,0.0002857941,0.296,0.224,33.4914295223831,13.1053419870195
"48253",0.1926559774,0.0002503756,15.523284927,119.41,0.2272460364,0.1125506073,11606.36,6.7,0.1859653617,3.7731765643,3.3423253886,0.1996616445,0.1152216324,0.1033204938,0.338,0.1767686012,0.2302742303,0.000100321,0.0002508026,0.304,0.261,31.71159142118,31.71159142118
"48255",0.1588602654,0.0002003339,14.023372287,44.99,0.1883956167,0.0964805825,11483.62,7.4,0.244775506,4.4148400649,3.5485388378,0.1702213581,0.1376739341,0.1143006532,0.349,0.1770383108,0.5113329736,0,0.0002012612,0.299,0.229,24.3713304530852,28.8024814445552
"48257",0.1807389182,0.0003051705,7.6728572674,60.16,0.220445093,0.0993610127,11381.81,7.4,0.1556970741,3.4879698499,3.3772806111,0.1888759605,0.1043971977,0.1024613312,0.319,0.1537966191,0.666366715,0.0008270704,0.000341616,0.305,0.259,29.3369273489874,15.6850898697557
"48259",0.1628900446,0.0007428685,9.6572900158,34.74,0.1820519526,0.1209424613,9846.24,8.2,0.1413735528,3.2705817182,3.1870727024,0.1804182651,0.09562593,0.0951947559,0.282,0.1286023079,0.7986231667,0.0013117284,0.0007458848,0.263,0.205,51.7224393287577,21.3457686118682
"48261",0.2274052478,0,0,NA,0.2603305785,0.1621621622,14777.53,3.1,0.2840968528,4.4632983866,3.7071604304,0.1453018325,0.1439287886,0.1198594979,0.34,0.1572086743,0,0,0,0.277,0.229,0,0
"48263",0.1916058394,0,39.267015707,NA,0.2061068702,0.1646341463,13979.24,4.8,0.1399406211,3.3610704818,3.2350593185,0.1671463237,0.0985218332,0.0976259218,0.294,0.128532091,0,0,0,0.277,0.249,43.1406384814495,0
"48265",0.2111393536,0.0007457561,15.307624374,38.83,0.2416669841,0.13187251,9410.41,6.8,0.1829809433,3.8156876285,3.5397838596,0.1531562484,0.1158635427,0.1083728009,0.278,0.1471354539,0.7998790932,0.002294213,0.0005339979,0.287,0.243,71.8855581913594,26.1402029786761
"48267",0.24032974,0.0004557885,20.510483136,77.87,0.2746926664,0.1442080378,9521.59,7.1,0.175734444,3.8534888417,3.5454626846,0.153474671,0.1166178285,0.1094969158,0.301,0.145786404,0.6118949425,0.0002253267,0.0006759802,0.311,0.266,0,7.54773945203412
"48269",0.2207792208,0,0,NA,0.2422360248,0.1830985915,NA,5.3,0.1512908662,3.6004455119,3.4198210096,0.173305832,0.106093206,0.1041717698,0.295,0.1454518233,0,0,0,0.287,0.229,120.048019207683,0
"48271",0.2119262119,0,5.6353902508,NA,0.2475728155,0.1332417582,8622.93,8.9,0.2411318707,4.2355761345,3.4942497076,0.1525974908,0.1319914332,0.1111219629,0.326,0.1452428101,0.0041689828,0,0,0.285,0.227,46.882325363338,46.882325363338
"48273",0.2040902788,0.0004394639,9.4170825878,88.97,0.2495238095,0.0997122482,12174.96,7,0.2813252306,4.5985529832,3.7271429318,0.1683942614,0.1489841984,0.1212827033,0.339,0.1645816973,0.7094600917,0.0002174588,0.0003727866,0.281,0.225,18.8015082987769,17.7569800599559
"48275",0.2329583058,0.0005181347,28.497409326,41.59,0.2699600798,0.1652661064,11309.63,6.2,0.1968134015,4.0463431131,3.5312428572,0.1580682768,0.1212838457,0.1098296416,0.314,0.1544612287,0.3431029847,0,0.0010368066,0.291,0.241,8.67754251995835,8.67754251995835
"48277",0.2041343669,0.0005056634,16.383495146,57.86,0.2427400551,0.1150311782,11759.85,5.6,0.1846341074,4.2294650701,3.8630936335,0.1422389415,0.1226211571,0.1164293076,0.322,0.1848286008,0.7190769787,0.0008278981,0.0006259718,0.344,0.333,69.2418355136669,12.7727657743657
"48279",0.266231411,0.000298842,16.436309301,62.34,0.3251191287,0.1531508264,9175.08,7.9,0.2686589882,4.7538964231,3.9018529873,0.1436645574,0.1520666528,0.1277154247,0.333,0.1821474694,0.4073120126,0,0.000294681,0.323,0.241,101.903862404931,79.5347218770194
"48281",0.200059952,0.0004371479,14.085875267,72.96,0.2250125565,0.1421706047,10970.38,6.9,0.1593911354,3.728406408,3.4632282669,0.1693159562,0.1109114488,0.1059658474,0.31,0.1513117422,0.7613457336,0.0003969041,0.0003472911,0.295,0.264,30.8922996878252,19.5109261186264
"48283",0.186074672,0.0001310444,7.8626654436,61.62,0.2308810701,0.0885678392,10951.98,6.4,0.335329465,5.1546132676,3.8502417537,0.170368034,0.1689206741,0.1284301384,0.351,0.1825889335,0,0.0004013915,0.0006689858,0.281,0.204,4.40179593274056,4.40179593274056
"48285",0.1779269008,0.0006049607,15.628150837,79.38,0.1991790279,0.1333195961,12875.15,7.6,0.1479255414,3.4644673734,3.305258941,0.1707804835,0.1026671673,0.1000252914,0.298,0.1380679897,0.5794009241,0.0001521221,0.0004056589,0.312,0.272,90.9611562173635,99.383485496749
"48287",0.2039775248,0.000295893,12.427506214,49.36,0.2341237942,0.1253652058,10906.52,7.7,0.1555383941,3.4575316714,3.3186076322,0.1738563982,0.1038909041,0.1007697861,0.315,0.1435674453,0.3277751023,0.0004181101,0.00011946,0.315,0.28,51.2871091823651,19.7258112239866
"48289",0.224276032,5.85274e-05,18.143509306,44.76,0.2524801047,0.1611125031,10385.32,7.2,0.1536959655,3.6176374404,3.4005583199,0.1633197787,0.1070511974,0.1034347878,0.304,0.1428535166,0.1532051664,5.93085e-05,0.0002372339,0.301,0.284,52.6870389884089,19.5137181438551
"48291",0.2102941176,0.0002385316,9.415723002,81.45,0.2577732079,0.1090290425,12908.59,6.6,0.1815477961,3.9758363733,3.5920621224,0.1734524018,0.1198636706,0.111885101,0.327,0.171329433,0.4662559655,0.0001536157,0.0003456354,0.285,0.257,20.8790061593068,18.37352542019
"48293",0.2108491362,0.0004288165,10.720411664,73.06,0.2459328625,0.1306017926,11060.55,6.3,0.2009216272,4.2202909454,3.6807307289,0.1599566145,0.1279126882,0.1157019042,0.344,0.1748702021,0.4703215874,0.0002975684,0.0004250978,0.338,0.29,21.3334850381158,14.2223233587439
"48295",0.2230287034,0,33.622863547,34.12,0.2362848893,0.1988011988,7297.5,5.9,0.1491735063,3.3911515476,3.1687701307,0.196910795,0.0994121767,0.0961335261,0.301,0.1371647731,0.4757722592,0,0,0.284,0.251,0,0
"48297",0.1810690168,8.17728e-05,11.448196909,67.86,0.1981896141,0.140576324,10976.18,8.2,0.1846025019,3.7725912204,3.3139719825,0.1729825093,0.1134807442,0.1016850839,0.315,0.1447081114,0.312722227,0.0001654123,0.0003308246,0.289,0.252,27.4906531779195,27.4906531779195
"48299",0.1965277778,0.0006566983,15.659729238,44.52,0.218349359,0.1289198606,9382.39,6.3,0.1468213958,3.7022939675,3.4240854166,0.1466186409,0.1082672496,0.1049277721,0.285,0.1355990562,0.7700637273,0.0003587904,0.0002562788,0.283,0.276,127.371455386472,10.0556412147215
"48301",0.1320754717,0,0,NA,0.1428571429,0.1363636364,NA,2.6,0.282478663,5.1018576461,4.1934146686,0.1612728754,0.1633925613,0.139652656,0.341,0.2554993228,0,0,0,0.288,0.222,0,0
"48303",0.1685155671,0.0007814248,9.116622642,47.15,0.2044343489,0.082158308,10975.13,7,0.2028723709,4.1784809123,3.7776594816,0.1851164057,0.1237173438,0.1129858381,0.322,0.1564976498,0.9077147089,0.0011735732,0.0010102934,0.323,0.269,48.5185664380903,15.2805600046399
"48305",0.2515856237,0.000698812,26.205450734,63.49,0.2955818295,0.162601626,10968.93,7.2,0.2361682582,4.3705749633,3.7189797515,0.1582543067,0.1360156835,0.1180293911,0.317,0.1684705958,0,0,0.0003465604,0.283,0.242,5.81192607230036,0
"48307",0.2147163395,0.0004795588,19.182352236,62.41,0.2532894737,0.126984127,10031.63,6.5,0.1995784397,4.2292979172,3.6581598925,0.1542527467,0.1277640531,0.1147151217,0.307,0.1671594779,0.2336110105,0.0001219661,0.0002439322,0.287,0.265,64.7458724506313,48.5594043379735
"48309",0.1791368806,0.0007001233,12.130043839,48.28,0.2181744265,0.0897698537,9713.19,5.3,0.2035019944,3.9806684636,3.6657703331,0.1883924927,0.124678109,0.1141392621,0.322,0.1803589765,0.7346811065,0.0012610858,0.0004929326,0.306,0.24,50.2003945479658,10.8541393617223
"48311",0.1574074074,0,12.195121951,NA,0.160944206,0.1554404145,8435.58,5.8,0.1759910682,3.6257502163,3.2452444085,0.170205604,0.1088578433,0.1001610006,0.315,0.1357327416,0.1810466761,0,0,0.315,0.289,0,41.1692054343351
"48313",0.216236008,0.0002132954,9.2428012798,76.77,0.2557147211,0.1348350254,11725.49,5.7,0.1909120999,3.889037304,3.4528696497,0.1855980148,0.1205974517,0.1086014386,0.344,0.1752554698,0.3835626464,0.0002885795,0.0002164346,0.292,0.238,31.0166296853005,40.5602080500083
"48315",0.1785292961,9.84252e-05,8.8582677165,48.67,0.2044390498,0.103307888,11019.35,6,0.1788624015,4.0395468025,3.7094327694,0.1473692155,0.1214209698,0.1150890514,0.332,0.1692816896,0.3759719325,9.85319e-05,0.0001970638,0.317,0.274,39.4011032308905,39.4011032308905
"48317",0.2126880846,0.0003545471,15.954617976,NA,0.2451773491,0.1566871852,9360.79,8.3,0.1911873753,3.7970083719,3.4042201341,0.1881455078,0.1156105626,0.1054810795,0.319,0.155173265,0,0,0.0003663004,0.297,0.254,5.94388968140751,5.94388968140751
"48319",0.2878472222,0,22.321428571,40.47,0.3086478739,0.2395209581,9360.98,7.9,0.1646808657,3.6271834815,3.3771624891,0.1564423016,0.1080883065,0.1027459668,0.284,0.1340532788,0.6724825523,0.0004912798,0.0004912798,0.279,0.248,8.18732601932209,8.18732601932209
"48321",0.2114233374,0.0003535491,15.773728583,53.48,0.2554078097,0.1137514206,12587.19,6.1,0.2226974897,4.2483156677,3.6551796808,0.1580009032,0.1308099649,0.1155847356,0.339,0.167043697,0.692687047,0.0003285961,0.0003559791,0.312,0.256,54.3104384662732,16.293131539882
"48323",0.2881537035,0.0002426091,3.812428517,68.42,0.3740889155,0.1404500317,12710.72,7.3,0.3715578213,5.1379891734,3.9299821929,0.1449098892,0.1756498824,0.1343335877,0.368,0.1852445821,0.7373290575,0.0002279782,0.0002805885,0.304,0.25,9.8599881680142,6.95999164801002
"48325",0.1822153289,0.0002271929,6.6092488176,69.75,0.2153171267,0.1079749478,11128.96,8.3,0.199261543,3.8960014014,3.3696372862,0.1772205327,0.1157780537,0.1031865893,0.322,0.1437285554,0.5735121506,0.0002714327,8.35178e-05,0.32,0.216,41.8973309339671,15.7973542865777
"48327",0.3068783069,0.0004621072,27.726432532,77.32,0.3380909902,0.2233009709,10965.62,7.7,0.1973581005,3.8952301755,3.5250190509,0.1399685642,0.1199970066,0.1095584379,0.298,0.1361288975,0.0526315789,0,0.0004657662,0.287,0.262,93.2545850170967,93.2545850170967
"48329",0.1688662226,0.0003662844,10.491876556,46.95,0.1979714349,0.1087221355,9542.02,8.1,0.1694267094,3.2149246878,3.0935117754,0.2119581536,0.0988779382,0.0944837362,0.324,0.1508086114,0.810830557,0.0007123147,0.0005839697,0.329,0.253,26.90459505456,13.1394533987386
"48331",0.1898871192,0.0001631787,16.725818953,56.02,0.2274205469,0.1095054592,11868.5,6.6,0.1931951022,3.9773701135,3.6162404769,0.1625926895,0.1226203055,0.1134403926,0.326,0.1617538878,0.3975037363,0.0001649077,0.0007008575,0.316,0.234,54.3183052688756,19.0114068441065
"48333",0.2462791351,0.0002040816,18.367346939,85.55,0.2752365931,0.1821527139,9104.86,7.1,0.1588532121,3.6921395044,3.4924173585,0.1568155558,0.1099022257,0.1061829718,0.29,0.1417136764,0.3271880065,0.001026694,0.0004106776,0.282,0.264,136.267629624583,156.70777406827
"48335",0.1922613929,0.0002205801,11.029006287,98.22,0.2252925068,0.12321523,13292.76,7.9,0.1739850509,3.5840749417,3.1166911116,0.2002144018,0.1056517096,0.0944853014,0.326,0.1441922693,0.450494523,0,0.0004407228,0.305,0.228,63.2840710270632,48.3937013736366
"48337",0.2143857076,0.0003114941,17.651334233,73.03,0.2422190879,0.1505118711,11541.46,6.9,0.1494228907,3.7379979454,3.5362524302,0.169597778,0.1101671154,0.1072946271,0.29,0.156267244,0.5587504437,0.0003090235,0.0001545117,0.278,0.262,63.6920746402258,24.0997039179233
"48339",0.1564784962,0.0006176066,6.0458479906,62.32,0.1904560902,0.0850438515,12032.84,7.5,0.1472824473,3.4366727911,3.239953471,0.1842550229,0.1005592939,0.0980817329,0.324,0.1498370347,0.8857960355,0.0006301222,0.0004509131,0.238,0.217,26.7872257177209,16.3079638050014
"48341",0.2696691547,0.0004493372,12.581442373,60.52,0.3280886684,0.1652881169,9729.05,7.4,0.2293122047,4.1730635472,3.4942734039,0.1604119648,0.1318507473,0.1124469583,0.332,0.1663046898,0.5985208181,0.0001354524,0.000225754,0.306,0.229,22.548592216226,19.5421132540625
"48343",0.1915634279,0.0001597955,19.974432726,65.38,0.224,0.1135116598,11529.04,6.3,0.1734167068,3.8271534094,3.562451522,0.1567423537,0.1141669587,0.1096634644,0.323,0.1566788111,0.4053657028,0.0001569489,0.0003923723,0.315,0.274,52.8373665856494,42.2698932685195
"48345",0.2600243013,0,60.975609756,NA,0.2881072027,0.1893004115,9543.81,6.7,0.2106913189,4.5367616009,3.9112205758,0.1408747345,0.1400912522,0.1250116962,0.306,0.1766361839,0,0,0.0008673027,0.276,0.239,28.8933834151979,28.8933834151979
"48347",0.2013537352,0.0007157651,9.4420077973,67.27,0.2405811975,0.1106911107,11087.35,5.4,0.2157433533,4.1673313422,3.8051048484,0.1731374702,0.1275526174,0.1201589272,0.324,0.1688759466,0.6635670448,0.0008269399,0.0005206658,0.339,0.277,53.3615217689599,11.6887142922483
"48349",0.2235070331,0.0004345757,9.7262173292,56.38,0.269450198,0.12703384,9805.41,6.4,0.2057737683,4.1741741013,3.7483426636,0.1605489626,0.1271459941,0.1169400057,0.318,0.1706058545,0.5349952865,0.000518726,0.0001659923,0.276,0.27,26.8889486421081,23.4416475341455
"48351",0.1706478297,0,7.865007865,64.84,0.1955719557,0.1076772934,11771.28,5.5,0.1611956935,3.702885945,3.5015588748,0.1833579055,0.1085254415,0.1053188997,0.329,0.167711626,0.1009345794,7.07314e-05,0.0001414627,0.31,0.262,18.9901963111544,28.4852944667315
"48353",0.1821303033,0.0003309724,16.548619845,79.78,0.2197250448,0.1046511628,11629.73,7.2,0.2113041782,4.2227462621,3.6397921273,0.164675524,0.1296397749,0.1148316322,0.316,0.1710560491,0.8330047319,0.000530047,0.0003312794,0.314,0.287,39.8291770849468,39.8291770849468
"48355",0.1864425004,0.000781174,7.5893415621,47.36,0.231921414,0.0810299572,11352.25,7.8,0.2458240016,4.5134928714,3.6825573219,0.1903618394,0.1377883757,0.112928939,0.344,0.171761752,0.9208871828,0.0009376202,0.0005810999,0.338,0.228,35.088175284929,12.8099687548153
"48357",0.2647150745,0.0003721969,17.679352377,95.08,0.3027035726,0.1983002833,9354.09,8.8,0.1968518432,3.95960304,3.335171452,0.1854918077,0.1163308145,0.1036021788,0.32,0.150941528,0.6827741368,0.0001859082,9.29541e-05,0.303,0.265,6.28713338153469,6.28713338153469
"48359",0.1604938272,0.0004833253,24.166263896,NA,0.1775544389,0.1089918256,6331.96,4.5,0.1553119358,3.6555270171,3.4724301402,0.1799999523,0.1090782686,0.1053587439,0.313,0.1578203645,0,0,0.0004830918,0.288,0.228,16.0901045856798,16.0901045856798
"48361",0.1541068917,0.0002136245,11.274626157,53.67,0.1855510593,0.0810213941,11570.67,6.2,0.1538100534,3.7976077795,3.3994333132,0.1711084372,0.1105463794,0.1049619047,0.306,0.1660876966,0.6914109755,0.000179785,0.0001917706,0.34,0.318,25.7265779297625,14.2485662380223
"48363",0.2195619402,0.0005377308,13.264025811,86.43,0.258592574,0.1300602929,11881.74,6.1,0.1839299812,4.0868878291,3.7120158391,0.1685680069,0.1239649933,0.1153382815,0.306,0.1689194686,0.566041763,0.0001779613,0.0004982916,0.301,0.271,30.9361762886107,20.2274998810147
"48365",0.1751783314,0.0003786922,11.360767483,73.25,0.2003072646,0.1194905313,11495.06,6.5,0.1552562673,3.7092014277,3.4564283532,0.1770173729,0.1088973881,0.105452329,0.334,0.1660696205,0.2724407463,4.20716e-05,0.000210358,0.34,0.268,26.7503906964957,18.3028988976023
"48367",0.1587068194,0.0004522302,9.5999746116,56.68,0.1841955053,0.1019948123,11776.73,7.4,0.124872526,3.4239961193,3.2662742103,0.1914572278,0.096218443,0.096638462,0.294,0.1453329321,0.6833579926,0.0004222013,0.0002354584,0.308,0.247,42.7839121926227,20.3355632026663
"48369",0.2819294285,0.0003077239,16.411939686,62.35,0.3381728045,0.1720946178,10907.02,7.4,0.2477336523,4.3049381687,3.5551988289,0.1631653267,0.1334006151,0.1132250921,0.315,0.157448745,0.537248028,0,0.0003027856,0.317,0.237,33.9754697108688,33.9754697108688
"48371",0.2179677207,0.0004937357,9.2575448991,105.38,0.2582153846,0.1406436234,9585.91,8.9,0.2199735245,3.8127821302,3.1967280902,0.1878636486,0.1178088317,0.100214462,0.335,0.1484493613,0.3688656736,0.0001258416,0.0003775247,0.324,0.232,33.2875629342987,45.7703990346607
"48373",0.2272983142,0.000532232,10.005960998,49.88,0.2641175502,0.1372135103,9694.09,6.1,0.1871029127,3.9291010032,3.6861750383,0.1605460349,0.1203961528,0.1124751137,0.33,0.1710019124,0.6860150177,0.0003906335,0.0002170186,0.335,0.269,36.8880660012627,26.9566636163074
"48375",0.2396142727,0.0007471142,11.329863221,52,0.3055470112,0.1076533434,10923,6.7,0.2156227679,4.1429925292,3.6901321331,0.1689174373,0.1310049495,0.1166069037,0.337,0.1847678901,0.8598366275,0.0016525936,0.0014470471,0.345,0.271,41.7283211762994,20.0405753017754
"48377",0.3048689139,0.0004363002,11.634671321,33.78,0.370246085,0.1771674744,5326.75,5.1,0.318634594,4.9559410879,3.8244027997,0.1312646898,0.1620723618,0.1268931321,0.337,0.1576713126,0.3291123049,0.0001433486,0.0004300459,0.276,0.259,4.80538202787122,4.80538202787122
"48379",0.2112775746,0.0001791954,9.8557476929,60.47,0.2395285874,0.1366167024,11073.26,NA,0.1454549464,3.5658585207,3.4185989439,0.1688656338,0.1040922415,0.102479507,0.292,0.1444263497,0.5137438153,0.0003625816,0.0001812908,0.304,0.24,65.6579222252067,50.7356671740233
"48381",0.1323094829,0.0006217903,8.2905372729,36.45,0.1598497868,0.0679526124,10006.74,7.7,0.1445561546,3.4143538755,3.1920312095,0.1883822004,0.0976613306,0.0963145696,0.285,0.1439021056,0.8760985711,0.0006785213,0.000249571,0.264,0.26,26.5991457582035,22.2512084708049
"48383",0.2491134752,0.0002637131,18.459915612,NA,0.2823159785,0.1908646003,8437.65,9.2,0.2202225475,3.9778624002,3.3920509893,0.1766914391,0.1232686879,0.1064531101,0.326,0.1517501846,0.9278289278,0,0,0.291,0.22,8.96458987001345,0
"48385",0.2652439024,0,30.238887209,68.59,0.2975778547,0.175,10080.18,3.6,0.1937265917,4.1399495101,3.668258888,0.1404928471,0.1254072955,0.1146287713,0.301,0.1491036329,0.0021154427,0.0005932958,0.0005932958,0.286,0.272,109.267905036257,79.4675672990961
"48387",0.2114435696,0.0001605781,13.649136893,54.25,0.2457893234,0.1191827469,11539.28,4.9,0.1989053904,4.4774356057,3.9028666979,0.1542121567,0.1328590795,0.1212645326,0.33,0.1743898038,0.2776827372,0.0002410413,8.03471e-05,0.38,0.376,51.2018971650318,48.5070604721354
"48389",0.215147521,0.0002715178,7.4667390714,96.63,0.2580252548,0.1344877345,9385.04,8.7,0.2578557981,4.206216383,3.3726978068,0.1835247485,0.1330896502,0.1070132009,0.339,0.1611820855,0.6583472394,6.96913e-05,0.0002787651,0.297,0.224,22.7262397163765,27.2714876596518
"48391",0.1846531184,0.000137193,15.091233365,56.86,0.2136307311,0.1194114318,12407.87,7.9,0.2105044202,3.9808228353,3.4393446761,0.1607653022,0.1216915726,0.1073430084,0.321,0.1414870206,0.4797507788,0.0002738976,0.0004108463,0.285,0.25,123.220153340635,91.2741876597298
"48393",0.1065246338,0,21.834061135,NA,0.1140684411,0.106557377,9111.14,7,0.122527037,3.2144735902,3.1574080229,0.1931359748,0.0919889926,0.0941843571,0.283,0.1350199211,0,0,0,0.275,0.225,36.231884057971,36.231884057971
"48395",0.204102869,0.0001200552,14.406627048,66.12,0.2400462233,0.1209110734,11380.03,6.2,0.1817468075,3.9490712339,3.5384956108,0.1672452111,0.1166841285,0.1087508436,0.337,0.1584587671,0.3596438455,0,0.0003030303,0.319,0.302,72.1298337006612,64.1154077339211
"48397",0.1348260897,0.0007704075,7.4839590143,47.48,0.1522302,0.101394218,10582.17,8,0.1294813111,3.1669230059,3.0945767785,0.1984392618,0.0908680605,0.0915353869,0.311,0.1411800241,0.9245056614,0.0009452334,0.0006035828,0.254,0.248,29.3418620345647,12.47029136469
"48399",0.2090909091,0.0005686665,18.955549237,46.57,0.2457860337,0.1271676301,11763.43,7.1,0.1987573882,4.2080638288,3.6561688679,0.1535199346,0.1258547214,0.1132994863,0.311,0.1548524961,0.2622607371,0.0002880184,0.0004800307,0.301,0.248,130.510902435142,98.678975011937
"48401",0.2178028421,0.0002638025,12.247974373,79.69,0.2521206073,0.14257736,12223.92,6.4,0.1808479305,3.723361882,3.6047750622,0.1748945572,0.1145393825,0.1095801153,0.321,0.1635400474,0.3930808176,0.0001854496,0.0003338093,0.357,0.281,42.5731726404758,18.7822820472687
"48403",0.1908271908,0.0002893519,15.432098765,88.01,0.2172619048,0.1219512195,12656.92,5.8,0.1833361503,4.2519705441,3.8432716274,0.1421953918,0.1271272875,0.1198470759,0.311,0.1704104233,0.7839209895,9.66184e-05,0.0006763285,0.334,0.282,41.9070951935785,38.6834724863802
"48405",0.1870075575,0.0002360439,10.621975687,71.93,0.2215608466,0.0969937606,10887.53,5.9,0.2159759534,4.5803863683,3.9840666862,0.1332773323,0.1409626113,0.1267289217,0.329,0.1865399076,0.8241398759,0.000116144,0.000232288,0.317,0.279,90.5404873440145,62.9846868480101
"48407",0.2244101717,0.0001459162,3.647904279,110.16,0.2578612349,0.14151681,14039.83,6.9,0.1820813864,4.085276212,3.6520781203,0.1571197892,0.1219151565,0.1137347343,0.313,0.1701483686,0.6991358399,7.38035e-05,0.0001845087,0.295,0.264,38.9204441795692,15.81143044795
"48409",0.1880070794,0.0002672328,10.540849503,58.84,0.2294137233,0.1027815826,11448.47,8,0.2123531416,4.131592285,3.4099379723,0.170587184,0.1225493883,0.1060185272,0.32,0.151742445,0.6905129313,0.0003437196,0.0003287753,0.359,0.312,36.1516785769115,18.3234535252839
"48411",0.2700729927,0.0003389256,20.33553635,39.6,0.3113307448,0.1716666667,9893.37,7,0.1947619871,4.0664489734,3.5613171577,0.1673777056,0.1234475385,0.1111944935,0.311,0.1597348841,0.0495840809,0,0.0003557453,0.297,0.244,74.4260605713631,103.051468483426
"48413",0.2455423477,0,21.800062286,121.67,0.2657657658,0.2112970711,13295.23,8.3,0.1978945364,3.8025382438,3.3529318802,0.1716051926,0.1154355514,0.1036993164,0.323,0.1407286523,0,0.0003162555,0,0.288,0.24,10.605578534309,0
"48415",0.1931064958,0.0004541584,11.353959693,64.94,0.2278411584,0.1264392324,10883.22,7.7,0.1726147686,3.5989337565,3.2348598627,0.1909539808,0.1078668481,0.0992757393,0.32,0.1424358518,0.6821109863,0.0001731302,0.0002885503,0.293,0.261,59.3006350906726,53.5618639528656
"48417",0.1830621302,0.0002985075,23.880597015,NA,0.1968911917,0.1540372671,10227.85,7,0.1515837387,3.6709191089,3.4916501813,0.1755863786,0.1094012595,0.1065319188,0.298,0.153463098,0.8019538188,0.000598265,0.0008973975,0.295,0.239,9.99200639488409,0
"48419",0.2443456042,0.0002362019,12.203763483,70.46,0.2899566921,0.149380582,11450.76,6.4,0.2082717455,4.3710114361,3.8595196705,0.1532426351,0.1343552673,0.1222561202,0.346,0.1842517053,0.3871031122,0.0005095042,0.0004311189,0.308,0.272,48.3685421459946,16.99435264589
"48421",0.2930640244,0,26.041666667,59.68,0.3233802817,0.2359550562,7728.72,8.5,0.1786825221,3.7262585784,3.3389706292,0.1789242956,0.1118035377,0.1027488623,0.315,0.1448227505,0.798286091,0,0.0003242542,0.302,0.252,10.8412836079792,10.8412836079792
"48423",0.1902326771,0.0010002871,14.084759752,52.71,0.2301742903,0.1013086801,11678.65,6.6,0.1804544973,3.9903317222,3.6829445884,0.162842281,0.1186243798,0.1114867918,0.328,0.1745275035,0.7213300018,0.0008773453,0.0009001928,0.318,0.283,27.5833947963326,17.08971199338
"48425",0.1742574257,0.0010298661,10.298661174,65.62,0.1940298507,0.1307220387,11243.16,7.7,0.152764203,3.5844629378,3.3980513867,0.1812636012,0.1062785522,0.1032451888,0.298,0.1469218887,0.7879858657,0.0001150219,0.000805153,0.283,0.237,87.7594627594628,68.6813186813187
"48427",0.3063486305,0.0001881025,2.6647856415,87.74,0.4119089519,0.1303663224,13070.03,5.8,0.3868714438,5.6948593718,4.2487280005,0.1351647762,0.1982262642,0.1475890264,0.387,0.2001846449,0.1324301273,0.0001429593,0.000397109,0.32,0.262,13.0977828073264,9.95431493356804
"48429",0.244368406,0.0002118644,12.711864407,94.51,0.2827669903,0.1567816092,10826.15,6.6,0.1767992544,3.9183231316,3.5700331795,0.1746373176,0.1189579109,0.1107312703,0.321,0.1667389069,0.5096573209,0.0002126528,0.0006379585,0.295,0.26,41.7376786894369,31.3032590170777
"48431",0.2078501338,0,14.792899408,NA,0.22,0.195,9034.66,4.5,0.2006570835,4.0481491304,3.5740294021,0.1688232546,0.1229468273,0.1112280837,0.321,0.1580388123,0.8320209974,0,0.000746826,0.271,0.234,24.6426811237063,0
"48433",0.2057692308,0.0007092199,21.276595745,102.7,0.2248275862,0.1630769231,13633.44,7.3,0.1881350123,4.1552639271,3.7103920336,0.1458655163,0.1245381483,0.1154086357,0.301,0.1575565667,0,0.0007127584,0.0021382751,0.279,0.246,23.5904694503421,23.5904694503421
"48435",0.224137931,0.0010222336,20.444671607,83.4,0.2570175439,0.1529411765,11134.34,8.9,0.1904891839,3.5489134632,3.1804438426,0.1735270118,0.1083235595,0.097631015,0.309,0.1280260295,0.8483527132,0,0.000755287,0.296,0.222,8.50774204526119,8.50774204526119
"48437",0.2398989899,0.0001327492,17.25740077,68.16,0.2929623568,0.1414090218,10567.79,7.3,0.2298508502,4.4048189965,3.6636288462,0.1598004261,0.1356364804,0.1167121682,0.326,0.1727427085,0.5320855615,0,0.0003957262,0.279,0.288,44.2869796279894,35.4295837023915
"48439",0.1768714078,0.0005689791,6.9407384018,52.05,0.2137367763,0.0958644413,11620.61,6.9,0.1518293424,3.3599173121,3.3931065496,0.1866367528,0.105560524,0.1038916782,0.339,0.1430369555,0.9701354425,0.0008569108,0.0005310071,0.296,0.224,31.3050382439573,11.8760650189327
"48441",0.1600313149,0.0006688668,12.34831056,43.86,0.1947997172,0.0802606164,10864.97,6.4,0.1865406484,3.9028769335,3.6345961507,0.1795230296,0.1178237821,0.1108184724,0.333,0.1651518722,0.8482578742,0.0013171233,0.0009175466,0.32,0.261,42.920665441997,18.1493099583302
"48443",0.2403846154,0,0,NA,0.2559139785,0.201183432,7773.25,5.5,0.2218593847,4.0975320841,3.4985562911,0.1516576294,0.125842025,0.1092696759,0.308,0.1428073142,0,0,0.0010787487,0.282,0.264,38.8198757763975,0
"48445",0.2551250513,0.0003139964,13.344846534,79.33,0.3204020732,0.1357466063,11431.51,7.1,0.2408573101,4.3681340159,3.6640467242,0.1698267397,0.1353202813,0.1159183569,0.323,0.1682755256,0.2617974864,0,0.0004709946,0.301,0.25,36.575489197168,26.1253494265486
"48447",0.2200674536,0.0012666244,25.332488917,131.07,0.2368421053,0.1913746631,13871.83,4.8,0.158957712,3.8030230005,3.526591429,0.1619011835,0.1128183441,0.1083866375,0.288,0.1502336117,0,0.0006218905,0.0012437811,0.27,0.247,21.1864406779661,0
"48449",0.2434394996,0.000551758,10.728627042,62.35,0.3023368251,0.1305873852,11099.15,7.3,0.2118352854,4.1706235923,3.6512311068,0.1646170619,0.129871493,0.1158586296,0.327,0.177416161,0.5826683986,0.0005229804,0.0004614533,0.297,0.268,22.5130729321231,12.2798579629762
"48451",0.1781271758,0.0006773634,11.684518014,54.48,0.2174311927,0.0851881339,10064.28,6.7,0.1737510242,3.6230275189,3.5051600259,0.1872940963,0.1134757507,0.1067891241,0.315,0.1578941445,0.7247786326,0.0011491493,0.0007632409,0.286,0.232,42.1977972183439,11.6114744023631
"48453",0.1618442216,0.0008465371,9.3408059781,43.95,0.189228293,0.0864560487,10531.75,7.2,0.1508874843,3.0259593952,2.9911735842,0.2435164394,0.095814455,0.0966345103,0.285,0.1315004141,0.9699492124,0.0021222348,0.0006445756,0.215,0.16,32.6053734789593,12.3049844259725
"48455",0.2170708955,0.0001388696,13.192612137,90.57,0.2462178517,0.1385501355,11335.24,7,0.1953853771,4.4128685826,3.9106645181,0.1456477478,0.1328372354,0.12250587,0.309,0.178401154,0.7148440178,7.03037e-05,0.0003515186,0.317,0.275,65.0134670753228,11.6095476920219
"48457",0.1700739162,0.000140535,14.990396777,72.32,0.2002553347,0.0922570016,11236.76,5.3,0.1568666506,3.6937137155,3.4255094569,0.171687392,0.1092361769,0.1041887832,0.301,0.1574253208,0.3971331434,0.0002334485,9.33794e-05,0.289,0.274,67.0983849574783,31.2085511430132
"48459",0.1856842737,0.0002462872,8.3737654853,69.02,0.2167257085,0.113721619,11687.56,6.8,0.1428756522,3.5783848019,3.477545665,0.1735901178,0.1047982276,0.1039406994,0.315,0.1609446617,0.3077921087,0.0002725876,0.0001239035,0.298,0.289,49.2101766645342,18.8639010547381
"48461",0.196548418,0.0008216927,10.955902492,126.08,0.21937046,0.1580817052,11466.99,7.8,0.2144651691,4.0325395191,3.462152419,0.1725713842,0.1240266319,0.1090510129,0.328,0.1537680869,0.6587183308,0,0.0005790388,0.281,0.226,9.2781592132121,0
"48463",0.2322196345,0.0005138558,11.378234538,53.03,0.2882840712,0.124614594,9303.05,7.3,0.2734852591,4.5306049187,3.7752435036,0.154323767,0.1448773611,0.1214574788,0.338,0.160680705,0.4820677902,0.0004056496,0.0004794041,0.313,0.24,74.7118693889549,12.2478474408123
"48465",0.2229629262,0.0002857843,7.9611333388,42.54,0.2881477565,0.1044008774,8622.51,7.7,0.2811496347,4.5550486253,3.639856732,0.1608199308,0.1473522427,0.1188639798,0.339,0.164393717,0.8570551771,0.000387961,0.000428799,0.272,0.236,16.3439864344913,6.80999434770469
"48467",0.2164924234,0.0001867518,12.325620483,59.37,0.2528530906,0.1319541299,11100.27,7.1,0.1480783463,3.6950002992,3.5286998333,0.1711954378,0.108568016,0.1064603928,0.292,0.156596771,0.2732649917,0.0002835003,0.0001134001,0.27,0.285,29.2266746262717,19.8990125115041
"48469",0.1801260727,0.0008118465,11.1493581,66.05,0.2177470224,0.0987075468,11903.65,7.6,0.1943203398,3.7862970025,3.413975396,0.1779413004,0.1180139313,0.1078897408,0.318,0.153480579,0.7413270655,0.0010979238,0.0006038581,0.311,0.272,65.2339361432247,18.4829485739137
"48471",0.1806086558,0.0003111784,6.9307911003,71.6,0.2073764194,0.0998041311,11340.66,5.3,0.193797554,4.0073512165,3.5562961116,0.1882354536,0.1232591298,0.1114827983,0.344,0.1873502595,0.779593581,0.0004012094,0.0003295648,0.32,0.236,32.5514690619516,18.8704168475082
"48473",0.2345799681,0.0001027622,6.5767839526,57.26,0.279824401,0.1336568515,11923.17,6.3,0.1915246571,4.1524268492,3.3856616934,0.1676258972,0.1261200456,0.1099334408,0.367,0.1828490557,0.1782432589,0.0003844511,4.27168e-05,0.358,0.295,21.9793805935806,16.4845354451855
"48475",0.2095850497,0.0001706339,11.944373347,88.74,0.2408550354,0.1502306805,10790.26,8.4,0.2163320811,4.0108560671,3.4896636613,0.1748934694,0.1233278779,0.1087240749,0.326,0.1544427184,0.6539688497,0.000172043,0.0011182796,0.318,0.244,14.3077891604189,14.3077891604189
"48477",0.1889185072,0.0006615849,17.546382856,41.49,0.2156026857,0.1271132579,9028.12,7.1,0.1612365193,3.6340996204,3.4042018182,0.1636672039,0.1086032006,0.1044137793,0.304,0.1495856092,0.7432825197,0.0004646031,0.0004936407,0.29,0.262,98.7924303897026,5.75489885765258
"48479",0.2761143189,0.0003225555,3.4109320372,64,0.3772479582,0.109338074,12178.27,8.4,0.3391212261,5.4145093382,3.9244943948,0.1513173715,0.1821581458,0.1360001805,0.331,0.1909197218,0.8173900537,0.0002549939,0.0003599915,0.332,0.249,16.0973368813515,4.82920106440544
"48481",0.2206057093,0.0004097768,16.873162031,60.85,0.2629885057,0.1309620049,11931.04,7.4,0.2158330948,4.1355800948,3.6192923321,0.1582378766,0.1275419646,0.1137213215,0.339,0.1595670481,0.5658672481,0.0002914885,0.0003643607,0.304,0.252,61.0986502021883,12.8628737267765
"48483",0.2265122265,0.0003535443,28.283542514,92.73,0.2526545909,0.1752442997,12128.28,7.8,0.1567941755,3.5866467094,3.3443232197,0.1800038799,0.1056938886,0.1019450044,0.302,0.1449776037,0.7643253235,0.0003500175,0.0001750088,0.298,0.281,29.5560678607318,47.2897085771709
"48485",0.1684342413,0.0007972362,11.237234729,50.34,0.2019851048,0.089916653,11320.55,6,0.1877309872,4.1038809097,3.5587362088,0.1620909109,0.1209223281,0.1083292325,0.312,0.1763225805,0.8388669202,0.0012088701,0.0007404329,0.322,0.28,27.0271635623317,19.1968638386655
"48487",0.2075507315,0.0004605819,16.120365395,56.45,0.2455246309,0.1132258065,12398.47,6.4,0.1963450973,4.0718941104,3.6030844675,0.1665139608,0.1232977749,0.1125948399,0.319,0.1671411642,0.587661618,0.0013874971,0.0002312495,0.286,0.276,17.9985601151908,17.9985601151908
"48489",0.2319265587,0.0003652468,5.0221430854,43.93,0.3023143684,0.0989186314,12947.74,7.6,0.3960822296,5.8414813816,4.2404595595,0.1392901013,0.199152012,0.1463333833,0.364,0.2101542886,0,0.0002282792,0.0004109026,0.306,0.228,42.6725188978298,45.7205559619605
"48491",0.1133620998,0.0006627153,6.1945197182,37.96,0.1367320421,0.0652542432,10478.99,7.5,0.1319316927,3.1850394007,2.9804508127,0.1904090535,0.0927829694,0.0905931902,0.291,0.1193692975,0.9403589958,0.0008073582,0.0004557997,0.314,0.173,32.1654628092568,13.8226326939984
"48493",0.1602183776,0.000462963,7.3653198653,45.01,0.1802460457,0.1161394972,10538.74,8.9,0.1634798408,3.4657222784,3.1910002073,0.1830674345,0.1035487103,0.0973821929,0.309,0.1361253407,0.5883778368,0.000215508,0.0003232619,0.349,0.237,31.6006797657336,14.0447465625483
"48495",0.2111792386,0.0002498438,13.741411618,67.55,0.2482022227,0.1451549627,10258.05,9.1,0.2034425957,3.8804657043,3.4037306096,0.1827465324,0.118627265,0.1046582368,0.325,0.1491579537,0.8794655415,0,0.0001278609,0.313,0.231,4.21602934356423,4.21602934356423
"48497",0.1848177946,0.0005083157,11.437103871,57.3,0.2157479891,0.1166676794,13078.67,7.8,0.154113309,3.4979827513,3.3096274677,0.1905664273,0.102220991,0.1002233483,0.298,0.1507177012,0.3923249953,0.0001460138,0.0003244752,0.306,0.25,44.9626016948256,16.3981253239952
"48499",0.1993241026,0.000484362,14.300212197,64.44,0.2300964746,0.1218621634,11345.74,7.1,0.1611480371,3.8849642879,3.4214157583,0.1552797669,0.1111284855,0.1048817612,0.303,0.1492415533,0.4170717758,0.0003267059,0.0003967143,0.29,0.272,74.3665427224288,14.5666423889294
"48501",0.2285600319,0.0002340276,11.701380763,61.86,0.2661273153,0.1697278912,11305.26,8.9,0.2176047286,4.0124088145,3.4673311951,0.1706777083,0.1234028916,0.1083245581,0.317,0.1497182584,0.4631298388,0.0001206855,0.000724113,0.291,0.233,31.5955766192733,31.5955766192733
"48503",0.2269528015,0.0006568144,15.325670498,72.12,0.2649808128,0.1418799647,12591.26,6.6,0.1703793408,3.88737705,3.6348385904,0.1722471885,0.1129237102,0.1084354665,0.298,0.1538345806,0.8186522911,0.0004904632,0.0002724796,0.316,0.266,65.7270138026729,18.2575038340758
"48505",0.2919125857,6.95701e-05,4.8699039933,69.06,0.3865782087,0.1387376487,14623.31,6.7,0.3596455079,5.3702619144,4.0582366368,0.1388930562,0.1793077843,0.1369450865,0.37,0.182468879,0.2943358539,0,0.0001396746,0.285,0.22,32.5263695924911,27.8797453649923
"48507",0.2006105968,0.0002451982,2.4519820188,90.01,0.2640785638,0.0908379013,11465.97,7,0.3865414434,5.6059891558,4.121600762,0.1371472024,0.1886025769,0.1407319498,0.361,0.1897103349,0.5873940224,0.000163039,0.0003260781,0.276,0.214,35.5920602327173,27.378507871321
"49001",0.1457137567,0.0006295247,4.7214353163,65.92,0.1654003507,0.1147383581,8529.22,8,0.1265487223,3.324561409,3.3788556555,0.1321604708,0.0971631913,0.1008248803,0.305,0.0989021737,0.5438225977,0.000773874,0.0010834236,0.231,0.186,57.0598609814296,46.6853408029879
"49003",0.0912786972,0.0003455093,3.4550933835,28.51,0.1093848195,0.0626328794,8339.28,7.9,0.1310116549,3.3462415288,3.4801954177,0.1232339529,0.0973073837,0.1017053984,0.301,0.0893789824,0.6702951476,0.0029504251,0.0001941069,0.316,0.213,28.0694591525575,25.5176901386886
"49005",0.0948811268,0.0004802,3.2289312238,21.45,0.114370644,0.0618826797,8879.73,7.2,0.1280873327,3.3296149344,3.5698017931,0.111465106,0.1018192046,0.1067844963,0.295,0.0803860754,0.8446864792,0.0013435522,0.0003887006,0.255,0.13,27.3572105593306,14.6457793903487
"49007",0.1094598627,0.0004394746,9.2777967674,38.96,0.1288709536,0.0708675473,8537.75,7,0.1510050925,3.9212212556,3.6350637089,0.1127947412,0.1097261376,0.1082253701,0.336,0.117758837,0.6778956221,0.001500484,0.0005324298,0.251,0.226,13.0000975007313,39.0002925021938
"49009",0.1124694377,0,0,NA,0.1201413428,0.1060606061,9601.44,6.6,0.0993834211,2.9055955588,3.0301907893,0.1322777952,0.0808028935,0.0874364732,0.289,0.0800924605,0.9688385269,0,0.0008952551,0.263,0.175,0,30.1114122252334
"49011",0.083746937,0.0005118393,2.3211315219,23.89,0.1052285722,0.0490308755,8959.36,8.1,0.1085696818,3.2558161622,3.3466699146,0.1216970165,0.0901155993,0.0951363657,0.308,0.0876468626,0.9476636246,0.001449838,0.0003457773,0.258,0.157,27.8765416421962,14.8807161791083
"49013",0.170891251,0.0003834723,2.8760425654,47.58,0.1922527669,0.1392592593,6743.07,7.4,0.1285908726,3.3680954843,3.3417951524,0.1304387965,0.0965358545,0.0994601377,0.288,0.0976939366,0.5201805772,0.0011285574,0.0006378803,0.287,0.21,30.8546744831842,34.1025349550983
"49015",0.1092388812,0.000192864,3.8572806172,45.88,0.1206652512,0.089556864,8306,8,0.1393377432,3.7144567397,3.5626919023,0.1161302336,0.1043850385,0.1065206785,0.309,0.1073941926,0.2941873178,0.0007525162,0.0003762581,0.275,0.187,25.6270621776596,35.237210494282
"49017",0.1520822351,0.0003992813,0,39.52,0.165530303,0.1251028807,6751.17,5.2,0.152879684,3.9884652786,3.726434094,0.1004416868,0.1164050829,0.1136044444,0.29,0.1054703877,0.2774555298,0.0009952229,0.0003980892,0.287,0.18,86.5570277648312,79.8987948598442
"49019",0.1623888183,0.001261034,9.4577553594,32.51,0.1833940024,0.1078875793,6830.12,6.9,0.1679565896,4.1434684532,3.7721189304,0.1282600832,0.1181811627,0.1160302657,0.294,0.1227564721,0.8899728997,0.0021211157,0.0005302789,0.213,0.157,28.0465572850933,49.0814752489132
"49021",0.1620886396,0.0004134965,4.1349652663,34.43,0.1942592991,0.0987844069,8170.66,6.3,0.1493024079,3.9999984836,3.9137849252,0.1200508964,0.116992711,0.1165054301,0.306,0.1158874149,0.8253363083,0.0023905731,0.0005711989,0.251,0.188,45.3377663593774,17.173396348249
"49023",0.1265093006,0.0006607514,0.9439305267,70.24,0.1500268865,0.0918933193,9614.38,6.8,0.1359334365,3.7393168775,3.6954953294,0.1231634886,0.1052535934,0.1083802346,0.29,0.1009084733,0.4697442905,0.0056265497,0.0002860957,0.303,0.184,6.23247117482082,31.1623558741041
"49025",0.1007207891,0.0004206984,9.8162950498,35.22,0.1051635577,0.0931076179,7521.55,7.2,0.1218629745,3.2793570524,3.4664573935,0.1134308351,0.0952387243,0.1018049074,0.288,0.0962410841,0.7195789474,0.0011028398,0.0008271299,0.253,0.192,36.8341083843639,55.2511625765459
"49027",0.1747190472,0.0004744958,2.3724792408,30.1,0.1963059075,0.1397928994,7846.01,7.1,0.150139566,3.7203786462,3.4828995059,0.1061412703,0.1044201503,0.1042839376,0.292,0.0949419092,0.5293129649,0.0009519277,0.0001586546,0.299,0.181,26.3539333245487,26.3539333245487
"49029",0.0818227848,0.0008133755,2.7112516945,NA,0.0864572779,0.0767745051,7494.44,8.7,0.1035338872,3.0172191888,3.2704205795,0.1356823919,0.0859763523,0.0943317833,0.284,0.086838525,0.5811595733,9.42685e-05,9.42685e-05,0.21,0.132,48.3237692540018,51.3440048323769
"49031",0.1603686636,0,6.5919578115,NA,0.1750339213,0.1324324324,7802.11,3.3,0.154886249,3.9272821207,3.7055906866,0.0987401027,0.1126773411,0.1121283803,0.297,0.1014852026,0.1150385604,0.0040431267,0,0.257,0.243,0,0
"49033",0.1250656858,0,4.3271311121,NA,0.1329526917,0.1150070126,6667.49,4.8,0.1330814044,3.6222393748,3.6133664581,0.1097886037,0.1042985334,0.1077783583,0.304,0.1022685131,0.4134275618,0.0004361099,0.0008722198,0.271,0.207,14.4446049400549,14.4446049400549
"49035",0.1217666262,0.0007405307,4.4341532754,25.79,0.1447503347,0.0738210816,9255.48,8.2,0.1254494881,3.5133883223,3.5491157408,0.1535691726,0.0992969029,0.1034438757,0.312,0.0925468965,0.9455332126,0.0034302976,0.0008811606,0.25,0.158,34.4535765161531,21.7744194241073
"49037",0.1985124582,0.0005706315,1.9021049962,66.89,0.2440511077,0.1233454824,8559.18,4,0.2315983443,5.5249435177,4.8664175716,0.1017240593,0.1712113337,0.1542749764,0.339,0.1692246341,0.3222568832,0.0009179726,0.0009835421,0.312,0.212,52.1724612880337,12.5213907091281
"49039",0.1358722249,0.000590729,1.0424629926,47.11,0.1586101717,0.0928733889,9378.75,7.8,0.1500296131,3.8319553526,3.7754173658,0.1203894139,0.1103265952,0.1109428967,0.304,0.0970893259,0.4647401337,0.0067071672,0.0003862766,0.285,0.191,36.9242130527093,23.0776331579433
"49041",0.134209616,0.0005242089,3.812428517,40.31,0.1626747396,0.0849012595,8616.03,7.9,0.1425139364,3.906588412,3.7069072596,0.1110761976,0.1092727017,0.109604736,0.302,0.1085226831,0.71834439,0.0019255765,0.0002888365,0.308,0.214,20.6270627062706,39.6674282812897
"49043",0.1094759813,0.001160649,7.569449701,19.09,0.1197929017,0.0870635427,8171.22,8.3,0.0981328442,2.93754449,2.9541230575,0.1707495176,0.0836021916,0.089703203,0.249,0.0824463313,0.8648551922,0.0015343306,0.0004602992,0.152,0.108,30.2406652946365,16.8003696081314
"49045",0.0915279747,0.0002382768,3.4947261406,54.23,0.1061044893,0.0690663667,9533.04,7.7,0.150384771,3.4474338316,3.6299236389,0.1229832446,0.0946108437,0.0999078074,0.332,0.1036301519,0.8908413206,0.0009740576,0.0004383259,0.316,0.202,30.6257689444142,22.7053114587899
"49047",0.1570729434,0.0003163889,4.482176756,61.03,0.1907579075,0.1035385651,7699.47,7.5,0.1381726454,3.4251519791,3.424416889,0.133928379,0.0982617228,0.1019336576,0.311,0.1086407473,0.4254633607,0.0010578566,0.0004882415,0.32,0.215,42.2783534830167,29.6848013816926
"49049",0.1052996031,0.0004346277,1.8949765736,21.64,0.1327184249,0.0622894147,9086.35,7.6,0.1129556113,3.3772037072,3.3377247908,0.084242416,0.0890423248,0.0980782816,0.304,0.0654620687,0.846282358,0.0019590926,0.0005918278,0.253,0.137,24.8195233031603,14.6371547685305
"49051",0.1570266953,0.0005829704,3.4292376805,30.49,0.1745212223,0.1282077393,8703.55,8.5,0.1172919197,3.034928492,3.0907969258,0.1252282714,0.0874354023,0.0945446479,0.311,0.0843935585,0.6134296643,0.0008659883,0.0002164971,0.222,0.135,26.3148862167202,19.4501332906193
"49053",0.1691816814,0.0005783987,3.0847932546,24.49,0.1939026676,0.1244369887,8593.72,7.2,0.1404950187,3.6769840217,3.5503162825,0.1082187142,0.1098221659,0.1099325733,0.299,0.0887125931,0.8642725265,0.0018295733,0.0007370943,0.237,0.173,44.4639211620475,23.728342543208
"49055",0.1619092185,0.000371471,7.4294205052,32.87,0.1643550624,0.1581843191,7956.02,6.3,0.1255382146,3.4510866277,3.4769774472,0.1169467763,0.0997942016,0.1039456669,0.282,0.0978029485,0.4388048956,0.0040396621,0,0.245,0.182,12.3198225945546,12.3198225945546
"49057",0.1157730866,0.0004186419,3.5297256254,23.61,0.1421941544,0.0641388988,9286.06,7.9,0.1314183833,3.4918900112,3.7280337623,0.139309966,0.1024573829,0.1066488684,0.346,0.1163371307,0.932571053,0.0016134733,0.0006819836,0.308,0.187,47.6984474087033,25.0109337415264
"50001",0.0490108715,0.0010800594,10.530579182,35.98,0.0598143852,0.0142118863,7469.95,8.7,0.0969267391,2.8550509736,3.0955723843,0.2010596313,0.0852540217,0.0963701603,0.285,0.1261889506,0.5831183292,0.0023778,0.0004593477,0.242,0.184,46.8455807500698,9.00876552885958
"50003",0.0527278715,0.000963736,16.796541565,58.94,0.0656304814,0.0147570653,8651.14,8.1,0.1225154726,3.4889465531,3.7080376296,0.1847465286,0.1025490503,0.1097211477,0.31,0.1611230079,0.893979798,0.0040609137,0.0007408424,0.275,0.209,65.1657136563472,19.2743660110323
"50005",0.0506302696,0.0008447044,14.294996751,43.33,0.0626983685,0.0153822006,7515.71,8.3,0.1160813306,3.0301004233,3.354314263,0.1772791181,0.0924478654,0.1038671732,0.282,0.166325936,0.528036635,0.002969562,0.0007101126,0.307,0.229,83.6102243360045,26.0603296631702
"50007",0.0427358246,0.0017969786,12.454920623,27.18,0.0521604847,0.0111125385,7393.7,8.3,0.0830976566,2.7350157425,3.1182549659,0.227487084,0.0821132872,0.0958554603,0.256,0.1236622189,0.8959915679,0.0049834611,0.0012707826,0.198,0.139,35.1643623666857,15.0999908986356
"50009",0.0648986632,0.0003245173,8.1129320136,42.41,0.0787114846,0.018683274,7765.69,7,0.1388878561,3.6874337184,3.830222445,0.1616723469,0.1113253701,0.1158374887,0.344,0.1713529361,0.0926102125,0.0004897959,0.0006530612,0.287,0.243,64.9913344887348,64.9913344887348
"50011",0.0432629596,0.0004918134,8.6067337445,50,0.0546634332,0.0119979134,8144.15,8.7,0.115727669,3.3903684951,3.6775294348,0.1939353121,0.0972564251,0.1063668917,0.336,0.1664660089,0.5542244376,0.0016035525,0.0007606595,0.313,0.242,43.0457241247369,11.615512859056
"50013",0.0531704688,0.000437254,10.202594374,38.81,0.0625287356,0.0209302326,6774.65,8.9,0.10238355,2.8895011354,3.2923209246,0.2022063389,0.087862685,0.1001163209,0.282,0.1448342629,0.4862266858,0,0.0001429797,0.281,0.202,52.9508038894772,48.1370944449793
"50015",0.0536675231,0.000871805,8.7180503269,50.69,0.0657331778,0.0186950147,7101.02,8.4,0.1135392831,3.0631684004,3.3084728561,0.2020584135,0.0950287774,0.1032776989,0.271,0.1520235526,0.6916853933,0.0031895383,0.0004385615,0.25,0.19,31.72504957039,26.4375413086583
"50017",0.047735298,0.0006920655,12.111145714,55.59,0.0578390072,0.0153169014,8896.73,8.4,0.1140256177,3.0656657646,3.5518196233,0.1838021193,0.0939706879,0.1063810578,0.321,0.1485231039,0.5935167266,0.0026681451,0.0007623272,0.3,0.2,36.918675081048,13.844503155393
"50019",0.0578818326,0.0007749077,12.177121771,51.05,0.0718820135,0.0164914824,7236.34,7.7,0.1334680686,3.6065300655,3.4344134836,0.1834776585,0.1068123804,0.109809492,0.315,0.1723594087,0.5448569645,0.0019200945,0.0005169485,0.291,0.25,70.3312974273552,13.5727065210685
"50021",0.0485523872,0.0008704969,12.387839829,40.42,0.0595231337,0.0125774863,8654.41,8,0.1178001008,3.5757833437,3.6711456003,0.1757837847,0.1054060274,0.1080506058,0.31,0.1689046926,0.7314168911,0.002479779,0.0007822122,0.309,0.213,53.0335171828596,21.2134068731438
"50023",0.0387842706,0.0010236812,21.156077254,41.35,0.0477231433,0.0113675214,7914.34,8.3,0.0929200443,2.943995873,3.288001414,0.205868165,0.0875432692,0.0982059624,0.28,0.1403778098,0.7516041254,0.0042713312,0.0007796874,0.228,0.163,46.5607504230215,23.8481892410598
"50025",0.0508393856,0.0011293966,15.212280459,34.59,0.0623044536,0.0129965669,8122.13,8.1,0.1092870564,3.3488770295,3.7281947773,0.1677449315,0.0995791911,0.1081560097,0.301,0.1638433622,0.6784534855,0.0057418676,0.0008006588,0.238,0.178,61.4227033667319,28.4080003071135
"50027",0.0479208104,0.0010764842,14.532536735,48.85,0.0583418938,0.0146094774,8752.61,8.3,0.1195689489,3.6715956078,3.5229097623,0.1770398117,0.1031036249,0.1054099589,0.28,0.1398670541,0.7506264337,0.0039990002,0.0010533081,0.269,0.187,58.5959688365113,19.133377579269
"51001",0.184762577,0.0004852455,12.737694477,42.86,0.219134493,0.0893726726,8667.3,8,0.1982227883,4.1657440685,3.7154940444,0.1380309712,0.1235567528,0.1204263455,0.339,0.179359751,0.4098721505,0.0006359589,0.0005148239,0.344,0.29,69.7385310437533,19.2033636207437
"51003",0.0978775311,0.0014852937,11.068749231,29.39,0.1160663994,0.0505472287,8037.52,8.7,0.1066250066,2.7826489072,3.0476690821,0.1785369673,0.0876364833,0.0963767901,0.333,0.141651242,0.7423966859,0.0008996162,0.0004498081,0.216,0.167,86.7316365471347,10.4077963856562
"51005",0.1035659444,0.0005740894,18.498437201,85.3,0.1218239564,0.0513897867,9706.84,8.3,0.1510699989,3.555860036,3.500526943,0.1454833409,0.1066905341,0.1118040038,0.338,0.1692043731,1,0.0001896334,0.0003792668,0.313,0.269,89.1871230782298,89.1871230782298
"51007",0.1342526094,0.0001550027,13.175230567,30.92,0.1539253539,0.0794608017,9418.96,8.2,0.1431958926,3.3316572998,3.2584815257,0.1616529979,0.099258194,0.1036903037,0.333,0.1596222566,0.2828999212,0.000311163,0.0002333722,0.332,0.258,64.647927387448,38.7887564324688
"51009",0.1231666802,0.0001566711,15.353763239,36.8,0.1458683284,0.0588412794,8392.73,8.1,0.1476973044,3.3460534847,3.3914434097,0.1578114509,0.1022717712,0.1079953578,0.359,0.1582007233,0.6009643619,0.0001560501,0.0002496801,0.318,0.297,76.3694187554923,14.6461898983136
"51011",0.1246065693,0.0001297522,18.165304269,57.08,0.1446789798,0.0714080046,9191.81,8.4,0.1524077868,3.6076842658,3.4674371955,0.154338821,0.1072244797,0.1107592597,0.344,0.1668586389,0.545381687,0.0001308986,0.0001963479,0.326,0.272,58.4820654999134,58.4820654999134
"51013",0.0674195155,0.0007374631,13.571067009,21.06,0.0756252649,0.0352331858,7804.39,9.3,0.113437925,2.6931727244,2.8692473045,0.2239274555,0.0844006763,0.0902308097,0.326,0.1216486384,1,0.0012295732,0.0004803709,0.196,0.151,28.5663482587645,8.30756046300804
"51015",0.1146970251,0.0004709745,13.456414673,44.89,0.136868722,0.0510217535,8564.67,8.9,0.1277205585,3.2731273939,3.3469988489,0.1748180833,0.0933892932,0.1018586231,0.339,0.1646152911,0.5418576271,0.0005821667,0.0007040156,0.337,0.259,60.0431055728067,19.2675637285872
"51017",0.1069486405,0.0006711409,15.659955257,62.88,0.1166794185,0.0731707317,10940.89,8.3,0.1563953553,3.7431845201,3.5898613587,0.1476433132,0.1133203103,0.1160845494,0.352,0.1736400074,1,0,0.0006574622,0.261,0.229,96.2321415352728,103.634613961063
"51019",0.1018924959,0.000656168,12.094076476,NA,0.1202756541,0.0506752719,NA,9.1,0.124666675,3.0885689825,3.1203113416,0.1708092139,0.0915222198,0.098162271,0.318,0.1530310907,0.6171005883,0.0003133855,0.0001828082,0.319,0.239,62.4281538057494,18.5131766458429
"51021",0.0987654321,0,9.1449474166,51.26,0.111810123,0.0603060306,9440.92,8.2,0.1166608217,2.9704601446,3.0897429112,0.1819909699,0.0888763527,0.0959775847,0.329,0.1517599149,0.9992672919,0.0001509434,0.0012075472,0.317,0.215,60.9167978069953,50.7639981724961
"51023",0.0767945944,0.0005397787,19.192131226,39.1,0.088018944,0.0454348141,7700.87,8.7,0.1106530262,2.825647615,3.04044203,0.1754082343,0.0849622091,0.095155414,0.292,0.1361037069,0.8069265114,0.0003021148,0.0002114804,0.263,0.211,71.229358534481,18.0581472340938
"51025",0.1294666432,0.0002994371,10.7797341,67.06,0.153505707,0.0577507599,8616.36,6.8,0.2046036015,3.968656562,3.6382446566,0.1372323113,0.1226114011,0.1178446226,0.427,0.1966028536,0.2284042675,0.0002424536,0.000303067,0.371,0.271,30.340419506867,10.1134731689557
"51027",0.1310332811,0.0002634352,8.7811731647,108.25,0.148691958,0.070131808,9568.36,NA,0.1854127547,4.0968686342,3.9610403475,0.1460577844,0.1246885601,0.1255850941,0.375,0.2054741772,0.2663706532,0.000216394,0.0005193456,0.331,0.306,48.4866294446077,20.5700852189245
"51029",0.1422507075,0.0003522781,9.3940817285,50.85,0.1697160175,0.0660578387,8728.75,7.5,0.1669598257,3.6247800972,3.4884585177,0.1582072864,0.1095683982,0.1096882317,0.395,0.1884737974,0.1977720751,0.0002365045,0.0003547567,0.347,0.316,72.5589786833487,70.5979252054204
"51031",0.1225648622,0.0001996878,14.522746251,40.84,0.1438049821,0.058494849,9078.25,8.3,0.1475943652,3.5233893846,3.4335678637,0.1548184637,0.1037277469,0.1084572958,0.345,0.1730984552,0.618212319,1.82199e-05,7.28797e-05,0.34,0.272,66.6977923030748,18.7966505581393
"51033",0.1214851764,0.0001000534,12.339914621,51.1,0.1473985198,0.0577971647,8692.49,8.5,0.1632760732,3.5329941018,3.388023506,0.166450129,0.1046288506,0.1077705995,0.359,0.1836319839,0.5753371869,0.000201491,6.71637e-05,0.322,0.265,38.9148321102957,24.4607516121859
"51035",0.1394320399,0.0009083569,12.784282062,52.36,0.1635886913,0.0646595963,9883.73,8.7,0.1544934432,3.8661448206,3.5855749468,0.1450813162,0.1155607837,0.1165835939,0.349,0.1888474154,0.4338925504,0.0002700787,0.0008439958,0.298,0.233,100.139520230433,21.3780998244745
"51036",0.1752915452,0.0001420455,15.625,56.36,0.1950499546,0.1004329004,9216,8,0.174709866,3.6051985142,3.5503144203,0.1368170756,0.1097754179,0.1122732957,0.385,0.1772372502,0.091786108,0.0002847786,0.0002847786,0.35,0.268,28.390271600265,56.7805432005299
"51037",0.1538300105,0.000491763,16.392099008,37.52,0.1834235261,0.0732886905,9090.62,6.3,0.1953823306,3.9426143991,3.6628934017,0.1479455804,0.121467414,0.1198948726,0.376,0.1919912261,0.1964087081,8.17996e-05,0.0003271984,0.355,0.249,68.3900971139379,65.6544932293804
"51041",0.0888329481,0.0008966686,8.8177379523,36,0.1072508359,0.044796188,9239.9,8.4,0.1185138049,2.9373025909,3.2833053676,0.1626364579,0.0868544716,0.0979962028,0.324,0.1522873484,0.7952004199,0.0011548907,0.0003879711,0.295,0.227,41.3028261657375,13.7014182953648
"51043",0.1111111111,0.00041774,18.102067813,51.62,0.1251895928,0.0734552333,8176.57,9.2,0.1250518123,3.1321385389,3.1908918754,0.1720426268,0.0932744532,0.1002751791,0.341,0.147515026,0.624697164,0.0005546696,0.0004160022,0.269,0.212,78.7766450417053,27.8035217794254
"51045",0.0983365949,0.0001919017,3.8380349261,47.36,0.1104707012,0.0600393701,9212.43,8.6,0.1338984977,3.4269637636,3.4272354181,0.1661104991,0.1019062929,0.1079443065,0.321,0.1630407989,0.9674373796,0,0.0001910585,0.296,0.24,89.7263346792283,64.0902390565917
"51047",0.1259834848,0.000424826,10.721799644,42.64,0.150893012,0.0700726506,8615.81,9,0.1426833211,3.4096244037,3.2826275152,0.1697563035,0.0981298722,0.1015090083,0.363,0.1612454316,0.7586583564,0.00109832,0.00054916,0.323,0.238,39.0096918906922,15.4693605773434
"51049",0.1317929521,0.0002057825,8.2312995164,45.09,0.156757691,0.060518732,9163.05,5.5,0.1904021861,3.9908631715,3.7761026506,0.1416238305,0.1228498431,0.1224769491,0.378,0.1867760235,0.3628133705,0,0,0.354,0.241,41.0987053907802,30.8240290430851
"51051",0.1288603097,0.0002646378,4.6311610982,85.17,0.1521615148,0.0636645963,12074.82,NA,0.1703425415,4.0946729189,3.8328845678,0.1541340446,0.1211497289,0.1216137094,0.365,0.1848920319,0.3813745834,0.000195976,0.0007185785,0.356,0.254,48.46775792558,33.0461985856227
"51053",0.1130008393,0.0001436163,7.5398535114,73.98,0.1306891307,0.0604301809,10923.66,7.6,0.1660266925,3.5454184062,3.4410538031,0.1575667053,0.1055505153,0.1088964276,0.344,0.1698896532,0.4400557123,0.0001076851,7.17901e-05,0.342,0.246,41.738715640093,22.6581599189076
"51057",0.1361925402,0.0001796945,17.070979335,33.72,0.1605795352,0.0631856077,8733.82,7,0.1680644429,3.6970808137,3.5156599116,0.1388919199,0.1123080067,0.1130757909,0.368,0.1784114804,0.1542462559,0.0001801315,0.0004503287,0.37,0.257,71.9510732701763,59.9592277251469
"51059",0.0880864349,0.0010374407,8.360808731,29.75,0.1052526951,0.0453849608,7912.13,9.7,0.1097180653,2.5638514195,2.631577238,0.171760517,0.0777065882,0.0838331289,0.329,0.1144631546,0.995348175,0.0014109419,0.0005881122,0.232,0.163,27.4980517337814,8.68821421801391
"51061",0.0944568087,0.0005233927,13.6663662,55.32,0.1098034516,0.0577686916,9151.16,9.6,0.1174656258,2.9496425675,3.0755847542,0.1863649825,0.0869988372,0.0930510344,0.35,0.153665544,0.6631136604,0.00065936,0.0004102684,0.261,0.221,51.9167972673327,14.5561113833643
"51063",0.1232565683,0.0003833621,15.33448342,34.26,0.1404273877,0.0759722641,8626.27,8.3,0.1329111887,3.2406125797,3.3231901378,0.165285408,0.0964331226,0.1033093599,0.335,0.1525059355,0.431376399,0.0004493516,0.0004493516,0.292,0.249,100.085178875639,14.9063032367973
"51065",0.1043712306,0.0002287021,8.7669144273,31.42,0.1222480514,0.0590798188,8041.94,9.1,0.1128250357,2.8674273877,3.1279094694,0.1788978419,0.0867329149,0.0972856736,0.338,0.1420174634,0.5213498891,0.0003832592,0.0001916296,0.28,0.204,41.9858011654241,43.2580981704369
"51067",0.1263796268,0.0004621072,10.486278971,37.29,0.1452645249,0.0712958868,7604.55,8.3,0.1455283388,3.5216263649,3.4681296539,0.1584971229,0.1039015097,0.1080326474,0.33,0.1724180608,0.3417439769,0.0001774371,0.0001774371,0.306,0.247,58.0943855925924,14.2271964716553
"51069",0.1110115995,0.0004687556,9.7356939386,63.69,0.1316999081,0.0598621237,8414.39,9.3,0.1282860229,2.7370421125,3.1271580262,0.1682718535,0.0854732169,0.0965134804,0.334,0.1507116386,0.6434455016,0.00035204,4.85572e-05,0.297,0.191,51.2006144073729,21.6002592031104
"51071",0.1137868754,0.0005386641,12.568829303,45.5,0.1328826556,0.0600223339,9261.61,9,0.1263228726,3.2713302582,3.3113799134,0.1694712883,0.0956066231,0.1027060565,0.349,0.1529190633,0.6591461298,5.94707e-05,0.0002973536,0.317,0.267,140.928940055578,119.094878920206
"51073",0.0988862528,0.0005923054,9.6922704143,37.41,0.1147311263,0.0532492114,9132.77,9,0.1237632019,3.3694439527,3.2701317052,0.1806174365,0.0910318364,0.0968176035,0.323,0.1573578415,0.5710022248,0.0011846746,0.0004307908,0.323,0.229,62.7813951819764,26.0094351468188
"51075",0.0532111184,0.0008538175,18.424482092,34.51,0.0579232399,0.0398973402,8828.71,9.1,0.1136853612,2.79206133,3.0484916598,0.1717441298,0.0835731154,0.0929607189,0.316,0.1327639243,0.6553851821,0.0007293946,0.0002279358,0.288,0.191,34.4017829097925,23.9316750676818
"51077",0.1282586027,0.0002498126,8.1189108169,41.87,0.1510013655,0.0571725572,8876.94,7.6,0.1743867129,3.984040244,3.6854299815,0.1447904368,0.1225039047,0.1206363125,0.326,0.1887447077,0.4540655379,6.62559e-05,0.0002650235,0.295,0.294,69.2460832684151,62.7542629620012
"51079",0.1401313732,0.0001565599,7.3061267091,44.52,0.1654714011,0.0789915966,8975.52,9.3,0.1309256093,3.2890550038,3.2387229774,0.1679159346,0.097652598,0.1031272336,0.334,0.1659768866,0.7337390643,0.0003152751,5.25458e-05,0.279,0.231,64.2762837884789,64.2762837884789
"51081",0.1054833408,0.000504838,4.2069835928,NA,0.1292713051,0.0440186432,15150.36,7,0.2228333827,4.1049918348,3.5720010799,0.1493938873,0.1267667198,0.1172657292,0.429,0.2240078378,0.2708486482,0.0011129184,0.000770482,0.323,0.273,85.0533000680426,56.7022000453618
"51083",0.1251263619,0.0003985765,16.227758007,37.01,0.1519045434,0.0534006376,8233.44,6.7,0.1894410535,3.9432737996,3.8017565841,0.1295856032,0.1220240062,0.1227103027,0.371,0.1930391302,0.3979746696,0.0006818182,0.0008522727,0.322,0.283,76.9106601973091,18.9902864684714
"51085",0.0736543242,0.0007362415,13.852964825,32.71,0.0848715048,0.046568023,9428.39,9.1,0.1037596898,2.8733980791,3.021246231,0.1664101273,0.0841995217,0.0921642419,0.309,0.1347148729,0.7816608754,0.0011381699,0.0006279558,0.295,0.184,52.9823575210718,13.2455893802679
"51087",0.1025387631,0.0009872215,11.532961203,38.69,0.1236309351,0.0478451144,8999.26,8.1,0.1308368496,2.9710343715,3.1884383797,0.1600519386,0.0927504948,0.0994640991,0.34,0.1560158736,0.9393650121,0.0020967682,0.0005870951,0.283,0.226,64.8123420776926,12.7364982846813
"51089",0.1410907817,0.0006746208,15.612652031,54.56,0.1692503432,0.0590998779,9126.86,7.5,0.1841517617,3.696324273,3.6590997911,0.1320542877,0.1173171593,0.1194590702,0.373,0.1991404246,0.5581429706,1.92009e-05,7.68034e-05,0.353,0.34,60.4863358793362,19.9476214070151
"51091",0.1986970684,0,36.13369467,48.61,0.2178456592,0.1197411003,8621.47,6.3,0.1390532013,3.4265536567,3.42564252,0.1435675594,0.1030376058,0.1085686719,0.321,0.1540423545,0.2417061611,0.0022241993,0.0008896797,0.286,0.244,104.82180293501,104.82180293501
"51093",0.0904632336,0.0004956766,14.319546181,39.74,0.1045898833,0.0516637478,9003.63,8.5,0.1320545401,3.0562508941,3.2129353806,0.1687575503,0.093007483,0.1002590886,0.342,0.1518555644,0.6627728948,0.0001666343,0.000222179,0.354,0.251,85.386119705831,19.2807367077683
"51095",0.0873722985,0.0013807812,10.116614489,33.5,0.1025977889,0.0483362296,8658.75,8.6,0.120437779,2.8051285959,3.0222279261,0.1684241329,0.0858384074,0.0944764809,0.314,0.1336201489,0.9136086197,0.0022043729,0.0007301985,0.275,0.171,79.4970336249739,15.4451379614235
"51097",0.1395721925,0.0004191115,9.7792679519,40.03,0.1569807826,0.0852941176,8804.48,8.2,0.168449083,3.7278711522,3.5592365644,0.1449814855,0.1133370476,0.1138720456,0.36,0.1799512773,0.2771778258,0,0,0.354,0.24,60.4876233016937,55.8347292015634
"51099",0.0698861583,0.0002351558,10.582010582,51.6,0.0822918669,0.0423234092,9313.3,NA,0.1144140976,2.8726803747,3.003006031,0.1865709033,0.0847576802,0.0930097818,0.342,0.1422903396,0.6130003392,0.0003547357,0.0003153206,0.293,0.186,37.7260309613633,20.8143619097177
"51101",0.0993559592,0.0004302662,11.678652652,39.46,0.1158281965,0.0576680937,9571.57,8.5,0.1352612725,3.069204774,3.2126456416,0.1780387062,0.0932988499,0.1009830886,0.349,0.1634582116,0.4757452149,0.0002471271,0.0001853454,0.259,0.265,40.9928467482424,30.7446350611818
"51103",0.1184759166,0.0005471956,28.271773826,33.06,0.1315496098,0.0764139591,8069.98,8.2,0.1491154851,3.430700552,3.4158544914,0.1242874441,0.1024221828,0.106787584,0.328,0.1449210771,0.5013607234,0.000905469,0.0004527345,0.3,0.254,124.313998969103,18.1922925320639
"51105",0.1319452055,0.0002425026,6.466736723,82.37,0.1582412759,0.0555441267,9724.53,8.1,0.198420905,4.2528993714,3.8535058199,0.1485552048,0.1268621674,0.1243863848,0.367,0.2038164231,0.5174502677,0.0007614925,0.0006011783,0.35,0.333,39.2570933506606,16.2443144899285
"51107",0.0672699409,0.000766714,6.6555031694,42.1,0.0836996486,0.0343105684,8684.82,10,0.0937901327,2.5170288625,2.6146301636,0.1868579997,0.0763980943,0.0816117014,0.309,0.1172988817,0.8863792822,0.0011678832,0.0004792728,0.227,0.159,17.0723726329867,11.4705003627879
"51109",0.1283838777,0.0001445003,10.693023525,45.63,0.1465684191,0.0761455526,8567.82,8.9,0.1457614153,3.257397716,3.328453449,0.1712381201,0.0987427919,0.1045323467,0.338,0.1691270688,0.4601695171,0.0001455689,0.0001164551,0.306,0.277,41.2723398537231,11.5178622847599
"51111",0.1523269012,0.0003252297,16.261484674,37.39,0.1778048409,0.0799492386,8283.61,7.9,0.1862707246,3.8396632183,3.5853078753,0.1415269823,0.1192250509,0.1168314663,0.379,0.1964676055,0.1769397553,0.000401091,0.0005615274,0.312,0.252,48.5987364328527,16.1995788109509
"51113",0.1387333462,0.0005329679,11.420740064,39.24,0.1603441533,0.0794491525,7845.31,8.8,0.1518657417,3.5575427637,3.5807686417,0.1578275296,0.1079753816,0.1133531542,0.337,0.179876499,0.4367297866,0.0002280155,0.0002280155,0.294,0.234,127.003479895349,30.4808351748838
"51115",0.1041833627,0.0004513654,20.311442112,33.7,0.1143213469,0.073587385,8962.75,9.3,0.1157301041,2.9738329157,3.1155012689,0.1552576225,0.0878588224,0.0964064766,0.312,0.1367829117,0.664624638,0.0002263468,0.0003395201,0.276,0.23,75.5287009063444,75.5287009063444
"51117",0.1464842896,0.0006113059,13.8348187,42.36,0.1731452882,0.0686885246,8500.04,7.4,0.1795185751,3.7455121386,3.6870639036,0.1300178042,0.1176365838,0.1177705871,0.362,0.1759233719,0.4820179057,0.000512952,0.0004167735,0.342,0.288,56.8883164278431,13.9537379917351
"51119",0.1098548297,0.000377145,15.08580049,36.87,0.1188421431,0.0818128311,7954.75,9,0.1381269851,3.2721384606,3.2911987495,0.1457157258,0.0976859854,0.1032962403,0.334,0.1492760171,0.3701980108,0.0003739716,0.0002804787,0.286,0.249,77.930174563591,15.5860349127182
"51121",0.1107917362,0.0006963432,11.059568062,34.93,0.1253978663,0.0555350554,8950.07,7.8,0.1480473922,3.6077572872,3.4026819378,0.1895162491,0.1122281053,0.1131900222,0.36,0.1820843588,0.7605199593,0.0016350623,0.0006272881,0.264,0.225,43.6117329190219,12.6065165469048
"51125",0.1340039519,0.0010145418,13.527223537,37.89,0.1518716578,0.0820530726,8665.31,8.5,0.1525009255,3.5890184293,3.4709702,0.1490924461,0.1070433452,0.1104650168,0.319,0.1630582126,0.4381491345,0.0007407407,0.0003367003,0.284,0.241,65.1626820061118,22.4698903469351
"51127",0.096717961,0.000294233,11.278932915,34.76,0.1078126247,0.0657894737,9413.43,9.4,0.1145272507,2.8302662319,3.0340668491,0.1818691838,0.0843186642,0.0934140077,0.327,0.1492120852,0.50518205,0.0009490035,0.0002996853,0.296,0.235,40.6107862248213,22.7420402858999
"51131",0.1560899577,0.0013163307,15.631427396,42.44,0.1795065839,0.0933867735,9142.89,7.7,0.195106296,4.0321773907,3.6102908967,0.1327398128,0.1252388735,0.1207121771,0.356,0.1813218549,0.4374848656,0.0008250144,0.0008250144,0.326,0.261,74.1452698063985,87.8758753261019
"51133",0.1388993829,0.0008992806,20.438194899,31.13,0.1545798388,0.0902600714,8143.44,8.4,0.142463652,3.3007542386,3.2871697099,0.1311530284,0.0990049427,0.1036740599,0.334,0.141865878,0.3558799676,8.1626e-05,0.000244878,0.287,0.266,92.6304318212778,76.2838850292876
"51135",0.1358024691,0.0006380399,18.503158298,36.87,0.1647028689,0.063378083,9660.41,4.8,0.19809794,4.0230927712,3.6775822641,0.1490929936,0.1271056725,0.1211582793,0.389,0.2056417193,0.3144515234,0.0003209449,0.0004493228,0.35,0.269,51.2306017461097,51.2306017461097
"51137",0.1184762725,0.0005652112,10.173802459,34.59,0.1395910323,0.0643009941,8436.28,8.3,0.141783037,3.222569361,3.3099983284,0.1621986136,0.0957980735,0.1033052779,0.34,0.1503182151,0.6003106239,0.0004282533,0.0001998515,0.35,0.231,99.1089632258552,23.5973721966322
"51139",0.138896266,0.0003793307,11.379920762,78.56,0.1662414966,0.0590124448,10095.09,8.4,0.1400920118,3.4486259657,3.4420478232,0.1578175852,0.1062197186,0.1112995539,0.343,0.1739353224,0.8088761334,0.0002515934,0.0005031869,0.276,0.268,74.4089403043747,32.2906722075588
"51141",0.1400923031,0.000166251,11.637572735,46.91,0.1630307752,0.0676198987,9427.04,8.1,0.1736557542,4.0549306474,3.7490862288,0.1380432814,0.1211593246,0.1205567214,0.337,0.1911516281,0.3802055165,0.0001642576,0.0003285151,0.279,0.315,79.2889806756159,22.1271573978463
"51143",0.122219476,6.43149e-05,13.988487635,42.76,0.1465422613,0.0515937963,8500.09,7.9,0.1665130974,3.7844312224,3.4706930877,0.1470570771,0.1098879678,0.1112640386,0.369,0.167165222,0.3259534532,6.412e-05,0.0001282401,0.351,0.289,77.3096250483185,16.6430442812352
"51145",0.0944350759,0.0006064714,12.486176019,37.36,0.1040907734,0.0663144471,9631.56,9.4,0.1064574937,2.9288540211,2.9281314551,0.1885071367,0.0824715615,0.0891417456,0.327,0.1394924786,0.6153818726,0.0003515062,0.0001406025,0.291,0.219,28.2608951638543,17.6630594774089
"51147",0.1348051948,0.0006535378,12.635064482,42.91,0.1599627403,0.0543222774,8270.62,6.5,0.1824469764,3.7710152631,3.688924131,0.1703406086,0.1201079259,0.1204587781,0.377,0.1913069976,0.7048527901,0.0019069082,0.0003467106,0.365,0.234,59.2759657645154,18.794818413139
"51149",0.091995221,0.0001320585,8.7158628704,55.08,0.1102765449,0.04682074,9391.91,7.6,0.1477118057,3.2990772478,3.0280699854,0.1830076955,0.095328331,0.0961882306,0.407,0.1667127225,0.7286494052,0.00112501,0.0008303646,0.309,0.252,23.8853503184713,20.34677990092
"51153",0.1114332409,0.0004560337,6.2649290159,38.51,0.1351733402,0.0600084541,8753.22,9.4,0.1415422691,2.9621925686,2.9652827599,0.1614616092,0.0879447679,0.0930506405,0.364,0.1254815972,0.9106297979,0.0008720135,0.0003183186,0.297,0.175,20.9160954158275,9.16464958149332
"51155",0.0976643004,0.0004660375,15.728766166,59.78,0.1153250387,0.0426997245,10514.85,8.2,0.1368434021,3.4467450768,3.4103435839,0.1599156974,0.1018768778,0.1062121581,0.348,0.1624148238,0.6735489791,0.0002913583,0.0002039508,0.31,0.283,82.6390036652829,14.5833535879911
"51157",0.1511480745,0.0004066143,10.843046896,50.53,0.1666666667,0.1025830258,8760.35,7.3,0.1189551313,3.0307341083,3.1531857393,0.1601835137,0.0891349617,0.0976397987,0.322,0.1413512235,0.3591482436,0.0006792555,0,0.3,0.245,27.1161928865187,45.1936548108646
"51159",0.1391908751,0,21.329142344,30.67,0.1605804111,0.0830650354,9119.2,8.5,0.1691627755,3.5930663579,3.3338639969,0.1689787899,0.1084379499,0.1065153254,0.382,0.1757656111,0.1990490599,0.0013480117,0.0002246686,0.28,0.232,105.326512187782,67.7099006921457
"51161",0.0821634622,0.001207512,12.498808376,33.95,0.0964504194,0.0446022032,8735.48,8.9,0.1352108746,3.3289105996,3.2036111732,0.170497659,0.0915770503,0.096063821,0.327,0.1564616479,0.7583030224,0.0020472357,0.0004691582,0.285,0.259,103.109221365931,19.1336699441935
"51163",0.1247311828,0.0010736334,11.631028004,37.73,0.1431337619,0.0650185414,7541.21,8.4,0.1289761214,3.281188536,3.4230226428,0.159611417,0.1005206921,0.1079992076,0.344,0.1640906026,0.6556237952,4.47888e-05,8.95776e-05,0.273,0.252,89.4547731576044,17.8909546315209
"51165",0.1300213098,0.0002417518,13.996157419,50.71,0.1522325245,0.0743838028,8805.68,8.7,0.1357730073,3.3178972369,3.2126073534,0.1700003882,0.0964907185,0.1010300035,0.303,0.1432470404,0.6277092015,0.0001151322,0.0001407171,0.269,0.251,55.38924687537,16.0671097806417
"51167",0.1253641701,0.0003585386,8.2463877236,109.82,0.1490874615,0.0539832285,9964.27,8.3,0.1760306996,4.2750332221,3.8426252867,0.154059999,0.1217680411,0.1202047561,0.359,0.1886067138,0.4462400941,0.0005709596,0.0008564394,0.322,0.33,68.4405167859373,21.6127947745065
"51169",0.1096349491,0.0003615656,4.9715267107,58.92,0.1282620766,0.0540665434,9824.1,8.3,0.1662820148,3.8516099888,3.6523413477,0.1581995999,0.1167778958,0.1167810937,0.358,0.1783590326,0.4742632782,0.0009828449,0.0004467477,0.299,0.324,93.3172787477423,22.576760987357
"51171",0.1318111206,0.0004630702,15.512850197,71.4,0.1581027668,0.0618048269,9589.93,8.9,0.1411823086,3.4729988374,3.3651557062,0.1594060514,0.1000951624,0.1059184197,0.348,0.1584636178,0.6176981878,0.0003951559,0.0003254225,0.307,0.271,81.1525203654182,20.0949098047702
"51173",0.1105601171,0.0005719733,10.486177312,79.61,0.1308659369,0.0511913912,10273.81,7.9,0.158739714,3.6777978062,3.5462472439,0.160598045,0.1108384145,0.1145859255,0.341,0.1898082854,0.7630712866,0.0010774838,0.0007605768,0.295,0.277,65.8964575339845,13.8169991603516
"51175",0.1208377279,0.0002208846,15.46192501,60.9,0.1418167105,0.0616591928,8910.4,6.8,0.1629716604,3.4660591234,3.421117719,0.1467990999,0.1060368227,0.109223741,0.391,0.1704637298,0.1744211093,0,0,0.343,0.274,62.7017058552328,60.8575380359613
"51177",0.104051184,0.00060548,7.204445296,58.72,0.1264584211,0.0515601438,9928.26,8.9,0.1292132753,3.1289078694,3.1969582499,0.1726078846,0.090537182,0.0982679653,0.364,0.15108278,0.7455411489,0.0004876614,0.000518624,0.307,0.231,32.4250075956219,14.2976411445262
"51179",0.0759705112,0.0002746421,5.8449469377,56.17,0.0911198329,0.0432930077,10026.49,9.2,0.1192434335,2.918147776,2.9258462389,0.1894457888,0.0840267488,0.0908690246,0.349,0.139590595,0.8105939005,0.0005786045,0.000214298,0.319,0.191,26.0345814296034,11.4927431536087
"51181",0.1107195846,0.000298107,13.414815919,38.73,0.1265550239,0.0589604344,7951.64,7.2,0.174599689,3.6893975154,3.5435338976,0.1391403706,0.1110848178,0.1126444196,0.384,0.1759906929,0.0860017002,0.0005891016,0,0.337,0.244,34.9249114404031,0
"51183",0.1371012101,0.0002560819,17.925736236,46.96,0.163442049,0.0619877049,8549.76,5.4,0.1984902805,3.8074189464,3.4313483365,0.1551000156,0.121057129,0.1143224037,0.424,0.2063327315,0.0334243402,0.0001699669,8.49834e-05,0.348,0.256,57.16572343223,65.7405819470645
"51185",0.1259646351,0.0006526959,12.820811674,89.21,0.1505950935,0.0535445819,10322.61,7.7,0.1506526841,3.5890330975,3.4963169455,0.155531944,0.1075584842,0.1120710018,0.348,0.1777089202,0.5161941524,0.0012427506,0.0008054865,0.315,0.317,46.6922436401273,21.0115096380573
"51187",0.112245834,0.0004861449,13.305017527,79.76,0.1336561339,0.0558938669,8840.66,8.9,0.1197885648,2.9972167329,3.0956593015,0.1836358673,0.089562891,0.0980530307,0.326,0.1663061288,0.8169527611,0.0008207864,0.0002308462,0.277,0.273,69.9509490296439,20.4734484964811
"51191",0.1101179836,0.0006777674,11.174003041,72.75,0.1305498661,0.0487465181,9867.07,8.7,0.1398503597,3.4802423693,3.4685665268,0.1625503021,0.1038232008,0.1076807608,0.321,0.1816777852,0.6675231431,0.000968408,0.0008222332,0.3,0.253,60.5378698007754,23.2367581053481
"51193",0.1447919784,0.0001134494,20.420897385,53.91,0.1682796761,0.0736502347,8796.12,8.3,0.1693844957,3.6418338072,3.5371905765,0.1404240603,0.1115039549,0.1136736956,0.355,0.1685968855,0.0725335167,5.72181e-05,0.0001144361,0.338,0.297,92.982655888269,79.699419332802
"51195",0.1176240719,0.00050355,9.5674505262,81.81,0.1425828133,0.046286199,11182.68,7.7,0.1845139198,3.9747431779,3.855511577,0.1536541835,0.1175400237,0.1188334841,0.383,0.205155145,0.7550419763,0.0008013021,0.0005508952,0.316,0.287,56.3588798882916,21.0294327941387
"51197",0.1236709569,0.0005838113,10.645969985,54.31,0.1467344723,0.0549925237,10032.05,8.5,0.1486313006,3.5685878983,3.4947397486,0.1565294744,0.1074785863,0.1110224235,0.362,0.1738678998,0.6605438687,0.0016826345,0.0007211291,0.329,0.291,58.4487026680114,20.6289538828275
"51199",0.0797455712,0.001149815,8.4024942141,32.84,0.0932834903,0.0485954243,8544.48,8.9,0.1103535354,2.7258094181,2.965240814,0.1795298821,0.0816075802,0.0905205167,0.331,0.1311302335,0.8611908835,0.0005426427,0.0004672756,0.29,0.194,48.9723232173332,10.8827384927407
"51510",0.1194490026,0.0006709617,22.864810991,40.88,0.1356991632,0.0548945865,8084.98,NA,0.1321652488,2.8113860011,3.0721414594,0.1895327379,0.0876382911,0.0958177498,0.361,0.1533339136,1,0.0025037357,0.0005578615,0.223,0.139,26.9626176352915,8.6976185920295
"51520",0.1144751381,0.0004667172,24.502654454,78.08,0.1390270059,0.0396802741,9451.95,6.7,0.1724524307,3.9624535176,3.758955603,0.1524553103,0.1221015796,0.1229045907,0.352,0.190650743,0.9701710121,0.000698324,0.0004073557,0.286,0.269,124.792824412596,19.4988788144682
"51530",0.1064381104,0.0003022061,18.132366274,55.78,0.1330212063,0.0374404357,9090.76,3.1,0.1987460546,4.4012910288,4.0374998281,0.1521552515,0.1381661497,0.1352518365,0.354,0.2145945812,0.8231578947,0.0004543389,0,0.262,0.215,91.4959589284807,101.662176587201
"51540",0.1391654048,0.0027898792,20.60218469,31.75,0.1575062767,0.058450983,7939.36,7.4,0.1767090595,3.8249252231,3.6149945913,0.1783481947,0.1182364271,0.1174589444,0.367,0.19770608,1,0.0080494813,0.0041015068,0.276,0.201,53.1983724173628,8.62676309470748
"51550",0.0834020654,0.0008282752,10.364058803,50.92,0.1019894715,0.03806129,9558.28,8.2,0.1458059955,3.1928350032,3.1894173702,0.1666480562,0.0947943424,0.099253393,0.368,0.1506660644,0.8776557205,0.0007370239,0.000565623,0.336,0.231,47.4007414324929,14.0079803039307
"51570",0.1042078509,0.0014590348,15.151515152,NA,0.1269573835,0.0498950804,NA,8.4,0.1390322899,3.3109109719,3.2996652157,0.1562369149,0.0988519026,0.1042452004,0.335,0.1499077565,0.9903509276,0.0018047487,0.0010715696,0.282,0.241,136.901524670405,24.379723571442
"51580",0.1166258625,0.0005302227,40.650406504,NA,0.1436746988,0.0422077922,NA,7.1,0.1716022447,3.8020779708,3.6954120609,0.1510788037,0.1188006576,0.1197727383,0.363,0.1891179762,1,0.0020682523,0.0005170631,0.281,0.23,70.6797031452468,58.899752621039
"51590",0.1176398241,0.0010218146,22.337341381,50.44,0.1462598008,0.0429362881,9368.77,6.3,0.2186216273,4.1589749207,3.8083315754,0.120976973,0.1331900922,0.1274005576,0.4,0.2074403601,0.687748229,0.0017434738,0.0015078692,0.327,0.28,141.58704043536,16.6107701069417
"51595",0.1191698282,0,27.292576419,68.79,0.1545023697,0.0371959943,9634.9,6,0.2753623986,4.8182009922,4.1910040808,0.1122588271,0.1536560859,0.1421631229,0.438,0.2351485931,0.968618188,0,0,0.3,0.268,55.3403431101273,0
"51600",0.1034239678,8.32882e-05,29.983758797,33.57,0.1183305831,0.0653383594,8191.14,9.9,0.1301668496,2.7322229943,2.7356003089,0.1846561459,0.0827878015,0.0860235337,0.331,0.1072878814,1,0.0106196136,0.0012661847,0.23,0.179,64.6848334709606,15.1390035783099
"51610",0.048252776,0.0033112583,20.875323927,23.72,0.0558646268,0.0319429778,8303.29,NA,0.1045693953,2.6375060491,2.8158123504,0.1974082546,0.077768944,0.0859996277,0.334,0.1291843738,1,0.0089699287,0.0016175281,0.283,0.204,28.9107861324596,33.7292504878695
"51620",0.1251448436,0.0011778563,18.845700824,67.95,0.1598752599,0.0462031107,8376.15,4,0.2087685822,4.1876944079,3.8690866116,0.1263905628,0.1292130824,0.1264782389,0.429,0.2000045212,0.5851782801,0.0009383064,0.0008210181,0.367,0.275,126.372324460943,98.7283784851117
"51630",0.1072103344,0.0013514475,12.803186571,51.02,0.1262374788,0.0527376554,9557.52,7.7,0.1610661419,3.5788112405,3.4638940456,0.1815135857,0.1094000389,0.1115285632,0.368,0.1771610076,0.9551593511,0.004973545,0.0032451499,0.303,0.246,42.4703592284551,14.156786409485
"51640",0.1643684501,0,23.141452126,58.14,0.203323812,0.0727056019,9936.1,8.3,0.2005358806,4.2505868807,3.9542463016,0.1385463308,0.1333895912,0.1301993363,0.358,0.1941904292,0.8996023857,0.003421728,0.002994012,0.281,0.247,227.020238612761,236.680674298411
"51650",0.1027122183,0.0004323801,9.9667287144,38.75,0.1247124392,0.0398704047,8542.61,6.5,0.1728909611,3.6857105443,3.531734773,0.1671048283,0.1121384455,0.1122844631,0.435,0.1803945709,0.9201009925,0.0019871565,0.0006429036,0.375,0.223,58.2272968589065,11.498667867095
"51660",0.1531599417,0.001446572,15.417412159,41.14,0.1749262268,0.0692351926,8574.74,7.7,0.2146074391,4.345718893,3.8696609423,0.17967852,0.1392353586,0.1306770106,0.371,0.2066084286,0.8495931635,0.0030107855,0.0015244483,0.254,0.222,43.0123850367503,11.3856313332574
"51670",0.1265336605,0.0004468675,19.215300742,65.28,0.1622953305,0.0429848693,9961.14,6.2,0.1785651292,3.7636429773,3.560089869,0.1512527204,0.1168426934,0.1165164665,0.385,0.1920559797,0.9406843433,0.0010362227,0.0004955848,0.291,0.273,80.2270127323241,19.3139104725965
"51678",0.1022373265,0,30.29468466,NA,0.1189248895,0.0476744186,NA,7.8,0.1812115386,3.8438566653,3.7298824987,0.2015453554,0.1230424575,0.121574214,0.335,0.1873871422,0.7996307867,0.0045137464,0.0015045821,0.267,0.204,101.767045980202,101.767045980202
"51680",0.1168188412,0.0011902972,17.290632988,35.7,0.1403762331,0.0499651259,8577.26,6.6,0.1857553404,3.8738870256,3.7968835368,0.1705001284,0.1224108244,0.123442546,0.358,0.1986245389,0.7811639848,0.0033144838,0.0015433856,0.288,0.233,82.820584679865,10.457144530286
"51683",0.1589043988,0.0011253711,11.493151997,NA,0.1921248143,0.0811559093,8384.48,9.8,0.1512070627,3.1008618323,3.1301070956,0.1774487918,0.0946229702,0.0974921739,0.363,0.1489281996,1,0.0023050783,0.0014020579,0.313,0.212,34.3099706370484,11.1706881143878
"51685",0.1899723375,0,5.0871168765,31.2,0.2267175573,0.0953970904,8013.04,9.1,0.1703350879,3.2401507835,3.1551482599,0.1738611095,0.1016704736,0.0999035161,0.372,0.159735844,0.917816857,0,0,0.329,0.22,12.8164049983979,12.8164049983979
"51690",0.1208707998,7.32869e-05,30.78050568,45.86,0.1526962093,0.0448777468,9315.59,5.9,0.2095358652,4.2277496543,3.8564417211,0.1231741795,0.1308505792,0.1270733787,0.411,0.1964408395,0.9759785833,0.0026256291,0.0017504194,0.326,0.262,159.309820837725,14.7055219234823
"51700",0.107501558,0.000592154,10.910985004,34.44,0.1328530908,0.0413793103,8798.43,7.1,0.1786994354,3.5748785473,3.6056574813,0.1608574414,0.1131973599,0.1134981148,0.409,0.2037026476,0.9175460245,0.0009892602,0.0009291395,0.322,0.222,68.5338328688262,12.7929821355142
"51710",0.130062553,0.000998405,10.714590106,46.26,0.1593678206,0.0457981768,9451.11,6.5,0.1686723924,3.6602083135,3.6117750849,0.1864252386,0.1166887461,0.1169173217,0.387,0.1904609194,0.960523552,0.0014953469,0.001234578,0.323,0.225,63.7775871988884,11.6699414874562
"51720",0.113395827,0.002792587,15.23229246,86.71,0.1394406161,0.0371621622,11227.77,7.6,0.1689034166,3.8936839265,3.7007281032,0.1629761427,0.1182078065,0.1193759891,0.356,0.1926495159,0.9858514401,0.0027288514,0.0044653932,0.289,0.255,42.2511407808011,67.6018252492817
"51730",0.122088055,0.0006774025,15.703420882,54.17,0.1511858688,0.0366042517,9624.46,3.8,0.2423018558,4.3750565035,3.9641600792,0.1171465388,0.1409372471,0.1327192132,0.456,0.2197647878,0.9333744602,0.0024464084,0.0007645026,0.432,0.275,84.4838244384917,16.4846486709252
"51735",0.0740022456,0.0005804793,6.6340492578,34.72,0.0851212037,0.0463029433,9660.53,9.3,0.1008526879,2.7564543514,2.8981921906,0.1886472883,0.0787647186,0.0885858922,0.316,0.1299624162,0.5134156379,0.0004150066,0,0.303,0.221,71.9743107075629,63.6695825489979
"51740",0.1159928604,0.00053014,11.01859648,33.89,0.1461923004,0.0367781952,9144.55,6.8,0.1881689978,3.8008269476,3.510433484,0.1464962884,0.1178955019,0.115257013,0.381,0.1980806594,0.9051551787,0.0018332569,0.0009791259,0.372,0.278,76.1853077155888,14.263002814334
"51750",0.0921888149,0.0006320749,14.365339309,39.49,0.1040066623,0.0386694387,9057.98,6.4,0.2142417431,4.6423193436,4.1910879706,0.1833812009,0.1460295905,0.1398570208,0.366,0.2331962183,1,0.0011334013,0.0007367109,0.305,0.198,55.2044468133709,49.4936419706084
"51760",0.1450408389,0.0010395435,14.980321305,41.67,0.1713059277,0.0488081446,8803.83,6.2,0.1818997835,3.6761846576,3.6395029996,0.1819141176,0.1216601355,0.1218950746,0.39,0.1975457972,0.8784167589,0.0024695552,0.0013495339,0.301,0.213,44.6082938159295,9.98016065034356
"51770",0.133745028,0.000900928,17.217734266,42.48,0.1641019863,0.0479224744,9005.96,7,0.1788803821,3.7384247229,3.7213215719,0.1528543879,0.1154689434,0.119277957,0.378,0.1913362919,0.8800498805,0.0020215633,0.0014885143,0.323,0.252,84.285164807599,17.3921768650601
"51775",0.1006119697,0.0013368984,21.626297578,35.37,0.1199390961,0.0454279587,8545.68,7.8,0.1375752125,3.4379822653,3.271300361,0.1735056828,0.1000907575,0.1038098891,0.343,0.1553523629,0.8496492218,0.0067495978,0.0036494918,0.289,0.219,124.24147311153,27.4639045825487
"51790",0.1143197058,0.0005733945,23.345347313,38.54,0.1359897901,0.0464098074,8601.29,8.1,0.1547677429,3.6672859374,3.5601920661,0.1524115062,0.1095668816,0.1135370136,0.338,0.1705667507,1,0.0048088679,0.0007743092,0.296,0.238,132.302194579702,20.4591022545931
"51800",0.0890096058,0.000975488,12.817458967,43.72,0.1094004743,0.0399434429,9212.27,7.6,0.1551455431,3.3549389971,3.2481282465,0.157149175,0.098907369,0.1031428788,0.377,0.1618408392,0.7127977774,0.0004838375,0.0006796765,0.344,0.261,43.5210414774447,9.83953981229186
"51810",0.0928470385,0.0007509746,7.2446962418,44.26,0.1106452674,0.0451944864,9750.53,8.6,0.1217807965,3.0208690018,3.0722830945,0.1988852724,0.0876318035,0.0955296529,0.352,0.158082418,0.9041585045,0.0012883055,0.0007117832,0.286,0.216,55.6650424270843,13.344864475897
"51820",0.1248086192,0.0010702154,20.008375599,40.21,0.1542645436,0.0507134593,8592.5,8,0.1603326404,3.6282479562,3.5486331916,0.1595495033,0.1109830958,0.114251289,0.343,0.1817350791,0.6934685328,0.0012168866,0.00014041,0.316,0.254,77.2272334115903,20.0790806870135
"51830",0.1295805207,6.64364e-05,13.951634334,31.71,0.1461446503,0.0635294118,8239.82,7.4,0.1640248518,3.5987866128,3.457447119,0.1852571431,0.1095069602,0.1112769028,0.341,0.16607924,1,0.0004764822,6.80689e-05,0.271,0.221,53.3843450408168,48.9356496207487
"51840",0.1608479362,0.0028588184,20.524849729,71.68,0.1955676988,0.064871079,8920.9,8.3,0.1764522632,3.7790809935,3.5525570341,0.1654386248,0.115236497,0.114779407,0.358,0.1767322294,0.9342823341,0.0042115964,0.0046835857,0.296,0.215,57.078318739905,15.787620076995
"53001",0.1441547717,0.0005713099,13.503687545,26.31,0.2030825902,0.0536177573,7835.05,9.1,0.2489494919,4.5074977939,3.9977218612,0.1634128573,0.141860083,0.1280011378,0.317,0.162025013,0.4452691158,0.0013556494,0.000573544,0.356,0.219,17.3397374763746,17.3397374763746
"53003",0.0712547793,0.000859534,11.309658448,35.12,0.0864670471,0.0291489362,7677.42,7.7,0.1564778156,4.2212134493,3.8208203153,0.1781876779,0.1177339761,0.1143907288,0.308,0.1552389899,0.7323220645,0.0021181667,0.0004506738,0.319,0.22,52.5525525525526,24.024024024024
"53005",0.0737401543,0.0006936088,8.8802946787,48.19,0.0936205026,0.0304772089,9063.4,8.3,0.1416256249,3.5089676499,3.4829997298,0.2043814744,0.1043017452,0.1095620165,0.302,0.1373291907,0.8231560079,0.0014960909,0.0007346396,0.298,0.168,12.7962193307051,16.3020328459668
"53007",0.096897834,0.0011765639,14.938395643,25.75,0.1199641486,0.0417958311,7724.39,8.5,0.1518673706,3.8352371084,3.7531706204,0.1678676703,0.1107922035,0.1115418753,0.275,0.1314002304,0.8345824189,0.0018233496,0.0010725586,0.252,0.168,37.5159994703624,15.0063997881449
"53009",0.0949485591,0.0009117383,10.478186321,23.25,0.1131497691,0.0405010125,7687.81,7.3,0.1405783536,3.772686644,3.9193479842,0.1642171761,0.1085112049,0.1158559747,0.275,0.1489986855,0.7896616436,0.002227876,0.0008388916,0.273,0.188,49.8253846746176,27.6304405922879
"53011",0.0694131588,0.000655067,7.0729822958,40.7,0.0883008147,0.0245456154,8130.35,8,0.1240196974,3.5110495016,3.6999944222,0.1884461033,0.1035297233,0.1071913928,0.318,0.1472255447,0.9603397569,0.002281556,0.0005077515,0.284,0.175,36.6600581769715,16.4788776359852
"53013",0.0742957746,0.0007606491,20.283975659,47.91,0.0878346642,0.038107753,8480.29,7.2,0.1580283984,3.9961928213,3.8781437103,0.1527846954,0.1224868298,0.1215334737,0.276,0.1672908644,0.6584109858,0.0017565872,0.0007528231,0.347,0.256,67.4138366899806,67.4138366899806
"53015",0.0799841829,0.0006765377,10.051416863,32.71,0.1000595494,0.0288564597,8187.2,7.2,0.1577796855,4.1807106097,3.9569598769,0.1807395177,0.1201988225,0.1178991716,0.293,0.1737523153,0.7903817987,0.0017917813,0.0006168427,0.313,0.205,57.9223261606186,20.2728141562165
"53017",0.1123521878,0.0002960478,8.6347264025,24.73,0.1440674322,0.0430107527,7961.19,7.6,0.1654623021,3.9351092083,3.6935987175,0.1836083432,0.1201931057,0.1143153402,0.298,0.1654505898,0.7166610289,0.0003266003,0.0002763541,0.307,0.181,22.1920848230798,14.7947232153865
"53019",0.1187826087,0.0006594566,9.2323925086,38.21,0.1381401617,0.0565642458,7755.87,5.1,0.1949410399,4.7602070823,4.3592759692,0.1701184417,0.1412109435,0.1351742841,0.309,0.1946580154,0.6685207257,0.002347724,0.0013042911,0.294,0.207,26.2432751607401,26.2432751607401
"53021",0.1260549539,0.0002927697,6.6436204353,40.47,0.1783245222,0.0379865145,8483.54,8.8,0.2057627438,4.0407692587,3.9455962667,0.1848740313,0.1287009213,0.1189051029,0.335,0.158464637,0.5482389366,0.0010249519,0.0004213691,0.305,0.192,5.99754100818664,8.24661888625664
"53023",0.0563636364,0.0004506534,13.519603425,NA,0.064807219,0.0345572354,7828.03,4.8,0.1377764952,3.705516458,3.6944892606,0.1746720377,0.1108037287,0.1153946004,0.279,0.1606482571,0.7436010591,0.0004514673,0.0018058691,0.339,0.205,14.9678191887442,0
"53025",0.136449676,0.0004825272,9.7577713679,28.54,0.1858766543,0.0434040478,7696.83,8.2,0.2000568989,4.4235625771,3.8762148474,0.178924479,0.1322858264,0.119955996,0.286,0.1623804538,0.5262118492,0.0015030006,0.0006012003,0.347,0.224,17.1457964222438,8.93010230325199
"53027",0.1034375571,0.000365569,12.935519249,40.13,0.1264519338,0.0413937647,8239.55,6.8,0.1639219288,4.0467564982,4.0520604546,0.1796988516,0.1186488771,0.1208499453,0.335,0.1869990751,0.7270766652,0.0012426219,0.0007342766,0.366,0.207,30.9035061432424,23.411747078214
"53029",0.0620902046,0.0003970568,9.4300993883,31.22,0.0730275551,0.0300012932,7027.26,7.8,0.1142231908,3.275367248,3.3397042851,0.1824265662,0.0942395345,0.1008172702,0.286,0.1391721038,0.8592719028,0.002623778,0.0005045727,0.304,0.165,27.6284102530268,17.7316662817933
"53031",0.0742439516,0.0008862338,11.488216372,20.51,0.083715957,0.0377948965,7088.9,7.5,0.1163515628,3.2851946414,3.5856765839,0.1636197208,0.0977264794,0.1063040926,0.281,0.1354326559,0.74066015,0.0027457986,0.0009593754,0.29,0.14,40.2905273703353,33.7569283373079
"53033",0.06484248,0.0011860424,9.2436677097,27.53,0.0784921109,0.0226443336,7958.17,8.2,0.1016291524,2.8404675786,3.1448902301,0.2200571004,0.0803402265,0.0919954506,0.294,0.1011553726,0.9806146178,0.0029385082,0.0007226076,0.223,0.13,27.3827481124337,12.3521717607296
"53035",0.0578702712,0.00063814,8.4188351254,26.13,0.0683011367,0.0287079633,7839.36,7.8,0.1192345869,3.2286398447,3.5244350702,0.1928671125,0.0965040162,0.1028313239,0.31,0.1376221199,0.9030394253,0.0022267422,0.0005979944,0.303,0.153,30.5470880795764,17.8405262313493
"53037",0.088673083,0.0006240033,9.7067184358,36.44,0.10427679,0.0347082495,7457.09,6.8,0.1497030798,3.6904377493,3.7651051954,0.1922610318,0.1139789128,0.1167654049,0.308,0.1613981054,0.7214224612,0.0012934481,0.0005644137,0.3,0.209,31.3798724905669,15.3072548734473
"53039",0.0962822319,0.0006658423,10.93883763,39.02,0.1136065574,0.0468785731,7900.37,7.2,0.1536203331,3.7462101385,3.6605473097,0.1835240749,0.1091138541,0.1124517124,0.301,0.1513185179,0.6735899203,0.0013422175,0.0007669814,0.309,0.207,45.8947901500285,20.5735266189783
"53041",0.090889331,0.0004480641,10.147334019,37.52,0.1120977709,0.0351859492,7801.2,7.3,0.1570716434,4.3365369333,3.8591007489,0.1733368478,0.119711136,0.1163824722,0.292,0.1758052337,0.6000530117,0.0017570014,0.0007453945,0.336,0.217,26.7454708079763,18.8533646679177
"53043",0.0688630491,0.000581339,21.315763976,46,0.0815404086,0.0390725633,9113.38,6.7,0.1374686831,3.6710153057,3.760349193,0.190363016,0.1089272725,0.1128280208,0.278,0.1470389582,0.3628192999,0.0004878049,0.000195122,0.304,0.24,32.3404805795414,32.3404805795414
"53045",0.1067817889,0.000245809,7.046523442,35.23,0.1278173366,0.0456545198,7685.81,7.9,0.1587988882,4.1771892815,3.8436755654,0.20443643,0.1163877852,0.1151672938,0.33,0.1675789954,0.6767327304,0.0008400455,0.0003459011,0.329,0.229,38.0575430050236,21.7471674314421
"53047",0.1449681372,0.0008430485,11.802678485,40.15,0.1804455981,0.0593737292,7605.12,7.5,0.1958195635,4.5178904059,4.2088177723,0.1769644065,0.1354247233,0.1318070663,0.31,0.1948070232,0.719844358,0.0024461129,0.0011382901,0.322,0.183,38.5976198134448,20.1029269861692
"53049",0.1046322633,0.0002398312,17.747505756,43.81,0.1208377147,0.0512457531,8284.07,6.7,0.1594951882,4.2053044579,3.9755040888,0.1576580685,0.1252691949,0.1238469267,0.325,0.1691001066,0.6595602294,0.0018967949,0.0003404504,0.309,0.233,55.8587889814549,20.7475501931118
"53051",0.0757652288,0.0003820293,9.9327628362,45.57,0.0902419136,0.0364312268,8138.86,6.3,0.1660331905,4.121584129,4.0063920226,0.1584857111,0.1248414233,0.1247654818,0.293,0.1698223145,0.6572571341,0.001232191,0.0007701194,0.342,0.186,71.4358608021227,73.9871415450556
"53053",0.0732305375,0.0007026449,7.3463719587,37.41,0.0918360702,0.0255892321,8206.36,7.4,0.1357611581,3.8090401104,3.7639478837,0.1863528504,0.11000046,0.1110606791,0.352,0.1455220948,0.8964833852,0.0034726563,0.0008810859,0.312,0.185,32.5556500606576,18.4849877463056
"53055",0.1058381089,0.0006768398,17.228648782,15.55,0.114830934,0.072587532,7262.02,8.6,0.1134862694,3.2488148648,3.5802802879,0.1885087399,0.0978732972,0.1061528134,0.24,0.1275509633,0.8458367683,0.0034342804,0.0003746488,0.195,0.136,39.0898243015266,20.5735917376456
"53057",0.0978462929,0.0008207081,11.243701065,36.01,0.1216983531,0.0362427622,8210.37,7.9,0.1362857187,3.4422101784,3.6010157017,0.1848467766,0.1062152781,0.1110261563,0.321,0.1456088582,0.7286165217,0.0026585802,0.0007726499,0.277,0.17,36.62282859423,15.5783673870978
"53059",0.0699686385,0,7.9372078667,39.84,0.0792743894,0.0433684211,7123.24,8.1,0.1422594651,3.6707271406,3.7261932999,0.1907661147,0.1066519329,0.1108485635,0.312,0.1536218132,0.6147659498,0.0011463845,0.0001763668,0.309,0.172,17.5495042265056,26.3242563397584
"53061",0.0702118851,0.0005113262,7.2103466533,28.26,0.0855742555,0.0285781061,7993.94,8.3,0.1259179145,3.6268197116,3.325657867,0.183693308,0.1022294111,0.0986324046,0.329,0.1295194407,0.9468440494,0.0023012627,0.0004226003,0.29,0.168,30.4349175584471,15.476112469522
"53063",0.0636718837,0.0008840094,9.8992758863,33.92,0.078027226,0.0255090763,8613.73,7.6,0.1314342892,3.6332106939,3.8112160697,0.1803749475,0.1077500565,0.1140366842,0.302,0.1539055628,0.8723146889,0.0022278751,0.0011356175,0.291,0.175,39.3397701336535,18.9916131679706
"53065",0.0854322868,0.0006850723,10.047726702,44.17,0.1031983806,0.0405,7548.07,6.6,0.1508210597,4.2016198703,4.0243618859,0.1681962902,0.1226074645,0.121761256,0.297,0.1713398666,0.5175162528,0.0023596793,0.0005498282,0.298,0.217,37.1549893842887,19.7148923263573
"53067",0.0661136721,0.0009757509,9.5720052238,29.78,0.0796482034,0.0289407044,7346.8,7.7,0.1300606782,3.4628829537,3.5661327388,0.1915218981,0.1024496933,0.1064250984,0.293,0.1450262953,0.8953318745,0.0018017611,0.0006206484,0.297,0.154,39.4764923656165,17.7644215645274
"53069",0.0824255628,0,14.844136566,NA,0.0947775629,0.0476839237,7272.56,5.2,0.1416781278,3.8850798956,3.6348401095,0.1555263224,0.1130321058,0.1133133636,0.283,0.1412531069,0.5268979387,0.0029505778,0.000491763,0.326,0.23,8.16459830176355,8.16459830176355
"53071",0.0903053285,0.0012264245,8.9495840101,27.63,0.1116877599,0.0365252465,7677.35,8.1,0.1556558382,3.8568387639,3.5711604781,0.1952715279,0.1135922188,0.1111166522,0.283,0.1450724622,0.7560946564,0.0021723147,0.0007519551,0.293,0.169,29.9132515704457,16.0645239915357
"53073",0.0910898393,0.0008714741,11.588249703,32.17,0.1074098738,0.0412760119,7240.87,7.5,0.1283512837,3.7511940648,3.7028356907,0.1973077663,0.1098389377,0.1119470033,0.244,0.141135658,0.8700805409,0.0035756968,0.0006527446,0.254,0.147,34.3564441864661,14.9034803548597
"53075",0.0602180871,0.000601947,9.5481246238,49.13,0.0680855356,0.0304273052,8773.55,6.4,0.1596304737,4.115769964,4.1392679189,0.2115065714,0.1274908719,0.1274001266,0.313,0.1622608521,0.7817804181,0.0013667329,0.0004057488,0.272,0.172,27.8057766500991,10.4271662437871
"53077",0.1547761399,0.0006671221,8.2385564442,44.15,0.2091987599,0.0505602371,8027.67,8.6,0.2346791169,4.4974210029,4.0938452327,0.1689510125,0.1381063513,0.1294406022,0.327,0.1688509254,0.6927858702,0.0022003577,0.0007469104,0.321,0.22,31.2268395355912,14.742284759292
"54001",0.0829901313,0.0004190613,8.9798850575,62.07,0.10098781,0.0335132065,9747.14,7.6,0.2447034801,5.1929095795,4.8714312494,0.1131045634,0.1591861096,0.1542984408,0.375,0.2617838506,0.2055578998,0.0004771561,0.0006560897,0.393,0.312,41.7486729886086,19.880320470766
"54003",0.0731168151,0.00045576,8.5790118051,59.19,0.0899072764,0.0301439767,8641.07,7.8,0.2012414927,4.5618076011,4.4416431539,0.1216998187,0.138521486,0.1369954692,0.384,0.2323324531,0.6092119537,0.001393703,0.0005973013,0.35,0.276,36.317846649381,20.5404214656335
"54005",0.073857404,0.0003422899,8.1293855896,112.1,0.090076661,0.0297551789,11620.07,7.5,0.2460529278,5.4601434829,4.9932688648,0.1111829043,0.1634991397,0.1530895924,0.368,0.245135806,0.3287587803,0.0001265075,0.0007590453,0.369,0.304,67.2369889273554,21.4586134874539
"54007",0.0894404332,0.0005549775,11.099549081,69.32,0.1069402535,0.0385402456,9184.72,7,0.2277193548,5.0610355506,4.782440847,0.1097895387,0.1540115202,0.150588944,0.366,0.2299268966,0.3128830132,0.0003457097,0.0005531356,0.346,0.289,64.5920321114674,11.5342914484763
"54009",0.0597229407,0.0002141328,14.132762313,100.21,0.0695587135,0.0284438176,13157.9,7.7,0.2012373389,4.7828477562,4.707641984,0.1242797417,0.1385880648,0.1396521694,0.343,0.2066902428,0.4581411774,0.0001274968,0.0001274968,0.367,0.289,81.59525888601,14.3149576993
"54011",0.0728332119,0.0016314898,14.043203503,56.65,0.089173735,0.0243034676,9485.19,7.4,0.2083228693,4.8325740689,4.5229000344,0.1240059079,0.150711027,0.1466626498,0.364,0.2635418706,0.9086576896,0.0019462666,0.001719717,0.32,0.253,96.226805545975,21.038835621163
"54013",0.0886379192,0.0004016064,5.3547523427,97.54,0.1044439432,0.0398110661,11679,7.1,0.2295487469,5.1104742276,4.8478496905,0.1110585746,0.1552485443,0.1523007081,0.376,0.2435116802,0,0.0001331026,0.0014641288,0.335,0.273,26.882924862225,26.882924862225
"54015",0.0926754263,0,4.4893378227,58.97,0.1147319707,0.0354541039,10286.46,6.6,0.267698942,5.7270081589,5.206790591,0.1056361204,0.1763831403,0.1658609038,0.378,0.2476324044,0.0812912849,0.0003355329,0.0007829102,0.375,0.312,63.6465743167353,74.878322725571
"54017",0.0655548217,0.0002446184,7.3385518591,74.39,0.0756895446,0.0328542094,8473.79,8.5,0.201141217,4.6980865052,4.5375476315,0.1231284424,0.1403930973,0.139688278,0.362,0.2268484669,0.0753474762,0.0001191753,0.0001191753,0.392,0.268,8.00640512409928,8.00640512409928
"54019",0.082258436,0.0004889215,11.778563015,101.84,0.1010946052,0.0308251168,11036.35,7.1,0.2524012172,5.4354578224,4.996273231,0.1165269977,0.1606698201,0.1548203701,0.388,0.2645607095,0.4878255392,0.0003323584,0.0011078614,0.402,0.309,92.9699818522595,20.8252759349061
"54021",0.095265813,0.0004695938,10.565860531,78.69,0.1122780695,0.0367346939,10384.82,7.4,0.2582701311,5.1396640804,4.8201713206,0.1302455509,0.1632697765,0.1522445114,0.399,0.2649627628,0.0975497527,0.0001160362,0.0003481086,0.378,0.269,19.6966712625566,23.636005515068
"54023",0.0769316163,0.0005949346,11.898691144,78.02,0.0909628753,0.0362410451,8126.05,7.4,0.2318277462,4.8271163975,4.5740490251,0.1098263333,0.146112913,0.1433554372,0.338,0.2079795214,0.5130267236,0.0005989561,0.0001711303,0.373,0.299,45.473923546966,65.3687650987637
"54025",0.0770358963,0.0013233472,16.330667868,81.21,0.092475421,0.0313253012,10416.76,7.4,0.2245204965,5.0055569674,4.8131736436,0.1150801857,0.1518538957,0.1492181614,0.363,0.2345273918,0.4548478016,0.0008744711,0.0011565585,0.326,0.292,73.415219539743,19.7656360299308
"54027",0.0940025287,0.0002141053,8.5642101657,74.99,0.1106925529,0.0430292599,8786.84,6.3,0.2335534302,4.9735928224,5.0145241277,0.108758736,0.1558621944,0.1560976417,0.363,0.241170368,0.176806877,0.000468424,0.00042584,0.38,0.261,27.0898384590159,15.6835906867987
"54029",0.0702560177,0.0006708033,15.093073956,109.97,0.0841492754,0.0274688237,12305.19,7.3,0.2200889537,4.7841617563,4.6346274148,0.123706042,0.1428716643,0.1421337633,0.343,0.2276554078,0.7155104968,0.0010626993,0.0006973964,0.397,0.295,71.4947998704157,25.6934437034306
"54031",0.0973135965,0.000288767,12.272596015,71.2,0.1157165431,0.0435691879,8853.69,7.1,0.2222903156,4.8115162337,4.7239391114,0.1126552145,0.1472338943,0.1465962751,0.366,0.2121799211,0.3587165775,0.0005027652,0.0010055304,0.365,0.294,52.8033794162826,38.4024577572965
"54033",0.0656143942,0.0011496929,17.027097826,72.72,0.0796316096,0.0272434845,9911.73,7.9,0.1953958663,4.7627883079,4.7316588152,0.1192516041,0.1421889523,0.1421251416,0.352,0.2441944221,0.6842790778,0.0016288303,0.0011779933,0.344,0.298,44.2015786278081,20.8864602307225
"54035",0.0705827228,0.0003420324,10.603003044,72.82,0.0851420964,0.0313935681,10404.91,7.8,0.2043808358,4.5267330405,4.5731240247,0.11411665,0.1396782596,0.1422431152,0.363,0.2304421495,0.3723939612,0.0003433359,0.0005150038,0.399,0.264,44.5637890647318,5.71330629035023
"54037",0.0693820165,0.0005311427,8.8523777487,58.45,0.0835627673,0.0331767688,8311.48,8.7,0.1782796961,4.2021482649,4.4112921856,0.1282106361,0.1268244273,0.1332999506,0.346,0.2092146629,0.666211821,0.0005205248,0.0004307792,0.345,0.219,30.8490000771225,13.6447500341119
"54039",0.0681993151,0.0013062039,17.893931992,59.31,0.0833303868,0.0241735433,10118.36,7.5,0.2092909952,4.7671909384,4.6040030803,0.1110531015,0.1430746561,0.1422042067,0.368,0.2286184278,0.736795761,0.0014509286,0.001734806,0.361,0.267,90.4751450081091,23.5483254130695
"54041",0.073129513,0.0006687743,16.41536965,97.55,0.0878574389,0.0322396576,8799.47,7.7,0.2292261302,5.0927797989,4.9461135973,0.1149862458,0.1543253815,0.1527964797,0.367,0.2347108287,0.555094063,0.0014012428,0.0009747776,0.387,0.3,50.8429765512192,12.2023143722926
"54043",0.0825892857,0.0003268737,5.6035489143,96.36,0.1005464481,0.0344121262,10933.18,7.6,0.2617583903,5.4593186202,4.9756804876,0.1080073284,0.1675606218,0.1577748191,0.378,0.2630609924,0.0506906077,0.0003246603,0.0005101804,0.385,0.284,74.757039621231,9.34462995265388
"54045",0.0808483152,0.0004610021,8.3556631227,144.62,0.098280569,0.0298202614,12682.03,7.5,0.2676013222,5.5402177699,5.4214366686,0.1105999212,0.1627958376,0.1596950909,0.409,0.2615688242,0.5206161718,0.0003394817,0.0009052846,0.413,0.376,61.6837742759385,23.1314153534769
"54047",0.0944475885,0.0005041593,7.5623897151,99.6,0.1159869358,0.0304848776,11212.23,6.7,0.299293835,6.03808162,5.4709650727,0.0996893462,0.193299455,0.1791973689,0.418,0.2866076716,0.4085379641,0.0003423318,0.0008313772,0.458,0.383,58.8987614431879,38.7049003769521
"54049",0.0692107813,0.0005797101,16.512955643,86.07,0.083728278,0.0266757285,11001.75,7.8,0.191943485,4.3829452932,4.558697193,0.1248424757,0.1347019189,0.1411083447,0.353,0.2041378635,0.6291254564,0.0008450258,0.0004929317,0.342,0.246,53.4457848307942,15.2702242373698
"54051",0.0603239027,0.000375258,13.759459628,94.66,0.0716061135,0.0274977085,9722.18,7.5,0.1892664766,4.4635763602,4.5114632135,0.1194505064,0.1341769881,0.13743307,0.362,0.2098097634,0.5577974446,0.0001542448,0.0002467917,0.396,0.269,48.8631519851955,14.5549814423987
"54053",0.0693134666,0.0005547953,14.794540814,86.91,0.0833652496,0.0304898938,10005.58,7.3,0.2075189906,4.861581398,4.7469397839,0.1143782568,0.1502086207,0.1504218525,0.363,0.2409683106,0.3059947299,0.0001110453,0.0003331359,0.396,0.31,37.0929053636341,12.364301787878
"54055",0.0763952615,0.0006539795,14.060558498,70.23,0.0941506523,0.0262751159,9719.92,7,0.2516830822,5.2336626694,5.0155005791,0.1081032887,0.1602255065,0.1564567297,0.384,0.2399060299,0.5737344212,0.0010034798,0.0014728494,0.384,0.321,95.9562090754946,22.8986408021067
"54057",0.0678022238,0.0002914284,13.842847255,77.37,0.0813260649,0.0293594306,10679.98,7.3,0.2140808442,4.6701204512,4.848878068,0.1157846268,0.1465625755,0.1501516654,0.337,0.2385408215,0.5106692188,0.0006526942,0.0001813039,0.339,0.26,57.011159631247,26.6860747210092
"54059",0.0887708649,0.0003163056,11.070694291,194.5,0.1089661365,0.032729805,12193.83,7,0.2834043944,5.9964768874,5.3445709576,0.105279802,0.1759150364,0.1633268131,0.394,0.2586892677,0.3927493573,0.0008943848,0.0005832944,0.383,0.38,34.3665322847135,18.505055845615
"54061",0.060900183,0.0012375763,10.361103649,53.06,0.0691078466,0.0286946521,10200.17,7.2,0.1996419941,4.5247280578,4.4519393819,0.1706881185,0.1422054,0.1417943532,0.348,0.2140832142,0.8119535498,0.0018750664,0.0023003393,0.302,0.205,28.1761392925868,12.1669692399807
"54063",0.087962963,0.000444247,9.6253516955,85.95,0.1056687565,0.0391534392,10586.04,8,0.2175665449,5.0778899881,4.6129652365,0.1121880415,0.1462102202,0.1423488818,0.358,0.2204800059,0.278773515,0.0002945074,0.0003681343,0.32,0.282,74.1509713777251,93.9245637451184
"54065",0.0870998462,0.0005135814,15.978087195,52.24,0.1008524088,0.0439753738,9386.75,7.8,0.2061740354,4.8986208765,4.7666326469,0.1149439632,0.1412086228,0.1419578193,0.364,0.2105494101,0.7185451229,0.0004583739,0.0003437804,0.384,0.253,64.6277252941512,22.8097853979357
"54067",0.0745835995,0.0008986481,12.893646949,77.55,0.089156468,0.0330057482,9551.86,7.8,0.2306272446,5.4095749929,4.8202359658,0.1165438669,0.1564959814,0.1472113954,0.346,0.237770085,0.4537414707,0.0005420684,0.0008131026,0.41,0.315,70.3748110306,24.7615075848407
"54069",0.0613528942,0.0017182929,21.826963266,75.1,0.0732802613,0.0269031955,10066.75,7.5,0.2050997982,5.1112857681,4.6630004112,0.1252133285,0.1482304222,0.1429064781,0.343,0.2186504733,0.8163715321,0.0021233383,0.0023772157,0.361,0.26,78.3492359010162,17.8419052051819
"54071",0.084289746,0.0004149952,11.066537557,81.3,0.0973625832,0.0438729198,8963.71,6.6,0.2203713588,5.0739530374,4.799699905,0.1043058809,0.1535290605,0.1491036377,0.378,0.2194209277,0.7689408707,0.0005426672,0.0008140008,0.385,0.312,78.5183132418826,73.8995889335365
"54073",0.055062167,0.0002606203,18.243419338,60.34,0.0648036618,0.028957529,10487.53,7.9,0.2106263331,4.7896125086,4.5039445519,0.1247119808,0.1428051467,0.1390151505,0.36,0.2255410892,0.6327416174,0.0005239717,0,0.358,0.265,48.0370321848116,61.1380409624874
"54075",0.0856692913,0.000464738,12.780295109,49.6,0.0995893224,0.0408945687,10079.52,6.6,0.2088376975,4.8612171004,4.6428488291,0.1139252351,0.1467298177,0.143563875,0.341,0.2175055293,0.9599724739,0.0003463403,0.0005772339,0.326,0.248,34.9243306169965,34.9243306169965
"54077",0.073779131,0.0003535651,10.017678256,60.56,0.0876636874,0.0335420394,10517.28,7.7,0.1831605585,4.3098751244,4.4122143365,0.1282139289,0.1340304755,0.1376826736,0.358,0.2219578516,0.2093675418,8.87889e-05,0.0006215224,0.346,0.276,31.5314427605778,20.6925093116292
"54079",0.0559051255,0.0010906276,11.08218407,57.7,0.0675687575,0.0264880952,9932.47,8.4,0.176869782,3.7803167256,4.3243554219,0.1164539,0.1171123475,0.1289712862,0.333,0.2041273626,0.5901488664,0.0006165228,0.0003522987,0.358,0.242,64.4938115256304,11.7261475501146
"54081",0.0810892384,0.000941814,11.353373758,89.12,0.0976639589,0.0370238307,11249.19,6.8,0.2353795732,5.1995108718,4.8195057188,0.1034104979,0.1574937484,0.1466790109,0.374,0.238401873,0.4632064825,0.001137511,0.0019427155,0.387,0.299,48.2027268971216,24.5317449387137
"54083",0.0823434764,0.0006866717,11.330083087,48.67,0.0989052712,0.0345135908,9902.55,7.9,0.2110359502,4.7008766644,4.5349993013,0.1242714433,0.1414529147,0.1423637354,0.37,0.231652215,0.8406733549,0.0010873628,0.0011213429,0.34,0.301,33.1197679332123,17.1309144482132
"54085",0.0873246556,0.0002003606,15.027048688,49.93,0.1023013607,0.0432248664,9162.08,7.7,0.22537148,5.1146683521,4.8468591484,0.1140174418,0.1545938089,0.1513487873,0.355,0.2429331173,0.2582065269,0.0004994506,0.0008990111,0.419,0.299,33.4806481853489,33.4806481853489
"54087",0.0955696753,0.0004849325,6.927606512,67.29,0.1167632793,0.0372923848,9861.21,6.9,0.2490657202,5.3606849248,4.9713114886,0.1072830325,0.1651002575,0.1567836913,0.381,0.247938209,0.3372638349,0.0003409711,0.0007501364,0.357,0.267,41.5637194910753,25.4000508001016
"54089",0.079961361,0.000377672,9.8194727698,71.19,0.0948750529,0.0344680851,9825.05,7.7,0.2282549646,5.1495612611,4.8411715315,0.1091894987,0.1547788909,0.1507955914,0.382,0.22139085,0.5544625547,0.0004471939,0.0008943877,0.343,0.264,98.6642380085003,15.1791135397693
"54091",0.0689371257,0.0002956481,13.599810785,82.26,0.0819524855,0.0319908598,11107.65,8.4,0.2245234213,5.0378550335,4.6466476301,0.1171052269,0.1487063771,0.1432637501,0.373,0.2588120172,0.6285291506,0.0004101002,0.0004686859,0.369,0.287,39.33910306845,33.4382376081825
"54093",0.0717812381,0.0004306632,7.177720356,46.29,0.0809953647,0.0407166124,7614.42,8.4,0.2042161717,4.6853230489,4.6416925355,0.1108098573,0.14201995,0.1432938106,0.353,0.2264692858,0.9847360314,0.0002887253,0.0005774506,0.363,0.297,48.0330467361545,57.6396560833854
"54095",0.0675081549,0.0004456825,16.713091922,55.47,0.0800075301,0.0300875274,9654.49,7.5,0.2113954587,4.7497438344,4.7109332042,0.1159208625,0.1453389219,0.144914543,0.353,0.2220449244,0.6459600348,0.0002198285,0.0001099143,0.328,0.272,36.9754113514513,44.3704936217415
"54097",0.080948098,0.0004443008,14.540754504,43.11,0.0986964618,0.0319643549,7792.98,7.9,0.2110827651,4.7749974089,4.6501923207,0.1295570209,0.144015606,0.1432779029,0.357,0.222745488,0.5591654985,0.0006065262,0.0011726174,0.363,0.249,76.8743172346825,16.1840667862489
"54099",0.0742375238,0.0006101877,8.0544775573,70.07,0.090398012,0.0290225731,9811.52,7.7,0.2235861793,5.0918989194,4.9400086981,0.1127608918,0.1564779654,0.1523410302,0.408,0.2421647632,0.3912101881,0.0011186226,0.000632265,0.401,0.303,61.9780793319416,9.78601252609603
"54101",0.0912569915,0.0005711022,9.1376356368,70.93,0.1099901088,0.0374655647,11673.3,7.7,0.2638506647,5.5549254818,5.2059409761,0.1000157284,0.1714629089,0.1644962875,0.376,0.2587538794,0.5411841818,0.000226398,0.0014715871,0.375,0.331,45.7404230989137,53.3638269487326
"54103",0.0752723134,0.0005058169,17.7035913,55.48,0.0904243743,0.0324046033,10255.43,6.1,0.2369625136,5.2257427905,4.8094851316,0.1183775609,0.1564883652,0.1499712396,0.355,0.2419908052,0.4767533016,0.0008756567,0.0003752815,0.37,0.286,52.6937020487311,59.0169462945789
"54105",0.0722815839,0.000170068,8.5034013605,76.32,0.0854412591,0.0338582677,9838.8,8.2,0.2092913786,4.8726808133,4.6208544246,0.1209205088,0.1435232224,0.1422944754,0.369,0.2322883173,0.3365401434,0.0001710864,0.0011976048,0.39,0.291,5.70418116479379,5.70418116479379
"54107",0.0670705385,0.0008559663,19.432748809,62.23,0.0817998292,0.026200412,10808.09,7.6,0.205944682,4.9998668254,4.9426273946,0.1215568888,0.147321489,0.1495699736,0.365,0.2495785447,0.6828740972,0.0011248072,0.0008812923,0.365,0.258,57.2906182741588,18.1936422897667
"54109",0.0834585211,0.0002708681,7.2231501964,125.8,0.1000148832,0.0357439734,11965.59,7.5,0.248147182,5.2980662643,4.9695356552,0.1060297972,0.1563499112,0.1536139595,0.4,0.2521310984,0.2634896621,0.0002212585,0.0001327551,0.408,0.365,67.6569641568439,28.5662737551119
"55001",0.0839821604,4.96327e-05,8.9338892198,59.75,0.0910935085,0.0595744681,9102.68,8.4,0.1524995558,3.7870803723,3.5756943092,0.198913501,0.1107105008,0.1056998367,0.293,0.1681925065,0.3576047904,0.0002968093,0.0001978729,0.332,0.243,39.714058776807,23.1665342864707
"55003",0.0851098061,0.0015148646,17.673420438,63.74,0.100266489,0.0473159934,8406.74,7.2,0.1689744008,4.1433086009,3.8712417156,0.2303086705,0.1221528162,0.1176852615,0.301,0.2064008967,0.6230116977,0.0022977085,0.0007452028,0.331,0.226,77.6332354175409,20.9819555182543
"55005",0.0745229141,0.0010534864,16.89967737,62.41,0.0864428098,0.043409629,9465.16,8.5,0.1321727077,3.4313636394,3.4900641044,0.2269516882,0.1036202743,0.1037063255,0.299,0.1813423273,0.5788750818,0.0006379936,0.0008799912,0.343,0.224,89.4231474015979,12.46060250678
"55007",0.1015575763,0.0003338452,14.689190091,32.93,0.1082322459,0.0827312139,7945.7,7.7,0.139046736,3.6285369421,3.6946071255,0.2136331848,0.1101776531,0.1110591136,0.275,0.1670887619,0.5247102704,0.0018685352,0.0001334668,0.304,0.203,44.5901054555994,26.7540632733596
"55009",0.075637147,0.0007111991,8.7353798344,38.23,0.0899681173,0.041128121,8855.6,8.4,0.1361976538,3.2674970316,3.3827354566,0.2698901313,0.1015139185,0.1021072538,0.294,0.1720570258,0.8932288202,0.0014766042,0.0009311567,0.306,0.19,44.599755861452,17.0149357621724
"55011",0.0726923077,0.000151607,13.644633111,48.19,0.0770031217,0.0619747899,7852.29,8.3,0.1272527966,3.3848329487,3.4042637602,0.2288139367,0.1006114285,0.1012612928,0.293,0.1629108507,0.5737101641,7.58265e-05,0.0002274795,0.3,0.238,60.791813369133,60.791813369133
"55013",0.088159824,0.0001319348,21.109571871,57,0.0970897235,0.0623648161,9127.46,8.3,0.1515404339,3.9033048635,3.6505833695,0.1941241306,0.1155224485,0.1118042229,0.291,0.1762646577,0.5111599922,0.0012395616,0.0003914405,0.347,0.234,56.8927789934354,10.9409190371991
"55015",0.0432460052,0.0001406696,9.6459145533,32.89,0.0493206167,0.0298804781,8595.55,9,0.1174140369,3.0568331586,3.1820917332,0.24873481,0.0880999206,0.0918511045,0.297,0.147738823,0.733413653,0.000262674,0.0001212342,0.31,0.199,71.2336868137037,11.4242705267261
"55017",0.0671261553,0.0008184981,11.490453479,53.73,0.0757430751,0.045645972,9256.28,8.4,0.1219061364,3.2151539401,3.2204698962,0.243599547,0.0977280336,0.0981913748,0.297,0.1674269869,0.628711047,0.0006775922,0.0004569808,0.284,0.201,82.8787242971045,20.4574066302979
"55019",0.1774899414,0.0003774133,14.515894905,57.23,0.1634331166,0.1998823068,9207.54,8.7,0.1497292305,3.7606557537,3.5590056461,0.2135312005,0.1129523471,0.1091546014,0.293,0.1790765302,0.4484865956,0.0002614531,0.0004067048,0.332,0.237,77.3507372492144,10.635726371767
"55021",0.0533547157,0.0005110763,13.217489382,58.22,0.0611845616,0.033839779,7615.49,8.9,0.1206516613,3.1657956504,3.2347108526,0.2424841209,0.0929664994,0.0950700781,0.316,0.1606913522,0.6265022082,0.000865495,0.0006712002,0.369,0.193,59.3123293302405,22.9027806324691
"55023",0.0661204424,0.0008541273,12.811908974,70.26,0.0745168138,0.0444184687,8387.15,8.2,0.1383750284,3.4676863035,3.3863532402,0.2301688844,0.1040827851,0.1027119129,0.304,0.1711801973,0.2522230233,0.0008540752,0.0003660322,0.361,0.216,32.5839035516455,10.1824698598892
"55025",0.0535029864,0.0012604007,12.623103909,31.11,0.0621021353,0.0284898538,7616.34,8.3,0.1141256845,3.0418100467,3.2617806137,0.2635723051,0.0948378379,0.0971371336,0.296,0.1445362599,0.9511712387,0.0033024459,0.0011776464,0.24,0.146,43.1517311608961,13.0473523421589
"55027",0.0503440518,0.0005423606,11.525163273,41.05,0.0587572186,0.0284595853,7975.95,8.7,0.1365799016,3.4399438745,3.2879833571,0.2286417771,0.0981640955,0.0968373188,0.313,0.1686444889,0.7196565982,0.0007112697,0.0007338497,0.337,0.21,58.0816461998009,15.8404489635821
"55029",0.0694310999,0.0007984322,21.049575379,28.61,0.0763109836,0.047669717,7761.86,8.6,0.1127923168,3.0509975555,3.174134757,0.2122537623,0.0929487191,0.0961585801,0.283,0.1468790541,0.7166096815,0.001332565,0.0005402291,0.293,0.208,92.8751492636327,19.2987323145211
"55031",0.0665296686,0.000183482,13.302447192,43.6,0.0769697429,0.036309785,10093.09,7.7,0.1412367,3.4340623657,3.5405436962,0.2397358504,0.1061808871,0.1068876505,0.305,0.1878215201,0.695758509,0.0010297954,0.0005263399,0.313,0.156,71.8610482539294,17.5830224451104
"55033",0.0620667836,0.0006067825,12.360383846,55.39,0.0714861287,0.0352350824,9584.12,8.2,0.1404025888,3.531782929,3.4716467623,0.2379228426,0.105079888,0.1040132362,0.312,0.1693723872,0.4621155118,0.0013768198,0.0006545537,0.38,0.188,62.9185205159319,10.4864200859886
"55035",0.0579158461,0.001282993,12.927868371,51.68,0.0671087449,0.031441291,8917.4,7.9,0.13871232,3.3409124613,3.3570661343,0.2726552883,0.1043838175,0.102950319,0.283,0.1762647293,0.666869227,0.0025205782,0.0012602891,0.278,0.159,74.3557465903977,18.2628149520275
"55037",0.0873282443,0.0004480287,8.9605734767,NA,0.0937857415,0.0636758321,7097.29,8.5,0.1295647047,3.4344173806,3.3760097171,0.2095149872,0.1011165816,0.1012025833,0.295,0.1564090494,0.4546687768,0,0.0002231645,0.33,0.236,59.6970375345124,59.6970375345124
"55039",0.056541613,0.000549165,12.650407461,41.04,0.0655938952,0.0334211322,8849.37,8.4,0.1259777813,3.2858533671,3.2997128917,0.2354501047,0.0972933322,0.0969923159,0.271,0.1548876637,0.7442070981,0.0009040969,0.0005404927,0.314,0.209,60.808955262917,17.0003530842564
"55041",0.1085664589,0.0004416473,12.145301976,55.15,0.1213127564,0.0737400531,8899.38,7.1,0.1660384954,4.1594451636,3.8654586258,0.2101919234,0.1207096408,0.1160666517,0.309,0.1873031013,0.8344797936,0.0009860852,0.0007669552,0.339,0.25,106.429829712272,99.0898414562537
"55043",0.0750645565,0.0005167464,11.866028708,48.74,0.0868095487,0.0440153734,7728.38,8.3,0.1371622108,3.5438523489,3.5678824105,0.2489526854,0.1063892832,0.1050927627,0.29,0.1742684625,0.4691845024,0.0008682398,0.000617415,0.351,0.191,60.7832724434236,9.59735880685635
"55045",0.0582029591,0.0006454042,11.563491637,36.11,0.0639062289,0.0441528808,7363.16,8.7,0.116204164,3.3046314647,3.2116587244,0.2425704203,0.0947751273,0.0952656984,0.301,0.155927013,0.6235817817,0.0007824515,0.0004856596,0.351,0.201,42.2191081887104,12.5759045668499
"55047",0.0956545504,0.0010606703,20.152736529,39.79,0.1050219591,0.0732375086,8419.79,8.2,0.1363564263,3.4140666834,3.4494450521,0.2106012749,0.1049730703,0.1043134237,0.298,0.1665787505,0.5553514251,0.0006901678,0.0004778085,0.354,0.248,70.9081562106681,72.6808601159348
"55049",0.0583609906,0.0007558896,13.018099357,60.43,0.0646713366,0.0432261465,8112.55,8.5,0.123547252,3.297143449,3.3257237506,0.2318583567,0.0978211147,0.0983650989,0.287,0.1622174338,0.4736353274,0.0005456453,0.0003777545,0.331,0.201,57.5099590416877,14.0268192784604
"55051",0.0768286696,0.0006903693,13.807386952,25.57,0.0834117278,0.0531914894,7854.88,8,0.1300688641,3.4881397338,3.4028647118,0.1969446598,0.1032095872,0.1030486267,0.316,0.1494423128,0.4530087897,0.0006760183,0.0003380091,0.3,0.222,108.96369788381,103.228766416241
"55053",0.0972186619,0.0010703513,14.595699134,76.01,0.1108425105,0.0638389032,8763.33,7.5,0.1446497012,3.624396447,3.5090663338,0.2370345868,0.1084431053,0.1059318249,0.311,0.17510178,0.413712162,0.001258958,0.0004357931,0.333,0.212,45.3309156844968,19.4275352933558
"55055",0.0638501742,0.0004139122,12.890407881,34.06,0.0742711341,0.036902664,7986.62,8.9,0.1125514305,3.0859561978,3.1737365593,0.2538036954,0.0943895079,0.0968000174,0.308,0.1569301867,0.7729249815,0.0007583388,0.0003554713,0.328,0.173,52.4491381384105,13.8024047732659
"55057",0.0842084108,0.0009151922,14.109212935,63.85,0.0980737927,0.0462246777,7631.58,8,0.1460120017,3.751194311,3.6217433784,0.2149225666,0.1121938329,0.1076117582,0.326,0.1838001413,0.3948019802,0.0004925175,0.0006819473,0.361,0.242,43.096345683394,22.8157124206203
"55059",0.0713805986,0.0004452703,7.5399110647,62.2,0.0855905497,0.0356172943,9457.6,8.1,0.1631241101,3.8957817912,3.5540824695,0.2310217687,0.112630796,0.1063034023,0.319,0.17647155,0.9343371829,0.0008508461,0.0004105481,0.309,0.211,43.3931458643756,15.4550930475858
"55061",0.0583674217,0.0003437101,13.257389767,37.56,0.0650338544,0.0413347686,8953.74,9.2,0.1165146703,3.1292156063,3.241843053,0.2317899215,0.0931895206,0.096181861,0.298,0.1570894305,0.5543890347,0.000440227,0.000440227,0.316,0.221,63.7098750306297,71.8778077268643
"55063",0.0530445503,0.0014211755,13.619598687,36.23,0.0601904393,0.0324473035,7807.36,8.1,0.1320260319,3.4022188826,3.4569134708,0.2434987649,0.1035547685,0.1028867356,0.312,0.1624240025,0.9019086167,0.002381134,0.001626967,0.311,0.199,66.0373364940947,19.7547587802847
"55065",0.0937115566,0.0002971062,11.88424743,48.69,0.1050627701,0.0683621092,8730.64,8.7,0.1271667623,3.3300668626,3.3961168076,0.2237708674,0.0996408979,0.1010473639,0.288,0.1634218645,0.2822523165,0.0016614253,0.0001780098,0.353,0.255,19.8275007435313,21.8102508178844
"55067",0.0797151075,0.0008843573,21.328616761,39.75,0.0893232259,0.0520186335,8907.39,7.5,0.1406662584,3.5298752071,3.3942492046,0.2135939867,0.1075554722,0.1059384352,0.285,0.1833581491,0.4559743705,0.0007212777,0.0005151984,0.338,0.21,62.2256023784008,24.1988453693781
"55069",0.0618391541,0.0006790565,15.010721944,42.66,0.0678387498,0.0428734756,8700.9,8.5,0.1359972308,3.4008183615,3.2878330198,0.2168823959,0.0984460746,0.0984186549,0.315,0.1697526853,0.6373725777,0.0007019268,0.0003860597,0.314,0.266,87.7037037037037,7.11111111111111
"55071",0.0600267546,0.0005012154,10.901435982,33.58,0.0697241567,0.0333908046,8389.53,8.5,0.1261799222,3.4045437152,3.2869366278,0.2383998982,0.0979046552,0.0978206826,0.286,0.1575794827,0.7382186096,0.0007984032,0.0004491018,0.309,0.199,88.0994730732938,22.1292515302586
"55073",0.0624068819,0.0009052904,13.616156858,48.18,0.071005194,0.0412216083,8294.37,8.4,0.1199375945,3.0431674281,3.2672812415,0.2417350114,0.0948947493,0.0968029287,0.282,0.1760914605,0.737824754,0.0013109442,0.0009279717,0.329,0.216,76.8567787433303,14.7329288325873
"55075",0.0671546379,0.0007093239,15.40945113,47.13,0.0774940618,0.0370415949,9075.35,7.7,0.1296909994,3.3633602703,3.4203296191,0.225765205,0.1030210416,0.1034593275,0.289,0.1636264158,0.6890703969,0.0010654269,0.0007748559,0.336,0.265,86.4085821655947,17.1186813724291
"55077",0.0746476422,0,9.2868988391,70.21,0.0805267451,0.0588617886,8584.72,8.7,0.137224889,3.4638509132,3.488852264,0.2210535202,0.1050870335,0.1050579576,0.293,0.165511198,0.1505453129,0.0006644518,0.0001328904,0.365,0.224,42.042839440609,22.1278102318995
"55078",0.1034482759,0.0004373497,8.7469932211,105.79,0.1322105263,0.0583657588,9244.08,6.4,0.3269367105,6.465903242,5.5904543993,0.1955115219,0.2184690916,0.187247581,0.385,0.3568412628,0.0737240076,0.0008845644,0.0006634233,0.376,0.265,51.3648371000881,51.3648371000881
"55079",0.0856752986,0.0007235822,8.6453977353,53.04,0.1068509217,0.0313904952,9723.41,7.5,0.1714018399,4.0115636384,4.0995329818,0.206571412,0.1249854026,0.1211972103,0.377,0.2029247044,0.9916548402,0.0022804123,0.001225421,0.337,0.215,56.5328803258248,10.5388455916044
"55081",0.0752265299,0.0006147226,12.07490834,53.96,0.0860047802,0.0510316719,8149.57,8,0.1351433296,3.4935841031,3.5140619569,0.2473755615,0.1067777748,0.1059088915,0.3,0.1739788254,0.5402368321,0.0013662707,0.0007933185,0.339,0.2,70.3034031241075,13.1818880857702
"55083",0.0681502086,0.0002404167,11.753706424,48.98,0.0765934891,0.044581188,8802.66,8.7,0.1213586323,3.2810364965,3.3751570371,0.2508721348,0.097480706,0.0994190946,0.299,0.1550488187,0.4908390866,0.000293984,0.0004543389,0.346,0.25,37.4058174952352,14.2498352362801
"55085",0.0633637943,0.0011808699,16.026091602,37.43,0.0678801484,0.0489854153,8049.69,8.7,0.1275330926,3.4677778687,3.3436338619,0.2143720226,0.0991700614,0.0986547145,0.272,0.164956423,0.6265625868,0.0025307201,0.0017996232,0.349,0.222,74.0178579794062,15.9278934892393
"55087",0.0591701982,0.0008513193,11.078064886,29.45,0.0687504975,0.0361723623,8321.75,8.8,0.114361312,2.9441117108,3.1060721736,0.2650989946,0.091602086,0.0941183112,0.264,0.152233054,0.8496675062,0.0013351208,0.0007911827,0.288,0.163,61.1156887247011,14.7332463889904
"55089",0.039754532,0.0014342629,11.496869664,37.82,0.0450084209,0.0270603921,8647.37,9,0.1042317327,2.9553198066,2.9678540897,0.2500241426,0.0851977063,0.0881451193,0.283,0.1408849185,0.8863591643,0.0019892535,0.000628787,0.239,0.158,47.0349044508675,10.6207848760023
"55091",0.0778148604,0.0004115226,13.717421125,55.7,0.082152294,0.0685185185,9319.28,NA,0.1317075855,3.4707567349,3.4571802785,0.2174898686,0.1024250937,0.1026133511,0.291,0.1647269462,0.5857544517,0,0.0002726653,0.346,0.215,45.5954769286887,45.5954769286887
"55093",0.0542740029,0.0004157597,12.961921299,40.31,0.0613105276,0.0349955277,8040.96,8.5,0.120794787,3.1836784627,3.2496140275,0.2607204846,0.0963982787,0.0986698978,0.293,0.1595543334,0.6391672152,0.0004394746,0.0001220763,0.293,0.187,37.3725474265751,4.8746800991185
"55095",0.0753727064,0.0008977694,18.876176884,46.94,0.0842224126,0.0518220295,8972.03,8.9,0.1223740257,3.3119901994,3.412778365,0.2247076607,0.1006729238,0.1024847161,0.294,0.1612304506,0.6004524375,0.001657573,0.0003913714,0.329,0.18,83.6152471252464,18.4106966147332
"55097",0.0521091372,0.0006107261,12.924667651,50.71,0.0598010505,0.029739777,9320.2,8.2,0.1274213117,3.2959337966,3.4780585555,0.2514894022,0.1011610049,0.1025079856,0.296,0.1688718123,0.7857153058,0.0011492296,0.0008796572,0.32,0.197,59.1472387703053,15.6148710353606
"55099",0.0676418614,0.0003664346,18.321729571,75.75,0.0730710271,0.0518280434,8383.3,8.4,0.1456419615,3.8630727553,3.5794488621,0.2114112864,0.1118752138,0.1061134529,0.3,0.1724711372,0.5479906773,0.0005850091,0.0007312614,0.318,0.215,146.925582192619,31.8338761417342
"55101",0.0672075165,0.0004664753,9.6370719705,46.43,0.0800220465,0.0358445479,9666.73,8,0.1445967189,3.675441171,3.5020405484,0.2217091675,0.1076539053,0.1027548363,0.327,0.1788077984,0.8904241382,0.0010042887,0.0005431357,0.331,0.212,64.2314518870551,17.0828329486849
"55103",0.0743747258,0.0006287511,10.288653901,51.5,0.0823374519,0.054591195,8030.82,8,0.1402881361,3.5957314888,3.5515995648,0.2185289175,0.1084591341,0.1071177271,0.28,0.1813815681,0.3181843405,0.0010191371,0.0003397124,0.329,0.183,51.2986149373967,64.5982558470921
"55105",0.0814904959,0.0005760369,10.591645607,50.89,0.0984990522,0.0390825641,9263.7,7.7,0.1483891554,3.5707754988,3.4980149674,0.2139675846,0.1077227195,0.1049698852,0.312,0.1716096051,0.8671934935,0.0013710698,0.0004528873,0.357,0.202,50.7995770831957,16.7266900151986
"55107",0.0864665127,0.0006372133,13.452279807,72.36,0.0978028876,0.055666004,10889.1,7.3,0.1407714878,3.5819028904,3.6276991248,0.2061323998,0.1109895449,0.1099969232,0.292,0.183600257,0.3259234158,0.0004186144,0.0003488453,0.298,0.263,46.9659966184482,23.4829983092241
"55109",0.0432373667,0.0005370631,11.198336247,44.24,0.0495880039,0.0297189437,8521.84,9.1,0.1123321135,3.0229036367,3.0118843732,0.2728963485,0.0877282903,0.0906336799,0.316,0.1445223673,0.8054775031,0.0009797254,0.0002074713,0.271,0.178,62.5235893115162,11.8184833454695
"55111",0.0708675027,0.0010213381,14.141604601,44.48,0.0807653681,0.046191843,7746.66,8.7,0.1355391349,3.4306301848,3.4202768187,0.228873406,0.1025201022,0.1025925146,0.307,0.1654143897,0.7359461727,0.0010255763,0.000646902,0.315,0.173,54.9824579776928,15.7092737079122
"55113",0.1066291949,0.0010381045,15.266243283,48.32,0.122278057,0.0644283122,7952.76,7.7,0.1722479842,4.0881954436,3.9159472595,0.205485091,0.1244844342,0.1205058195,0.327,0.1975443008,0.4546113426,0.0021901807,0.0007908986,0.322,0.231,63.0311902728641,30.4989630352568
"55115",0.0874876604,0.0005568468,15.010652721,43.35,0.1012834586,0.0522534291,8356.21,8.6,0.1410332013,3.5329039451,3.4900176326,0.2177693706,0.1071827512,0.1060958851,0.314,0.1769861123,0.5155069251,0.0013949349,0.0006493663,0.354,0.221,87.9422324418089,17.7498083827504
"55117",0.0592793367,0.0005710874,15.228997395,37.17,0.0677138891,0.0380927701,8182.99,8.9,0.1274217894,3.4666291259,3.2817087703,0.2299811168,0.0981351822,0.0969593294,0.285,0.1658348634,0.8562684513,0.0010842224,0.0006071645,0.297,0.21,63.5313007167486,16.1716038188087
"55119",0.0762032086,0.0003422146,10.755316549,48.59,0.0841638981,0.056749088,8915.19,8.1,0.1294312256,3.275695922,3.3041323951,0.2327491018,0.103007059,0.1034203511,0.322,0.169377619,0.4120063802,0.0007789679,0.0005355404,0.324,0.232,48.8328938372888,40.6940781977407
"55121",0.077984304,0.0003722504,15.228426396,45.28,0.0860196216,0.0595847937,8569.49,9.1,0.1327287451,3.4204515084,3.3071075412,0.2298686129,0.1003107676,0.0997282145,0.301,0.1564078674,0.618302332,0.0005083195,0.0008133112,0.312,0.197,62.012357371578,19.1674559148514
"55123",0.0961538462,0.0008850718,15.079000852,54.93,0.1021210677,0.0828763709,8109.96,8.2,0.1391074828,3.4958319941,3.523599669,0.2101604155,0.1066045925,0.1071197314,0.28,0.1707326298,0.3914284755,0.0011527567,0.0005928463,0.308,0.218,59.9899653148928,10.9072664208896
"55125",0.1036248484,0.0007948754,20.573245429,39.36,0.1127992227,0.0764674206,7829.83,8.4,0.1458195673,3.7144455123,3.7174991224,0.2093988995,0.1126371031,0.1123784269,0.289,0.1609720654,0.8713019132,0.0006075334,0.0004206001,0.315,0.277,63.8430395515416,24.9143568981626
"55127",0.0819709086,0.0003988172,11.67269756,44.79,0.0970607572,0.0408885055,8594.1,8.2,0.144163423,3.5328107245,3.4184926706,0.2405304414,0.104742159,0.1022729871,0.301,0.1623251973,0.7799233087,0.0008017232,0.0002897795,0.272,0.199,50.4381001648938,14.2261308157393
"55129",0.0700741252,0.0009002058,18.004115226,54.38,0.0790504725,0.0452473958,8444.21,8.1,0.1353327021,3.4943493714,3.5095689595,0.2051822522,0.1069651749,0.1067775754,0.296,0.1741985278,0.5726227138,0.0009557793,0.0004460303,0.322,0.236,66.1065381498699,31.9870345886467
"55131",0.0457766592,0.0005760282,9.6503433727,38.48,0.0527633588,0.0284543879,8624.37,9.1,0.10845466,3.2114693573,3.0662594201,0.2561389286,0.0908957252,0.0888578352,0.275,0.1407821171,0.854390501,0.0008029958,0.0003226993,0.313,0.167,41.8721851548149,11.7142422754542
"55133",0.0365717978,0.0013997902,10.744335264,39.91,0.0424628538,0.022095741,8841.87,9,0.1125540354,3.0940550708,3.0998495771,0.2541559506,0.0867157024,0.0887274911,0.269,0.1399908764,0.92558433,0.0017437829,0.0007415506,0.264,0.168,59.3262354730553,13.6131021907011
"55135",0.0656160319,0.0005775339,16.555972663,38.9,0.0749409913,0.0401286978,8323.6,8.7,0.125427041,3.4337910615,3.380255027,0.2135518171,0.1010087403,0.1004038098,0.286,0.1609128859,0.6347261973,0.0005569854,0.0007298429,0.332,0.225,140.153268528519,15.4297176361673
"55137",0.0878280517,0.0002912662,18.308159614,49.44,0.0982627579,0.058413252,8636.65,8.9,0.1366346897,3.4303209071,3.3175712482,0.2137171526,0.1031058582,0.1005112061,0.31,0.1734203862,0.2774330503,0.0009099181,0.000496319,0.319,0.209,35.9249996545673,46.9788457021265
"55139",0.0515634813,0.0008139384,11.265379307,39.26,0.0597162233,0.029134769,8762.35,8.3,0.1318942447,3.3946242915,3.4063501426,0.2446508447,0.1012939925,0.0998255746,0.272,0.1690428554,0.8354072601,0.0016931055,0.0008730997,0.37,0.178,73.0926646009475,13.9504816845894
"55141",0.0582320123,0.0016885681,14.979233336,49.77,0.0682895254,0.0320396566,8473.84,8.2,0.1323725128,3.3514723252,3.4376335306,0.2176525755,0.1032481419,0.1021825566,0.301,0.1652480502,0.741427979,0.0012091077,0.0015487447,0.293,0.209,75.857369975017,15.8982511923688
"56001",0.1194354305,0.0007640426,11.328907156,42.09,0.1307755293,0.0762289981,7658.17,6.3,0.1598250067,4.0408163312,3.6536538705,0.1894212202,0.1295174459,0.1208531291,0.273,0.1859078952,0.6885313645,0.0048134141,0.0007934199,0.239,0.166,20.1713689343378,16.6633047718443
"56003",0.1875920084,0.0001663617,13.308933622,58.93,0.213099631,0.1349731946,9666.03,8.1,0.1450859746,3.7825222357,3.6133855696,0.1549343815,0.1091680689,0.1069751947,0.309,0.1583241944,0.4707747686,0.0012573345,0.0003352892,0.31,0.27,52.8408932892066,44.4975943488055
"56005",0.1165915338,0.0003860219,10.158472166,46.37,0.1389159772,0.066999087,8503.16,8.5,0.1200276845,3.0313325461,3.0174616904,0.1908726645,0.0926505793,0.096260283,0.304,0.1886719222,0.4385580821,0.0016763245,0.0004759934,0.325,0.247,12.2998708513561,17.0831539602168
"56007",0.1598501156,0.0003213574,13.497011376,48,0.18496527,0.1007137193,7074.39,7.3,0.1472315502,3.605947716,3.4007236501,0.1712551591,0.1095522124,0.1059898319,0.314,0.1672221041,0.4090651558,0.0020184181,0.0007569068,0.28,0.27,31.893857243095,34.0201143926346
"56009",0.1106187428,0.0005619556,14.751334645,63.65,0.1290811567,0.0690666667,9976.2,8.5,0.1370130813,3.4958404145,3.3277294509,0.1856050893,0.101362098,0.1007995095,0.303,0.1727166858,0.6536543049,0.0020571753,0.0004965596,0.296,0.255,49.3838773398551,14.1096792399586
"56011",0.1220958972,0.0004030091,12.090274046,28.09,0.1321946654,0.1003717472,6664.21,8.3,0.1084661515,3.1009631749,3.0403484025,0.1734459878,0.0915337075,0.0949434576,0.289,0.1524586381,0.6495835098,0.0004139073,0.0005518764,0.247,0.261,4.5134500812421,4.5134500812421
"56013",0.1886186324,0.0008681632,12.650378271,32.63,0.2190396328,0.1221628838,8180.77,7.9,0.1706012453,4.4472391805,3.9400605607,0.169968198,0.1304276708,0.1212198449,0.301,0.2067862416,0.6702639384,0.0018180478,0.0005405007,0.295,0.251,51.1298037275276,32.986970146792
"56015",0.156032849,0.000672495,17.185982216,39.94,0.1808849046,0.0921149595,7622.13,7.5,0.162000452,3.6294151225,3.3975463056,0.1551562977,0.1146323794,0.1114640921,0.28,0.1693271597,0.7199788663,0.0032558828,0.0003699867,0.32,0.287,29.7862834164867,34.7506639859012
"56017",0.1650267079,0.0008437039,23.201856148,69.07,0.1883390871,0.1047904192,8620.56,8.3,0.1345690345,3.5070230034,3.3557205769,0.156157429,0.1039218181,0.104308314,0.274,0.1543010428,0.7664172901,0.0018687708,0.0008305648,0.296,0.271,70.2444506883956,70.2444506883956
"56019",0.1494338498,0.0012813046,22.131624927,41.54,0.1721498034,0.093448451,7107.41,8,0.1213288668,3.221717653,3.2768912286,0.1725977712,0.098903967,0.1023382449,0.28,0.1546869581,0.5850157545,0.0024495509,0.0004665811,0.216,0.208,58.4932147870847,62.392762439557
"56021",0.1140748031,0.0007001575,13.488328992,52.1,0.1356730116,0.0596543631,8819.94,7.8,0.1368691012,3.7042216642,3.427637741,0.1572738888,0.108332367,0.1034946989,0.301,0.1926781207,0.6300333559,0.0033406302,0.00125533,0.305,0.229,60.0042517298369,25.3732264457596
"56023",0.1300616617,0.0006409572,6.9437025959,35.37,0.1509679821,0.0874736236,8176.69,8.5,0.1182673686,3.1582767982,3.2664729746,0.1700911745,0.0947368522,0.100390592,0.299,0.1496418274,0.5348503259,0.0010233209,0.000430872,0.272,0.213,33.6885405769606,19.5038919129772
"56025",0.1375477398,0.0007179537,14.115700066,39.9,0.1659596298,0.065398043,8864.47,7.3,0.1438500135,3.587870124,3.4859055427,0.1815205265,0.106526186,0.1053884727,0.308,0.1917858776,0.7714115308,0.003160835,0.0010903656,0.315,0.245,41.2512610224595,26.9562695790329
"56027",0.1505376344,0.000393391,19.669551534,45.04,0.1677115987,0.1125954198,9759.92,7.5,0.1337505204,3.5537903772,3.6040941028,0.1508798737,0.1087999619,0.1126188341,0.311,0.1703531104,0,0,0.0004060089,0.245,0.283,13.3600534402138,13.3600534402138
"56029",0.1343873518,0.0011974819,16.764746134,40.41,0.1509806266,0.0891887444,7266.5,8.2,0.1253200967,3.2608012493,3.3740785967,0.1645110258,0.0965471365,0.1004249417,0.275,0.1592378476,0.6438220174,0.0026561799,0.0007934044,0.236,0.226,82.2199383350463,28.5485896996688
"56031",0.1344512652,0.0004539265,20.426690876,55.97,0.153892944,0.0834230355,8645.58,7.8,0.134529264,3.3739926081,3.3735159851,0.1562488012,0.1068723745,0.1074253924,0.286,0.1622859336,0.7120110765,0.0014774406,0.0003409478,0.295,0.232,41.8394127267886,41.8394127267886
"56033",0.1229539399,0.0006997901,16.661668166,30.36,0.1419354839,0.073629877,6403.79,7.5,0.118707279,3.2558006985,3.2968952425,0.1829419453,0.0993439453,0.1012812448,0.271,0.1567509122,0.7521637588,0.0037626532,0.0007658498,0.265,0.225,46.5420374330958,31.0280249553972
"56035",0.1286734574,0.0007071421,8.0816244065,23.29,0.1409820126,0.0991869919,6834.34,8.4,0.1161782337,3.160479558,3.1221469969,0.1838869295,0.0937898834,0.0956929048,0.265,0.1466025171,0.4298819167,0.0002982997,0.0005965994,0.258,0.193,6.72834314550042,43.7342304457527
"56037",0.1237168008,0.0003361269,9.6356384171,47.82,0.1468928584,0.0718285853,8418.88,7.9,0.1561194389,3.8880088018,3.3473511722,0.1909911762,0.1087842771,0.1022882339,0.312,0.1760027513,0.9058576451,0.0019995557,0.0004443457,0.302,0.256,30.6425213563426,15.6949499630048
"56039",0.1529770534,0.0012108108,19.027027027,24.73,0.1637151229,0.1157965194,6621.02,8.2,0.1185702026,2.9559063888,3.1840462296,0.2200177982,0.0922803773,0.0968231541,0.261,0.1432461854,0.9783507091,0.0032272133,0.0006977758,0.136,0.12,20.2177743118736,20.2177743118736
"56041",0.1231732777,0.0004322351,5.2828738834,35.46,0.1500698956,0.0713381841,8185.34,7.6,0.1470525509,3.912779026,3.6596949867,0.1666246014,0.1152289056,0.1113906547,0.3,0.1831718427,0.1457997916,0.0032051282,0.0005740528,0.318,0.235,30.4004864077825,22.4003584057345
"56043",0.1743919229,0.0003602305,18.011527378,64.56,0.2029266193,0.1078085642,8706.58,8.4,0.1438622352,3.6781841465,3.4046194297,0.1510161358,0.1116106772,0.1080827605,0.288,0.1655281048,0.6131489511,0.0028839221,0.0003604903,0.297,0.26,60.2772754671489,48.2218203737191
"56045",0.1362019915,0.0005529444,17.970693945,29.82,0.156410885,0.086526576,7425.76,8.1,0.1354511984,3.3496669791,3.426390307,0.1625990253,0.1040126203,0.1058520896,0.303,0.1792010764,0.5942008879,0.0012498264,0.0004166088,0.309,0.225,83.0603110147201,55.3735406764801
