"5-digit FIPS Code","Uninsured raw value","Primary care physicians raw value","Social associations raw value","Preventable hospital stays raw value","Uninsured adults raw value","Uninsured children raw value","Health care costs raw value","Food environment index raw value","Poor or fair health raw value","Poor physical health days raw value","Poor mental health days raw value","Excessive drinking raw value","Frequent physical distress raw value","Frequent mental distress raw value","Insufficient sleep raw value","Adult smoking raw value","Access to exercise opportunities raw value","Mental health providers raw value","Other primary care providers raw value","Adult obesity raw value","Physical inactivity raw value","MentalDisordersDeath","Suicide"
"01001",0.1101623445,0.0004151999,13.719649788,58.59,0.1421476789,0.0346987952,9858.62,6.9,0.194,4.4,4.3,0.151,0.129,0.128,0.376,0.187,0.708214986,0.000126706,0.0001629077,0.364,0.309,28.3152999011977,16.266236113454
"01003",0.1613299188,0.0007395895,11.543593306,47.61,0.2045904166,0.0491099636,9412.78,7.5,0.16,4.1,4.2,0.151,0.122,0.128,0.328,0.186,0.721685458,0.0007261941,0.0002915005,0.293,0.245,58.0619327282435,20.0213561131874
"01005",0.1534209428,0.0004091196,8.182392978,73.5,0.1988075961,0.0449667859,10117.09,4.9,0.257,4.9,4.7,0.124,0.154,0.149,0.396,0.214,0.4526714499,3.69331e-05,0.0001107992,0.442,0.306,45.9901556207428,7.45786307363397
"01007",0.1356417144,0.0003998934,10.219497023,77.35,0.1717252396,0.0395445135,10817.25,7.3,0.22,4.8,4.6,0.138,0.148,0.143,0.406,0.21,0.3283875191,0,8.88415e-05,0.384,0.375,45.8573098031094,17.7512166979778
"01009",0.1647524835,0.0001905785,8.4894055684,63.02,0.2081461166,0.0565343522,10035.61,8.3,0.207,4.6,4.5,0.141,0.139,0.138,0.362,0.194,0.2550853076,5.18385e-05,6.91181e-05,0.358,0.29,43.2865453873857,15.0060024009604
"01011",0.1730971129,0.0002787068,10.21924935,76.3,0.2278575424,0.0448637317,9275.93,3.8,0.293,5.3,4.8,0.113,0.17,0.155,0.441,0.223,0.231995602,9.39938e-05,0.0005639628,0.402,0.298,34.2689803420667,31.1536184927879
"01013",0.1439681678,0.0004434371,11.824990146,86.37,0.1866004545,0.0377930477,10407.71,6,0.274,5.3,5.1,0.105,0.172,0.164,0.406,0.228,0.4600658806,0.0001480385,0.0003454231,0.36,0.339,47.7641439512476,32.9407889318949
"01015",0.1421583549,0.0006642741,14.66579247,71,0.1817208446,0.0341970872,10672.9,6.1,0.223,4.9,4.9,0.129,0.15,0.148,0.39,0.238,0.5928549742,0.0008480674,0.0003426535,0.361,0.325,59.1491707630817,16.6536500206735
"01017",0.1489269456,0.0004108463,18.488085456,56.2,0.1894618834,0.0350204837,8622.91,5.6,0.258,5.1,4.9,0.12,0.161,0.155,0.395,0.208,0.611632325,0,8.78169e-05,0.38,0.326,57.6391399068004,14.654018620373
"01019",0.1457916565,0.0002688482,9.9857894535,78.66,0.1824257912,0.0409717186,10866.85,7.9,0.198,4.6,4.7,0.133,0.14,0.142,0.343,0.198,0.3294855516,0.0001908178,0.0001144907,0.355,0.359,48.6561927809575,16.6455396355907
"01021",0.1774851983,0.0001821038,15.934078441,52.45,0.2261653341,0.0567614204,10204.89,7.8,0.208,4.6,4.6,0.14,0.141,0.143,0.389,0.212,0.3232820842,0.0002957839,0,0.36,0.298,37.1704911814906,19.7231177697705
"01023",0.143454701,0.0003752909,21.016287623,47.52,0.1783292823,0.045264624,11424.18,5.4,0.254,4.9,4.8,0.112,0.15,0.146,0.425,0.19,0.2010967602,0,0.0003724117,0.395,0.331,47.5963826749167,30.0608732683684
"01025",0.1510473006,0.0005211465,19.643215073,68.37,0.1927083333,0.0420909708,9806.49,4.6,0.258,5.3,4.9,0.11,0.163,0.155,0.389,0.212,0.381411373,0.0003570437,0.0002777006,0.384,0.294,38.7560639875981,32.0739839897363
"01027",0.1778024212,0.0002951594,9.5926800472,82.35,0.222152297,0.057152296,9843.28,7.4,0.231,5,4.8,0.123,0.154,0.148,0.361,0.204,0.2126040769,7.4151e-05,0.0002966039,0.381,0.316,71.4408888231961,27.0982681743158
"01029",0.1426815276,0.000265252,8.6206896552,72.14,0.1823071641,0.044211108,10906.3,7.9,0.181,4.3,4.4,0.142,0.13,0.132,0.328,0.185,0.4015495592,0.0004001601,0.00020008,0.346,0.322,39.9183890712321,42.1360773529673
"01031",0.1499008686,0.000550001,15.910742698,60.04,0.1890499934,0.0521300448,9510.05,6.8,0.208,4.8,4.6,0.134,0.147,0.139,0.354,0.193,0.7079362537,0.0003533708,0.0003926342,0.342,0.298,43.1209084138039,15.0269832351135
"01033",0.1304269134,0.0006233614,17.600792036,72.48,0.1650769231,0.0363754466,10730.62,6.8,0.214,4.8,4.8,0.134,0.142,0.143,0.359,0.185,0.4425295804,0.0001834189,0.0007887014,0.346,0.309,74.6556355825893,16.5221488584419
"01035",0.1663015336,0.000394633,11.049723757,127.17,0.2104906479,0.0461592671,11168.67,4.3,0.314,5.8,5.3,0.103,0.187,0.174,0.412,0.238,0.0012851527,0.0003103903,0.0002327927,0.382,0.31,39.2372282821941,36.6214130633812
"01037",0.1550197997,0,11.023332721,48.52,0.1865581676,0.0506512301,10457.32,6.3,0.247,5.1,4.9,0.123,0.159,0.154,0.39,0.218,0.2448219083,0,0.0001835199,0.401,0.296,64.5994832041344,61.5233173372708
"01039",0.1541898332,0.0005011341,12.660231049,98.66,0.1968199007,0.0428374021,10405.82,7.2,0.214,4.8,4.8,0.131,0.147,0.145,0.355,0.199,0.5115053621,0.0004751095,0.0004751095,0.338,0.309,31.680380164562,10.5601267215207
"01041",0.1633866877,0.0001430922,10.73191672,72.58,0.2052454283,0.0548446069,10364.38,5.7,0.233,4.9,4.7,0.128,0.149,0.145,0.393,0.204,0.3558895441,0.0002145002,0.0006435006,0.396,0.299,40.547631541287,42.9327863378333
"01043",0.1640486025,0.0005289769,12.178769575,51.47,0.2082065296,0.048365806,9915.83,7.8,0.198,4.5,4.7,0.143,0.138,0.141,0.349,0.201,0.381339701,0.0008785933,0.0005073567,0.346,0.293,67.5938632965322,20.8926486552918
"01045",0.1378656357,0.0002425026,12.327216878,60.07,0.1785702214,0.0356345597,10290.32,6.2,0.211,4.5,4.6,0.137,0.14,0.139,0.408,0.202,0.4796720463,0.0006214417,0.0006414883,0.365,0.288,42.30090040488,12.757414407821
"01047",0.1426688066,0.0006952602,14.384694685,60.65,0.1899130293,0.0311230144,10113.18,3.4,0.3,6,5.4,0.097,0.195,0.183,0.437,0.254,0.5883386581,0.0004048005,0.0001428707,0.424,0.298,43.2560598535702,11.2145340361108
"01049",0.2091533948,0.0004221487,8.5836909871,63.79,0.2687134227,0.0656432266,9994.95,8,0.228,4.8,4.7,0.127,0.149,0.146,0.363,0.192,0.4024806986,0.0001549012,0.0003520482,0.305,0.32,52.0618363288432,14.5397921278751
"01051",0.1147579143,0.0002716821,10.37331588,61.73,0.1469949627,0.0366953457,9625.5,7.2,0.182,4.2,4.3,0.15,0.123,0.127,0.34,0.193,0.6806299888,9.88851e-05,0.0001606882,0.365,0.296,40.6826465910819,18.4921120868554
"01053",0.1700330776,0.00039753,14.841120505,104.8,0.2210796915,0.0456976744,11302.09,5.8,0.265,5.2,5,0.125,0.166,0.162,0.387,0.227,0.5611576503,0.0003422584,0.0002106205,0.386,0.32,52.8611074402009,13.2152768600502
"01055",0.146145445,0.0007727154,16.22702379,77.32,0.186525144,0.0368755292,11889.57,6.6,0.228,5,5.1,0.129,0.153,0.15,0.399,0.223,0.4396916595,0.0008948245,0.0005291973,0.368,0.342,70.2050438137441,16.4241157545915
"01057",0.1457234153,0.0011259927,11.259926514,80.66,0.1848654139,0.0413937647,10078.01,7.2,0.222,4.9,4.7,0.126,0.15,0.148,0.368,0.205,0.2744040369,0.0001182802,0.0001774203,0.356,0.366,83.0992046218986,27.6997348739662
"01059",0.1986073267,0.0004746685,10.442707509,94.71,0.2544789569,0.0611243869,11381.17,7.4,0.232,5.1,4.8,0.126,0.158,0.15,0.377,0.197,0.5883800151,6.34276e-05,0.0002854243,0.332,0.377,60.108194750551,16.8724757194529
"01061",0.1716410972,0.0002620545,9.3590895478,69.19,0.2174495788,0.0506184896,10100.71,7.5,0.22,4.9,4.8,0.13,0.151,0.149,0.358,0.219,0.2742814483,0.0001496614,0.0002244921,0.366,0.293,57.3451680462751,14.95960905555
"01063",0.1512988867,0.0004676722,10.522623641,95.5,0.1941862764,0.0419512195,9426.96,2.3,0.36,6.2,5.6,0.086,0.209,0.192,0.47,0.265,0.1515754561,0.0001143641,0.0002287283,0.423,0.315,42.675356921167,31.0366232153942
"01065",0.1396827953,0.0001317176,6.5858798736,78.31,0.1792547835,0.0399891186,10030.82,5.8,0.292,5.6,5.1,0.101,0.18,0.168,0.43,0.218,0.5830583756,6.49098e-05,0.0001947293,0.414,0.335,59.1353103508695,59.1353103508695
"01067",0.1507203546,0.0002908668,15.706806283,43.31,0.1879835226,0.0498002663,10064.08,7.4,0.206,4.4,4.4,0.126,0.134,0.135,0.368,0.175,0.3151658768,0.0001734505,0.0001734505,0.378,0.31,67.689094319918,21.2737153576885
"01069",0.1347089764,0.0008925744,12.95672454,52.08,0.1734470902,0.0372451185,9997.07,6.4,0.211,4.7,4.5,0.135,0.146,0.142,0.38,0.194,0.5347671522,0.001080372,0.0008392175,0.333,0.293,45.1873834261651,15.3829390386945
"01071",0.1567592918,0.0005886262,9.1142124751,77.05,0.1992671658,0.0404312668,10611.31,7.5,0.207,4.9,4.7,0.134,0.15,0.146,0.35,0.202,0.3656602852,0.0004154785,0.0003965931,0.369,0.316,65.8082070427437,25.3108488625937
"01073",0.1264187987,0.0010653866,14.679332257,41.53,0.1618926363,0.0336903281,9495.44,5.7,0.191,4.5,4.5,0.145,0.14,0.141,0.405,0.168,0.776535159,0.0012282423,0.0007536252,0.332,0.284,63.8177880976796,12.9756103964428
"01075",0.1397878461,0,9.2290217237,76.92,0.1757306696,0.0448657188,9770.53,7.4,0.223,5,4.8,0.121,0.153,0.148,0.358,0.214,0.2168360341,0.0001404889,0.0004214667,0.338,0.339,87.661106899166,66.3381349507202
"01077",0.1369875881,0.0005263384,14.823408095,63.84,0.1721538075,0.0355077202,9360.49,7,0.192,4.5,4.6,0.136,0.138,0.14,0.372,0.189,0.6265734718,0.0010668448,0.0005819154,0.348,0.305,81.1522178613877,13.6450631802333
"01079",0.1612856679,0.00023897,14.338202348,74.07,0.2012857352,0.0491868306,10175.84,7.6,0.198,4.7,4.6,0.138,0.143,0.143,0.356,0.203,0.4887736975,0.0005656951,0.0002381874,0.336,0.368,34.9374619431218,17.9678375707484
"01081",0.1341324073,0.0004797251,8.8813976857,42.3,0.166241219,0.039191989,8562.83,6,0.217,4.5,4.5,0.162,0.142,0.144,0.382,0.203,0.6272433635,0.000609542,0.0003511492,0.298,0.246,33.9693756342212,12.1164651943719
"01083",0.1438538779,0.0003414586,9.1422780795,64.28,0.1856215878,0.0379959956,10140.09,7.7,0.19,4.4,4.4,0.146,0.13,0.129,0.362,0.186,0.5280737358,0.0003151556,0.0002813889,0.336,0.304,36.8602443834203,13.2696879780313
"01085",0.1435142594,0,6.6162570888,66.94,0.1828725771,0.0419968304,9456.81,2.2,0.315,5.7,5.2,0.098,0.182,0.169,0.437,0.231,0.0154880963,0,0.0001868635,0.462,0.306,44.1069909580669,37.8059922497716
"01087",0.1297641281,0.0003603604,8.2368082368,36.99,0.1611877951,0.0308237861,7529.28,3.1,0.311,5.6,5.2,0.101,0.181,0.169,0.464,0.235,0.4785567779,0.0031491264,0.0007110931,0.478,0.324,39.5066817822667,32.6359545157855
"01089",0.1250114632,0.0008792489,11.019157919,47.3,0.1578085503,0.0357550539,9793.3,6.9,0.184,4.2,4.3,0.135,0.125,0.128,0.382,0.202,0.8221324867,0.0009167118,0.0005996103,0.328,0.227,49.9866702212743,15.2340328293407
"01091",0.1327314047,0.0003480855,19.393336648,66.27,0.1690116824,0.04185661,9727.35,4.7,0.288,5.5,5.1,0.107,0.176,0.162,0.441,0.22,0.5462500594,0.0001984619,0.0006450012,0.394,0.336,106.148309090608,79.6112318179556
"01093",0.1538234052,0.0002642793,11.231872089,89.4,0.1951823892,0.0420926037,10669.94,7.7,0.229,5,4.9,0.129,0.153,0.148,0.371,0.203,0.4915843514,6.59326e-05,0.0003955957,0.349,0.334,79.3187401540106,22.032983376114
"01095",0.1877434135,0.000591741,9.5101229976,70.89,0.2450276441,0.0507294706,10784.43,7.5,0.22,4.9,4.8,0.138,0.15,0.147,0.352,0.204,0.6470506026,0.0018045589,0.0002532714,0.337,0.306,41.1796382527163,18.6540241657604
"01097",0.1492813523,0.0006672721,11.63510574,63.01,0.1936449193,0.0379706415,9859.56,5.7,0.236,4.9,5,0.146,0.15,0.149,0.397,0.205,0.6947374283,0.0006689545,0.0005747695,0.358,0.298,46.6014300211233,14.7839019377357
"01099",0.1765262923,0.0002733859,15.49186677,74.91,0.2290100008,0.0441782104,9306.31,4.2,0.26,5.3,5.1,0.11,0.168,0.164,0.413,0.219,0.5344633258,0.0004497212,0.0003148048,0.392,0.323,36.4431486880466,16.7031098153547
"01101",0.1387520745,0.0009195849,15.120098679,44.88,0.1810012072,0.0345902373,9046.46,5,0.237,4.9,4.7,0.134,0.153,0.147,0.402,0.197,0.758291442,0.0009132662,0.0007279658,0.368,0.262,41.362032597992,10.4509050336563
"01103",0.1611439543,0.0005434465,12.541072011,65.65,0.2054460277,0.0469777529,9990.15,7.6,0.19,4.5,4.5,0.136,0.134,0.135,0.362,0.185,0.7123776048,0.0010936078,0.0003756668,0.315,0.291,56.8310029836277,15.6006674857017
"01105",0.1529237402,0.0003053124,11.194789334,66.77,0.2000760023,0.0396341463,9072.14,4.1,0.337,6,5.4,0.097,0.2,0.186,0.449,0.246,0.7835898404,0.0001996008,0.0001996008,0.441,0.347,77.9713878907044,71.1912672045562
"01107",0.142885233,0.000343727,12.76700221,80.15,0.1801737262,0.0430032543,9345.5,6.1,0.26,5.1,5,0.114,0.164,0.159,0.398,0.216,0.0127114352,0.0001030875,0.0001546312,0.354,0.291,77.5193798449612,59.3765462642256
"01109",0.1515208201,0.0004791997,10.182994399,58.48,0.1847105612,0.047985782,9810.31,5.7,0.255,5.1,5.1,0.134,0.16,0.158,0.433,0.223,0.602693091,0.0001199796,0.0005699031,0.417,0.273,44.0996652434502,15.0339767875398
"01111",0.1675796534,0.0003105728,10.64820977,55.63,0.2158356417,0.0413351446,9804.01,7,0.224,5,4.7,0.134,0.152,0.147,0.351,0.201,0.269235805,0.0002200026,0.0005720069,0.339,0.299,42.6709043288897,20.599746917395
"01113",0.148251154,0.0002348678,9.0591866864,44.89,0.1944030962,0.0351067219,9619.7,5.7,0.251,5.1,4.9,0.131,0.158,0.153,0.415,0.212,0.7179632463,0.0001846102,5.03482e-05,0.407,0.308,22.923853667537,16.2144330819164
"01115",0.1337846326,0.0002076196,8.8815068572,75.45,0.1698850619,0.0404206853,10550.51,8.1,0.204,4.3,4.3,0.144,0.131,0.131,0.363,0.198,0.6813728422,0.0001042777,0.0001737962,0.363,0.3,68.0562444488021,19.609426366604
"01117",0.1058012161,0.0008177881,10.742541918,46.77,0.1319059846,0.0428298279,9865.72,8.4,0.138,3.6,3.8,0.17,0.108,0.116,0.337,0.155,0.7348745419,0.0004799687,0.0002350867,0.292,0.243,34.8641267504697,14.042495496717
"01119",0.1666989539,0.0004557193,13.671578308,64.83,0.2065063649,0.0481927711,9309.92,3.9,0.332,5.8,5.5,0.103,0.192,0.183,0.429,0.241,0.1963961346,7.48447e-05,0.0001496894,0.403,0.308,37.8501135503407,32.8034317436286
"01121",0.1345939424,0.0003320135,12.050859546,72.07,0.1728974889,0.0319177712,10555.71,6.2,0.249,5.2,4.9,0.117,0.162,0.153,0.402,0.218,0.6611901666,7.39864e-05,0.0002836145,0.406,0.336,75.6330154554423,18.9082538638606
"01123",0.1425750395,0.0003886797,14.332564071,67.47,0.1795050683,0.0394824154,10392.67,6.5,0.241,5,4.7,0.126,0.152,0.148,0.393,0.208,0.6557814302,0.0002184307,0.0005096716,0.367,0.333,99.0163295782878,15.4205759179301
"01125",0.1217283761,0.0007269598,12.26435622,67.88,0.1528869015,0.0303016588,10028.33,6.4,0.2,4.5,4.5,0.154,0.141,0.14,0.375,0.204,0.7571202532,0.0010257891,0.0005427719,0.334,0.275,52.7175050122815,10.5435010024563
"01127",0.1518660792,0.0004582181,14.052023033,70.18,0.1938291954,0.0395025604,10687.23,7.2,0.223,5,5,0.128,0.152,0.149,0.395,0.218,0.4750309595,0.0003636474,0.0004394073,0.362,0.331,90.46416246957,21.3454765377637
"01129",0.1507056452,0.0001188072,16.038968754,75.75,0.1887629374,0.050214484,10108.96,7.1,0.215,4.7,4.6,0.137,0.141,0.139,0.391,0.2,0.1046584381,0.0001185045,0.0001777567,0.403,0.321,41.5718103533604,19.7961001682669
"01131",0.1634138273,0.0003604253,9.911695801,53.55,0.2102370859,0.0562890896,8401.14,1.2,0.336,6,5.4,0.095,0.201,0.185,0.446,0.252,0.2585261354,8.84408e-05,0.0001768816,0.426,0.341,41.8360028687545,23.906287353574
"01133",0.163264246,0.0004140787,11.180124224,157.07,0.2059730791,0.0426504189,11564.42,7.5,0.217,5.1,4.9,0.129,0.154,0.149,0.349,0.216,0.7649485378,4.14147e-05,0.0002899031,0.347,0.306,56.8079475704211,20.7833954525931
"04001",0.2104859001,0.0002923651,3.0628724174,83.9,0.2542493965,0.125172509,8009.32,0.9,0.295,5.7,5.3,0.146,0.194,0.185,0.378,0.256,0.2213848262,0.0009175077,0.0006255734,0.337,0.238,51.106692189039,33.4516530691892
"04003",0.142011103,0.0004629339,8.9448245559,48.59,0.1572700297,0.1093638556,8303.34,6.3,0.191,4.1,3.9,0.149,0.125,0.118,0.33,0.16,0.7280313066,0.0009886231,0.0005483769,0.266,0.215,43.3026910274737,23.7382221897597
"04005",0.1880657889,0.0008062056,9.0062608039,38.88,0.2034652334,0.1501007065,7950.24,5.4,0.159,3.8,4,0.192,0.122,0.129,0.312,0.198,0.8172904531,0.0017650635,0.0007250676,0.228,0.162,29.0333351075927,22.0169457899245
"04007",0.1755528352,0.0005082927,9.0363146897,49.18,0.1986957775,0.1185337139,9404.42,5.9,0.194,4.3,4.1,0.131,0.132,0.129,0.332,0.18,0.8179562289,0.0005843213,0.0003769815,0.275,0.254,54.6033100903151,33.2640854573184
"04009",0.144947386,0.0005532576,4.7422082883,36.08,0.1717291527,0.0999547306,7312.09,6.2,0.196,4.1,3.8,0.172,0.128,0.123,0.365,0.184,0.4328318109,0.0004001921,0.0007737047,0.319,0.263,35.3653684629327,17.6826842314663
"04011",0.1091175394,0.0004279906,8.5598116841,36.56,0.1207142857,0.0878920496,6523.84,5.3,0.196,3.7,3.5,0.177,0.117,0.111,0.344,0.172,0.4328552803,0.0002210189,0.0005525472,0.295,0.214,21.4868929952729,21.4868929952729
"04012",0.2401235057,0.0003460037,4.9429093965,50.36,0.2639372822,0.1809418893,9005.26,5.6,0.218,4.4,4,0.13,0.134,0.127,0.3,0.16,0.3330567622,0.001131667,0.0002460146,0.281,0.288,28.0033604032484,34.5923863804833
"04013",0.1557909885,0.0007061084,5.2407631549,33.44,0.181762783,0.0975848104,9472.3,7.3,0.153,3.5,3.4,0.171,0.106,0.107,0.328,0.151,0.9302020347,0.0011021566,0.000676159,0.263,0.19,27.7955571137955,15.9484041403884
"04015",0.1948260915,0.0005015711,5.9008364436,56.01,0.2131208822,0.1457016113,9022.7,5.2,0.193,4.1,4,0.151,0.126,0.122,0.34,0.2,0.6467685053,0.0006353741,0.0005614934,0.304,0.301,44.8351245565577,37.144428008535
"04017",0.1861027938,0.0006567932,6.9379561706,48.21,0.2227027027,0.1165098265,8352.96,4.3,0.215,4.7,4.6,0.146,0.156,0.156,0.353,0.234,0.4694506231,0.0006242895,0.000568383,0.314,0.259,41.3963546493667,23.4785295026259
"04019",0.1604355676,0.0008202955,6.3114972783,31.11,0.1802702772,0.1121016201,8283.26,7,0.161,3.5,3.7,0.162,0.11,0.114,0.311,0.146,0.8576218831,0.0014188895,0.0006141162,0.249,0.181,37.4282445422678,18.9299905848205
"04021",0.1434486897,0.0001766529,3.6077010734,43.53,0.1680970158,0.0964265851,9335.67,7.3,0.182,3.9,3.6,0.162,0.116,0.112,0.336,0.17,0.6972882348,0.0002876589,0.0002773854,0.326,0.252,20.7872091042967,15.7782430550686
"04023",0.2069124779,0.0003854802,5.5680479709,20,0.2354634427,0.154182773,6472.13,7.3,0.245,4.1,3.8,0.147,0.14,0.13,0.305,0.154,0.3924293547,0.0003848785,0.0002352036,0.237,0.19,18.5815156799405,10.005431519968
"04025",0.1811360164,0.0006214472,9.3217086144,26.22,0.1926727104,0.1501400702,7770.84,6.2,0.141,3.6,3.6,0.152,0.106,0.109,0.297,0.147,0.8958930594,0.0014316725,0.0006089256,0.233,0.219,67.3542283826452,33.2199587950603
"04027",0.1941250235,0.0003985299,4.0837011124,51.35,0.2269549107,0.1316994295,9430.67,5.7,0.235,4.1,3.9,0.159,0.133,0.124,0.344,0.149,0.7723025681,0.0004622243,0.0004771348,0.31,0.282,22.8346883557874,13.6351016800745
"05001",0.1290471177,0.0005378079,18.285468431,79.42,0.1589608502,0.053547221,9186.78,6,0.211,4.6,4.2,0.139,0.138,0.13,0.353,0.224,0.4840948525,0.000745593,0.0003727965,0.319,0.362,21.5038348505483,17.919862375457
"05003",0.1171985816,0.000381898,16.230666412,97.28,0.1459486248,0.0470541716,11127.97,5.3,0.241,5.1,4.5,0.128,0.152,0.138,0.375,0.244,0.4385210269,0.000657802,0.0005168444,0.421,0.408,42.8102554345241,15.8556501609349
"05005",0.1347141149,0.000881122,11.014024525,50.35,0.1626039171,0.0547963381,8755.71,7,0.182,4.7,4.2,0.13,0.136,0.126,0.317,0.201,0.7202803941,0.0024415851,0.0008057231,0.341,0.35,89.52770068448,34.1833038977105
"05007",0.1418619773,0.0005818728,8.9550637378,41.16,0.1826100244,0.0557892569,9230.78,7.6,0.171,4,3.9,0.155,0.119,0.116,0.316,0.187,0.8257966287,0.0011673135,0.0003539868,0.308,0.264,44.9752499005882,16.4543597197274
"05009",0.1272837592,0.0007527691,13.979997849,41.01,0.1579659436,0.0499479709,8641.59,6.4,0.187,4.5,4.3,0.145,0.132,0.128,0.329,0.217,0.4802319595,0.0008289657,0.0004545941,0.378,0.342,28.6189564812993,28.6189564812993
"05011",0.1813119501,0.0004485109,18.837459634,92.37,0.2269415594,0.0673477109,11247.85,5.9,0.299,5.6,4.7,0.12,0.175,0.153,0.388,0.25,0.6425964546,8.88968e-05,0.0001777936,0.417,0.376,50.759905646293,29.8587680272312
"05013",0.128507014,0.0003844675,15.3787005,60.9,0.1521384264,0.0541368744,9000.59,3.6,0.22,4.7,4.2,0.134,0.141,0.132,0.349,0.223,0.043219076,0,0.0003816066,0.365,0.337,6.38080653394589,6.38080653394589
"05015",0.190430048,0.0005767013,13.696655133,51.96,0.2343869488,0.0784220532,8494.34,7.5,0.218,4.6,4.2,0.137,0.138,0.129,0.319,0.202,0.4558769948,0.0004674914,0.0001798044,0.34,0.334,45.6423561064668,20.418948784472
"05017",0.143472023,0.0008944544,14.311270125,93.56,0.181942311,0.0553012967,10580.38,4.7,0.302,5.6,4.8,0.107,0.179,0.157,0.414,0.266,0.0950847458,0.0032642258,0.0008822232,0.434,0.335,71.5520839544452,41.738715640093
"05019",0.12209055,0.0004429483,17.274982282,56.24,0.1498976668,0.0445732115,8243.31,6,0.224,4.7,4.4,0.154,0.143,0.135,0.365,0.232,0.654577082,0.0018906916,0.0002638174,0.342,0.354,38.2623028019779,32.3757946785967
"05021",0.1456582633,0.0001984389,15.875115756,87.02,0.1777321469,0.0554689935,11266.03,6.6,0.211,4.8,4.4,0.137,0.144,0.136,0.338,0.227,0.1557545234,0.0003246332,0.0004544864,0.352,0.356,46.0233623353569,26.2990641916325
"05023",0.1387937846,0.0006631817,16.38448935,57.41,0.1696965359,0.0553337136,8277.33,6.9,0.191,4.4,4.1,0.142,0.129,0.124,0.313,0.199,0.4797073546,0.000545044,0.000272522,0.337,0.444,50.7898472397671,22.139164181437
"05025",0.1181898067,0.0001183572,9.4685761629,69.95,0.144469526,0.0562897699,9536.2,6.2,0.184,4.3,4,0.144,0.125,0.121,0.329,0.195,0,0,0,0.352,0.333,47.331676724648,63.1089022995306
"05027",0.1353204817,0.000668533,16.713324698,73.31,0.1665434107,0.0542635659,9287.02,5.2,0.248,4.9,4.4,0.135,0.151,0.14,0.386,0.237,0.5266373412,0.0016139712,0.0002896871,0.342,0.361,20.7724584897038,26.3117807536248
"05029",0.1340242403,0.0006166105,16.126737182,60.31,0.1659522847,0.0526635609,8981.37,6,0.218,4.7,4.2,0.144,0.141,0.131,0.337,0.223,0.2575565271,0.0018357261,0.0001882796,0.379,0.339,64.7228755900043,25.2577075473187
"05031",0.1332310981,0.0011119998,8.9740338282,63.23,0.1706169683,0.0452866121,9850.91,5.8,0.215,4.6,4.3,0.16,0.138,0.132,0.352,0.241,0.5895814108,0.0033698565,0.0007587104,0.356,0.335,49.6173303930471,18.4848877934881
"05033",0.1497843167,0.0004376226,8.5903690617,67.43,0.1901206986,0.0554582969,10155.53,6.6,0.201,4.6,4.3,0.149,0.137,0.13,0.332,0.215,0.63774456,0.0004055808,0.0001622323,0.339,0.297,42.1530479896239,22.6977950713359
"05035",0.11913812,0.0004238314,8.4766287237,44.63,0.1584346763,0.0352659049,8734.47,4.9,0.259,5.2,4.6,0.128,0.159,0.146,0.388,0.261,0.6330399591,0.0017890886,0.0004623487,0.404,0.367,49.9133261835866,13.4900881577261
"05037",0.1240403753,0.0005804841,19.155976084,97.61,0.1563905266,0.0471521942,10348.63,5.7,0.235,4.9,4.4,0.137,0.148,0.137,0.363,0.231,0.3860660325,0.0004558924,0.0002849328,0.394,0.39,38.4179488657101,11.525384659713
"05039",0.1353756632,0.0006447453,23.210831721,74.02,0.1683329458,0.046182266,10590.59,5,0.24,4.9,4.3,0.125,0.146,0.133,0.372,0.222,0.3607688517,0.0022690029,0.0003781671,0.386,0.368,47.2265155418169,51.5198351365276
"05041",0.1302662957,0.0004892368,17.938682322,100.8,0.1669280114,0.0475297061,11332.98,3.5,0.295,5.5,4.6,0.115,0.169,0.152,0.379,0.253,0.3385608856,0.0003998401,0.0004798081,0.39,0.353,38.1118310012522,32.6672837153591
"05043",0.1249915774,0.0006443991,11.276984212,124.55,0.1559811268,0.0446848542,10807,5,0.256,5.2,4.6,0.134,0.159,0.146,0.367,0.249,0.5320114539,0.0052701624,0.0001597019,0.368,0.345,51.6151997864199,30.2571860816944
"05045",0.1247105108,0.0004968203,8.9427662957,39.08,0.1556990749,0.0473286491,9501.59,6.3,0.194,4.3,4,0.171,0.123,0.121,0.349,0.217,0.7061737771,0.0008446228,0.0003595919,0.331,0.312,38.4084001105278,14.9212489638022
"05047",0.1351928375,0.000336984,12.356079753,64.36,0.1685890042,0.0537757437,10169.35,6.9,0.212,4.8,4.4,0.142,0.145,0.134,0.342,0.229,0.6469517241,0,5.54508e-05,0.326,0.365,84.0477391158178,20.5450028949777
"05049",0.1473567056,0.0004123711,9.8969072165,78.5,0.178593179,0.0653876273,10144.84,6.4,0.202,4.7,4.2,0.131,0.139,0.13,0.319,0.21,0.2744793793,0.0001625488,0.0004876463,0.309,0.32,51.8658040564518,27.2977916086589
"05051",0.1524968058,0.0007500873,11.302685929,63.71,0.1895893977,0.0520483546,9794.54,5.9,0.198,4.7,4.3,0.137,0.139,0.134,0.336,0.232,0.9005144547,0.0017082935,0.0006380373,0.305,0.342,58.6274993828684,32.9136838640665
"05053",0.1113091701,0.0001102293,12.676366843,69.67,0.1368140943,0.0484848485,10413.63,7.4,0.177,4.2,4,0.162,0.122,0.117,0.328,0.196,0.2074721335,0.0004994728,0.0002774849,0.392,0.344,53.441444761817,11.0568506403759
"05055",0.1117169909,0.0005263881,10.985489999,82.94,0.1425471159,0.0378136201,10070.19,6.4,0.193,4.5,4.1,0.157,0.132,0.125,0.333,0.227,0.6915894512,0.0013922083,0.0004872729,0.333,0.372,37.4082924259659,25.9567743363845
"05057",0.1623510293,0.0003135217,11.645093385,70.5,0.2067503925,0.0659542495,9977.45,5.5,0.292,5.3,4.6,0.12,0.164,0.149,0.372,0.261,0.4949798753,0.0005784462,0.0001779834,0.382,0.381,19.4363459669582,19.4363459669582
"05059",0.1294632393,0.0002097818,11.388156317,87.28,0.1615897573,0.044087065,10110.26,6.4,0.194,4.4,4,0.155,0.129,0.12,0.336,0.212,0.3514260547,0.001641791,0.000238806,0.353,0.351,42.8739505852793,25.92378407482
"05061",0.1771151428,0.0004444444,15.555555556,68.14,0.2255639098,0.0704381586,10754.13,6.2,0.263,5.2,4.7,0.126,0.161,0.146,0.359,0.246,0.4730582348,0.0005890582,7.36323e-05,0.349,0.341,64.3867165250984,44.5754191327605
"05063",0.1338396456,0.0008658243,12.987364377,87.51,0.1695582857,0.0490239088,10800.85,6.2,0.212,4.7,4.3,0.147,0.14,0.133,0.334,0.233,0.4843234098,0.001486607,0.0003243506,0.364,0.315,42.3392908619199,17.1158835399251
"05065",0.1664517516,7.4151e-05,17.796233131,95.27,0.2003479269,0.0722986248,9611.46,7.1,0.211,4.9,4.3,0.135,0.145,0.133,0.341,0.215,0.4450934579,0.000448833,0.0005236385,0.337,0.347,57.0733765105834,24.8145115263406
"05067",0.1394941944,0.0005132885,12.547051443,122.56,0.176050143,0.0458036204,11155.46,5.3,0.239,5.1,4.4,0.138,0.152,0.14,0.358,0.25,0.1693059954,0.0009083168,0.0003973886,0.344,0.385,74.3041133995085,11.4314020614628
"05069",0.1124135382,0.0007607508,13.970150905,54.42,0.1438078274,0.0371529589,8616.95,4.6,0.258,5,4.5,0.128,0.153,0.143,0.413,0.262,0.6497062052,0.0013389624,0.0002595948,0.42,0.338,48.3752816132465,12.9000750968657
"05071",0.1656209028,0.0006152663,8.0753701211,68.65,0.2110646211,0.0591088209,8710.48,7,0.235,5,4.5,0.145,0.15,0.14,0.331,0.243,0.2931480031,0.0022827517,0.0003095257,0.376,0.325,53.8516770950867,15.3861934557391
"05073",0.1624180626,0.0001406272,11.250175784,78.18,0.1973300971,0.0593922652,9698.99,5,0.262,5.2,4.5,0.115,0.16,0.143,0.36,0.248,0.0387181164,0.000551572,0.000275786,0.382,0.411,32.7730699002762,32.7730699002762
"05075",0.1251133958,0.0002953163,10.631386215,91.35,0.1579833702,0.0437547698,11123.21,5.6,0.212,5,4.5,0.14,0.15,0.14,0.338,0.243,0.2652311226,0.0018223502,0.000235142,0.324,0.405,88.7206482522032,69.0049486406025
"05077",0.1352307692,0.0003042596,14.198782961,61.64,0.1729193618,0.0429009193,8204.06,3.3,0.319,5.7,4.7,0.123,0.179,0.155,0.404,0.283,0.4295855718,0,0,0.391,0.359,47.4174428450466,40.6435224386113
"05079",0.146035503,0.0001431639,9.3056549749,86.68,0.1809872029,0.0620366758,9572.78,4,0.269,5.1,4.4,0.151,0.154,0.136,0.386,0.257,0.3831894722,0.0006414368,0,0.365,0.35,35.8671480834987,31.0848616723656
"05081",0.1316339739,0.0003989786,13.565272901,75.29,0.1634076302,0.0491179523,12300.26,6.7,0.211,4.6,4.2,0.137,0.137,0.129,0.354,0.212,0.4925214486,0,0.0002356638,0.376,0.366,84.8041554036148,45.0522075581704
"05083",0.1414274277,0.0002277074,12.751616723,74.42,0.1755665334,0.0516206483,9764.24,6.8,0.201,4.5,4.2,0.148,0.134,0.128,0.335,0.211,0.4265199302,0.0002717145,0.0003170003,0.391,0.344,45.6246007847431,28.895580497004
"05085",0.1075796189,0.0001816734,7.8259289797,62.61,0.1369740376,0.0418710493,10183.43,7.1,0.177,4.1,3.9,0.159,0.119,0.116,0.319,0.207,0.6286938967,0.0003674756,0.0001978715,0.381,0.319,43.4670841999486,16.8259680773995
"05087",0.1744447024,0.0002541296,8.2592121982,53.76,0.2144391921,0.073889035,8037.23,6.4,0.229,5.1,4.5,0.137,0.154,0.14,0.351,0.234,0.4679646243,0.0011464238,0.0001273804,0.347,0.353,40.2474156922556,27.5377054736485
"05089",0.1445571105,0.0001221971,9.1647827946,55.66,0.1693583588,0.0650017106,8937.57,6.9,0.209,4.8,4.4,0.13,0.142,0.135,0.331,0.225,0.5500510419,0.0002434571,0.0002434571,0.331,0.333,100.036748193214,32.6650606345188
"05091",0.1279780257,0.000483559,12.664640324,55.39,0.1620826304,0.0442735203,10690.53,5.6,0.23,5,4.3,0.145,0.147,0.133,0.355,0.229,0.620058902,0.0015667481,0.0002995254,0.337,0.377,32.8902078967094,9.94355122458658
"05093",0.119163113,0.0004069176,11.981462643,96.55,0.1573405073,0.03490387,10261.38,4.9,0.274,5.3,4.7,0.128,0.162,0.149,0.396,0.256,0.2344449225,0.0007595219,0.0002904055,0.415,0.397,33.9013696153325,18.0807304615106
"05095",0.140201005,0.0005275653,10.551305724,90.8,0.1748410536,0.0452352232,9723.55,4.9,0.296,5.7,4.7,0.11,0.177,0.155,0.376,0.258,0.066143085,0,0.0003905233,0.359,0.369,4.41247848916737,4.41247848916737
"05097",0.1723214286,0.0002202158,5.5053952874,52.59,0.2078361177,0.0694288914,8512.1,6.3,0.218,4.8,4.3,0.127,0.143,0.134,0.313,0.212,0.9751238537,0.0001083893,0.0002167787,0.357,0.367,58.6553266368502,102.646821614488
"05099",0.1229531744,0.0002292789,12.610340479,79.16,0.1545183714,0.0425953442,9235.24,5.2,0.293,5.7,4.9,0.115,0.178,0.16,0.379,0.268,0.2927642548,0.0010228435,0.0002272986,0.356,0.326,61.3496932515337,46.0122699386503
"05101",0.159349866,0.0001265182,3.7955465587,41.77,0.1935050392,0.0605678233,7490.82,6,0.217,4.8,4.4,0.133,0.146,0.137,0.317,0.223,0.5767106843,0.0001240079,0.0004960317,0.318,0.324,46.0617227084293,20.9371466856497
"05103",0.1128381408,0.0005638795,18.527468987,61.84,0.1416752844,0.0396920445,9362.73,4.3,0.255,5,4.5,0.116,0.153,0.144,0.355,0.233,0.3850689127,0.001399888,0.0001599872,0.363,0.332,29.6543915458026,24.2626839920203
"05105",0.1345602294,9.76086e-05,7.8086871645,62.96,0.1629834254,0.0592497869,8674.8,7.1,0.188,4.4,4.1,0.156,0.129,0.123,0.337,0.219,0.1504068933,9.66651e-05,9.66651e-05,0.365,0.319,77.9752428603918,35.7386529776796
"05107",0.1262638567,0.0004014049,13.547415956,74.17,0.1691524515,0.0357013411,8580.32,1.9,0.321,5.9,4.9,0.106,0.185,0.164,0.397,0.273,0.039021924,0.0004902201,0.0005882641,0.436,0.37,23.3949400086895,10.026402860867
"05109",0.1949756705,0.0003628447,9.0711175617,54.36,0.2392628455,0.0823300971,9206.29,6.2,0.225,4.9,4.4,0.14,0.147,0.136,0.342,0.226,0.5407846958,8.94694e-05,0.0004473472,0.365,0.394,72.6722180166541,39.3641180923543
"05111",0.1409875673,0.0001237317,12.373174957,83.49,0.1805195715,0.0418652144,11151.32,6.1,0.247,5,4.5,0.14,0.154,0.143,0.333,0.253,0.2567628036,0.0020708221,0.0004141644,0.399,0.399,91.121205008905,27.6124863663349
"05113",0.1618666158,0.0006427689,17.799752781,66.13,0.2046946668,0.0613344385,9651.21,5.5,0.231,5,4.6,0.132,0.151,0.139,0.335,0.232,0.6220114219,0.0005880623,0.0008820935,0.338,0.397,19.7215967919536,9.86079839597679
"05115",0.147647697,0.0007120141,13.923830319,54.63,0.1871607916,0.0489477577,9194.11,6.8,0.21,4.6,4.1,0.158,0.136,0.127,0.316,0.213,0.8233636688,0.0016787376,0.0003357475,0.323,0.322,42.8258731719697,16.918863475346
"05117",0.146953405,0,15.655105973,65.43,0.1783693146,0.0580535003,9206.64,6.8,0.217,4.8,4.3,0.132,0.144,0.136,0.347,0.223,0.0686173264,0.0002388345,0.0005970862,0.371,0.377,44.0546277383956,36.0446954223237
"05119",0.126298555,0.0011026173,15.864446832,49.48,0.1562590692,0.0503932087,9115.99,5.5,0.177,3.9,3.8,0.155,0.12,0.122,0.353,0.202,0.8435289015,0.0032048333,0.0007488167,0.323,0.28,43.9382994093401,15.6376152636723
"05121",0.1364355581,0.0005691196,10.244152296,69.31,0.1687246864,0.0518630413,9471.17,5.6,0.207,4.9,4.2,0.146,0.14,0.129,0.343,0.221,0.272246647,0.0005087045,0.0001695682,0.352,0.404,64.476977926117,79.6480315557915
"05123",0.1230640435,0.0004832893,9.2940258002,65.92,0.1601442199,0.0397383483,8774.02,3.6,0.318,5.6,4.7,0.129,0.176,0.154,0.391,0.28,0.4650010616,0.0015774028,0.0003301541,0.445,0.396,21.0531530192698,19.8147322534304
"05125",0.1061294282,0.0004061563,8.0367096155,51.68,0.1345848057,0.0381078445,9509.44,7.4,0.152,3.9,3.6,0.156,0.109,0.109,0.335,0.187,0.7365428779,0.0010663963,0.0001660781,0.328,0.33,50.3476867395701,14.6727544212461
"05127",0.1766408149,0.0002805574,12.157486206,79.94,0.2220245796,0.065150347,9665.51,7,0.226,4.8,4.3,0.138,0.145,0.134,0.354,0.225,0.5465147334,9.13242e-05,0.0003652968,0.335,0.348,24.8787162582411,24.8787162582411
"05129",0.1847663396,0.0003783579,7.567158532,51.2,0.2266696649,0.0663824604,8192.36,5.3,0.23,5,4.5,0.128,0.15,0.14,0.335,0.232,0.2445393533,0.0019942665,0.000373925,0.363,0.375,46.1777423281978,46.1777423281978
"05131",0.1578759667,0.0011910772,10.806461791,53.1,0.1985204423,0.0588105865,10002.79,6.7,0.231,5,4.3,0.135,0.15,0.134,0.363,0.226,0.6713799466,0.0025992995,0.0003533791,0.348,0.292,50.0133543511618,16.234701412419
"05133",0.213800981,0.0004590841,10.90324802,86.43,0.2791092471,0.082095387,11603.99,5.9,0.287,5.3,4.5,0.131,0.167,0.147,0.332,0.234,0.3302262868,0.0004030865,0.0001727514,0.368,0.335,40.3210322184248,9.60024576629162
"05135",0.1602949427,0.0004140542,16.562167278,66.32,0.1987707167,0.0583941606,10102.11,6.1,0.222,4.9,4.5,0.13,0.151,0.141,0.318,0.225,0.5108897127,0.0013490527,0.0004105813,0.371,0.315,92.3978217704995,27.5227554209999
"05137",0.1703831998,0.0005602689,11.205378582,80.75,0.2062067951,0.0736434109,10042.54,5.7,0.233,5.2,4.6,0.126,0.155,0.143,0.324,0.236,0.4759561078,0.0005563946,0.0001589699,0.346,0.364,47.9603527750393,26.6446404305774
"05139",0.1401939525,0.0007706267,23.615979317,46.21,0.1777356902,0.0486013282,8659.01,5.2,0.226,4.7,4.3,0.133,0.14,0.133,0.362,0.229,0.3352145825,0.0014252715,0.0003440311,0.386,0.347,37.9961177879651,17.3460537727667
"05141",0.1566951567,0.0001186873,17.803097739,57.45,0.1914666667,0.0595583963,9030.24,6.3,0.224,5.1,4.5,0.127,0.154,0.141,0.351,0.225,0.3987279561,0.0005905977,0.0005905977,0.34,0.346,47.4739882106263,23.7369941053131
"05143",0.1686045898,0.0008107178,8.560092757,45.19,0.2119170369,0.0658847278,8647.87,6.8,0.223,4.6,4.1,0.169,0.138,0.13,0.342,0.232,0.756142122,0.0031791507,0.0005036736,0.299,0.257,29.8787195610544,14.48665190839
"05145",0.1352794757,0.0005216816,11.324307818,70.82,0.172996624,0.0458046839,10129.61,6.6,0.202,4.6,4.1,0.157,0.135,0.125,0.337,0.226,0.4894779179,0.0013760942,0.0004459564,0.38,0.321,49.5267444419987,18.2021368462046
"05147",0.1459259259,0.0004341534,23.154848046,92.49,0.1813550688,0.0532051282,10397.49,5.6,0.268,5.3,4.6,0.119,0.164,0.149,0.362,0.245,0,0.0007070136,0.000989819,0.364,0.333,53.0811175988033,48.2555614534575
"05149",0.1898243086,0.0005011161,12.755683112,137,0.2382153555,0.07767508,11090.22,7.5,0.236,4.8,4.2,0.143,0.145,0.132,0.325,0.227,0.4139734055,0.0001827068,0.0002283835,0.365,0.349,39.6601430815931,15.2539011852281
"06001",0.0959810707,0.001068333,6.4993876174,33.13,0.114116443,0.0440702647,8394.8,7.7,0.13,3.4,3.3,0.163,0.099,0.096,0.322,0.106,0.9973316047,0.0045278616,0.0003888805,0.189,0.167,28.0652945809955,9.61055105947005
"06003",0.1507936508,0,8.9605734767,NA,0.17397882,0.0865800866,6200.26,6.5,0.156,4.2,4.1,0.179,0.124,0.125,0.305,0.157,0.965106383,0.0069025022,0,0.228,0.189,0,0
"06005",0.1041284591,0.000571553,8.9815470034,32.78,0.115808339,0.0685279188,7637.6,7.6,0.127,3.5,3.5,0.187,0.102,0.104,0.283,0.126,0.6884828437,0.0014239163,0.0004655111,0.253,0.182,22.6732691226352,29.9287152418784
"06007",0.1307519027,0.0006377068,7.3581548423,39.01,0.1552165425,0.0585311165,8553.45,6.5,0.152,4.2,4.2,0.199,0.124,0.123,0.316,0.15,0.8140954545,0.0041964969,0.0008059796,0.254,0.199,27.3914687484183,17.8640013576641
"06009",0.1063489187,0.0004930082,8.067407673,34.36,0.1200126163,0.0663915524,7288.86,7.8,0.118,3.3,3.5,0.182,0.098,0.103,0.275,0.116,0.621308526,0.0012130742,0.0002471077,0.258,0.194,25.3793844752812,30.6045518672509
"06011",0.1690071848,0.0003268126,7.9368784724,53.01,0.2110179641,0.0820471162,7562.96,7.7,0.208,4.3,4,0.177,0.134,0.122,0.319,0.143,0.5716420001,0.0015450885,0.000327746,0.268,0.186,34.23644936896,24.8992359046982
"06013",0.0981682382,0.0009834983,5.4708779229,33.76,0.1212475594,0.0416024029,8288.9,8.1,0.138,3.6,3.5,0.174,0.101,0.099,0.34,0.11,0.9586806797,0.002834935,0.0003536814,0.242,0.177,33.3404455615944,9.63301802454709
"06015",0.1272554606,0.0008084669,5.8797589299,48.74,0.1540499094,0.0623110514,7867.12,6,0.172,4.3,4,0.191,0.131,0.123,0.321,0.161,0.6681929395,0.0034083163,0.0007534173,0.245,0.188,31.5767740681815,24.2898262062935
"06017",0.0925579242,0.0007318925,6.1719291921,32.21,0.1079215051,0.0520457205,7922.6,7.7,0.116,3.4,3.4,0.206,0.096,0.1,0.298,0.116,0.935435054,0.0023550515,0.0003026351,0.187,0.172,43.6938806720119,15.8390317436043
"06019",0.154457102,0.0006656494,5.2485884713,42.89,0.2057628442,0.0507153865,8665.11,7.1,0.218,4.3,4.2,0.169,0.138,0.129,0.301,0.134,0.7882777151,0.002361631,0.0005464412,0.268,0.212,19.6470641450748,10.6004370694867
"06021",0.1800545749,0.0002146307,9.6583795385,49.83,0.2236483135,0.0871642562,8369.83,7.3,0.195,4.3,4.1,0.176,0.133,0.126,0.318,0.147,0.6267335182,0.0011095204,0.0003221188,0.27,0.211,35.7517399180093,20.259319286872
"06023",0.1491656547,0.0006676112,9.7174520989,32.13,0.176125107,0.0643171806,7028.1,6.5,0.147,4.1,4.1,0.198,0.123,0.123,0.314,0.152,0.8401164734,0.0033756404,0.0007509685,0.275,0.162,44.4412622306057,27.8992368447691
"06025",0.1598651812,0.0002177664,4.8020280193,37.68,0.2092693068,0.0650701774,8761.81,6.7,0.278,4.8,4.2,0.165,0.158,0.132,0.341,0.144,0.6853226989,0.0009343995,0.0003284556,0.281,0.224,15.8621744988486,8.21100797587457
"06027",0.1342885237,0.0011950027,9.2341118957,23.22,0.1537875179,0.0850528435,7365.59,6.8,0.141,3.7,3.8,0.182,0.11,0.112,0.301,0.13,0.7745066322,0.0030324362,0.000920561,0.239,0.202,47.1552677875111,19.9503056024085
"06029",0.1451291957,0.0004893727,4.5392750195,52.83,0.1920056168,0.0542983184,9708.64,7.4,0.208,4.2,4,0.191,0.136,0.126,0.342,0.167,0.8041103771,0.0013516579,0.0003876758,0.316,0.236,18.3907063595597,13.5450223187628
"06031",0.1428857415,0.000399284,4.1259341581,49.22,0.1868837162,0.059417093,8532.48,7.1,0.216,4.4,4,0.188,0.14,0.125,0.354,0.155,0.5153155273,0.0013844727,0.000463699,0.259,0.197,10.3937690460289,9.73033697926111
"06033",0.1587950468,0.000529727,6.2320827621,44.73,0.1870107046,0.0789046354,8176.27,6.4,0.179,4.3,4.2,0.169,0.132,0.131,0.328,0.153,0.8717080337,0.0030065769,0.0006263702,0.263,0.192,49.8351805227503,30.1087548991616
"06035",0.0931799337,0.0004724558,6.9293521056,63.56,0.1099821109,0.0522573765,8149.14,4.3,0.141,3.6,3.6,0.219,0.108,0.105,0.318,0.148,0.3938959736,0.0026427883,0.0005596493,0.257,0.213,17.8464574781906,27.2945820254679
"06037",0.1737042372,0.0007212823,5.5749376897,42.17,0.2147406811,0.060671423,11222.19,7.9,0.206,3.9,3.6,0.168,0.125,0.11,0.354,0.124,0.9757146764,0.0024536122,0.0003844438,0.216,0.18,19.2350432194493,8.048425186522
"06039",0.173530386,0.0004141108,4.6587467971,44.59,0.2269610951,0.0671529519,7606.73,7.4,0.228,4.5,4.2,0.176,0.144,0.132,0.321,0.157,0.7874192159,0.0011811876,0.0004987237,0.263,0.196,16.0195698529014,11.4734757054564
"06041",0.0869922096,0.0014343241,8.322147651,24.29,0.1025001828,0.0469265286,7585,8.3,0.107,3.1,3.2,0.184,0.09,0.095,0.297,0.105,0.9616693541,0.0061424729,0.0004102723,0.181,0.12,33.5752803920362,14.4809415431301
"06043",0.1256060606,0.0003393281,10.179843909,41.89,0.1408587527,0.0755267423,8154.34,6.9,0.13,3.6,3.7,0.179,0.107,0.111,0.284,0.127,0.5766807298,0.00208392,0.0004505773,0.248,0.192,26.4310527110708,33.9827820570911
"06045",0.1584941564,0.0009332074,8.5354334293,30.35,0.1880346854,0.0812594458,6712.67,6.9,0.174,4.2,4.2,0.172,0.128,0.126,0.304,0.15,0.7447547273,0.004151757,0.0007454812,0.249,0.178,39.9680255795364,24.7421110730463
"06047",0.1485223563,0.000469302,3.9796810999,44.96,0.1964008949,0.0561895974,8297.84,7.1,0.229,4.7,4.1,0.162,0.15,0.13,0.336,0.156,0.6591345346,0.0010561186,0.0003912958,0.263,0.193,21.6782200301741,9.64868752788095
"06049",0.1530038473,0.0005541394,5.5413942148,39.8,0.1770354071,0.0887700535,6937.13,5.7,0.164,4.2,4.2,0.17,0.127,0.127,0.305,0.144,0.4198843692,0.0018585329,0.0003279764,0.23,0.184,36.8527731711811,36.8527731711811
"06051",0.1647544366,0.0005001072,7.1443880832,17.88,0.1848195329,0.0988002823,8058.12,7.6,0.139,3.6,3.6,0.211,0.106,0.107,0.301,0.136,0.8305872412,0.0017052721,0.000639477,0.228,0.164,7.14626012386851,7.14626012386851
"06053",0.1738815467,0.0005981305,5.0771541971,27.09,0.2165707445,0.0808846735,7306.3,8.2,0.199,4.1,3.8,0.189,0.127,0.117,0.322,0.136,0.872015169,0.0023202884,0.0003288047,0.246,0.172,27.1237678390935,10.045839940405
"06055",0.1253742025,0.000988233,7.6940995433,31.68,0.1472750196,0.0691884499,7925.43,8.5,0.142,3.5,3.4,0.183,0.102,0.101,0.281,0.112,0.9393775095,0.003955076,0.000406197,0.232,0.169,49.0047096353154,12.0155778432745
"06057",0.1171391376,0.0007786193,9.5052228166,32.83,0.133291874,0.06872218,7165.97,7.4,0.115,3.4,3.5,0.182,0.099,0.105,0.288,0.117,0.7771252683,0.0045417515,0.0005397149,0.211,0.167,40.5446497955874,22.9753015508329
"06059",0.1337086723,0.0009467448,5.8909272408,30.27,0.1634934579,0.0552196454,9992.64,8.6,0.126,3.4,3.3,0.195,0.099,0.098,0.308,0.111,0.9867541771,0.0018456423,0.0003817795,0.192,0.163,23.0549286325882,10.2548831590215
"06061",0.0877423357,0.0011999118,7.6945013909,28.35,0.107070929,0.0421704346,7571.71,8.1,0.109,3.3,3.5,0.199,0.093,0.098,0.287,0.114,0.9234972678,0.0021289977,0.000416543,0.207,0.148,41.5472445113667,12.6526165790555
"06063",0.1186011151,0.0009674299,18.811136193,53.29,0.1325821596,0.075975976,7610.8,7,0.139,3.8,3.9,0.167,0.115,0.118,0.294,0.133,0.9337731794,0.0023331036,0.0002651254,0.233,0.157,42.9537888821276,30.4256004581737
"06065",0.1695215442,0.0004142927,4.1600998767,37.12,0.2091139321,0.0812484231,9285.08,7.9,0.181,4.2,4,0.179,0.126,0.116,0.363,0.141,0.9098760938,0.0013033766,0.0003162477,0.258,0.212,21.6961552980722,10.3396858912265
"06067",0.1149362803,0.0008002559,7.280574025,35.52,0.142107869,0.0478481682,7827.5,7.1,0.159,3.9,3.8,0.176,0.116,0.113,0.315,0.15,0.974383065,0.0029210789,0.0004568674,0.276,0.183,40.6704139834241,14.1041756458003
"06069",0.1347107761,0.0003432475,4.1189695711,36.7,0.1662568459,0.0660371574,7383.74,8.8,0.176,3.9,3.6,0.191,0.117,0.108,0.314,0.124,0.9354068284,0.00078125,0.0003125,0.228,0.2,19.4665033007174,3.43526528836189
"06071",0.1470650543,0.0005741688,4.2932492797,44.75,0.1885573682,0.0553325678,9491.3,7.6,0.206,4.3,3.8,0.175,0.131,0.119,0.359,0.141,0.9011364921,0.0016299786,0.0004481962,0.273,0.213,21.97776848388,9.66958613381348
"06073",0.1344211026,0.0007832248,5.7362941027,31.47,0.1598064842,0.0660619793,8629.55,7.9,0.143,3.4,3.6,0.2,0.102,0.107,0.335,0.118,0.9606970281,0.0027138948,0.0004948226,0.201,0.155,25.669609515005,12.9217683608814
"06075",0.0928967162,0.0015765969,8.8097045171,31.56,0.1035654889,0.0404044653,7380.8,7.5,0.112,3.2,3.1,0.197,0.092,0.091,0.322,0.115,0.9981620272,0.007638738,0.0007021382,0.181,0.152,24.855884797084,9.43349328519251
"06077",0.1317068843,0.0005939097,4.8910210635,42.32,0.1705604945,0.0500264755,8310.4,7.3,0.185,4,3.8,0.166,0.122,0.114,0.347,0.139,0.8304086058,0.0016823329,0.0002598033,0.28,0.221,12.4878732499504,10.5308184868985
"06079",0.1360450831,0.0008563761,8.8504136762,23.45,0.1556226543,0.0768926031,7242.73,7.7,0.131,3.5,3.6,0.201,0.104,0.107,0.296,0.124,0.8917099656,0.0043734151,0.0005100509,0.229,0.147,41.3417179754029,17.5642559028446
"06081",0.0914748472,0.0010058254,5.93212854,22.57,0.1084135377,0.0453004604,7225.88,8.7,0.116,3,3,0.178,0.087,0.087,0.303,0.093,0.9972830437,0.0027991378,0.0002836602,0.187,0.155,21.0471716432073,7.70555447188551
"06083",0.1549168479,0.0007942487,7.9651801356,25.46,0.1885145644,0.0678178933,7593.01,8.2,0.168,3.9,3.6,0.182,0.117,0.112,0.306,0.124,0.9556423171,0.0039867155,0.0004498539,0.205,0.163,27.0222399847404,12.7163482281131
"06085",0.084248151,0.0010292383,5.5526085912,27.67,0.1017967163,0.0391756919,7796.83,8.5,0.114,3,2.9,0.159,0.087,0.086,0.319,0.09,0.9833226877,0.0025053154,0.0004355436,0.197,0.155,5.32187661352426,8.17665810819622
"06087",0.1289840505,0.0009896837,7.2846610057,30.03,0.1533981151,0.0573723265,7046.57,7.7,0.143,3.7,3.7,0.195,0.11,0.11,0.289,0.131,0.9606794673,0.0052223488,0.0004379795,0.182,0.144,28.6986628140143,15.9437015633413
"06089",0.1349984698,0.0007953104,8.3424172988,35.66,0.1625655888,0.0620660583,8083.4,6.4,0.145,3.9,4,0.18,0.116,0.119,0.306,0.141,0.7783357691,0.0022795843,0.0007542742,0.24,0.193,39.3819998253817,24.5208678158037
"06091",0.1502283105,0,6.66000666,37.86,0.1642484039,0.1037924152,8088,5.2,0.131,3.7,3.8,0.166,0.108,0.112,0.289,0.125,0.7364197531,0.0016409583,0.0016409583,0.224,0.178,66.5409781523788,66.5409781523788
"06093",0.1463370787,0.0008022371,12.835793527,33.53,0.17018946,0.0822454308,6755.7,5.9,0.165,4.2,4.1,0.162,0.128,0.128,0.305,0.152,0.6563028953,0.0030822622,0.000799105,0.238,0.187,58.0236828242264,27.484902390423
"06095",0.1025194451,0.0008118182,5.5899482988,31.54,0.1245339666,0.0462422137,7227.97,7.4,0.155,3.5,3.6,0.178,0.105,0.103,0.327,0.124,0.9683508168,0.0027966892,0.000346055,0.295,0.191,21.0524523398021,13.1577827123763
"06097",0.1282482552,0.0009774292,6.9759260592,25.92,0.152987851,0.0580336357,7390.62,8,0.133,3.4,3.6,0.175,0.103,0.106,0.28,0.116,0.9465629766,0.0033654866,0.000444422,0.203,0.155,28.8487929251007,13.8901595565299
"06099",0.1276797797,0.0006729361,5.5827382485,48.2,0.1619762898,0.053809666,8741.07,7.3,0.202,4.3,4.1,0.183,0.132,0.123,0.334,0.145,0.9268698987,0.0015185798,0.0003786935,0.301,0.21,20.177006233567,10.2764876469099
"06101",0.1460368964,0.0008346636,5.8426450489,46.9,0.1821080038,0.0679878049,7979.4,6.3,0.167,3.9,3.8,0.173,0.118,0.114,0.316,0.134,0.6626977844,0.0022233875,0.0005558469,0.297,0.207,38.9348536466662,16.6863658485712
"06103",0.1328019954,0.0004915407,6.8181457815,37.9,0.1605442923,0.0673820017,7385.67,6.8,0.173,4.2,4,0.176,0.125,0.122,0.318,0.152,0.6002710241,0.0013321281,0.00047576,0.267,0.256,32.7294226952152,17.9483930909244
"06105",0.1270757392,0.0003037206,4.555808656,58.17,0.1369667014,0.097008547,7313.27,6.4,0.152,4.1,4.1,0.163,0.123,0.125,0.298,0.149,0.8914841143,0.003123141,0.000892326,0.243,0.193,32.7563181898355,15.118300703001
"06107",0.1673544891,0.0004430399,4.5176975893,50.32,0.2307196139,0.0521696471,8173.65,7.1,0.256,4.9,4.4,0.168,0.16,0.139,0.33,0.154,0.6803376008,0.0020279956,0.000568103,0.334,0.222,19.3119973415032,10.6398174032432
"06109",0.1152231872,0.0008731029,9.1025617209,23.59,0.1323158731,0.0641269841,7552.19,6.7,0.134,3.7,3.7,0.188,0.108,0.11,0.293,0.133,0.8105843042,0.0011879571,0.0005382931,0.221,0.166,84.8749179129444,19.8247983446293
"06111",0.1311606065,0.0007480696,6.1452791257,33.98,0.1598179496,0.0615223264,9252.34,8.7,0.147,3.4,3.3,0.185,0.104,0.101,0.273,0.112,0.9783242927,0.0026154689,0.0002596413,0.207,0.173,21.8819761119789,12.5377809074042
"06113",0.1131071825,0.0012042969,6.5513753071,20.12,0.1328790333,0.0581508826,6432.98,7.5,0.162,3.9,3.7,0.178,0.117,0.113,0.322,0.124,0.9379533879,0.0030548455,0.000415459,0.229,0.159,18.5540923769872,9.27704618849358
"06115",0.1425246334,0.0002298353,4.4615093421,55.8,0.1799208592,0.0629281429,8377.56,5.9,0.179,4.2,4,0.188,0.127,0.123,0.32,0.15,0.7712286051,0.0012953368,0.0004635942,0.28,0.186,30.2076664352248,17.1327063363962
"08001",0.1533512825,0.0004555685,4.742905404,37.25,0.1933918013,0.0638232474,9625.88,8.2,0.158,3.5,3.3,0.185,0.103,0.096,0.317,0.181,0.9465447472,0.0022826428,0.0012148519,0.271,0.2,27.8924931725838,16.7216190412753
"08003",0.157545861,0.0012363232,13.599554924,32.05,0.1851811673,0.090862815,7188.86,7.8,0.2,4.2,3.7,0.17,0.133,0.115,0.283,0.166,0.5551311104,0.0134129084,0.0015381776,0.209,0.165,47.009769856518,32.7024485958386
"08005",0.1215127516,0.0008403076,7.7082064119,32.22,0.1470022799,0.0573697865,9226.38,7.7,0.116,3,3.1,0.194,0.087,0.088,0.302,0.139,0.9876102048,0.0022386216,0.0008137447,0.218,0.166,32.795059954647,17.8784234892328
"08007",0.1657222282,0.0008983992,14.701078079,31.45,0.1818054779,0.1164179104,7176.18,7.5,0.116,3.1,3.1,0.166,0.095,0.093,0.258,0.141,0.8927507448,0.0008200754,0.0005740528,0.18,0.148,38.0538189725469,29.8994291927154
"08009",0.1725812477,0.0010973937,13.717421125,76.39,0.1912454403,0.1251564456,10053.58,7.2,0.127,3.4,3.3,0.157,0.102,0.099,0.264,0.148,0.6620908131,0.0002715915,0.0008147746,0.212,0.184,91.3909705721075,91.3909705721075
"08011",0.1257718557,0.0001776199,8.8809946714,37.11,0.1486548108,0.0721868365,7006.04,6.8,0.165,3.8,3.3,0.178,0.115,0.098,0.304,0.174,0.4888444376,0.0007032349,0.0007032349,0.248,0.224,5.83158385817588,5.83158385817588
"08013",0.098940846,0.0012510652,9.5744782707,29.82,0.115619712,0.0495424994,8343.95,7.9,0.101,3,3,0.202,0.088,0.087,0.248,0.109,0.976657263,0.0048798896,0.0007740737,0.138,0.1,36.7010234918372,17.6080054903034
"08014",0.0676697248,0.0010460588,6.2763526345,26.48,0.0796270277,0.0391961054,8114.84,8.5,0.086,2.6,2.8,0.204,0.076,0.08,0.253,0.123,0.9920735744,0.0008743757,0.0003699282,0.19,0.129,35.3557538810975,14.9994107374353
"08015",0.1241464929,0.000980232,21.238359745,23.42,0.1348493916,0.0887043189,7565.95,8.2,0.104,3.1,3,0.182,0.087,0.086,0.265,0.142,0.9861306081,0.0010264722,0.0006482982,0.189,0.17,55.8246745061317,23.4103473735391
"08017",0.1795212766,0.0005344735,16.034206307,42.28,0.1916902738,0.1490280778,7751.47,7.6,0.105,3,3,0.187,0.085,0.085,0.264,0.129,0.4847494553,0,0.0010582011,0.242,0.255,17.8890876565295,17.8890876565295
"08019",0.0764997987,0,6.5309676717,29.38,0.0805224868,0.060626703,5935.35,8.2,0.09,2.6,2.8,0.197,0.076,0.08,0.255,0.129,0.7392165493,0.0003321891,0.0002214594,0.189,0.18,21.801533374514,21.801533374514
"08021",0.1453790239,0.0004839685,6.0496067756,36.51,0.1662650602,0.1026747196,7606.83,8.9,0.212,4.1,3.6,0.148,0.13,0.11,0.288,0.154,0.0554748062,0,0.0006040836,0.235,0.213,52.6913099870298,48.6381322957198
"08023",0.2065673921,0,5.6053811659,41.62,0.232814852,0.1240768095,5723.66,3.2,0.219,4.2,3.6,0.128,0.134,0.11,0.296,0.155,0.198354143,0.0002842524,0.0002842524,0.221,0.238,93.7207122774133,65.6044985941893
"08025",0.1267432322,0.0001865672,7.4626865672,49.02,0.1510324484,0.0723514212,8421.69,4.8,0.206,4.3,3.6,0.184,0.133,0.111,0.314,0.206,0.5457667869,0,0.0005636979,0.225,0.191,6.15611918246737,6.15611918246737
"08027",0.1561755699,0.0004586104,25.223572575,16.17,0.1657315494,0.127245509,6125.84,6.9,0.128,3.6,3.5,0.137,0.109,0.104,0.255,0.155,0.9254994125,0.0002333722,0.0009334889,0.221,0.195,7.63883584141777,45.8330150485066
"08029",0.1612816851,0.0006695681,14.0609307,27.93,0.1868017188,0.0957889866,6793.4,7.7,0.138,3.5,3.5,0.16,0.103,0.1,0.27,0.143,0.6812483846,0.001148181,0.0003280517,0.231,0.196,46.4951512199442,32.1037948899615
"08031",0.1396335713,0.0012879183,10.710057211,30.54,0.1644439034,0.0607081554,8697.66,7.2,0.152,3.7,3.4,0.235,0.109,0.1,0.279,0.164,0.9969358069,0.0038152719,0.0008945411,0.166,0.124,40.3326415826028,14.5798741621583
"08033",0.1589876703,0,5.055611729,67.8,0.1758530184,0.1116389549,7887.38,7.1,0.14,3.8,3.5,0.156,0.113,0.108,0.271,0.17,0.324127907,0,0.0004928536,0.195,0.183,0,16.7084377610693
"08035",0.0509211125,0.000683325,5.9115555019,27.22,0.0594406135,0.0346634293,9521.24,8.8,0.072,2.3,2.6,0.183,0.067,0.074,0.259,0.098,0.9873364511,0.0007059677,0.0004543033,0.175,0.103,21.4212694116998,17.4975715491608
"08037",0.1696266314,0.0006991553,9.8259670074,13.94,0.1891258818,0.1140648418,7355.14,8.6,0.108,2.8,2.8,0.236,0.084,0.083,0.242,0.136,0.9738873882,0.0011627907,0.0004193671,0.128,0.107,8.17682060055602,11.9507378008127
"08039",0.0921610169,0,7.8528621616,28.16,0.0964820847,0.0828125,8102.31,8.2,0.088,2.5,2.7,0.199,0.075,0.081,0.258,0.129,0.5902278437,0.0008427085,4.21354e-05,0.213,0.18,20.6432434664134,27.5243246218846
"08041",0.1024420134,0.0005802396,8.9824104509,31.89,0.124394232,0.0509482454,8368.2,7,0.112,3,3.1,0.165,0.089,0.089,0.29,0.154,0.9378960343,0.0023311411,0.0008426915,0.225,0.161,42.2973215710319,23.6323113403986
"08043",0.1217325593,0.0005161068,10.752225711,23.6,0.141039823,0.0672258228,7381.27,6.4,0.136,3.3,3.2,0.172,0.098,0.094,0.299,0.159,0.6871049035,0.0021743342,0.0005597296,0.235,0.194,55.8559203695084,32.940670987146
"08045",0.1805865508,0.0008179461,9.5717095073,26.4,0.2124649042,0.1062845979,7727.87,8.1,0.131,3.2,3.2,0.203,0.092,0.091,0.296,0.161,0.8516731987,0.0016578828,0.0004188335,0.195,0.134,35.2890812111675,23.1403811220771
"08047",0.0645225333,0.0003418219,6.8364382157,NA,0.0698203896,0.0460992908,8847.43,8.4,0.098,2.9,3.1,0.187,0.084,0.088,0.257,0.148,0.8513140967,0.0007141582,0.0005356186,0.212,0.172,5.78703703703704,5.78703703703704
"08049",0.1384923817,0.0005499794,16.499381273,25.81,0.1515830194,0.092746301,8277.43,7.9,0.095,2.9,2.9,0.196,0.084,0.086,0.259,0.152,0.6832850502,0.0010497586,0.0003499195,0.169,0.138,25.3164556962025,36.8239355581128
"08051",0.1495084965,0.0007631161,17.170111288,29.29,0.1658446959,0.0922131148,6926.75,7.5,0.112,3.2,3.1,0.226,0.095,0.093,0.255,0.164,0.9060297572,0.0013542271,0.000515896,0.153,0.127,12.6852576164401,25.3705152328802
"08053",0.1538461538,0,63.613231552,NA,0.1621004566,0.1298701299,5929.32,5.6,0.098,2.9,3,0.175,0.084,0.088,0.248,0.134,0.7307236062,0.0012300123,0.0012300123,0.199,0.164,42.1407501053519,0
"08055",0.1397681676,0.001083256,13.927576602,34.68,0.156980057,0.0789473684,6284.33,6.9,0.171,3.8,3.4,0.133,0.115,0.104,0.283,0.143,0.7924303383,0.0013805798,0.0009203866,0.221,0.21,118.112257998254,112.976942433113
"08057",0.1754545455,0.0007163324,14.326647564,NA,0.1892523364,0.1325757576,9340.92,7.6,0.121,3.2,3.2,0.174,0.097,0.096,0.267,0.154,0.1456241033,0.0021978022,0.0007326007,0.215,0.204,24.2895312120476,24.2895312120476
"08059",0.0918793839,0.0008128873,7.6991529141,24.96,0.1089276859,0.04284012,8717.11,8.1,0.093,2.7,2.9,0.216,0.079,0.082,0.247,0.134,0.9960564445,0.0019409277,0.0005545508,0.183,0.129,49.3488281891009,18.6773678635896
"08061",0.1242937853,0.0007132668,28.530670471,55.48,0.1349614396,0.0969899666,9337.13,4.3,0.118,3.3,3.3,0.16,0.099,0.1,0.257,0.149,0,0,0.0007027407,0.209,0.219,117.702448210923,0
"08063",0.1676839607,0.0003716551,21.060455897,61.37,0.1907304052,0.1167023555,10469.86,7.4,0.15,3.5,3.2,0.176,0.105,0.098,0.298,0.168,0.5836759371,0.0004976981,0.0007465472,0.274,0.239,33.5190849289814,33.5190849289814
"08065",0.1716336402,0.0008155498,13.592496942,40.37,0.1979823455,0.0969976905,7820.59,5.7,0.14,3.4,3.1,0.192,0.101,0.093,0.272,0.153,0.9801641587,0.0005474952,0.0008212428,0.193,0.159,27.0904822105833,27.0904822105833
"08067",0.1376365353,0.0009816815,10.742929115,21.9,0.1576527774,0.0746378817,7278.15,7.8,0.099,3,3,0.197,0.087,0.09,0.245,0.134,0.7863209569,0.0030403123,0.0008632986,0.168,0.129,30.8716295898395,16.0532473867166
"08069",0.1027637184,0.0008638722,8.9163956782,30.28,0.1197428264,0.0529418564,7981.89,7.5,0.098,3.1,2.8,0.206,0.088,0.086,0.227,0.127,0.9212295164,0.0022026153,0.000705723,0.178,0.132,40.5674513473015,21.7729105965264
"08071",0.1347545472,0.0006404782,14.232849416,78.14,0.1549369748,0.0782041999,8714.09,7.1,0.158,3.7,3.3,0.154,0.112,0.098,0.311,0.148,0.7792609789,0.0010383497,0.0003461166,0.232,0.24,58.7461227558981,28.1981389228311
"08073",0.1186868687,0.0003629764,14.519056261,57.81,0.1360191464,0.0798922801,9881.55,7,0.133,3.3,3.2,0.179,0.1,0.094,0.279,0.158,0.0051216389,0.0016574586,0.0018416206,0.237,0.191,72.7404982724132,60.6170818936776
"08075",0.1315668656,0.0006659563,14.207068016,45.45,0.1507758543,0.0816608997,8135.69,7.5,0.132,3.3,3.2,0.197,0.1,0.096,0.279,0.163,0.7814522876,0.0023162584,0.000623608,0.289,0.227,38.8001790777496,23.8770332786151
"08077",0.1297562116,0.0010657313,9.0384809956,26.07,0.155917618,0.0624235719,6932.92,7,0.12,3.1,3.3,0.179,0.093,0.095,0.29,0.156,0.7637452887,0.0021009258,0.0007319354,0.223,0.171,54.915129118072,22.5062004582262
"08079",0.1203883495,0.0014326648,57.306590258,NA,0.1235431235,0.1,6903.48,6,0.104,3.1,3,0.167,0.088,0.089,0.259,0.138,1,0,0.0013869626,0.189,0.17,0,0
"08081",0.1240386335,0.0004641089,13.149752475,56.29,0.142984127,0.0812843506,9045.92,7.6,0.119,3.4,3.1,0.195,0.098,0.092,0.287,0.163,0.6140630663,0.0012974128,0.0005342288,0.251,0.211,33.3607062204886,25.6620817080682
"08083",0.1749601045,0.0009312432,10.476486109,29.1,0.2021127231,0.1056396606,6488.59,7,0.121,3.3,3.3,0.172,0.1,0.101,0.273,0.165,0.6027804974,0.001130957,0.0005069807,0.223,0.179,32.2239694774561,39.9577221520456
"08085",0.1578385842,0.0006850488,10.275732146,29.04,0.183086274,0.0956037021,7188.65,7.1,0.145,3.4,3.2,0.156,0.102,0.099,0.265,0.158,0.7570743289,0.001645666,0.0006140545,0.2,0.162,54.6795939020011,16.3222668364182
"08087",0.1579956538,0.0004589099,12.002259249,45.61,0.1888159524,0.0920285159,8614.43,8.1,0.143,3.4,3.1,0.165,0.103,0.096,0.276,0.138,0.6384459675,0.0013378397,0.000457682,0.275,0.236,35.2559582569454,16.4527805199079
"08089",0.140177283,0.0007031588,16.22674167,53.62,0.1675136826,0.0767370273,8100.31,6.4,0.188,4,3.6,0.148,0.126,0.113,0.302,0.167,0.6975200467,0.0026733679,0.0009624124,0.278,0.207,41.4160694349408,18.0069867108438
"08091",0.1230238574,0.0010801469,19.4426442,22.92,0.1246301775,0.1223990208,5663.59,8.1,0.094,2.9,3,0.166,0.083,0.086,0.26,0.126,0.8631650135,0.0013166557,0.0006583278,0.184,0.149,7.20616848021907,7.20616848021907
"08093",0.1176470588,0.0001835424,7.9535026002,30.94,0.1242896425,0.0940594059,6737.33,7.4,0.094,2.8,2.9,0.188,0.081,0.084,0.256,0.133,0.7678637542,0.0008064016,0.0002481236,0.193,0.159,22.4599803985626,24.5017967984319
"08095",0.1611401978,0.0009168004,29.796011918,55.21,0.1829875519,0.1115207373,12313.34,7.5,0.141,3.6,3.4,0.163,0.107,0.102,0.268,0.15,0.7474110761,0.0009182736,0.0004591368,0.25,0.187,76.5228037955311,68.870523415978
"08097",0.1374343788,0.0008510155,19.857029388,12.24,0.1441681962,0.1132450331,8901.66,8.1,0.087,2.6,2.8,0.211,0.076,0.08,0.26,0.128,0.948332167,0.0026468727,0.0004603257,0.154,0.104,9.47113198969541,24.6249431732081
"08099",0.1739308369,0.0003323916,19.943493435,66.97,0.2040268456,0.10980876,9454.36,6.9,0.181,3.9,3.7,0.162,0.12,0.11,0.291,0.167,0.4476934109,0.002115369,0.0006508828,0.272,0.217,30.3205711293035,30.3205711293035
"08101",0.1152069844,0.0006918919,8.833976834,39.14,0.1429744837,0.0463475159,8693.26,6.7,0.175,3.9,3.6,0.148,0.113,0.104,0.332,0.17,0.7459057103,0.0035552583,0.0007060966,0.271,0.215,61.4067695315629,25.4663525816515
"08103",0.1230964467,0.0013418816,11.927836589,55.91,0.1374871267,0.0910683012,9332.07,7.7,0.114,3.1,3.1,0.198,0.091,0.092,0.265,0.151,0.6683168317,0.0016159835,0.0002938152,0.238,0.168,74.6825989544436,59.7460791635549
"08105",0.1539948454,0.0010338589,16.369432239,55.33,0.1798789713,0.0915492958,8661.79,8,0.171,3.7,3.5,0.152,0.117,0.107,0.265,0.151,0.7396928726,0.0004236211,0.0006777938,0.227,0.172,42.9147712642692,57.2196950190255
"08107",0.1157808588,0.0011732663,15.084852294,19.62,0.1296490471,0.0698207586,7127.13,7.7,0.09,2.6,2.9,0.228,0.079,0.084,0.23,0.126,0.7650261602,0.0024241909,0.0005954153,0.136,0.12,36.3595681602059,25.1720087262964
"08109",0.2240161453,0.0004841833,11.297611362,30.78,0.2520752629,0.1503221188,5960.26,2.7,0.207,4.4,3.8,0.14,0.137,0.121,0.308,0.184,0.1638834316,0.0006443299,0.0001610825,0.216,0.172,5.36049316537121,53.6049316537121
"08111",0.1314878893,0.0013888889,13.888888889,NA,0.1356993737,0.1121495327,4744.21,6,0.142,3.6,3.4,0.167,0.108,0.103,0.281,0.17,0.1659513591,0,0,0.203,0.177,47.3260766682442,47.3260766682442
"08113",0.1338098642,0.0006377551,10.204081633,NA,0.1403001266,0.1142857143,7011.88,7.9,0.1,2.9,2.9,0.209,0.085,0.087,0.26,0.148,0.7973909499,0.002083876,0.0006512113,0.183,0.142,0,4.27405222891824
"08115",0.1444002274,0.0008517888,17.035775128,37.88,0.157120743,0.106557377,7883.92,7.7,0.119,3.2,3.2,0.16,0.095,0.093,0.257,0.137,0,0,0.0008474576,0.214,0.202,14.0706345856198,14.0706345856198
"08117",0.13006886,0.0008162155,6.8017956741,16.08,0.139790478,0.0894079742,6953.51,7.8,0.096,2.9,2.8,0.233,0.085,0.084,0.25,0.145,0.9998571122,0.0020245035,0.0003839576,0.149,0.098,4.52949835805684,26.0446155588269
"08119",0.1017910605,0.0007268374,14.536748044,35.04,0.1120905947,0.0692071835,8394.97,7.9,0.099,2.9,3,0.189,0.082,0.084,0.261,0.159,0.8030835118,0.0011170784,0.0003007519,0.216,0.183,29.9790146897172,45.6823080986167
"08121",0.1335920177,0.000209205,18.828451883,43.71,0.1506796117,0.0932594645,9012.1,6.3,0.109,3.1,3.1,0.173,0.091,0.091,0.254,0.14,0.3905276278,0.0004164064,0.0004164064,0.233,0.211,69.2185228767218,69.2185228767218
"08123",0.1214605655,0.0004825872,6.9867108438,39.4,0.1476260197,0.0642000052,8815.25,8.2,0.134,3.3,3.1,0.184,0.096,0.091,0.302,0.155,0.7960802927,0.0015679152,0.000548585,0.264,0.178,32.6676106645337,19.4564445869649
"08125",0.1665256798,0.0009802,15.683199373,64.3,0.1932847753,0.1110310022,10259.54,7.8,0.12,3,3,0.179,0.09,0.089,0.25,0.138,0.6613561685,0.0007880997,0.0002955374,0.257,0.222,85.2486966785796,85.2486966785796
"09001",0.1052258761,0.0009022273,9.1280443562,40.98,0.1257396012,0.0536687901,9184.71,8.4,0.118,2.8,3.2,0.183,0.082,0.096,0.326,0.142,0.9678904136,0.0021789459,0.0007192224,0.214,0.189,51.034183373656,7.87041693798429
"09003",0.0684218363,0.0009376549,10.267432084,49.13,0.0825233833,0.0308270381,8912.37,7.7,0.129,3.1,3.4,0.17,0.091,0.099,0.326,0.126,0.9595800513,0.0036848527,0.0010631524,0.263,0.212,67.0852249806656,9.36072906706962
"09005",0.0696538953,0.0006432676,10.378771089,44.6,0.0798610505,0.039190262,8900.13,8.6,0.093,2.5,3.2,0.194,0.076,0.091,0.294,0.133,0.9017675212,0.0016530783,0.0003905331,0.25,0.212,68.0443548387097,14.0408986175115
"09007",0.0550916305,0.0007396495,10.064082744,49.86,0.0643817271,0.0280093564,9090.92,8.2,0.092,2.6,3.4,0.204,0.077,0.094,0.32,0.132,0.9234771482,0.0033038982,0.0007610442,0.241,0.185,91.7972857119749,9.09884990537196
"09009",0.0795960232,0.0009137595,8.510618535,47.51,0.0960163587,0.0338115078,9553.89,7.6,0.126,2.9,3.5,0.164,0.086,0.102,0.36,0.139,0.9588406415,0.0031996307,0.0009927089,0.27,0.21,73.6343385336778,10.8786798780039
"09011",0.0691685802,0.0006686739,9.2810476622,50.54,0.0816532872,0.0341081267,9341.23,7.8,0.109,2.8,3.5,0.197,0.084,0.098,0.333,0.135,0.9035741001,0.0027101951,0.0006055079,0.287,0.207,54.6548752026683,14.1517087578338
"09013",0.0555545921,0.0005417297,7.1349765801,45.39,0.0652824072,0.0274890822,8899.18,7.8,0.094,2.5,3.2,0.225,0.076,0.09,0.306,0.135,0.857286939,0.0018430805,0.0004095734,0.239,0.184,46.6791731621176,9.68813027893008
"09015",0.0735472878,0.0005128293,9.3163985709,53.25,0.0873813204,0.0331938633,9553.18,7.7,0.123,3.2,3.5,0.193,0.093,0.102,0.371,0.154,0.8355963117,0.0022193123,0.0003656338,0.292,0.236,45.2765715099309,15.3769488146935
"10001",0.0924063249,0.0004709658,8.7797333519,63.11,0.1078600341,0.0549683884,9920.28,7.7,0.157,3.6,3.8,0.153,0.109,0.115,0.382,0.182,0.6949910665,0.0012985786,0.0005548472,0.336,0.303,46.8019326673606,14.9533145866671
"10003",0.0856437515,0.0008267333,10.438186759,47.96,0.0992876722,0.0496013681,9097.22,7.8,0.129,3.3,3.5,0.193,0.099,0.104,0.369,0.173,0.9623012225,0.0023686336,0.0010296825,0.292,0.245,53.1568349624919,12.7166577971494
"10005",0.1147637347,0.0006592396,10.860853028,45.82,0.1328912129,0.0653300504,9874.99,8.3,0.155,3.6,3.5,0.144,0.104,0.11,0.342,0.173,0.6669862284,0.0013452763,0.0005564992,0.316,0.27,56.0715188273945,12.9517311094263
"11001",0.0593570781,0.0011337197,28.289874077,39.09,0.0699964241,0.0193801385,8057.83,8,0.127,2.8,3.2,0.249,0.087,0.101,0.337,0.158,1,0.0039353452,0.001395315,0.228,0.174,33.6776953533883,6.2703216573876
"12001",0.1662231041,0.0014782744,10.063187456,56.76,0.1905702266,0.0837116736,9592.22,6,0.164,4,3.9,0.203,0.124,0.127,0.335,0.182,0.835345441,0.0044545099,0.0020635152,0.258,0.204,64.3028338713554,13.3801856338376
"12003",0.1540939221,0.0004798287,9.9656737903,81.22,0.188074014,0.0800346721,12812.49,6,0.145,3.7,3.9,0.211,0.11,0.12,0.358,0.192,0.5242116909,0.0008884611,0.0004442306,0.344,0.356,34.3448715747124,7.35961533743836
"12005",0.1870210094,0.0005475319,8.9951671928,67.27,0.2256305635,0.079523511,11437.04,6.3,0.143,3.5,3.8,0.205,0.105,0.115,0.337,0.174,0.8337952763,0.001834422,0.0009429272,0.301,0.267,32.673210021527,22.0310787573725
"12007",0.170946017,0.0003745038,11.98412104,101.54,0.2029482595,0.0902540083,10952.18,7,0.156,3.8,3.9,0.198,0.112,0.121,0.35,0.189,0.6560659187,0.0001489758,0.0006331471,0.356,0.332,77.037773359841,21.1232604373757
"12009",0.1765422478,0.0007470124,7.7394794257,55.35,0.2079545384,0.0819694855,10564.05,6.5,0.128,3.4,3.7,0.196,0.099,0.113,0.344,0.167,0.8933666559,0.0012817184,0.0006953232,0.269,0.255,75.1881493928855,22.7951373556209
"12011",0.2083488233,0.0007232905,5.5209751583,52.31,0.2453518366,0.1046544375,11852.12,7.4,0.157,3.5,3.7,0.182,0.108,0.118,0.369,0.145,0.9951803879,0.0012284892,0.0004916132,0.246,0.241,21.2329226636291,11.6870288610732
"12013",0.198220223,0.0004128819,9.633911368,102.46,0.2409190974,0.0949919225,12602.87,5.8,0.188,4.3,4.3,0.187,0.134,0.138,0.358,0.217,0.0856068376,0.0001362212,0.0003405531,0.389,0.332,29.7646304606649,45.7917391702537
"12015",0.206777848,0.0006588554,6.8853354227,53.5,0.2322439337,0.115671479,10480.36,6.6,0.132,3.5,3.8,0.173,0.102,0.114,0.303,0.144,0.9069372039,0.0008559149,0.0005463287,0.261,0.23,109.218387399398,19.3551572606527
"12017",0.1856532514,0.000566808,8.8967333204,50.89,0.2139271632,0.0945509865,10286.32,6.4,0.154,3.8,4,0.167,0.113,0.121,0.32,0.16,0.8416905038,0.0004164543,0.0005600592,0.271,0.295,79.8177772059489,25.017512258581
"12019",0.1427741867,0.0005905965,7.4074815564,60.06,0.1733405174,0.0696935614,11667.36,7.5,0.123,3.3,3.6,0.211,0.098,0.109,0.338,0.162,0.8791030309,0.0006568262,0.0007281096,0.291,0.235,57.1510453809292,16.3288701088369
"12021",0.2647612317,0.0006852516,7.3112619238,33.98,0.3087538734,0.1443865653,9339.04,7.6,0.164,3.5,3.7,0.181,0.109,0.116,0.31,0.142,0.9125342125,0.0007949547,0.0006565737,0.203,0.187,28.210120452433,12.1446959235898
"12023",0.1698970028,0.0004126324,9.5789675347,87.31,0.2033447869,0.0862670264,10722.4,6.3,0.163,4,4,0.189,0.119,0.124,0.372,0.194,0.715360353,0.0011252091,0.0008291015,0.359,0.31,69.6939356459941,18.1596874570548
"12027",0.3082631368,0.0003713013,8.5684908032,69.76,0.3732022877,0.143772145,11102.71,7,0.242,4.8,4.4,0.177,0.151,0.145,0.365,0.214,0.5401296541,0.0003476548,0.0004345685,0.368,0.3,58.1024317296427,18.0974787354625
"12029",0.1891229344,0.0001885962,10.687118878,85.72,0.224210788,0.0957755563,9835.53,6.9,0.163,4,4.1,0.183,0.12,0.129,0.332,0.198,0.205029838,0,0.0003136763,0.304,0.324,74.9219562955255,22.8928199791883
"12031",0.1555271619,0.0008666612,9.1456146722,62.54,0.1868920673,0.0710793585,11680.18,6.1,0.166,3.7,4.1,0.194,0.113,0.123,0.36,0.182,0.9346576216,0.0013072117,0.0010724103,0.305,0.244,51.8437729806424,15.6495509283484
"12033",0.1581369077,0.0006470117,9.1096668695,56.5,0.1912591493,0.0684564361,10056.5,5.6,0.159,3.7,3.8,0.194,0.11,0.118,0.342,0.179,0.8283106925,0.0012785424,0.0009875187,0.29,0.261,49.3811719726269,17.4667027501431
"12035",0.1856836785,0.0004687134,6.4448089993,43.9,0.2127624492,0.1089021542,9624.05,6.6,0.144,3.6,3.8,0.168,0.109,0.118,0.312,0.147,0.9375104498,0.0004101805,0.0002901277,0.241,0.233,72.1350680409155,20.4707625521517
"12037",0.1894681133,0.0003385527,11.002962336,84.76,0.22103956,0.0991529646,9479.24,7,0.158,3.9,3.9,0.202,0.115,0.121,0.341,0.192,0.6081911854,0.0004311088,0.0004311088,0.331,0.272,51.1741627338375,56.860180815375
"12039",0.1995172527,0.0002160714,9.5071411594,48.46,0.2429510923,0.0873333333,9051,5.3,0.229,4.6,4.5,0.157,0.143,0.144,0.403,0.219,0.5864536851,0.0010174482,0.0001515348,0.357,0.327,71.4744677318047,15.8832150515122
"12041",0.2206480902,0.0003530035,6.4717303053,80.1,0.2596307758,0.1157601116,10934.11,7.4,0.154,3.9,4.1,0.199,0.119,0.127,0.328,0.191,0.2549737293,0.0001181265,0.0006496958,0.316,0.31,89.9720304340173,19.5591370508733
"12043",0.2823943662,0,6.600660066,97.64,0.3241943242,0.1707011686,13067.91,6.8,0.192,4.2,4.1,0.172,0.128,0.129,0.352,0.184,0.0270102453,0,7.49344e-05,0.331,0.334,34.440344403444,14.760147601476
"12045",0.1888877306,0.0003135976,15.679879579,76.25,0.2172091074,0.1082877248,10995.37,6.7,0.158,3.8,3.8,0.204,0.113,0.118,0.353,0.193,0.3291937212,0.0005054015,0.0007581022,0.314,0.295,44.0769037024599,29.3846024683066
"12047",0.1780048973,0.0002135535,7.1184510251,74.73,0.2135278515,0.0895576505,9758.33,5.3,0.196,4.3,4.2,0.189,0.132,0.132,0.377,0.208,0.6290965606,6.9667e-05,0.000139334,0.336,0.321,44.4996135559875,28.1050190879921
"12049",0.2721037998,0.0001820234,12.741636026,89.57,0.3437219266,0.1289544236,12401.17,5.9,0.256,4.9,4.5,0.18,0.159,0.15,0.369,0.223,0.7206736144,0.0001090156,0.0004360624,0.347,0.342,38.7925809188993,13.3349496908716
"12051",0.2886535552,0.0003635891,8.8300220751,83.02,0.3591098872,0.1400289279,11624.81,6.4,0.265,4.8,4.4,0.173,0.157,0.147,0.387,0.212,0.5251149719,0.0004003096,0.0003736223,0.347,0.296,15.6392545288675,13.0327121073895
"12053",0.1882148717,0.0005686503,6.4826135168,57.66,0.2190197123,0.1021189537,11357.9,6.7,0.164,3.9,4,0.174,0.114,0.122,0.333,0.186,0.8624940675,0.0005388641,0.0005331315,0.31,0.272,62.034856780807,20.8043727008804
"12055",0.2510901389,0.0006413128,11.808298383,59.87,0.3001167356,0.1193616314,11470.03,6,0.174,3.9,4,0.154,0.119,0.127,0.319,0.159,0.8621262122,0.0006248976,0.0005941649,0.311,0.274,72.4581249597925,23.3626664589985
"12057",0.1782766554,0.0008341576,7.6350492062,59.74,0.2159168375,0.0790281241,11443.93,7,0.165,3.7,4,0.198,0.113,0.121,0.359,0.169,0.9535805458,0.0013944183,0.0008632851,0.273,0.226,46.0711168214922,14.0260394053364
"12059",0.1894019256,0.0002544529,13.231552163,92.4,0.2263549416,0.0930289642,11391.24,6.2,0.171,4.2,4.3,0.188,0.128,0.135,0.342,0.205,0.3669393285,0.0007100472,0.0004564589,0.314,0.347,56.2266787071272,18.7422262357091
"12061",0.2283744275,0.0007184553,10.707747573,37.12,0.2654916512,0.1200749035,9604.63,6.1,0.147,3.8,3.9,0.165,0.112,0.12,0.319,0.164,0.9282174631,0.0010422976,0.0006619998,0.249,0.254,86.0426808506722,16.7944270109601
"12063",0.1597179265,0.0003893363,12.294830024,76.34,0.1903423608,0.080806991,10294.65,6.6,0.172,4,4,0.19,0.12,0.125,0.355,0.19,0.4070478028,0.0009811537,0.0007971874,0.346,0.34,64.925301731797,15.7187572613824
"12065",0.1728579988,0.0002135231,9.9644128114,46.21,0.1945504805,0.1077348066,9832.71,5.9,0.172,4,4,0.178,0.119,0.125,0.365,0.191,0.1938215568,7.04523e-05,0.0001409046,0.324,0.273,96.8694624926167,89.7814530419374
"12067",0.2417582418,0.0001131862,16.977928693,51.97,0.281793678,0.1513661202,11398.6,7.4,0.186,4.2,4.1,0.206,0.128,0.129,0.364,0.21,0.3899661781,0.0001130199,0.0003390597,0.352,0.327,49.3433538298034,45.5477112275108
"12069",0.2004715652,0.0007063892,9.0278437708,59.18,0.2351616659,0.1077904427,10617.39,6.9,0.14,3.5,3.7,0.164,0.106,0.116,0.317,0.151,0.9221112802,0.0006265542,0.0005161768,0.281,0.257,74.9790174589485,15.3749108834361
"12071",0.2347140079,0.0006313345,6.40164353,49.98,0.2713555445,0.1301233797,10012.66,7.1,0.158,3.6,3.8,0.195,0.109,0.12,0.307,0.164,0.9379349467,0.000771424,0.0006610045,0.245,0.233,44.8935430650002,18.1630365072138
"12073",0.1376788125,0.0008063721,13.028719523,48.2,0.1592985574,0.0693655975,9197.49,5.6,0.155,3.8,3.9,0.221,0.118,0.127,0.345,0.179,0.9436924428,0.0016959676,0.000858628,0.273,0.18,54.3360266633807,11.618286478779
"12075",0.2259258036,0.0002524424,9.087925681,60.8,0.2623190331,0.1215599161,9968.41,6.8,0.179,4.2,4.3,0.172,0.128,0.136,0.347,0.192,0.6687826279,0.000201796,0.000554939,0.33,0.306,92.3678929204209,30.2294922285014
"12077",0.1837663569,0,7.1770334928,77.82,0.2215441762,0.0929791271,11085.61,6.5,0.171,4,3.9,0.217,0.12,0.123,0.36,0.207,0.470292887,0.0009581986,0.0002395496,0.396,0.302,27.9552715654952,27.9552715654952
"12079",0.1841987132,0.0001620045,14.580408251,88.6,0.2134115505,0.1029088913,11641.21,5.5,0.192,4.3,4.2,0.175,0.131,0.135,0.374,0.205,0.5269454848,0.0003737719,0.0005339598,0.335,0.323,61.0917454271032,57.4981133431559
"12081",0.2089169271,0.0005515343,8.1024375544,41.88,0.2492111429,0.0993827422,10263.41,7.4,0.152,3.7,3.9,0.174,0.109,0.117,0.341,0.156,0.9351584256,0.0008447674,0.0004706144,0.265,0.224,64.7925079051589,18.255407336782
"12083",0.2138980106,0.0005837832,7.4594521283,50.51,0.2500590006,0.1160801266,10437.87,6.6,0.176,4.2,4.4,0.154,0.123,0.129,0.335,0.174,0.8035967618,0.0007529004,0.0005543007,0.301,0.282,69.4265348608479,21.1809767372078
"12085",0.1990080477,0.0006975592,9.2573276312,43.82,0.2249699188,0.1233207155,10070.39,7.4,0.133,3.4,3.7,0.19,0.102,0.111,0.309,0.152,0.9506075807,0.0013023674,0.0007734872,0.2,0.215,99.362604081243,17.3559133766363
"12086",0.2554401905,0.0008104026,4.889454026,74.36,0.3074725116,0.0981579239,14097.43,8.4,0.227,4.1,3.9,0.155,0.132,0.129,0.348,0.148,0.988862518,0.0011990023,0.0005437158,0.212,0.23,35.6821825003791,9.50688728832596
"12087",0.2246239979,0.0006870981,11.797344949,50.02,0.2462608482,0.1398280802,9067.13,7.4,0.141,3.4,3.6,0.204,0.102,0.111,0.329,0.165,0.9161034341,0.001519299,0.0005107988,0.228,0.217,46.3265633050323,28.5752633470293
"12089",0.1472103709,0.000417651,11.093854005,48,0.1704722766,0.0828021574,10161.53,7.2,0.124,3.4,3.7,0.206,0.099,0.111,0.321,0.165,0.755421884,0.0007924977,0.0004226654,0.289,0.239,68.898874651714,22.5329652949002
"12091",0.1648858819,0.0007734897,9.0070835369,54.49,0.1923237904,0.0911281685,10340.89,6.8,0.141,3.5,3.8,0.212,0.103,0.112,0.32,0.18,0.8951952749,0.0012022021,0.0007481515,0.255,0.23,41.0874942910455,18.1667846658755
"12093",0.2712378641,0.0005108687,7.9184653503,119.71,0.3276325088,0.1324555481,12781.2,5.3,0.224,4.6,4.5,0.179,0.146,0.145,0.35,0.218,0.4181668167,0.0004576659,0.0005847953,0.292,0.309,32.2175874114016,14.4131312103639
"12095",0.2022518448,0.0008196322,7.2865065551,59.22,0.2381489717,0.1024176048,11061.29,7,0.178,3.9,3.8,0.196,0.118,0.121,0.342,0.162,0.9759519563,0.0014960005,0.0007647313,0.24,0.231,28.8870468676405,10.3016306844159
"12097",0.2178050779,0.0004416349,4.7709462269,82.04,0.2641708658,0.104399424,11301.12,7.7,0.23,4.4,4.2,0.177,0.139,0.13,0.377,0.188,0.8986359492,0.0009380109,0.0004120548,0.286,0.259,26.482028673497,9.7565368797094
"12099",0.2118130392,0.0007934407,6.3604038034,45.52,0.2471491694,0.1127783943,11417.33,7.4,0.159,3.7,3.5,0.176,0.11,0.114,0.356,0.141,0.9774000215,0.0013948699,0.000607796,0.222,0.209,55.9070950015145,16.4572933238247
"12101",0.1814499449,0.0005686841,6.14013941,62.63,0.2156796242,0.0900298842,11278.54,7.2,0.15,3.7,3.9,0.19,0.11,0.118,0.341,0.174,0.9276625414,0.0005615118,0.0004773902,0.321,0.264,54.4304613152977,21.3882921037442
"12103",0.1774868479,0.0009039567,7.355308294,52.46,0.2052487545,0.083977947,11397.62,7.1,0.142,3.7,3.7,0.196,0.107,0.115,0.343,0.176,0.9962434891,0.0015413628,0.0007749869,0.256,0.234,55.769082628765,20.2344857405449
"12105",0.1961370494,0.0005073759,8.4615166441,73.98,0.238476444,0.0925380741,10968.46,6.4,0.164,3.9,4.1,0.17,0.119,0.128,0.351,0.172,0.7917803669,0.0006195737,0.000481534,0.344,0.28,62.7444320213614,14.0480432595863
"12107",0.2157816342,0.000388118,10.811859778,78.6,0.2613185459,0.0960778161,11260.26,5.5,0.191,4.3,4.3,0.166,0.136,0.14,0.353,0.201,0.5663224141,0.0004822464,0.0003857972,0.379,0.298,70.5905150339342,19.8391643559423
"12109",0.131760034,0.0009269499,6.4702940083,48.79,0.1543901322,0.0744291232,10149.5,7.7,0.106,3,3.5,0.212,0.09,0.103,0.338,0.14,0.9354764022,0.0010016838,0.000429293,0.224,0.184,59.9199640480216,19.5657025462928
"12111",0.2102375205,0.0004054593,5.119782289,58.86,0.2517696681,0.100298517,10822.84,6.2,0.168,3.8,4.1,0.177,0.118,0.126,0.348,0.175,0.9048234451,0.001031963,0.0004706588,0.271,0.276,54.9962746299447,16.2022219864152
"12113",0.1510024267,0.000673104,7.771291503,68.7,0.1786791717,0.0805517889,10579.7,6.9,0.131,3.4,3.9,0.219,0.1,0.111,0.336,0.174,0.7977763391,0.0004469385,0.0003724487,0.26,0.246,29.9049145777304,18.5125661671664
"12115",0.1983810354,0.0007658164,9.4719393796,32.16,0.2273194385,0.1062156544,9552.91,7.3,0.118,3.3,3.8,0.173,0.095,0.111,0.311,0.143,0.9486253716,0.0014112681,0.0006403213,0.207,0.202,116.602679095344,21.124281187654
"12117",0.1548049742,0.0007683338,6.4404450913,58.96,0.1828452253,0.075471508,11294.48,7.4,0.146,3.7,3.8,0.194,0.108,0.111,0.341,0.152,0.9852218264,0.0012338289,0.0004540857,0.256,0.202,41.2743531864479,12.7287695045797
"12119",0.160698728,0.0003410582,5.421950153,44,0.1758393908,0.0952543143,10183.84,7.8,0.129,3.3,3.6,0.159,0.099,0.107,0.265,0.121,0.7498501392,0.0003549544,0.0003456135,0.269,0.192,78.1670129328204,16.7500741998901
"12121",0.2100746269,0.0002044432,11.357957385,86.43,0.2503048249,0.1119519021,9719.58,6.3,0.181,4.3,4.3,0.183,0.13,0.134,0.355,0.205,0.4894948377,0.0002515206,0.0003887136,0.329,0.29,76.7967395602056,19.7694577085678
"12123",0.1748702109,0.0003542645,15.056239483,82.81,0.2111101009,0.0826521344,10164.62,6.2,0.161,3.9,4,0.198,0.116,0.122,0.35,0.194,0.5180770935,0.0001312508,0.0005250033,0.373,0.351,70.658894188306,22.0809044338456
"12125",0.1475113122,0.0003949967,4.6082949309,106.59,0.1833027829,0.0740616622,11326.37,6,0.167,3.8,3.8,0.214,0.117,0.12,0.37,0.207,0.2378500161,0.0004624736,0.0003303383,0.379,0.322,37.3134328358209,21.9490781387182
"12127",0.2140159397,0.0007053756,7.9009952101,48.71,0.2521338329,0.0953578683,10091.93,6.6,0.159,3.7,4,0.189,0.111,0.122,0.336,0.191,0.9054515531,0.001004393,0.0004392971,0.257,0.25,65.5869607094137,22.2117679125787
"12129",0.147900723,0.0002863324,9.862560448,54.71,0.1733108305,0.0837626969,9652.9,7.7,0.125,3.3,3.6,0.226,0.098,0.109,0.333,0.181,0.6603522225,0.0003868223,0.0001934111,0.357,0.285,34.046537360755,17.0232686803775
"12131",0.217151996,0.0005200715,9.2637737689,65.74,0.2470944781,0.1322963312,10133.89,6.9,0.152,3.9,4,0.193,0.114,0.122,0.337,0.181,0.5881038461,0.0006353771,0.0004347317,0.281,0.25,40.0335416159485,19.4757770023533
"12133",0.189744761,0.0002453887,11.04249315,65.81,0.2254348848,0.0969154229,10656.56,5.2,0.161,3.9,4,0.197,0.119,0.126,0.346,0.194,0.3265584833,0.0001218324,0.0006091618,0.374,0.34,44.7384832298473,10.8456929042054
"13001",0.2090225564,0.0005393743,14.563106796,91.32,0.2605521759,0.0928747941,9582.15,6.8,0.199,4.3,4.1,0.142,0.131,0.126,0.365,0.179,0.2931563939,0.0003253796,0.0006507592,0.351,0.259,50.5105170112205,50.5105170112205
"13003",0.2793544797,0,4.8644047185,109.79,0.3503030303,0.1237771161,10164.37,6.7,0.254,4.9,4.5,0.14,0.157,0.142,0.395,0.21,0.3533134328,0,0.0001206273,0.339,0.265,48.1714905062021,36.1286178796516
"13005",0.2202778662,0.0005318677,11.523801081,109.14,0.2744320781,0.1,11946.44,7.5,0.185,4.1,4,0.151,0.126,0.123,0.367,0.182,0.602739726,0,0.0001783167,0.315,0.287,73.9732512723399,100.603621730382
"13007",0.1914574747,0,6.1443932412,45.07,0.2256944444,0.0895953757,12667.5,2.1,0.209,4.2,4.1,0.128,0.131,0.125,0.403,0.178,0,0,0.0005986232,0.304,0.272,10.2291325695581,10.2291325695581
"13009",0.1639560054,0.0005663378,8.9307107539,56.12,0.1985337358,0.0657246139,10032.05,5.1,0.227,4.6,4.3,0.144,0.143,0.135,0.403,0.193,0.6692475941,0.00121636,0.0006299007,0.369,0.234,48.7602523888885,18.1941240257047
"13011",0.2011300169,0.0001639792,10.385351189,67.15,0.2399571505,0.1011286682,9767.35,8.1,0.157,3.8,3.8,0.162,0.115,0.114,0.356,0.165,0.3407991302,0,0.0002172142,0.299,0.247,27.1714518612445,28.9828819853274
"13013",0.1843419981,0.0002184599,7.64609503,63.94,0.2295216179,0.0851340922,9466.94,7.9,0.157,3.6,3.6,0.168,0.107,0.106,0.383,0.166,0.658223651,0.0001399521,0.0001679426,0.346,0.313,45.4415326520133,15.4501211016845
"13015",0.1879756382,0.0004521507,7.4703153259,67.51,0.2352585425,0.0747091932,10507.05,6.8,0.165,3.8,3.8,0.169,0.111,0.113,0.354,0.168,0.8147708098,0.0007306982,0.0004739664,0.342,0.277,36.3034576590484,17.6611415638614
"13017",0.1794325754,0.0005153459,9.161704077,81.69,0.2285100985,0.0645662303,9048.91,4.9,0.245,5,4.6,0.128,0.158,0.147,0.41,0.214,0.4338210276,0.0001712818,0.0003425635,0.352,0.27,116.452216410217,72.5440036653812
"13019",0.2174613402,0.0001604278,6.9518716578,67.95,0.2675102477,0.0893569845,9676.64,6.8,0.204,4.5,4.2,0.142,0.139,0.13,0.373,0.197,0.4034532822,0.0001049979,0.0002099958,0.328,0.311,56.4264428417767,10.5799580328331
"13021",0.169996691,0.0012345278,14.229557194,59.75,0.219415519,0.0558999924,10039.8,5.2,0.224,4.6,4.4,0.136,0.142,0.133,0.413,0.207,0.7679736671,0.0013120391,0.0011763109,0.347,0.279,55.3696682361949,11.0306760939295
"13023",0.1733670993,0.0003126221,14.067995311,65.31,0.2122054734,0.0765086207,10653.96,6.3,0.18,4.1,4.1,0.146,0.124,0.123,0.366,0.181,0.7376559749,0,0.0003132096,0.336,0.309,111.084662381973,63.4769499325557
"13025",0.2089409667,0.0002171906,5.9727425748,101.18,0.2586592679,0.0894394289,11130.65,7.3,0.167,4.2,4,0.154,0.127,0.124,0.38,0.186,0.3391993917,0,5.46687e-05,0.325,0.293,36.2555289681676,21.7533173809006
"13027",0.2251767352,0.0001945778,11.026073421,48.9,0.2741177756,0.0912514484,9928.65,6.5,0.208,4.4,4.2,0.131,0.135,0.13,0.383,0.188,0.5149910731,6.44496e-05,0.0004511472,0.325,0.293,135.216346153846,111.607142857143
"13029",0.137985413,0.000678346,8.8479915059,45.9,0.1758343035,0.061542963,9842.52,8,0.139,3.4,3.5,0.179,0.101,0.104,0.355,0.154,0.6466774716,0.0004523932,0.0004222336,0.298,0.303,16.6340508806262,19.5694716242661
"13031",0.1910523021,0.0005410129,7.4909484373,66.1,0.2275564305,0.0835085414,10323.49,5.3,0.218,4.6,4.3,0.17,0.144,0.135,0.388,0.203,0.4323881681,0.0005757295,0.0005757295,0.334,0.259,38.8975327850633,11.5766466622212
"13033",0.1843523316,0.0003522832,10.128143027,53.48,0.2361533328,0.0666775885,9164.78,5.4,0.238,4.7,4.5,0.129,0.148,0.139,0.435,0.208,0.460241894,0.0004362431,0.0002617458,0.33,0.283,58.4992029483598,19.0122409582169
"13035",0.1762728953,0.0002567614,10.270455324,66.63,0.2155576382,0.0794939577,9657.25,7.4,0.165,3.7,3.7,0.163,0.111,0.11,0.375,0.17,0.3999577256,0.0003852575,0.0002568383,0.302,0.267,49.7710531554848,19.9084212621939
"13037",0.2251803931,0.0003094538,12.378152561,59.08,0.2810063785,0.0956521739,9723.86,4.7,0.309,5.5,4.7,0.123,0.181,0.154,0.464,0.251,0,0.0001533037,0.0006132148,0.331,0.271,61.6491137939892,41.0994091959928
"13039",0.1361342645,0.0003075326,11.148057739,48.57,0.1683922143,0.0626372018,9597.13,6.6,0.156,3.7,3.6,0.184,0.108,0.107,0.361,0.16,0.6993843169,0.0007382081,0.0003885306,0.333,0.257,19.9222390026027,17.3516275183959
"13043",0.2283588819,0.0003673769,9.1844232182,72.47,0.2805334201,0.1132471164,11882.79,6.8,0.234,4.7,4.4,0.135,0.148,0.139,0.382,0.2,0.515184579,0.0002742983,0.0004571638,0.329,0.303,67.2556632325517,55.0273608266332
"13045",0.1841262197,0.0004557685,10.079496551,34.22,0.2316071507,0.0686825657,9658.3,6.4,0.181,4.1,4,0.159,0.123,0.12,0.362,0.177,0.6208980611,0.0007476303,0.0006141249,0.329,0.299,42.8161281903148,15.8361022073767
"13047",0.1598850428,0.0004419317,8.686243733,55.79,0.2000555991,0.0605799421,10226.67,7.3,0.131,3.4,3.7,0.165,0.101,0.105,0.338,0.154,0.8291889525,0.0004440293,0.0003980953,0.307,0.272,34.5209206932613,13.1991755591881
"13049",0.1744407425,0.0002326122,4.6522447081,64.03,0.2188647746,0.0662721893,10948.36,6.7,0.173,3.8,3.7,0.166,0.116,0.11,0.395,0.175,0.7769287651,0.0001508865,0.0003772161,0.328,0.274,61.3543983434312,40.9029322289542
"13051",0.185824678,0.0008433935,11.609893464,43.16,0.2256753988,0.0788455863,9039.25,6.3,0.168,3.8,3.8,0.174,0.117,0.116,0.404,0.173,0.8537008539,0.0010128073,0.001045131,0.327,0.235,41.825278727192,14.8450285059893
"13053",0.1432111001,0.0001689617,1.6896173017,61.09,0.1867569051,0.0532985464,11177.15,4.8,0.178,3.8,3.7,0.242,0.117,0.11,0.374,0.184,0.4528268394,0,7.78695e-05,0.282,0.218,5.54831192609648,5.54831192609648
"13055",0.1927365729,4.00978e-05,11.628373231,56.32,0.2409586989,0.0739665186,10067.49,7.1,0.193,4.4,4.2,0.146,0.134,0.127,0.374,0.193,0.4926004228,0.0002784629,0.0004375845,0.349,0.299,106.668088907852,14.6668622248297
"13057",0.1569386481,0.0003550014,7.0567352858,55.58,0.1936969936,0.0746958287,9846.71,8.4,0.129,3.4,3.4,0.176,0.098,0.1,0.343,0.138,0.7968471537,0.0006663527,0.0003242917,0.275,0.214,39.7404012479931,14.8845866492483
"13059",0.198694332,0.0006945708,10.33587458,37.6,0.2294251872,0.0877797693,8693.57,4.2,0.229,4.6,4.4,0.165,0.15,0.141,0.375,0.202,0.8457768562,0.0022842535,0.0010720323,0.256,0.22,50.2574327738552,11.4718053070756
"13061",0.1970989761,0.0003223727,12.894906512,51.31,0.2454169131,0.074670571,9203.8,4.6,0.34,6,5.3,0.089,0.201,0.179,0.451,0.25,0.2808671065,0,0.0006568144,0.307,0.296,75.3660637381568,75.3660637381568
"13063",0.2280861616,0.0003102317,4.2610132241,40.13,0.2903424998,0.0889917295,8956.13,4.4,0.207,4.3,4.2,0.126,0.136,0.132,0.469,0.198,0.8247617799,0.0004693059,0.0001665279,0.364,0.27,23.9538200137269,7.44678342395655
"13065",0.2153739612,0.0001463915,16.103059581,101.23,0.2729295426,0.0829214717,14153.58,6.2,0.221,4.7,4.4,0.137,0.147,0.138,0.394,0.206,0.0083848191,0,0.000147167,0.306,0.262,24.3676592426532,0
"13067",0.173318357,0.0006922205,7.3189316822,51.95,0.2106635459,0.0812746017,9305.75,7.2,0.139,3.4,3.4,0.174,0.104,0.102,0.356,0.139,0.888150762,0.0011349852,0.000679039,0.251,0.189,39.2326119374014,11.6464680372961
"13069",0.2239148097,0.0006073205,10.744902011,82.56,0.2802384303,0.0950934364,11464.18,6.3,0.225,4.5,4.2,0.145,0.14,0.129,0.379,0.189,0.5750070828,0.0001156872,0.0006247108,0.347,0.303,55.7538776047515,14.712828812365
"13071",0.2600646187,0.0004338207,9.9778751464,82.62,0.3347440324,0.0965479193,10563.36,6.5,0.234,4.7,4.4,0.137,0.148,0.137,0.385,0.204,0.5891467757,0.0002593193,0.0004754187,0.349,0.331,33.2800370421282,11.5756650581315
"13073",0.1187393749,0.0011561358,7.1809675636,40.55,0.1441531323,0.0625641566,8760.2,8.4,0.125,3.2,3.4,0.166,0.094,0.096,0.338,0.139,0.7124696702,0.000487387,0.0002363089,0.312,0.208,27.9419666845782,14.8068541405457
"13075",0.2267378216,0.0005228303,8.7138375741,65.26,0.2884634363,0.0902557599,9837.11,6.5,0.207,4.3,4.2,0.139,0.135,0.13,0.391,0.188,0.5651289798,0.0002343842,5.8596e-05,0.322,0.282,40.8528519181387,29.1806085129562
"13077",0.1410261837,0.0004868298,7.9663054783,48.68,0.1732525707,0.0668575046,9135.44,7.6,0.137,3.4,3.5,0.163,0.1,0.103,0.353,0.145,0.6054650989,0.000555639,0.0004430095,0.271,0.225,40.2772251938955,13.0164203370516
"13079",0.1903367496,8.07298e-05,6.4583837895,63.6,0.2257896111,0.0883977901,10715.99,7.7,0.175,3.9,3.9,0.149,0.118,0.118,0.363,0.169,0.1017418844,0,0,0.285,0.321,48.2845569891896,37.5546554360364
"13081",0.1729021349,0.0007848609,9.592744397,67.49,0.2194613897,0.061429313,9261.99,4.1,0.234,4.7,4.4,0.125,0.147,0.139,0.409,0.202,0.7255428986,0.0002571135,0.0007284882,0.33,0.286,50.6138739859149,37.5988778181082
"13083",0.1700856716,0.0001830496,9.1524803222,62.83,0.2041180796,0.0719360568,11053.37,8.4,0.143,3.6,3.7,0.169,0.107,0.109,0.336,0.155,0.6767269885,0,0.0003029018,0.351,0.266,73.2302685109845,26.4442636289666
"13085",0.1846120897,0.0006098358,14.374700527,59.51,0.2183170483,0.0956305098,9695.01,8.6,0.134,3.5,3.7,0.167,0.104,0.107,0.343,0.153,0.8472010748,0.0009697611,0.0003526404,0.283,0.22,56.5586251903415,37.7057501268944
"13087",0.2075659083,0.0004408523,12.123438648,58.39,0.261865059,0.0812680115,8009.55,5.7,0.232,4.6,4.4,0.125,0.147,0.138,0.387,0.195,0.647259536,0.0002558573,0.0002558573,0.293,0.247,77.0613922424865,18.3479505339254
"13089",0.1941563671,0.0010634748,7.3113890116,38.58,0.2351565712,0.0838040787,8400.73,5.8,0.163,3.7,3.9,0.166,0.116,0.118,0.41,0.143,0.9620707248,0.0021672695,0.0006799002,0.272,0.211,41.8361460615968,8.10920892823903
"13091",0.1919429811,0.0004767353,8.5812356979,53.78,0.2336213405,0.076871055,10529.92,6.7,0.194,4.2,4.1,0.147,0.129,0.122,0.388,0.183,0.4753624518,0.0002356157,0.0003298619,0.298,0.305,45.9740959748886,9.51188192583903
"13093",0.2332839506,7.04821e-05,9.1626726811,64.17,0.2859653867,0.0941828255,8573.77,4.6,0.25,4.8,4.4,0.125,0.153,0.14,0.421,0.215,0.3115699155,0,0.0002796421,0.361,0.266,47.0289463164578,30.5688151056976
"13095",0.1863697582,0.0009414871,12.228510827,51.46,0.2419744882,0.0541458033,8581.49,2.9,0.263,4.9,4.5,0.116,0.156,0.145,0.452,0.21,0.7072489822,0.0008605019,0.0010541148,0.355,0.283,59.9910374835567,7.22783584139237
"13097",0.1724244294,0.0004251456,5.8367441056,62.5,0.212977408,0.0808865413,9640.2,6.3,0.184,3.9,3.9,0.147,0.117,0.115,0.427,0.173,0.7611005793,0.0005719356,0.0003372953,0.32,0.283,40.8763897972531,10.8202208286846
"13099",0.1846517119,0.0005719188,18.110761605,73.26,0.2352342159,0.0711389606,10865.63,5.6,0.215,4.4,4.2,0.124,0.138,0.132,0.401,0.195,0.5807594477,0.000569152,0.000569152,0.323,0.316,66.4388762338648,56.9476082004556
"13101",0.3050751347,0,2.4981264052,NA,0.3681632653,0.1628113879,9347.18,8.1,0.216,4.4,4.2,0.154,0.139,0.13,0.374,0.189,0.1834407536,0,0,0.288,0.245,8.26446280991736,8.26446280991736
"13103",0.145891514,0.0002345597,7.9389423164,61.71,0.1831130089,0.0635032747,9866.54,8.1,0.136,3.4,3.5,0.176,0.1,0.103,0.363,0.155,0.469722488,0.0001836345,0.0001836345,0.364,0.224,34.1348025271731,10.1805551396832
"13105",0.2097063726,0.0005144562,13.375861714,49.63,0.2569249649,0.0850486315,8301.72,6.3,0.183,4.1,4,0.136,0.123,0.121,0.384,0.166,0.4472875136,0.0002551151,5.1023e-05,0.32,0.281,66.7796784301639,18.8352939162001
"13107",0.1944837341,0.0004834102,8.3498132279,73.21,0.2487527284,0.0708055413,10111.72,4.7,0.235,4.8,4.5,0.131,0.151,0.14,0.417,0.21,0.2356845739,0.0008308917,0.0005685048,0.344,0.334,55.612468900922,46.8315527586712
"13109",0.2117127322,0.0003670398,14.681592953,51.28,0.2699733688,0.0908159781,8478.02,7,0.21,4.4,4.2,0.137,0.137,0.129,0.396,0.186,0.6304545455,0,0.0004615527,0.339,0.282,39.9778584168768,36.9026385386555
"13111",0.224526908,0.0007156991,17.681977013,57.64,0.2618570474,0.1056273063,9762.87,8,0.171,4.1,4.1,0.136,0.125,0.123,0.336,0.167,0.89401233,0.000547138,0.0005892256,0.268,0.252,103.041105046229,13.9244736548958
"13113",0.1177992392,0.0011398453,13.951707032,37.06,0.1395874324,0.0697307568,8783.62,8,0.12,3,3.3,0.155,0.09,0.095,0.37,0.127,0.847175955,0.0012365616,0.0009781756,0.328,0.199,56.2749625087074,10.3424255421408
"13115",0.1907457924,0.0012491802,11.034425325,52.57,0.2366032106,0.07885212,10082.3,6.5,0.181,4.1,4,0.15,0.123,0.12,0.383,0.174,0.7127817519,0.0008975068,0.0015654189,0.327,0.287,51.6665048476358,12.136427313203
"13117",0.1171957116,0.0004013666,6.5099705338,47.7,0.1456215745,0.062853245,10232.76,9.2,0.121,3.1,3.2,0.182,0.089,0.09,0.322,0.132,0.8066047142,0.0003582303,0.0003070546,0.295,0.227,37.0827173300444,12.088639129618
"13119",0.1978524103,0.0002694934,16.16960115,64.71,0.2444776354,0.0758812985,9845.18,7.5,0.179,4.1,4,0.149,0.124,0.121,0.355,0.173,0.2887158124,0.0005452315,0.0005452315,0.309,0.332,76.5949777724378,19.5242100204253
"13121",0.1650333877,0.001054883,9.2741381024,40.46,0.1963198995,0.0836895275,8756.03,6.2,0.149,3.5,3.5,0.177,0.108,0.11,0.382,0.141,0.9024496486,0.0016387397,0.001126697,0.258,0.189,42.6588356277502,10.6312772175741
"13123",0.257511496,0.0006243713,8.671823511,51.2,0.3031633389,0.128358209,9628.61,8.1,0.171,4,3.9,0.142,0.122,0.119,0.339,0.161,0.6396507847,0.0004548795,0.0003499073,0.305,0.294,44.9267348631463,20.7354160906829
"13125",0.150695825,0.0003275467,9.826400262,68.61,0.1857222532,0.0658761528,9405.15,4.9,0.156,3.8,3.9,0.156,0.115,0.116,0.349,0.163,0,0,0,0.285,0.249,10.8459869848156,10.8459869848156
"13127",0.1838284766,0.0005841193,13.020991786,52.73,0.224134717,0.0838989538,8903.91,6.4,0.169,3.9,3.8,0.143,0.118,0.117,0.37,0.16,0.8499987441,0.00096923,0.0006502429,0.288,0.256,39.2296430506912,13.750596533232
"13129",0.2254669001,0.0004638964,10.170035863,58.71,0.2823366605,0.0911316649,10044.18,7.6,0.186,4,4,0.155,0.124,0.121,0.364,0.17,0.43362447,0.0003048945,0.000573919,0.284,0.264,48.1060471082921,10.0963308745798
"13131",0.2445425209,0.0003943373,10.25277022,55.51,0.3084607543,0.1002843886,8745.28,6.3,0.246,4.8,4.5,0.13,0.152,0.143,0.415,0.203,0.5904601975,7.91202e-05,0.0001582404,0.339,0.333,73.8377152501253,13.1853062946652
"13133",0.2098878272,0.0006064281,14.554275318,43.92,0.2476838933,0.103533788,9292.19,6.8,0.213,4.4,4.2,0.118,0.138,0.131,0.387,0.174,0.4252219582,0.0001838123,0.0003063538,0.308,0.273,88.8511944427617,74.7157771450496
"13135",0.2018507219,0.000598003,6.7204147977,45.87,0.2523702847,0.0908643123,9373.18,7.6,0.149,3.3,3.5,0.161,0.103,0.105,0.391,0.137,0.7958155816,0.0007273328,0.0004142888,0.279,0.209,29.4335578259273,11.0518262288321
"13137",0.2253874539,0.0005485464,11.885170964,47.39,0.2731684867,0.1139107109,9101.58,7.4,0.167,4,3.9,0.153,0.12,0.117,0.353,0.165,0.8769777654,0.0003926097,0.0005311778,0.308,0.261,43.4955130944387,11.4461876564312
"13139",0.2159269364,0.0006133329,7.9156641032,39.17,0.2735073832,0.0901893881,9276.78,7.8,0.171,3.8,3.7,0.165,0.116,0.114,0.326,0.161,0.811274237,0.0006178593,0.0009640736,0.289,0.229,58.3874232791006,15.0338874311457
"13141",0.1713237862,0.0002350452,3.5256786931,65.44,0.206251426,0.0597222222,8490.62,3.4,0.269,5,4.5,0.111,0.158,0.143,0.452,0.209,0.0021211157,0.0001126253,0,0.307,0.274,46.2623848259378,69.3935772389067
"13143",0.1682114228,0.0005237247,8.3795956845,44.77,0.2108193647,0.0660220994,9834.31,7.6,0.162,3.8,3.9,0.158,0.117,0.118,0.359,0.171,0.6654621265,0.0005264081,0.0001403755,0.296,0.247,55.8204442377021,20.9326665891383
"13145",0.1251064145,0.0005170945,10.646063998,32.66,0.1487448861,0.0643082588,9011.58,8.7,0.12,3.1,3.3,0.166,0.092,0.096,0.332,0.131,0.5351611292,0.0001224627,6.12314e-05,0.304,0.248,26.2838657501011,18.1965224423777
"13147",0.1872227604,0.0003546519,12.609843559,50.36,0.2263080479,0.0861184792,9113.03,7.2,0.188,4.2,4.1,0.139,0.128,0.124,0.367,0.171,0.5665331377,0.0001178967,7.85978e-05,0.307,0.31,52.3855049307857,26.1927524653928
"13149",0.1793231531,0.0001723692,7.7566146686,48.02,0.2220951837,0.0714788732,10480.45,7.5,0.176,4.1,4,0.154,0.124,0.121,0.365,0.178,0.2684637485,0.0003460806,0.0001730403,0.304,0.267,69.164265129683,46.1095100864553
"13151",0.1451306936,0.0005096578,6.6863360281,42.2,0.1815783161,0.0665668301,8569.22,6.8,0.158,3.5,3.6,0.154,0.107,0.107,0.418,0.148,0.8603828915,0.0008525634,0.0005304839,0.328,0.232,27.8496925642877,9.9574319782928
"13153",0.1464619308,0.0005096874,7.1758622771,75.49,0.182205226,0.0633567243,10802.54,6.6,0.165,3.7,3.7,0.151,0.11,0.111,0.379,0.155,0.8558112938,0.0006230614,0.0006095166,0.33,0.249,50.5816894284269,14.7716438153813
"13155",0.1765643105,0.0003295255,13.181019332,52.91,0.2195320448,0.0722195474,8909.48,6.6,0.2,4.4,4.1,0.14,0.135,0.128,0.388,0.183,0.4738938981,0,0.0002121566,0.31,0.289,50.4032258064516,54.0034562211982
"13157",0.1630277386,0.000614191,9.0512364636,60.77,0.2029167782,0.0717961136,9806.86,8.5,0.145,3.5,3.6,0.164,0.105,0.106,0.349,0.163,0.7316359428,0.0003440142,0.0003276325,0.268,0.26,46.1685474086561,20.936899406251
"13159",0.1909147259,0.0003722454,8.1893984515,62.35,0.2306273063,0.0925758942,9193.82,7.3,0.196,4.3,4.2,0.142,0.132,0.128,0.382,0.187,0.6494964029,0.000220572,7.3524e-05,0.299,0.277,78.6859447231238,68.8502016327333
"13161",0.2105346535,0.0002691971,10.094891985,114.35,0.2647365373,0.0949747535,10784.7,7.1,0.193,4.2,4,0.148,0.13,0.125,0.375,0.18,0.5856118928,6.66489e-05,0.0002665956,0.307,0.286,33.4948529575955,24.5628921689034
"13163",0.1957881886,0.0003687316,13.520157325,61.06,0.2497573601,0.067888999,9556.44,5.4,0.254,4.9,4.6,0.115,0.157,0.146,0.42,0.21,0.400236267,0,0.0004901961,0.347,0.279,73.9250071871535,20.5347242186537
"13165",0.2022813688,0.0002191781,8.7671232877,74.93,0.2585642592,0.0745341615,10296.1,5.7,0.244,4.8,4.4,0.132,0.151,0.139,0.421,0.215,0.2094724221,0.0001078865,0,0.31,0.28,95.0605096705788,80.4358158751051
"13167",0.1809379728,0.0002061643,14.431501907,48.88,0.2222222222,0.0780214176,9294.67,6.1,0.187,4.1,3.8,0.153,0.124,0.117,0.39,0.178,0.5062124248,0.0001023856,0.0002047712,0.337,0.283,37.7695371514902,54.9375085839857
"13169",0.1493012487,0.0002084274,7.6423385556,56.92,0.1837589436,0.0681972558,9826.46,7.6,0.15,3.6,3.6,0.155,0.104,0.106,0.37,0.149,0.604590324,0.0002100179,0.0001050089,0.321,0.333,52.417006406523,17.472335468841
"13171",0.1678780608,0.0004393914,12.083264678,67.11,0.2059301769,0.0632846528,10321.49,6.8,0.175,4,4,0.149,0.12,0.12,0.374,0.17,0.6824807556,0.0004454591,0.0002784119,0.3,0.268,57.0198833851417,40.4657236926812
"13173",0.1960367219,9.64041e-05,6.7482888268,107.73,0.2484197219,0.0705882353,14328.05,6.6,0.202,4.4,4.2,0.152,0.135,0.129,0.388,0.197,0,0,9.60799e-05,0.329,0.3,19.2969478660792,19.2969478660792
"13175",0.1725212106,0.0010031138,12.956887003,50.38,0.2179905955,0.0661590109,9493.16,6,0.221,4.7,4.3,0.135,0.144,0.134,0.379,0.189,0.401598051,0.0016667014,0.0010208546,0.38,0.324,55.7176785229243,9.05412275997521
"13177",0.1376811594,0.0006851427,4.1108560858,51.21,0.1699582117,0.0686789686,8619.91,7.7,0.138,3.3,3.5,0.171,0.098,0.101,0.374,0.146,0.7124531769,0.0001375942,0.0003095869,0.33,0.211,29.7265160523187,17.1499131071069
"13179",0.1501895546,0.0003374337,7.3621890242,61.02,0.1923447402,0.061652151,9976.92,4.9,0.204,4.1,3.9,0.186,0.127,0.12,0.419,0.196,0.7282082801,0.0028065799,0.002120527,0.359,0.262,10.4275286757039,16.6840458811262
"13181",0.1842017368,0.0002623983,22.303857255,52.74,0.2148343208,0.0915119363,9355.66,6.6,0.189,4.1,4,0.132,0.126,0.123,0.381,0.173,0.2333666833,0.0002580312,0.0001290156,0.298,0.281,4.33914779137377,4.33914779137377
"13183",0.1887144512,0,4.674808625,85.61,0.2387572308,0.0810436845,10719.2,7.1,0.177,3.9,3.8,0.17,0.118,0.115,0.378,0.18,0.2696349558,6.0154e-05,6.0154e-05,0.338,0.244,21.3725033030232,33.0302323773995
"13185",0.1911186119,0.0005197185,10.130105794,55.51,0.2412004281,0.0720598939,9373.12,5.6,0.198,4.2,4.1,0.158,0.131,0.128,0.414,0.188,0.7198374118,0.001133586,0.0006642106,0.342,0.252,33.0087473180393,13.8518850352486
"13187",0.1893446408,0.0003849115,5.7736720554,54.4,0.2233835548,0.0884696699,9704.54,8,0.165,3.9,4,0.168,0.119,0.118,0.348,0.173,0.8810652072,0.0006145288,0.0007762468,0.313,0.26,47.0578169450921,19.2509251139013
"13189",0.1781760971,0.0006083294,11.698642957,57.84,0.225061896,0.0693015701,9351.76,6,0.197,4.2,4.1,0.134,0.13,0.127,0.391,0.183,0.7543314286,0.0004173429,0.0005100858,0.327,0.283,51.1826289259403,17.0608763086468
"13191",0.195069087,7.03532e-05,7.0353172928,45.03,0.2306779057,0.0853571429,8347.12,7,0.167,3.7,3.8,0.137,0.113,0.113,0.377,0.155,0.4930579781,0.0017848219,0.0001427857,0.323,0.274,37.9236785968239,33.1832187722209
"13193",0.2279448748,7.25058e-05,11.600928074,58.74,0.2790313704,0.0923893805,9598.16,4.4,0.252,4.7,4.3,0.125,0.15,0.136,0.435,0.213,0.412550882,7.13827e-05,0.0003569134,0.371,0.291,53.0977723070982,48.270702097362
"13195",0.1999326968,0.0001412828,11.655834982,67.87,0.2405654934,0.0941539365,10202.61,8,0.165,4,3.9,0.155,0.121,0.118,0.359,0.172,0.3240398293,3.56417e-05,0.0001782086,0.347,0.315,61.3135243485438,7.07463742483198
"13197",0.2198287766,0.0001136751,4.5470046607,20.16,0.2618249534,0.1016096579,7689.71,3,0.213,4.3,4.1,0.135,0.132,0.126,0.385,0.188,0.1924044841,0,0.0001157407,0.319,0.29,22.9025116421101,22.9025116421101
"13199",0.1888356884,0.0003302198,11.793565431,57.45,0.2349262348,0.0682233503,9832.56,6.5,0.204,4.3,4.2,0.13,0.131,0.128,0.393,0.18,0.2446798836,0.0004709872,0.0002354936,0.348,0.287,48.7268154668343,17.2901603269412
"13201",0.1846608916,0.0005035247,16.784155757,89.4,0.2249925794,0.0900277008,10283.57,6.9,0.199,4.3,4.2,0.132,0.133,0.13,0.374,0.18,0.5392653061,0.0001685772,0.0010114633,0.289,0.287,33.8142470694319,61.9927862939585
"13205",0.18320037,0.0005269861,14.052962101,53.34,0.2332504146,0.0704582503,10411.66,5.2,0.251,4.8,4.5,0.128,0.151,0.141,0.435,0.211,0.4226317133,0.0019093079,0.0001301801,0.335,0.286,57.025880976751,61.4124872057318
"13207",0.1610756991,0.0005545082,10.720490925,60.12,0.1925590749,0.0746725634,10233.73,7.4,0.16,3.7,3.7,0.149,0.111,0.111,0.361,0.164,0.6221616712,0.000222354,0.000148236,0.303,0.268,48.066257487244,12.3246814069856
"13209",0.2023706273,0,11.122233344,75.4,0.2423448832,0.1043269231,10027.3,6.4,0.202,4.3,4.1,0.147,0.132,0.125,0.392,0.183,0.1193686287,0.0001108525,0,0.347,0.301,48.2142194859622,37.0878611430479
"13211",0.1668263309,0.0006126086,13.9229227,45.69,0.2010632238,0.0825602968,8829.28,7.2,0.157,3.7,3.7,0.147,0.11,0.111,0.369,0.155,0.4022274457,0.0002249592,0.0001687194,0.289,0.247,70.6542959671272,48.3424130301396
"13213",0.2265964954,0.0001268714,4.0598832784,65.5,0.2829270305,0.0891676391,10222.31,7.3,0.19,4.3,4.1,0.158,0.13,0.125,0.357,0.187,0.7529272232,0,0.0004584002,0.335,0.309,27.0631416924612,21.9888026251247
"13215",0.1819166598,0.0009258937,10.702534261,40.67,0.230396696,0.0620969668,9277.82,5.1,0.19,4.1,4.1,0.149,0.126,0.123,0.422,0.187,0.8883429444,0.0020461089,0.0013213426,0.304,0.257,29.9525062470006,13.735127174039
"13217",0.1683228915,0.000347239,6.8483240897,58.6,0.2104933211,0.0767671214,9389.98,6.2,0.177,3.8,3.9,0.151,0.116,0.116,0.405,0.172,0.7566377879,0.000732093,0.000283076,0.318,0.29,56.80468815189,12.516287219908
"13219",0.1234004563,0.001082837,12.823070128,37.75,0.1506290214,0.067961165,8748.48,8.5,0.113,3,3.4,0.177,0.089,0.094,0.331,0.131,0.8126066813,0.0013809314,0.0004407228,0.29,0.214,57.0922896862779,12.3699960986935
"13221",0.1878808113,0.0001363048,9.5413344238,54.73,0.224607389,0.0874020494,9357.29,8,0.147,3.5,3.6,0.157,0.106,0.108,0.352,0.148,0.1261158467,0,0.0002749519,0.304,0.272,81.6474643926336,68.039553660528
"13223",0.1419985754,0.0001409519,4.6983965044,67.83,0.1774597534,0.0661031393,9954.95,7.8,0.138,3.4,3.5,0.173,0.1,0.103,0.363,0.149,0.7510469071,0.0002449813,0.000190541,0.29,0.239,19.4120600211971,14.0570089808668
"13225",0.1926229508,0.0002600104,8.5431988708,81.47,0.2344688151,0.0812851406,10366.67,5.6,0.213,4.2,4,0.14,0.131,0.125,0.402,0.185,0.7409640729,0.0004442141,0.0002591249,0.338,0.284,59.5120015869867,18.5975004959333
"13227",0.1882130078,0.0004333767,8.00080008,45.13,0.2253088177,0.0866553794,9240.41,8.3,0.139,3.6,3.7,0.161,0.105,0.107,0.327,0.151,0.5681084571,0.0006760411,0.0004056247,0.28,0.275,53.398598286795,21.1369451551897
"13229",0.2109625165,0.0004212522,10.531304302,62.28,0.2619431025,0.0938693467,9489.37,7.5,0.176,4,3.9,0.153,0.121,0.119,0.363,0.175,0.6229875253,0.0002640194,0,0.308,0.321,40.3282367793519,21.0408191892271
"13231",0.1585495675,0.000168691,13.495276653,59.14,0.1905030559,0.0848301233,9620.22,8.4,0.143,3.6,3.7,0.165,0.106,0.108,0.346,0.157,0.4668979797,0.0001123848,0.0001123848,0.276,0.255,35.5000840791465,11.2105528670989
"13233",0.2042648709,0.0003160479,12.39880388,57.77,0.2591081438,0.0804796076,10170.5,7.3,0.186,4.1,4.1,0.152,0.123,0.12,0.365,0.181,0.8023387583,0.000364228,0.0002428186,0.351,0.283,42.797157622739,19.3798449612403
"13235",0.1893643032,0.0006966821,13.933641035,70.17,0.2253355705,0.095767422,10751.33,6.7,0.183,4,4,0.133,0.121,0.122,0.369,0.164,0.7548709409,0.0001732802,0.0002599203,0.33,0.293,37.7676418465472,29.0520321896517
"13237",0.1984723569,0.0002359381,12.740656852,60.86,0.2368442861,0.0976503557,9970.79,7.5,0.175,3.9,3.9,0.139,0.117,0.116,0.365,0.165,0.5938825525,0.0002339619,0.0002807543,0.309,0.285,43.8074973402591,20.3391951936917
"13239",0.2070405728,0,4.3196544276,46.77,0.2490211433,0.0734597156,8168.25,3.8,0.263,5,4.6,0.1,0.161,0.149,0.407,0.201,0.3028253084,0,0.0008449514,0.331,0.287,14.3184421534937,0
"13241",0.2492477432,0.0005540848,17.853844733,62.2,0.2888102609,0.1330128205,9448.85,7.9,0.171,4,4,0.139,0.124,0.121,0.337,0.162,1,0.001539883,0.0008623345,0.29,0.283,45.1198753050719,36.9162616132406
"13243",0.1835419735,0.0002734856,13.674278682,53.8,0.2297399647,0.060272197,7909.8,5.1,0.265,5,4.6,0.108,0.159,0.147,0.434,0.21,0.3291877186,0.0005557871,0.0004168404,0.333,0.307,55.2918951297056,46.0765792747546
"13245",0.1686204329,0.0009584442,10.577648882,46.81,0.2149961299,0.0510820903,8071.06,4.6,0.22,4.4,4.4,0.139,0.138,0.133,0.432,0.201,0.6264454074,0.002207888,0.0015445315,0.341,0.272,45.1117383056494,13.2195570126445
"13247",0.1838745801,0.0007862889,8.8884837158,58.22,0.2241122885,0.090936272,9390.44,5.8,0.176,3.8,3.8,0.138,0.117,0.116,0.387,0.162,0.8787772106,0.0008743773,0.0004141787,0.385,0.273,51.6072234934296,11.3839463588448
"13249",0.1949114039,0,17.431725741,NA,0.2466622163,0.0861601085,10200.02,7.2,0.181,4,4,0.147,0.125,0.123,0.37,0.176,0.2497005988,0,0.000786009,0.303,0.256,6.48508430609598,6.48508430609598
"13251",0.1837180832,0.000141995,10.649627263,59.93,0.2229473185,0.076340694,8596.66,5.4,0.213,4.4,4.2,0.131,0.136,0.131,0.401,0.186,0.4445967245,0.0002808989,0.0002106742,0.339,0.296,56.4878668769271,44.7195612775673
"13253",0.1921138452,0.0010361501,16.117890859,105.81,0.2344292424,0.0828220859,9988.86,6.7,0.195,4.2,4.1,0.131,0.127,0.123,0.383,0.172,0.5289265666,0.0001117943,0,0.308,0.295,125.580333358703,114.163939417003
"13255",0.1786680797,0.0005157217,10.314433956,59.12,0.2274533863,0.0621276068,9172.76,6,0.206,4.4,4.3,0.141,0.135,0.13,0.405,0.19,0.737252821,0.0006580081,0.000564007,0.319,0.263,45.8648654283153,10.9450247044843
"13257",0.1720551996,0.0007064364,17.26844584,71.62,0.2107699639,0.0728476821,10286.48,7.3,0.177,4.1,4.1,0.146,0.126,0.124,0.357,0.178,0.8503533906,0.0003893626,0.0008176615,0.307,0.27,62.5415314857523,13.0294857261984
"13259",0.1985981308,0.0005222841,12.186629526,NA,0.2424834049,0.071197411,9012.04,5.5,0.316,5.3,4.5,0.131,0.177,0.149,0.433,0.233,0.0120501816,0,0.0010224949,0.345,0.27,5.72639294508389,5.72639294508389
"13261",0.1883322004,0.0007044057,11.526639344,46.04,0.2392744834,0.0655004603,8469,4.9,0.238,4.7,4.4,0.124,0.15,0.14,0.401,0.203,0.7435327097,0.0013709986,0.0007014411,0.325,0.299,78.1793842034806,16.0642570281125
"13263",0.1973607607,0.0001564945,7.8247261346,49.38,0.2324297189,0.0812550282,9441.65,6.4,0.226,4.5,4.3,0.118,0.14,0.132,0.428,0.188,0.0166059723,0.0001548947,0,0.343,0.293,26.0647448261482,26.0647448261482
"13265",0.225095057,0,11.813349084,81.04,0.2705649158,0.0776119403,7503.54,1.2,0.299,5.4,4.8,0.099,0.178,0.16,0.439,0.225,0.393127548,0,0,0.321,0.288,19.8609731876862,19.8609731876862
"13267",0.2173667251,0.0002378687,9.9111956866,72.71,0.2685764725,0.0975654402,10345.01,7,0.226,4.5,4.1,0.151,0.139,0.128,0.398,0.198,0.3512539185,0.0001175272,0.0003525817,0.337,0.306,35.5361349846668,7.89691888548152
"13269",0.1905460951,0,14.21464108,73.94,0.232275754,0.0682443588,9547.95,5.8,0.218,4.5,4.3,0.129,0.141,0.134,0.399,0.196,0.3242757691,0.0001181474,0.0002362949,0.296,0.266,47.5511174512601,39.6259312093834
"13271",0.1861006106,0.0003632401,9.6864027122,76.24,0.2288057135,0.0711325967,11756.54,6.1,0.262,4.9,4.3,0.136,0.157,0.138,0.421,0.219,0.1141212121,0,6.02736e-05,0.316,0.281,40.396695550304,38.3768607727888
"13273",0.1954433159,0,12.045554095,42.44,0.25,0.0624434389,7619.64,5.6,0.26,4.9,4.5,0.114,0.156,0.144,0.433,0.207,0.0059044552,0,0,0.327,0.292,55.0115524260095,44.0092419408076
"13275",0.1892499932,0.0009341845,15.124891568,48.34,0.2369441277,0.0734870317,9709.14,5,0.208,4.3,4.2,0.131,0.133,0.13,0.398,0.187,0.6169275492,0.0016492456,0.001314939,0.347,0.251,91.1847343410606,12.6027681609596
"13277",0.2111333552,0.0010809748,12.775157233,63.23,0.2602273211,0.0982950757,9559.98,6.4,0.21,4.5,4.2,0.142,0.138,0.132,0.379,0.183,0.6535470362,0.0004468053,0.001960979,0.325,0.289,32.0318018299193,15.6052367889351
"13279",0.2021850788,0.0008797009,11.729345356,76.43,0.2572972973,0.0857556228,9947.47,6,0.213,4.5,4.3,0.138,0.142,0.133,0.37,0.191,0.6870293502,0.0002199978,0.0009533238,0.344,0.291,64.7953445156242,13.4480903711673
"13281",0.2250037931,0.0009010633,15.318075329,38.3,0.2540370224,0.1311373524,8563.3,8.2,0.143,3.6,3.8,0.143,0.109,0.111,0.319,0.141,0.9977079553,0,0.0003713676,0.283,0.29,72.6150494690024,87.7431847750446
"13283",0.1772336927,0,11.802891708,66.89,0.2241289652,0.0677966102,10595.46,5.8,0.192,4.2,4.1,0.149,0.127,0.122,0.405,0.179,0.4219317357,0.0001489869,0.0004469607,0.33,0.315,78.9149198520345,69.0505548705302
"13285",0.1668790028,0.0005038218,12.523571665,40.57,0.2113189097,0.0648669537,9147.47,6.2,0.185,4.1,4,0.154,0.124,0.12,0.417,0.177,0.8036065867,0.0006806366,0.0005213387,0.299,0.286,89.7808291523634,12.0027846460379
"13287",0.2093942749,0.0003679627,14.718508524,50.91,0.2688045272,0.0904499541,10250.13,6.1,0.22,4.5,4.2,0.129,0.141,0.132,0.395,0.186,0.0901455767,0,0.0002458815,0.321,0.296,65.303457001755,57.1405248765357
"13289",0.1917355372,0,8.4134615385,56.78,0.2278878211,0.0747091243,10673.23,6.1,0.253,4.9,4.6,0.119,0.155,0.145,0.415,0.209,0.1426354871,0,0.0002358212,0.334,0.293,67.4844190385455,59.545075622246
"13291",0.2034136546,0.0009097525,12.736535662,38.4,0.2337374989,0.1129032258,8462.09,8.4,0.145,3.6,3.7,0.136,0.109,0.111,0.32,0.141,1,0.00064917,0.0010201243,0.292,0.267,98.7586793685522,22.7904644696659
"13293",0.1713565729,0.0005332115,12.949421085,52.49,0.2125391049,0.0619322874,8469.02,6,0.199,4.3,4.2,0.139,0.133,0.13,0.39,0.184,0.5429234339,0.0002258526,0.0004517052,0.342,0.283,36.6207854527087,36.6207854527087
"13295",0.1800773798,0.0002492011,10.554399132,54.14,0.2229628722,0.0685526397,10102.13,6.9,0.163,4,3.9,0.157,0.119,0.116,0.361,0.173,0.6309267555,0.0003079269,0.0001466319,0.317,0.3,54.7725472168699,13.2040962040669
"13297",0.1596241618,0.0004223021,7.9894995149,55.29,0.1975887475,0.0747719075,10064.14,7.4,0.14,3.5,3.6,0.166,0.104,0.107,0.361,0.153,0.5408628593,0.000396483,0.0003265154,0.32,0.245,69.9092326029156,15.6627242443691
"13299",0.1835612525,0.0008165564,15.767985358,76.3,0.2316875759,0.0709482958,9969.85,5.3,0.209,4.5,4.1,0.14,0.136,0.128,0.398,0.183,0.8085756775,0.0011481699,0.0009801451,0.355,0.278,66.6078766159446,13.1339475017356
"13301",0.1888686131,0.0005434783,14.492753623,38.98,0.231866088,0.0685950413,8360.3,5.6,0.23,4.5,4.3,0.112,0.142,0.134,0.415,0.188,0,0,0.0001799208,0.324,0.283,133.026968194461,84.6535252146572
"13303",0.1699313472,0.0007753816,10.661497456,38.67,0.2113899614,0.0671594509,8515.25,4.6,0.225,4.5,4.2,0.13,0.139,0.131,0.423,0.194,0.3870769812,0.000193461,0.0004352873,0.317,0.277,75.6514880808666,70.8226696927262
"13305",0.182473655,0.0003672911,15.359444389,99.64,0.2306603483,0.0763308111,11236.36,6,0.191,4.2,4,0.155,0.129,0.122,0.362,0.19,0.4055616466,0.00016624,0.000299232,0.342,0.268,56.945064761054,12.2822688700313
"13307",0.1991525424,0,11.325028313,43.6,0.2353689567,0.0945017182,7448.77,6.4,0.213,4.3,4.2,0.124,0.136,0.129,0.399,0.182,0,0,0,0.322,0.269,12.4750499001996,12.4750499001996
"13309",0.1938246563,0,5.0031269543,84.94,0.2383087764,0.0904486252,12801.09,6.1,0.219,4.3,4,0.157,0.135,0.124,0.42,0.207,0.0371917531,0,0.0001264382,0.325,0.301,25.2026714831772,25.2026714831772
"13311",0.1909204267,0.0002502681,10.368251698,39,0.2316416397,0.0853225806,9462.26,8.1,0.155,3.8,3.9,0.152,0.113,0.114,0.336,0.158,0.9504126142,0.0006115768,0.0001439004,0.298,0.249,51.138120495683,7.13555169707204
"13313",0.2421511141,0.000579475,9.1750207645,67.7,0.3079026085,0.0968011127,9261.67,7.4,0.225,4.5,4.1,0.146,0.14,0.124,0.372,0.182,0.865281338,0.0005634076,0.0008936811,0.336,0.273,38.3002417099288,9.33367234947844
"13315",0.1783360057,0.0002260653,7.9122866508,90.91,0.2189378758,0.0808435852,10316.21,6.6,0.228,4.6,4.1,0.143,0.142,0.129,0.415,0.204,0.0193408968,0,0,0.32,0.273,63.7563756375638,45.004500450045
"13317",0.1976218172,0.0005030181,14.084507042,70.68,0.2433345183,0.0776132795,10681.73,4.6,0.218,4.5,4.3,0.12,0.14,0.133,0.396,0.184,0.6160672142,9.99001e-05,9.99001e-05,0.323,0.3,50.3068719187041,57.014454841198
"13319",0.1689473684,0.0001072271,13.939523912,56.06,0.2038343281,0.0791762014,10256.58,6,0.201,4.3,4.2,0.134,0.132,0.127,0.383,0.183,0.2476210394,0.0002120441,0.0003180662,0.325,0.297,64.4860817540214,78.816322143804
"13321",0.2035101899,0.0002387775,10.028653295,58.14,0.250869153,0.0779510022,9443.84,6.7,0.189,4.2,4.1,0.14,0.128,0.124,0.386,0.179,0.5015914018,4.69682e-05,0.000234841,0.356,0.316,49.2610837438424,20.6578738280629
"16001",0.1164442044,0.0008844865,8.0706463086,23.9,0.1410808373,0.0607752049,7927.64,7.6,0.109,3,3.3,0.174,0.089,0.098,0.279,0.149,0.9157264282,0.0022546967,0.0010925314,0.256,0.155,44.7172903984694,17.0724506249848
"16003",0.1800699301,0.0005180005,7.77000777,36.7,0.1929666366,0.1407407407,7614.7,6.9,0.151,3.8,3.8,0.135,0.113,0.113,0.319,0.173,0.3126257545,0.0007836991,0.000261233,0.284,0.237,8.67152271938953,8.67152271938953
"16005",0.1361203305,0.00073188,7.6787406865,21.4,0.1649111325,0.0751712403,9045.8,6.9,0.14,3.8,3.6,0.165,0.111,0.107,0.317,0.157,0.7904368715,0.0033874281,0.0010810941,0.278,0.187,60.717424302948,28.7608851961333
"16007",0.1331516041,0.0008393487,5.0360919926,49.61,0.1551888289,0.0945390487,8960.27,7.2,0.124,3.4,3.5,0.153,0.1,0.104,0.297,0.156,0.5571333111,0.0003365304,0.0006730607,0.273,0.204,72.9435529121311,67.3325103804287
"16009",0.1779720773,0.0007677122,8.7738539153,36.56,0.2061412087,0.1084452975,7535.11,5.7,0.145,3.7,3.7,0.15,0.113,0.115,0.297,0.173,0.6276790522,0.0015479876,0.0007739938,0.299,0.269,113.911957080914,36.7457926067465
"16011",0.1967200453,0.0003755329,4.1971326957,31.69,0.2459003183,0.1132873814,8155.86,7.6,0.147,3.8,3.8,0.148,0.113,0.111,0.336,0.176,0.5706799395,0.0009715169,0.0005961581,0.317,0.267,34.6738079956326,22.1322178695527
"16013",0.2078158636,0.0009775626,15.361698166,23.38,0.2277807344,0.1595601003,7457.83,7.9,0.125,3.3,3.3,0.173,0.097,0.097,0.274,0.142,0.8972679641,0.0010314595,0.0003281917,0.183,0.125,32.607176684316,31.0544539850628
"16015",0.1704524122,0.0002930832,11.723329426,NA,0.19,0.1093990755,7964.14,4.6,0.129,3.5,3.5,0.139,0.105,0.106,0.306,0.159,0.7898406375,0.000147167,0.0004415011,0.264,0.21,24.1814576582676,24.1814576582676
"16017",0.1694024545,0.0006733197,10.099795599,25.95,0.1963751247,0.0955915943,7311.45,6.8,0.123,3.4,3.5,0.167,0.101,0.105,0.292,0.166,0.7255180175,0.0017445146,0.0004914126,0.262,0.21,56.3865864366094,18.5270212577431
"16019",0.1377959821,0.0004418954,4.5110151625,31.98,0.1743882118,0.0736992977,9076,7.5,0.143,3.7,3.4,0.153,0.105,0.103,0.333,0.137,0.7933975478,0.0021764,0.0009393863,0.297,0.197,55.7890316311548,19.9246541539839
"16021",0.210819596,0.0009108298,9.1082976592,30.67,0.2431378918,0.1331045004,7496.26,6.6,0.141,3.6,3.6,0.147,0.108,0.111,0.293,0.168,0.7533722202,0.0009214042,0.0002764213,0.295,0.267,51.2820512820513,30.1659125188537
"16023",0.1545801527,0.0003813883,3.8138825324,38.75,0.180362117,0.1,10051.04,6.9,0.139,3.7,3.6,0.148,0.108,0.108,0.29,0.163,0.526461432,0.0003785011,0.0011355034,0.279,0.247,12.8783000643915,0
"16025",0.2380382775,0,28.873917228,NA,0.2694915254,0.166023166,5845.55,3.5,0.185,4.4,4.1,0.134,0.137,0.13,0.323,0.205,0.0411817368,0,0.0009596929,0.261,0.217,0,0
"16027",0.1984360742,0.0003101264,5.6610368066,27.02,0.2580684725,0.0872768398,8239.08,7.2,0.179,4.1,3.9,0.151,0.123,0.118,0.331,0.181,0.7838061009,0.00096545,0.0004626114,0.344,0.241,42.4944051767702,18.7041011202772
"16029",0.1321390564,0.0004387889,5.8505192336,43.17,0.159643436,0.0834155972,8382.62,7,0.118,3.3,3.3,0.163,0.096,0.098,0.287,0.151,0.5789171334,0.000146886,0.000293772,0.287,0.237,63.6786676463385,44.0852314474651
"16031",0.2180330338,0.0007646559,5.9473237043,44.77,0.2668321191,0.138117284,8222.1,7.3,0.155,3.9,3.6,0.149,0.117,0.11,0.297,0.171,0.5732398048,0.0008143672,0.00030003,0.346,0.229,51.1530755786692,19.892862725038
"16033",0.3347164592,0,0,NA,0.393442623,0.2137096774,4443.24,2.1,0.283,5.3,4.5,0.126,0.172,0.147,0.354,0.226,0.0570264766,0,0,0.297,0.243,0,38.2555470543229
"16035",0.1635198337,0.0012847466,11.679514132,58.94,0.1880535998,0.0897790055,9216.1,6.5,0.127,3.4,3.4,0.154,0.099,0.099,0.306,0.16,0.2083095537,0.0008161362,0.0006995453,0.292,0.244,66.3155841622781,42.9100838697094
"16037",0.1797896079,0,9.6618357488,29.55,0.194214876,0.1336898396,6878.14,6.5,0.134,3.6,3.5,0.139,0.107,0.107,0.324,0.163,0.1710164835,0,0.0007060485,0.288,0.234,8.01538954793203,80.1538954793203
"16039",0.1694265217,0.0005365218,6.1316777803,40.21,0.2046658912,0.0910652921,7831.71,6.4,0.147,3.7,3.6,0.178,0.109,0.107,0.32,0.181,0.8192913677,0.0008024455,0.0006878105,0.302,0.233,38.3926286153059,24.3153314563604
"16041",0.1586802122,0.0004607941,2.3039705092,65.1,0.1990890391,0.0985603544,8284.16,8,0.131,3.4,3.5,0.157,0.103,0.106,0.312,0.158,0.5448928516,0.000388984,0.0001555936,0.333,0.208,15.4047600708619,28.2420601299135
"16043",0.1912222655,7.77182e-05,7.7718193829,26.63,0.2303641948,0.118264714,8391.43,8,0.133,3.6,3.5,0.162,0.106,0.106,0.32,0.163,0.1074611086,0.0003094299,0.0003094299,0.277,0.189,51.7960272447103,38.8470204335327
"16045",0.1636127653,0.0005336179,9.48654097,24.99,0.1937269373,0.0962527553,8288.66,6.3,0.132,3.5,3.6,0.139,0.107,0.11,0.32,0.166,0.7312638316,0.0007790962,0.0004794438,0.303,0.286,91.2625982064915,75.3908419966669
"16047",0.2494327391,0.0003983006,9.2936802974,52.64,0.3090864858,0.1346731347,9878.75,7.8,0.194,4.2,3.9,0.155,0.131,0.121,0.338,0.194,0.602884118,0.000862069,0.000596817,0.325,0.244,63.8372809720877,48.4282821167562
"16049",0.1888841748,0.0006167129,5.5504162812,51.61,0.2181332714,0.1144470868,7851.18,6,0.136,3.5,3.5,0.171,0.104,0.105,0.314,0.174,0.586401918,0.0008066518,0.0005584512,0.273,0.235,47.3221817583277,22.6323477974611
"16051",0.1554173321,0.0002590578,1.1102475852,31.24,0.1980918388,0.0916086098,9113.89,7.9,0.131,3.6,3.4,0.169,0.104,0.103,0.312,0.157,0.5002677888,0.0002600877,0.0003343985,0.333,0.221,32.0623489370098,14.7980072016968
"16053",0.2477296941,0.0003944255,7.8885090718,38.54,0.3086295204,0.1354911027,10278.16,7.5,0.17,4,3.8,0.155,0.121,0.114,0.339,0.195,0.7636542415,4.44168e-05,0.0002665008,0.345,0.249,39.6208141343586,19.0766882869134
"16055",0.157702578,0.0007737942,8.6203385689,33.92,0.191767126,0.0750048596,8196.53,7,0.124,3.3,3.3,0.181,0.096,0.101,0.291,0.167,0.7556645053,0.0015596298,0.0006862371,0.262,0.203,66.5253192197078,23.0802127905109
"16057",0.1167026661,0.0007810263,10.934367759,37.23,0.1302026858,0.0772434175,7513.64,6.7,0.129,3.7,3.5,0.207,0.11,0.107,0.299,0.16,0.6605359252,0.0012605704,0.0003939283,0.228,0.177,33.8344886220688,13.0132648546418
"16059",0.1662164596,0.0003882992,12.94330831,34.46,0.189279732,0.0988857939,7115.34,5,0.146,3.7,3.7,0.142,0.112,0.114,0.311,0.185,0.7492439516,0.0015560166,0.0003890041,0.265,0.225,60.4151383075131,60.4151383075131
"16061",0.1775994417,0.0002605524,13.027618551,58.07,0.2116824763,0.1025641026,8679.77,5.8,0.146,3.9,3.8,0.14,0.115,0.114,0.303,0.17,0.398848469,0.0007688365,0.0005125577,0.292,0.251,43.3688958279122,43.3688958279122
"16063",0.2364982578,0.0001881114,5.6433408578,30.55,0.2881526104,0.1425178147,7450.82,4.2,0.188,4.2,3.9,0.152,0.131,0.12,0.344,0.186,0,0,0.0005644403,0.295,0.206,125.565042692115,56.5042692114515
"16065",0.132494213,0.000630948,1.5773699984,20.79,0.1629327902,0.0690196803,7003.25,5.8,0.182,4.5,4.1,0.168,0.14,0.134,0.334,0.196,0.6864343564,0.0011748999,0.0006408545,0.261,0.151,4.39517936726998,12.3065022283559
"16067",0.2088294236,0.000295232,6.3966934016,33.39,0.2592296059,0.1129435282,7043,8.1,0.166,3.9,3.5,0.141,0.117,0.111,0.31,0.161,0.40579999,0.000197122,0.0001478415,0.359,0.237,55.6683476324579,18.0103477634423
"16069",0.1368730825,0.0007498688,11.997900367,42.46,0.1631390288,0.0683222834,8064.67,7.5,0.124,3.5,3.6,0.171,0.101,0.104,0.284,0.162,0.7942697058,0.0018038331,0.0011273957,0.322,0.231,99.1914645327999,27.5068767191798
"16071",0.1549760192,0.0002390057,4.7801147228,58.83,0.1790772042,0.1136738056,9872.41,7.6,0.13,3.6,3.5,0.148,0.103,0.104,0.307,0.153,0.6959869342,0.0007017544,0.0009356725,0.303,0.213,47.0957613814757,0
"16073",0.2824064055,8.80824e-05,3.5232978067,30.13,0.34125236,0.1567091087,7673.96,7.2,0.209,4.4,4.1,0.144,0.137,0.129,0.336,0.207,0.4222627104,0.0002615063,0.000348675,0.317,0.24,17.5772667350227,14.6477222791856
"16075",0.1756410256,0.0003941146,6.1306708706,41.55,0.2173878711,0.0919395466,7717.04,7.1,0.16,3.7,3.6,0.151,0.112,0.11,0.314,0.18,0.6739159263,0.000619195,0.0008845644,0.337,0.264,71.6982236399286,17.5587486465131
"16077",0.2127033308,0.0003938558,3.9385584876,29.28,0.2637729549,0.1193205945,7738.46,7.9,0.203,4.4,4,0.149,0.135,0.124,0.344,0.196,0.7143405398,0.0002591009,0.0002591009,0.319,0.254,34.8068221371389,34.8068221371389
"16079",0.1609664261,0.0004035513,12.10653753,38.77,0.1850404689,0.0917721519,8873.37,6.7,0.143,3.8,3.7,0.15,0.114,0.112,0.315,0.176,0.9162553858,0.0011032309,0.0002364066,0.297,0.253,66.6453401578162,50.6504585199403
"16081",0.2288207748,0.0004835122,7.7361957258,55.22,0.2597046735,0.1618692855,9761.28,8.2,0.123,3.2,3.3,0.193,0.096,0.098,0.308,0.158,0.531366765,0.000973236,0.0007785888,0.242,0.193,25.6574727389352,25.6574727389352
"16083",0.1694495616,0.000679734,10.134216576,30.1,0.2056509454,0.0968376853,9032.5,7.6,0.15,3.8,3.7,0.16,0.112,0.111,0.315,0.192,0.7034054124,0.001938542,0.0006878697,0.307,0.237,67.010351660459,24.2552806623747
"16085",0.1723777138,0.0018318746,19.336454305,16.14,0.1898021828,0.1174568966,8340.61,7,0.107,3.1,3.2,0.163,0.09,0.094,0.28,0.14,0.696917461,0.0009369144,0.0006246096,0.234,0.175,20.3148806500762,40.6297613001524
"16087",0.2080978047,0.0005987426,8.9811396068,26.86,0.2485440541,0.1176954733,7627.98,7,0.171,4.2,3.9,0.132,0.126,0.119,0.317,0.176,0.6585605021,0.0005028158,0.0005028158,0.312,0.264,80.1362315937093,66.7801929947578
"17001",0.0812417067,0.0008359706,16.271571028,61.34,0.1020086343,0.0292299768,9502.53,8,0.128,3.5,3.5,0.202,0.099,0.101,0.326,0.164,0.7842123303,0.0018769552,0.0006852376,0.331,0.248,77.5613903376406,11.435333190806
"17003",0.1050324391,0.0001334757,13.347570742,50.75,0.1370067014,0.0290763968,9046.68,3.8,0.266,5.2,4.6,0.152,0.162,0.145,0.395,0.238,0.4519300801,0.0005243151,0.0002621576,0.28,0.252,31.9620108670837,31.9620108670837
"17005",0.092246203,0.0005790723,15.055880479,62.38,0.1121373465,0.0393113343,9901.93,7.9,0.15,3.7,3.6,0.205,0.106,0.104,0.329,0.174,0.5451936065,0.0009158558,0.0004579279,0.296,0.263,56.1047805142293,52.2354853063514
"17007",0.1070661489,0.0005197795,6.6828788357,65.73,0.1357280467,0.0436405593,9609.35,8.9,0.151,3.5,3.4,0.204,0.102,0.1,0.338,0.155,0.7622819164,0.0001482662,0.0001111997,0.324,0.244,34.6940419178371,11.1516563307333
"17009",0.07001287,0.00014637,19.028103044,60.68,0.0849878091,0.0299345182,8929.07,7.4,0.135,3.3,3.2,0.238,0.094,0.09,0.338,0.164,0.1073951276,0.0032069971,0.0004373178,0.267,0.243,63.3497392914575,48.7305686857366
"17011",0.0956032152,0.0005023641,18.321513002,60.89,0.1173697019,0.0393280375,8955.12,7.4,0.138,3.5,3.4,0.202,0.1,0.1,0.32,0.151,0.6484647493,0.0004698144,0.0003817242,0.272,0.247,52.2254958958643,15.7661874402609
"17013",0.0858638743,0.0004035513,10.088781275,71.29,0.101598579,0.0434372049,8593.87,8,0.12,3.3,3.4,0.198,0.094,0.096,0.304,0.145,0.0021615249,0,0.0001976675,0.292,0.267,33.5255464664074,33.5255464664074
"17015",0.098139202,0.0002038736,19.707781176,54.09,0.1153571429,0.0489296636,8292.63,8.2,0.126,3.4,3.4,0.194,0.097,0.099,0.292,0.15,0.5856242282,0.0009389671,0.0001341382,0.273,0.248,101.715603173527,92.6742162247689
"17017",0.1201642336,7.60109e-05,13.681970204,53.73,0.1489470981,0.0526315789,8212.85,8.5,0.151,3.6,3.5,0.205,0.103,0.1,0.321,0.158,0.5339393051,0.0024016812,0.0004503152,0.3,0.263,66.1123401225621,61.0267754977496
"17019",0.0936981415,0.0008352122,11.828149064,45.68,0.1107572595,0.0410278767,9084.08,7.2,0.159,3.8,3.7,0.218,0.113,0.108,0.326,0.171,0.8383139133,0.0019424394,0.0008784902,0.257,0.212,42.6805993322499,9.66353192428301
"17021",0.086180656,0.0003835713,17.113183052,82.16,0.1058022252,0.0344641168,9728.32,8,0.135,3.5,3.5,0.211,0.1,0.101,0.316,0.161,0.5861494253,0.0003498746,0.000262406,0.299,0.274,62.8486134024668,14.7301437662032
"17023",0.084958854,0.0003708282,23.48578492,62.61,0.1049356676,0.0354258922,8993.74,8.1,0.13,3.4,3.4,0.205,0.097,0.099,0.307,0.154,0.586899296,0.0001853912,0.0002471882,0.325,0.267,62.0591216565648,26.8922860511781
"17025",0.0880029396,0.000147929,23.668639053,106.29,0.1075941289,0.039160401,11016.63,7.9,0.144,3.7,3.6,0.195,0.107,0.106,0.316,0.167,0.5234889613,0.000737137,0.0004422822,0.289,0.278,37.0242385348275,34.555955965839
"17027",0.0755256854,0.0003962279,13.20759701,33.62,0.0912518169,0.0348011364,8715.28,8.6,0.119,3.1,3.2,0.22,0.089,0.091,0.308,0.148,0.5974524654,0.0002110428,0.0002110428,0.299,0.239,72.2148833113166,9.68736239542052
"17029",0.0886603401,0.0006376594,14.816204051,79.09,0.1065803399,0.0296969697,10615.56,7.1,0.167,4.2,4,0.206,0.122,0.119,0.329,0.199,0.7819130177,0.0015643332,0.0007076745,0.288,0.242,40.115834472038,11.2825784452607
"17031",0.1405551462,0.0009419692,7.0962188571,51.09,0.1765884464,0.0402609992,10353.49,7.9,0.166,3.7,3.4,0.205,0.109,0.104,0.344,0.156,0.9920849716,0.0017369817,0.0004144485,0.268,0.211,44.1070646850199,8.47674700477674
"17033",0.0873799726,0.000464085,18.047749188,64.08,0.1050490105,0.0386071158,9523.99,8,0.134,3.5,3.4,0.208,0.099,0.098,0.316,0.162,0.5569965181,0.0017431428,0.0003588823,0.304,0.231,60.021950884895,78.8859925915764
"17035",0.0819672131,0,12.923474568,62.24,0.0983758701,0.0418929403,9979.98,8.5,0.136,3.5,3.5,0.204,0.102,0.103,0.308,0.162,0.0092324403,0.0003656641,0.0003656641,0.29,0.242,58.1573308846036,55.0964187327824
"17037",0.0915561344,0.0003698014,9.2924465684,61.65,0.1113472556,0.0378832423,9546.32,6.9,0.149,3.6,3.6,0.23,0.107,0.106,0.324,0.168,0.8060954736,0.0013079883,0.0002577787,0.285,0.193,39.1028595953013,9.21937340051819
"17039",0.0778710214,0.0003684598,17.194792434,62.46,0.0945447088,0.0336709554,9995.9,8.5,0.124,3.3,3.4,0.208,0.094,0.096,0.303,0.151,0.7674657327,0.0004263094,0.0003045067,0.29,0.227,49.0286204571919,49.0286204571919
"17041",0.1242378509,0.0002513952,17.597667052,58.24,0.1488440558,0.0687226347,9416.19,8.6,0.135,3.4,3.4,0.206,0.1,0.1,0.314,0.156,0.7114614615,5.02841e-05,0.0003519887,0.291,0.249,31.8797295256632,8.38940250675347
"17043",0.0863373342,0.0013305343,8.9738696355,47.74,0.1064223097,0.0353087987,9719.78,8.9,0.118,2.9,3,0.208,0.086,0.086,0.301,0.116,0.9888834843,0.0020158219,0.0003980149,0.242,0.185,56.1715447532133,9.14752891655381
"17045",0.0900741787,0.0002802533,17.936214338,82.16,0.110037317,0.0358790364,10338.56,6.8,0.144,3.8,3.7,0.194,0.11,0.108,0.313,0.169,0.4722222222,0.0008908686,0.0003340757,0.283,0.243,41.148414850837,28.055737398298
"17047",0.0897363993,0,22.66888318,61.46,0.1093465243,0.0410872314,8696.68,8.2,0.136,3.5,3.6,0.198,0.102,0.103,0.308,0.16,0,0.0004496403,0.0002997602,0.292,0.245,30.2678706552994,30.2678706552994
"17049",0.0764275153,0.0007575758,16.025641026,56.8,0.0940397351,0.0338942877,8975.48,8.4,0.122,3.2,3.3,0.216,0.092,0.095,0.311,0.151,0.4450090532,0.0009036057,0.0009910514,0.295,0.232,47.5737392959087,9.70892638692013
"17051",0.1054062217,0.0001828989,19.204389575,77.35,0.1298165909,0.045035824,9633.16,7,0.144,3.6,3.6,0.206,0.105,0.104,0.315,0.172,0.367163505,0.0004079782,0.0003173164,0.267,0.24,25.7681172600913,21.2208024494869
"17053",0.0891298355,0.0005844535,18.994739918,55.01,0.1094150847,0.040208717,9432.41,8.1,0.128,3.4,3.4,0.201,0.097,0.098,0.309,0.151,0.632341453,0.0030364372,0.0006506651,0.257,0.243,126.042272639131,106.651153771573
"17055",0.1009700735,0.0003806044,15.477912258,90,0.1258975586,0.0359208185,10809.36,7.4,0.16,3.9,3.8,0.196,0.114,0.112,0.323,0.183,0.5737974268,0.0012244273,0.0004081424,0.295,0.304,31.329912445596,16.0883334180088
"17057",0.0978244728,0.0003332685,16.663426556,68.69,0.1211093679,0.0357331922,9139.16,7.8,0.141,3.7,3.5,0.198,0.105,0.102,0.319,0.161,0.6890933125,0.0003301601,0.0002476201,0.289,0.273,124.939843778921,16.6586458371895
"17059",0.1019310682,0.0001890002,22.68002268,106.49,0.123525557,0.0392694064,9680.1,4.8,0.151,3.8,3.8,0.185,0.112,0.111,0.311,0.171,0.3653605296,0,0.0003693444,0.286,0.247,37.5680921670528,37.5680921670528
"17061",0.0924737185,0.000297752,16.376358493,89.02,0.1134073224,0.0384364821,10706.5,8.3,0.143,3.6,3.6,0.199,0.106,0.106,0.313,0.171,0.5627970618,0,0.0004402377,0.309,0.272,62.0285827709409,49.6228662167527
"17063",0.0761780762,0.0002974715,9.5190877541,62.05,0.0958646617,0.0313075506,10996.31,8.4,0.126,3.3,3.3,0.222,0.093,0.094,0.308,0.15,0.6177815952,0.0007764593,0.0005375488,0.319,0.241,42.9911239864016,13.228038149662
"17065",0.0936885122,0.0004821601,38.572806172,144.1,0.1158268869,0.0383817427,11000.09,7.8,0.145,3.7,3.7,0.192,0.107,0.107,0.31,0.165,0.2677072248,0,0.0005975143,0.282,0.26,40.2187902187902,40.2187902187902
"17067",0.0875712176,0.0003770739,18.853695324,47.53,0.1058271936,0.0392305745,8092.83,6.7,0.132,3.5,3.5,0.192,0.1,0.101,0.306,0.153,0.5202051926,0.0008593834,0.0003759802,0.266,0.264,28.7124270973531,43.0686406460296
"17069",0.0986093552,0.0007265682,14.531363526,205.12,0.1182475542,0.044600939,12768.89,6.9,0.166,4,3.9,0.175,0.119,0.116,0.316,0.178,0.9384259259,0.0002391772,0.0007175317,0.281,0.252,88.388911209321,88.388911209321
"17071",0.0982396366,0.0001445922,17.351069983,62.3,0.1150223104,0.0483018868,9112.74,8.7,0.119,3.2,3.3,0.196,0.092,0.095,0.307,0.145,0.1246760333,0,0.000286123,0.285,0.284,28.7067604420841,28.7067604420841
"17073",0.07652857,0.0003425003,14.505893019,52.38,0.0949884455,0.0305409369,8741.73,8.2,0.13,3.3,3.4,0.202,0.095,0.096,0.316,0.149,0.6869627223,0.0001604493,0.0002206177,0.321,0.261,61.0803844708157,12.0818342909306
"17075",0.1013990614,0.0004847813,16.621074137,41.06,0.1246141742,0.0432163831,9998.49,8.2,0.142,3.6,3.5,0.194,0.103,0.103,0.313,0.159,0.5073019719,0.0021392589,0.0005520668,0.334,0.272,60.092681404782,24.2681982596235
"17077",0.1142462591,0.0011562243,15.919030782,63.08,0.1345110476,0.0429576821,9471.63,5.8,0.204,4.5,4.2,0.206,0.135,0.127,0.345,0.213,0.7402105683,0.0018557528,0.0012204501,0.281,0.265,29.0741558710226,10.6232492605659
"17079",0.0878086027,0.0001039177,21.822716409,84.9,0.1073127753,0.0387968614,9754.44,8.6,0.115,3.2,3.2,0.212,0.091,0.093,0.302,0.145,0.4236956073,0.0021893244,0.0001042535,0.291,0.245,20.8174311289987,48.5740059676636
"17081",0.0810303822,0.0006747288,18.684797841,77.9,0.1012775412,0.0302577082,10116.79,7.1,0.156,3.7,3.6,0.2,0.106,0.105,0.337,0.171,0.4810827517,0.0014491253,0.000543422,0.283,0.248,24.235919363634,18.1769395227255
"17083",0.0823353293,0.0003101325,10.633113287,96.62,0.1009742467,0.0337411208,8972.35,8.4,0.115,3.1,3.2,0.215,0.089,0.093,0.304,0.148,0.5633674135,0.0002208383,0.000132503,0.3,0.255,50.3077651515151,8.87784090909091
"17085",0.0951271946,0.0004493574,14.379437405,42.73,0.1123739395,0.0479268836,8640.32,8.3,0.116,3.1,3.2,0.2,0.09,0.092,0.293,0.135,0.5601463974,0.0004462891,0.0001338867,0.301,0.243,53.9350083149805,7.49097337708062
"17087",0.0857933579,7.93588e-05,15.87175621,67.36,0.1025399812,0.0410958904,8994.1,6.5,0.148,3.7,3.5,0.204,0.106,0.102,0.327,0.169,0.692338261,0.0023664905,0.0003944151,0.283,0.249,34.1745531019979,34.1745531019979
"17089",0.1211654342,0.0004266972,7.1874774799,53.46,0.1571763395,0.0428009516,10212.71,9.1,0.157,3.5,3.3,0.212,0.102,0.097,0.327,0.142,0.9478350143,0.0013558856,0.0004354111,0.255,0.166,44.6328097934247,7.96562894330242
"17091",0.0958416406,0.0004219978,10.774410774,51.09,0.122766757,0.0318365579,10438.07,7.4,0.159,3.6,3.6,0.199,0.106,0.105,0.346,0.173,0.8262038449,0.0009632537,0.0004281127,0.325,0.248,62.2057935126535,9.86918839383445
"17093",0.0682531738,0.0003378657,5.1915945612,55.42,0.0867855695,0.0325699068,9947.83,9.2,0.119,3,3.1,0.221,0.086,0.087,0.307,0.137,0.9258035839,0.0006116567,0.000234608,0.317,0.223,30.7647512862138,7.14181726287107
"17095",0.0937880003,0.000672185,13.059594,53.37,0.1170287562,0.0314330884,9250.96,7.5,0.16,3.8,3.7,0.192,0.112,0.109,0.323,0.171,0.6912451105,0.0006528669,0.0004416452,0.254,0.258,55.274185669846,19.9244157647119
"17097",0.0990942189,0.0010876563,7.317218436,49.11,0.1263244183,0.0372789319,9832.31,8.7,0.126,3.3,3.2,0.2,0.096,0.092,0.309,0.138,0.969668582,0.0019345139,0.0004011271,0.279,0.198,47.203869107506,9.56387317925397
"17099",0.0891757277,0.0004135166,13.034762363,65.77,0.1098782344,0.0353314031,9518.29,7.8,0.138,3.5,3.4,0.206,0.101,0.1,0.317,0.159,0.754503002,0.0006596365,0.0003298182,0.276,0.266,68.1091060082388,18.8196213970134
"17101",0.0889476002,0.0002421454,18.766269145,98.41,0.108713993,0.0375193798,10769.91,7.4,0.151,3.7,3.5,0.209,0.107,0.103,0.335,0.172,0.444365235,0.001570238,0.0002415751,0.275,0.222,54.4706262104584,60.5229180116204
"17103",0.084749638,0.0007485245,13.818914639,55.81,0.1034447034,0.0351380913,8946.73,8.3,0.132,3.4,3.4,0.205,0.098,0.097,0.307,0.162,0.708501013,0.0026679672,0.0002868782,0.312,0.276,50.8749532046421,12.478762106799
"17105",0.0766326388,0.0005276627,16.621375617,33.21,0.094247723,0.034024017,9030.56,8.3,0.131,3.3,3.4,0.207,0.096,0.098,0.322,0.153,0.6660590501,0.0007594406,0.0005237522,0.308,0.27,59.418233416105,16.8499467896417
"17107",0.0744516378,0.0003361797,17.481342029,56.61,0.0915828481,0.0306435138,8849.93,7.5,0.139,3.5,3.5,0.21,0.101,0.101,0.32,0.165,0.6534235275,0.0005673475,0.0002669871,0.281,0.229,61.6564279628716,20.1784673333034
"17109",0.0916538658,0.0005018821,16.311166876,68.05,0.1080443371,0.0362637363,8145,5.8,0.162,4,3.9,0.221,0.117,0.114,0.329,0.187,0.6772047099,0.0012937408,0.0003696402,0.277,0.225,45.9880640070236,10.451832728869
"17111",0.087224535,0.0005369643,6.5412014332,53.19,0.1101385964,0.0328895752,10152.28,8.7,0.115,2.9,3.1,0.234,0.084,0.088,0.31,0.159,0.9485036922,0.0012458972,0.0001951797,0.293,0.22,38.1764249730216,12.3639558151263
"17113",0.065198837,0.0005974917,11.892382556,45.72,0.0800501196,0.0266017517,8331.09,7.5,0.129,3.3,3.3,0.223,0.095,0.097,0.319,0.157,0.8341884273,0.001843719,0.0004466152,0.29,0.24,35.6407868565976,12.4551136864454
"17115",0.0822904245,0.0008952469,16.335948316,57.21,0.1040152108,0.0269717858,9700.84,6.6,0.152,3.8,3.7,0.187,0.109,0.108,0.323,0.171,0.8323793875,0.0011164187,0.0007961346,0.261,0.275,67.3989246947813,11.387032939301
"17117",0.0821065616,0.0002798528,17.006436613,59.3,0.1012108834,0.0316589684,9661.99,8.1,0.126,3.4,3.5,0.206,0.097,0.099,0.313,0.152,0.6145713388,0.0002559727,0.0002986348,0.297,0.234,79.6395413910373,12.1970468797084
"17119",0.0777099785,0.0004989496,13.542917167,65.77,0.0965398934,0.0267774249,9696.68,7.2,0.141,3.6,3.4,0.206,0.102,0.1,0.321,0.169,0.8811506153,0.0009130882,0.0003367948,0.335,0.272,52.2503918779391,13.6251021882664
"17121",0.0936386115,0.0004407456,22.037281896,113.61,0.1175605845,0.033570257,10994.97,6.9,0.148,3.7,3.7,0.193,0.11,0.109,0.313,0.172,0.6308796308,0.0014499508,0.0004142717,0.296,0.266,39.8158086071391,25.1012706436312
"17123",0.0844707147,0,23.306142833,58.31,0.0991068856,0.0447463044,9115.35,8.4,0.125,3.3,3.4,0.199,0.095,0.097,0.298,0.146,0.6600474684,0,0.0002468526,0.313,0.259,80.2235193228028,91.2888323328446
"17125",0.0960584468,0.0002158584,18.707727731,73.56,0.1172304311,0.0388381201,10099.98,7.8,0.142,3.6,3.6,0.198,0.105,0.105,0.315,0.168,0.5445247511,0.0002807412,0.0002807412,0.302,0.252,90.8069873587115,54.9621239276412
"17127",0.0904102651,0.0002012747,21.469305602,111.83,0.1122945126,0.0332739156,10766.51,7.5,0.151,3.8,3.7,0.186,0.111,0.109,0.319,0.169,0.6673796098,0.0016585948,6.63438e-05,0.275,0.262,73.7529054174861,26.8192383336313
"17129",0.0740234375,0.0003977725,15.115354018,36,0.0895422204,0.0353140917,8959.25,8.9,0.118,3.2,3.3,0.21,0.092,0.095,0.303,0.147,0.62180244,0.000158642,7.9321e-05,0.272,0.215,71.7684272082082,79.7426968980091
"17131",0.0718249564,0.0001881468,18.814675447,40.84,0.0871934605,0.0333793103,8893.43,7.7,0.116,3.2,3.3,0.204,0.091,0.094,0.296,0.142,0.461908239,0,0.000370874,0.323,0.238,33.3465330026469,75.0296992559555
"17133",0.0598569101,0.0004151592,14.234031196,75.45,0.0727449079,0.0277466716,10198.14,8.9,0.097,2.8,3,0.226,0.078,0.084,0.296,0.131,0.7095002579,0.0008359956,0.0002388559,0.318,0.247,93.9719469009041,12.8593190495974
"17135",0.0803298856,0.0004768555,15.327497531,71.6,0.0981139146,0.034989615,9655.15,7.4,0.142,3.6,3.5,0.206,0.103,0.101,0.327,0.161,0.4510364071,0.0006070007,0.0007081675,0.291,0.29,61.4257601437818,18.2002252277872
"17137",0.0869316666,0.0004580721,16.032523118,79.21,0.1065943068,0.0316401816,8808.87,7.3,0.141,3.5,3.5,0.203,0.103,0.103,0.319,0.165,0.6695361071,0.000712921,0.0003422021,0.264,0.208,42.9291002060597,12.4017400595284
"17139",0.1007115948,0.0002695963,15.501786075,82.35,0.1243424199,0.0467539407,10728.18,8.5,0.141,3.6,3.7,0.197,0.106,0.106,0.308,0.167,0.5757106291,0.0004033342,0.0002016671,0.256,0.234,118.716960845802,26.8793118896156
"17141",0.0915093679,0.0005567822,14.591533071,75.21,0.1124818343,0.0396047494,9963.07,8.4,0.131,3.3,3.3,0.207,0.095,0.096,0.301,0.156,0.6551769258,0.0008399351,0.0002290732,0.305,0.22,65.3305920104529,16.6528960026645
"17143",0.0893375281,0.001217175,13.239447146,46.23,0.1129338784,0.0312167127,8604.48,6.9,0.154,3.6,3.6,0.199,0.104,0.105,0.344,0.162,0.7715047133,0.0018256213,0.0010030303,0.295,0.243,66.551713706628,11.5664743073016
"17145",0.0874663591,0.0005075674,26.762643042,78.89,0.1070774064,0.0349666437,10416.12,6.9,0.148,3.6,3.5,0.207,0.105,0.103,0.32,0.169,0.37950783,0.0005025814,0.0003655138,0.297,0.247,46.081533593438,19.9686645571565
"17147",0.0686749683,0.0004868845,19.4753819,61.06,0.0823973862,0.0343021733,11065.64,9,0.108,3,3.2,0.218,0.085,0.089,0.301,0.138,0.5366728436,0.0003042658,0.0004259721,0.283,0.233,60.9124687823598,60.9124687823598
"17149",0.1087306701,0.0004368993,14.355261515,64.74,0.1337508387,0.0462633452,9912.53,7.5,0.142,3.6,3.6,0.195,0.106,0.105,0.314,0.164,0.4065124772,0.0006811146,0.000495356,0.306,0.282,141.193081539005,20.7636884616183
"17151",0.1071093016,0,16.370439663,90.33,0.1237234878,0.049247606,9620.67,7.4,0.141,3.6,3.5,0.194,0.104,0.103,0.314,0.161,0.9774049217,0.0002319109,0.0002319109,0.288,0.244,7.80396441392227,7.80396441392227
"17153",0.1018778329,0,20.636285469,70.47,0.1252584934,0.0403348554,9386.61,4.6,0.194,4.3,4,0.161,0.128,0.122,0.359,0.187,0.3351728615,0,0,0.275,0.25,40.2275731279812,40.2275731279812
"17155",0.0820975715,0.0001719986,12.039903681,57.29,0.0968481375,0.04,8460.08,8.7,0.119,3.2,3.2,0.205,0.091,0.093,0.298,0.142,0.1283716284,0,0,0.286,0.223,34.7644707109334,46.3526276145779
"17157",0.0833226455,0.0004563571,18.862758222,83.82,0.1016224448,0.0356764928,10580.74,8,0.141,3.5,3.5,0.209,0.1,0.099,0.322,0.17,0.609780141,0.0006080876,0.0003952569,0.269,0.254,62.8733102797862,17.2394560444575
"17159",0.0825565912,0.0003735757,24.905049499,74.98,0.100247658,0.0373831776,10222.47,8.1,0.14,3.6,3.6,0.195,0.105,0.105,0.307,0.162,0.6549005113,0.0024718823,0.0003089853,0.302,0.243,97.364932051707,95.2933377527345
"17161",0.1050230265,0.0005477089,14.103503283,50.15,0.1306910426,0.0384580771,8948.98,7.6,0.146,3.6,3.5,0.198,0.106,0.103,0.318,0.155,0.8397245605,0.0008895951,0.000482147,0.31,0.229,73.2727429947162,15.7013020702963
"17163",0.0902151775,0.000583301,11.515491346,61.49,0.1143120167,0.0298054721,9893.99,5.8,0.171,3.9,3.7,0.196,0.113,0.108,0.37,0.174,0.8263323163,0.0007079845,0.0004719897,0.347,0.256,53.7191742308619,10.0409671459555
"17165",0.1019232747,0.0007719811,21.940516821,105.61,0.1267732962,0.0331895743,9765.54,6.1,0.166,4.1,3.9,0.189,0.119,0.116,0.327,0.184,0.7049733071,0.0010826416,0.0008821525,0.291,0.239,66.1277480127937,13.4954587781212
"17167",0.0765114357,0.0011306703,20.000301512,40.46,0.0955924347,0.0271749507,8996.87,7.4,0.14,3.6,3.5,0.201,0.102,0.102,0.323,0.164,0.7692553111,0.0016872128,0.0010243792,0.266,0.235,60.8188937328057,13.9062484292641
"17169",0.1009705432,0.0001364256,24.556616644,55.46,0.123241035,0.0355297158,9624.75,7.9,0.133,3.4,3.4,0.203,0.098,0.098,0.311,0.157,0.5001325557,0.0005373455,0.0004030091,0.303,0.241,22.929468953499,59.6166192790975
"17171",0.0923913043,0.0001921599,13.451191391,80.46,0.1130547457,0.0406639004,9229.03,8.4,0.131,3.5,3.5,0.2,0.1,0.102,0.306,0.16,0.0487394958,0,0.0001914975,0.299,0.275,103.106070369893,64.4412939811832
"17173",0.0869017632,0.0003174891,19.502902758,78.48,0.1053165743,0.0386650387,9662.14,8,0.131,3.4,3.5,0.199,0.099,0.101,0.312,0.154,0.4865626258,0.00018084,0.00022605,0.288,0.227,53.076946407449,16.6813260137697
"17175",0.0900798176,0.0001720282,17.202821263,64.77,0.1088646967,0.0416333066,8711.96,7.7,0.122,3.3,3.3,0.196,0.093,0.096,0.301,0.14,0.4446112779,0,0.0003385813,0.288,0.263,142.79186657528,125.656842586246
"17177",0.0818943176,0.0004307096,15.93625498,60.72,0.1008352998,0.0333682906,8496.84,7.7,0.155,3.8,3.6,0.187,0.108,0.107,0.332,0.161,0.7562197397,0.001283697,0.0003423192,0.357,0.302,79.1799833002217,11.5170884800322
"17179",0.0633992481,0.0004642354,13.705998954,54.67,0.0791943782,0.0248621338,9045.9,7.8,0.122,3.2,3.3,0.22,0.09,0.094,0.309,0.151,0.8455396842,0.001261441,0.0002420207,0.324,0.259,68.5741251883331,13.7639821166547
"17181",0.1056211958,0.0007451138,14.902275463,67.13,0.1274623407,0.0446381405,9576.08,7.7,0.149,3.7,3.7,0.195,0.108,0.107,0.313,0.168,0.5682839173,0.0010237161,0.0009099699,0.311,0.26,43.8613219421031,49.5823639345513
"17183",0.0883370553,0.0004515352,14.424041742,89.74,0.114406969,0.0281411622,9699.05,6.9,0.162,3.8,3.8,0.186,0.112,0.111,0.342,0.177,0.6561837672,0.0018175254,0.0007593771,0.342,0.281,51.3915408688095,14.6236091903116
"17185",0.0858456275,0.0004329379,23.378647502,78.28,0.1027737226,0.0418867925,9902.57,8.3,0.132,3.5,3.5,0.201,0.101,0.101,0.314,0.158,0.6188164393,0.0026575225,0.0004286327,0.324,0.261,83.4388307054897,83.4388307054897
"17187",0.1010257546,0.0004475775,15.105740181,59.01,0.1234593262,0.0458072591,9024.56,8.6,0.155,3.7,3.6,0.199,0.108,0.106,0.31,0.165,0.6638052748,0.0001692429,0.0001692429,0.297,0.267,52.7038982061852,20.7051028667156
"17189",0.0726756687,0.0002092488,26.504847597,72.23,0.0850941663,0.0379623621,11081.63,8.4,0.12,3.2,3.3,0.212,0.092,0.095,0.302,0.15,0.4607909758,0.0004152824,0.0005537099,0.283,0.219,39.4843804436186,60.3878759725932
"17191",0.0934713616,0.0004231397,26.597352354,76.4,0.115119197,0.0394293126,9559.05,7.7,0.141,3.6,3.6,0.195,0.105,0.105,0.312,0.167,0.3289379475,0.0004213821,0.0006019745,0.298,0.271,78.6639235144621,20.17023679858
"17193",0.0921526278,0.0002782802,29.91512453,79.78,0.1133316783,0.038425492,9662.16,7.1,0.133,3.5,3.5,0.195,0.1,0.101,0.306,0.154,0.4623934538,0.000824799,0.0002061997,0.284,0.245,73.9884393063584,25.4335260115607
"17195",0.0864663303,0.0005626275,14.944792179,50.33,0.1071828556,0.0342279855,9514.94,8.3,0.148,3.4,3.4,0.204,0.099,0.099,0.297,0.155,0.7788642347,0.0008860781,0.0006949633,0.286,0.261,78.7116936424273,16.325388311022
"17197",0.0921430392,0.0005660771,6.550737578,64.03,0.1162850012,0.0388005943,10931.55,8.5,0.137,3.4,3.4,0.215,0.095,0.092,0.355,0.148,0.940427416,0.0007322478,0.0003500144,0.286,0.241,35.9521306380749,9.53534182011188
"17199",0.089909756,0.0008804919,19.997612225,71.46,0.1120700597,0.0312974579,9691.66,7.5,0.139,3.6,3.6,0.204,0.103,0.104,0.312,0.168,0.6224814262,0.0017034248,0.0011953858,0.273,0.236,64.5488038610115,24.3299337629967
"17201",0.1084044608,0.0007451255,9.9812159062,58.13,0.135588035,0.0407133622,9268.99,7.3,0.172,4.2,3.8,0.193,0.118,0.11,0.335,0.166,0.8920397201,0.0011869293,0.000715598,0.342,0.272,73.9940389201719,13.8522381753832
"17203",0.0618012422,0.0005614107,16.331946819,43.97,0.0764168029,0.0293153135,8714.86,8.9,0.114,3.1,3.2,0.221,0.088,0.091,0.307,0.148,0.6798055038,0.0002291651,0.0001782395,0.295,0.237,51.8324028992157,22.942211119325
"18001",0.1674568236,0.0003449168,16.383547469,52.2,0.1942335263,0.1206048135,8908.98,8,0.174,3.8,4,0.15,0.116,0.123,0.326,0.205,0.5630034606,0.0001444502,0.0002600104,0.326,0.286,36.4036978493078,40.2356660439718
"18003",0.145006155,0.0006777475,11.641952569,51.32,0.175939644,0.0758090615,9056.01,6.8,0.147,3.5,3.8,0.162,0.108,0.117,0.337,0.204,0.8182501288,0.0013250178,0.0009200747,0.287,0.239,57.7738654361016,12.4842579885582
"18005",0.1358345073,0.0007729035,11.344228779,51.39,0.1582223509,0.0819434735,8776.9,7.7,0.156,3.5,3.7,0.154,0.102,0.11,0.342,0.192,0.6203479438,0.0012816163,0.0004649,0.296,0.265,52.7045309296747,16.5998522613149
"18007",0.1568708609,0.0001149425,17.24137931,46.81,0.1787401575,0.1077870656,9475.85,8.2,0.172,3.9,4,0.156,0.117,0.119,0.349,0.213,0.4601310142,0.0001140641,0.0002281282,0.313,0.308,38.2438427413186,22.9463056447912
"18009",0.1396011396,0.0005644706,20.966051125,91.42,0.1640196767,0.0788555478,10495.08,7.8,0.17,3.9,4,0.147,0.114,0.12,0.353,0.203,0.5610214633,0.0001602436,0.0004807307,0.373,0.306,40.3442711135019,43.0338891877353
"18011",0.0966476795,0.0019704433,12.759428248,54.65,0.114797361,0.0585127997,9438.68,8.6,0.121,3,3.4,0.173,0.088,0.1,0.306,0.165,0.8052259887,0.0007110141,0.0007440845,0.288,0.208,49.5326700262739,14.5367618555369
"18013",0.1677595163,0.0004010159,11.362117364,41.92,0.1871055005,0.1106719368,7681.73,8.3,0.16,3.6,3.9,0.142,0.109,0.116,0.343,0.204,0.5120062984,0.000332823,0.0002662584,0.292,0.289,60.0507094880121,24.4651038654864
"18015",0.1547706647,0.000200773,14.556040757,35.54,0.1728247914,0.1107654014,9806.99,8.4,0.148,3.4,3.7,0.169,0.103,0.11,0.331,0.198,0.6193004217,0.0004978592,0.0001991437,0.282,0.331,33.4085024638771,16.7042512319385
"18017",0.1749589595,0.0004682866,15.089234612,57.63,0.2090604618,0.0921080397,9987.5,8.2,0.182,3.9,4,0.151,0.119,0.121,0.359,0.217,0.7144176975,0.0015599407,0.0004939812,0.331,0.303,49.616991643454,17.4094707520891
"18019",0.1396875193,0.0004463426,10.064588402,73.51,0.1625842396,0.0794061161,11727.58,7.4,0.177,3.8,4,0.16,0.111,0.115,0.364,0.202,0.8373702736,0.0016469213,0.0005312649,0.344,0.293,73.5613931126686,17.8065276979079
"18021",0.1420576057,0.0004517732,16.18854002,59.22,0.1690370278,0.0734089477,10489.73,7.8,0.158,3.8,3.9,0.16,0.113,0.118,0.35,0.2,0.6709929342,0.0004850203,0.0003357833,0.349,0.297,31.3016477187359,17.5289227224921
"18023",0.1529424722,0.0002745912,14.339760801,65.32,0.1795035688,0.0967487017,9666.43,8.5,0.166,3.7,3.9,0.155,0.111,0.115,0.348,0.202,0.6249398026,0.0002126625,9.11411e-05,0.329,0.304,87.4863938311919,13.2246874395988
"18025",0.1569297347,0,7.508212107,65.5,0.1797578392,0.0962241169,10022.49,7.5,0.169,3.9,4.1,0.153,0.118,0.124,0.347,0.219,0.6720806497,0.0003766124,0.0004707655,0.317,0.296,75.5691300103908,50.3794200069272
"18027",0.1892009265,0.0004888631,16.499129213,74.69,0.2243913139,0.1227554023,10969.86,8.3,0.17,3.7,3.9,0.157,0.112,0.117,0.354,0.207,0.6310983316,0.0008331533,0.0004937205,0.364,0.314,53.0384937067787,14.2795944595173
"18029",0.1140397415,0.0004847897,12.725730215,58.96,0.1351053895,0.0622413508,9808.96,7.7,0.153,3.4,3.8,0.163,0.1,0.107,0.353,0.193,0.7106519871,0.0012624239,6.01154e-05,0.358,0.275,53.0682161690122,10.0762435763947
"18031",0.1268894371,0.0004147187,13.195596441,69.11,0.1519307337,0.0682790149,9046.57,7.7,0.158,3.6,3.9,0.159,0.109,0.116,0.355,0.205,0.6233877234,0.0003044488,0.0002283366,0.323,0.314,49.1666876780717,15.1282115932528
"18033",0.136,0.0005898591,15.100394026,77.09,0.1597934111,0.0791751059,8880.37,7.5,0.161,3.6,3.9,0.159,0.106,0.113,0.354,0.199,0.6935793288,0.0004254615,0.0003309145,0.336,0.245,51.8545871667754,14.9278356995262
"18035",0.1479556288,0.0009993679,14.349898355,56.41,0.1733466499,0.0678916225,9391.18,6.5,0.185,4.2,4.3,0.148,0.129,0.132,0.358,0.226,0.7675043129,0.0019492016,0.000544755,0.314,0.282,48.0919723400017,12.2364189977519
"18037",0.1200068089,0.0007793128,15.113944976,32.02,0.1383809939,0.0775127768,9031.56,8.7,0.136,3.3,3.6,0.179,0.097,0.106,0.317,0.17,0.7260139894,0.0008970515,0.0004485258,0.303,0.223,45.6093168825246,14.9409831166891
"18039",0.1931493098,0.0005248278,12.625574959,50.69,0.2302923547,0.1164648242,9004.92,7.7,0.183,4,3.9,0.155,0.122,0.122,0.35,0.199,0.6616150112,0.0010320947,0.0003789333,0.328,0.264,35.6430938205436,11.551002627028
"18041",0.1515534492,0.0005539458,17.470598261,62.61,0.1817194963,0.0731886723,9860.73,6.5,0.194,4.1,4.3,0.144,0.126,0.131,0.373,0.229,0.6392470239,0.0005448221,0.0003352751,0.346,0.336,49.4608764467306,19.7843505786923
"18043",0.1207604705,0.000603841,11.026660891,65.86,0.1420603325,0.0662124293,10659.14,7.7,0.14,3.5,3.8,0.17,0.105,0.112,0.335,0.195,0.9215720454,0.000983684,0.0003934736,0.298,0.302,58.4639683072936,12.6526498575486
"18045",0.1366723893,0.0002401249,13.807179733,69.21,0.1603218818,0.0772565018,9465.15,8,0.153,3.7,3.8,0.153,0.108,0.113,0.335,0.187,0.6120649652,0.0004739336,0.0001184834,0.315,0.275,67.8250114704064,11.9691196712482
"18047",0.1379864242,0.0008284643,11.336879742,51.06,0.1611633501,0.0836308006,8024.84,7.8,0.153,3.7,3.9,0.16,0.111,0.116,0.328,0.208,0.4560142071,0.0002178554,0.0002614265,0.297,0.267,50.9039079657344,17.4527684453946
"18049",0.1763019589,0.0005853659,20,52.46,0.1962264151,0.1284475965,8664.74,7.4,0.18,4.1,4.2,0.146,0.122,0.124,0.351,0.206,0.3691687464,0.0006357279,0.000342315,0.37,0.249,55.4975189344476,17.9550796552625
"18051",0.109397573,0.0003554608,18.365472911,55.07,0.1298538831,0.0593178448,10796.44,8,0.146,3.6,3.8,0.163,0.105,0.11,0.366,0.189,0.6451959526,0.0002677615,0.0003867666,0.32,0.297,35.5921143693275,25.7054159334032
"18053",0.1361613593,0.000481267,16.625588823,60.53,0.16439763,0.0613050282,9682.33,6.7,0.185,4.1,4.2,0.144,0.123,0.126,0.38,0.231,0.4533049771,0.0016636287,0.0005931198,0.391,0.321,55.4275212229062,13.1275708159515
"18055",0.1436885184,0.0002750107,15.278371937,66.21,0.1678884874,0.0817659352,9553.13,7.6,0.161,3.7,3.9,0.149,0.112,0.118,0.334,0.202,0.4322930801,0.0005490986,0.0001525274,0.331,0.323,52.0684444807449,22.4608976191449
"18057",0.0783856215,0.0013977788,9.4837471045,38.63,0.0928560152,0.0502925826,9303.02,8.6,0.109,2.5,3.1,0.183,0.077,0.094,0.297,0.133,0.9135991317,0.0011122608,0.0004415338,0.269,0.164,34.1029226204686,10.0108579305246
"18059",0.102004094,0.0007919086,11.253438551,36.13,0.1192441206,0.0615265229,9056.2,7.8,0.132,3.3,3.5,0.18,0.096,0.103,0.344,0.18,0.6431387675,0.0005029689,0.0003213413,0.339,0.265,68.0325630689628,18.5122620595817
"18061",0.1332986759,0.0005089188,9.9239166391,70.71,0.1549013885,0.0763850945,10362.99,8.3,0.157,3.7,3.9,0.163,0.109,0.112,0.352,0.2,0.3358652576,0.0002042744,0.0001787401,0.358,0.307,58.4547610979329,11.8603863097255
"18063",0.096674051,0.000583124,8.6507407597,44.99,0.1132735552,0.0612557427,9536.68,8.2,0.128,3.1,3.4,0.174,0.092,0.1,0.32,0.161,0.772688521,0.0007538391,0.0003574237,0.318,0.233,65.7941114270273,13.2442691833626
"18065",0.1313809343,0.0004286152,14.695377079,53.93,0.1555159746,0.0691087613,9796.36,7.7,0.178,4.1,4.1,0.154,0.119,0.12,0.367,0.215,0.6616392382,0.0006524753,0.0004893565,0.377,0.283,82.2994885188813,14.2833823049298
"18067",0.1298172029,0.0006145911,16.268588369,48.48,0.1560950519,0.0634176183,9981.44,6.6,0.171,3.8,4.1,0.153,0.114,0.123,0.364,0.219,0.7331424014,0.0014741421,0.0004833253,0.312,0.282,69.2716010600166,9.66580479907208
"18069",0.1228099505,0.0005721136,17.708276576,63.11,0.1416273639,0.0745742807,8250.08,7.5,0.149,3.5,3.8,0.156,0.105,0.113,0.347,0.215,0.8236181446,0.0004892501,0.0004620695,0.319,0.284,80.8157854113887,13.6206379906835
"18071",0.1607425176,0.0004804942,14.414826679,46.61,0.1898146386,0.0910668615,8333.09,7.9,0.164,3.8,4,0.162,0.113,0.119,0.365,0.208,0.6708278271,0.0006901946,0.0004601298,0.322,0.311,32.7644010972265,16.0012191405059
"18073",0.1364451766,0.0003883495,16.131441374,70.91,0.1591238608,0.0846190363,10887.1,8.3,0.155,3.5,3.6,0.166,0.104,0.106,0.336,0.175,0.5756317582,0.0002994998,0.0003294498,0.301,0.289,52.8235692786094,11.9600534215719
"18075",0.1508682038,0.0002832995,21.247462109,62.38,0.1810784153,0.0842328791,9666.8,7.2,0.167,3.9,4.1,0.154,0.118,0.122,0.336,0.2,0.3785818473,0.0006094702,0.0003281763,0.336,0.313,47.1475719000471,47.1475719000471
"18077",0.1402681134,0.0006770481,12.925463162,65.96,0.1648995684,0.0737051793,9885.41,7.4,0.181,3.8,4,0.151,0.116,0.121,0.361,0.222,0.692241273,0.0008010352,0.0005545628,0.346,0.303,82.162517459535,19.5135978966396
"18079",0.1408272012,0.0004285714,7.8571428571,61.24,0.1681951793,0.0737996866,8578.21,7.1,0.163,3.9,3.9,0.156,0.114,0.118,0.353,0.213,0.5326205083,0.0006727807,0.0003895046,0.301,0.348,67.7458461099622,23.770472319285
"18081",0.109811514,0.0009150185,9.2179641855,42.64,0.1329637691,0.0581566892,8983.67,7.8,0.14,3.4,3.6,0.159,0.101,0.108,0.343,0.194,0.8699929827,0.0005840519,0.0003916584,0.291,0.226,79.7368908485541,14.2306632392604
"18083",0.1369073992,0.0008171227,17.923981233,71.11,0.1616227256,0.0709306592,11108.07,7.5,0.164,3.9,4,0.165,0.114,0.119,0.336,0.201,0.6980228928,0.0014227749,0.0004479106,0.321,0.32,28.9934018046196,23.7218742037797
"18085",0.1594550425,0.0004582251,17.183442798,65.14,0.1819672839,0.1068550393,8867.22,7.8,0.152,3.4,3.8,0.163,0.104,0.112,0.336,0.185,0.7016339616,0.0012313533,0.0002565319,0.343,0.257,47.2045146227679,12.7579769250724
"18087",0.2524146619,0.00028619,9.3662191695,44.63,0.2984518626,0.1762883482,7480.74,8.4,0.174,4,4.1,0.164,0.122,0.126,0.354,0.222,0.3204858867,0.0002631856,0.0002631856,0.341,0.264,40.7840959380776,8.67746722086757
"18089",0.1472726612,0.0005956412,9.9749504312,72.91,0.1801380682,0.067551706,11709.13,6.7,0.208,4.1,4.2,0.15,0.123,0.126,0.417,0.238,0.9147407788,0.0013348092,0.0004354408,0.333,0.292,65.462260870512,13.5415695563741
"18091",0.1351731713,0.0004217365,11.395858009,51.89,0.1608096401,0.0695814768,9649.93,6.8,0.167,3.8,3.9,0.165,0.116,0.12,0.374,0.196,0.7280002153,0.0006739695,0.0003774229,0.364,0.243,59.051164686804,14.9876052504579
"18093",0.1392377711,0.0003500788,16.847540697,61.46,0.1649324199,0.0725821775,9229.36,7.6,0.182,4.2,4.1,0.148,0.124,0.122,0.35,0.226,0.7650106212,0.0005671407,0.0003053835,0.355,0.331,86.1043614048146,13.8642615821312
"18095",0.1357521243,0.0004612936,15.222689496,60.51,0.1656988829,0.0583988831,10304.72,6.9,0.177,4.2,4.2,0.144,0.125,0.124,0.38,0.217,0.7059618949,0.0008966754,0.0003218835,0.357,0.282,44.5840614542603,17.1674259622727
"18097",0.160627559,0.0008081409,11.817054021,50.26,0.1967840434,0.0695815604,9576.55,6.1,0.185,4.1,4.2,0.16,0.126,0.13,0.384,0.221,0.8982856852,0.0021362066,0.0009242891,0.327,0.265,53.5775986384651,15.0274277327074
"18099",0.1783174903,0.0005094784,15.921200671,39.17,0.2053890469,0.117708669,8862.73,8,0.176,3.8,3.9,0.162,0.114,0.117,0.368,0.215,0.6333978024,0.0006792757,0.0004882294,0.316,0.294,34.0249374437348,16.3036158584563
"18101",0.1443298969,0.0002940312,18.621973929,50.54,0.1659461257,0.0904645477,9334.95,8.2,0.163,3.8,4,0.154,0.113,0.118,0.366,0.209,0.6134120379,0.0001968504,0.000492126,0.375,0.309,32.6914904050476,32.6914904050476
"18103",0.1518091923,0.0002503199,15.575457529,56.33,0.183032491,0.0751214651,9123.8,7.1,0.181,4.1,4.1,0.152,0.123,0.124,0.378,0.233,0.555483294,0.0004427227,0.0002767017,0.333,0.303,33.3469191151951,9.26303308755419
"18105",0.1386339021,0.0005999763,9.6972910373,31.26,0.1551714556,0.0788286407,7795.34,6.6,0.173,4.1,4,0.176,0.128,0.126,0.336,0.196,0.880455738,0.0019240528,0.0006413509,0.227,0.205,50.9382879152982,11.6297460993832
"18107",0.1489285714,0.000393226,13.893986263,53.3,0.1751156253,0.0856425922,9143.74,7.7,0.156,3.7,3.9,0.153,0.112,0.119,0.354,0.208,0.6359773371,0.0008120072,0.0002619378,0.294,0.281,35.792230467045,11.348756001746
"18109",0.1364588835,0.0005165512,10.044050335,57.63,0.1582387098,0.0810969523,9032.29,7.8,0.148,3.6,3.9,0.158,0.105,0.111,0.369,0.192,0.6392283798,0.0004155799,0.0002722765,0.329,0.284,59.773434772837,13.8674368672982
"18111",0.1462676239,7.06414e-05,13.421870585,79,0.1652297154,0.0972989564,10239.95,8.3,0.175,3.9,4,0.154,0.115,0.119,0.344,0.22,0.3539736029,7.09874e-05,0.0002839497,0.35,0.323,82.8382760171357,71.0042365861163
"18113",0.1632972771,0.0002940065,13.020286446,74.88,0.1897157458,0.103903287,8556.64,8.2,0.168,3.6,3.8,0.158,0.109,0.115,0.352,0.204,0.5781302592,0.0007147362,0.0001261299,0.339,0.267,53.8759174648932,11.1949958368609
"18115",0.1261130669,0.0001657001,16.570008285,61.57,0.1430532674,0.0769230769,10306.13,8.2,0.136,3.4,3.7,0.155,0.1,0.108,0.333,0.187,0.6759138381,0.0001668335,0.0001668335,0.327,0.309,72.3548728223966,100.18367006178
"18117",0.1490276739,0.000560481,15.285845307,52.77,0.1772809982,0.0796995619,9893.61,7.4,0.181,4,4.1,0.141,0.122,0.128,0.35,0.214,0.6339717742,0.0004551661,0.0003540181,0.356,0.304,37.2856077554064,10.1688021151108
"18119",0.1578091421,0.0001430683,9.0609948019,52.41,0.1768172888,0.1056293485,8557.64,7.9,0.167,3.9,4,0.152,0.115,0.12,0.356,0.216,0.4470451912,0.0007546814,0.0003773407,0.355,0.29,47.5873227372228,20.6211731861299
"18121",0.1774741332,0.0001740846,14.507050427,75.82,0.2067932068,0.1070216654,9361.77,7.8,0.186,4.2,4.2,0.148,0.126,0.129,0.354,0.224,0.3298921506,0.0005813278,0.0001743983,0.342,0.322,25.3233598254636,21.4274583138538
"18123",0.130026536,0.0003084199,13.364860697,92.19,0.1526246964,0.0718720153,9944.94,7.4,0.157,3.6,3.7,0.169,0.107,0.112,0.348,0.197,0.8471403454,0.0005624297,0.0001022599,0.304,0.303,41.1247622474683,22.2759128840453
"18125",0.1274325793,0.0001584284,19.011406844,50.75,0.1436479006,0.0858248329,8962.27,8.2,0.152,3.6,3.9,0.158,0.107,0.114,0.344,0.194,0.1299338264,0.0003153828,0.0003153828,0.337,0.309,47.4921506028865,15.8307168676288
"18127",0.1088344883,0.0006105006,9.3969211616,60.76,0.129602874,0.0550468025,10869.62,7.6,0.138,3.5,3.7,0.181,0.103,0.108,0.345,0.19,0.8278052609,0.0012668336,0.0003302173,0.313,0.25,57.0492758133013,16.1573123806902
"18129",0.0911101699,0.0003132341,12.529365701,91.57,0.1041545894,0.0589501573,10874.97,8,0.132,3.2,3.6,0.162,0.096,0.106,0.321,0.182,0.4771130838,0.0001569489,7.84745e-05,0.302,0.252,60.1008649298388,15.6784865034362
"18131",0.1517543026,0.000462713,22.364463638,56.92,0.1704366123,0.1048518398,9293.31,8.2,0.164,3.8,4,0.156,0.115,0.119,0.344,0.207,0.3530816296,0.0003075267,0.0003844084,0.303,0.339,33.4508401307156,30.877698582199
"18133",0.135718004,0.0003455792,13.557339571,64.34,0.157229191,0.0795187026,9579.72,8.1,0.148,3.5,3.7,0.177,0.103,0.108,0.35,0.195,0.488475621,0.0006665778,0.0003199573,0.321,0.326,55.8966532987898,23.9557085566242
"18135",0.1575375903,0.0001575796,20.485345099,61.3,0.1849216666,0.0910708509,8690.7,7.1,0.176,4,4.1,0.142,0.121,0.125,0.356,0.202,0.3321233426,0.0001560854,0.0003902134,0.363,0.294,73.5072128952654,17.0641744221152
"18137",0.1233827034,7.01828e-05,17.194792434,55.94,0.1439707381,0.0761970854,8744.77,8.3,0.142,3.3,3.6,0.172,0.1,0.109,0.334,0.195,0.7169824415,0.0003518773,0.0005981914,0.352,0.256,68.9115479402455,11.6799233797026
"18139",0.1476665222,0.0004143973,20.719867393,59.07,0.1700421095,0.0921794557,9192.5,7.9,0.168,3.8,4,0.155,0.113,0.119,0.334,0.202,0.3204346826,0.0004704775,0.0003528582,0.358,0.304,45.4833096029109,19.7753520012656
"18141",0.144641719,0.0009416407,11.50894185,43.7,0.1736613234,0.0748577929,8729.99,6.7,0.172,3.9,4.1,0.156,0.117,0.124,0.368,0.205,0.8166230224,0.0018109625,0.0004499286,0.312,0.246,63.7793235405497,13.702589041915
"18143",0.1415633696,0.0003795547,12.651821862,96.76,0.1671280277,0.0744509909,12156.52,7.6,0.179,4.1,4.1,0.154,0.121,0.124,0.374,0.225,0.4702865886,0.0003337227,0.0004588687,0.324,0.358,60.2004816038528,75.6006048048384
"18145",0.126009041,0.0002018888,11.664685166,63.83,0.1451213655,0.0776315789,10017.81,8,0.152,3.6,3.9,0.154,0.108,0.114,0.333,0.21,0.5374021064,0.0007601332,0.0004471372,0.354,0.34,49.332516107814,17.9390967664778
"18147",0.1280898876,0.0002884477,14.903129657,42.94,0.1434269434,0.089922163,8910.76,8.5,0.14,3.4,3.7,0.162,0.101,0.11,0.317,0.183,0.5039137075,0.0001432391,0.0002387319,0.318,0.261,49.6317643291707,8.00512327889849
"18149",0.1493292969,0.0003467106,10.834705729,80.68,0.176047732,0.0811981234,9794.35,7.6,0.189,4.2,4.2,0.15,0.125,0.127,0.337,0.225,0.5451782733,0.0001293271,0.0002155451,0.36,0.31,33.2230712562654,18.7782576665848
"18151",0.1422003163,0.0003497726,15.73976915,67.08,0.1600039876,0.0951054517,8984.07,7.7,0.146,3.4,3.7,0.162,0.103,0.111,0.325,0.2,0.485768612,0.0005530008,0.0001455265,0.343,0.308,69.8771327083212,5.8230943923601
"18153",0.1415466115,0.0004750594,13.301662708,81.3,0.166828322,0.0749538745,9981.42,7.5,0.181,4.1,4.1,0.156,0.122,0.124,0.368,0.218,0.303701979,0.0002827122,0.0002355935,0.331,0.332,7.91126722678439,22.1515482349963
"18155",0.1568016615,0,8.6107921929,89.26,0.1820705421,0.0978547234,10219.74,7.7,0.189,4.2,4.2,0.152,0.127,0.129,0.341,0.225,0.1881654575,0.0001900057,0.0001900057,0.296,0.283,41.2672211288172,44.4416227541109
"18157",0.1424228142,0.0007210199,10.159826081,47.91,0.1644399764,0.0803145184,9756.14,6.5,0.177,4,4.1,0.172,0.121,0.125,0.365,0.207,0.7180923718,0.0012265921,0.0005106175,0.29,0.236,36.7892123830303,10.5632391990879
"18159",0.1224209078,0.0002594875,17.515407071,66.12,0.13904741,0.0791993037,10276.33,7.5,0.133,3.2,3.7,0.163,0.096,0.106,0.34,0.183,0.3778237952,0.0002555911,0,0.3,0.254,90.6500906500906,86.333419666753
"18161",0.1353835868,0.0004140215,12.420645874,70.11,0.156350298,0.0824079486,9489.98,8.3,0.155,3.6,3.9,0.164,0.107,0.114,0.339,0.202,0.5578765301,0.0001374193,0.0005496771,0.313,0.36,55.286800276434,27.643400138217
"18163",0.1242865393,0.0009010692,14.779732536,62.1,0.1485344215,0.0589181287,10340.98,7.2,0.173,4.1,4.1,0.165,0.122,0.122,0.364,0.204,0.8553279578,0.0015931818,0.0007717836,0.335,0.281,70.7891894271027,19.6229100225388
"18165",0.131442489,0.0003186134,15.293442936,88.25,0.1550204257,0.0704186304,10590.02,7.3,0.157,3.7,3.8,0.154,0.107,0.111,0.344,0.196,0.4987663459,0.0003778813,0.0006298022,0.317,0.316,44.4322197067473,21.1581998603559
"18167",0.1462498659,0.0008504738,14.790848163,62.97,0.177041672,0.0616763081,10778.97,6.3,0.186,4,4.2,0.155,0.123,0.127,0.367,0.241,0.7428139604,0.0012743441,0.0007018127,0.317,0.277,43.1616527213422,24.3555040356145
"18169",0.1345873786,0.0004030758,19.223614039,48.79,0.1568757974,0.0776493799,8624.83,7.9,0.159,3.7,3.9,0.149,0.112,0.118,0.327,0.192,0.5718803211,0.0015761172,0.0001854256,0.327,0.337,87.8571133253401,120.932732459586
"18171",0.1232775226,0.0001197318,9.5785440613,70.88,0.142711102,0.0735218509,10025.93,8.4,0.128,3.2,3.6,0.162,0.094,0.103,0.34,0.174,0.4104372355,0,0.0001188354,0.326,0.273,31.9539862597859,31.9539862597859
"18173",0.0988829777,0.0014227543,10.793308149,57.18,0.1151525217,0.0623314931,10098.69,8.2,0.131,3.3,3.7,0.159,0.096,0.106,0.335,0.17,0.8125282715,0.0002784648,0.0005241691,0.322,0.253,62.4677476302996,17.9255275808686
"18175",0.1611070773,0.0003228352,7.5328215797,73.82,0.1890934844,0.090498397,10987.05,7.7,0.175,3.9,4,0.157,0.119,0.121,0.338,0.212,0.4244214847,0.000287977,0.0001079914,0.343,0.306,75.4626579625082,14.3738396119063
"18177",0.1525511911,0.0005615404,16.10734288,60.89,0.1831036518,0.0745062837,10140.02,6.8,0.191,4.2,4.5,0.133,0.128,0.132,0.367,0.223,0.7274547644,0.0047722151,0.0005597042,0.317,0.321,83.9236788191445,10.367042677659
"18179",0.1247708024,0.0007537147,19.022324313,67.07,0.1402712156,0.0885656682,8847.2,8,0.147,3.5,3.7,0.157,0.104,0.11,0.326,0.188,0.5293819656,0.0003595312,0.0003235781,0.274,0.257,92.0612147297944,86.0832137733142
"18181",0.1479861676,0.000368053,13.086328876,68.11,0.1722269746,0.0920565466,9407.07,8.2,0.168,3.7,3.8,0.154,0.108,0.11,0.336,0.19,0.3400154202,0.0004087305,0.0002861113,0.357,0.291,69.6607113587936,76.4901928645577
"18183",0.119789792,0.0005089363,13.771218154,57.63,0.1377114428,0.075879087,8115.66,8.4,0.133,3.3,3.6,0.161,0.098,0.106,0.341,0.181,0.6330650006,0.0004505316,0.0001501772,0.366,0.275,62.935176767929,13.9855948373176
"19001",0.0779220779,0.0004024685,20.123423665,37.89,0.0918072289,0.042991755,7994.87,8.3,0.106,2.7,2.8,0.189,0.081,0.083,0.26,0.149,0.4444155168,0,0.0006691649,0.329,0.301,139.929583822335,144.443441364991
"19003",0.1004337671,0.0002580645,20.64516129,49.87,0.1182943604,0.0545876887,8535.64,8.3,0.114,2.9,2.9,0.188,0.086,0.086,0.261,0.158,0.0476545048,0,0.000770416,0.315,0.261,51.8806744487678,51.8806744487678
"19005",0.1040922823,0.0004986465,20.658213421,39.07,0.1227644354,0.0584076237,6871.01,7.8,0.12,2.9,2.9,0.188,0.089,0.088,0.272,0.164,0.6129797627,0.0001411532,0.0003528831,0.338,0.241,61.7679899270663,23.7569192027178
"19007",0.0900142074,0.0005528789,15.00671353,67.17,0.1093220339,0.0416379904,9095.86,7.4,0.134,3.2,3.1,0.178,0.097,0.094,0.273,0.174,0.4670598277,0.0004727387,0.0002363694,0.358,0.339,50.155746792672,44.8761944987065
"19009",0.0824150597,0.0003451847,22.437003797,27.38,0.0959075289,0.047029703,8851.04,8.5,0.114,2.9,2.8,0.18,0.086,0.086,0.28,0.16,0.6025494362,0,0.0013621658,0.324,0.316,131.880733944954,114.678899082569
"19011",0.0612369871,0.0001168224,15.965732087,48.79,0.0733359642,0.0322631413,8431.08,8.3,0.106,2.7,2.8,0.205,0.082,0.082,0.277,0.168,0.6459196196,3.8912e-05,0.0005836803,0.349,0.263,42.836559056038,7.788465282916
"19013",0.0751787557,0.0009631519,13.168092583,44.29,0.0916187805,0.0292132533,9439.42,6.9,0.139,3.1,3,0.224,0.093,0.093,0.306,0.17,0.7975665573,0.0009807916,0.0008978015,0.306,0.252,52.8957277298959,13.286604595661
"19015",0.0658898599,0.000453978,17.024174328,63.89,0.0792514444,0.0295344569,8481.76,8.2,0.122,3,2.9,0.2,0.09,0.089,0.266,0.179,0.6749030639,0.0006827492,0.000151722,0.337,0.237,76.7875125881168,7.55287009063444
"19017",0.0528005136,0.000647223,19.012175883,41.3,0.063826618,0.0263300271,9391.05,8.6,0.101,2.6,2.7,0.22,0.078,0.08,0.264,0.153,0.7542016807,0.0008528265,0.0006497726,0.332,0.237,44.5542549313459,44.5542549313459
"19019",0.0705544384,0.0003802643,12.35858922,49.03,0.0850743774,0.039922617,9873.47,8.3,0.107,2.7,2.8,0.211,0.08,0.083,0.277,0.157,0.4597766962,0.0010011442,0.0003813883,0.33,0.279,50.732449743167,7.92694527236984
"19021",0.1221708591,0.0004859559,22.35397026,42.52,0.1532682843,0.0522851232,8144.7,8.6,0.134,2.9,2.7,0.179,0.09,0.085,0.268,0.158,0.7056268509,0.0002917295,0.0002917295,0.321,0.253,29.2027645283754,35.6922677569032
"19023",0.0648754358,0.00019992,19.992003199,50.96,0.076662636,0.0385561936,9150.76,7.2,0.103,2.7,2.8,0.188,0.08,0.082,0.272,0.154,0.3766731688,0.0003994408,0.0004660142,0.35,0.269,62.3025232521917,75.6530639490899
"19025",0.0738349242,0.0007095074,28.380295966,48.66,0.087236534,0.0412517781,8767.88,6.7,0.13,3.1,3,0.184,0.093,0.091,0.29,0.176,0.4725956567,0.000201491,0.0006044731,0.335,0.293,87.8081729145559,81.0536980749747
"19027",0.0611600364,0.0009240346,23.344032682,44.04,0.0738763561,0.0322390407,7386.91,8.5,0.111,2.7,2.9,0.197,0.082,0.085,0.267,0.164,0.7051306687,0.0005340324,0.0006796776,0.313,0.32,77.8487787472834,58.3865840604626
"19029",0.0816502345,0.0006692445,24.538964902,42.98,0.0983255191,0.0408293461,9191.42,7.5,0.13,3,3,0.178,0.092,0.092,0.256,0.17,0.6587130983,0.0013237241,0.000661862,0.371,0.273,96.3605366540657,34.5909618758185
"19031",0.0571944612,0.0002715768,17.924067134,37.81,0.0679863102,0.030993619,7673.58,8.5,0.111,2.7,2.8,0.202,0.082,0.083,0.268,0.159,0.6896589005,0,0.0004893166,0.337,0.294,52.5895836355723,54.4030175540403
"19033",0.0681291609,0.0017108244,18.495399269,39.56,0.0819536749,0.0289839221,7732.84,7.7,0.123,3.1,3,0.2,0.093,0.089,0.289,0.173,0.8849403185,0.0016523236,0.001124498,0.333,0.254,53.1398733884756,16.9431480369053
"19035",0.0723815877,0.000591416,18.587360595,47.46,0.0856968588,0.0379054318,7981.02,8.2,0.114,2.9,2.9,0.182,0.087,0.085,0.267,0.154,0.4903909874,0.0007534533,0.0013394726,0.341,0.299,101.82435299109,90.5105359920803
"19037",0.0866293849,0.0004892368,22.015655577,48.67,0.1021992238,0.049734748,8954.05,7.9,0.125,3,3,0.198,0.09,0.09,0.271,0.177,0.5731972023,0.0004058112,0.0002434867,0.338,0.267,29.9874597895426,32.7135924976828
"19039",0.0893475366,0.0003254855,14.104372355,40.9,0.1092721459,0.0431965443,8293.8,8,0.151,3.3,3.1,0.181,0.102,0.097,0.308,0.191,0.6516261038,0.0002144772,0.0003217158,0.328,0.24,61.1488795367073,50.3579007949354
"19041",0.0640674875,0.0007266122,19.376324553,56.96,0.0777766036,0.030467338,7701.7,8.3,0.115,2.9,2.8,0.196,0.086,0.086,0.277,0.154,0.7292254155,0.0018191741,0.0009702262,0.371,0.229,62.609819643326,80.7868640559045
"19043",0.0831834209,0.0002826136,23.739543296,45.2,0.0969606378,0.0490510229,7873.54,7.7,0.121,3,2.9,0.191,0.089,0.088,0.268,0.16,0.531413757,0.0001125302,0.0003375907,0.334,0.244,94.1460016193112,88.4972415221525
"19045",0.0637792634,0.0006035254,16.648977128,52.7,0.0788892058,0.0253838644,9127.42,7.5,0.125,3.1,3.2,0.208,0.093,0.091,0.295,0.18,0.6902027852,0.0009087154,0.0004543577,0.323,0.273,35.3579822378136,15.2524629261157
"19047",0.1184303227,0.0002902252,13.930810309,39.79,0.1450080841,0.0592997812,7263.96,8.1,0.173,3.4,3.1,0.178,0.104,0.095,0.295,0.165,0.5503626579,0.0004588735,0.0003441551,0.328,0.308,50.2357214622459,56.0321508617358
"19049",0.0519825708,0.0005555556,8.6563307494,39.03,0.0655377125,0.0244913996,7472.89,8.9,0.108,2.6,2.6,0.211,0.078,0.077,0.265,0.159,0.7445074469,0.0003215391,0.0001607696,0.278,0.219,28.8576670945067,12.0599205768088
"19051",0.1249825833,0.000455529,14.804691949,57.23,0.1551577153,0.068793236,8223.47,7.4,0.158,3.6,3.4,0.184,0.11,0.103,0.295,0.195,0.442248372,0.0001137527,0.0004550108,0.319,0.258,30.370904673323,30.370904673323
"19053",0.098,0.0004840857,9.6817136633,63.25,0.1216694176,0.0420711974,8143.29,7.5,0.154,3.5,3.4,0.19,0.109,0.103,0.279,0.193,0.3703440937,0.0023352999,0.0003687316,0.369,0.292,69.0523579349283,56.8666477111174
"19055",0.0696527925,0.0006322566,14.944246465,49.16,0.0814873418,0.0420832365,8305.7,8.4,0.114,2.8,2.8,0.193,0.085,0.086,0.276,0.159,0.6378630939,0.0009125128,0.0008554808,0.348,0.271,36.3045762873794,49.6799464985192
"19057",0.0707375494,0.0007949323,18.382809589,48.75,0.0872576177,0.0298680739,8019.96,7.2,0.149,3.2,3.1,0.187,0.098,0.095,0.313,0.189,0.833849969,0.0009881423,0.0004693676,0.326,0.27,32.2874410133289,13.2461296464939
"19059",0.0643320566,0.0008266903,23.029229407,34.57,0.0748802333,0.0335832084,7052.64,8.1,0.102,2.7,2.7,0.187,0.079,0.08,0.255,0.153,0.8070438591,0.0002948983,0.000176939,0.328,0.237,49.0186466932021,41.1756632222898
"19061",0.0613148646,0.0007263671,11.72564076,51,0.075160354,0.0273435799,8240.36,7.9,0.107,2.7,2.9,0.225,0.084,0.086,0.283,0.159,0.6979915219,0.0012121592,0.0006269789,0.28,0.242,67.4292511549421,12.448477136297
"19063",0.1004130098,0.0006006006,26.026026026,73.13,0.1197133869,0.0467642891,8711.16,8,0.128,2.9,2.9,0.196,0.09,0.087,0.284,0.16,0.6902543195,0.0010004002,0.00010004,0.363,0.259,50.4116955133591,67.2155940178121
"19065",0.0760072081,0.0003440987,19.662783267,55.19,0.0910136211,0.0371863799,9487.76,8.1,0.119,3,3,0.192,0.089,0.089,0.261,0.167,0.6441570881,0.0002438786,0.0007316359,0.334,0.311,57.2812673889562,19.6392916762135
"19067",0.0785572731,0.0003110033,19.904210985,54.23,0.094564491,0.0404172099,8867.93,7.6,0.126,3.1,3,0.169,0.094,0.093,0.283,0.176,0.5865178188,0.0001242854,0.0003107134,0.296,0.293,39.4772382555216,37.3994888736521
"19069",0.1093674553,0.0003832886,26.830203143,52.45,0.1300033636,0.0584178499,8909.58,8.3,0.139,3.3,3,0.174,0.099,0.092,0.272,0.167,0.697659176,9.48047e-05,0.0006636329,0.333,0.26,92.7139614437802,127.881326129352
"19071",0.0680819912,0.0001424096,5.6963827969,78.36,0.080334516,0.0377121307,10974.39,7.2,0.125,3,2.9,0.185,0.09,0.087,0.287,0.171,0.4588092998,0,0.0008474576,0.336,0.303,138.042650418888,95.2018278750952
"19073",0.0782511835,0.0005434783,28.260869565,41.87,0.0955364135,0.0363218391,8535.37,7.6,0.134,3.1,3,0.183,0.093,0.09,0.274,0.166,0.4229862896,0.0004376846,0,0.338,0.304,87.7000657750493,54.8125411094058
"19075",0.0503589847,0.0002424242,26.666666667,23.33,0.0588988476,0.0315929498,8833.83,8.5,0.1,2.6,2.7,0.201,0.078,0.08,0.265,0.15,0.7471292058,0,0.0004060419,0.316,0.264,59.2608555112596,67.341881262795
"19077",0.076720211,0.0004663309,24.249207237,39.8,0.0889703432,0.0469635628,8581.71,8.2,0.116,2.9,2.9,0.185,0.087,0.087,0.26,0.163,0.1763739273,9.35716e-05,0.000748573,0.352,0.307,21.8170484650148,40.5173757207418
"19079",0.078144381,0.0005292055,18.522193557,77.71,0.0947392656,0.0372636263,9828.47,7.7,0.127,3,2.9,0.19,0.09,0.088,0.286,0.163,0.7093090027,0.0001306165,0.0007183908,0.344,0.251,54.8017273504461,56.9937964444639
"19081",0.0717227179,0.000362746,32.647138841,57.98,0.0844486934,0.0401544402,9461.24,8.4,0.11,2.8,2.8,0.198,0.084,0.083,0.259,0.153,0.5949210828,9.01388e-05,0.0006309717,0.351,0.273,66.4752983834416,96.6913431031878
"19083",0.0712859118,0.0004621339,24.839697302,47.11,0.0848820213,0.0354103761,9342.15,8.1,0.117,2.9,2.8,0.188,0.087,0.086,0.259,0.154,0.74124558,0.000344017,0.000344017,0.336,0.193,88.2595598534124,88.2595598534124
"19085",0.0750130231,0.0004188774,20.245741413,66.01,0.0898512476,0.0380047506,8784.12,8.1,0.115,2.9,2.9,0.209,0.085,0.085,0.276,0.171,0.4890139335,0.0001385905,0.0002771811,0.349,0.238,113.900511390051,130.172013017201
"19087",0.0783034258,0.0007419498,14.344363654,35.11,0.095574086,0.0372443488,7333.27,7,0.128,3,3,0.196,0.093,0.09,0.274,0.173,0.7109952842,0.0009395708,0.0001978044,0.339,0.24,57.9575750550597,16.5593071585885
"19089",0.0899175313,0.0003174939,27.516139274,42.6,0.1104673619,0.0447822514,7585.4,7.3,0.126,3,3,0.199,0.092,0.09,0.291,0.168,0.7084465816,0.0001049759,0.0004199034,0.303,0.304,28.1838999471552,28.1838999471552
"19091",0.0708393348,0.0002074689,23.858921162,52.34,0.084981685,0.0369886858,8073.29,7.9,0.128,3.1,3.1,0.183,0.094,0.092,0.27,0.169,0.6163015792,0,0.0004128819,0.307,0.304,38.0846864937853,62.3203960807395
"19093",0.0692798541,0.0002840102,29.821073559,64.82,0.0826381648,0.0388405797,9645.99,8.3,0.122,3,3,0.18,0.092,0.09,0.273,0.168,0.6363379884,0,0.0011202913,0.295,0.268,56.5744189335722,84.8616284003583
"19095",0.0594667466,0.0007328244,17.709923664,39.66,0.0710188758,0.03171407,8330.31,8.4,0.109,2.7,2.8,0.193,0.082,0.083,0.269,0.161,0.5654539896,0.0003061849,0.0005511329,0.304,0.245,67.2015639636704,22.4005213212235
"19097",0.08105846,0.0004619649,14.372241043,36.09,0.0957966764,0.0436710264,8130.72,7.8,0.126,3.1,2.9,0.185,0.093,0.09,0.293,0.167,0.6595122934,0.0004594884,0.0003063256,0.329,0.313,68.3608770700528,18.7992411942645
"19099",0.0648151375,0.0004339336,16.001301801,54.53,0.0797313084,0.0290446751,7044.04,7.9,0.116,3,2.9,0.189,0.088,0.086,0.292,0.168,0.757695022,0.0008187549,0.000327502,0.323,0.274,58.0025376110205,16.3132137030995
"19101",0.0964265906,0.0007503608,16.738816739,65.9,0.1082437276,0.0588626538,9045.5,7.7,0.136,3.1,2.9,0.172,0.094,0.088,0.275,0.165,0.6204951612,0.0008328376,0.0004164188,0.276,0.228,34.8229831688915,21.2807119365448
"19103",0.067152791,0.0018202647,9.2770246052,35.38,0.0778102962,0.0351894432,7036.43,7.6,0.119,3.1,3.1,0.237,0.094,0.091,0.267,0.165,0.8967848902,0.0029894722,0.001990586,0.234,0.177,35.4715722363299,11.0408204974007
"19105",0.0698416752,0.0004400117,17.11156742,59.4,0.0847577717,0.0325754263,9030.43,7.9,0.114,2.8,2.7,0.205,0.085,0.082,0.282,0.158,0.5712762865,0.0003396245,0.0002911067,0.376,0.253,48.7559116542881,42.2551234337163
"19107",0.0882171499,9.77422e-05,16.616166553,61.05,0.105299619,0.0479901559,8775.35,7.5,0.122,3.1,2.9,0.186,0.093,0.089,0.286,0.17,0.2328037294,0,0.0005808888,0.315,0.265,58.5880285128405,55.333138039905
"19109",0.063374275,0.0004598607,26.27775588,39.13,0.0741091512,0.0375613984,7923.93,7.6,0.11,2.7,2.7,0.193,0.081,0.082,0.251,0.149,0.5755645628,0.0001958097,0.0003263495,0.342,0.257,50.3194189201015,61.2584230331671
"19111",0.0737800015,0.0006234767,17.0039109,53.64,0.0890897353,0.0331765603,7626.01,7.6,0.127,3.2,3.1,0.194,0.096,0.092,0.295,0.181,0.7329485249,0.0006165574,0.000336304,0.339,0.296,32.0582328370593,16.9720056196196
"19113",0.054463241,0.0006245666,11.940243673,46.62,0.0668687711,0.0238813804,8419.3,7.9,0.109,3,2.9,0.207,0.089,0.084,0.275,0.161,0.8746035053,0.0011383039,0.0006200517,0.333,0.236,39.4629369602526,13.9190979200891
"19115",0.0950780572,8.95977e-05,12.543678882,53.38,0.112092188,0.0515387468,6785.48,8.9,0.134,3,2.9,0.202,0.091,0.087,0.293,0.168,0.467199438,0,0.0003545471,0.375,0.289,71.3690971809207,68.3953847983823
"19117",0.0911358967,0.0008045052,18.388690955,64.91,0.1089252433,0.0492116579,9345.42,7.4,0.133,3.2,3.1,0.179,0.096,0.094,0.273,0.174,0.6060912565,0.0005716899,0.0005716899,0.36,0.296,45.9259826246699,38.2716521872249
"19119",0.0734316577,0.0003423778,28.246169648,52.24,0.0877934272,0.0462908012,8504.35,8.5,0.103,2.7,2.7,0.196,0.082,0.082,0.278,0.152,0.3628356791,8.53825e-05,0.0002561475,0.339,0.325,22.766078542971,0
"19121",0.0633456335,0.000640656,14.735088731,62.66,0.0779913343,0.0318744053,8134.71,8.2,0.118,2.8,2.8,0.2,0.084,0.085,0.268,0.166,0.5209515913,0.0004531331,0.0003236665,0.329,0.276,59.8162785729545,55.5436872463149
"19123",0.0690398541,0.0006258382,19.669199821,65.45,0.0850469465,0.0305804798,7593.22,7.3,0.125,3,3.1,0.195,0.092,0.091,0.289,0.187,0.65957732,0.001026007,0.000535308,0.337,0.275,61.0928163788351,35.761648612001
"19125",0.0551628187,0.0009590889,20.380638394,58,0.0677638986,0.0270237809,8790.19,8.3,0.104,2.7,2.8,0.204,0.082,0.083,0.265,0.163,0.7152121048,0.0009022014,0.0006616143,0.325,0.256,43.0383040906407,13.0115803064728
"19127",0.0971870905,0.0006851662,12.235109871,22.85,0.1210012691,0.0438973184,7598.59,8.1,0.145,3.1,3,0.19,0.094,0.089,0.282,0.171,0.7086203503,0.0008537835,0.0005366639,0.341,0.283,80.7464561277588,12.2343115345089
"19129",0.0626187526,0.0006742634,12.136740611,59.45,0.0753727866,0.0331447049,8791.92,8.6,0.116,2.8,2.8,0.2,0.083,0.084,0.27,0.165,0.5297164486,0.0004027927,0.0003356606,0.385,0.286,35.8977810684077,11.2180565838774
"19131",0.0803762801,9.2773e-05,22.265516282,35.33,0.0953599454,0.0483810942,7607.47,8.1,0.116,2.9,2.8,0.188,0.086,0.086,0.267,0.153,0.6683370453,0,0.0003735176,0.314,0.232,64.9752475247525,64.9752475247525
"19133",0.0827145827,0.0008892841,17.785682526,79.3,0.100165221,0.0393818544,9224.31,7.9,0.126,3.1,3,0.173,0.094,0.091,0.28,0.168,0.3892675538,0.0002192742,0.0009867339,0.342,0.308,51.6681428993209,73.8116327133156
"19135",0.1098490742,0.0006249219,14.998125234,44.32,0.1320218579,0.0563236047,7887.7,7.6,0.13,3.2,3,0.192,0.094,0.09,0.273,0.172,0.6781681305,0.0002496256,0.0002496256,0.315,0.295,104.227466021846,66.7055782539815
"19137",0.076735391,0.0005757605,22.070818539,88.31,0.0935533254,0.0354812398,10032.56,7.4,0.14,3.4,3.2,0.177,0.102,0.097,0.288,0.185,0.7672253259,0.0003837299,0.0003837299,0.371,0.317,102.96341581132,74.0049551143859
"19139",0.0789021347,0.0005127847,11.421112743,47.48,0.0981667652,0.0344766305,8635.58,8,0.142,3.2,3,0.202,0.097,0.09,0.315,0.178,0.6588606855,0.0004202073,0.0006536558,0.328,0.234,78.4466019417476,13.9805825242718
"19141",0.0779455647,0.000569152,30.591918042,54.44,0.0947800436,0.0402332362,8783.05,7.8,0.116,2.8,2.8,0.183,0.087,0.086,0.26,0.162,0.7442005834,0.0002848191,0.0007832526,0.344,0.222,102.176599182587,95.047999239616
"19143",0.0964271214,0.0006432937,28.94821486,49.42,0.1138049059,0.0553333333,8235.01,8.3,0.112,2.7,2.8,0.19,0.082,0.082,0.284,0.155,0.3200247601,0,0.0003220093,0.342,0.288,59.1938868858634,53.812624441694
"19145",0.0785785333,0.0008389262,27.103768715,81.35,0.09446014,0.0350991225,10228.2,6.7,0.136,3.2,2.9,0.183,0.097,0.09,0.283,0.167,0.7704619633,0.0007636988,0.0008273404,0.379,0.252,81.3077713111948,87.7268058883944
"19147",0.0683158349,0.0006594131,23.079459281,49.67,0.0826313678,0.0341839191,9242.99,7.5,0.119,3.1,3,0.186,0.092,0.09,0.278,0.163,0.5645897463,0.000653239,0.000653239,0.365,0.26,124.01065032644,36.473720684247
"19149",0.0584717934,0.0003618236,18.895231969,52.36,0.0714335836,0.0301251352,8564.89,8.8,0.108,2.8,2.8,0.198,0.083,0.082,0.298,0.16,0.7469382854,0.0008815162,0.0003606203,0.337,0.259,36.1779957390361,50.917179188273
"19151",0.0708287696,0.0002801905,32.221910899,59.84,0.0841673082,0.0404833837,8104.47,7.5,0.131,3.1,3,0.177,0.095,0.093,0.268,0.168,0.6674418605,0,0.0002795639,0.328,0.275,79.81220657277,65.7276995305164
"19153",0.0699438104,0.0009676816,12.590733742,41.36,0.0862735053,0.0304915418,7712.15,7.7,0.12,3,2.8,0.199,0.089,0.085,0.288,0.185,0.9166960803,0.0016582646,0.0008745187,0.295,0.21,34.8740257386261,13.9931121986587
"19155",0.0793808114,0.0005154196,10.952667297,54.4,0.0992689077,0.0296836983,8588.36,7.1,0.126,3,3.1,0.2,0.09,0.089,0.292,0.193,0.8293651646,0.0013048917,0.0006039168,0.368,0.258,43.6451577128506,19.3183484958519
"19157",0.0642402982,0.0009106492,19.284336833,38.74,0.076977259,0.0320626105,7299.5,7.8,0.113,2.8,2.9,0.195,0.085,0.087,0.281,0.166,0.5995558845,0.0006451266,0.0007526477,0.326,0.253,50.162131173973,68.0771780218205
"19159",0.1059673535,0.0005939418,23.757671748,46.32,0.1233993015,0.0687960688,9018.38,7.9,0.136,3.2,3.1,0.172,0.098,0.095,0.271,0.169,0.4305203664,0,0.0005914826,0.358,0.312,32.9142255282733,32.9142255282733
"19161",0.0776974703,0.0005979073,29.895366218,73.79,0.0922303966,0.0425531915,9186.88,8.1,0.109,2.7,2.8,0.187,0.082,0.084,0.26,0.149,0.7344927536,0.000695065,0.00059577,0.335,0.287,73.0241975636472,82.9820426859628
"19163",0.072667955,0.0008285343,10.794284281,52.89,0.0918879354,0.0246884552,8964.62,7.8,0.122,3.1,3,0.22,0.09,0.088,0.315,0.178,0.8821055053,0.0008392758,0.0004930011,0.327,0.239,58.7665256529506,18.6807498764346
"19165",0.0679474655,0.0005858721,20.087043857,62.47,0.0811926606,0.0371681416,9524.07,7.7,0.118,3,2.9,0.183,0.091,0.088,0.272,0.164,0.6043396071,0.0005016303,0.0005016303,0.287,0.267,64.1812702310526,66.9717602410983
"19167",0.0896418693,0.00074969,27.10417808,42.64,0.1079203588,0.0551975052,8802.29,8.9,0.11,2.7,2.7,0.201,0.084,0.083,0.244,0.152,0.6809874199,0.0006078675,0.0004920832,0.285,0.223,30.7204915278644,41.2806604905678
"19169",0.0720531936,0.000754733,13.712754988,39.5,0.0843916428,0.0294856459,7694.41,7,0.128,3.2,3,0.244,0.096,0.093,0.282,0.167,0.9028612271,0.0014825877,0.0003787633,0.27,0.197,55.2212389380531,10.2654867256637
"19171",0.0906292505,0.0002292132,14.898859664,36.51,0.1074865768,0.0522301826,8840.35,7.8,0.13,3.1,3,0.19,0.093,0.09,0.28,0.175,0.5361062644,0.0003982704,0.0004551661,0.325,0.292,34.37476128638,53.4718508899244
"19173",0.0987705772,0.0003255738,19.534429432,46.16,0.1159377752,0.0581793292,9059.12,8.2,0.137,3.2,3.1,0.182,0.097,0.093,0.284,0.174,0.2591419978,0,0.0001623113,0.306,0.233,81.0416554108812,75.6388783834891
"19175",0.0834504921,0.0006391818,16.77852349,40.09,0.1023014314,0.0374832664,7284.63,7.7,0.126,3.1,3,0.192,0.093,0.091,0.273,0.18,0.8244774214,0.0011126123,0.0003973615,0.394,0.259,45.2512776831346,37.2657580919932
"19177",0.0997616616,0.0009373326,8.0342795929,89.94,0.1208343323,0.0487668161,9746.28,4.8,0.126,3.1,3,0.181,0.094,0.092,0.27,0.175,0.3282694848,0,0.0010758472,0.349,0.261,49.4426465300252,35.9582883854728
"19179",0.0997541272,0.0007951835,13.63171646,62.73,0.1220193651,0.0409846154,8953.29,7,0.171,3.6,3.4,0.183,0.108,0.101,0.327,0.209,0.7381894737,0.0008194174,0.0009041847,0.356,0.315,20.7986688851913,18.9078808047194
"19181",0.04949569,0.0005630161,12.719993327,41.9,0.0611964079,0.0240790942,7721.49,8.3,0.103,2.8,2.7,0.216,0.082,0.081,0.252,0.148,0.6994267171,0.0001901301,0.0002112557,0.325,0.234,27.0987645742715,13.2019622284912
"19183",0.0817698124,0.000724966,21.748980517,46.98,0.0997995992,0.0413939501,8643.39,8.5,0.113,2.8,2.8,0.198,0.084,0.084,0.263,0.147,0.6702911906,0.0004088122,0.0002725414,0.317,0.238,93.4692154616173,97.9919194355665
"19185",0.1079209937,0.0007818608,18.764659891,69.99,0.1290132548,0.0616352201,8885.16,6.5,0.124,3.1,3,0.175,0.093,0.092,0.283,0.168,0.3738872404,0.0001562012,0.0015620119,0.339,0.301,5.21322072776561,5.21322072776561
"19187",0.0732531664,0.0005411988,15.424164524,43.8,0.0899774443,0.0306160089,7915.41,7.3,0.133,3,3.2,0.2,0.092,0.093,0.306,0.2,0.7062320785,0.0015117158,0.0009988122,0.317,0.291,55.8206536418475,18.0066624651121
"19189",0.0699335139,0.0004735297,20.835306374,48.76,0.0813835198,0.0413999146,8152.64,8,0.119,2.9,2.9,0.19,0.087,0.086,0.261,0.16,0.626725566,9.47508e-05,0.0002842524,0.301,0.277,97.7239770506273,113.485908832987
"19191",0.063283502,0.00096302,21.186440678,31.28,0.0737185293,0.0356532357,7366.38,8.3,0.102,2.7,2.8,0.222,0.081,0.081,0.271,0.145,0.6699278116,0.0019053063,0.0007621225,0.291,0.225,52.8245105729058,67.2311952746074
"19193",0.1130495709,0.000684456,14.0802378,46.02,0.1442799417,0.042695228,8770.86,7.1,0.161,3.5,3.1,0.2,0.104,0.094,0.319,0.198,0.9159456603,0.0011847645,0.0007245667,0.348,0.281,61.2013034575481,11.3938596862457
"19195",0.069124424,0.0002623295,22.298006296,32.08,0.0811965812,0.0382165605,7203.5,8.3,0.124,2.9,3,0.189,0.089,0.088,0.27,0.167,0.3227165043,0,0,0.35,0.325,65.9804697809448,52.7843758247559
"19197",0.0871041854,0.0005451713,30.373831776,59.61,0.1061672768,0.0416393443,10011.6,8.4,0.138,3.1,2.9,0.18,0.092,0.088,0.266,0.162,0.7971124046,0.0003083565,0.0004625347,0.333,0.278,64.7920176234288,67.383698328366
"20001",0.1123905127,0.000464792,16.267720195,61.2,0.135168788,0.0592424733,9922.49,6.3,0.156,3.4,3.3,0.151,0.106,0.101,0.304,0.174,0.5259142921,0.0012953368,0.0006857665,0.368,0.297,108.387096774194,82.5806451612903
"20003",0.1383921379,0.0003805658,15.222630978,55.68,0.170467905,0.0703125,9827.19,6.9,0.145,3.3,3.1,0.152,0.1,0.095,0.294,0.173,0.5191310787,0.0002532607,0.0003798911,0.362,0.317,38.1549940647787,38.1549940647787
"20005",0.1087161737,0.0004239084,18.16750439,51.59,0.1325719404,0.0542713568,9699.42,6.7,0.143,3.3,3.2,0.167,0.103,0.098,0.315,0.193,0.6512644765,0.0011941011,0.0004179354,0.395,0.333,54.3697140555779,40.2738622633911
"20007",0.1329048843,0.00061262,36.757198285,81.75,0.1500535906,0.0902777778,10381.92,7.9,0.126,3,3,0.159,0.091,0.089,0.289,0.169,0.5200576013,0.0002021427,0.0010107136,0.347,0.269,68.1802686302584,68.1802686302584
"20009",0.1461257277,0.0005842615,21.544641227,55.5,0.1783284119,0.0728380731,9870.01,7.5,0.161,3.5,3.1,0.159,0.107,0.098,0.312,0.176,0.6283153863,0.0013813661,0.000981497,0.364,0.259,54.8800565874361,20.7324658219203
"20011",0.1219429058,0.0006092608,19.631735716,56,0.1481435948,0.0641668867,8895.29,6.8,0.157,3.5,3.3,0.15,0.107,0.101,0.301,0.191,0.4393330258,0.000740641,0.000807972,0.345,0.31,78.9426199927824,74.431613136052
"20013",0.1436898125,0.0011207336,21.39582272,107.02,0.1772893773,0.0705835962,10575.33,7.5,0.163,3.5,3.3,0.153,0.108,0.101,0.313,0.193,0.4376001603,0.0025007502,0.0010003001,0.327,0.295,57.4557252940381,40.5569825604975
"20015",0.0962432786,0.000649282,12.83464448,42.21,0.119013788,0.048052238,8581.05,7.7,0.115,2.8,2.9,0.172,0.083,0.085,0.322,0.167,0.6838797814,0.0010333875,0.0003343313,0.338,0.266,65.4018946425787,19.117476895523
"20017",0.1319409068,0,14.85884101,61.32,0.153461813,0.0813559322,8438.1,4.9,0.132,3.1,2.9,0.152,0.093,0.09,0.297,0.164,0.2093189964,0,0.0003703704,0.295,0.294,12.3900384091191,12.3900384091191
"20019",0.1888629283,0,20.109164033,66.99,0.2212104981,0.1034013605,9958.63,7.1,0.147,3.4,3.2,0.144,0.104,0.098,0.299,0.182,0.3990188062,0,0.0025337838,0.344,0.358,95.831336847149,95.831336847149
"20021",0.1340996169,0.0002405349,16.356376582,60.86,0.1632737848,0.0648752399,10579.53,7.1,0.162,3.5,3.3,0.151,0.106,0.1,0.33,0.199,0.2542239504,0.0011440557,0.0010487177,0.387,0.288,46.5504510578189,17.657067642621
"20023",0.1499493414,0.0007426662,29.706646862,85.34,0.169360506,0.103626943,11649.17,4.7,0.121,2.9,2.8,0.147,0.086,0.084,0.279,0.144,0.5601614087,0.0003711952,0.001484781,0.34,0.312,61.9885940986858,61.9885940986858
"20025",0.127143702,0.0009328358,27.985074627,123.83,0.1493738819,0.0894039735,11885.78,5.2,0.151,3.4,3.1,0.147,0.104,0.097,0.304,0.177,0.4121896163,0,0.0018239854,0.333,0.302,15.5448468832582,0
"20027",0.0970195591,0.0012023566,30.058915474,59.51,0.1154693698,0.0551378446,10162.29,7.3,0.113,2.8,2.8,0.158,0.086,0.085,0.27,0.149,0.5537199766,0.0003568879,0.0008327385,0.346,0.315,63.8213003589948,63.8213003589948
"20029",0.1226933371,0.000319659,33.031433138,63.52,0.1490930835,0.0603408567,8924.71,6.6,0.147,3.4,3.2,0.159,0.105,0.099,0.29,0.182,0.5858596454,0.0015066724,0.0006457167,0.348,0.32,89.618583309435,107.542299971322
"20031",0.0975213927,0.0009486541,17.787264319,77.41,0.115094724,0.0546558704,8907.41,6.5,0.116,2.9,2.8,0.167,0.085,0.085,0.295,0.155,0.4848273457,0.0009510223,0.0004755112,0.326,0.27,95.1286218240913,75.3101589440723
"20033",0.1447902571,0.0005117707,51.177072671,66.91,0.1694386694,0.0981132075,10154.42,7.9,0.108,2.7,2.8,0.157,0.081,0.082,0.279,0.14,0,0,0.0015345269,0.321,0.298,139.082058414465,0
"20035",0.1298876245,0.0005005144,16.961877485,48.52,0.1583017437,0.0655922461,8600.06,7.3,0.17,3.5,3.2,0.143,0.106,0.098,0.315,0.198,0.4979207403,0.0009115015,0.0004419401,0.364,0.274,54.6524014635728,16.6736140058358
"20037",0.1329923274,0.0007635531,12.725884449,57.34,0.1614224775,0.0551449687,9997.25,5.8,0.168,3.7,3.3,0.169,0.113,0.104,0.322,0.203,0.7279092349,0.0018076277,0.0013238963,0.346,0.282,54.3362906991552,12.7350681326145
"20039",0.1277199622,0.000343879,34.387895461,35.98,0.1422976501,0.0906095552,11027.67,7.3,0.148,3.4,3.2,0.136,0.103,0.097,0.278,0.171,0,0.0003412969,0,0.349,0.279,68.4150513112885,68.4150513112885
"20041",0.1066504978,0.0004124987,22.171805713,56.45,0.1275500993,0.0588721339,9045.46,7.5,0.126,3,2.9,0.158,0.092,0.089,0.284,0.175,0.6266072694,0.000152991,0.0006629609,0.322,0.305,78.894110383151,18.86598291771
"20043",0.1148505146,0.0002540005,16.51003302,50.4,0.1369584838,0.059255079,8651.91,5.8,0.128,3,3,0.169,0.091,0.09,0.301,0.168,0.2658275645,0.0001273723,0.0002547446,0.341,0.335,51.0160700620696,42.5133917183913
"20045",0.1125420919,0.0008834756,10.807565296,35.26,0.1307632545,0.0544451204,8290.3,7,0.124,3,3.1,0.205,0.095,0.095,0.269,0.167,0.9130799632,0.0024579696,0.0004373611,0.262,0.181,34.3878954607978,15.1879871618524
"20047",0.1497942387,0.000330033,13.201320132,25.87,0.1700640652,0.1009421265,10202.02,8.3,0.144,3.1,2.9,0.15,0.095,0.089,0.297,0.161,0.51926243,0,0.0010186757,0.362,0.302,11.1819300011182,0
"20049",0.1841970241,0.0003711952,22.271714922,60.08,0.2117148906,0.1130742049,9787.22,2.8,0.14,3.4,3.1,0.139,0.102,0.096,0.295,0.167,0,0,0.0003766478,0.34,0.276,12.5722906713603,12.5722906713603
"20051",0.1060530886,0.0006548788,13.097576948,56.69,0.1270027354,0.0493751905,9628.07,7.3,0.126,3.1,3,0.185,0.094,0.092,0.314,0.196,0.6988963869,0.0024087265,0.001548467,0.317,0.237,65.439766712972,11.4806608268372
"20053",0.1008442777,0.0004693367,29.72465582,103.97,0.1170716314,0.0560344828,10727.98,7.2,0.131,3.1,2.8,0.172,0.092,0.086,0.298,0.172,0.532399569,0.0003125977,0.0006251954,0.341,0.301,57.49229080646,0
"20055",0.1798148429,0.0005378657,10.757314974,53.06,0.2353674874,0.0758928571,7679.84,8.2,0.2,3.5,3.2,0.16,0.114,0.1,0.326,0.182,0.7606591255,0.0009973583,0.0004582457,0.374,0.261,33.213644524237,10.7719928186715
"20057",0.1848307057,0.0004598362,9.7715188964,67.73,0.2367199842,0.0843744173,8863,7.9,0.202,3.7,3.2,0.162,0.118,0.101,0.349,0.185,0.8314819192,0.0007467187,0.0006318389,0.324,0.29,33.6053768602976,15.3624579932789
"20059",0.0986845207,0.0004685487,13.275545664,40.84,0.120489174,0.0488475042,8850.4,6.5,0.135,3.3,3.1,0.171,0.097,0.092,0.322,0.179,0.5389735303,0.0013597514,0.0001942502,0.338,0.29,50.6756756756757,12.993762993763
"20061",0.1046888734,0.000354098,7.6267262278,54.27,0.1330933633,0.0476831897,8846.9,5.7,0.147,3.2,3.1,0.198,0.098,0.093,0.355,0.203,0.9462196613,0.0021132035,0.001952707,0.352,0.26,17.9974263680294,13.498069776022
"20063",0.1427884615,0.0018335167,44.00440044,120.01,0.1566181566,0.1147540984,12716.55,5.5,0.116,2.8,2.8,0.156,0.085,0.084,0.278,0.149,0.0025974026,0.0003611412,0,0.284,0.254,73.7463126843658,73.7463126843658
"20065",0.1236249345,0.0003897116,27.279812938,123.42,0.1384725196,0.0875232775,12111.03,7.4,0.127,3,2.9,0.144,0.091,0.088,0.293,0.154,0.6291875241,0,0.0003856537,0.298,0.299,141.935483870968,103.225806451613
"20067",0.1792782305,0.0005117707,19.191402252,57.37,0.2209117714,0.1069230769,7536.63,9.2,0.177,3.4,3,0.161,0.105,0.093,0.313,0.178,0.777621663,0.0001257862,0.0002515723,0.342,0.249,4.25550023405251,4.25550023405251
"20069",0.1588677065,0.0001644196,26.307135811,38.11,0.1870629371,0.1061422414,7344.47,7.2,0.13,3,2.8,0.167,0.09,0.086,0.284,0.155,0.2530802531,0.000166417,0.0003328341,0.376,0.268,76.8217734855136,120.71992976295
"20071",0.1170731707,0.0007686395,53.804765565,71.75,0.1364275668,0.08,11890.79,6.6,0.134,2.9,2.9,0.155,0.089,0.086,0.284,0.154,0.7225340818,0,0.0023255814,0.324,0.27,25.5036980362153,25.5036980362153
"20073",0.127219553,0.0004740834,18.963337547,99.29,0.1507639089,0.0676258993,11357.94,6.5,0.155,3.4,3.2,0.141,0.104,0.097,0.31,0.188,0.5950067275,0.0001556663,0.0009339975,0.348,0.316,157.927984838913,131.606654032428
"20075",0.2115891133,0.0003841721,34.575489819,59.98,0.2455327598,0.1460957179,10707.64,4.2,0.183,3.6,3.2,0.153,0.112,0.101,0.314,0.189,0.7888475836,0,0.0007665772,0.393,0.262,13.0106687483737,13.0106687483737
"20077",0.1500884173,0.0005156411,27.500859402,110.59,0.1795763516,0.0835087719,11006.97,7.5,0.145,3.2,3,0.152,0.097,0.094,0.283,0.177,0.4161418628,0,0.0013651877,0.358,0.375,194.341240354387,125.750214346956
"20079",0.1125013561,0.0008615738,19.241815049,32.84,0.1353871948,0.063933518,8660.1,7.6,0.151,3.2,3,0.15,0.099,0.093,0.294,0.157,0.7370545496,0.0028784433,0.0009786707,0.312,0.252,103.216927576122,9.55712292371504
"20081",0.1998330086,0.0004870921,26.790063322,78.65,0.2316921804,0.1360323887,11242.04,5.2,0.159,3.2,3,0.159,0.101,0.092,0.302,0.174,0.4520676692,0.0002414876,0.0007244627,0.344,0.233,8.12281699293315,0
"20083",0.1278911565,0.0005219207,15.657620042,80.78,0.1464354528,0.0860927152,10906.52,5.3,0.121,2.9,2.9,0.155,0.086,0.085,0.285,0.147,0.0146137787,0,0.001025641,0.322,0.262,17.3641257162702,0
"20085",0.1188207802,0.0006647463,11.817711796,55.46,0.1438053097,0.0668133077,10216.28,7.9,0.122,2.9,2.9,0.16,0.088,0.087,0.276,0.16,0.324320309,7.48167e-05,0.0005237169,0.344,0.301,44.7282757249708,44.7282757249708
"20087",0.1052359739,0.000477327,13.78944577,41.72,0.121359661,0.0677128117,8087.8,8,0.111,2.8,2.7,0.18,0.082,0.083,0.305,0.156,0.2270730942,0.0002126189,0.0003189284,0.313,0.26,49.4717127813704,17.6684688504894
"20089",0.1412994094,0,29.576076241,85.74,0.1565594059,0.1036682616,11253.09,7.1,0.132,3.1,3,0.142,0.095,0.092,0.293,0.157,0.0201494963,0,0.0006565988,0.309,0.268,11.0387459984546,11.0387459984546
"20091",0.0756994208,0.0011875905,8.7937423381,45.62,0.0919636255,0.03903177,9731.67,8.2,0.091,2.3,2.5,0.193,0.071,0.076,0.261,0.125,0.9858925096,0.0019102786,0.0006808565,0.266,0.179,50.2508475836604,14.058618630342
"20093",0.1747833881,0.0010217114,17.879948914,63.45,0.2097428958,0.1081081081,9742.76,8.9,0.149,3.1,2.9,0.171,0.094,0.088,0.301,0.166,0.8363087755,0.000254907,0.0010196278,0.314,0.246,8.47888756995082,8.47888756995082
"20095",0.1213950369,0.0001299039,24.681735516,74.19,0.144370251,0.0619571511,12295.54,7.2,0.132,3.2,3,0.154,0.095,0.091,0.302,0.165,0.448460168,0.000254972,0.0011473738,0.321,0.286,94.7091997072625,129.148908691722
"20097",0.1337546077,0.0003979308,55.710306407,62,0.1487364621,0.0934065934,7931.42,3.6,0.143,3.3,3.1,0.158,0.1,0.096,0.302,0.177,0.080689385,0.0051525961,0.0019817677,0.319,0.264,105.263157894737,105.263157894737
"20099",0.1192072454,0.0006679389,13.358778626,45.75,0.1415783855,0.0649401609,10129.91,7,0.153,3.6,3.2,0.155,0.108,0.1,0.3,0.202,0.6287314296,0.0005259132,0.0005737235,0.361,0.336,81.366965012205,15.9543068651382
"20101",0.1463035019,0.0005927682,53.349140486,84.18,0.1661272923,0.09375,13397.06,4.8,0.121,2.9,2.8,0.155,0.087,0.085,0.284,0.148,0,0,0.001744186,0.309,0.285,19.6966712625566,19.6966712625566
"20103",0.0797031043,0.0004314885,7.8683198599,58.67,0.0974202231,0.0410668283,9679.62,7.4,0.132,3,2.8,0.174,0.091,0.085,0.309,0.182,0.8549332914,0.0017650444,0.0006906696,0.348,0.258,34.2788947807209,19.0438304337338
"20105",0.1477635783,0.0003157562,34.73318598,105.75,0.1611238532,0.12125,15045.13,7.3,0.132,3.1,3.1,0.146,0.097,0.094,0.28,0.164,0.0092564023,0,0.0006355259,0.335,0.22,63.7010298333156,63.7010298333156
"20107",0.1346463023,0.000210482,10.524100189,59.55,0.1579943236,0.0807155323,9220.6,6.8,0.134,3.2,3,0.155,0.094,0.091,0.296,0.171,0.1985294118,0.000630517,0.0003152585,0.335,0.339,66.5405897597534,66.5405897597534
"20109",0.1357142857,0.0010737294,32.211882606,80.15,0.1550339716,0.0837209302,13995.1,7.8,0.114,2.8,2.8,0.164,0.083,0.082,0.287,0.151,0.7565312046,0,0.002501787,0.326,0.265,95.0457407627421,0
"20111",0.1618602614,0.0006925208,11.742743587,55.24,0.1932321473,0.0786371292,8835.19,7.5,0.174,3.7,3.4,0.161,0.118,0.104,0.301,0.205,0.6144850104,0.0028051328,0.0004476276,0.374,0.249,33.9792726436874,9.99390371873157
"20113",0.0935508869,0.0007523683,25.990903184,44.45,0.1117899704,0.0512167516,8283.88,7.7,0.106,2.7,2.7,0.159,0.082,0.083,0.292,0.15,0.6332762166,0.0007778417,0.0003720112,0.315,0.253,107.121286367107,15.9542341397819
"20115",0.1164185737,0.000327654,30.307994758,45.85,0.1364841678,0.0697247706,8941.51,7.4,0.132,3.1,2.9,0.147,0.093,0.09,0.277,0.156,0.305450237,0.0004091988,0.000327359,0.337,0.305,109.499041883384,82.1242814125376
"20117",0.0993749203,0.0004997002,27.983210074,58.74,0.1161243933,0.0611902766,10096.81,7.8,0.135,3.1,3,0.154,0.094,0.093,0.293,0.168,0.4016012652,0.00019996,0.00069986,0.327,0.272,83.4891798022976,46.7539406892867
"20119",0.1482006234,0.0002295157,34.427358274,64.7,0.1754237288,0.0952380952,10584.81,6.6,0.134,3,2.9,0.161,0.091,0.087,0.294,0.15,0.4107103825,0,0.0016117891,0.298,0.251,107.444359171144,76.7459708365311
"20121",0.081593997,0.0003960758,13.405642557,55.71,0.0970437689,0.0487693188,9481.42,8.1,0.112,2.8,2.8,0.187,0.085,0.084,0.289,0.161,0.6524842163,0.001187757,0.0003045531,0.347,0.268,57.0206699928724,16.2916199979635
"20123",0.0859919713,0.0007956715,30.235518778,76.22,0.0976909414,0.0600558659,10606.24,7.5,0.116,2.8,2.8,0.165,0.086,0.085,0.276,0.149,0.7169308018,0.0007839448,0.0003135779,0.334,0.258,131.967905405405,105.574324324324
"20125",0.1368577258,0.0003522677,22.897402026,72.86,0.1662897712,0.0691476591,9041.67,7.3,0.169,3.5,3.3,0.148,0.108,0.103,0.352,0.196,0.7514307462,0.0016913566,0.0007873557,0.376,0.297,69.833089081449,13.7699048892998
"20127",0.1233287229,0.0005265005,28.08002808,83.16,0.1409971419,0.078778135,10491.13,7.5,0.12,3,2.9,0.156,0.089,0.086,0.28,0.156,0.5836569306,0.0003483714,0,0.399,0.318,46.8274408803559,0
"20129",0.1416666667,0.0006430868,32.154340836,101.33,0.1663768116,0.0910179641,8923.76,7.9,0.156,3.3,3,0.147,0.101,0.093,0.304,0.166,0.8608103928,0.0003181674,0.0012726694,0.307,0.318,129.589632829374,129.589632829374
"20131",0.0911006445,0.0009854158,16.752069373,40.44,0.1079854809,0.0570469799,9134.47,7.8,0.113,2.8,2.8,0.166,0.087,0.087,0.288,0.148,0.2697976027,0,0.0002952465,0.32,0.316,75.3209326696358,94.9698716269321
"20133",0.1193892427,0.0005482456,21.929824561,94.54,0.1438507397,0.0662679426,10915.01,6.8,0.143,3.3,3.2,0.146,0.102,0.099,0.31,0.189,0.2283187984,0.0008520998,0.0007912355,0.36,0.297,83.3468856724671,105.708245243129
"20135",0.1323404255,0.0006441224,35.426731079,75.21,0.1472205254,0.1025299601,11119.8,8.1,0.139,3.2,3,0.144,0.097,0.092,0.295,0.163,0.4943675571,0,0.0006508298,0.342,0.29,10.8896874659697,10.8896874659697
"20137",0.1089452603,0.0005395683,28.776978417,36.08,0.1291157973,0.0594149909,8860.64,7.2,0.127,2.9,2.8,0.171,0.09,0.086,0.304,0.172,0.6226415094,0.0005336179,0.0003557453,0.34,0.235,101.601721252689,95.625149414296
"20139",0.1080767445,6.2751e-05,13.177710843,48.47,0.1280348394,0.0615539859,8800.86,7.6,0.136,3.1,2.9,0.158,0.093,0.09,0.29,0.167,0.394783676,6.19502e-05,0.000309751,0.357,0.291,52.1648408972353,95.9833072509129
"20141",0.1318327974,0.000798722,29.286474973,81.68,0.1516634051,0.0814814815,11040.59,6.9,0.136,3.2,3.1,0.144,0.097,0.094,0.287,0.161,0.3916537066,0.0007857517,0.0005238345,0.333,0.287,53.3001687838678,53.3001687838678
"20143",0.1133034988,0.0004946414,18.136850783,50.37,0.1313218391,0.071942446,9839.63,7.8,0.111,2.8,2.8,0.167,0.083,0.083,0.283,0.163,0.461336398,0,0.0003310162,0.383,0.287,66.3643402278509,88.4857869704679
"20145",0.1070434596,0.001156738,20.24291498,62.63,0.1264004596,0.053471668,12233.85,7.8,0.143,3.2,2.9,0.16,0.097,0.089,0.321,0.172,0.5848271906,0.0067422178,0.0010041601,0.313,0.248,48.2509047044632,77.2014475271411
"20147",0.1238733534,0.0001807338,32.532080246,75.87,0.1453412073,0.0766961652,12185.58,7.4,0.119,2.9,2.9,0.154,0.088,0.087,0.291,0.157,0,0.0014440433,0.0005415162,0.291,0.305,66.6626265074844,60.6023877340767
"20149",0.0910929127,0.00056776,12.228676246,50.28,0.112143129,0.0525336387,10032.63,7.9,0.114,2.8,2.8,0.18,0.084,0.085,0.282,0.149,0.6694593594,0.0003084924,0.000264422,0.298,0.239,45.0018871759138,20.3234329181546
"20151",0.1153010354,0.0008121827,26.395939086,58.99,0.1379816514,0.065815716,9203.36,7.7,0.118,2.9,2.8,0.167,0.087,0.086,0.286,0.158,0.6977009114,0.0005061753,0.0012148208,0.35,0.31,50.987457085557,54.3866208912608
"20153",0.1326638478,0.0003869969,38.699690402,64.58,0.1453362256,0.0979667283,11202.72,7,0.138,3.1,3,0.14,0.097,0.093,0.292,0.16,0.5148868599,0,0.0019312476,0.342,0.306,65.1126448756349,65.1126448756349
"20155",0.1132663943,0.0005956673,15.832209926,48.35,0.1389471893,0.0528398971,9129.22,7.2,0.141,3.3,3,0.16,0.099,0.092,0.337,0.172,0.6083303623,0.00112167,0.0007789375,0.36,0.283,77.7248020364941,15.1276460339485
"20157",0.1235277219,0.0008328128,47.886737456,94.74,0.1377431907,0.0861344538,9233.92,7.4,0.139,3.3,3.1,0.137,0.101,0.096,0.301,0.164,0.4449799197,0.0002074689,0.0010373444,0.353,0.335,41.8176749372735,69.6961248954558
"20159",0.1319750843,0.0002995507,23.964053919,59.94,0.1590909091,0.0713994288,8949.49,7.6,0.142,3.2,3.1,0.158,0.099,0.093,0.277,0.168,0.3827233958,9.98901e-05,0.0003995605,0.35,0.292,106.65600106656,96.65700096657
"20161",0.1019059052,0.0006117509,11.969040083,32.21,0.115258211,0.0572141128,8104.22,4.8,0.139,3.4,3.2,0.218,0.105,0.1,0.314,0.171,0.9117907614,0.0015916386,0.0006897101,0.245,0.175,27.8964730887595,11.512830163615
"20163",0.1259823183,0.0011639185,25.218234724,43.47,0.1459272097,0.0805152979,10300.24,7.4,0.128,3,3,0.159,0.093,0.091,0.281,0.166,0.705462266,0.0001926782,0.0005780347,0.353,0.306,64.4371415684,57.99342741156
"20165",0.1157981803,0.0003127932,25.023459493,85.18,0.1343697946,0.0634674923,10209.07,4.2,0.129,3.1,3,0.147,0.093,0.091,0.289,0.161,0.2921076504,0,0.0012554928,0.33,0.317,63.0715862503942,63.0715862503942
"20167",0.1360582307,0.0001437608,24.43933295,75.74,0.1613402062,0.071197411,11527.63,7,0.136,3.3,3.1,0.149,0.099,0.096,0.304,0.171,0.3345767575,0.0001442377,0.0007211885,0.331,0.272,38.2262996941896,38.2262996941896
"20169",0.1220918845,0.0008429737,15.424625594,40.52,0.1489283752,0.0578143022,8930.2,7.4,0.152,3.2,3.1,0.151,0.097,0.095,0.328,0.183,0.7817681545,0.002744887,0.0006099749,0.364,0.287,66.9912552486452,15.5515413970069
"20171",0.1420633003,0.0005905512,25.590551181,138.14,0.1657848325,0.093410572,12736.54,8.9,0.143,3.2,2.9,0.16,0.097,0.09,0.295,0.164,0.5486223663,0.0007944389,0.0011916584,0.372,0.296,66.3173950527223,66.3173950527223
"20173",0.1315513507,0.0008687056,10.043179777,34.53,0.1663453531,0.0536455353,9162.73,6.8,0.143,3.3,3.3,0.149,0.101,0.096,0.307,0.176,0.8507920901,0.0017371863,0.0009912646,0.336,0.243,62.328285900044,15.7295358738281
"20175",0.2017564909,0.0004687833,11.932665672,57.73,0.2624113475,0.088062883,8852.86,7.2,0.226,3.7,3.1,0.155,0.119,0.099,0.323,0.18,0.5847420704,0.0005557931,0.0002137666,0.382,0.276,42.8528575713857,31.4254288856829
"20177",0.1155539151,0.0006950439,17.432149143,47.04,0.1440145312,0.0479137958,9374.38,6.8,0.146,3.1,3.1,0.151,0.094,0.094,0.289,0.203,0.8622129554,0.0028798139,0.0012246199,0.35,0.242,84.3343371358417,19.2177803650259
"20179",0.1392146864,0,39.385584876,144.46,0.1560904449,0.1008130081,13440.25,4.7,0.139,3.2,3,0.147,0.098,0.094,0.285,0.165,0,0,0.0019584802,0.333,0.273,13.1509731720147,13.1509731720147
"20181",0.1458842706,0.0004909984,24.549918167,81.08,0.1752370009,0.0766155896,11306.57,4.9,0.154,3.3,3.1,0.153,0.103,0.096,0.291,0.177,0.721797005,0.0003270646,0.0009811938,0.337,0.283,76.8892794376098,82.3813708260106
"20183",0.1300108342,0.0013266118,42.451578668,90.82,0.1484759095,0.080872914,9642.82,6.7,0.143,3.4,3.2,0.138,0.103,0.097,0.287,0.17,0.4692447444,0,0.0002698327,0.368,0.32,161.016191072547,125.234815278647
"20185",0.1691674022,0.000465441,39.562485455,31.81,0.1940361193,0.1157407407,9732.32,7.5,0.15,3.3,3.1,0.145,0.101,0.096,0.294,0.17,0.721884156,0.0004588208,0.0004588208,0.356,0.304,77.5674837108284,108.59447719516
"20187",0.2053209948,0.0009474183,33.159639981,102.77,0.2412587413,0.1344262295,10313.04,9,0.175,3.3,3,0.151,0.104,0.093,0.308,0.165,0.6975391499,0,0.000911577,0.363,0.337,0,0
"20189",0.1778133761,0.0001723841,18.962247888,72.85,0.2184405941,0.1065662002,9156.96,8.6,0.163,3.2,2.9,0.16,0.098,0.089,0.305,0.16,0.6703354298,0.000343879,0.000343879,0.362,0.268,143.488492222924,137.748952534007
"20191",0.1159983421,0.0003400204,18.701122067,40.81,0.1423505947,0.0567620928,7661.23,7.4,0.132,3.1,2.9,0.159,0.093,0.089,0.346,0.159,0.3547986077,0.00089017,0.0002967233,0.347,0.309,86.3362300789764,15.5688283748974
"20193",0.1073710457,0.0005069066,27.879863135,66.98,0.1273278476,0.0583596215,11467.96,6.9,0.111,2.7,2.7,0.182,0.081,0.082,0.282,0.16,0.6536708861,0.0015098138,0.0012581782,0.342,0.283,46.3294444678432,54.7529798256328
"20195",0.1120808452,0.0013783598,31.013094418,189.72,0.1261961722,0.0705009276,18390.1,7.7,0.114,2.8,2.8,0.154,0.084,0.083,0.282,0.145,0.6817727424,0.0006711409,0.0006711409,0.325,0.321,136.224316040413,136.224316040413
"20197",0.0888927698,0.0004272287,21.361435488,44.32,0.1010785051,0.0642504119,8339.3,6.7,0.109,2.7,2.8,0.174,0.081,0.082,0.286,0.151,0.1471714164,0.0004254716,0,0.325,0.241,47.5646879756469,61.8340943683409
"20199",0.1518235793,0,39.84063745,104.49,0.1701602959,0.1139896373,11491.22,7.2,0.125,2.9,2.8,0.154,0.087,0.086,0.29,0.15,0.3824915825,0.0006373486,0.0006373486,0.343,0.288,21.7722621380361,21.7722621380361
"20201",0.1373652133,0.0005359057,41.086102179,83.7,0.1554300897,0.0965045593,10393.66,6.6,0.123,2.9,2.8,0.163,0.089,0.086,0.285,0.153,0.2302121055,0,0,0.312,0.294,29.7176820208024,53.4918276374443
"20203",0.1798196167,0.0009191176,45.955882353,36.24,0.2068106312,0.1245847176,10291.18,6,0.164,3.2,3,0.153,0.099,0.091,0.299,0.166,0.7260519248,0,0.0009124088,0.331,0.335,15.3256704980843,0
"20205",0.1481949712,0.000664599,24.368630926,67.86,0.1810929398,0.0709444193,10602.99,7.1,0.163,3.7,3.3,0.142,0.111,0.103,0.319,0.185,0.3337230311,0.0002196595,0.0008786381,0.35,0.321,55.5781985253251,51.8729852903035
"20207",0.1453871499,0,22.172949002,54.17,0.1669477234,0.0889212828,9447.93,7.8,0.152,3.5,3.2,0.143,0.107,0.1,0.294,0.186,0.6025989725,0,0.0003104626,0.365,0.3,84.2726219319499,84.2726219319499
"20209",0.1894060654,0.0004268851,10.703061199,61.07,0.2452544208,0.0684812948,10821.92,5.8,0.207,3.9,3.6,0.152,0.124,0.112,0.351,0.229,0.8686962319,0.0010848962,0.0008479649,0.37,0.313,36.2595773699033,14.6274431435405
"21001",0.1215289565,0.0003645074,4.1657987919,81.68,0.1445139912,0.0579531443,10820.53,7.1,0.222,5.1,4.3,0.117,0.153,0.132,0.386,0.237,0.4463443396,0.00128123,0.000640615,0.368,0.359,17.5552551656338,28.0884082650141
"21003",0.113897905,0.0001471743,5.396389325,72.37,0.1365201705,0.0571083853,12594.17,7.8,0.217,4.9,4.2,0.118,0.149,0.129,0.381,0.252,0.3432050511,0.0004923441,0.0002954064,0.356,0.342,79.8891334474607,17.9342952637157
"21005",0.0831993138,0.0003198099,10.051169591,65.55,0.0976998743,0.0470740262,10115.9,7.7,0.169,4.3,3.8,0.13,0.125,0.113,0.363,0.212,0.8247980953,0.0008711201,0.0002750906,0.359,0.301,42.6322360607814,24.3612777490179
"21007",0.0970858896,0,16.990291262,57.73,0.1130252101,0.0559741658,9809.51,7.7,0.198,4.7,4,0.116,0.138,0.122,0.387,0.216,0,0,0.0002400384,0.358,0.313,60.5229180116204,64.5577792123951
"21009",0.1033171886,0.0008343376,8.8068971911,59.17,0.1232935654,0.0535850496,10023.6,7.4,0.212,4.7,4.3,0.111,0.145,0.133,0.376,0.235,0.4563820454,0.0009761313,0.0008134427,0.318,0.314,78.6157462715326,18.4978226521253
"21011",0.1182795699,8.19269e-05,4.9156152712,76.33,0.1436494731,0.0585072739,9778.78,7.3,0.271,5.5,4.7,0.105,0.173,0.148,0.412,0.274,0.482443275,0.0018393111,0.0005852353,0.366,0.318,35.7191921967303,49.4573430416266
"21013",0.1081797753,0.0004319965,11.159910721,162.37,0.1322445,0.0411025934,11564.55,5.3,0.287,5.8,5,0.098,0.186,0.161,0.429,0.295,0.5846781221,7.17231e-05,0.0009324009,0.376,0.396,36.144578313253,24.0963855421687
"21015",0.0693020194,0.0006644886,7.5150498762,71.97,0.0834938066,0.039351917,10822.95,8.1,0.152,3.8,3.6,0.155,0.11,0.105,0.337,0.174,0.773076567,0.0006107263,0.0003535784,0.328,0.236,32.4909461205018,15.0567799095008
"21017",0.1305524794,0.0006008412,11.516122572,54.42,0.1528775458,0.0735828877,9343.4,7.5,0.211,4.7,4.1,0.115,0.141,0.126,0.388,0.23,0.7575181386,0.00060006,0.00010001,0.354,0.321,41.6070299237759,46.599873514629
"21019",0.0891925205,0.0010443971,17.816186107,104.82,0.1072484417,0.0408953532,11432.45,6.5,0.211,4.6,4,0.119,0.137,0.124,0.372,0.239,0.6781316862,0.0042957084,0.0018001064,0.395,0.276,56.1478468670186,18.4877056757256
"21021",0.0926054867,0.0009089073,16.831616508,64.66,0.1102347179,0.0471298108,9612.74,6.5,0.203,4.6,4.2,0.122,0.139,0.125,0.389,0.218,0.6220455824,0.0013786923,0.0007582808,0.322,0.318,50.8313753840593,16.9437917946864
"21023",0.0921052632,0.0002379253,14.275517488,72.69,0.1090980701,0.050215208,9999.51,7.9,0.192,4.6,4,0.122,0.135,0.121,0.355,0.219,0.0283930254,0.0001188213,0.0004752852,0.345,0.307,23.8635007755638,23.8635007755638
"21025",0.1052537206,0.0005966142,4.4746066075,111.68,0.1262411348,0.0409377187,11024.62,6.4,0.284,5.7,4.8,0.104,0.181,0.154,0.402,0.291,0.1668107797,0.0011812477,0.0004429679,0.407,0.316,29.6750581136555,24.7292150947129
"21027",0.1164116226,0.0003016895,12.067578439,107.54,0.1380932022,0.061341853,11418.77,7.5,0.202,4.6,4.1,0.114,0.137,0.126,0.374,0.222,0.4162719976,0.0008982036,0.0001497006,0.334,0.326,43.3723684649518,33.3633603576552
"21029",0.0789864085,0.0001667629,7.0553524469,69.39,0.0942903752,0.0386514924,10405.91,7.8,0.162,4,3.8,0.141,0.117,0.11,0.398,0.201,0.6929721875,0.0006896193,0.000247222,0.357,0.304,43.6810257332631,19.699286115001
"21031",0.1235708841,7.76699e-05,15.533980583,100.97,0.1468285043,0.0624790057,11475.73,7,0.241,5.3,4.5,0.111,0.164,0.141,0.406,0.259,0.3061465721,0.0007816775,0.0005471742,0.322,0.357,82.8886701548982,108.791379578304
"21033",0.0937561359,0.0005500982,21.218074656,68.89,0.1090565528,0.0539889959,9321.16,7.1,0.211,4.8,4.1,0.11,0.141,0.125,0.38,0.217,0.6514171288,0.0002339546,0.0004679092,0.377,0.306,62.7795652515106,15.6948913128777
"21035",0.1082171933,0.0005485607,11.493652369,81.08,0.1226105339,0.0633000422,9052.51,7.1,0.198,4.6,4.1,0.129,0.14,0.128,0.346,0.222,0.5867817483,0.0004779988,0.0009028866,0.316,0.204,49.8766209901822,17.500568768485
"21037",0.0841756138,0.0005880239,8.6025720602,75.76,0.1007477232,0.0392034549,10407.93,7.5,0.177,4.1,3.8,0.143,0.121,0.113,0.387,0.216,0.9288544988,0.0010660746,0.0004506089,0.307,0.236,74.939884388858,11.6411470895313
"21039",0.1103830645,0.0004017678,10.044194456,78.48,0.1291551247,0.0614574188,10360.36,7.8,0.214,4.8,4.2,0.115,0.145,0.128,0.356,0.224,0.2372648903,0,0.00039992,0.316,0.336,40.3958796202787,40.3958796202787
"21041",0.1091514143,0.0003698567,12.020342117,131.28,0.1326676177,0.0561403509,11614.86,5.4,0.239,5.2,4.5,0.115,0.162,0.141,0.387,0.265,0.6936453612,0.0004564959,0.0004564959,0.348,0.333,43.1207071795977,30.8005051282841
"21043",0.1035869172,0.0001836682,6.6120559821,90.15,0.1260311356,0.0446909667,10068.2,7.3,0.234,5,4.3,0.113,0.15,0.129,0.382,0.235,0.6895021645,0.0012131461,0.000441144,0.385,0.368,47.8040768297317,18.3861833960506
"21045",0.1317508364,0.0001258574,5.6635831603,137.65,0.1570893879,0.0662486369,12658.8,7.2,0.251,5.6,4.6,0.106,0.172,0.147,0.385,0.273,0.3282356628,0.0008091118,0.0004356756,0.367,0.318,58.6191014529163,23.0289327136457
"21047",0.1050686551,0.0004579125,12.794612795,70.16,0.1346186783,0.0462633452,9589.13,5.9,0.245,5,4.3,0.127,0.156,0.136,0.416,0.265,0.619119735,0.0029797619,0.0023999892,0.371,0.309,34.7275466115837,16.6872626575142
"21049",0.0965941759,0.0005033839,12.025281056,65.23,0.1167091541,0.0440019079,10098.75,7.5,0.193,4.5,4,0.116,0.136,0.122,0.383,0.234,0.7197371746,0.0004211827,0.0004211827,0.331,0.297,69.0756004443241,21.469443381344
"21051",0.1203159442,0.0002837282,5.6745637679,144.87,0.1454620462,0.0487254681,12498.96,5.8,0.306,5.9,4.9,0.107,0.187,0.156,0.405,0.289,0.9895996318,4.68077e-05,0.0013574237,0.401,0.336,40.9294125055097,17.3162899061772
"21053",0.1179686551,0.0003935071,7.8701426463,162.56,0.142785987,0.0505836576,11993.85,7.3,0.266,5.5,4.6,0.105,0.17,0.146,0.381,0.256,0.5758372274,0.0013798541,0.000197122,0.352,0.343,39.3636214531737,39.3636214531737
"21055",0.1062981298,0.0004336513,20.598438855,127.83,0.1254302103,0.059373539,12393.3,7.8,0.206,4.9,4.1,0.115,0.147,0.129,0.379,0.225,0.1846484165,0,0.0003241491,0.326,0.292,72.3013520352831,68.6862844335189
"21057",0.1215355805,0.0005930319,5.9303187546,205.84,0.1435832274,0.0604026846,14836.11,7.2,0.251,5.3,4.6,0.102,0.167,0.146,0.394,0.249,0.2787339557,0.0016202681,0.0007364855,0.336,0.376,39.4224609471246,39.4224609471246
"21059",0.0748251228,0.0006105317,13.838717883,47.72,0.093051676,0.0323411563,9729.68,7.5,0.187,4.3,4,0.117,0.132,0.122,0.346,0.207,0.7582664294,0.0018937466,0.0008857847,0.309,0.255,61.1999242608672,16.9060564256539
"21061",0.1192470783,8.32432e-05,4.1621576625,83.48,0.1364619962,0.0663162151,11180.66,7.8,0.204,4.5,4.2,0.116,0.136,0.124,0.388,0.213,0.4039963819,0.000248715,0.000248715,0.31,0.26,69.2866249099274,55.4292999279419
"21063",0.1143506248,0.0001303441,2.6068821689,80.53,0.138867339,0.0472334683,10996.22,7,0.257,5.5,4.6,0.115,0.169,0.143,0.413,0.281,0.3248853795,0.0006547073,0.0003928244,0.338,0.341,47.9156684235745,34.8477588535087
"21065",0.1101823708,0.0003460926,12.459334118,115.38,0.1320690049,0.0490135635,11103.39,6.6,0.255,5.4,4.6,0.107,0.168,0.146,0.4,0.262,0.7654716467,0.000759249,0.0006902264,0.379,0.342,55.4144539367352,13.8536134841838
"21067",0.1102265325,0.0012419682,11.679649417,47.01,0.131741447,0.0468976007,9083.11,6.9,0.183,4.4,3.9,0.134,0.136,0.123,0.367,0.231,0.9732389462,0.0024932885,0.0016146394,0.275,0.2,41.2332269123382,11.4596241029096
"21069",0.1341994902,0.000481265,8.2502578206,121.49,0.1605831038,0.0686328556,10426.8,7.3,0.23,4.8,4.3,0.104,0.149,0.134,0.373,0.248,0.3642319487,0.0004135649,0.0005514199,0.336,0.325,34.332799267567,32.0439459830625
"21071",0.1154691622,0.0005773066,7.0851264826,141.18,0.1402149992,0.045710996,12499.79,6.7,0.289,6,4.8,0.104,0.187,0.148,0.433,0.29,0.4311424298,0.0061454245,0.00092956,0.381,0.367,49.7416922647305,22.6891929628595
"21073",0.0927657664,0.0004009623,21.251002406,86.04,0.1080339822,0.0503456006,13562.49,6.9,0.182,4.3,3.9,0.123,0.13,0.119,0.362,0.212,0.8101856549,0.0009869481,0.0005639704,0.341,0.243,74.7149823552564,14.6761572483539
"21075",0.0983182406,0.0011173184,15.961691939,93.59,0.1204172876,0.0417598807,11136.97,6.4,0.259,5.3,4.5,0.101,0.165,0.142,0.409,0.259,0.4048143256,0,0.0004698512,0.343,0.305,42.3549343498518,42.3549343498518
"21077",0.1136272812,0.000349284,2.3285597858,120.06,0.1373134328,0.0559471366,11777.93,7.9,0.209,4.7,4.1,0.125,0.141,0.124,0.383,0.243,0.0832460123,0.0005900401,0.0004720321,0.365,0.279,62.2592318767267,62.2592318767267
"21079",0.1196776264,0.0002965951,7.711472298,70.35,0.1394453005,0.0648804833,9793.62,6.7,0.21,4.8,4.1,0.118,0.143,0.127,0.376,0.232,0.1348746452,0.0002364765,0.0001182383,0.326,0.273,47.0495981180161,43.1287982748481
"21081",0.093434699,0.0005226131,8.4422110553,106.31,0.114196057,0.0491428571,11052.47,7,0.193,4.5,4.1,0.128,0.134,0.122,0.363,0.234,0.59342308,0.0008079829,4.03991e-05,0.356,0.301,24.1984271022384,21.5097129797674
"21083",0.1269614373,0.0004253283,12.494018821,102.28,0.1542927677,0.0616423671,10888.99,7.3,0.197,4.4,4,0.113,0.133,0.124,0.357,0.209,0.4970501872,0.0004539265,0.0002937171,0.327,0.293,53.3380744955107,17.7793581651702
"21085",0.1126740685,0.0006871803,8.0171031534,99.01,0.1352723915,0.0577763898,11197.85,6.3,0.23,5.1,4.4,0.112,0.155,0.135,0.396,0.26,0.6440612134,0.0009231834,0.0004231257,0.372,0.34,36.9841350813651,22.9556700505025
"21087",0.1224443691,0,18.111020556,90.36,0.1410606061,0.0689655172,11578.67,7.3,0.23,4.9,4.2,0.111,0.149,0.131,0.367,0.235,0.4773494404,0.0008944544,0.0008050089,0.381,0.34,42.1268016730358,54.1630307224747
"21089",0.0955750996,0.0007436378,11.016855789,88.66,0.1152024016,0.0437599315,11572.75,6.9,0.213,4.9,4.1,0.108,0.145,0.124,0.394,0.218,0.6577621241,0.0009584052,0.0004107451,0.395,0.351,64.2821066164654,15.611368749713
"21091",0.0731907895,0,15.994516166,58.91,0.0870246962,0.0423026603,9088.62,8.2,0.189,4.5,3.9,0.123,0.131,0.117,0.377,0.219,0.3246935201,0.0001151145,0.0008058018,0.368,0.27,65.0543395071177,53.5741619470381
"21093",0.0845350463,0.0006465557,10.252526186,79.9,0.1023153558,0.0435313994,9607.03,6.8,0.199,4.5,4,0.131,0.135,0.119,0.414,0.219,0.7315217494,0.0027266593,0.0011091496,0.347,0.261,59.1521728358357,13.0072840790843
"21095",0.1155033442,0.0004971061,11.007350069,191.3,0.1423629434,0.043445122,10833.44,5.3,0.289,6.1,4.8,0.098,0.19,0.156,0.405,0.278,0.444907439,0.0001403558,0.0005263343,0.366,0.392,62.8222604160493,15.4092336869555
"21097",0.0991264963,0.0005378657,13.446643718,68.75,0.1180140833,0.0510067114,9857.34,7.3,0.202,4.7,4,0.118,0.141,0.125,0.374,0.225,0.4204605752,0.0004320121,0.0007020197,0.343,0.309,34.0056914788896,28.6363717716965
"21099",0.131280389,0.0004301769,12.36758617,92.1,0.1569910057,0.0675268817,11084.2,7,0.243,5.2,4.5,0.11,0.164,0.141,0.382,0.262,0.5645914611,0.0004307328,0.0004307328,0.374,0.368,44.9446282180354,17.9778512872142
"21101",0.0817521668,0.0004949749,12.481976456,77.35,0.0990630631,0.0384374721,10562.45,7.3,0.207,4.7,4.1,0.115,0.142,0.126,0.359,0.246,0.6614702703,0.0005609856,0.0003883747,0.353,0.292,63.9271374289798,23.7033206197341
"21103",0.1027613261,0.000385307,13.485743642,67.18,0.1206749252,0.0581304006,10894.66,7.7,0.202,4.6,4.1,0.117,0.138,0.124,0.37,0.243,0.1599636741,0.000517967,0.0004532211,0.329,0.32,53.6055063576131,21.4422025430452
"21105",0.1070915877,0.0002112379,14.786649768,88.09,0.1250974279,0.0595482546,10503.28,7.8,0.215,4.8,4.2,0.104,0.144,0.128,0.382,0.219,0.5259077927,0,0.0002107482,0.35,0.319,35.4836420410191,35.4836420410191
"21107",0.0961415986,0.001229084,19.837847162,68.7,0.1165080527,0.04425023,9312.53,7.1,0.192,4.5,4,0.115,0.134,0.121,0.361,0.208,0.5822890026,0.0004717588,0.0006861946,0.335,0.259,74.6954723052172,21.5467708572742
"21109",0.1116787667,0.0001505004,2.2575062081,59.61,0.1331561141,0.0513664801,9851.25,6.8,0.286,5.8,4.9,0.103,0.185,0.157,0.393,0.282,0.7433674226,7.44768e-05,0.0005213376,0.385,0.355,29.9490865528601,24.9575721273834
"21111",0.0945433392,0.0009447045,10.03913024,53.97,0.1168966105,0.0344706296,9665.39,6.9,0.184,3.9,3.7,0.159,0.12,0.118,0.357,0.218,0.9525324654,0.0023756924,0.000973796,0.319,0.257,69.8536843762347,15.6984425654062
"21113",0.1010324831,0.0008068484,11.610744859,48.15,0.121197024,0.0539493063,8825.75,7.7,0.196,4.4,4,0.123,0.133,0.123,0.36,0.233,0.8417651175,0.0005580691,0.0002989656,0.32,0.286,54.266454831349,16.3453177202858
"21115",0.1023749738,0.0007737942,6.8781704067,113.45,0.1238538682,0.0451684561,11216.63,6.9,0.243,5.4,4.6,0.111,0.161,0.139,0.415,0.259,0.559256722,0.001151435,0.0008955606,0.416,0.322,44.3579543828521,45.7888561371376
"21117",0.0849162882,0.0007991265,7.7472564342,66.57,0.103692344,0.0380711892,10202.85,7.3,0.168,4.2,3.8,0.152,0.126,0.115,0.368,0.219,0.8422489356,0.0012197738,0.0006926354,0.299,0.218,64.4196339664205,13.0058566998451
"21119",0.1063463495,0.0003775485,3.7754845205,168.56,0.1254681648,0.0500452216,11489.86,7.1,0.257,5.4,4.6,0.111,0.166,0.142,0.407,0.257,0.3041722746,0.0006885328,0.0003755633,0.395,0.35,37.8461344378798,25.2307562919199
"21121",0.1109528941,0.0002515882,8.4911000692,159.18,0.1391094421,0.0403581625,11335.06,6.3,0.29,6,4.9,0.104,0.188,0.158,0.402,0.285,0.4594611548,0.0001258257,0.0010380623,0.43,0.333,56.6524685788623,14.6876770389643
"21123",0.1072358147,7.05219e-05,16.925246827,77.27,0.1263469509,0.0567658791,9331.57,7.8,0.218,4.9,4.2,0.117,0.148,0.13,0.376,0.233,0.5789473684,7.11035e-05,7.11035e-05,0.347,0.278,75.320701424032,94.15087678004
"21125",0.104997526,0.0004498875,6.9982504374,64.58,0.1294059919,0.041577457,9972.66,7,0.217,5.3,4.4,0.118,0.163,0.137,0.389,0.24,0.7009974681,0.000302201,0.0008058694,0.399,0.316,31.1679059619752,14.4708134823456
"21127",0.103638285,0.0003796507,5.0620096178,132.99,0.1242113972,0.0487220447,10383.52,6.8,0.237,5.1,4.4,0.112,0.154,0.135,0.404,0.251,0.427112232,0.0011982846,0.0007568113,0.411,0.382,27.4232675878072,37.9706781985023
"21129",0.0988829885,0.0002633658,3.9504872268,128.93,0.1179222058,0.0447457627,10944.08,6.9,0.271,5.7,4.6,0.113,0.177,0.146,0.387,0.274,0.7852161785,0.0022038567,0.0005509642,0.37,0.328,55.5401277422938,55.5401277422938
"21131",0.1129748945,0.0001831837,5.4955119985,176.24,0.1351270553,0.0499793474,13500.04,6.8,0.251,5.4,4.7,0.104,0.164,0.143,0.419,0.262,1,0.000544514,0.0013612851,0.433,0.374,49.0075961774075,36.7556971330556
"21133",0.1021822319,0.0007277709,7.705809324,163.78,0.1214518704,0.0471295578,11789.39,7,0.25,5.3,4.4,0.109,0.16,0.134,0.446,0.252,0.5778375953,0.0006774207,0.0006350819,0.39,0.347,39.9423688677765,15.6916449123408
"21135",0.1115073497,0.0002881844,4.3227665706,75.71,0.1322776521,0.0563076923,10510.52,7,0.278,5.7,4.6,0.104,0.182,0.15,0.401,0.297,0.2460706561,0.0002172968,0.0007243228,0.392,0.326,43.5118932508219,60.433185070586
"21137",0.1167854315,0.0003681735,13.090611577,78.54,0.1414328933,0.0550982698,10011.41,6.9,0.237,5.1,4.4,0.112,0.157,0.138,0.391,0.266,0.2977932261,0.0011079196,0.0004924087,0.338,0.311,53.2219765823303,19.1053249269904
"21139",0.1016881029,0.0004273961,12.82188268,91.36,0.1172574293,0.0567088608,10851.11,8,0.189,4.5,4,0.113,0.135,0.123,0.362,0.219,0.5160205904,0.0003205471,0.0007479432,0.295,0.302,21.4025825782978,57.0735535421274
"21141",0.1088050029,0.0003349834,17.121375665,104.84,0.1322135268,0.0521490833,10737,7.5,0.222,4.7,4.2,0.116,0.146,0.132,0.37,0.235,0.4224333892,0.0005581188,0.0001116238,0.349,0.384,68.1933716042801,16.1184332882844
"21143",0.0989114114,0.0003558719,14.234875445,69.83,0.1099360551,0.0653643877,10040.02,8,0.183,4.2,3.7,0.118,0.124,0.112,0.364,0.208,0.2400769786,0,0.0008283043,0.332,0.293,111.1684599198,23.8218128399571
"21145",0.0855974125,0.0009033009,18.219119358,68.6,0.1007076756,0.0457177897,9502.4,6.7,0.186,4.3,4.1,0.112,0.132,0.123,0.345,0.198,0.7266529398,0.0008719196,0.0021721506,0.327,0.287,48.5419530216088,20.9496849882733
"21147",0.118632952,0.0002799082,3.3588982814,99.3,0.1468233864,0.0474559687,10794.7,6,0.334,6.5,5.1,0.103,0.212,0.171,0.418,0.333,1,0.0007226639,0.0008894324,0.376,0.326,57.6958868416155,70.7239903219803
"21149",0.0998435871,0.000211015,20.046423296,47.27,0.116754979,0.0593587522,9787.31,8,0.213,4.7,4.2,0.117,0.142,0.128,0.36,0.235,0.2397439933,0.0001053075,0.0003159225,0.388,0.33,66.6994312995858,73.7204240679632
"21151",0.0905278174,0.0006526219,9.2741012136,55.26,0.1091531026,0.0392757219,9801.73,7.1,0.216,4.9,4.3,0.131,0.149,0.129,0.366,0.238,0.7228279222,0.0007594345,0.0006309148,0.348,0.265,32.9812773725427,15.340129010485
"21153",0.1238929974,0.0003872067,2.3232401456,133.68,0.1490575397,0.0551724138,13182.68,6.7,0.259,5.5,4.6,0.106,0.172,0.146,0.404,0.275,0,0.0010810811,0.001003861,0.363,0.327,33.6169222414729,38.7887564324688
"21155",0.099993715,0.0004498426,6.9975508572,69.44,0.1213519028,0.0501026694,9325.04,7.6,0.217,4.8,4.1,0.126,0.146,0.128,0.384,0.245,0.4682139253,0.0013968571,0.0004489898,0.322,0.276,50.490600333238,20.1962401332952
"21157",0.0884303,0.0004199916,20.353439085,78.35,0.1017588637,0.0506783097,10069.79,8.2,0.171,4.3,3.9,0.117,0.124,0.114,0.358,0.193,0.5946642076,0.0001285884,0.0003857653,0.335,0.3,75.1387383132427,32.2023164199611
"21159",0.1028128031,0.0003190556,4.7858339316,139.57,0.1252408478,0.0448765894,12735.11,6.8,0.293,5.8,4.6,0.111,0.184,0.151,0.437,0.293,0.4892876479,0.0004744208,0.0002372104,0.405,0.309,37.3422954842496,37.3422954842496
"21161",0.0964868524,0.0008155657,18.641500641,59.9,0.1162328631,0.0480172002,9870.68,6.8,0.212,4.6,4.1,0.12,0.139,0.129,0.378,0.235,0.6036020583,0.0034147471,0.0007524019,0.309,0.277,40.7426808684011,60.1439574724017
"21163",0.0891649195,0.0002402279,6.8636535228,83.51,0.1066309224,0.045824295,10316.43,7.2,0.2,4.6,4,0.132,0.137,0.123,0.366,0.253,0.6004125586,0.0010270455,0.0002054091,0.377,0.274,44.0462253543983,23.1822238707359
"21165",0.1275808337,0.0003181167,4.7717512327,67.08,0.151336074,0.0548148148,9402.97,7.2,0.252,5.4,4.5,0.106,0.167,0.143,0.404,0.256,0.9023152553,0.0014312977,0.0007951654,0.357,0.304,63.3813975598162,63.3813975598162
"21167",0.0925178695,0.0002814391,15.948215207,55.79,0.1071933407,0.0540041068,10600.57,7.2,0.203,4.7,4.1,0.114,0.142,0.127,0.377,0.216,0.5354179363,0.0010773338,0.0004215654,0.34,0.337,39.0167772142021,24.9707374170893
"21169",0.1130763601,0.0001001001,8.008008008,88.84,0.1371651407,0.0520183104,10976.28,7.8,0.256,5.3,4.5,0.109,0.164,0.141,0.404,0.259,0.0978314685,0.0009015326,0.0003005109,0.335,0.317,43.5044508399706,30.1184659661335
"21171",0.1278922528,0.0005605381,9.3423019432,211.32,0.1515199244,0.0655605018,11864.93,7.4,0.25,5.4,4.6,0.107,0.166,0.143,0.395,0.255,0.5251299827,0.0006553693,0.0005617452,0.342,0.29,53.0388119306128,37.4391613627855
"21173",0.1052267819,0.0004731746,9.4634927568,59.84,0.1288582559,0.0458240946,10694.68,6.3,0.221,4.8,4.4,0.117,0.148,0.135,0.38,0.253,0.5872674441,0.0026788008,0.0007706139,0.326,0.303,42.5102935639416,15.789537609464
"21175",0.112357217,0.0003006841,5.261970984,101.61,0.1308748094,0.0575168584,12314.67,6.5,0.293,5.6,4.4,0.118,0.172,0.143,0.453,0.297,0.3104934281,0.0013452915,0.0004484305,0.377,0.347,35.0367886280595,25.026277591471
"21177",0.1111339782,0.000352485,22.43086487,106.76,0.1329424902,0.0516632323,9845.53,7.5,0.215,4.9,4.3,0.116,0.149,0.131,0.375,0.248,0.3108987587,0.0001924372,0.0005131659,0.36,0.32,35.2680909275508,22.4433305902596
"21179",0.0903741505,0.0005355708,10.934571097,41.98,0.1084135316,0.0475362823,10174.53,7.5,0.201,4.7,4.1,0.122,0.137,0.124,0.384,0.233,0.7768722518,0.0011225864,0.0005837449,0.317,0.292,44.6169633694731,14.1287050669998
"21181",0.1149009475,0.0004260758,11.36202244,85.27,0.135657089,0.0593635251,9943.27,7.8,0.2,4.6,4.1,0.118,0.139,0.124,0.368,0.223,0.0573230554,0.0002841313,0.0005682625,0.33,0.327,33.0017443779171,33.0017443779171
"21183",0.0957080676,0.0002502398,14.597322434,89.62,0.1178484805,0.0432109024,9753.99,7.3,0.228,5.3,4.4,0.112,0.158,0.134,0.385,0.24,0.0301149232,8.3375e-05,0.0005002501,0.391,0.341,37.4059655588036,8.31243679084524
"21185",0.0582080554,0.000677272,7.560245708,54.15,0.069622971,0.0365165304,9682.56,8.5,0.153,3.7,3.4,0.14,0.106,0.097,0.351,0.182,0.8860832946,0.0007696748,0.0004008723,0.28,0.24,33.0311593936947,9.4374741124842
"21187",0.0937040805,0.0003757633,12.212306247,93.63,0.1091927205,0.0550277118,11780.33,8.1,0.195,4.4,4,0.125,0.131,0.118,0.376,0.214,0.2624296652,0.0002813731,9.3791e-05,0.322,0.356,34.3352998095952,62.4278178356276
"21189",0.1117424242,0,6.6548358474,125.17,0.1330688785,0.0473251029,10531.38,6.5,0.289,5.9,4.8,0.1,0.188,0.159,0.395,0.289,0.5514195584,0.0004297379,0.0004297379,0.366,0.293,58.7242163987374,58.7242163987374
"21191",0.0997074598,0.0002069965,12.419788864,71.93,0.115582849,0.0570918822,9851.88,8,0.191,4.4,3.9,0.129,0.13,0.116,0.376,0.218,0.4287154668,0.0004804393,0.0001372684,0.348,0.307,36.8061466264866,23.0038416415541
"21193",0.1073394893,0.001232018,8.6965974562,171.54,0.130070011,0.0405113731,12574.24,6.7,0.271,5.6,4.7,0.107,0.171,0.144,0.393,0.27,0.5872805795,0.0053909318,0.001999286,0.371,0.327,28.855864954552,20.4395710094743
"21195",0.1051391036,0.0008566805,6.9803598058,109.4,0.1261112686,0.0436982183,11098.9,7.1,0.265,5.5,4.7,0.108,0.169,0.14,0.451,0.264,0.5965028297,0.0008835595,0.0010097823,0.403,0.346,42.5066150919737,17.0026460367895
"21197",0.1164006081,0.0001608493,8.042464211,83.38,0.1428196721,0.0481651376,11379.57,7.1,0.251,5.5,4.6,0.113,0.169,0.145,0.402,0.273,0.8171727583,0.0004001921,0.0008003842,0.389,0.337,26.8838884856306,32.2606661827567
"21199",0.1054714516,0.0008303956,9.714061888,69.47,0.1284118453,0.0457582507,9879.75,6.8,0.244,5.1,4.5,0.105,0.156,0.139,0.375,0.25,0.555095698,0.0020655014,0.0007510914,0.341,0.297,73.101705358355,22.4526666457805
"21201",0.1149560117,0,22.758306782,74.95,0.1352619234,0.0534521158,10201.43,3.4,0.228,5.1,4.4,0.108,0.154,0.135,0.367,0.235,0.5100788782,0,0,0.348,0.289,15.220700152207,0
"21203",0.1042719007,0.0004160228,6.5375014858,129.79,0.1241817294,0.05,10473.34,7.5,0.249,5.3,4.4,0.112,0.165,0.141,0.384,0.264,0.5706496248,0.0001198107,0.0005990535,0.352,0.353,31.7076554170548,51.524940052714
"21205",0.1025442905,0.0009723103,9.3003593321,68.18,0.1221864952,0.0439442658,11355.69,7,0.209,5.1,4.3,0.132,0.153,0.133,0.375,0.244,0.9405134359,0.0028902963,0.0015301568,0.359,0.276,33.7676224779807,7.03492134957931
"21207",0.1302380621,0.0005063576,10.12715202,72.28,0.152468077,0.0712349026,10156.55,7.1,0.254,5.4,4.5,0.104,0.165,0.142,0.368,0.243,0.6365499573,0.0010703019,0.0003379901,0.349,0.297,56.4037000827254,86.485673460179
"21209",0.0808714086,0.0004874815,9.1646517432,67.16,0.097329036,0.0428413692,9883.84,8,0.176,4,3.7,0.141,0.116,0.108,0.38,0.211,0.6329468128,0.0004004244,0.0004004244,0.321,0.254,19.5247671671515,15.6198137337212
"21211",0.1183130332,0.0004679666,11.810584958,67.51,0.1421340732,0.0615756924,10163.45,8.1,0.185,4.3,3.8,0.128,0.128,0.115,0.354,0.203,0.7445928602,0.0009046499,0.0006106387,0.34,0.274,31.1750777521284,10.3916925840428
"21213",0.095545294,0.0004487827,14.585437002,102.23,0.1149348797,0.0485040798,12962.73,7,0.216,4.7,4.1,0.115,0.143,0.128,0.385,0.234,0.7569111791,0.0007868263,0.0003372113,0.387,0.268,57.8088578088578,18.6480186480186
"21215",0.081556816,0.000565995,7.9239302694,68.49,0.0933511825,0.051086454,11292.19,8.8,0.154,3.9,3.6,0.142,0.111,0.103,0.347,0.188,0.4911200985,0.0003968929,0.0003968929,0.353,0.279,62.0312411887441,52.6325682813587
"21217",0.1066898527,0.0006334877,17.024983173,63.98,0.1276836959,0.0536585366,10625.61,7.1,0.226,5,4.3,0.113,0.154,0.136,0.388,0.245,0.6894174282,0.0013793663,0.0006491136,0.337,0.339,42.4820115232456,18.58588004142
"21219",0.1394698795,7.98722e-05,16.773162939,98.04,0.1608658744,0.0947826087,10164.88,7.4,0.232,5,4.3,0.113,0.151,0.132,0.384,0.236,0.3756019262,0.0001599616,0.000399904,0.347,0.392,45.2681472013634,47.9309793896789
"21221",0.1171114317,0.0002828454,18.384952623,61.34,0.1351684977,0.0700031676,10033.62,7.6,0.204,4.6,4,0.113,0.136,0.123,0.363,0.21,0.6066671316,6.99643e-05,0.0002798573,0.356,0.299,39.8425049217212,32.8114746414175
"21223",0.0959034183,0.0003414523,12.519918051,72.29,0.114339269,0.0493023256,11182.64,7.1,0.19,4.4,3.9,0.126,0.13,0.118,0.366,0.215,0.5412646157,0.0002268603,0.0003402904,0.361,0.289,41.7124872018505,56.8806643661598
"21225",0.1113021729,0.0001978239,13.847675569,95.31,0.1315467699,0.0483870968,11107.74,6.7,0.239,5.2,4.5,0.116,0.161,0.141,0.396,0.264,0.5322849337,0.0001330761,0.0002661521,0.313,0.3,70.7276102908673,37.5740429670233
"21227",0.1157646306,0.0006973269,9.3807072887,64.59,0.1402122866,0.0506356623,11117.49,7.2,0.192,4.4,4,0.141,0.132,0.124,0.37,0.23,0.6028894826,0.0015544479,0.0007011912,0.324,0.241,62.7624895971865,16.0362308221886
"21229",0.1067608267,0.0003344761,14.215235388,57.74,0.1237217341,0.0645958348,9855.69,7.8,0.213,4.7,4.1,0.114,0.141,0.125,0.372,0.214,0.2089271998,0.0003368421,0.0003368421,0.325,0.298,86.3581914923253,66.8579547037357
"21231",0.118823886,0.0006833935,7.3220736112,95.65,0.1448196909,0.0457762052,10458.3,6.3,0.255,5.4,4.6,0.104,0.172,0.148,0.385,0.25,0.2823715947,0.0006770481,0.0003868846,0.401,0.345,64.9055624066983,22.7169468423444
"21233",0.1120930233,0.0001511031,18.887881535,94.79,0.1305576973,0.065266559,11720.54,8.1,0.22,4.6,4.1,0.121,0.139,0.123,0.386,0.219,0.0088099258,0.0002973536,0.0005947071,0.347,0.329,75.2671985548698,67.7404786993828
"21235",0.1048521449,0.0009013323,9.2949891558,93.24,0.13004047,0.0436870997,11166.12,6.6,0.267,5.6,4.6,0.116,0.171,0.144,0.402,0.269,0.8067457979,0.0104009394,0.0014259352,0.359,0.36,54.9358461051416,22.3467848563288
"21237",0.1072276892,0.0001386194,4.1585805378,101.97,0.1304041353,0.0472578763,10697.49,5.8,0.302,6.1,5.1,0.095,0.196,0.168,0.399,0.301,0.3680489463,0.0011037528,0.0011037528,0.328,0.32,59.8499148289674,23.0191980111413
"21239",0.1038173724,0.0007041427,14.082854125,41.28,0.117345947,0.070488252,8248.99,7.5,0.173,4.1,3.8,0.127,0.121,0.112,0.379,0.196,0.6628172741,0.0006726014,0.0003956479,0.309,0.25,65.2477456903864,10.4396393104618
"22001",0.1782664748,0.0003680825,8.6419357936,83.63,0.23440947,0.0528708831,11513.79,7.8,0.221,4.4,4.2,0.189,0.138,0.128,0.348,0.227,0.4110533728,0.0003215227,0.0001446852,0.338,0.361,36.845787031351,14.9519135779395
"22003",0.1772821464,0.0003111267,12.445066698,102.03,0.230836168,0.0602450076,10979.12,6.1,0.197,4.1,3.9,0.195,0.126,0.119,0.351,0.228,0.2539590126,0.0005482241,0.0001957943,0.353,0.304,57.1926221517424,14.2981555379356
"22005",0.1227723916,0.0003759752,5.5541788787,39.51,0.1588214058,0.0441608245,10921.88,7.5,0.167,3.7,3.6,0.213,0.113,0.107,0.329,0.188,0.8508790748,0.0005332494,0.0003933807,0.306,0.318,22.8000125400069,12.5400068970038
"22007",0.1782781594,0.0001736563,6.5121125293,54.99,0.2225749559,0.059169423,10116.86,6.5,0.199,4.1,4,0.18,0.127,0.123,0.332,0.214,0.5764911831,0.0001293828,0.0001725105,0.42,0.345,47.7824594935059,34.7508796316407
"22009",0.1806683323,0.0003159558,10.693887471,98.19,0.2356437413,0.0548786528,12768.18,6.1,0.247,4.6,4.5,0.182,0.146,0.137,0.379,0.246,0.1961352887,0.0001937093,0.0002663503,0.391,0.352,62.3244595174306,24.2822569548431
"22011",0.16616872,0.0004696392,13.536659484,106.46,0.2122749904,0.0605639821,12314.68,6.7,0.2,4.2,4.1,0.186,0.128,0.121,0.354,0.224,0.2804734392,0.0003317942,0.0001105981,0.328,0.282,48.7011495309069,11.945564979279
"22013",0.1611544322,0.0001440403,17.284839755,82.82,0.2054520445,0.0514815923,12433.27,5.5,0.257,4.8,4.4,0.146,0.155,0.141,0.379,0.244,0.1711837247,0,0.0003576282,0.391,0.353,76.8270431191779,48.0169019494862
"22015",0.1467469699,0.0004317789,7.9159470351,63.34,0.1872638393,0.0512015754,11559.12,7.4,0.203,4.1,3.8,0.196,0.123,0.114,0.337,0.213,0.8172065072,0.0004280303,0.0004038022,0.329,0.275,30.2088958514899,16.3074570525742
"22017",0.1645951696,0.0011480465,12.509748499,60.55,0.2136347355,0.0444493657,10838.45,5.3,0.232,4.4,3.9,0.169,0.138,0.127,0.387,0.234,0.8187818911,0.0016399424,0.0010671396,0.367,0.298,35.0484221621978,12.7808156005007
"22019",0.1717459652,0.0006744285,11.003833594,62.83,0.2233814649,0.0478028036,10300.18,7,0.197,4.1,4.1,0.183,0.125,0.123,0.343,0.246,0.7370569804,0.0009216779,0.0005018024,0.344,0.299,61.5605254968814,19.7873117668547
"22021",0.18482616,0.0004042854,17.182130584,213.14,0.2312556459,0.0692508711,14557.79,7.4,0.223,4.5,4.1,0.172,0.139,0.128,0.351,0.231,0.3158310304,0.000800881,0.000800881,0.382,0.331,3.3471682956219,33.471682956219
"22023",0.1611239552,0,11.977840994,59.99,0.1943437273,0.0707395498,8111.95,8.4,0.159,3.6,3.7,0.201,0.11,0.11,0.325,0.199,0.6654481649,0,0.00014828,0.335,0.307,29.6442687747036,29.6442687747036
"22025",0.2016785023,9.85125e-05,15.761993892,106.39,0.2493200363,0.0844463593,12890.97,6.5,0.231,4.4,4.1,0.174,0.139,0.129,0.356,0.237,0.3060440088,9.76753e-05,0.0007814026,0.329,0.357,6.54964631909877,6.54964631909877
"22027",0.1999629183,0.0003655862,10.358274433,100.85,0.2510883483,0.0683760684,12284.7,6.1,0.258,4.7,4.2,0.153,0.15,0.136,0.394,0.243,0.4332654842,0.0001801802,0.0004204204,0.354,0.31,20.2605506817675,20.2605506817675
"22029",0.2060810811,0.0003420307,14.169842666,103.77,0.2644021739,0.0770561107,12276.93,5.1,0.27,5.1,4.5,0.152,0.164,0.146,0.355,0.266,0.2500240131,9.78378e-05,0.0002935134,0.368,0.354,27.8460278460278,19.6560196560197
"22031",0.1752166991,0.0001842163,15.105740181,83.03,0.2249750374,0.0565601042,11808.47,6,0.234,4.6,4.3,0.153,0.146,0.137,0.379,0.235,0.5593487395,0.0001107706,0.0002215412,0.393,0.305,40.601892294253,7.38216223531873
"22033",0.1593964313,0.0009012604,12.465193861,33.16,0.2019805294,0.0434951346,9859.12,5.9,0.188,3.7,3.7,0.191,0.12,0.12,0.334,0.195,0.9476089974,0.0013588574,0.0009006642,0.322,0.269,42.0770361025454,10.9863664424053
"22035",0.1825367647,0.0004006945,10.685187659,153.27,0.2502765487,0.049325026,12619.91,3.6,0.379,6.1,5.1,0.133,0.208,0.176,0.44,0.33,0.0045108906,0.0002656395,0.0006640988,0.384,0.326,4.47968463020203,4.47968463020203
"22037",0.152742148,0.0003028315,7.5707868571,94.15,0.1851921275,0.0628019324,11541.08,6.5,0.213,4.2,4,0.17,0.13,0.12,0.379,0.228,0.2791236986,0.0018755069,0.0009630981,0.363,0.3,30.38641389672,57.3965595826932
"22039",0.1657348963,0.0005637982,10.089020772,116.16,0.219886184,0.0502123952,13897.26,6.4,0.246,4.8,4.4,0.176,0.148,0.136,0.349,0.25,0.545815678,0.0004169397,0.0003871583,0.396,0.34,24.7473297631186,35.6361548588907
"22041",0.2032353474,0.000342449,15.654811408,101.03,0.2609645291,0.0759985207,13268.4,6,0.251,4.8,4.3,0.157,0.152,0.14,0.347,0.24,0.2724514855,0.0003402849,0.0009236304,0.377,0.392,16.280811435642,9.76848686138517
"22043",0.1723655391,8.93495e-05,8.0414581844,75.74,0.2195644719,0.0593980466,11270.56,7.3,0.196,4,3.9,0.198,0.124,0.117,0.326,0.228,0.8094491013,4.53926e-05,0.0001361779,0.359,0.288,29.9594050062166,17.9756430037299
"22045",0.1759681723,0.0005411768,7.9823576367,49.68,0.2308111298,0.0534674953,10213.44,7,0.217,4.2,4.1,0.17,0.132,0.124,0.361,0.222,0.7367012561,0.0003925391,0.0003790032,0.348,0.32,33.3492568523709,10.3653095622234
"22047",0.1575552459,0.0002100399,7.8014822816,39.81,0.2011669908,0.0490510559,10874.69,6.8,0.231,4.2,4.1,0.174,0.135,0.127,0.378,0.237,0.4554766825,0.0002097881,0.0003596368,0.4,0.28,15.0317169227069,10.0211446151379
"22049",0.172920601,0.0001875703,16.256096036,101.15,0.2221837888,0.0535080535,11703.39,6.2,0.226,4.4,4.3,0.162,0.14,0.132,0.372,0.24,0.4325304166,0.0003723932,0.0001861966,0.331,0.34,20.848970060879,27.1036610791427
"22051",0.1828792078,0.000881308,7.2524304822,50.03,0.2259566462,0.0604528892,10132.02,7.6,0.199,3.9,3.7,0.189,0.124,0.115,0.367,0.191,0.9693401025,0.0012650454,0.0006302226,0.357,0.291,57.9296243068724,14.0041231811858
"22053",0.1738801453,0.0004447692,9.8484607809,102.8,0.2247026234,0.0597316233,11968.6,7.6,0.208,4.3,4.1,0.179,0.133,0.128,0.338,0.219,0.3596252453,0.0004153222,0.0002875307,0.401,0.298,38.2096649224662,11.6751753929758
"22055",0.1644868577,0.0010099981,7.978136511,59.26,0.2048533412,0.0592430909,10656.98,7,0.183,3.9,3.8,0.195,0.12,0.117,0.337,0.228,0.8848802679,0.0012909095,0.0007364249,0.32,0.274,25.1915192325927,13.5864373389264
"22057",0.1843020667,0.000428484,5.2030197919,77.06,0.2319290098,0.0612193694,10423.62,7.6,0.187,4,3.9,0.191,0.121,0.117,0.325,0.204,0.7597333832,0.0007103077,0.0002882408,0.409,0.328,58.6058619491219,21.1253688421254
"22059",0.1587105866,0.0004717299,15.499696745,145.27,0.2,0.0626245374,13674.18,8.2,0.202,4.2,4,0.189,0.128,0.122,0.342,0.226,0.1679650772,0.0002706909,0.0006090546,0.316,0.318,22.4265530387979,24.6692083426777
"22061",0.205658149,0.0006720289,14.070605036,71.01,0.2554334114,0.0644358132,10620.36,4.6,0.236,4.7,4.3,0.18,0.152,0.14,0.37,0.247,0.6101422916,0.00103345,0.0003585439,0.36,0.276,55.3201918700326,12.6046006792479
"22063",0.1546865531,0.0002136264,7.2190996751,70.78,0.1996363288,0.0503733876,12617.05,8.3,0.176,3.9,3.9,0.195,0.116,0.113,0.35,0.228,0.7129801759,0.0001939531,0.000141735,0.342,0.304,32.1399831203753,20.6088441382559
"22065",0.1963100461,0.0005066284,8.443806468,71.31,0.2622841965,0.0586870027,12762.53,4.8,0.352,5.7,5,0.141,0.195,0.169,0.409,0.318,0.6903994046,0.0005030603,0.0003353735,0.387,0.338,5.66829157691872,5.66829157691872
"22067",0.1837063646,0.0003736921,16.068759342,83.31,0.2403576323,0.0494620442,12382.22,4.6,0.272,5,4.6,0.141,0.163,0.148,0.394,0.26,0.768040316,0.0005174262,0.0005543852,0.391,0.341,39.8942801575824,32.4141026280357
"22069",0.1836812994,0.000587244,13.787468723,66.83,0.2385503065,0.0525495898,11433.64,5,0.239,4.7,4.4,0.168,0.149,0.14,0.385,0.242,0.5747611586,0.0009453728,0.0003832592,0.335,0.298,13.6189916839032,10.2142437629274
"22071",0.182689546,0.0008508535,10.017693589,44.82,0.2243394025,0.050448042,9702.74,4.8,0.231,4.5,4.2,0.197,0.145,0.136,0.38,0.231,0.9513275495,0.0020305507,0.0003485471,0.32,0.249,42.2503930067358,11.1915825418253
"22073",0.1698968284,0.0007932193,13.817367664,70.82,0.2244045223,0.0433597013,11923.83,4.9,0.225,4.3,4.2,0.163,0.137,0.133,0.341,0.233,0.719028103,0.0012546409,0.0010690052,0.349,0.304,43.0422794509339,11.2932713410866
"22075",0.1678781925,0.0001705975,9.3828634793,53.94,0.2110298255,0.070562636,10170.05,6.9,0.182,3.8,3.8,0.2,0.115,0.113,0.324,0.204,0.6522003298,0.000552017,0.0002123142,0.334,0.283,31.209215230097,28.3720138455428
"22077",0.1771638437,0.0003570472,8.0335624386,71.09,0.2209072978,0.0653030587,10428.53,7,0.204,4.1,4,0.169,0.128,0.123,0.351,0.213,0.1832733971,0.0003111249,0.0001777857,0.345,0.321,59.5628089820716,19.3579129191733
"22079",0.1633723312,0.0008453596,14.039007306,57.6,0.2119093633,0.0515368079,11033.34,5.8,0.239,4.7,4.3,0.168,0.148,0.131,0.367,0.25,0.7344791168,0.0018986913,0.0009794836,0.36,0.307,40.5182306871489,15.0999617467636
"22081",0.1766190076,0.0002307071,10.381820279,109.43,0.2258449304,0.0614272809,15070.38,6.4,0.246,4.6,4.3,0.157,0.146,0.136,0.371,0.239,0.4770652293,0.0005621767,0.000337306,0.371,0.308,42.0553601468114,38.2321455880104
"22083",0.1866849282,0.0006750241,11.571841851,95.65,0.2377442578,0.0717747949,13430.99,6.5,0.24,4.5,4.3,0.163,0.141,0.135,0.358,0.237,0.203522316,0.0003356187,0.0010548017,0.377,0.336,22.5370251126851,12.8783000643915
"22085",0.2099614891,0.0002066201,15.289888012,87.28,0.2691913273,0.0736306986,10773.39,6.8,0.223,4.5,4.2,0.17,0.139,0.132,0.35,0.234,0.1632897289,0.000453889,0.0001237879,0.372,0.351,20.65546681355,23.4095290553566
"22087",0.1749156639,0.0002251796,5.8546690986,92.18,0.2211637946,0.066053992,14787.36,6.2,0.211,4.3,3.9,0.2,0.132,0.123,0.359,0.239,0.7899267348,0.0029897429,0.0002529782,0.363,0.316,36.7594655623823,11.2528976211374
"22089",0.1394841832,0.0003033463,8.531614371,61.61,0.1760615158,0.0516175413,10396.24,6.8,0.175,3.8,3.7,0.195,0.115,0.111,0.347,0.195,0.7636604775,0.0005321474,0.0002090579,0.341,0.267,46.7839215041663,16.4375940420044
"22091",0.1942686155,0.0002825125,8.475374329,89.84,0.2427581864,0.0650306748,14720.49,6,0.268,4.9,4.4,0.146,0.157,0.143,0.386,0.253,0,0.0004597701,0.0007356322,0.389,0.334,53.023923146502,68.619194660179
"22093",0.1425030296,0.0003697199,9.2429984287,49.11,0.1791295068,0.0490288516,8925.83,6.7,0.207,4.1,3.9,0.167,0.125,0.119,0.365,0.21,0.3776581305,4.59728e-05,0.0001379184,0.374,0.354,30.7895992733655,30.7895992733655
"22095",0.1694319683,0.0002514573,5.2577437421,57.49,0.2169985933,0.0529040182,9467.16,5.7,0.213,4.1,3.9,0.171,0.125,0.118,0.377,0.226,0.64796185,0.0006626905,0.0002970682,0.385,0.323,48.0431931183845,9.15108440350181
"22097",0.1657443745,0.0007167688,8.1233798038,60.16,0.2179590155,0.0538066724,11567.8,6.1,0.263,4.9,4.4,0.157,0.155,0.14,0.383,0.252,0.5013072052,0.0004074101,0.0005272366,0.388,0.333,41.4324471835896,17.927501185207
"22099",0.1584106309,0.000168808,4.8766763575,53.69,0.2025444823,0.0507161649,10726.38,7.6,0.207,4.1,4,0.188,0.128,0.122,0.33,0.23,0.5420628834,0.0001700166,0.0001511259,0.383,0.326,29.359219419562,23.7372412328373
"22101",0.1949114748,0.0004890711,8.4646928257,71.32,0.2488975073,0.0633865248,11076.95,6.4,0.236,4.4,4.2,0.166,0.138,0.132,0.357,0.235,0.6178591034,0.0006350036,0.000485591,0.36,0.332,29.4643137009059,17.5532081622418
"22103",0.1500619692,0.0007566235,8.2577726794,65.85,0.1880772687,0.0585782781,12240.84,8.2,0.149,3.4,3.6,0.202,0.105,0.107,0.318,0.187,0.8155044066,0.0012255863,0.0005364519,0.294,0.232,43.7521164917034,16.1192008127328
"22105",0.1800592337,0.000377807,9.0516257507,83.88,0.2329241915,0.0513041074,14041.99,6.2,0.228,4.7,4.3,0.17,0.146,0.131,0.363,0.225,0.6172985293,0.000877109,0.0005501866,0.375,0.359,37.7738604885419,14.1651976832032
"22107",0.1987080103,0,8.281573499,84.94,0.2538203504,0.07716786,11654.94,2.3,0.331,5.7,4.9,0.122,0.191,0.168,0.403,0.288,0.2705635948,0.000203749,0.0008149959,0.338,0.356,0,6.90703135792237
"22109",0.1907687589,0.0003794296,5.5590851334,69.06,0.2427066801,0.0668566639,10387.52,7,0.204,4.2,4.1,0.194,0.131,0.123,0.368,0.227,0.8394689791,0.0010554417,0.0007272792,0.392,0.333,44.6994403747695,11.7630106249393
"22111",0.1879373542,0.0001774702,14.197613026,98.07,0.2358875626,0.0659675882,12560.59,6.8,0.233,4.6,4.2,0.162,0.146,0.134,0.343,0.233,0.3210246028,4.47547e-05,0.000179019,0.347,0.306,56.4133016627078,17.8147268408551
"22113",0.1677137768,0.0003354804,6.206387547,69.63,0.2160747453,0.0593126386,10846.58,8.1,0.184,3.9,3.9,0.191,0.121,0.118,0.339,0.219,0.6306832876,0.0001350143,0.000236275,0.325,0.296,25.1756702322875,16.7837801548583
"22115",0.1466942614,0.0003069132,8.2482927952,148.89,0.1904098042,0.0502331496,12918.61,6.3,0.195,3.9,3.8,0.205,0.118,0.115,0.339,0.221,0.7038827531,0.000874425,0.0009124434,0.328,0.279,13.5012633324975,14.7870979355925
"22117",0.1921553938,0.0004537009,10.802402454,74.13,0.2489968961,0.0568053505,14310.2,6.1,0.239,4.7,4.4,0.16,0.15,0.137,0.364,0.259,0.4568139417,0.0007109158,0.0002369719,0.35,0.388,49.6131611492997,10.7854698150651
"22119",0.1751238202,0.0006446334,12.644732601,78.42,0.2247225378,0.0540540541,11708.55,6,0.239,4.6,4.3,0.16,0.142,0.135,0.378,0.239,0.4955468731,0.0005162496,0.0004424996,0.35,0.341,37.180249851279,21.4819221362945
"22121",0.135504006,0.0001993223,7.9728921666,39.77,0.1704567416,0.0464406235,11119.18,7.1,0.202,4,3.9,0.189,0.123,0.118,0.355,0.213,0.9452244829,0,0.0002441704,0.386,0.313,34.5983925054559,18.6299036567839
"22123",0.2030339672,0.0003470716,22.559652928,230.93,0.2542559899,0.0875258442,12806.82,6.6,0.227,4.5,4.2,0.17,0.142,0.133,0.336,0.237,0.2690451568,8.7222e-05,0.0005233319,0.377,0.326,17.5013855263542,17.5013855263542
"22125",0.13867745,0.000584188,6.4909775412,53.2,0.1721506106,0.0623582766,11918.19,5.4,0.224,4.2,3.9,0.182,0.132,0.119,0.395,0.239,0.36544,0.0002590003,0.0001295001,0.32,0.283,21.6286363144804,21.6286363144804
"22127",0.1829527595,0.0005426304,11.530896018,104.54,0.2349947808,0.0586995786,12746.58,5.8,0.249,4.6,4.3,0.158,0.149,0.136,0.393,0.254,0.8001697904,6.75083e-05,0.0004050496,0.364,0.313,38.5277853322455,27.196083763938
"23001",0.1195912229,0.0008190618,9.0282948622,42.41,0.1427137696,0.0565514386,8428.64,7.2,0.134,3.6,3.9,0.194,0.107,0.117,0.33,0.183,0.8371617983,0.0038102673,0.0012174269,0.339,0.239,78.1936036391055,17.6866484421786
"23003",0.1492905153,0.0008495687,11.951560183,61.49,0.1732832618,0.0737354815,8719.13,6.9,0.157,4,4.2,0.166,0.118,0.123,0.345,0.187,0.425573953,0.0040254086,0.0009135679,0.347,0.3,79.7578436554077,22.5820400711094
"23005",0.1038026326,0.0015809755,12.786790689,34.37,0.1191878036,0.0567813053,8327.44,7.5,0.098,2.7,3.2,0.213,0.084,0.1,0.274,0.123,0.8353344647,0.0057416905,0.0011770641,0.238,0.156,103.332831342748,14.2488097030919
"23007",0.1376563303,0.0011882757,10.232373911,47.3,0.1595714847,0.0689061154,8453.08,7.7,0.128,3.6,3.9,0.19,0.106,0.119,0.336,0.169,0.5809607384,0.0023282505,0.0006886375,0.336,0.224,87.0216562754731,17.6246392456654
"23009",0.1511860532,0.0015357613,13.346497002,56.09,0.1684619622,0.0928710238,9406.3,7.5,0.109,3.2,3.7,0.187,0.097,0.113,0.277,0.177,0.6993458047,0.0030996445,0.0011851582,0.258,0.184,82.2168087697929,18.8794153471376
"23011",0.1057928023,0.0012798071,14.86227624,38.86,0.1234205592,0.0529361771,8242.7,7.5,0.127,3.6,3.8,0.176,0.108,0.113,0.332,0.206,0.7764897545,0.0038707867,0.0013865505,0.319,0.219,97.7209487213462,18.7712556865863
"23013",0.1416857876,0.000982962,13.106159895,43.58,0.1626996485,0.0785354205,7760.64,7.7,0.114,3.2,3.5,0.198,0.095,0.105,0.315,0.142,0.6325498289,0.0046270544,0.0006068268,0.24,0.199,86.4957465926554,12.5964679503867
"23015",0.1452314998,0.0012584138,13.169446883,41.62,0.1603491014,0.0984,8693.66,7.9,0.1,3,3.5,0.184,0.09,0.106,0.277,0.143,0.555271788,0.0016721427,0.0008214034,0.245,0.209,106.625451201737,17.6078726755163
"23017",0.1419320966,0.0006289528,11.181382997,55.92,0.1641234511,0.0725785397,8481.44,7.4,0.145,3.9,4,0.16,0.114,0.121,0.351,0.172,0.3622499265,0.0022172949,0.0004364754,0.323,0.254,103.658927188339,22.1294338941398
"23019",0.1426195801,0.0013101803,10.690028289,63.35,0.1649678482,0.069575232,9287.92,6.9,0.135,3.8,4,0.19,0.111,0.12,0.327,0.17,0.5841037402,0.0042252419,0.0016822722,0.307,0.233,97.5036455046031,15.4525866759527
"23021",0.1448834853,0.0009397392,14.096088335,56.2,0.1644690488,0.0812663185,8701.78,7.2,0.157,4,4.1,0.16,0.12,0.124,0.336,0.192,0.470544625,0.0019271198,0.0008759636,0.345,0.266,56.7725768876882,23.4921007811124
"23023",0.1089665978,0.0006848338,9.4164645456,37.53,0.1254381455,0.0583723903,7686.87,7.9,0.116,3.4,3.8,0.201,0.1,0.109,0.299,0.161,0.7583656816,0.001913575,0.0001428041,0.257,0.2,101.704259222295,17.1091277196384
"23025",0.1447593871,0.0005668159,10.945409769,59.85,0.1695002576,0.0686236766,9299.62,7.2,0.145,3.7,3.8,0.169,0.113,0.119,0.333,0.208,0.3744543157,0.0014505086,0.0007542645,0.337,0.265,77.9311867620891,20.7816498032238
"23027",0.1381167083,0.0007170111,9.2187139894,47.76,0.1578293644,0.0787101688,7958.1,7.4,0.132,3.5,3.8,0.183,0.105,0.117,0.319,0.164,0.4394369102,0.0019003595,0.0006163328,0.273,0.207,52.9254093182866,16.2190770491523
"23029",0.1775700935,0.0005658954,7.2308853119,67.99,0.2060373216,0.0910711392,8963.4,6.8,0.18,4.4,4.4,0.164,0.127,0.131,0.325,0.187,0.3854699294,0.0041627835,0.0009940975,0.297,0.276,95.165389080033,24.0527906466018
"23031",0.1096721776,0.0007921877,8.2208161028,46.4,0.1266269024,0.0583608468,8385.39,7.7,0.107,3.2,3.7,0.197,0.092,0.107,0.302,0.159,0.7762401652,0.0032642869,0.000416184,0.29,0.214,72.1757496133442,18.6259999002179
"24001",0.0753602196,0.000616844,17.545783529,60.28,0.0909045201,0.0283693224,10096.46,6.5,0.165,3.8,3.9,0.168,0.112,0.113,0.354,0.173,0.7431246421,0.0017137961,0.000856898,0.351,0.28,59.8170784608289,11.8720919082561
"24003",0.0655744676,0.0007159014,8.3908643126,48.92,0.0799913157,0.0276406109,8894.43,8.9,0.104,2.7,3.1,0.209,0.079,0.091,0.348,0.129,0.93376434,0.0012325841,0.0006693742,0.291,0.209,57.9737403954952,12.4994717485154
"24005",0.0839495644,0.0010279046,8.2232366901,48.94,0.1023581336,0.0329231504,9506.34,8,0.134,3.2,3.7,0.168,0.093,0.103,0.381,0.15,0.9629677937,0.0020582857,0.0006561241,0.297,0.238,68.3576588791601,10.2375267425157
"24009",0.0554921888,0.0005517972,6.952644764,53.17,0.0681306606,0.0244980095,8910.29,8.9,0.11,2.9,3.2,0.199,0.083,0.092,0.351,0.141,0.8749112546,0.0014588214,0.0003978604,0.307,0.22,40.4870220691077,16.562872664635
"24011",0.1051231599,0.0003687996,11.678652652,75.02,0.1296886864,0.0435589655,9964.85,8.2,0.145,3.3,3.6,0.17,0.098,0.109,0.334,0.182,0.7446924333,0.0003670511,0.0003670511,0.37,0.293,72.5897147530927,18.403026275432
"24013",0.0545412676,0.0005124233,9.4738723709,45.39,0.064612453,0.0288446825,9177.13,9.2,0.107,2.7,3,0.181,0.08,0.089,0.296,0.126,0.9009836419,0.0015218066,0.0005311403,0.294,0.22,75.1459680609756,15.1087131551168
"24015",0.0720780257,0.0004395261,7.0324174912,53.84,0.0876863335,0.0319393747,9910.95,8.4,0.153,3.6,3.6,0.169,0.101,0.101,0.358,0.16,0.8722554101,0.0014816559,0.0002845564,0.301,0.288,31.6292658749568,14.6733707667325
"24017",0.0605154283,0.0004135783,6.2036743846,59.34,0.0733065296,0.0296572057,9033.01,8.1,0.127,3,3.2,0.154,0.088,0.097,0.453,0.137,0.802839967,0.0009289303,0.0004448399,0.35,0.217,41.403492125789,11.8603753485333
"24019",0.0994352019,0.0003990423,10.436490883,66.59,0.1199895752,0.0427254957,9593.79,7.3,0.156,3.7,3.7,0.146,0.11,0.113,0.343,0.171,0.5118032988,0.0020514391,0.0004898959,0.351,0.328,102.435926328082,13.3166704226506
"24021",0.0671018841,0.0006648199,10.752026264,44.6,0.0811849183,0.0322869212,9490.87,9.2,0.109,2.7,3.2,0.184,0.081,0.093,0.336,0.124,0.9393577136,0.0015326686,0.0005964981,0.284,0.207,56.2700744517433,10.8159023885346
"24023",0.093980188,0.0005391017,13.81448162,46.03,0.1101860647,0.0448918964,8531.49,8.5,0.134,3.3,3.5,0.153,0.098,0.108,0.338,0.148,0.6632886999,0.0004683997,0.0006356854,0.308,0.288,28.0810531518174,8.98593700858157
"24025",0.0571597661,0.0006117431,7.8766917894,50.21,0.0689780101,0.0269754358,9572.58,8.8,0.104,2.6,3.1,0.184,0.08,0.093,0.356,0.146,0.9397939761,0.0011716791,0.0004293482,0.286,0.231,67.6351702885501,12.2730486519657
"24027",0.0524609149,0.0019658308,8.9238369912,39.6,0.0634023692,0.02674225,8562.65,9.2,0.088,2.4,2.8,0.167,0.071,0.083,0.328,0.1,0.9837469739,0.0020946878,0.0004990479,0.227,0.165,44.9703325216386,7.98034677842028
"24029",0.1029539531,0.0008577195,16.14530777,48.64,0.1195621133,0.0521613833,9344.92,8.6,0.14,3.2,3.5,0.167,0.093,0.106,0.321,0.14,0.517601624,0.0014540714,0.0005014039,0.299,0.261,78.9239475407634,67.1693170559688
"24031",0.1004618164,0.0013838654,8.8020053433,30.53,0.1260046023,0.0344132711,8492.12,9.4,0.097,2.6,2.7,0.149,0.077,0.085,0.343,0.083,0.9986313732,0.0024048936,0.000570486,0.206,0.163,49.2673067205659,7.22328034101657
"24033",0.1355990974,0.000524087,7.8170781597,42.72,0.1676451224,0.0444329168,8358.83,7.3,0.146,3.2,3.1,0.146,0.098,0.099,0.467,0.131,0.9859326863,0.0008684603,0.0003482829,0.332,0.234,34.2819611796545,5.69516938691132
"24035",0.0673117902,0.0003483321,8.1960495041,48.85,0.0800343348,0.0349854227,9066.92,9.2,0.113,2.8,3.4,0.186,0.081,0.095,0.336,0.142,0.7350516758,0.0008244533,0.00030917,0.292,0.23,42.4004103265515,19.1485724055394
"24037",0.0635105269,0.0003895563,6.8851805548,59.15,0.0780448765,0.0287034099,9449.42,8.8,0.125,3.1,3.5,0.2,0.088,0.097,0.347,0.149,0.6850719442,0.0009121341,0.0003192469,0.342,0.242,52.8018151755434,11.4655370095466
"24039",0.1065830721,0.00030937,10.05452647,54.53,0.1302145175,0.0379969251,9306.19,5.6,0.201,3.9,4.1,0.151,0.122,0.126,0.427,0.203,0.1290139781,0.0014463518,0.0005709283,0.447,0.296,42.3620025673941,43.6456996148909
"24041",0.0959277994,0.000876657,13.813989321,49,0.1134130921,0.0459912136,9318.33,8.6,0.12,3,3.4,0.16,0.09,0.102,0.313,0.135,0.7589857604,0.0032163666,0.0009227281,0.283,0.206,127.336717188688,11.4956758573121
"24043",0.0813319693,0.0006017129,12.635970396,53.93,0.1002682143,0.0329676708,9342.98,7.8,0.135,3.2,3.7,0.164,0.094,0.105,0.357,0.171,0.8068032287,0.0017849025,0.0005414873,0.341,0.264,65.5159043200385,14.7076519902127
"24045",0.1072118674,0.0007386324,9.7499482957,54.9,0.1318389306,0.0404606824,9478.14,7,0.155,3.5,3.9,0.168,0.104,0.114,0.368,0.18,0.8246888072,0.0019425944,0.0014569458,0.364,0.273,67.2561145650498,9.84235822903168
"24047",0.1021292141,0.0008127721,18.384131592,44.98,0.1192352498,0.0495388123,9590.94,7.8,0.142,3.3,3.5,0.163,0.097,0.104,0.319,0.153,0.8581451393,0.0018403719,0.0006586594,0.308,0.256,60.709787838667,8.39603448832628
"24510",0.0982885785,0.0009264716,9.6982464479,55.36,0.1204022809,0.0310944729,9824.68,5.9,0.196,3.8,3.9,0.169,0.118,0.126,0.431,0.213,0.9941783784,0.002968957,0.0018132017,0.336,0.263,58.1225297924838,8.24964938990093
"25001",0.0407912214,0.0009957471,12.097862401,36.33,0.0469437817,0.0201308505,8890.29,8,0.092,2.9,3.6,0.203,0.088,0.108,0.289,0.121,0.8849820277,0.003962975,0.0006930555,0.205,0.171,96.703542329919,14.1252365201005
"25003",0.0402739614,0.0010876743,11.420580352,40.5,0.0470124719,0.0186238571,8534.91,7.9,0.127,3.4,4.1,0.184,0.101,0.119,0.334,0.151,0.7898094026,0.006050083,0.000810279,0.228,0.219,107.736294700203,12.9490738822359
"25005",0.0430374255,0.0005359134,8.6070942666,63.22,0.0526414662,0.0155549006,9450.35,8,0.153,4,4.6,0.203,0.119,0.129,0.392,0.186,0.9507154126,0.0036090307,0.0005969825,0.291,0.267,78.1970324797175,11.8407497298265
"25007",0.0472298568,0.0008642544,21.3182761,45.24,0.0527892175,0.0304308527,9374.86,8.2,0.121,3.2,3.9,0.201,0.097,0.115,0.328,0.146,0.8041124887,0.0041724618,0.0004636069,0.209,0.194,50.0857236423879,73.2022114773362
"25009",0.0398925445,0.0007931441,8.9976348703,58.26,0.0484768341,0.0167275906,9285.38,8.6,0.161,3.7,3.8,0.204,0.108,0.113,0.361,0.148,0.9672479241,0.0040980919,0.0006806111,0.256,0.224,101.920366913321,8.49336390944341
"25011",0.0358335072,0.0007761565,12.136264853,52.72,0.041132884,0.0179952409,7911.87,8.2,0.124,3.5,4,0.197,0.103,0.117,0.318,0.154,0.7223420949,0.0058269331,0.0004914281,0.233,0.186,94.5064038667695,13.6352522991856
"25013",0.0420162613,0.0007006137,8.8644718377,59.54,0.0513245268,0.0171799974,8630.56,8,0.189,4.4,4.5,0.182,0.132,0.132,0.38,0.183,0.9356016311,0.0056599453,0.0009928978,0.276,0.249,112.219717388367,10.6672735160045
"25015",0.0384891371,0.0014104723,9.2581661375,43.98,0.0446090517,0.017322239,7992.47,8.1,0.116,3.3,3.9,0.235,0.098,0.115,0.289,0.145,0.8565156883,0.0065352515,0.0006391138,0.203,0.177,75.1307004381241,10.1696251974256
"25017",0.0318222908,0.0012755403,9.412124319,49.21,0.0381266594,0.0133703825,9120.9,8.8,0.114,3,3.4,0.203,0.087,0.099,0.328,0.122,0.9657564276,0.0043778924,0.0006955169,0.225,0.203,69.3250324536304,7.94349330197848
"25019",0.0511533533,0.0005526898,17.501842299,34.19,0.0577085088,0.0313843508,8469.19,8.6,0.114,3,3.6,0.222,0.089,0.104,0.332,0.145,0.9408179316,0.0029810559,0.0006731416,0.229,0.194,49.7203231821007,37.2902423865755
"25021",0.0272092754,0.0012784325,9.8518751788,49.58,0.0327643661,0.0123469433,9518.59,8.8,0.104,2.9,3.2,0.196,0.083,0.097,0.329,0.123,0.9574465231,0.0042933868,0.0007269534,0.206,0.198,85.5940453133045,7.70683581886816
"25023",0.0337798919,0.0006331086,8.1258801393,56.52,0.0416015014,0.0137634697,9741.63,8.3,0.133,3.3,4.2,0.205,0.098,0.115,0.377,0.172,0.8582454907,0.0038333184,0.0005319626,0.288,0.236,70.4257797845103,9.54368043808784
"25025",0.0532584774,0.0015079752,9.9054550384,54.07,0.062607873,0.0171781285,9271.86,7.6,0.159,3.5,3.8,0.218,0.109,0.123,0.35,0.15,0.9962951319,0.0059827691,0.0020423479,0.21,0.19,53.1970838957998,5.69347875028576
"25027",0.0352930591,0.0010313777,9.0230185316,51.98,0.0425710015,0.0154373928,9389.79,8.3,0.122,3.1,3.6,0.193,0.093,0.11,0.359,0.158,0.9120019736,0.0035570123,0.0009529036,0.272,0.221,74.2153325928183,9.42026848584338
"26001",0.1336187805,0.0004782858,16.261718003,34.65,0.149787862,0.0711297071,8654.83,7.5,0.13,3.5,3.7,0.161,0.104,0.111,0.305,0.159,0.7666788521,0.0003781433,0.000567215,0.318,0.243,79.6660399604856,38.2396991810331
"26003",0.1164448669,0.0004228777,16.915107305,42.54,0.1359163592,0.0518713066,7850.46,6.6,0.133,3.5,3.7,0.19,0.105,0.109,0.325,0.171,0.8999062598,0.0006301197,0.0008401596,0.297,0.233,63.4607248625018,88.1398956423636
"26005",0.0921590874,0.0002635116,11.682345604,47.71,0.1149822721,0.0389361775,8825.68,8.6,0.124,3.4,3.6,0.206,0.1,0.107,0.295,0.172,0.6533103547,0.0006487101,0.000302139,0.304,0.221,65.6885716547948,14.076122497456
"26007",0.1116674791,0.0009314199,17.59348696,48.29,0.1319383389,0.0503882657,9521.52,7.7,0.141,3.6,3.8,0.2,0.109,0.114,0.328,0.189,0.7867761335,0.002234368,0.000962497,0.308,0.207,63.3042517437444,16.1138095347713
"26009",0.1249060748,0.0004297933,12.893798083,40.79,0.1468477506,0.0618736383,8586.39,8.2,0.124,3.4,3.7,0.191,0.103,0.11,0.316,0.161,0.5777777778,0.0003851091,0.0002995293,0.34,0.287,37.254087203221,20.0598931094267
"26011",0.124576845,0.0003908031,11.072754511,87.53,0.1467036011,0.0554803789,10413.33,7.8,0.137,3.7,3.9,0.19,0.112,0.117,0.335,0.179,0.5843134788,0.0010976948,0.0008394137,0.328,0.269,67.2436606581202,10.8457517190516
"26013",0.1206302314,0.001155535,12.71088514,79.3,0.1435599284,0.0604105572,9159.77,7.1,0.141,3.6,3.8,0.202,0.109,0.113,0.338,0.186,0.5893905192,0.0008050604,0.0003450259,0.337,0.233,69.4337293627527,77.1485881808363
"26015",0.088100569,0.0003711138,11.133415428,52.95,0.1067991395,0.040625,8850.26,8.6,0.111,3.2,3.5,0.218,0.095,0.104,0.313,0.17,0.6824227266,0.000862988,0.000456876,0.322,0.22,58.52823987574,20.2597753416023
"26017",0.0889082058,0.0005274113,11.866753313,65.93,0.1072249487,0.0370129589,11126.11,7.6,0.134,3.4,3.7,0.211,0.104,0.11,0.299,0.177,0.859609728,0.0017410514,0.0004025011,0.382,0.271,42.0497693538771,18.8282549345718
"26019",0.1259723586,0.0003995662,15.411838575,46.73,0.1464102306,0.0664756447,8473.57,8.4,0.119,3.3,3.6,0.191,0.099,0.106,0.303,0.156,0.8976319544,0.0009754418,0.0003442736,0.283,0.238,103.045569040531,87.7795588123044
"26021",0.1212000224,0.0008567766,12.690600581,40.56,0.1478574017,0.0518551507,8894.57,6.9,0.144,3.6,3.8,0.19,0.111,0.116,0.333,0.17,0.7789724066,0.0013784041,0.0005346147,0.329,0.263,55.2544391674425,16.5548319684555
"26023",0.1138539624,0.0004822597,12.630612011,70.92,0.1411295248,0.0494117647,9281.41,7.6,0.144,3.6,3.8,0.208,0.111,0.116,0.349,0.185,0.5177908416,0.0011684116,0.0003436505,0.321,0.297,38.9735438414159,19.8688654877806
"26025",0.0987034183,0.0005560581,11.788431027,57.1,0.1220977635,0.0399627387,9857.83,6.9,0.15,3.7,3.8,0.189,0.112,0.115,0.365,0.187,0.7025252303,0.002155364,0.0007925221,0.337,0.267,59.6233585021425,17.3179879466804
"26027",0.1194649446,0.0001937684,9.8821888079,47.67,0.1429135542,0.0548700446,9453.74,8.2,0.136,3.3,3.7,0.203,0.101,0.108,0.322,0.165,0.6119557111,0.0008090927,0.0002119052,0.324,0.235,48.9769614950862,16.7552763009505
"26029",0.110669415,0.000918801,16.844684354,44,0.1291386361,0.0594653573,8315.51,8.1,0.123,3.4,3.6,0.193,0.101,0.109,0.304,0.165,0.749624263,0.0008037047,0.0003444449,0.301,0.197,66.2521659361941,19.1112017123637
"26031",0.1346083312,0.0005452775,14.41090555,43.54,0.1579846869,0.0595816607,9196.35,7.1,0.143,3.7,3.9,0.184,0.114,0.118,0.312,0.18,0.7757341695,0.0004664542,0.0001943559,0.32,0.268,24.7305669807883,20.8257406154006
"26033",0.1333916466,0.0006001931,12.003862112,67.41,0.1607883817,0.0591863517,9378.48,6.4,0.16,4,4,0.212,0.12,0.121,0.346,0.207,0.8540238837,0.0014730205,0.0006460616,0.35,0.278,39.9826162538027,14.7761842677097
"26035",0.1347774781,0.000326243,12.397233459,70.34,0.1619761999,0.0556168268,9929.47,7.1,0.164,4.1,4.1,0.174,0.127,0.128,0.336,0.203,0.7390868525,0.0007851091,0.0003925545,0.34,0.253,45.7645956371085,21.7926645890993
"26037",0.0680985937,0.0003622392,8.6678655058,48.56,0.0823160465,0.0319298625,9054.65,8.4,0.111,3.2,3.3,0.217,0.093,0.1,0.293,0.16,0.7103950545,0.0006515592,0.0001954678,0.298,0.214,48.8277030238608,9.50627846482245
"26039",0.1095877185,0.0010185522,10.913059294,33.26,0.1292842742,0.047008547,9199.82,7.3,0.131,3.5,3.7,0.186,0.105,0.111,0.303,0.173,0.9406707404,0.000863061,0.0007192175,0.32,0.236,62.7261761158022,82.0265379975875
"26041",0.1054111033,0.0006291201,16.958888372,42.61,0.125790318,0.0481549333,7823.48,7.3,0.137,3.6,3.8,0.191,0.11,0.114,0.315,0.181,0.8561061804,0.0013006368,0.0005961252,0.318,0.215,56.4452253712184,14.5665097732176
"26043",0.0914631174,0.0008860808,18.492121586,39.41,0.1088935119,0.0415359055,8328.79,7.4,0.123,3.4,3.6,0.193,0.103,0.109,0.304,0.172,0.9049984714,0.0019158556,0.0011878305,0.291,0.225,68.085762367843,12.8463702580836
"26045",0.0796047122,0.0003868151,11.143959698,48.11,0.0962350033,0.0345024237,9413.45,7.9,0.129,3.3,3.5,0.202,0.097,0.104,0.334,0.158,0.640911664,0.0010244767,0.000230738,0.376,0.246,53.4188034188034,14.1222123980745
"26047",0.1114942964,0.0011745573,17.166606433,32.7,0.1319409068,0.0548098434,8352.95,7.5,0.12,3.3,3.5,0.203,0.098,0.105,0.308,0.158,0.8596990273,0.0017803259,0.0015992758,0.296,0.186,41.2039596000201,22.1094417365961
"26049",0.0873819095,0.0009179089,9.7119122295,58.29,0.1090570054,0.0317495293,11557.35,6.3,0.159,4,3.9,0.183,0.12,0.121,0.35,0.187,0.8370323399,0.0019668926,0.0004622318,0.312,0.272,59.7198011492027,13.5580089095487
"26051",0.1238619521,0.0003935304,9.8382590217,62.11,0.1476877176,0.0553141051,10067.3,7.6,0.146,3.8,3.9,0.177,0.116,0.119,0.318,0.185,0.6226062588,0.0007453026,0.0003138116,0.351,0.288,57.8429825945207,21.033811852553
"26053",0.1224395645,0.0010802567,15.886128233,44.53,0.1432839388,0.0547945205,7770.77,6.9,0.154,3.8,3.9,0.188,0.116,0.119,0.335,0.188,0.8419674925,0.0013822568,0.0005654687,0.334,0.233,82.830685583213,25.4863647948348
"26055",0.0966901687,0.0014430173,11.896631491,42.5,0.1161940285,0.0417303577,8558.12,8.1,0.115,3.2,3.5,0.226,0.097,0.105,0.314,0.167,0.9151587612,0.003211575,0.0016113439,0.277,0.198,45.8875571300086,17.2537214808832
"26057",0.0964213054,0.000576023,12.960518421,55.91,0.1173230897,0.0435524221,9611.2,7.7,0.14,3.5,3.6,0.21,0.107,0.111,0.344,0.183,0.5893916565,0.0010722455,0.0008101411,0.351,0.208,55.9226031172857,12.782309283951
"26059",0.1139511285,0.000283657,11.564477417,63.5,0.1387276702,0.0490346014,9043.55,7.9,0.134,3.7,3.8,0.193,0.112,0.116,0.322,0.192,0.4737834133,0.0008025856,0.0003470641,0.323,0.281,31.1883486132065,14.5062086573053
"26061",0.1062442084,0.0008768324,13.42649678,55.99,0.1278693278,0.048447365,8073.32,7.2,0.146,3.9,3.9,0.213,0.118,0.119,0.324,0.183,0.7225346729,0.0016563147,0.0006901311,0.324,0.205,28.4142988084326,11.9156736938588
"26063",0.1110564909,0.000717293,19.33572431,53.18,0.1313984748,0.0534595998,10915.39,7.1,0.137,3.5,3.6,0.188,0.105,0.11,0.32,0.162,0.5289570626,0.000682721,0.0004344588,0.304,0.259,83.1842948051408,14.5572515908996
"26065",0.0981231845,0.0010612056,14.758487887,47.39,0.1184643799,0.0377063105,9655.58,6.1,0.137,3.6,3.8,0.212,0.113,0.117,0.318,0.183,0.9244059168,0.0028061821,0.0009141351,0.298,0.211,44.3193289725302,13.2488999309416
"26067",0.0966481109,0.0003266246,9.3321305254,55.31,0.1224965973,0.0348648824,8807.3,8.2,0.128,3.3,3.5,0.21,0.101,0.107,0.316,0.185,0.7316954855,0.0008583959,0.00039018,0.375,0.221,27.0003634664313,17.1348460460045
"26069",0.1204421713,0.0005900865,14.948859166,36.31,0.1432983767,0.0475555556,9274.52,6.8,0.147,3.7,3.9,0.174,0.112,0.115,0.33,0.172,0.8680805037,0.0012190806,0.0007471784,0.342,0.23,80.0587972806258,24.9363466939654
"26071",0.1127003699,0.0007025555,17.563888645,68.22,0.1308023608,0.0539014374,8874.71,7.6,0.127,3.5,3.7,0.174,0.105,0.111,0.299,0.16,0.4581535077,0.0010420285,0.0002605071,0.293,0.194,46.7139645557794,40.874718986307
"26073",0.1170014423,0.0005097995,9.204712813,63.34,0.1365238733,0.0475107801,9395.46,6.9,0.17,4.2,4.2,0.228,0.133,0.132,0.331,0.223,0.7426718437,0.001689477,0.0005820887,0.303,0.207,27.8630460448642,7.55608028335301
"26075",0.0943080624,0.0005258512,9.2023963791,53.88,0.1176166259,0.0351572104,10272.86,6.9,0.141,3.6,3.7,0.199,0.109,0.112,0.355,0.197,0.6798087964,0.0018083295,0.0007420387,0.344,0.239,46.7051984553924,15.4293959182993
"26077",0.091004242,0.0009775209,11.127510451,40.49,0.111975136,0.0335176578,8594.67,6.8,0.142,3.8,3.8,0.215,0.113,0.115,0.304,0.158,0.7479177569,0.0027656052,0.0010478138,0.317,0.19,60.1954612364431,12.1164311696481
"26079",0.1259820026,0.0004024376,9.7734851098,44.88,0.1518446602,0.0553268142,8559.2,7.7,0.141,3.7,3.9,0.19,0.112,0.118,0.331,0.186,0.7508890573,0.0003489184,0.0005815306,0.331,0.229,57.8592092574735,65.5737704918033
"26081",0.1071111495,0.0009106267,12.173473588,36.9,0.1349144084,0.0396392527,9023.19,7.8,0.126,3.5,3.4,0.221,0.107,0.107,0.319,0.157,0.9151059868,0.0020781728,0.0011999357,0.294,0.199,55.2639582558419,11.1269714609078
"26083",0.1036745407,0.00045106,4.5105999098,NA,0.1182608696,0.0641975309,8490.72,7.3,0.128,3.5,3.7,0.174,0.105,0.111,0.3,0.159,0.0663265306,0,0,0.301,0.227,15.2068126520681,15.2068126520681
"26085",0.1333167516,8.81756e-05,14.989859801,70.05,0.1539209332,0.0669014085,10246.68,6.3,0.189,4.4,4.3,0.157,0.139,0.138,0.344,0.209,0.9606551694,0.0004391358,0.0004391358,0.31,0.217,40.9944071915903,17.5690316535387
"26087",0.0960452753,0.000397037,9.4154481413,72.8,0.1169019586,0.0396510706,11606.47,8,0.12,3.2,3.4,0.21,0.096,0.102,0.3,0.172,0.5083617342,0.0011426761,0.0002036452,0.324,0.239,31.7082837891399,17.3640601702433
"26089",0.1191762537,0.0003194159,15.514487794,34.12,0.1363750313,0.0681932562,7543.79,8.3,0.112,3.2,3.5,0.189,0.093,0.102,0.284,0.144,0.6780449604,0.0003678668,0.0001839334,0.291,0.228,76.1695839617324,15.2339167923465
"26091",0.0937528078,0.0002725979,12.418346845,47.6,0.1167483171,0.0339940802,8934.61,7.8,0.126,3.3,3.6,0.216,0.101,0.109,0.328,0.164,0.708375045,0.0016130984,0.000373029,0.344,0.233,52.8961483517964,14.8243982641977
"26093",0.0709784601,0.0004957003,7.6510269618,46.95,0.0869243493,0.0298884492,9851.91,8.6,0.092,2.7,3.2,0.233,0.081,0.093,0.299,0.147,0.8670696867,0.0013337454,0.0002493995,0.282,0.197,31.039463178764,14.7123467090095
"26095",0.1253419547,0.0012449424,18.674136321,79.24,0.1508548441,0.0532598714,9542.4,7.1,0.16,3.8,3.9,0.195,0.117,0.117,0.352,0.2,0.547277937,0.0012303906,0.0004613965,0.337,0.263,31.0189732719847,62.0379465439694
"26097",0.158801956,0.0010867596,19.923926825,71.85,0.1846032993,0.0715396579,9725.33,6.5,0.155,3.9,4,0.181,0.118,0.123,0.333,0.191,0.8948078827,0.0008136697,0.0004520387,0.301,0.237,78.8045949140727,39.4022974570363
"26099",0.0995149911,0.0005789944,5.8248228138,59.77,0.1208280074,0.0404465396,11878.19,7.5,0.144,3.6,3.7,0.209,0.103,0.105,0.348,0.196,0.9280991893,0.0013301839,0.0003462924,0.325,0.255,42.252631195389,14.536455686487
"26101",0.1186014625,0.0005323505,13.513513514,56.46,0.1412058024,0.0503660972,8635.95,7.6,0.133,3.5,3.7,0.183,0.108,0.113,0.312,0.178,0.8271540048,0.0009815951,0.0004498978,0.341,0.251,66.8203079188883,15.0004772879137
"26103",0.0896916434,0.0010934452,16.992730067,32.23,0.1067216108,0.0348846366,7596.28,7.4,0.128,3.6,3.7,0.226,0.107,0.11,0.31,0.186,0.8829703177,0.00183161,0.0010044313,0.308,0.209,71.0791693609292,15.3017656263111
"26105",0.1110668084,0.0008326395,15.95892312,44.85,0.1333054243,0.0492923377,8881.93,8,0.133,3.6,3.8,0.187,0.108,0.114,0.324,0.179,0.6714509667,0.0026219192,0.0004894249,0.307,0.249,59.1564979353222,17.3989699809771
"26107",0.1070534351,0.00053258,12.272495716,43.19,0.1269115624,0.048,8566.64,6.6,0.15,3.9,4,0.209,0.119,0.122,0.333,0.189,0.6442590775,0.0011134824,0.0003247657,0.354,0.261,30.9212204605716,13.1415186957429
"26109",0.1010871329,0.000463861,13.494138484,49.8,0.1197927908,0.0471193416,8430.78,8.1,0.13,3.5,3.8,0.194,0.105,0.112,0.32,0.174,0.6057680303,0.0006304905,0.0002521962,0.341,0.245,46.4442036226479,21.1110016466581
"26111",0.0846461561,0.0010068683,11.147470243,48.1,0.1017923971,0.0385486334,9329.27,7.7,0.124,3.2,3.4,0.207,0.097,0.103,0.331,0.16,0.8357627139,0.0016682754,0.0007507239,0.327,0.222,45.0238666337289,10.7579150363777
"26113",0.1307011009,0.0002660105,13.300525371,46.82,0.157694085,0.0639777469,9038.82,7.8,0.137,3.6,3.7,0.199,0.109,0.114,0.32,0.185,0.6564078389,0.0001993223,0.0001328815,0.307,0.239,66.6800026672001,71.1253361783468
"26115",0.0777082438,0.0003403994,9.4110422896,85.42,0.0945287078,0.0326963785,11144.09,8.1,0.116,3.2,3.6,0.229,0.094,0.104,0.341,0.175,0.7804645411,0.0011304995,0.0002925999,0.325,0.262,49.8034542252895,14.2295583500827
"26117",0.1116842252,0.0004293006,13.674017776,63.23,0.1387255989,0.0442377192,9716.54,7.7,0.148,3.7,3.9,0.199,0.113,0.117,0.348,0.193,0.6016229358,0.0013152682,0.0006655574,0.349,0.256,37.0482103068121,13.7607638282445
"26119",0.1277152981,0.0009677419,13.978494624,47.78,0.1464993136,0.0610583446,8751.21,7.6,0.136,3.6,3.8,0.175,0.109,0.114,0.311,0.171,0.7949820789,0.000855615,0.0010695187,0.311,0.263,89.5768390125049,53.746103407503
"26121",0.1018227708,0.0006440607,11.778768045,25.94,0.1296283452,0.0333791665,9307.5,6.2,0.152,3.8,4,0.193,0.118,0.12,0.343,0.199,0.7336051293,0.0014209862,0.0008186751,0.341,0.258,49.2112635670029,14.7246300436702
"26123",0.1200708564,0.0003966597,13.987473904,38.3,0.1478601997,0.0502691439,8978.38,8.2,0.144,3.8,3.9,0.195,0.116,0.119,0.33,0.193,0.7432728023,0.0012291411,0.0005416554,0.37,0.218,43.1007514824573,14.5986416311549
"26125",0.0847076577,0.001464615,8.0703273693,56.88,0.1022320302,0.0373231597,11286.7,7.7,0.12,3.1,3.5,0.2,0.09,0.101,0.345,0.136,0.9399548555,0.0025283362,0.0007112468,0.264,0.194,51.4842885361651,13.2819226835842
"26127",0.1541898379,0.0005339232,12.966706075,53.9,0.1868744542,0.0769349606,8974.02,8,0.164,3.9,3.9,0.189,0.122,0.122,0.318,0.194,0.8665412119,0.0001905125,0.000381025,0.323,0.21,42.0002290921587,16.5455447938807
"26129",0.1270543616,0.0003327154,15.209848377,70,0.1511725293,0.0547711782,11080.23,7.8,0.148,3.9,3.9,0.181,0.117,0.12,0.32,0.183,0.6172173833,0.0003767543,0.0010831685,0.362,0.263,77.5193798449612,20.5663660813162
"26131",0.1246709739,0.0003240441,17.82242385,47.56,0.1403560831,0.0601156069,8050.78,6.6,0.137,3.5,3.8,0.162,0.108,0.114,0.307,0.165,0.7110619469,0.0001581778,0.0003163556,0.329,0.231,64.8613588454678,54.0511323712232
"26133",0.1138554869,0.0003021278,15.969614571,57.36,0.1388993734,0.0517587024,9390.57,7.2,0.153,3.9,4,0.189,0.119,0.121,0.312,0.201,0.5179785787,0.0005589234,0.0005159293,0.33,0.244,37.4176093025933,17.2696658319662
"26135",0.1452658885,0.0002389201,20.308206905,49.48,0.1692972973,0.0734669095,9034.35,7.6,0.154,3.9,4,0.17,0.119,0.123,0.314,0.186,0.9243055556,0.0004773839,0.000358038,0.339,0.241,51.9979200831967,39.9984000639974
"26137",0.1078339576,0.0006209123,12.832188095,47.84,0.1295040271,0.0495327103,9298.51,7.9,0.116,3.2,3.6,0.208,0.096,0.105,0.311,0.167,0.7511173647,0.0013676489,0.0009117659,0.314,0.212,46.8706920319824,20.6782464846981
"26139",0.0801249371,0.0006225298,12.052466231,34.19,0.0993874788,0.0360174545,8806.5,8,0.103,3,3.4,0.211,0.09,0.1,0.306,0.15,0.8333706089,0.0013054591,0.0003923711,0.293,0.203,50.9078977209668,9.65078629781361
"26141",0.1307416658,0.0002306982,19.993848047,41.15,0.1512806079,0.0636281588,8818.97,7,0.128,3.4,3.7,0.174,0.103,0.111,0.297,0.158,0.7470843301,0,0.0004593477,0.338,0.249,92.528336803146,28.2725473565168
"26143",0.1340547039,0.0003339595,15.863076602,49.93,0.1561903307,0.0539385848,9924.16,6.6,0.156,4.1,4.1,0.167,0.123,0.126,0.324,0.188,0.9487504601,0.0006246356,0.0008328475,0.338,0.248,100.185064076697,23.6548067958868
"26145",0.0942302265,0.000881997,12.768445019,62.68,0.1173608067,0.0330367049,10191.92,6.9,0.149,3.7,3.9,0.194,0.114,0.118,0.363,0.177,0.7385009667,0.0016434146,0.0008649551,0.398,0.218,62.0660293642421,10.429828625947
"26147",0.09978493,0.0005122503,8.7457364535,64.36,0.1226725194,0.0369031975,10185.99,6.8,0.125,3.4,3.7,0.192,0.103,0.109,0.334,0.172,0.6775147203,0.0021063258,0.0004486848,0.347,0.273,44.1278709134886,14.7786737493287
"26149",0.1165062007,0.0003609753,14.439011584,65.11,0.1428450847,0.055031246,8658,7.9,0.148,3.7,3.8,0.208,0.11,0.113,0.333,0.189,0.593376295,0.0015418936,0.0004264812,0.313,0.311,42.0930639377241,12.573252864515
"26151",0.129056513,0.0002885517,11.542068435,71.65,0.1534422162,0.0654935444,10089.97,8,0.128,3.4,3.6,0.203,0.104,0.111,0.304,0.182,0.1329034652,0.0012194247,0.000334744,0.301,0.245,38.4353605316892,18.4169435881011
"26153",0.1218323587,0.0007343042,11.014563701,63.59,0.1415174766,0.0608974359,8778.54,6.6,0.152,4,4.1,0.177,0.121,0.126,0.326,0.191,0.7668827342,0.0013338184,0.0006062811,0.303,0.256,40.6652840470091,65.0644544752145
"26155",0.1028314638,0.0004352052,12.620950778,47.29,0.1248626702,0.0438634804,9555.36,7.5,0.135,3.4,3.6,0.2,0.103,0.108,0.327,0.17,0.6211074623,0.0010014514,0.0004208999,0.331,0.246,75.5623583205782,21.3124600391374
"26157",0.107666575,0.0003333333,15,69.97,0.1290243152,0.0470110764,10785.58,7.8,0.127,3.5,3.7,0.206,0.105,0.109,0.322,0.173,0.4272461376,0.0022667379,0.0003685753,0.317,0.285,59.8617625277709,9.2569735867687
"26159",0.1168195231,0.00054522,11.835263767,56.76,0.1431569078,0.0525953025,9317.81,8.1,0.155,3.7,3.8,0.204,0.112,0.116,0.333,0.192,0.5595871909,0.0008481877,0.0004903585,0.324,0.25,61.1347134421059,13.7331602659803
"26161",0.0766464003,0.0017625268,10.395825978,45.02,0.0906382848,0.0341550017,9155.72,7.3,0.115,3.1,3.4,0.215,0.095,0.103,0.311,0.143,0.9203691512,0.0039690605,0.0019704155,0.239,0.158,29.906709757251,9.0654713951667
"26163",0.1221393405,0.0006595633,7.2415973672,71.11,0.1545435206,0.0386066585,11472.37,6,0.175,3.8,4.1,0.182,0.12,0.126,0.413,0.215,0.9393974681,0.0019754708,0.0004985149,0.331,0.259,38.3438766414085,11.869241342247
"26165",0.1142835926,0.0010034665,13.683634373,49.2,0.1403834261,0.0484726079,8583.4,7.4,0.142,3.7,3.9,0.195,0.114,0.118,0.334,0.193,0.808645181,0.0015009956,0.0008270792,0.324,0.214,55.8182962226237,17.2529279233564
"27001",0.0909007184,0.0006974827,20.924481644,52.93,0.1004045605,0.0639269406,9241.4,7.4,0.124,3.1,2.9,0.178,0.09,0.089,0.277,0.16,0.4809282805,0.000381146,0.0004446703,0.296,0.258,116.488404108864,105.898549189876
"27003",0.059790177,0.0005470011,7.020335572,36.06,0.0700492133,0.0345663899,8542.66,8.5,0.101,2.7,2.8,0.212,0.076,0.079,0.287,0.161,0.9515209585,0.0009748656,0.0004182203,0.305,0.2,45.1465507742682,14.6263123458752
"27005",0.0938394336,0.0009320785,21.046934664,41.01,0.1073144399,0.0638575668,8304.08,7.4,0.122,2.9,2.9,0.222,0.088,0.088,0.262,0.173,0.5534703421,0.0011134182,0.0005717553,0.301,0.235,98.1216708718811,16.0198646321439
"27007",0.1033595195,0.0008759636,11.387526279,48.58,0.1241875312,0.0566277298,8730.7,7.5,0.151,3.5,3.3,0.241,0.106,0.104,0.277,0.191,0.6494982224,0.0027808189,0.000722575,0.323,0.216,50.3627578354233,21.1669561916996
"27009",0.0587280028,0.0002025009,14.428188123,43.56,0.0700967277,0.0311346173,8392.75,7.8,0.114,2.8,2.9,0.228,0.083,0.085,0.262,0.18,0.5450573457,7.65033e-05,7.65033e-05,0.314,0.215,88.6599679135354,14.3544709955248
"27011",0.0750528541,0.0013653209,39.009167154,38.77,0.0823015295,0.0564149227,10052.84,7.2,0.112,2.8,2.8,0.192,0.082,0.084,0.258,0.146,0.4477130385,0,0.0011714174,0.315,0.24,78.4878016874877,85.0284518281117
"27013",0.0628341499,0.0009788178,13.305804084,36.13,0.0732360749,0.0313182263,7394.4,6.7,0.123,2.9,3.2,0.248,0.088,0.092,0.273,0.179,0.7749207192,0.0019228421,0.0010224637,0.351,0.184,87.9511947127606,13.7264870360956
"27015",0.0585569346,0.0011466076,19.373715009,39.68,0.0676156584,0.0366566318,8413.69,8.2,0.104,2.7,2.7,0.207,0.08,0.081,0.27,0.146,0.7907928784,0.001657982,0.0004737091,0.3,0.233,107.984250102058,14.4856920868615
"27017",0.071438641,0.0007028197,14.899777909,39.58,0.0831334149,0.0430094645,7736.1,8.2,0.111,3,2.8,0.214,0.086,0.086,0.285,0.193,0.7125416832,0.0007050197,0.0005076142,0.288,0.192,98.4990619136961,15.0093808630394
"27019",0.0430657102,0.0008835193,10.68441924,34.68,0.0508640908,0.0274794694,7263.66,9.3,0.086,2.3,2.4,0.23,0.067,0.071,0.268,0.126,0.9471342897,0.000994119,0.0003139323,0.223,0.161,46.9755624209216,11.6581687759951
"27021",0.1129309145,0.0003851675,20.658986659,40.15,0.1267875383,0.0778191231,8395.52,7.7,0.14,3.3,3.3,0.183,0.098,0.098,0.289,0.179,0.6828508419,0.0005603222,0.0004202416,0.272,0.264,54.7657888604055,19.8089023537637
"27023",0.0795988718,0.0005780347,33.856317093,43.64,0.0912137549,0.0522284123,9533.88,8.6,0.112,2.9,2.9,0.198,0.084,0.085,0.277,0.16,0.625592798,0.0002480774,0.0005788473,0.305,0.258,121.172064331351,99.1407799074686
"27025",0.0595222354,0.0005738084,9.4400740398,35.91,0.070907704,0.0315955766,7813.67,9.1,0.094,2.4,2.6,0.219,0.072,0.076,0.266,0.161,0.6179041327,0.0010230464,0.0003720169,0.304,0.234,74.0379691385065,11.7226784469302
"27027",0.0574561665,0.0002937049,11.095519368,30,0.0675761334,0.0326511055,8029.54,8.3,0.113,2.8,2.8,0.232,0.083,0.084,0.247,0.155,0.8249800844,0.0017968711,0.0002637609,0.279,0.213,49.9264669969773,9.76822180375642
"27029",0.0996141203,0.0004550108,20.475486293,32.57,0.1162934046,0.0626678603,8078.51,6.3,0.144,3.3,3.2,0.202,0.101,0.098,0.293,0.189,0.363427257,0,0.0005657389,0.302,0.227,56.7493946731235,52.9661016949153
"27031",0.0936863544,0.0015287598,22.931396904,17.54,0.1005496282,0.0714285714,6765.06,8.1,0.121,3,3,0.193,0.09,0.09,0.267,0.17,0.9870556414,0.0007692308,0.0001923077,0.299,0.187,83.1893517629743,89.5885326678185
"27033",0.0722770058,0.0006017364,25.788704547,36.05,0.0845771144,0.0448763251,8343.04,7.5,0.124,2.9,2.9,0.182,0.088,0.087,0.274,0.159,0.6325832121,0.0007747934,0.0007747934,0.326,0.328,77.5906661302374,83.3381228806253
"27035",0.0729080698,0.0009800047,16.122658658,42.36,0.0861622434,0.0397282119,7834.19,8.4,0.12,2.8,2.8,0.216,0.084,0.085,0.273,0.172,0.52632,0.0018984939,0.0005379066,0.299,0.222,98.9989520855604,18.9572461440435
"27037",0.0566321274,0.0007029809,8.3388076959,35.83,0.0677355404,0.0300543903,8325.83,8.8,0.094,2.5,2.6,0.228,0.073,0.075,0.296,0.136,0.973328449,0.0011040148,0.0002913033,0.273,0.178,48.0689862784894,12.0577086792844
"27039",0.0523206272,0.0002947968,17.196482091,32.61,0.0617651929,0.0331892826,7113.72,9.3,0.093,2.4,2.6,0.231,0.071,0.075,0.274,0.152,0.5532433912,0.0001965699,4.91425e-05,0.258,0.231,68.7780434284217,62.2277535780958
"27041",0.0576882735,0.0012231585,21.745039413,35.5,0.066962158,0.0341762644,8148.91,8,0.097,2.5,2.7,0.211,0.076,0.08,0.248,0.153,0.7284567747,0.0013134492,0.0003557258,0.325,0.254,105.062947196812,9.9628656824563
"27043",0.0790641761,0.0004932356,31.003382187,45.83,0.0909323116,0.0488661769,7814.05,8.3,0.125,3,2.9,0.187,0.088,0.088,0.262,0.153,0.5636638494,0.0002114016,0.0004228032,0.277,0.232,129.61610067636,89.5529422854853
"27045",0.0833536437,0.0003369272,32.248748556,27.57,0.0924406048,0.0627582137,7033.35,8.9,0.109,2.7,2.8,0.215,0.079,0.083,0.27,0.157,0.9354931467,9.59923e-05,0.0001439885,0.252,0.25,80.0704620065658,72.0634158059092
"27047",0.0844840572,0.000616083,19.779507134,33.52,0.1003700278,0.0441006362,7394.4,7.9,0.121,2.9,2.9,0.193,0.085,0.086,0.254,0.162,0.6627419613,0.0009047434,0.001098617,0.304,0.244,99.5660220127488,10.8223936970379
"27049",0.0685549534,0.000926265,20.248583676,35.46,0.0805515508,0.0390382154,7610.17,8.4,0.114,2.7,2.8,0.224,0.08,0.082,0.28,0.166,0.8863651127,0.0007317493,0.000581095,0.311,0.244,96.1800720632779,15.0729963681256
"27051",0.0699977988,0.0003357958,31.900604433,46.31,0.0778150748,0.0498489426,10610.15,7.2,0.11,2.8,2.8,0.198,0.081,0.084,0.265,0.152,0.1643403124,0.0001669728,0.0005009184,0.316,0.282,95.2487673688929,78.4401613626177
"27053",0.0732966777,0.0011666051,10.824510917,32.78,0.0862808022,0.0366314551,7947.77,8,0.103,2.5,2.8,0.217,0.074,0.082,0.285,0.137,0.9919474152,0.0027327829,0.0013955878,0.226,0.168,73.9407444872593,11.2548435040153
"27055",0.0620087918,0.0006937774,17.077596328,28.92,0.0699458484,0.0414272031,7436.43,8.7,0.118,2.8,2.8,0.21,0.083,0.083,0.259,0.156,0.996583802,0.0002127773,0.0003723602,0.262,0.244,97.6735926123246,83.4665245959865
"27057",0.0875658994,0.0008749332,15.554367375,36.9,0.1004505698,0.0549921118,7876.01,8.1,0.117,2.9,2.9,0.193,0.087,0.088,0.27,0.167,0.5446446054,0.0005324814,0.0003388518,0.275,0.218,59.7873509355912,17.7746178457163
"27059",0.0641568483,0.0008070185,12.495769661,35.65,0.0752577761,0.0374034003,7818.55,8.8,0.097,2.5,2.6,0.226,0.073,0.077,0.28,0.167,0.503966575,0.0011517119,7.85258e-05,0.309,0.247,73.0142725518488,17.3843506075831
"27061",0.0760436955,0.0010309504,12.941718397,42.66,0.0860260499,0.0497114508,7519.7,8,0.122,3.1,3,0.215,0.09,0.088,0.265,0.175,0.6343157708,0.0016679835,0.0006364674,0.315,0.243,70.2843588016517,26.3566345506194
"27063",0.0564328559,0.0001947609,29.214139644,41.58,0.0639199729,0.0389284219,8459.72,8.2,0.113,2.7,2.8,0.201,0.081,0.083,0.264,0.153,0.4764270407,0.0006822612,0.0002923977,0.29,0.201,81.6779926816518,75.1437532671197
"27065",0.0752939344,0.0008788449,16.949152542,47.9,0.0861102296,0.0464335664,7556.51,8.4,0.128,3.1,3.1,0.202,0.092,0.092,0.288,0.184,0.4140033253,0.0003125781,0.000500125,0.316,0.275,92.1215166551515,77.4658208236501
"27067",0.0700305366,0.0011115053,19.155728982,39.61,0.0808350528,0.043953878,7282.68,8.1,0.119,2.8,2.8,0.202,0.085,0.085,0.269,0.156,0.5733090272,0.0026173072,0.0004951662,0.297,0.222,69.1622719806346,14.9327632685461
"27069",0.0657276995,0,40.586245772,47.45,0.0738037307,0.046277666,9307.32,8.1,0.111,2.8,2.8,0.194,0.082,0.083,0.262,0.158,0.5590949033,0,0.0006662225,0.286,0.233,202.065559048047,209.549468642419
"27071",0.0861094286,0.0003889235,18.668326073,44.2,0.0971299495,0.0535926955,8942.52,6.4,0.118,2.9,2.9,0.195,0.088,0.09,0.28,0.171,0.4437683119,0.0010601242,0.0009086779,0.287,0.25,61.6919003675809,56.5509086702825
"27073",0.0614307932,0.0011609346,27.572195617,62.64,0.067517278,0.0465116279,11233.28,8.6,0.106,2.7,2.7,0.193,0.079,0.082,0.253,0.143,0.0276897644,0,0.0007115412,0.291,0.252,105.901607778954,125.156445556946
"27075",0.065149431,0.0009363296,19.662921348,30.06,0.0728388917,0.043457267,8878.81,8.6,0.112,2.8,2.9,0.194,0.082,0.086,0.257,0.148,0.6729247193,0.000463951,9.27902e-05,0.292,0.216,137.122911992022,31.164298180005
"27077",0.0861670518,0.0002552323,35.73251659,65.62,0.0946643718,0.0581081081,9329.66,7.6,0.11,2.8,2.8,0.194,0.081,0.084,0.271,0.158,0.4524103832,0.0002545177,0,0.303,0.297,67.9694137638063,67.9694137638063
"27079",0.0696270748,7.20202e-05,17.644940583,37.58,0.0814397382,0.0420514278,8005.51,9.1,0.108,2.7,2.7,0.231,0.079,0.08,0.263,0.153,0.6693137927,0.0001797914,3.59583e-05,0.353,0.212,67.2729238494528,13.2143243275711
"27081",0.0710471326,0.0005183138,34.554250173,47.67,0.0779348898,0.0572720422,9272.69,6.4,0.102,2.7,2.8,0.204,0.079,0.082,0.25,0.147,0.3661804613,0,0.0006861063,0.278,0.236,46.0060958076945,46.0060958076945
"27083",0.0663704264,0.0008961621,17.533606078,40.29,0.0784445189,0.0392457458,7563.38,8.1,0.121,2.9,2.8,0.223,0.085,0.085,0.27,0.152,0.7772750126,0.0012163064,0.0005885353,0.293,0.205,92.4178327367393,6.50829808005207
"27085",0.0634391786,0.0008082047,18.67231481,43.63,0.0736006842,0.0394587219,8019.84,8.7,0.102,2.4,2.6,0.217,0.074,0.078,0.267,0.152,0.7198985021,0.0015034245,0.0003062531,0.302,0.216,69.6171982326514,9.28229309768685
"27087",0.1033643205,0.0003633061,9.0826521344,44.15,0.1235642186,0.0691860465,9523.7,6,0.217,4.4,4.1,0.175,0.139,0.132,0.323,0.251,0.5254018105,0,0.0005422993,0.34,0.284,60.6281071904935,48.5024857523948
"27089",0.0740245858,0,36.10491664,54.66,0.0842811859,0.0496644295,9169.64,7.2,0.104,2.7,2.7,0.215,0.078,0.08,0.273,0.143,0.0156796271,0,0.0002122016,0.304,0.2,56.6071112683531,35.3794445427207
"27091",0.0719786164,0.0008902077,22.74975272,47.31,0.0830122592,0.0442418853,7760.54,7.8,0.108,2.8,2.8,0.204,0.081,0.083,0.251,0.149,0.5568138196,0.000734502,0.0006855352,0.317,0.252,113.741263352235,18.1326651720955
"27093",0.0680558516,0.0005193231,17.743540918,40.78,0.0772496399,0.0478142077,8174.5,8.7,0.105,2.7,2.7,0.206,0.08,0.082,0.27,0.156,0.3238626609,0.0003460357,0.0002162723,0.304,0.249,118.278329102239,14.4241864758828
"27095",0.0827946176,0.0008499459,22.021325916,39.51,0.0977651745,0.0481207737,8107.9,8.2,0.122,2.9,3,0.204,0.087,0.088,0.287,0.188,0.5247346438,0.0014709867,0.0007742035,0.349,0.249,94.1874717760144,20.6438294303593
"27097",0.0755202506,0.0006095703,18.896677842,33.44,0.0864890136,0.0490504339,7358.19,7.6,0.116,2.7,2.9,0.209,0.082,0.087,0.259,0.172,0.3971323574,0.0009430518,0.0003954734,0.347,0.243,60.9403089673665,6.09403089673665
"27099",0.0833307305,0.0005086082,17.292678585,44.18,0.0976173542,0.0506316423,7583.67,8,0.136,3.1,2.9,0.198,0.091,0.088,0.27,0.169,0.4996808212,0.0008899738,0.0005848399,0.296,0.242,81.5175857208362,10.1896982151045
"27101",0.0659597692,0.0002361275,43.683589138,56.18,0.0737847222,0.0464625132,9680.6,7.9,0.106,2.7,2.8,0.2,0.08,0.082,0.255,0.147,0.5107163324,0.0005859604,0.0004687683,0.298,0.234,59.0179414542021,70.8215297450425
"27103",0.0558474189,0.0008763183,12.08714834,39.36,0.0647887324,0.0332212508,8376.11,8.2,0.098,2.5,2.7,0.231,0.075,0.08,0.259,0.155,0.5139487274,0.001392589,0.0003632841,0.296,0.181,61.3237896091362,10.0530802637928
"27105",0.1230408835,0.0008337193,21.306160259,43.19,0.1477291094,0.0694682676,7833.21,7.9,0.147,3.1,2.9,0.185,0.094,0.088,0.287,0.167,0.5021517448,0.0006476384,0.0002312994,0.306,0.311,46.1701832956277,49.2481955153362
"27107",0.0773716952,0.0001506251,24.100015063,34.42,0.0881868132,0.0539184953,7859.03,8,0.128,3,2.9,0.199,0.088,0.089,0.26,0.167,0.2847343841,0,0.0004524204,0.309,0.29,155.404050531382,120.312813314618
"27109",0.0572514606,0.0022623381,12.30978062,29.51,0.0674669736,0.0334012326,6667.6,8.7,0.089,2.3,2.6,0.222,0.071,0.078,0.287,0.132,0.9576354612,0.0027207055,0.0040810583,0.27,0.186,63.4218060135403,9.53544635867914
"27111",0.0735254207,0.0005031665,21.341198924,37.33,0.0859659498,0.0422490969,8247.26,8.4,0.117,2.6,2.7,0.188,0.079,0.082,0.261,0.148,0.414446015,0.0008857088,0.00032997,0.298,0.207,84.4262484676058,23.7087410080263
"27113",0.0614481747,0.000569071,19.206145967,34.48,0.0717259427,0.0353187668,7683.52,8.3,0.112,2.7,2.8,0.227,0.082,0.084,0.274,0.164,0.7035175879,0.0013457997,0.0002833263,0.286,0.237,44.816605731808,37.7402995636278
"27115",0.0878252577,0.0001718508,14.435470012,46.29,0.1012118214,0.0518506441,8224.9,8,0.139,3.3,3.2,0.196,0.095,0.091,0.295,0.187,0.5079663866,0.0006871908,0.0001374382,0.372,0.268,76.7749919787322,17.1884310400147
"27117",0.0812619503,0.0005387351,25.859282405,40.06,0.093461614,0.0544596913,9143.46,7.8,0.122,2.9,2.9,0.193,0.086,0.087,0.272,0.157,0.4573780742,0.0007551241,0.0002157497,0.304,0.281,39.5370570052476,39.5370570052476
"27119",0.0746838933,0.0005046682,23.971738582,40.99,0.0862697448,0.0472338205,8486.21,8,0.117,2.8,2.8,0.215,0.084,0.085,0.3,0.175,0.5555379747,0.0016471855,0.0006968862,0.35,0.28,85.4376305297133,18.9861401177141
"27121",0.0665085951,0.0010014567,29.133284778,57.51,0.0736705155,0.0502491694,9496.96,8.8,0.106,2.7,2.8,0.208,0.079,0.081,0.27,0.145,0.4148249204,0.000640322,0.0002744237,0.31,0.255,51.5823648997178,66.7536486937525
"27123",0.0797884867,0.0010550919,11.583482742,32.73,0.0961856267,0.0371444201,8017.69,7.7,0.116,3,2.9,0.205,0.088,0.087,0.288,0.161,0.9927512583,0.0029978318,0.0008942234,0.259,0.184,62.6603284377735,11.8309711036356
"27125",0.07715767,0,22.260697502,38.6,0.0899170668,0.0494665373,6450.54,7.7,0.114,2.8,2.8,0.214,0.083,0.085,0.273,0.158,0.4010760577,0,0,0.339,0.262,8.22706705059646,8.22706705059646
"27127",0.0826026387,0.0004511763,31.582339671,51.65,0.0955458926,0.0545969611,9367.98,7.4,0.119,2.8,2.8,0.199,0.084,0.087,0.279,0.169,0.4374494053,0.000254065,0.000254065,0.337,0.243,96.2978814466082,25.6794350524289
"27129",0.0772938689,0.0003993344,30.615640599,44.72,0.0861643353,0.0563985113,8207.07,7.3,0.115,2.8,2.8,0.195,0.083,0.084,0.264,0.153,0.3981563891,0.0001978109,0.0003956218,0.293,0.278,153.051039194375,108.688419138034
"27131",0.075116511,0.0009055886,12.432656444,40.78,0.0865652761,0.0493582109,7644.79,8.5,0.11,2.7,2.7,0.209,0.081,0.083,0.259,0.156,0.8406504319,0.0008762625,0.0003228336,0.299,0.223,87.4233128834356,8.1799591002045
"27133",0.0691311891,0.0010467916,27.216581179,39.02,0.0814671815,0.0425795783,8804.72,8.4,0.106,2.8,2.8,0.209,0.082,0.084,0.262,0.15,0.639310416,0.0007352941,0.000105042,0.27,0.238,90.6776409862937,62.7768283751264
"27135",0.0669159164,0.0005102366,18.496077556,47.17,0.0767993135,0.0443831494,8852.46,8.2,0.105,2.7,2.8,0.214,0.08,0.081,0.28,0.162,0.4769978885,0.000193299,0.0005154639,0.297,0.253,72.3881709212459,59.6137878174967
"27137",0.0684349868,0.0012241912,15.725383057,35.52,0.0797130494,0.0337132123,7759.47,7.5,0.132,3.4,3.1,0.228,0.096,0.092,0.293,0.193,0.752060172,0.0016605166,0.0009374688,0.278,0.216,78.5818713450292,18.1087187666135
"27139",0.0514041272,0.0005942494,7.3744200699,44.78,0.0615759828,0.0311739151,8092.52,9.3,0.086,2.3,2.6,0.245,0.067,0.073,0.252,0.14,0.9462086694,0.0006412499,0.0002331818,0.249,0.178,38.9426706549058,10.2732198660181
"27141",0.0553003445,0.0004279788,8.2303623554,37.59,0.0664205978,0.0318706518,8348.32,8.8,0.1,2.5,2.7,0.239,0.073,0.077,0.286,0.16,0.820619442,0.0008984228,0.0002551077,0.29,0.208,45.7893907813135,14.2862899237698
"27143",0.0731247953,0.0002681325,24.131921169,36.1,0.0827434142,0.0519067797,8695.52,9.1,0.112,2.7,2.8,0.203,0.079,0.082,0.261,0.152,0.5271246552,0.0001990446,0.0001326964,0.355,0.285,60.1805416248746,71.3250863702218
"27145",0.0649236123,0.0011117505,15.956890238,36.77,0.0760393754,0.0366949436,7850.81,8.2,0.101,2.7,2.6,0.222,0.081,0.082,0.26,0.147,0.718259184,0.0023801383,0.0011308945,0.272,0.209,38.9374216901016,11.9640122511485
"27147",0.0536636726,0.0009296476,15.858693572,41.34,0.0632781054,0.032690077,7437.9,8.6,0.109,2.8,2.8,0.218,0.081,0.082,0.264,0.161,0.7136100175,0.0015357192,0.000246812,0.303,0.207,84.7048536791963,13.6620731740639
"27149",0.0658002736,0.0007142857,27.551020408,70.37,0.0761239139,0.0394112061,10134.42,8.3,0.116,2.9,2.8,0.217,0.087,0.088,0.261,0.166,0.6024059223,0.0013353878,0.0003081664,0.327,0.232,51.1404316252429,0
"27151",0.0689983669,0.0004239084,30.733361594,47.4,0.0788195742,0.0444126074,8303.31,7.3,0.114,2.8,2.8,0.205,0.082,0.084,0.265,0.16,0.4361647756,0.0010475592,0.0005237796,0.31,0.232,67.0856577925288,120.048019207683
"27153",0.1000930136,0.0008242664,21.843059677,50.49,0.1118021512,0.0724758414,8773.52,7.5,0.12,3,2.9,0.2,0.089,0.089,0.287,0.165,0.3296244226,0.0002050693,0.0003691248,0.326,0.264,48.0089982579592,16.4602279741574
"27155",0.0793269231,0.0002952465,26.572187777,39.14,0.0876803552,0.0582655827,8087.46,7.4,0.11,2.9,2.8,0.198,0.083,0.085,0.261,0.155,0.4376053963,0,0.0005805515,0.321,0.256,97.7230528681716,58.633831720903
"27157",0.0613816666,0.0007021814,22.001685235,29.13,0.0697470972,0.0406800243,6387.45,9,0.1,2.6,2.7,0.209,0.075,0.079,0.268,0.141,1,4.66353e-05,0.0006062585,0.327,0.24,59.3342077321841,53.0885016551121
"27159",0.0721601052,0.0007995929,23.260885367,62.03,0.0848738362,0.0445296373,8185.38,6.4,0.13,3.2,3,0.188,0.095,0.093,0.265,0.17,0.1731561078,0.0021008403,0.0017386265,0.288,0.211,115.841297422531,86.8809730668983
"27161",0.0613073488,0.0004730618,19.973718791,39.28,0.0696093451,0.0431527961,8165.55,8.3,0.106,2.6,2.7,0.208,0.078,0.083,0.267,0.158,0.6744878763,0.000104723,0.000104723,0.322,0.214,61.2830928701499,8.75472755287855
"27163",0.0432997543,0.0010951409,8.0230099927,33.08,0.0504942787,0.027245468,7802.05,8.9,0.085,2.4,2.5,0.226,0.068,0.072,0.29,0.131,0.9489829341,0.0015814893,0.0003973999,0.253,0.165,38.5293043453831,10.0336730066102
"27165",0.118510158,0.0003609131,32.482179915,47.76,0.135261797,0.0811099253,7808.66,9.3,0.127,2.8,2.7,0.198,0.083,0.082,0.282,0.145,0.6564088841,0.0003591631,0.0006285355,0.288,0.236,99.4814904136018,15.07295309297
"27167",0.0598404255,0,13.856812933,34.38,0.0694371383,0.0369170984,7569.4,8.4,0.108,2.7,2.8,0.217,0.08,0.082,0.27,0.162,0.5167274939,0.0010675614,0,0.305,0.271,56.5610859728507,0
"27169",0.0677571277,0.0004696949,14.873671644,38.32,0.0771330833,0.0382059801,7377.22,8.3,0.129,3,2.9,0.229,0.088,0.088,0.291,0.171,0.9951613843,0.0013663335,0.0005660525,0.31,0.233,78.3218243763625,14.3590011356665
"27171",0.0505686469,0.0004464354,10.006311674,37.91,0.0608698997,0.0301099873,8288.47,9.2,0.094,2.4,2.6,0.241,0.071,0.076,0.283,0.163,0.8056375301,0.0008795828,0.0003736281,0.289,0.198,41.5705454722748,12.3171986584518
"27173",0.0704647676,0.0006924523,30.665743397,56.44,0.0791139241,0.0503067485,9520.96,8,0.11,2.7,2.7,0.201,0.081,0.083,0.266,0.154,0.3219965511,0.0002957705,0.000591541,0.286,0.256,73.0241975636472,53.1085073190162
"28001",0.1756627009,0.000850742,14.494123578,81.53,0.2220431655,0.0561489607,10165.08,4,0.268,4.6,4.3,0.118,0.151,0.142,0.4,0.218,0.7741895532,0.0003427859,0.000872546,0.356,0.326,47.3280676475847,5.25867418306497
"28003",0.1779939529,0.0003745318,11.771000535,98.95,0.2283264968,0.0555434546,12045.46,6.8,0.192,4,4,0.14,0.124,0.125,0.332,0.199,0.3145424616,0.0023582378,0.0010451281,0.347,0.382,31.2265800649513,19.6281360408265
"28005",0.2088045234,0.0001583657,17.420223296,79.41,0.2566808277,0.0778224333,9508.51,5.3,0.238,4.4,4.2,0.114,0.138,0.136,0.347,0.208,0.1619830934,7.75254e-05,0.0003876269,0.399,0.345,39.3680121778384,36.7434780326492
"28007",0.1772804385,0.000521839,13.567812973,69.31,0.2341610802,0.053127506,10710.41,5.6,0.228,4.2,4.1,0.116,0.132,0.133,0.358,0.198,0.4587507667,0.0002070715,0.000414143,0.401,0.395,74.7527076126071,34.7687012151661
"28009",0.1888215289,0,10.848601736,95.74,0.2385191179,0.0564263323,10630.52,4.3,0.224,4.3,4.1,0.124,0.134,0.132,0.351,0.21,0.7397181808,0.0003500175,0.0003500175,0.337,0.345,27.9452273543854,27.9452273543854
"28011",0.1732143505,0.0004738214,15.103056148,85.66,0.2285594684,0.0497972059,12036.82,2.3,0.283,5,4.4,0.114,0.16,0.151,0.404,0.226,0.4399179968,0.0004111721,0.0006461276,0.364,0.358,30.65088640386,11.8648592531071
"28013",0.2189599403,0.0002034588,15.598507969,65.26,0.2775833916,0.0778901339,10784.86,6.3,0.217,4.2,4.1,0.124,0.133,0.132,0.334,0.199,0.58621842,6.78702e-05,0.0002036107,0.354,0.364,24.8891302380306,22.6264820345733
"28015",0.1980925377,0.0001950458,8.7770626097,68.67,0.2409722222,0.0782069623,11545.31,4.2,0.197,3.9,3.8,0.131,0.12,0.121,0.32,0.187,0.0641691045,0,0.0001925855,0.365,0.398,51.8101159251344,25.9050579625672
"28017",0.2002528623,0.0003465604,12.129613585,72.71,0.2612261226,0.0586654725,9921.76,5.9,0.238,4.5,4.2,0.121,0.143,0.138,0.371,0.217,0.4710211592,0.0002888337,0.0005199006,0.362,0.321,32.7225130890052,17.3236834000616
"28019",0.1725484307,0.0002411382,12.056908609,70.02,0.2160762378,0.0621468927,9895.13,6.2,0.209,4.2,4.1,0.125,0.13,0.131,0.343,0.195,0.3934713935,0.0005973002,0.0002389201,0.311,0.365,8.01153661272232,8.01153661272232
"28021",0.1761061947,0.0003303965,8.8105726872,132.64,0.2255003095,0.0558823529,13117.35,3,0.347,5.3,4.7,0.098,0.178,0.166,0.431,0.261,0.369637651,0.0002161461,0.0005403653,0.462,0.387,3.63861296073937,3.63861296073937
"28023",0.1735674816,0.0003067673,19.019571753,83.6,0.2157440539,0.0690713738,13018.01,5.9,0.197,4,4,0.129,0.124,0.126,0.335,0.185,0.0529524265,0.0001218398,0.0003655193,0.337,0.37,51.3136288998358,41.0509031198686
"28025",0.1785028791,0.0004944376,13.349814586,66.13,0.2286531505,0.0567754698,9690.04,4.1,0.235,4.3,4.1,0.114,0.135,0.135,0.356,0.204,0.7168265969,0.001372011,0.000245002,0.341,0.365,72.5103409633988,16.479622946227
"28027",0.1672050162,0.0006852904,9.2715765711,80.64,0.2238816338,0.0460573221,10269.98,2.4,0.28,4.8,4.5,0.109,0.156,0.152,0.402,0.249,0.723031624,0.0023429434,0.0007147963,0.429,0.33,20.1048130922543,18.7644922194373
"28029",0.1823408452,0.0003819842,11.459527034,71.39,0.2329373399,0.0556261471,9935.09,4.4,0.222,4.2,4.1,0.126,0.133,0.132,0.363,0.206,0.4908146287,6.91539e-05,0.0001383078,0.378,0.371,58.9656727289545,19.6552242429848
"28031",0.1952784353,0.0003086102,13.373109762,77.43,0.2497571315,0.0681681078,11942.25,6.7,0.225,4.3,4.1,0.123,0.134,0.132,0.352,0.196,0.0726185609,0.0002574268,0.0004118828,0.35,0.357,58.2112039446651,22.2572250376661
"28033",0.140517408,0.000333503,8.6593764079,52.64,0.1792469051,0.0553771228,10482.8,7.1,0.157,3.3,3.4,0.156,0.096,0.102,0.321,0.165,0.7489085407,0.0005230623,0.0003625773,0.322,0.342,19.9033710846947,12.6835207892662
"28035",0.1750443896,0.0005371414,14.280099568,66.03,0.2206765456,0.0565799583,11125.61,5.4,0.206,4.1,4.1,0.146,0.128,0.131,0.384,0.218,0.8034537059,0.0027122075,0.0015442713,0.351,0.298,29.6512058883806,16.1337443804424
"28037",0.1743133583,0.000382995,19.149751053,101,0.2193448429,0.0693815988,12789.83,5.1,0.203,4,3.9,0.124,0.122,0.124,0.343,0.196,0.738975117,0,0.001260875,0.383,0.341,42.5405198451525,29.7783638916068
"28039",0.1672849047,0.0003862164,9.8699738231,98.36,0.2159592784,0.0628751975,12219,7.3,0.16,3.6,3.7,0.161,0.107,0.111,0.302,0.182,0.1308796173,0.0002158988,0.0003022583,0.381,0.364,18.6153075105606,15.7514140473974
"28041",0.1830687831,0.0001396063,6.2822839592,115.94,0.2316281877,0.0730318258,12734.73,6.4,0.182,3.6,3.5,0.167,0.109,0.11,0.35,0.196,0.150625,7.0205e-05,0.00070205,0.358,0.334,19.005986885869,19.005986885869
"28043",0.16901566,0.0006461737,13.385027232,50.34,0.2158895993,0.0526414387,11008.19,5.6,0.216,4.2,4,0.126,0.13,0.129,0.382,0.194,0.496850178,0.0003238941,0.0011567648,0.364,0.388,46.2563216972986,15.4187738990995
"28045",0.2000318269,0.0003482121,8.270038521,65.88,0.2476561373,0.0717150497,11205.65,5.8,0.18,3.7,3.8,0.147,0.113,0.117,0.327,0.203,0.5215916593,0.0001536233,0.0004608699,0.339,0.349,55.8233950773915,21.024395548628
"28047",0.1828085939,0.0005274845,9.6956665896,66.73,0.2349350433,0.0544354433,10552.49,5.3,0.184,3.8,3.9,0.153,0.116,0.12,0.36,0.208,0.7743406109,0.0014452926,0.0008447837,0.329,0.318,42.3808311333271,18.7614746519076
"28049",0.1630354024,0.0007713485,14.442269898,54.92,0.2119533112,0.0458807133,9548.44,4.3,0.227,4,4.1,0.125,0.129,0.132,0.413,0.212,0.7908392278,0.0018007423,0.0014495772,0.361,0.325,49.7594730963926,7.79200540245708
"28051",0.1835598276,0.000487567,7.5843761851,68.49,0.2499512766,0.0443349754,10815.65,1.4,0.356,5.8,5,0.097,0.195,0.175,0.431,0.267,0.2476299615,0.0001627957,0.0004883872,0.408,0.404,28.9713364839662,27.1606279537183
"28053",0.2024787822,0.0004576135,12.584372497,52.69,0.2748721982,0.0461036312,9423.86,2.3,0.346,5.6,4.9,0.093,0.188,0.172,0.428,0.266,0.3358933333,0,0.000224165,0.416,0.361,22.7859638462707,22.7859638462707
"28055",0.2046718576,0,14.316392269,NA,0.2429775281,0.0609137056,10716.4,2.4,0.279,4.8,4.3,0.125,0.154,0.144,0.41,0.25,0.0817923186,0,0,0.343,0.331,24.2189392104626,24.2189392104626
"28057",0.1738339752,0.0002550261,10.201045607,51.62,0.2182446339,0.0583068585,10587.67,7.2,0.174,3.8,3.9,0.15,0.115,0.12,0.334,0.193,0.2924234007,0.0001706922,0.0007254417,0.349,0.37,42.5109820036843,17.0043928014737
"28059",0.1689264596,0.0005384839,10.344558833,51.55,0.2157963083,0.0528615732,10043.23,6.4,0.163,3.6,3.6,0.156,0.109,0.109,0.33,0.175,0.834700862,0.0011747953,0.0004841581,0.32,0.3,42.7883842538746,17.0207937363479
"28061",0.1829954122,0.000180712,10.842720318,59.94,0.2292934502,0.0687003968,9563.47,5.7,0.254,4.5,4.2,0.115,0.142,0.136,0.369,0.216,0.1618215918,6.07165e-05,0.0001821494,0.383,0.426,32.232070910556,28.2030620467365
"28063",0.1786004221,0.0003947888,3.94788788,105.37,0.2244254169,0.0632911392,12553.8,2.7,0.348,5.6,4.7,0.096,0.185,0.166,0.437,0.265,0.1924669946,0,0.0006553939,0.464,0.372,4.39850450846712,4.39850450846712
"28065",0.2114430487,0.0001691761,13.534088987,78.41,0.2597900114,0.0746037882,11241.77,5.3,0.286,4.8,4.4,0.107,0.156,0.151,0.395,0.239,0.162328822,8.3696e-05,0.0003347841,0.412,0.375,39.5089600677296,33.8648229151968
"28067",0.1724070762,0.0005271636,15.522038366,67.46,0.2212814645,0.0632671279,10727.19,6.3,0.203,4,4,0.133,0.124,0.127,0.342,0.196,0.4946355573,0.0003915256,0.0007395484,0.409,0.351,24.8216249890493,11.6807647007291
"28069",0.2209871642,0,9.8396142871,74.3,0.2793662357,0.0685244404,10715.15,3.2,0.275,4.7,4.3,0.114,0.15,0.144,0.398,0.221,0.0062165264,0,9.7144e-05,0.36,0.371,23.0066390586998,23.0066390586998
"28071",0.1678095708,0.000623465,12.469299074,38.76,0.200944639,0.062930685,9239.55,5.3,0.191,3.9,3.9,0.186,0.12,0.123,0.318,0.196,0.7646301028,0.0042285358,0.0006235629,0.309,0.297,66.7081739749177,13.3416347949835
"28073",0.147376397,0.0014642507,8.9851744621,52.38,0.1850033356,0.0591434823,10364.92,7,0.161,3.4,3.6,0.162,0.102,0.109,0.321,0.182,0.5615904273,0.0002380912,0.0001360521,0.335,0.285,16.1543689212224,12.8120856961419
"28075",0.1658406583,0.001028355,16.679416597,70.03,0.2156759253,0.0478493255,10358,5.4,0.207,4.2,4,0.127,0.13,0.126,0.39,0.197,0.5191687121,0.0024671667,0.0008971515,0.339,0.377,54.0841952565226,9.64291853410868
"28077",0.1731891685,0.0003199488,17.59718445,102.34,0.2145905575,0.0715202053,11914.28,5.9,0.209,4,3.9,0.132,0.123,0.123,0.373,0.194,0.0644288035,0,0.0008790155,0.363,0.402,34.5395610818853,29.225782453903
"28079",0.222011808,8.62329e-05,15.090760143,87.19,0.28304259,0.076108779,11850.31,5.8,0.253,4.7,4.3,0.125,0.147,0.139,0.39,0.223,0.2968704054,4.27551e-05,0.0003420411,0.408,0.362,15.8627154084649,15.8627154084649
"28081",0.1598703716,0.0008915374,13.49036905,46.32,0.20770819,0.0504961411,9561.06,6.2,0.186,3.8,3.9,0.144,0.116,0.12,0.339,0.194,0.5834398746,0.0038082962,0.001488165,0.319,0.352,55.8842609599587,8.98837763691644
"28083",0.1915357087,0.0006046719,10.820444275,55.66,0.2616892047,0.0460284665,9732.74,1.7,0.303,5.2,4.7,0.106,0.173,0.161,0.421,0.237,0.6355169106,0.0004745784,0.0005694941,0.409,0.335,31.9053898838644,30.8418768877356
"28085",0.1704878469,0.0004601006,16.39108555,51.14,0.2166771952,0.061049786,9328.27,5.6,0.22,4.2,4.1,0.137,0.129,0.13,0.337,0.201,0.475350598,0.0002872738,0.0006032749,0.388,0.352,64.2784504096552,14.3906978529079
"28087",0.1579619614,0.0004687762,13.561024611,31.91,0.201461842,0.0501753439,9496.08,4.8,0.208,4.1,4,0.132,0.128,0.128,0.383,0.196,0.7909801101,0.0010513668,0.0010346784,0.356,0.297,68.5763985682586,10.5931022178611
"28089",0.1295579385,0.0011800802,13.865942884,49.14,0.1630931174,0.0534455394,9372.65,6.7,0.157,3.2,3.4,0.146,0.096,0.104,0.338,0.168,0.7521401637,0.0010855276,0.0005577023,0.298,0.281,80.1793399113118,11.7814540277846
"28091",0.1899204497,0.0004252358,17.782588526,93.28,0.2452143435,0.0597683398,11484.56,5.4,0.238,4.5,4.3,0.12,0.144,0.141,0.333,0.225,0.3285956881,0.0002291826,0.0004201681,0.348,0.336,37.3658373168752,27.0580201260131
"28093",0.1911071343,0.0001103936,8.5555003588,61.57,0.2416167523,0.0575783235,9869.41,5.8,0.219,4,3.8,0.128,0.124,0.123,0.361,0.195,0.3345358604,0,0.0003560181,0.37,0.358,23.9267473427507,11.9633736713753
"28095",0.1912872362,0.000361081,13.332222315,71.27,0.2439356261,0.05647415,11049.7,6.3,0.195,3.9,3.9,0.133,0.122,0.125,0.324,0.201,0.409229771,0.0001107542,0.0006091483,0.384,0.335,34.2763974579883,9.26389120486169
"28097",0.1841103711,0.0005769231,13.461538462,64.82,0.2334707337,0.0588235294,12666.37,2.9,0.222,4.4,4.1,0.117,0.134,0.131,0.354,0.195,0.3437070938,0.0001895196,0.0002842794,0.379,0.347,38.5790065905803,32.1491721588169
"28099",0.2112314481,0.0006448329,14.59358561,109.71,0.2823466221,0.0684149184,12124.74,6.9,0.223,4.3,4.3,0.133,0.134,0.136,0.364,0.216,0.3030057959,0.0003050124,0.0008472566,0.414,0.383,23.7462543110759,24.8770283258891
"28101",0.1829240946,0.0002748259,15.115426896,100.59,0.2354272779,0.0679291174,12692.09,6.4,0.213,4.1,4,0.131,0.127,0.127,0.345,0.187,0.302854512,0.000138319,0.0006454885,0.368,0.365,44.4321872893301,15.3214438928725
"28103",0.2216909368,8.99685e-05,15.294646874,100.84,0.2886374206,0.0666666667,12422.21,3.5,0.306,5,4.6,0.102,0.165,0.157,0.405,0.244,0.357384149,0.000991974,0.0006312562,0.383,0.376,18.0467410593437,18.0467410593437
"28105",0.1825745086,0.0004249808,12.344679645,33.72,0.2188774013,0.0605005441,8986.57,4.1,0.221,4.1,4.1,0.161,0.134,0.135,0.338,0.21,0.7923685259,0.0015292702,0.0005097567,0.348,0.285,20.9096366444755,6.74504407886306
"28107",0.1796417382,0.0002322611,12.484032052,74.61,0.2356622999,0.050584922,10616.35,4.6,0.23,4.3,4,0.128,0.135,0.131,0.387,0.214,0.224767338,0.0004069531,0.0004650892,0.369,0.38,25.2395328744916,17.4735227592634
"28109",0.1800798959,0.000253513,9.778357236,69.6,0.2277472958,0.0633586067,10779.05,6.8,0.179,3.8,3.9,0.145,0.118,0.122,0.326,0.189,0.5811691801,0.0003450029,0.000399477,0.343,0.326,41.6951180455262,24.1710829249427
"28111",0.1931750742,0,10.63220741,101.87,0.2444933921,0.0646133244,12654.01,6.7,0.2,4.2,4.1,0.135,0.129,0.131,0.339,0.201,0.6321632653,0,0.000577034,0.349,0.368,35.485191756517,5.45926027023338
"28113",0.1769233091,0.0004743122,17.47466174,83.37,0.2363515901,0.0508011653,10503.78,5.3,0.233,4.4,4.2,0.115,0.138,0.137,0.385,0.214,0.6874566875,0.001974309,0.0006747638,0.343,0.363,29.1598626987036,13.3302229479788
"28115",0.1801441455,0.0002261712,10.662358643,62.36,0.231361075,0.0658937655,9080.59,7.2,0.178,3.7,3.8,0.156,0.111,0.114,0.324,0.176,0.296124445,0.000323656,0.0003560216,0.347,0.325,59.2959948250768,16.1716349522937
"28117",0.1827603143,0.0004719207,10.61821614,86.89,0.2349323493,0.0517097581,10710.34,6.8,0.196,4,4,0.141,0.125,0.129,0.327,0.201,0.4395078335,0.0005514416,0.0004726643,0.345,0.426,15.732546705998,15.732546705998
"28119",0.2044743429,0.0001302423,10.419380047,94.38,0.2701568368,0.0472560976,9970.29,2,0.319,5.4,4.7,0.1,0.178,0.164,0.414,0.267,0.30925453,0.0003844675,0.0003844675,0.417,0.39,43.5407323551182,26.1244394130709
"28121",0.1222407028,0.0006821098,11.345985007,67.23,0.1518833674,0.0535165335,10188.81,7.2,0.142,3.2,3.5,0.158,0.095,0.102,0.33,0.176,0.7433500215,0.0010015876,0.0004360653,0.31,0.32,43.2553235588317,13.5172886121349
"28123",0.2220991756,0.000175679,12.648887952,89.59,0.2857731959,0.0789980732,12482.63,6.1,0.238,4.3,4.1,0.13,0.136,0.133,0.367,0.214,0.7656028871,3.53694e-05,0.0007073887,0.377,0.373,34.1180484476288,23.5296885845716
"28125",0.180620155,0.0006455778,21.519259737,92.46,0.2314474651,0.0620347395,10538.79,4.2,0.289,4.9,4.5,0.101,0.158,0.151,0.402,0.239,0.0362082994,0,0.0002124044,0.368,0.395,7.17360114777618,7.17360114777618
"28127",0.1797279509,0.0004369515,12.744419765,95.29,0.2292468048,0.0626874197,11123.95,6.4,0.222,4.3,4.1,0.125,0.133,0.132,0.352,0.203,0.2497909319,0.0002545455,0.0002909091,0.376,0.362,35.2862444485003,14.6012045993794
"28129",0.171011236,0.0001235483,12.354830739,94.35,0.2137420719,0.0702398434,12046.99,6.7,0.186,3.8,3.8,0.138,0.117,0.12,0.341,0.184,0.3393366078,6.16333e-05,0.0003697997,0.361,0.381,28.8826539032844,28.8826539032844
"28131",0.175368616,0.0002237762,5.5944055944,83.83,0.2193892677,0.0648282535,12148.15,6.5,0.167,3.6,3.7,0.157,0.11,0.114,0.334,0.185,0.6356685033,0.0001110124,0.0003885435,0.375,0.313,33.3574248068049,31.5042345397602
"28133",0.1850884541,0.0002909514,10.910677917,86.89,0.2456415,0.0506772181,12755.12,2.5,0.282,4.7,4.4,0.119,0.155,0.148,0.392,0.231,0.2029881154,7.14362e-05,0.0006786441,0.422,0.339,20.6065601590342,6.06075298795122
"28135",0.1865159857,0,14.904139286,74.63,0.2411051213,0.0506000649,11187.66,2.4,0.243,4.3,4,0.136,0.135,0.129,0.391,0.208,0.1749902458,0.000331543,0.0005304688,0.422,0.343,13.5043889264011,22.5073148773351
"28137",0.1790555313,0.0002481917,12.409587293,84.41,0.2285997031,0.0623229462,11083.26,5.3,0.191,4,3.8,0.14,0.12,0.121,0.347,0.205,0.2928408225,0.0001057343,0.0003524477,0.368,0.321,22.3863890754421,14.1387720476477
"28139",0.1904423812,0.0003176188,16.788420527,78.16,0.2426974952,0.0657495087,10145.44,6.7,0.204,4.1,4.1,0.141,0.128,0.129,0.327,0.209,0.4572688017,0.0006792248,0.0007245064,0.337,0.363,39.2429136354031,18.1121139855707
"28141",0.186392446,0.0004634398,6.6941297631,85.69,0.2319793796,0.0677927928,11760.04,7.7,0.186,4.1,3.9,0.14,0.124,0.124,0.329,0.19,0.2841831266,0.0007680885,0.0006656767,0.343,0.372,42.7343122339789,30.7687048084648
"28143",0.1463181383,9.43574e-05,7.5485940744,73.94,0.1991727649,0.0423780488,10678.39,2.1,0.277,4.7,4.4,0.113,0.154,0.148,0.411,0.237,0.3026535535,0.0003787879,0.0005681818,0.393,0.367,3.17450239674931,3.17450239674931
"28145",0.191332823,0.0005694558,16.015944763,68.77,0.2449978843,0.0675583458,10066.33,6.7,0.205,4,4,0.141,0.123,0.127,0.335,0.202,0.6465320262,0.0001441234,0.0005404626,0.377,0.35,37.96867584243,22.5439012814428
"28147",0.2093596059,0.0005383942,10.767884784,81.22,0.2661778399,0.0762486716,11546.45,5,0.227,4.2,4.1,0.121,0.131,0.13,0.352,0.195,0,6.69748e-05,0.000267899,0.367,0.394,29.2608265058071,33.7624921220852
"28149",0.1581045173,0.0006252214,11.670800075,75.19,0.2007111541,0.0555690563,10850.04,4.9,0.209,4.1,4,0.126,0.127,0.126,0.36,0.199,0.7619789638,0.0035256543,0.0003940437,0.374,0.36,24.3586709909107,16.0071266511699
"28151",0.1892522802,0.0004493648,15.114996528,54.97,0.2507966196,0.0506499328,9922.2,3.1,0.269,4.6,4.5,0.105,0.154,0.154,0.399,0.235,0.5363826583,0.0006842698,0.0006641443,0.408,0.375,89.2516487709162,6.81310295961193
"28153",0.1882380315,0.0003416301,11.713030747,82.41,0.242205448,0.0597353497,9966.53,6.1,0.231,4.4,4.2,0.125,0.137,0.135,0.373,0.214,0.4139393647,4.86879e-05,0.0002921272,0.38,0.39,48.7052520496794,16.2350840165598
"28155",0.181379643,0.0003008424,14.039310068,98.66,0.2291032149,0.065435568,10235.2,6.2,0.187,3.9,3.9,0.143,0.121,0.123,0.329,0.195,0.1341070906,0.0001001302,0.0005006508,0.309,0.371,53.5869783642575,36.841047625427
"28157",0.1729889299,0.0002176042,13.05625068,73.91,0.2200788218,0.0590551181,11187.59,4.3,0.244,4.3,4,0.123,0.134,0.13,0.406,0.218,0.107511642,0,0.0004263938,0.374,0.381,43.3306853470066,36.1089044558388
"28159",0.1834719686,0.0003247105,17.859075658,43.98,0.2341915941,0.0597385032,8812.45,4.8,0.24,4.4,4.2,0.116,0.139,0.139,0.366,0.216,0.5162516929,0.0009580583,0.0003725782,0.359,0.38,52.1742259323894,25.1875573466707
"28161",0.1745761011,0.0002443793,16.291951776,88.78,0.2194413717,0.0587417449,10486.48,5.1,0.214,4.2,4,0.126,0.132,0.13,0.351,0.2,0.4021138981,8.08211e-05,0.0003232846,0.379,0.367,48.5227517791676,43.1313349148156
"28163",0.1772001191,0.0001797462,7.9088327282,61.42,0.238267148,0.0532313907,10945.12,2.8,0.263,4.6,4.1,0.126,0.146,0.137,0.39,0.23,0.4579725637,0.0011476527,0.0003227773,0.37,0.382,37.3102892149193,6.0177885830515
"29001",0.1475604101,0.0013280212,16.795562847,35.02,0.1669028818,0.08835673,9198.81,6.2,0.197,4.6,4.2,0.166,0.14,0.133,0.331,0.235,0.7345647674,0.0013295792,0.0005474738,0.298,0.248,23.5134287804368,24.81973037935
"29003",0.1205748335,0.0001150814,10.357327809,44.92,0.1374237879,0.0794381206,10250.58,7.9,0.138,3.6,3.5,0.162,0.104,0.104,0.304,0.179,0.5127522989,0,0.000114646,0.329,0.269,76.7459708365311,53.7221795855718
"29005",0.1357177854,0.0001858045,35.30286139,85.29,0.1509933775,0.0949820789,10827.04,7.8,0.144,3.9,3.6,0.159,0.111,0.108,0.294,0.184,0.6029903254,0.0003670398,0.0014681593,0.312,0.329,99.1510193964182,0
"29007",0.1436472498,0.0005021826,11.588828369,64.31,0.172156664,0.0796260477,8913.8,7,0.166,4.1,3.9,0.152,0.121,0.12,0.318,0.213,0.6540013318,0.0015977553,0.0003896964,0.345,0.264,68.2602647983102,7.72757714697852
"29009",0.2007229428,0.0006449442,14.861757613,54.81,0.2391497776,0.1056639695,9592.02,7.6,0.187,4.3,4,0.144,0.13,0.125,0.33,0.207,0.5717335731,0.000337344,0.000449792,0.329,0.289,25.2187964095906,13.0764129531211
"29011",0.1768080311,0.0004146969,13.270299411,100.51,0.2110817942,0.1002255881,11365.61,6.7,0.19,4.5,4.1,0.14,0.136,0.128,0.338,0.225,0.5241896468,0.0004887984,0.0002443992,0.334,0.325,24.853639677455,24.853639677455
"29013",0.169713383,0.0003014954,14.471780029,90.46,0.1945388865,0.1113290829,8863.91,7.4,0.178,4.4,4,0.145,0.13,0.124,0.327,0.212,0.2604844859,0.0003021148,0.0004229607,0.319,0.267,60.5082694634933,52.4405002016942
"29015",0.1896564685,0.0003190471,18.079336382,71.01,0.2137896825,0.116265414,8932.52,7.5,0.19,4.5,4.1,0.125,0.135,0.128,0.307,0.201,0.5036209068,0.0003697443,0.0002641031,0.309,0.27,49.6383491703304,24.8191745851652
"29017",0.1671609332,8.06842e-05,7.261578183,62.47,0.1917567568,0.1030387705,9034.86,6.6,0.168,4.3,3.9,0.156,0.126,0.121,0.33,0.217,0.2091725309,0.0003202562,8.00641e-05,0.309,0.34,16.1873414989478,16.1873414989478
"29019",0.1214377618,0.001082696,11.811228773,38.5,0.138245293,0.0711664229,8440.06,6.2,0.158,4,3.7,0.19,0.12,0.116,0.293,0.195,0.7627611564,0.0027170571,0.0010364636,0.283,0.203,34.7179360572769,12.9227873102086
"29021",0.1396532746,0.0006704959,13.074670898,42.98,0.1659191121,0.0725437928,9691.4,6.9,0.18,4.3,4.1,0.154,0.124,0.118,0.368,0.217,0.7286465398,0.0012718814,0.0007586661,0.318,0.294,60.7716885954283,18.2687898231656
"29023",0.1704382698,0.0011402774,10.937354556,81.47,0.2083416404,0.0755706654,9626.3,6.5,0.193,4.5,4.2,0.147,0.134,0.129,0.337,0.23,0.716735991,0.002135413,0.0010909175,0.343,0.341,46.5094646760616,20.1541013596267
"29025",0.147518126,0,13.283152535,77.07,0.1686127053,0.0996856758,8714.58,7.1,0.16,4,3.8,0.149,0.119,0.115,0.319,0.201,0.3370118846,0,0.0002198527,0.351,0.346,29.471357524406,29.471357524406
"29027",0.1329639094,0.0003798883,10.502793296,57.51,0.1560967957,0.0719255167,8902.05,7.4,0.149,3.9,3.7,0.17,0.113,0.109,0.317,0.193,0.6373499955,0.0016005771,0.0002254334,0.355,0.281,35.8361392532644,17.1714833921892
"29029",0.1787371764,0.0009313737,12.948365553,40.46,0.2030572942,0.1050078817,8636.73,7.5,0.155,4.1,3.8,0.144,0.123,0.118,0.283,0.199,0.7582155357,0.001025945,0.0003647804,0.289,0.241,22.7066303360581,22.7066303360581
"29031",0.1224269377,0.0009610087,13.325986956,47.75,0.1442851308,0.0640781187,8257.55,6.7,0.163,4.1,3.8,0.161,0.119,0.115,0.341,0.201,0.7186616275,0.0022374547,0.0012415934,0.302,0.292,33.3425951653237,17.098766751448
"29033",0.153308155,0.0003317483,17.693243393,66.33,0.1781888997,0.0927058824,10207.5,7.2,0.161,4,3.8,0.151,0.118,0.116,0.336,0.204,0.4259279182,0.000109565,0.0004382601,0.366,0.317,36.8161401958619,58.905824313379
"29035",0.1984747751,0.0001597955,7.9897730904,70.83,0.2362097215,0.1052975801,8718.71,4.3,0.203,4.7,4.2,0.141,0.143,0.134,0.332,0.239,0.6451715882,0.0011127007,0.0011127007,0.307,0.318,26.5787795024453,53.1575590048905
"29037",0.1104965847,0.0002279733,9.1189326884,64.74,0.1290068665,0.06907744,9895.38,7.5,0.133,3.6,3.6,0.168,0.104,0.104,0.319,0.182,0.7484770502,0.0004968154,0.000258344,0.327,0.247,82.8019384230684,20.1231802542118
"29039",0.1855895197,0.0002866972,13.618119266,45.2,0.2202589695,0.1056316591,9068.05,7.1,0.202,4.8,4.3,0.13,0.146,0.136,0.33,0.223,0.3335717351,0.0004312513,0.0007187522,0.308,0.343,95.6960692839542,31.1012225172851
"29041",0.1601023018,0.0001299714,19.495710944,64.56,0.1786826347,0.1161473088,9350.24,6.7,0.166,4.2,4,0.142,0.125,0.121,0.314,0.203,0.1656238028,0.0003932879,0.0003932879,0.314,0.341,43.6471563877613,43.6471563877613
"29043",0.1331551643,0.0003532235,8.5260837261,44.2,0.1586500133,0.077195371,8687.49,7.8,0.138,3.7,3.6,0.165,0.107,0.107,0.299,0.196,0.7748960244,0.000939443,0.0002101386,0.294,0.269,32.483484178513,13.805480775868
"29045",0.1732949433,0.0002891427,14.457134596,89.57,0.1915160643,0.1297525649,8601.73,7.3,0.161,4,3.7,0.15,0.118,0.115,0.325,0.195,0.3831068777,0.0001447178,0,0.363,0.313,4.84777971688966,4.84777971688966
"29047",0.1005825628,0.0006889705,10.527126608,57.93,0.1176588982,0.0612410683,10144.15,7.6,0.137,3.7,3.4,0.179,0.104,0.103,0.313,0.186,0.9261238448,0.0008721195,0.0003818235,0.318,0.232,51.586757207856,18.8627477879141
"29049",0.128129867,0.0005418986,10.837972314,60.86,0.1490662424,0.078757515,9129.97,7.8,0.146,3.8,3.6,0.16,0.11,0.108,0.311,0.192,0.5938388854,0.0002430606,0.0006319576,0.345,0.318,89.461442118447,19.5188600985702
"29051",0.118599791,0.0008490406,24.034379613,46.16,0.1396162939,0.0687830688,8612.86,7.1,0.154,3.6,3.6,0.167,0.107,0.108,0.295,0.203,0.7328201079,0.0013429119,0.0005345572,0.327,0.215,33.4817546178732,16.0886353358611
"29053",0.138079096,0.0003980665,11.941996019,57.39,0.1618001047,0.0806328145,8425.14,6.8,0.17,4.1,3.7,0.163,0.121,0.116,0.326,0.216,0.4506562127,0.0009066697,0.0002266674,0.367,0.284,45.390929379279,18.9128872413663
"29055",0.1731832445,8.11359e-05,10.547667343,49.75,0.2062105774,0.0908632852,8788.72,7.2,0.196,4.7,4.2,0.141,0.142,0.133,0.328,0.237,0.6685293165,0.0003259585,0.0003259585,0.344,0.321,35.2690622498949,18.9910335191742
"29057",0.1707399864,0.0005243838,15.731515469,51.37,0.1953359501,0.1054852321,8743.61,7.4,0.187,4.5,4.1,0.137,0.136,0.128,0.317,0.218,0.0512495243,0.0006598047,0.0003958828,0.323,0.294,61.400815753695,61.400815753695
"29059",0.2055967582,0.0001220331,7.9321496125,53.71,0.2382833351,0.1232806928,9648.8,6.7,0.19,4.6,4.1,0.137,0.138,0.131,0.325,0.225,0.3569768135,0.0003628666,0.0002419111,0.349,0.284,101.384917979601,20.2769835959203
"29061",0.192664739,0.0001205255,8.4367843799,78.97,0.2251121076,0.1255666364,10193.21,7,0.16,4.2,3.9,0.147,0.125,0.12,0.325,0.216,0.2479544646,0.0002411382,0.0003617073,0.362,0.274,24.1507003703107,32.200933827081
"29063",0.1354873744,0.0002363694,7.8789788843,69.38,0.1560068324,0.0877671669,9167.57,6.2,0.155,3.8,3.4,0.174,0.109,0.102,0.34,0.199,0.2558175613,0,7.78816e-05,0.381,0.323,44.4804939951333,41.8639943483608
"29065",0.2078298695,0.0001916321,13.41424465,82.36,0.245468785,0.1124761125,10034.3,6.9,0.18,4.4,4.1,0.142,0.131,0.126,0.328,0.223,0.6412467267,0.0009535919,0.000317864,0.345,0.312,25.5438715994721,21.2865596662267
"29067",0.1892150301,0.0001476451,13.288055515,50.69,0.2211903205,0.1032959565,8476.21,5.6,0.197,4.6,4.2,0.137,0.14,0.131,0.338,0.227,0.1871528793,0.0004439512,0.0005919349,0.329,0.316,39.5706583568284,17.3121630311124
"29069",0.1657714174,0.0005423686,18.823379275,80.66,0.2040677582,0.0814501511,10783.72,6.3,0.234,5.1,4.4,0.129,0.157,0.141,0.329,0.244,0.537664695,0.0010406155,0.0006937437,0.356,0.373,36.1890772849677,19.1589232685123
"29071",0.1242923345,0.0006857098,14.008071784,48.38,0.1455018335,0.0721092249,9883.99,7.7,0.152,3.9,3.6,0.185,0.112,0.108,0.308,0.207,0.6764966697,0.0007366229,0.0002946492,0.304,0.294,40.4797503313463,20.5663247651195
"29073",0.1498536753,0.000336338,16.816897619,61.17,0.1696386673,0.0982800983,9652.14,7.7,0.154,4,3.8,0.147,0.116,0.115,0.327,0.191,0.5511102352,0.0006710959,0.0003355479,0.347,0.323,64.9859943977591,22.4089635854342
"29075",0.1713550285,0.000439496,21.974802227,96.15,0.1967903183,0.1153623188,11302.3,7.7,0.165,4.2,3.9,0.147,0.122,0.118,0.303,0.197,0.2923716236,0.000295203,0.000295203,0.285,0.285,68.9893066574681,59.1336914206869
"29077",0.1395716526,0.0010354538,12.488412362,45.65,0.164844692,0.0676319857,8930.25,6.9,0.168,4.2,3.7,0.159,0.127,0.119,0.322,0.202,0.8406099413,0.0027759186,0.0010462536,0.347,0.247,53.6251161391782,19.7014013641763
"29079",0.1555895085,0.0002942042,18.632931254,55.52,0.1795289855,0.1004882018,9462.54,6.3,0.181,4.4,4,0.14,0.131,0.125,0.314,0.211,0.3915797681,0.0010622887,0.0003862868,0.33,0.288,78.3059806192698,71.7804822343306
"29081",0.1789411417,0.0002315083,15.048037967,77.44,0.2143009605,0.1021530005,11004.48,6.6,0.177,4.4,4,0.141,0.129,0.122,0.321,0.203,0.3733392877,0.0009152271,0.0005720169,0.337,0.278,38.4689363339104,38.4689363339104
"29083",0.1527402381,0.0007263483,17.250771745,75.3,0.1745691367,0.0969986086,10198.71,6.5,0.181,4.3,4,0.14,0.13,0.123,0.318,0.208,0.5107309626,0.0020853167,0.0003173308,0.316,0.31,42.5376762275158,22.7880408361692
"29085",0.2196568863,0.0001084716,11.931879813,51.98,0.2462908012,0.1379738968,8444.2,7.1,0.194,4.6,4.2,0.119,0.14,0.131,0.317,0.205,0.1442817077,0.0005373455,0.0004298764,0.322,0.326,100.991884580703,122.63300270514
"29087",0.1542015593,0.0004428698,24.357838795,47.17,0.1676994578,0.1165577342,8115.64,4.2,0.154,3.9,3.7,0.148,0.115,0.113,0.305,0.192,0.3216612378,0.0004378284,0.0006567426,0.329,0.301,36.8514150943396,58.9622641509434
"29089",0.1441556779,0.0003937395,11.812186239,46.64,0.1684024713,0.0824468085,8318.86,6.6,0.166,4.1,3.9,0.159,0.12,0.117,0.318,0.209,0.1313091483,0.0002924832,0.0003899776,0.333,0.281,55.6373752250041,45.8190148911798
"29091",0.1655412697,0.0008961243,13.939710751,54.64,0.1985892803,0.0878249523,8456.78,6.3,0.191,4.6,4.2,0.139,0.137,0.13,0.336,0.214,0.6371039604,0.0015101627,0.00084173,0.329,0.298,65.4607525500692,30.6588334728172
"29093",0.1703377386,0,19.479887017,79.11,0.2020639148,0.0841409692,11015.52,6,0.191,4.6,4.1,0.141,0.14,0.131,0.329,0.238,0.757855127,0.0006767208,0.000483372,0.342,0.286,45.5491931285789,35.7886517438834
"29095",0.1481528516,0.0007611341,11.241365885,55.1,0.1773889885,0.0732249316,9771.28,6.3,0.19,4.3,3.8,0.157,0.127,0.118,0.336,0.207,0.9425995093,0.0018382461,0.0007764752,0.328,0.234,56.1241655736026,16.7250988633759
"29097",0.1744279811,0.0006131452,13.782190347,57.5,0.2164961728,0.0771161305,9864.38,6.8,0.172,4.2,4,0.161,0.125,0.123,0.321,0.236,0.6659653845,0.0019673878,0.0010051719,0.354,0.296,30.0677659366251,23.5436280447159
"29099",0.1214817211,0.0002334812,7.8575405449,71.72,0.1457275941,0.0606345816,11178.23,7.5,0.151,3.8,3.7,0.178,0.11,0.107,0.331,0.205,0.8054340223,0.0006142839,0.0002168061,0.317,0.248,34.7182731849227,19.1549093434056
"29101",0.1218308279,0.0003862993,9.5655053162,78.89,0.1416954912,0.0689258102,9526.32,6.8,0.155,3.8,3.7,0.18,0.112,0.114,0.327,0.205,0.6098488449,0.0009895184,0.0003848127,0.334,0.239,30.6965036682322,19.6457623476686
"29103",0.219858156,0.00075,25,38.33,0.2479262673,0.154396728,9283.23,6.5,0.188,4.5,4.1,0.136,0.136,0.13,0.321,0.215,0,0.0002458815,0.0002458815,0.322,0.26,0,8.34933622776989
"29105",0.1687300662,0.00067722,14.390925252,73.02,0.2071421649,0.077689466,9581.05,6.6,0.196,4.5,4.1,0.142,0.136,0.128,0.332,0.232,0.4365353799,0.0010373735,0.0005887795,0.317,0.31,22.518507398268,17.8271516902955
"29107",0.1243392237,0.0003059227,16.519823789,69.69,0.1464182629,0.0709545687,9590.75,7.6,0.142,3.7,3.6,0.164,0.107,0.107,0.324,0.188,0.5093316557,0.000789242,0.0005463983,0.317,0.304,65.0856282797055,12.2035553024448
"29109",0.1837504838,0.000604897,16.04292139,49.99,0.2176691207,0.1079769487,8891.04,7.4,0.174,4.3,4,0.146,0.127,0.123,0.323,0.213,0.4646166589,0.0014141679,0.0003404478,0.334,0.262,61.1952302689093,19.2327866559429
"29111",0.1546005936,0.0001972776,13.809429868,78.7,0.1724954463,0.1137221989,9822.7,6.3,0.168,4.1,3.8,0.156,0.119,0.115,0.307,0.207,0.4116149251,0.0004925138,0.000394011,0.344,0.313,32.7901105026724,39.3481326032069
"29113",0.1401960368,9.21676e-05,7.9264133901,66.17,0.1678911565,0.078485813,11185.61,7.5,0.152,3.9,3.7,0.169,0.114,0.111,0.33,0.21,0.444945402,0.0005012997,0.0001670999,0.328,0.324,16.5842572402567,19.0411842388133
"29115",0.1588259358,0.0005685972,20.307042482,95.84,0.1809496236,0.107615894,10594.49,6.4,0.172,4.1,3.9,0.143,0.125,0.122,0.306,0.209,0.5280934096,0.0002425614,0.0002425614,0.338,0.271,29.7401789818044,27.0365263470949
"29117",0.1475303494,0.0006643194,15.27934631,83.09,0.1709669012,0.0925473427,10641.69,7.5,0.15,3.9,3.8,0.148,0.116,0.116,0.316,0.196,0.5973675551,0.0006052048,0.0002689799,0.297,0.252,64.5132585869372,57.8394732158747
"29119",0.2423227535,0.0001315789,8.3333333333,69.1,0.2906335075,0.1317248125,9468.83,7.6,0.221,4.9,4.3,0.147,0.15,0.136,0.35,0.244,0.4094355153,8.86603e-05,0.0003103112,0.279,0.321,44.1169982794371,22.0584991397185
"29121",0.1703581721,0.0002584146,13.566767879,67.62,0.199626648,0.1021762208,10545.8,7,0.17,4.2,3.9,0.148,0.126,0.122,0.326,0.195,0.2225362971,0.000514668,0.000386001,0.354,0.293,62.5566245308253,28.0426247896803
"29123",0.1726996967,0.0004042691,19.404915912,55.59,0.204861599,0.0915323963,10182.07,6.8,0.189,4.5,4.1,0.141,0.134,0.127,0.327,0.223,0.876001963,0.0010457727,0.0007239965,0.356,0.297,16.1259977961136,16.1259977961136
"29125",0.1792099792,0.0001109508,15.533118828,46.39,0.2037107156,0.1137931034,8731.04,7.6,0.16,4,3.8,0.149,0.118,0.116,0.312,0.202,0.0363993025,0.000332668,0.000332668,0.357,0.336,25.9316885233756,25.9316885233756
"29127",0.1377779693,0.00093361,19.363762102,81.86,0.1672505436,0.0676777794,8970.87,6.9,0.178,4.3,3.9,0.152,0.126,0.12,0.316,0.221,0.7356589417,0.00204124,0.0005189593,0.381,0.297,35.7538291197638,14.9935412437719
"29129",0.1755464481,0.0002688895,21.511158914,45.5,0.1918208374,0.1389793702,8476.96,7.4,0.172,4.2,4,0.14,0.126,0.121,0.32,0.202,0.5357992074,0.000270636,0.000270636,0.32,0.299,9.00252070579762,9.00252070579762
"29131",0.1780895581,0.0003182053,13.125969532,71.52,0.2103720867,0.0980263158,8853.27,7.4,0.186,4.5,4,0.151,0.133,0.126,0.334,0.233,0.5216583158,0.00011956,0.00011956,0.318,0.256,35.8346826639768,15.9265256284342
"29133",0.1581078412,0.0002810568,15.458122541,69.21,0.196875,0.0718488696,9783.66,6.2,0.27,5.2,4.5,0.132,0.163,0.147,0.371,0.268,0.3580582254,0.0002100546,0.0002800728,0.352,0.304,28.2021151586369,18.8014101057579
"29135",0.1771088269,0.0001892028,18.289606458,40.7,0.2080993908,0.1122599705,8198.91,7.7,0.152,3.9,3.6,0.168,0.113,0.107,0.318,0.196,0.3932209906,0.0001905004,0.0001270003,0.338,0.276,21.0229781150798,21.0229781150798
"29137",0.1656701181,0.0003445504,14.930515677,59.42,0.1869556411,0.1135912698,8534.38,7.6,0.161,4.1,3.8,0.146,0.122,0.118,0.311,0.198,0.4454751131,0,0.0003419193,0.32,0.339,49.8772252915899,46.0405156537753
"29139",0.1592493298,0.000253357,16.890465332,49.07,0.1872949597,0.0897107287,9062.46,7.3,0.181,4.4,4,0.145,0.13,0.123,0.326,0.213,0.1612455051,0.0004178855,0.0005850397,0.343,0.325,78.8532484722183,16.8971246726182
"29141",0.2189097104,0.0001976285,16.304347826,53.84,0.2513026785,0.1377865961,8676.77,7.3,0.188,4.5,4.1,0.132,0.136,0.128,0.322,0.224,0.4068563093,0.000296077,0.0002467308,0.307,0.303,54.3872371283539,56.0353352231525
"29143",0.1561448378,0.0001094571,15.323992995,76.91,0.1899162826,0.0734068903,10369.6,6.5,0.211,4.8,4.2,0.136,0.145,0.134,0.353,0.24,0.3637898291,0.000272257,0.000272257,0.358,0.344,36.4664053240952,10.9399215972286
"29145",0.1713765386,0.0006131452,10.921874467,57.04,0.2036093167,0.0980392157,9904.76,7.1,0.17,4.1,3.9,0.148,0.121,0.118,0.322,0.205,0.5398699109,0.000254907,0.0001359504,0.358,0.288,48.847538879233,17.0398391439185
"29147",0.1237617782,0.0005632338,12.131190156,56.35,0.1384196185,0.0767852572,9103.63,4.6,0.185,4.5,4,0.169,0.138,0.128,0.306,0.219,0.6124090715,0.0010317699,0.0001289712,0.329,0.284,33.2600647848218,54.9514113836187
"29149",0.1935254358,0,6.4155439465,40.44,0.2265702072,0.109947644,8405.91,6.4,0.218,4.8,4.3,0.13,0.148,0.138,0.338,0.242,0.4941641393,9.09422e-05,9.09422e-05,0.312,0.293,63.9074863055386,85.2099817407182
"29151",0.1279518721,7.29767e-05,10.946508064,52.96,0.1462186989,0.0866706515,8564.14,8,0.131,3.5,3.4,0.175,0.1,0.1,0.303,0.175,0.2841187491,7.30567e-05,7.30567e-05,0.326,0.277,39.0063141471026,63.3852604890417
"29153",0.2156299382,0.0002107038,11.588706279,49.75,0.2455799495,0.132808399,8051.02,4.5,0.199,4.6,4.1,0.126,0.138,0.13,0.323,0.216,0.4263087524,0,0.0003138075,0.324,0.301,70.2715997329679,66.7580197463195
"29155",0.1467207573,0.0002832861,16.430594901,134.06,0.1826913653,0.0679229654,9672.46,5.5,0.236,5,4.4,0.131,0.156,0.141,0.376,0.255,0.3722671622,0.0009538237,0.00061718,0.355,0.394,28.3259371164196,26.4375413086583
"29157",0.1302790347,0.0003645454,15.10259348,64.69,0.1512885918,0.0803011292,10217.56,7.7,0.144,3.8,3.6,0.161,0.111,0.108,0.314,0.193,0.4097833535,0.0005243289,0.0004194631,0.363,0.284,33.0682075291087,31.3277755538925
"29159",0.1753567976,0.0004973357,11.841326229,74.49,0.2105453522,0.0932839277,8949.86,7.1,0.209,4.7,4.1,0.151,0.141,0.128,0.324,0.225,0.6339897159,0.0010425305,0.0003317143,0.355,0.255,29.9956585231085,18.9446264356475
"29161",0.1604237502,0.0011371998,13.378821326,35.4,0.1857326478,0.0910602911,9315.2,6.7,0.171,4.3,3.9,0.17,0.128,0.12,0.329,0.213,0.6016476216,0.0023880197,0.0008257638,0.296,0.298,30.4950612876354,17.1069856003808
"29163",0.1620065789,0.0002696726,19.416428456,78.02,0.1892322396,0.0986969112,9591.54,6.7,0.175,4.2,3.8,0.159,0.128,0.119,0.348,0.22,0.4256318859,0.0002142589,0.0002678237,0.312,0.28,21.5990496418158,10.7995248209079
"29165",0.0925953151,0.0008334388,9.4948727687,47.35,0.1059044207,0.0605726405,9817.05,7.5,0.126,3.5,3.4,0.176,0.099,0.098,0.318,0.18,0.8128008777,0.0009002251,0.0003643768,0.344,0.217,37.6503374455478,15.1305094407341
"29167",0.1597864624,0.0007084434,9.9826109358,41.03,0.1879990874,0.0920716113,8769.51,7.1,0.187,4.4,4.1,0.153,0.133,0.127,0.313,0.214,0.5497639464,0.0015496868,0.0007102731,0.344,0.274,64.3383338516144,13.9399723345164
"29169",0.1424005682,0.0003181376,10.66696609,49.63,0.1730971271,0.0740470397,9092.12,6.7,0.176,4.2,3.7,0.204,0.122,0.112,0.353,0.211,0.6292038107,0.0014884275,0.0008930565,0.303,0.249,14.3387051525825,9.35132944733643
"29171",0.1935220468,0.0002070822,10.354110582,79.73,0.2152466368,0.1373471308,12133.19,6.6,0.173,4.2,3.8,0.146,0.125,0.118,0.32,0.204,0,0.0002051282,0,0.313,0.309,61.8046971569839,61.8046971569839
"29173",0.1287704422,0.0001950268,7.8010726475,42.91,0.1442021804,0.0885416667,7905.05,8,0.138,3.6,3.5,0.155,0.105,0.105,0.326,0.186,0.2141241271,0.0002943485,0,0.314,0.299,26.1071043957837,26.1071043957837
"29175",0.1550886824,0.0004786216,15.156349713,51.68,0.1865395981,0.078905839,10020.8,6.7,0.198,4.4,4,0.157,0.132,0.121,0.382,0.23,0.6020697253,0.0007217322,0.0004009623,0.377,0.314,61.2386176047713,27.9567602108738
"29177",0.1267306774,0.0003485991,12.636716197,82.31,0.1479189687,0.0755427956,11160.33,7.5,0.152,3.9,3.7,0.158,0.113,0.111,0.318,0.194,0.5423086746,0.000260428,0.000130214,0.38,0.33,56.6876944097212,10.174714381232
"29179",0.1757054233,0.0004569688,13.709063214,91.29,0.2065981612,0.0901759531,9983.97,5.3,0.199,4.6,4.2,0.133,0.142,0.133,0.32,0.224,0.5681003584,0.0016669192,0.0003030762,0.334,0.319,5.10308226168606,5.10308226168606
"29181",0.1900161031,0.0002863483,11.45393371,88.93,0.2237701886,0.1023816888,10466.74,5.9,0.217,4.8,4.3,0.135,0.146,0.137,0.341,0.243,0.5271631206,0.0005701254,0.0002850627,0.359,0.324,33.4904193478937,23.9217281056384
"29183",0.0814746021,0.0004532363,6.6404386906,52.77,0.0955055938,0.0491237194,10159.86,8.1,0.118,3.4,3.5,0.18,0.098,0.097,0.323,0.164,0.8872269304,0.000942449,0.0002838057,0.259,0.241,45.3196882427027,13.7891299498146
"29185",0.1912193699,0.0005287089,9.5167600719,71.52,0.2187194047,0.1136853448,10142.52,7.1,0.188,4.4,4,0.134,0.132,0.123,0.31,0.201,0.1560428353,0.0001054074,0.0008432592,0.314,0.29,42.2773393461105,45.8004509582864
"29186",0.1382601582,0.0004465781,16.746678575,78.59,0.1603088947,0.0805825243,11560.44,7.1,0.155,4,3.6,0.16,0.114,0.111,0.312,0.195,0.6525764673,0.000562493,0.0001124986,0.329,0.334,72.7462647590979,20.5181772397456
"29187",0.154024238,0.0007125531,13.341419042,72.3,0.1845266297,0.0765144198,10383.85,6.6,0.183,4.3,3.9,0.16,0.129,0.12,0.359,0.229,0.6593277131,0.0017820735,0.0005134788,0.336,0.326,20.6346410327386,11.5755303354387
"29189",0.1085268395,0.0012167174,9.6718555989,47.7,0.1289948708,0.0557366433,9609.88,7,0.142,3.6,3.5,0.148,0.104,0.106,0.325,0.166,0.9730147735,0.0021299244,0.0005042718,0.292,0.227,63.6249526887113,14.0021458870609
"29195",0.1508316121,0.0006424808,13.277937208,70.63,0.1784739078,0.0835924639,8672.63,6.7,0.197,4.4,4,0.149,0.132,0.125,0.323,0.225,0.433461703,0.0009891622,0.0004300705,0.35,0.316,40.08188155804,8.58897461958
"29197",0.2134023584,0.0006864989,22.883295195,44.42,0.2455412692,0.1426008969,10197.2,4,0.197,4.6,4.2,0.138,0.141,0.132,0.321,0.224,0,0,0.0002294631,0.328,0.297,7.59647523549073,7.59647523549073
"29199",0.223586595,0.0012338063,22.619782028,116.26,0.2644885259,0.1441827266,13549.05,7.3,0.166,4.2,3.9,0.145,0.124,0.12,0.3,0.205,0,0.0004064215,0.0006096322,0.325,0.297,6.83153436261784,6.83153436261784
"29201",0.1433721834,0.0004626893,14.908875922,58.11,0.1731294138,0.069845253,9323.33,6,0.191,4.5,4.1,0.148,0.136,0.127,0.329,0.233,0.6776045521,0.0012471367,0.0007126495,0.35,0.288,31.569696504296,18.7711708944463
"29203",0.1846731781,0,6.0031216232,79.04,0.2162996501,0.1,8869.94,5.9,0.184,4.4,4.1,0.141,0.135,0.129,0.329,0.23,0.6457765668,0,0.0001205255,0.334,0.295,52.2424047580775,40.1864651985211
"29205",0.1715122359,0,21.283562541,57.46,0.1922403734,0.1221052632,9211.62,6.2,0.174,4.2,3.9,0.143,0.126,0.121,0.313,0.206,0.369527695,0,0.0001618909,0.353,0.267,43.4475642209309,43.4475642209309
"29207",0.1604625047,0.000435263,15.736431513,78.37,0.19132915,0.0803312028,9349.52,7.4,0.176,4.3,3.8,0.15,0.125,0.117,0.31,0.199,0.3742325147,0.0004365346,0.0006715917,0.346,0.348,65.9151593694489,17.8752974561217
"29209",0.197021713,0.0003536523,11.252572016,36.5,0.2218587534,0.1199288256,8584.04,7.5,0.162,4.1,3.9,0.137,0.121,0.119,0.318,0.197,0.6407676542,0.0003514714,0.0002875675,0.336,0.296,23.5687350017141,27.8539595474803
"29211",0.2104351174,0.0003119638,17.158009671,75.4,0.2324037185,0.1536939314,9230.26,6.7,0.195,4.3,3.9,0.147,0.129,0.121,0.326,0.215,0.4103366101,0,0.0009305211,0.347,0.342,57.2558817405788,36.4355611076411
"29213",0.2158796549,0.0007744791,14.567582519,46.21,0.2536651672,0.1140090052,9032.95,6.2,0.184,4.4,4.1,0.146,0.133,0.128,0.318,0.225,0.7359845186,0.0004666356,0.0007652823,0.31,0.282,20.3205724243674,17.2416978146148
"29215",0.1816206476,0.0004289837,12.479525778,66.52,0.2080047173,0.1163330951,8002.32,6.7,0.193,4.6,4,0.139,0.138,0.127,0.33,0.237,0.4577822209,0.0003510688,0.0002340459,0.332,0.282,14.2916536742542,16.8901361604823
"29217",0.1692602346,0.0003333175,11.428027237,55.73,0.1981547317,0.1013078274,8329.21,6.8,0.17,4.3,4,0.15,0.127,0.123,0.315,0.219,0.4463821542,0.0031982434,0.0006205547,0.342,0.272,60.5326876513317,17.522620109596
"29219",0.1442255163,9.02174e-05,10.224641386,52.51,0.170122139,0.0831536065,9979.78,7.9,0.153,3.9,3.6,0.165,0.112,0.109,0.325,0.189,0.6940915941,0.0003030395,0.0001515197,0.3,0.251,29.0683105297449,12.0282664261013
"29221",0.173867803,0.0003588946,9.1717510069,113.83,0.2102514773,0.0815015218,11025.53,6.3,0.205,4.6,4.1,0.149,0.14,0.13,0.345,0.245,0.5676126216,0.0005561735,0.0003178134,0.325,0.321,13.3267587989925,22.6554899582872
"29223",0.1811983868,0.0003716919,14.124293785,60.63,0.2103354488,0.0996491228,9400.46,5.4,0.2,4.7,4.2,0.136,0.144,0.133,0.332,0.238,0.6744323645,0.0005222322,0.0002238138,0.341,0.352,27.3217257395494,27.3217257395494
"29225",0.1842096674,0.0002982,9.2170895684,40.81,0.2136043334,0.1233930658,9211.95,7.6,0.17,4.3,3.9,0.152,0.127,0.121,0.315,0.214,0.5428705596,0.0005484561,0.0003839193,0.335,0.263,24.3600963577145,23.457870566688
"29227",0.158974359,0.0004823927,19.295706705,45.93,0.1647776809,0.1438515081,7870.56,7.1,0.16,4,3.8,0.143,0.117,0.114,0.301,0.187,0.47673883,0,0.0004784689,0.304,0.288,16.0771704180064,0
"29229",0.2072022916,0.0002186868,14.21464108,56.23,0.2499755788,0.1103256213,9237.77,6.8,0.215,5,4.4,0.13,0.154,0.143,0.345,0.253,0.2947648153,0.0013533265,0.0006495967,0.32,0.305,25.4397441488588,21.8054949847362
"29510",0.1630392859,0.0008317082,13.45225081,58.86,0.1932371973,0.0617716693,9977.02,4.9,0.233,5,4.4,0.165,0.154,0.139,0.386,0.255,0.9868929576,0.0023773931,0.0012750616,0.326,0.237,43.4042374306373,11.9808306709265
"30001",0.1910477266,0.0012841091,17.121455324,30.8,0.2168631006,0.1050420168,8423.84,7.3,0.13,3.4,3.2,0.201,0.103,0.097,0.269,0.171,0.7295046507,0.0013917139,0.0004282197,0.248,0.21,67.8910884013435,35.7321517901808
"30003",0.2608582575,0.0009034784,6.7760879386,117.35,0.3471973557,0.1159192825,9013.91,4.5,0.223,5.2,4.3,0.182,0.168,0.145,0.326,0.28,0.4153905946,0.0003833768,0.0006900782,0.379,0.25,45.4936056209877,40.4387605519891
"30005",0.266427932,0.0004532407,16.618824596,44.48,0.3393541325,0.1315660285,6881.85,5.3,0.217,4.9,4.5,0.169,0.161,0.146,0.344,0.274,0.0402095209,0.0010599637,0.0007571169,0.366,0.28,60.6060606060606,60.6060606060606
"30007",0.1894997747,0.0003529204,12.352214576,29.14,0.2155670417,0.1174055829,7193.43,7.3,0.117,3.3,3.1,0.196,0.098,0.094,0.281,0.158,0.5470420527,0.0001756852,0.0001756852,0.3,0.245,58.6579070858752,70.3894885030502
"30009",0.1717485999,0.0004808155,12.501202039,42.72,0.1889699919,0.1205852674,7381.09,7.5,0.124,3.4,3.2,0.192,0.101,0.096,0.267,0.168,0.4214129788,0.000483559,0.0001934236,0.253,0.224,67.4222236491476,16.0529103926542
"30011",0.233409611,0,17.108639863,NA,0.2511013216,0.1796116505,5359.4,4.4,0.124,3.5,3.3,0.181,0.104,0.098,0.282,0.16,0.2155172414,0,0.0008517888,0.261,0.247,28.3848992336077,28.3848992336077
"30013",0.1562068137,0.0007650831,14.087243758,42.97,0.1914243225,0.0661965902,8097.85,7.3,0.128,3.8,3.3,0.221,0.113,0.099,0.307,0.181,0.7312331698,0.0022091668,0.0008618178,0.273,0.212,50.2012096872141,19.4327263305345
"30015",0.2372774869,0.0001696641,16.966406515,32.49,0.2803682804,0.1377005348,7053.45,4.3,0.161,4.2,3.7,0.181,0.127,0.117,0.314,0.206,0.0337175297,0.0005129082,0.0003419388,0.283,0.283,28.5551113649343,28.5551113649343
"30017",0.1521966527,0.0009096924,12.404895799,48.43,0.1799055389,0.0802079465,6972.51,6.6,0.116,3.2,3.1,0.206,0.096,0.093,0.28,0.167,0.620052996,0.0020918752,0.0011714501,0.308,0.288,99.5079882801703,27.6411078556029
"30019",0.1551724138,0.001115449,22.308979364,NA,0.1715176715,0.1176470588,8511.19,5.2,0.107,3,2.9,0.189,0.089,0.087,0.263,0.142,0.6287835523,0,0.0005583473,0.259,0.274,18.7125748502994,18.7125748502994
"30021",0.1399362719,0.0005253204,22.06345871,39.41,0.1665439823,0.073853211,6155.14,7.4,0.12,3.4,3.2,0.202,0.1,0.095,0.293,0.171,0.5878875753,0.0010587612,0.0015881419,0.271,0.26,108.437106478243,111.93507765496
"30023",0.1662170264,0.0010928962,14.207650273,66.24,0.1926431551,0.0714285714,8464.2,7.8,0.144,3.9,3.4,0.196,0.117,0.106,0.304,0.197,0.6763820176,0.0036445493,0.000857541,0.247,0.253,72.4165399377218,36.2082699688609
"30025",0.117467582,0.0006435006,35.392535393,34.11,0.1342872867,0.0821256039,8568.33,8.3,0.101,2.9,2.9,0.22,0.087,0.084,0.266,0.15,0.0176470588,0,0.0012991231,0.27,0.3,63.9863495787565,63.9863495787565
"30027",0.1802784223,0.0010487677,14.857542388,50.83,0.205075662,0.1149185123,6989.27,7.2,0.12,3.4,3.1,0.194,0.099,0.093,0.287,0.152,0.5632660107,0.0016520303,0.0002608469,0.259,0.232,160.023276112889,125.109106779168
"30029",0.1667522597,0.0007585015,14.221903839,26.6,0.2022663088,0.0740097766,7171.06,7.7,0.124,3.6,3.3,0.208,0.106,0.099,0.305,0.172,0.7677503079,0.0021597112,0.0008166072,0.216,0.186,88.6833687011054,23.2265965645752
"30031",0.1379203101,0.0007501953,12.331976816,24.78,0.1614202222,0.0673062945,7069.41,7.8,0.104,3.1,2.9,0.25,0.094,0.091,0.249,0.147,0.7854948443,0.0023331926,0.0007706926,0.156,0.134,66.6058674645708,15.7121533506167
"30033",0.2111000991,0,0,NA,0.2258064516,0.1847133758,6057.45,6.8,0.108,3.2,3,0.197,0.092,0.089,0.273,0.15,0.0538971808,0.0007751938,0.0007751938,0.257,0.307,25.5558395093279,25.5558395093279
"30035",0.2726210351,0.0008761682,11.682242991,81.32,0.3587261146,0.1111880046,8112.72,5.5,0.218,5.2,4.6,0.18,0.172,0.154,0.34,0.307,0.2641988208,0.00145571,0.0006550695,0.349,0.294,38.9464972494036,48.6831215617545
"30037",0.2239747634,0.0011737089,0,NA,0.2398286938,0.1878453039,7381.83,3.9,0.144,3.8,3.5,0.169,0.117,0.108,0.281,0.177,0.0124434389,0,0.0011641444,0.253,0.226,0,0
"30039",0.2114537445,0.0003116236,12.46494235,27.11,0.2295454545,0.1508379888,5747.89,5.9,0.118,3.3,3.2,0.171,0.099,0.095,0.286,0.153,0.6336472881,0.0003186743,0.0003186743,0.263,0.259,52.153958485449,52.153958485449
"30041",0.1811074451,0.0006628103,14.46131598,49.25,0.2264170676,0.0856830601,6678.16,6.2,0.172,4.2,3.6,0.199,0.126,0.11,0.348,0.226,0.6108971173,0.0021728634,0.0006035732,0.349,0.268,46.244169213447,22.1167765803442
"30043",0.1369670804,0.0008652016,8.6520159197,35.59,0.1555329654,0.0873554049,7100.3,7.5,0.103,3.1,3,0.199,0.091,0.088,0.28,0.157,0.4405576013,0.0004343294,8.68659e-05,0.281,0.214,46.0895866340199,28.8059916462624
"30045",0.2442996743,0,5.0226017077,NA,0.2602739726,0.1984536082,6282.35,6.3,0.115,3.3,3.1,0.188,0.097,0.093,0.269,0.156,0.0786679537,0,0.0004960317,0.292,0.293,16.8548794876117,0
"30047",0.2520862309,0.000618578,10.653287055,41.87,0.3103341775,0.1188297282,7865.31,7,0.17,4.3,3.8,0.173,0.133,0.124,0.303,0.204,0.4562373895,0.0015163525,0.0006547886,0.288,0.233,51.3857010722483,39.9666563895265
"30049",0.1299211868,0.0008807094,22.017735666,39.07,0.1552472465,0.061925986,7344.76,7.9,0.12,3.5,3.1,0.198,0.098,0.092,0.28,0.158,0.7181954413,0.0035354618,0.0008570816,0.253,0.187,78.9425743375908,20.2416857275874
"30051",0.1866383881,0.0004239084,21.195421789,54.53,0.2217453505,0.08477842,8333.71,6.1,0.121,3.5,3.3,0.198,0.103,0.098,0.286,0.166,0.373663959,0,0.0008442381,0.267,0.24,14.0134529147982,0
"30053",0.1990581289,0.0008366013,15.68627451,23.12,0.231131205,0.1005053341,7203.98,6.9,0.151,3.8,3.5,0.16,0.119,0.106,0.289,0.172,0.89698786,0.0015416238,0.000668037,0.265,0.246,81.5448409875601,32.9649357183754
"30055",0.2371450499,0,17.709563164,68.22,0.2474332649,0.2152974504,8197.47,5.7,0.114,3.3,3.1,0.191,0.098,0.093,0.269,0.156,0,0,0.0005851375,0.218,0.281,19.6618167518679,0
"30057",0.1847200419,0.0007672634,14.066496164,43.48,0.200619332,0.1297591298,7638.35,7.3,0.114,3.3,3,0.194,0.098,0.092,0.261,0.156,0.329606033,0.0002593361,0.0009076763,0.221,0.221,46.9143173966819,76.7688830127522
"30059",0.2051470588,0.0005396654,5.3966540745,89.09,0.236043095,0.115819209,10502.22,3.1,0.149,3.9,3.6,0.162,0.12,0.111,0.289,0.188,0.1792702274,0,0.0005162623,0.235,0.24,17.7935943060498,17.7935943060498
"30061",0.1955541237,0.0002349072,4.698144233,50.56,0.2278534923,0.0988593156,7102.94,5.7,0.151,3.9,3.5,0.166,0.117,0.106,0.299,0.172,0.9410371774,0.0016374269,0.0011695906,0.269,0.256,46.9373386528984,46.9373386528984
"30063",0.1540113628,0.0009318093,12.512867843,30.2,0.1806726138,0.0672313628,7167.65,7.1,0.134,3.5,3.3,0.238,0.106,0.099,0.282,0.166,0.8908041245,0.003318218,0.0010464461,0.227,0.151,66.4359616383994,24.8027590116691
"30065",0.2007808143,0,13.074743953,78.02,0.2266173752,0.1244635193,8365.59,6.8,0.14,3.8,3.5,0.178,0.112,0.103,0.296,0.178,0.494931688,0.0002160294,0.0004320588,0.285,0.265,7.2463768115942,7.2463768115942
"30067",0.1854883135,0.0011335013,18.891687657,37.07,0.2131551901,0.0987851662,7008.28,6.7,0.115,3.3,3.1,0.197,0.098,0.093,0.278,0.151,0.6407649015,0.0022318582,0.0008289759,0.236,0.214,69.4239912483696,48.386418142803
"30069",0.1806282723,0,0,NA,0.2035714286,0.1304347826,11513.85,3.4,0.133,3.6,3.3,0.183,0.109,0.102,0.284,0.176,0,0,0,0.256,0.272,0,0
"30071",0.2389460933,0.0002385496,14.312977099,79.53,0.2733389403,0.1533678756,8002.43,7.1,0.145,3.9,3.5,0.187,0.119,0.108,0.282,0.184,0.6195626617,0.0004785834,0.0004785834,0.293,0.291,71.7703349282297,71.7703349282297
"30073",0.2319660537,0.0004823927,24.119633382,59.13,0.2872800692,0.1051956382,9276.47,5.4,0.147,3.8,3.6,0.196,0.117,0.109,0.299,0.195,0.4599382415,0.0011270327,0.001449042,0.316,0.251,64.4676050284732,96.7014075427098
"30075",0.1911439114,0,22.434099832,NA,0.2066666667,0.1385542169,5018.93,6.4,0.121,3.4,3.2,0.177,0.102,0.098,0.275,0.165,0.5582329317,0,0,0.258,0.294,18.8536953242836,18.8536953242836
"30077",0.1770208683,0.0010131712,13.026487191,50.68,0.2053915276,0.0965147453,7472.38,7.3,0.128,3.5,3.1,0.218,0.104,0.094,0.315,0.179,0.5957022912,0.0008580009,0.001001001,0.299,0.276,57.8536303153023,53.0324944556938
"30079",0.1722846442,0,26.132404181,NA,0.1922428331,0.1187214612,6011.79,4.4,0.134,3.6,3.4,0.162,0.11,0.103,0.276,0.16,0,0,0.0016963528,0.27,0.244,28.6779466590192,0
"30081",0.1907772881,0.0006580551,11.211308798,33.32,0.2255075212,0.0959525471,6649.15,7.7,0.143,3.9,3.4,0.173,0.114,0.103,0.262,0.172,0.8550930071,0.0014452637,0.0005144159,0.246,0.229,64.9213639978576,28.4030967490627
"30083",0.1425307906,0.0006046994,20.732550104,51.93,0.1678447678,0.0815162697,6904.68,7.6,0.123,3.3,3,0.211,0.1,0.094,0.286,0.184,0.2811409809,0.000713394,0.0004458712,0.307,0.281,54.6762589928058,17.2661870503597
"30085",0.2478847703,0.000264737,8.8245675962,73.26,0.3267018962,0.1054515419,8505.98,4.7,0.239,4.8,4.4,0.199,0.153,0.14,0.347,0.293,0.0001918465,0.0011685393,0.0014382022,0.344,0.288,35.3638051454336,38.3107889075531
"30087",0.1887979862,0.0006433626,19.300879262,69.78,0.2353386303,0.1001430615,9035.03,6.9,0.165,4,3.6,0.193,0.124,0.116,0.312,0.229,0.2642694682,0.0021438525,0.0010719263,0.338,0.25,35.6468113927209,42.7761736712651
"30089",0.2597040272,0.0007919747,11.439633932,38.35,0.2990594612,0.1371511068,7061.12,5.1,0.158,4,3.6,0.158,0.123,0.113,0.301,0.195,0.6881626216,0.0019361084,0.0007920444,0.261,0.243,58.7147344626134,58.7147344626134
"30091",0.1432497424,0.0002705628,37.878787879,44.27,0.1605975724,0.0962962963,7625.49,7.5,0.109,3.2,3,0.207,0.094,0.091,0.275,0.161,0.5449172577,0.0005452563,0.0008178844,0.308,0.29,63.3426839200072,63.3426839200072
"30093",0.1584746369,0.0007497116,10.092272203,37.71,0.1891866211,0.0685722138,7888.07,6.9,0.158,4.2,3.8,0.217,0.127,0.109,0.318,0.208,0.5211111111,0.0042869971,0.0006951887,0.257,0.22,61.6421863712979,32.747411509752
"30095",0.1356138453,0.0001076426,15.069967707,47.87,0.1545572194,0.0883054893,7370.9,8.3,0.106,3.1,3,0.196,0.091,0.089,0.273,0.156,0.4440057036,0.0003219575,0.0002146383,0.225,0.221,53.3921833843525,49.8327044920624
"30097",0.1602288984,0.0002728513,24.556616644,45.35,0.1812248996,0.1115065243,7828.34,7.6,0.119,3.3,3.2,0.192,0.1,0.095,0.266,0.151,0.678992057,0.0008176615,0.0013627691,0.262,0.217,91.1743253099927,91.1743253099927
"30099",0.1889880952,0.0001649077,29.683377309,54.33,0.2224220624,0.1109570042,8605.88,6.4,0.129,3.5,3.4,0.179,0.108,0.102,0.292,0.185,0.3512267413,0.0006595218,0.0009892828,0.248,0.277,32.9073657653705,60.3301705698459
"30101",0.1873985938,0.0003883495,15.533980583,65.59,0.2241570952,0.0900473934,6836.56,7,0.137,3.7,3.3,0.209,0.109,0.098,0.299,0.199,0.1630353118,0.0001946283,0.0005838848,0.242,0.211,52.0325203252033,52.0325203252033
"30103",0.1956521739,0,0,NA,0.2233766234,0.109375,7153.94,4,0.139,3.7,3.4,0.173,0.113,0.103,0.281,0.179,0,0,0,0.261,0.314,0,47.8697941598851
"30105",0.1854260464,0.0006544503,23.560209424,45.09,0.219790454,0.1021324355,7233.92,7,0.125,3.4,3.2,0.195,0.101,0.095,0.29,0.165,0.2528158502,0.000655308,0.0011795544,0.281,0.26,52.3354703650399,52.3354703650399
"30107",0.2503168568,0,19.029495718,55.25,0.3018018018,0.130260521,7901.8,3.4,0.135,3.7,3.4,0.172,0.111,0.103,0.29,0.172,0.0498154982,0.0004686036,0.0009372071,0.264,0.262,15.7579577686732,0
"30109",0.2081339713,0,8.9206066012,NA,0.2371475954,0.1411290323,8419.47,6.8,0.131,3.6,3.3,0.179,0.109,0.1,0.274,0.172,0,0,0,0.27,0.296,237.247924080664,0
"30111",0.1493313522,0.000873845,12.722155827,38.11,0.1798719338,0.0732593929,7644.88,7.8,0.135,3.7,3.2,0.211,0.106,0.096,0.284,0.186,0.7863582299,0.0023806126,0.0010962494,0.257,0.217,56.1215309610919,23.7766791476382
"31001",0.1027682215,0.0008583145,15.57681915,45.64,0.1249578983,0.0499867057,9241.77,7.7,0.131,3,2.8,0.208,0.088,0.083,0.277,0.173,0.7654635888,0.0028155647,0.0008225245,0.348,0.247,68.671160225664,20.0731083736556
"31003",0.1195057727,0.0004688965,32.822757112,58.77,0.1385681293,0.0761223162,10268.96,6.8,0.114,2.8,2.6,0.193,0.085,0.083,0.282,0.145,0.4176514585,0.0003097893,0.0006195787,0.289,0.283,88.2291882914677,72.6593315341499
"31005",0.2253521127,0,0,NA,0.2424242424,0.1968503937,8971.64,4.1,0.116,2.8,2.7,0.194,0.085,0.082,0.274,0.149,0,0,0,0.325,0.284,0,73.1528895391368
"31007",0.1917293233,0,13.089005236,NA,0.2040816327,0.1655629139,6096.04,3.6,0.129,2.9,2.8,0.169,0.09,0.085,0.279,0.149,0.0811594203,0,0,0.342,0.304,0,43.271311120727
"31009",0.2360406091,0,0,NA,0.2285714286,0.2583333333,7731.14,3.1,0.118,2.9,2.8,0.19,0.088,0.085,0.278,0.157,0.0460251046,0,0,0.332,0.284,67.8886625933469,0
"31011",0.1025579727,0.0014944891,18.681113394,56.78,0.1178848097,0.0694769711,8830.4,7.7,0.12,2.9,2.7,0.208,0.085,0.08,0.275,0.143,0.4125340599,0.0001855976,0.0009279881,0.308,0.294,105.87942202292,87.1948181365222
"31013",0.1073243014,0.0003527337,23.80952381,72.56,0.1307692308,0.0545023697,9277.28,7,0.149,3.4,3,0.194,0.103,0.093,0.303,0.182,0.3761054121,0.0011499337,0.0008845644,0.362,0.25,64.7401565534695,58.8546877758813
"31015",0.1360166551,0.0014756517,14.756517462,102.91,0.1524926686,0.0979498861,10253.79,4.2,0.136,3,2.8,0.168,0.092,0.087,0.274,0.151,0.4802286803,0,0.000492126,0.356,0.307,16.4717509471257,0
"31017",0.1433740389,0.0003400204,20.401224073,39.06,0.1588957055,0.1022364217,9444.73,7.3,0.13,3,2.8,0.168,0.093,0.089,0.273,0.149,0.1481717011,0.0003417635,0.0010252905,0.324,0.292,11.3468739362306,0
"31019",0.0968297124,0.0009331453,15.967153285,43.28,0.1166454979,0.0464223386,8546.53,7.3,0.119,2.8,2.7,0.232,0.087,0.081,0.288,0.147,0.8543664049,0.0027770238,0.0008351951,0.294,0.219,44.8337701751966,11.0360049662022
"31021",0.097266881,0.0004564126,28.906131143,51.38,0.1164965986,0.0527009223,8631.06,6.9,0.132,2.8,2.9,0.182,0.086,0.085,0.266,0.183,0.5331000292,0.0001521144,0.0004563432,0.336,0.303,101.35819987837,101.35819987837
"31023",0.0917784976,0.0008485877,19.396290459,41.01,0.1119386637,0.0466269841,7502.9,8.1,0.115,2.8,2.8,0.223,0.085,0.081,0.289,0.161,0.3578320429,0.000120308,0.000481232,0.341,0.263,76.9978926892527,76.9978926892527
"31025",0.0794829612,0.0003526093,12.537219871,50.91,0.0953392644,0.043458231,8614.62,8.2,0.1,2.6,2.5,0.216,0.077,0.073,0.303,0.176,0.7249316588,0.0002760579,0.0003549316,0.359,0.253,85.0863298993363,14.3992250598877
"31027",0.1239620403,0.000116144,20.905923345,31.51,0.140588109,0.0891314234,7733.42,7.3,0.105,2.4,2.6,0.197,0.078,0.08,0.281,0.139,0.513217352,0.0001147974,0.0004591895,0.312,0.289,92.7177902259996,61.8118601506664
"31029",0.1400381922,0.0005027652,20.110608346,48.19,0.1577747378,0.0998990918,10061.01,7.8,0.131,2.8,2.7,0.189,0.086,0.082,0.274,0.144,0.6076651538,0,5e-04,0.309,0.259,108.932461873638,0
"31031",0.1467198582,0.0006942034,27.768136064,62.68,0.1678364358,0.09348659,8200.72,6.9,0.12,2.8,2.7,0.176,0.086,0.085,0.269,0.158,0.5963591808,0.0001727713,0.0010366275,0.273,0.305,68.9734452235889,68.9734452235889
"31033",0.0850938275,0.0005912495,11.824990146,63.81,0.1007265522,0.0482022916,8481.24,8,0.121,2.9,2.7,0.203,0.088,0.082,0.284,0.173,0.6696339268,0.0007927857,0.000495491,0.308,0.265,59.1988423337499,46.0435440373611
"31035",0.1280836787,0.0001583531,19.002375297,38.46,0.1511235955,0.0752688172,8139.28,7.2,0.128,2.8,2.7,0.197,0.086,0.083,0.293,0.153,0.3839804341,0.0001564456,0.0003128911,0.318,0.262,89.3984013462347,0
"31037",0.1757414785,9.52018e-05,19.992383854,35.03,0.2202202202,0.0903367957,8864.07,9,0.172,3.1,2.7,0.194,0.098,0.087,0.291,0.149,0.7282929149,0,0.0006714628,0.313,0.287,60.4152755254539,41.3367674647843
"31039",0.1284195606,0.0003323363,23.263542705,45.27,0.1522363562,0.0782268579,8477.36,7.6,0.113,2.7,2.6,0.214,0.082,0.08,0.255,0.136,0.5704125178,0.0004446421,0.0004446421,0.315,0.282,40.5186385737439,58.9362015618093
"31041",0.1358405505,0.0008389262,23.303504847,70.46,0.1582034523,0.0832037325,9199.13,6.6,0.116,2.8,2.6,0.177,0.086,0.081,0.267,0.147,0.4585428284,0.0005559674,0.0003706449,0.339,0.284,80.4306131287508,89.7110684897606
"31043",0.1746120353,4.79616e-05,9.5923261391,50.93,0.2227673374,0.0778675283,8081.12,8.2,0.172,3.2,3,0.189,0.1,0.088,0.313,0.184,0.8494239741,0.0021960185,0.0001909581,0.363,0.287,38.3521365336061,62.3222218671098
"31045",0.1526914329,0.000774165,19.907100199,41.23,0.1778091019,0.0807276862,6023.84,7.1,0.122,3,2.9,0.218,0.094,0.09,0.287,0.173,0.8958832498,0.0014304577,0.0004401408,0.294,0.244,73.5699834467537,73.5699834467537
"31047",0.1677659311,0.0005395086,19.090305445,54.83,0.2096371382,0.0824008138,9692.26,7.5,0.172,3.2,2.8,0.194,0.099,0.088,0.299,0.172,0.7706569103,0.0008262073,0.0005370347,0.344,0.264,47.0985884275998,44.3280832259763
"31049",0.1237253569,0,36.082474227,39.26,0.1399253731,0.0823529412,8099.59,7.9,0.136,2.9,2.8,0.18,0.092,0.088,0.29,0.161,0.0236991242,0,0,0.329,0.277,17.247326664367,0
"31051",0.1192341166,0.0003459011,24.213075061,50.8,0.14057107,0.0731211916,7804.02,7.4,0.13,2.9,2.6,0.201,0.088,0.08,0.298,0.153,0.2226666667,0.0003418219,0.000170911,0.349,0.317,126.219162363741,126.219162363741
"31053",0.118139374,0.0006259525,15.240583497,47.97,0.1460635697,0.0526967684,8634.09,7.6,0.139,2.9,2.9,0.182,0.088,0.085,0.286,0.181,0.8801068382,0.0011228262,0.0006024921,0.345,0.265,99.1224480516528,14.5500841176738
"31055",0.1171755855,0.0010658194,10.437298893,41.32,0.1449578253,0.0514178698,8751.53,7.6,0.128,2.9,2.9,0.225,0.088,0.086,0.311,0.174,0.9754056197,0.003091636,0.0011726253,0.284,0.206,48.5721504951661,10.9777966396903
"31057",0.1497919556,0.0005302227,26.511134677,66.61,0.1571428571,0.1315789474,10644.43,7.4,0.14,3.1,2.9,0.187,0.095,0.088,0.28,0.163,0.0552788845,0,0.0015143867,0.351,0.254,17.6491351923756,17.6491351923756
"31059",0.1009649329,0.0008832362,30.03003003,53.22,0.1163888015,0.0582524272,9619.6,7.9,0.108,2.7,2.6,0.201,0.081,0.078,0.289,0.152,0.4913412564,0.0010530011,0.0010530011,0.342,0.286,153.139356814701,141.359406290494
"31061",0.1111599297,0.0006501951,19.505851756,48.46,0.1268436578,0.0681818182,10449.59,6.5,0.123,2.9,2.8,0.182,0.09,0.085,0.27,0.159,0.3565891473,0.0006482982,0.0016207455,0.324,0.264,65.6024491581019,0
"31063",0.1230692576,0,25.878003697,55.53,0.1398362892,0.0827586207,9510.94,4.4,0.124,2.8,2.7,0.2,0.086,0.084,0.266,0.158,0.5983309144,0.0003691399,0.0003691399,0.352,0.257,12.4409056979348,0
"31065",0.1235655191,0.000613748,12.274959083,98.82,0.1461221431,0.0697263901,11752.7,6.1,0.144,3.3,2.8,0.175,0.099,0.087,0.273,0.159,0.2456140351,0,0.0008221994,0.321,0.274,102.63427984947,109.476565172768
"31067",0.0920144978,0.0007385865,19.849512995,41.44,0.1113262343,0.0436451808,9398.3,7.6,0.13,3,3,0.196,0.089,0.085,0.283,0.171,0.5191161311,0.0013263813,0.0004116356,0.358,0.283,113.103153132499,9.17052592966207
"31069",0.1331877729,0,41.862899006,70.12,0.1502392344,0.0845070423,9746.48,3.9,0.13,2.9,2.8,0.182,0.089,0.084,0.275,0.152,0.0116674769,0,0.0005257624,0.331,0.293,87.2448089338684,87.2448089338684
"31071",0.1379310345,0.0004992511,39.940089865,46.67,0.1521335807,0.1020408163,9552.75,8.2,0.127,2.9,2.9,0.181,0.091,0.087,0.266,0.151,0.7647632992,0,0.000982801,0.279,0.276,98.9119683481701,98.9119683481701
"31073",0.0991629105,0,20.304568528,NA,0.1160877514,0.0601659751,8246.15,6.5,0.117,2.8,2.7,0.206,0.084,0.081,0.277,0.158,0.2338551859,0.0005070994,0,0.314,0.244,16.9061707523246,0
"31075",0.1512096774,0,32.310177706,NA,0.1639784946,0.1287878788,8784.61,4.1,0.138,3,3,0.185,0.095,0.091,0.294,0.171,0,0,0,0.304,0.325,52.8262017960909,0
"31077",0.1877984085,0,16.116035455,73.01,0.2095531587,0.1396103896,9835.87,6,0.135,3,2.9,0.186,0.093,0.087,0.299,0.154,0.0007880221,0,0,0.342,0.341,13.5043889264011,0
"31079",0.1492680678,0.0006179666,13.497690757,55.73,0.1863619937,0.0684777462,8533.39,8.1,0.171,3.3,2.8,0.176,0.098,0.086,0.303,0.165,0.8783421776,0.0028985507,0.0008069829,0.329,0.27,83.7448067343876,10.8759489265438
"31081",0.087200749,0.0008757526,22.988505747,41.75,0.1048831465,0.0474156343,7741.66,8.6,0.109,2.7,2.6,0.209,0.081,0.079,0.267,0.153,0.5178649715,0.000548727,0.0003292362,0.322,0.238,102.051973612275,80.1836935525021
"31083",0.1109844166,0.0005727377,14.318442153,41.64,0.1259298618,0.0762388818,9997.24,8.3,0.121,2.9,2.8,0.185,0.088,0.085,0.264,0.148,0.3777388256,0,0.000569314,0.363,0.279,47.8148608587549,0
"31085",0.2542857143,0,10.718113612,NA,0.2674418605,0.2070707071,9088.03,5.2,0.123,2.8,2.7,0.191,0.086,0.081,0.267,0.15,0,0,0,0.346,0.289,0,0
"31087",0.1261384335,0,17.235436057,60.12,0.1474683544,0.0722135008,10014.49,4.4,0.146,3.2,3,0.174,0.099,0.093,0.297,0.174,0,0,0.0003481894,0.361,0.269,11.5526802218115,11.5526802218115
"31089",0.1362029021,0.0009612612,20.186484668,70.17,0.160020895,0.0829457364,11439.97,7.6,0.118,2.8,2.7,0.195,0.087,0.083,0.293,0.147,0.4474365117,0.0018183558,0.0016269499,0.307,0.295,41.713460612867,54.5483715706722
"31091",0.111328125,0.0027472527,68.681318681,NA,0.1222826087,0.08,6707.08,3.1,0.138,3.2,3,0.157,0.099,0.093,0.275,0.154,0.8369565217,0,0,0.27,0.293,45.4959053685168,0
"31093",0.1048371175,0.0006287331,14.146494813,47.6,0.1202797203,0.0713826367,9345.71,7.9,0.119,2.7,2.6,0.2,0.082,0.08,0.279,0.156,0.4568058655,0.0003147128,0.0006294256,0.319,0.255,57.513332636202,57.513332636202
"31095",0.108791792,0.0006816633,27.266530334,45.87,0.1300073728,0.0550181378,8778.23,7.9,0.121,2.9,2.9,0.186,0.087,0.084,0.27,0.161,0.319464688,0.0003968254,0.0006613757,0.371,0.287,130.878238108133,126.365195414749
"31097",0.1155595996,0.000192864,17.357762777,50.41,0.1358078603,0.0718336484,10506.18,7.7,0.137,2.9,2.7,0.224,0.086,0.079,0.283,0.19,0,0,0.0009720062,0.318,0.276,38.7046832666753,103.212488711134
"31099",0.0877912395,0.0003010235,22.576760987,33.53,0.1057666755,0.0483005367,9198.81,8.4,0.106,2.6,2.6,0.204,0.079,0.078,0.275,0.156,0.3576822315,0.0006108735,0.0006108735,0.336,0.241,96.0711938109926,80.902057946099
"31101",0.1133505321,0.0006156877,20.933382588,57.9,0.1331140351,0.0604490501,7930.33,7.7,0.132,3,2.9,0.183,0.09,0.083,0.286,0.173,0.6725621415,0.0012300123,0.0003690037,0.277,0.283,57.5799950645718,65.805708645225
"31103",0.2160278746,0,12.345679012,NA,0.2326139089,0.1696969697,5704.99,3.2,0.127,2.9,2.8,0.166,0.091,0.087,0.273,0.152,0.1347087379,0,0,0.314,0.322,0,0
"31105",0.1235087719,0.000269324,16.159439806,63.79,0.1462818004,0.0693301998,9009.28,8.1,0.146,3.2,2.9,0.179,0.096,0.088,0.281,0.173,0.7508505627,0,0.0008103728,0.329,0.296,81.0518731988473,81.0518731988473
"31107",0.1616570628,0.0005894836,18.863475595,40.9,0.1904330084,0.1009389671,7928.25,5.3,0.126,2.8,2.9,0.198,0.09,0.089,0.277,0.157,0.5864843121,0.0002335085,0.0010507881,0.322,0.284,23.4466588511137,39.0777647518562
"31109",0.099923368,0.0007223446,12.690733776,37.06,0.1225190465,0.041390798,8508.94,7.7,0.098,2.8,3,0.233,0.082,0.086,0.293,0.163,0.9550781866,0.0029929032,0.0008584818,0.272,0.178,65.0613775117392,13.3657498793216
"31111",0.0979209271,0.0006142678,18.428032947,67.65,0.1201040613,0.0461778124,10206.91,7.6,0.137,3.2,2.9,0.192,0.095,0.084,0.288,0.198,0.7392250882,0.0019416937,0.0006657236,0.321,0.262,60.4527445546028,15.8107178065884
"31113",0.1712887439,0,40,NA,0.1931034483,0.1229946524,10781.98,5.5,0.122,2.8,2.7,0.197,0.084,0.081,0.27,0.16,0.5504587156,0,0,0.327,0.301,0,0
"31115",0.1826484018,0,0,NA,0.1900311526,0.1544715447,12170.99,4.3,0.131,3,2.8,0.182,0.091,0.087,0.291,0.165,0.1534810127,0,0,0.319,0.319,57.1755288736421,0
"31117",0.1788413098,0,0,NA,0.1831501832,0.1746031746,9625.14,5.7,0.113,2.7,2.7,0.188,0.083,0.08,0.281,0.151,0,0,0,0.32,0.291,0,0
"31119",0.1246172372,0.0007391824,17.626656053,27.83,0.1506123639,0.063994611,9199.26,7.5,0.144,2.9,2.7,0.228,0.092,0.086,0.312,0.175,0.7130118133,0.0038550938,0.0011338511,0.328,0.229,74.8879051293475,5.68768899716564
"31121",0.1156199678,0.0002575328,20.602626835,65.9,0.1384339242,0.0588235294,8224.34,7.1,0.116,2.8,2.7,0.192,0.087,0.083,0.294,0.161,0.4347992352,0.0001281723,0.0005126891,0.325,0.293,68.5078141725541,77.0712909441233
"31123",0.1447435246,0.0002056767,22.624434389,41.21,0.1698452681,0.0867430442,9261.33,6.5,0.151,3.1,2.9,0.191,0.096,0.088,0.302,0.186,0.250892503,0,0.0006112469,0.333,0.273,68.3807439824945,68.3807439824945
"31125",0.1208869814,0,22.408963585,64.44,0.1379482072,0.0773881499,9352.84,5.6,0.13,2.9,2.8,0.192,0.089,0.084,0.291,0.159,0.6313253012,0,0.0008280431,0.296,0.266,111.234705228031,0
"31127",0.0974254492,0.0006968641,23.693379791,40.48,0.1166367598,0.049744898,10289.42,7.9,0.128,3,2.8,0.208,0.092,0.085,0.312,0.16,0.5415286976,0.00041917,0,0.388,0.24,74.8432968472261,46.7770605295163
"31129",0.108478803,0.0011444266,41.199359121,65.39,0.1246226822,0.0677419355,9241.38,6.7,0.121,2.9,2.8,0.191,0.087,0.083,0.263,0.139,0.5517777778,0.0006798097,0.0009064129,0.336,0.294,61.017466249714,61.017466249714
"31131",0.097048763,0.0006330316,20.890042413,44.51,0.1171201433,0.0502223385,9722.99,8.2,0.125,2.8,2.7,0.199,0.083,0.081,0.294,0.151,0.59841169,0.000507872,0.00031742,0.349,0.269,98.8786737634906,10.5190078471799
"31133",0.135678392,0.0011102887,11.102886751,19.2,0.1599147122,0.0784313725,8709.27,7.5,0.135,3.1,2.9,0.167,0.096,0.091,0.275,0.151,0.1377569419,0.0003691399,0.0014765596,0.313,0.276,111.524163568773,111.524163568773
"31135",0.1207279183,0.0006918021,31.131096506,67.52,0.1395646607,0.0797799175,8724.87,6.5,0.102,2.5,2.5,0.192,0.076,0.075,0.276,0.142,0.4525252525,0,0.0010270455,0.257,0.297,68.5244403837369,68.5244403837369
"31137",0.0928217822,0.0008707957,29.389354523,48.55,0.1108071135,0.0535087719,9955.45,8.2,0.115,2.7,2.6,0.197,0.081,0.078,0.317,0.15,0.5754244667,0.0014110496,0.0008683382,0.345,0.232,108.318890814558,108.318890814558
"31139",0.0952624404,0.0009719522,22.216051097,54.22,0.1088070261,0.0676328502,9305.9,6.2,0.107,2.6,2.5,0.196,0.079,0.078,0.287,0.148,0.3418662263,0.0001398601,0.0006993007,0.34,0.281,102.040816326531,78.8497217068646
"31141",0.1187812776,0.0006122574,13.775791343,46.56,0.1449691555,0.0623148781,8251.03,8.5,0.122,2.7,2.6,0.223,0.083,0.078,0.263,0.155,0.7885349133,0.0014766959,0.000369174,0.319,0.244,52.0312595645698,11.2224285335347
"31143",0.1013868962,0.0003794346,26.560424967,43.02,0.1168918919,0.0663544106,8870.03,5.9,0.116,2.9,2.6,0.207,0.085,0.08,0.269,0.148,0.4382167962,0.0001895735,0,0.342,0.251,82.5501651003302,82.5501651003302
"31145",0.1028235294,0.0005521303,19.324560596,59.32,0.1234244557,0.0525059666,9324.4,6.9,0.124,2.7,2.7,0.209,0.085,0.083,0.287,0.167,0.6269561284,0.001362893,0.0010903144,0.337,0.264,48.9266711516115,64.2162558864901
"31147",0.1201298701,0.000246063,20.915354331,63.79,0.1435863293,0.0592294422,9838.1,7.2,0.145,3.3,3,0.17,0.101,0.092,0.305,0.169,0.6410379051,0.0004923077,0.0006153846,0.383,0.313,94.4674908612971,78.0383620158541
"31149",0.1953612846,0,27.72002772,49.71,0.2063106796,0.1703470032,9222.35,7.5,0.13,2.9,2.8,0.189,0.088,0.085,0.282,0.155,0.0222804718,0.0014174344,0.0035435861,0.284,0.33,23.6127508854782,0
"31151",0.1364855202,0.0005613247,15.436429975,43.54,0.1655128205,0.071932299,9347.9,8,0.144,3,2.8,0.201,0.091,0.084,0.288,0.171,0.5411971831,0.0006243063,0.000554939,0.335,0.318,37.2526193247963,46.5657741559953
"31153",0.0714773148,0.0005807437,7.1431475147,47.16,0.0879643191,0.0371316267,8822.08,8.1,0.101,2.6,2.5,0.22,0.076,0.074,0.314,0.145,0.9502518257,0.0007736327,0.0002775629,0.316,0.2,37.1218214440389,7.54036998082039
"31155",0.0818091509,0.0004302309,16.253166977,44.76,0.0987210566,0.0447899315,9526.39,8.3,0.11,2.8,2.6,0.209,0.082,0.076,0.298,0.159,0.4577478345,0.000238903,0.0001433418,0.311,0.249,85.8997200305421,20.679562229575
"31157",0.1496044277,0.000740436,17.551076375,43.37,0.1855142443,0.0663025669,7873.7,7.7,0.172,3.6,3.1,0.166,0.11,0.091,0.332,0.192,0.6482823911,0.0019268346,0.0010312636,0.351,0.248,73.9226458831475,12.7767536094329
"31159",0.0748091603,0.0006413994,20.408163265,46.68,0.0897687609,0.0421307506,8476.82,8.1,0.109,2.5,2.5,0.224,0.077,0.075,0.262,0.136,0.4825671642,0.0010533091,0.0001755515,0.301,0.227,79.8457613585464,54.5288126351049
"31161",0.1761022044,0.0007606009,28.522532801,33.7,0.2052278347,0.105478332,7067.06,6.4,0.151,3.3,3.1,0.183,0.105,0.097,0.266,0.184,0.3454013531,0.0019043992,0.0009521996,0.332,0.335,114.431023521933,101.716465352829
"31163",0.1333628711,0,29.277813923,47.16,0.1512915129,0.0881458967,9543.57,6.8,0.124,2.7,2.7,0.18,0.085,0.082,0.267,0.15,0.1012055838,0.0003219575,0,0.342,0.298,10.7863229425089,10.7863229425089
"31165",0.1647058824,0.0007674597,7.6745970837,51.33,0.1812080537,0.1271477663,6871.16,5.9,0.117,2.8,2.8,0.185,0.087,0.085,0.28,0.156,0.0533943555,0,0,0.276,0.301,25.7997936016512,25.7997936016512
"31167",0.0992024898,0,14.829461196,NA,0.1194776327,0.0539033457,8627.5,6.3,0.134,3,2.9,0.208,0.087,0.084,0.28,0.168,0.021863273,0.0001630523,0.0003261047,0.347,0.262,60.6428138265616,60.6428138265616
"31169",0.104912999,0.0007648184,28.680688337,61.32,0.1224342816,0.0647058824,8585.06,7.5,0.129,2.9,2.8,0.181,0.09,0.087,0.274,0.152,0.3418133129,0.0001927154,0.0005781461,0.308,0.285,192.529842125529,218.200487742267
"31171",0.1206581353,0,58.224163028,NA,0.1275510204,0.1125,6498.79,6.1,0.108,2.6,2.6,0.199,0.078,0.078,0.273,0.149,0.1545595054,0,0,0.328,0.303,0,0
"31173",0.1749542658,0.0005739704,11.47940881,78.14,0.2384381058,0.0812749004,10632.52,6.4,0.229,4.6,3.9,0.2,0.147,0.131,0.334,0.312,0.1961095101,0.00275562,0.001595359,0.433,0.326,47.782874617737,62.1177370030581
"31175",0.1302706104,0.0007136061,19.029495718,62.51,0.1462539255,0.0954773869,10730.71,7.3,0.123,2.9,2.8,0.19,0.092,0.087,0.278,0.148,0.6676056338,0.0016694491,0.0016694491,0.335,0.249,87.6424189307625,0
"31177",0.0638195489,0.0004936321,8.3917464705,50.16,0.0752197431,0.0382860544,9398.3,8.7,0.097,2.5,2.5,0.213,0.076,0.074,0.258,0.139,0.4776119403,0.0001483459,0.0008900757,0.316,0.204,41.1664937673928,52.6931120222628
"31179",0.1038739889,0.0004241332,14.844661224,38.14,0.121657754,0.0552340873,8244.34,8,0.132,2.9,2.8,0.241,0.091,0.087,0.255,0.158,0.4719124544,0.0003187759,0.0002125173,0.321,0.234,38.9946470984438,0
"31181",0.115175661,0.0008201203,13.668671405,79.83,0.1354219303,0.0659472422,10364.86,4.1,0.133,2.8,2.8,0.183,0.089,0.086,0.288,0.145,0.5965372508,0.0005422993,0.001626898,0.316,0.312,182.298787713062,127.609151399143
"31183",0.1652613828,0,13.054830287,NA,0.1805869074,0.1358024691,6172.75,3.9,0.126,3,2.9,0.184,0.092,0.088,0.283,0.166,0.2836185819,0,0,0.292,0.295,0,0
"31185",0.0836996166,0.0007904002,22.993461234,63.16,0.1004063442,0.0447482909,9054.49,7.7,0.112,2.7,2.7,0.204,0.082,0.079,0.304,0.159,0.5990486645,0.0014406108,0.0005762443,0.347,0.243,110.560976782195,31.2454934384464
"32001",0.1721905349,0.000541915,10.004585435,62.57,0.1926993689,0.1256013746,8034.24,7,0.173,4.2,3.8,0.182,0.122,0.112,0.318,0.183,0.7538690357,0.0008311516,0.0005402485,0.252,0.248,47.0575208990755,29.0649393788407
"32003",0.1783764947,0.0005503264,3.3386787626,42.07,0.2102013037,0.0985297724,10597.85,7.7,0.178,3.8,3.6,0.17,0.116,0.108,0.38,0.176,0.9104510962,0.0013462415,0.0003940099,0.277,0.231,28.2179851424984,17.5939861727044
"32005",0.1459579367,0.000673174,7.3628407943,31.77,0.1535989955,0.1270473661,7363.86,7,0.125,3.5,3.5,0.192,0.101,0.1,0.297,0.153,0.7955826968,0.0009126024,0.0005518061,0.228,0.178,37.2285128262763,22.4775926498272
"32007",0.1483707889,0.0003411288,5.4959633097,69.11,0.1723023907,0.100111162,8327.4,8.4,0.16,3.6,3.6,0.225,0.108,0.103,0.354,0.184,0.7284812979,0.0005154246,0.0003436164,0.307,0.232,8.9123722825222,20.371136645765
"32009",0.2,0,0,NA,0.2129032258,0.1655172414,5436.61,4.9,0.249,5.1,4.6,0.15,0.16,0.141,0.355,0.22,0.4508301405,0,0,0.263,0.218,0,40.2738622633911
"32011",0.1110461718,0,0,NA,0.1192954363,0.0899795501,5779.6,5.4,0.148,3.7,3.6,0.2,0.107,0.103,0.335,0.167,0.0030196276,0,0.0024084778,0.268,0.205,16.366612111293,0
"32013",0.1782737118,0.0006944846,9.259795127,54,0.2007948524,0.1318098347,7587.14,8.1,0.155,3.8,3.5,0.221,0.108,0.1,0.35,0.166,0.3344627299,0.0004031561,0.0002303749,0.262,0.215,23.228354077544,29.03544259693
"32015",0.1440677966,0.000166417,9.9850224663,40.05,0.1656936336,0.1008303677,7530.59,8.6,0.159,3.7,3.7,0.2,0.111,0.105,0.355,0.17,0.8420779221,0.0004973475,0.0004973475,0.314,0.204,5.57289344627731,5.57289344627731
"32017",0.2034244825,0.0003858025,3.8580246914,45.86,0.2257007645,0.1538461538,8262.73,4.1,0.163,4.1,3.8,0.185,0.117,0.11,0.337,0.177,0.5227315248,0.0003813155,0.0007626311,0.27,0.241,71.1283543485289,38.7972841901067
"32019",0.1701596685,0.0002124003,5.0203711213,40.98,0.1957079543,0.10710677,7726.06,6.6,0.17,4.1,3.8,0.178,0.12,0.113,0.356,0.174,0.6337629858,0.0010085924,0.0003685242,0.34,0.286,28.8589183677396,35.2720113383484
"32021",0.1554357592,0.0006666667,4.4444444444,103.97,0.1758593125,0.0997732426,7934.44,5.6,0.2,4.4,4.2,0.162,0.133,0.125,0.343,0.194,0.0800502934,0.0008669267,0.0006501951,0.292,0.257,58.8581518540318,58.8581518540318
"32023",0.1836424345,0.0003311102,6.6222033016,56.41,0.2060736574,0.1201511335,9066.8,5.7,0.189,4.5,4,0.156,0.129,0.116,0.355,0.184,0.1807217949,0.0007565548,0.0006619855,0.328,0.316,46.4362171011208,37.7786173026067
"32027",0.1681458383,0,4.47894894,32.41,0.1904923599,0.1188271605,7146.26,7.8,0.19,4,3.7,0.209,0.12,0.108,0.357,0.199,0.2256774767,0,0.0004362367,0.31,0.226,29.6897421940719,29.6897421940719
"32029",0.1250888415,0,2.5562372188,NA,0.1305281237,0.1009708738,6288.6,8.3,0.125,3.4,3.4,0.177,0.096,0.096,0.297,0.14,0.0139650873,0.0002536783,0.0002536783,0.262,0.241,50.6713959969597,50.6713959969597
"32031",0.15741786,0.0007339608,6.2261689973,37.66,0.1828700154,0.0917472409,7918.11,7.6,0.163,3.7,3.7,0.214,0.111,0.11,0.317,0.16,0.9145268114,0.0020888523,0.0006063666,0.215,0.17,30.8167109861953,21.8064195676272
"32033",0.1287648522,0.0006976281,2.9898345625,54.33,0.1503407984,0.0792931581,8692.58,7,0.15,3.7,3.6,0.207,0.107,0.1,0.359,0.174,0.5798604187,0.0032812966,9.94332e-05,0.303,0.246,36.7868370008695,36.7868370008695
"32510",0.1628791526,0.0008803786,8.2535490261,43.87,0.186401207,0.1032141629,8448.18,7.6,0.181,4.1,3.9,0.195,0.12,0.111,0.324,0.173,0.9639432645,0.0017011834,0.0006841716,0.26,0.193,60.6903992692631,30.6517168026581
"33001",0.128485807,0.0006964597,12.105132244,47.44,0.1531057178,0.052700384,8298.8,8.4,0.119,3,3.4,0.181,0.091,0.1,0.309,0.16,0.7772433764,0.0045364662,0.0004652786,0.309,0.226,136.369910282954,16.0110420979986
"33003",0.1542302513,0.0008649972,12.02557016,43.47,0.1788220055,0.0692095478,7908.93,8.9,0.116,3.4,3.4,0.173,0.097,0.099,0.287,0.163,0.7686017818,0.0021684667,0.0007368576,0.259,0.182,82.2883185753571,23.2095257520238
"33005",0.118191804,0.0007094528,11.298692768,43.46,0.1407590905,0.0472606455,7418.3,8.4,0.12,3.1,3.6,0.195,0.095,0.103,0.332,0.172,0.6213675325,0.0027150503,0.0004699125,0.285,0.203,71.7303638129062,17.0578304189228
"33007",0.1499520853,0.001137333,12.952958645,55.47,0.1792356207,0.0523487606,8309.75,7.9,0.141,3.5,3.7,0.18,0.107,0.11,0.339,0.186,0.6608379973,0.0011876113,0.0008125762,0.298,0.262,82.2247053614725,20.0290948957433
"33009",0.1310623385,0.002029936,13.718798099,40.12,0.1522402379,0.0608280057,7695.4,8.3,0.118,3.3,3.5,0.183,0.095,0.101,0.281,0.172,0.8325029736,0.0034363878,0.0019859644,0.242,0.211,56.2159586310111,12.2856068531349
"33011",0.1041840176,0.0008638051,9.1563339125,48.55,0.1272540409,0.0383262663,8663.72,8.5,0.115,3,3.2,0.183,0.09,0.095,0.337,0.147,0.9207154105,0.0021287919,0.0009059742,0.281,0.206,61.1096626466981,17.6008987972993
"33013",0.1063351476,0.0011687085,14.676804534,45.88,0.1275269033,0.0432703331,8469.11,8.3,0.105,3,3.3,0.196,0.089,0.098,0.285,0.163,0.8426235105,0.0026353601,0.0010146477,0.287,0.189,74.4320315646111,16.2890768165714
"33015",0.0916873988,0.0008282854,9.1809953396,47.34,0.1094010504,0.0386724164,8757.13,8.6,0.115,3.1,3.4,0.2,0.087,0.093,0.293,0.164,0.8586119645,0.0018419839,0.0007856011,0.271,0.2,60.3417294117125,14.8635877595027
"33017",0.1211592527,0.0007483838,8.5984522786,46.79,0.1454922334,0.0460146931,8206.19,8.1,0.128,3.3,3.6,0.215,0.095,0.101,0.31,0.171,0.8815929448,0.0017657493,0.000963136,0.286,0.213,77.9795343507806,16.9751367294216
"33019",0.116608588,0.0006960072,8.8160916874,40.6,0.1404899135,0.0431916345,7803.63,8.5,0.122,3.1,3.5,0.18,0.093,0.103,0.314,0.178,0.6747290933,0.0016517774,0.000395496,0.308,0.242,67.4136408015249,17.8219969935066
"34001",0.1508908075,0.0007993925,8.5026289111,56.91,0.1822539107,0.0655580227,10691.98,6.8,0.171,3.7,3.7,0.177,0.114,0.11,0.379,0.185,0.8952900939,0.0008845002,0.0004603751,0.276,0.261,41.6823177307371,12.3592918852767
"34003",0.1202471097,0.0012382548,9.6189688637,41.35,0.1438508432,0.0561516131,10636.61,9,0.126,2.8,3.2,0.176,0.087,0.092,0.394,0.119,0.991487279,0.0017961199,0.0003025954,0.221,0.216,45.8639182156612,7.86442868857792
"34005",0.0784200015,0.00084719,8.4719004185,56.6,0.0949432556,0.0344298267,9798.72,8.3,0.114,2.9,3.4,0.194,0.085,0.095,0.345,0.142,0.8523156257,0.0013463816,0.0003992565,0.282,0.224,50.711215544135,11.4007696259807
"34007",0.1240537241,0.0010351481,8.355543032,61.86,0.1557997118,0.0408069397,10433.87,7.6,0.157,3.5,3.7,0.177,0.106,0.107,0.408,0.15,0.9458646529,0.0020590655,0.0005167163,0.294,0.264,48.4097431938051,10.489863599196
"34009",0.1204150986,0.0005978352,13.425071321,37.51,0.1402750708,0.0587244554,10235.85,7.1,0.132,3.2,3.4,0.181,0.095,0.102,0.31,0.171,0.8863414383,0.0007716613,0.0004066863,0.288,0.228,65.0422424886701,14.6869579813126
"34011",0.1506608773,0.0004765263,10.102357852,63.78,0.1907264856,0.0563201739,10379.1,7,0.211,4.1,3.9,0.159,0.13,0.119,0.388,0.193,0.653819679,0.0005466148,0.0002923754,0.347,0.293,59.9266854380279,9.5627689528768
"34013",0.1654378109,0.0008269209,8.3194780093,47.43,0.2096533787,0.0524008497,10150.07,7,0.201,3.7,3.6,0.164,0.119,0.115,0.425,0.166,0.9960623443,0.001570485,0.0004458151,0.285,0.251,30.3014787289495,5.83366418742933
"34015",0.0832704892,0.0005671058,8.0082213156,60.82,0.1013786072,0.0364648334,10284.62,7.8,0.134,3.4,3.6,0.203,0.099,0.099,0.375,0.15,0.8853958541,0.0006166779,0.000323842,0.309,0.245,50.4185311019314,10.8858192151897
"34017",0.1864128412,0.0005320461,4.797381616,68.32,0.2244775584,0.05966058,10894.34,8.3,0.226,3.9,3.5,0.186,0.124,0.109,0.421,0.154,0.9988963621,0.0004482933,0.0001575085,0.231,0.253,18.5108218455639,6.48627180572319
"34019",0.0618299652,0.0011422498,10.391299864,44.28,0.0726305887,0.0338826538,8753.39,9.4,0.096,2.7,3,0.194,0.081,0.089,0.316,0.118,0.9083592393,0.0018217822,0.0005386139,0.214,0.176,55.3195431505671,10.0580987546486
"34021",0.1168063459,0.0010389275,11.142900976,49.87,0.1418019619,0.0507042254,10366.91,8.1,0.147,3.2,3.5,0.182,0.099,0.102,0.354,0.163,0.9723038473,0.0024270141,0.0005102399,0.252,0.221,42.8437084867369,7.27534672416286
"34023",0.1190370667,0.0009506192,6.7559730574,52.23,0.1456996321,0.046302127,10126.77,8.6,0.137,2.9,3.1,0.168,0.088,0.091,0.39,0.117,0.9584766712,0.0013668404,0.0003136615,0.268,0.25,37.9870684357787,7.06272175749247
"34025",0.1009836901,0.0011298645,8.3746637024,46.65,0.1221103929,0.0451817261,10264.43,8.6,0.112,2.9,3.3,0.19,0.086,0.096,0.347,0.138,0.9631983883,0.0017898207,0.0004129134,0.226,0.2,53.8760564633786,9.48260974134195
"34027",0.0808164129,0.001036566,10.145539465,43.53,0.0985026703,0.035297042,9585.98,9.2,0.1,2.5,2.8,0.189,0.077,0.086,0.328,0.13,0.9560409201,0.0020745018,0.0004725699,0.214,0.188,51.9807050825652,9.67548425798711
"34029",0.1208513955,0.0004673367,6.6348172696,51.84,0.1517829326,0.051127809,10593.76,7.7,0.141,3.6,3.8,0.161,0.11,0.109,0.387,0.169,0.8564451313,0.0010524259,0.0002605354,0.287,0.257,52.9447759258796,11.828693225116
"34031",0.1594557516,0.0005895578,7.3891238386,55.59,0.2014987083,0.0549376501,10822.64,8.4,0.201,3.7,3.6,0.191,0.118,0.113,0.393,0.162,0.9972786727,0.0009116581,0.0002274201,0.282,0.244,33.9573265226387,6.162140334224
"34033",0.1104369618,0.0004172139,13.907131268,71.63,0.1349560931,0.0448730828,9766.18,7.7,0.163,3.8,3.7,0.167,0.114,0.11,0.37,0.192,0.6890879651,0.0006751987,0.0001381088,0.336,0.275,63.3821324222796,16.4896604675849
"34035",0.0794486286,0.0011035337,9.561954247,39.67,0.0958738393,0.0378341415,9331.79,9.1,0.103,2.7,3,0.166,0.081,0.087,0.351,0.113,0.9412726778,0.0020569596,0.0003024941,0.223,0.174,45.0438249330111,6.62114130418426
"34037",0.0878948785,0.0004761609,9.2471827147,52.65,0.1052459231,0.0396808478,9600.41,8.9,0.099,2.8,3.2,0.196,0.085,0.092,0.313,0.15,0.9253810337,0.0011370486,0.0001369938,0.276,0.23,39.3488795924284,15.6475076741821
"34039",0.1548783868,0.0006745771,8.3734372146,40.29,0.1933322349,0.0556867719,9267.51,8.4,0.154,3.1,3.2,0.169,0.101,0.103,0.39,0.152,0.99666169,0.0014555244,0.000319194,0.247,0.215,36.391485478711,7.00068377368238
"34041",0.1021289065,0.0006453604,9.3530495618,52.36,0.1220387544,0.046814264,10137.29,8.3,0.124,3.2,3.4,0.176,0.094,0.099,0.367,0.151,0.9121094469,0.0013131059,0.0001676305,0.279,0.243,37.0526053586163,12.4546572634004
"35001",0.1536239427,0.0010361912,7.4901820884,28.56,0.1887753629,0.0631595302,7450.33,7,0.166,3.8,3.7,0.157,0.114,0.112,0.316,0.169,0.918690119,0.0036071259,0.0008439369,0.219,0.164,57.2921113055939,21.2193004835533
"35003",0.2218385844,0.0005624297,5.6242969629,29.4,0.2397372742,0.1616541353,5684.84,2.3,0.168,4,3.6,0.119,0.12,0.115,0.289,0.157,0.6660402685,0.0008317161,0,0.211,0.18,9.4170825878143,9.4170825878143
"35005",0.1895530031,0.0006223625,9.8667233371,61.95,0.2394623656,0.0882704642,9184.34,6.4,0.22,4.4,3.8,0.15,0.133,0.119,0.298,0.183,0.4602483053,0.0009267277,0.0003342297,0.295,0.274,34.4364824146051,23.2952675157623
"35006",0.1891750866,0.0005484661,6.947237559,56.37,0.2415908464,0.0772569444,7780.82,5,0.236,4.9,4.4,0.144,0.16,0.142,0.345,0.259,0.5733656708,0.0019754893,0.000548747,0.297,0.255,51.2113933156939,25.6056966578469
"35007",0.1491518191,0.0003943218,15.772870662,36,0.1711673096,0.0904044409,6245.33,5.5,0.189,4.3,3.6,0.133,0.13,0.115,0.312,0.161,0.8086545455,0.00801894,0.0008400794,0.236,0.224,68.0842149366293,15.7117419084529
"35009",0.1652486163,0.0004316349,12.556652083,50.69,0.2040173688,0.0828577468,9548.09,5.7,0.192,4.4,3.6,0.16,0.131,0.114,0.328,0.199,0.7701959649,0.0053954702,0.0006324361,0.319,0.279,29.6120817293456,17.1092027769552
"35011",0.2347826087,0.0005479452,27.397260274,50.8,0.2682186235,0.1532846715,9301.1,2.7,0.185,4.1,3.8,0.13,0.128,0.12,0.292,0.172,0.2087042532,0.0073413739,0,0.226,0.248,17.9856115107914,17.9856115107914
"35013",0.1853630985,0.0006505176,6.505176061,45.39,0.231325378,0.082794445,8685.1,5.6,0.23,4.6,4.1,0.165,0.147,0.128,0.317,0.174,0.696792571,0.0022814579,0.0004684718,0.26,0.2,60.0220444599653,15.4342400039911
"35015",0.1336927336,0.0004610338,11.703165174,53.46,0.1640667187,0.0683439243,8507.32,6.9,0.182,4,3.4,0.162,0.117,0.102,0.322,0.179,0.7223243976,0.0010636188,0.0006129329,0.312,0.256,68.4591959585468,21.8361228488468
"35017",0.1358058862,0.0007561177,10.998075337,43.01,0.1633603368,0.0694597574,6806.66,6.3,0.172,4,3.5,0.144,0.12,0.112,0.306,0.146,0.8165277495,0.0045349154,0.0008183306,0.225,0.184,85.0252203187297,34.4696839129985
"35019",0.1557562077,0.0008952551,6.7144136079,65.9,0.187870497,0.0808823529,6187.04,6.5,0.231,4.2,3.5,0.148,0.132,0.111,0.319,0.159,0.6829528483,0.0103274006,0.0008789277,0.249,0.224,44.8095593726662,44.8095593726662
"35021",0.1779661017,0,14.641288433,38.96,0.1805929919,0.1682242991,9216.64,4.8,0.179,3.9,3.6,0.124,0.119,0.111,0.291,0.145,0.2302158273,0,0.0014430014,0.228,0.244,48.2160077145612,0
"35023",0.1642445846,0,4.3859649123,42.41,0.1922337562,0.099909991,6727.8,6.5,0.223,4.3,3.8,0.14,0.136,0.122,0.307,0.17,0.6595831631,0.0017189514,0.0008594757,0.228,0.236,73.3299112708074,80.6629023978881
"35025",0.1789805033,0.0003142902,10.285861227,74.09,0.2274128348,0.0922198041,9945.61,7.6,0.189,3.9,3.4,0.169,0.118,0.106,0.305,0.18,0.7860089298,0.0009550116,0.0004113896,0.328,0.29,30.1088218848122,17.682958884731
"35027",0.2023743405,0.0006596976,20.298386278,52.54,0.2305342098,0.123450277,7303.89,5.9,0.165,3.9,3.7,0.148,0.117,0.115,0.288,0.183,0.8277308874,0.0053220592,0.0004476498,0.208,0.234,54.0257635359862,30.3894919889923
"35028",0.0403248004,0.00180975,17.531953399,24.09,0.0460545332,0.0289057123,6596.52,7.8,0.083,2.6,2.8,0.178,0.076,0.082,0.253,0.111,0.9885793872,0.0018541409,0.0007866052,0.204,0.136,58.1995681967521,18.7740542570168
"35029",0.2020053546,0.0004458315,8.1060268309,67.42,0.2587461846,0.0907172996,8949.99,4.6,0.264,5,4.1,0.122,0.161,0.136,0.329,0.186,0.6960749153,0.0010949349,0.0007705098,0.25,0.236,44.685172647258,17.603249830738
"35031",0.2618184026,0.0007557559,5.128343545,87.2,0.3534098737,0.0859444942,7706.06,2.2,0.254,5.3,5,0.136,0.177,0.175,0.346,0.206,0.427698204,0.0014868773,0.0005865663,0.351,0.254,40.6043352936452,21.8638728504243
"35033",0.1615990991,0,6.5331010453,35.83,0.1747391952,0.1244541485,6158.68,6.8,0.326,5.5,4.4,0.105,0.185,0.149,0.318,0.197,0.2329440688,0.0008503401,0.0006377551,0.232,0.225,7.19838756118629,7.19838756118629
"35035",0.1809956479,0.0005224179,9.372791248,30.55,0.2222222222,0.0877958807,8592.32,5,0.189,4.4,3.9,0.16,0.131,0.121,0.341,0.201,0.6406884336,0.002301268,0.0004267252,0.261,0.214,44.0889982569466,22.0444991284733
"35037",0.1632589839,0.0005881661,21.173979532,56.61,0.1978233035,0.0742521368,9653.55,6.3,0.2,4.2,3.7,0.122,0.132,0.121,0.307,0.177,0.6851012056,0.014084507,0.0008081275,0.304,0.253,46.8420641736279,70.2630962604419
"35039",0.193073067,0.0004273827,7.2906453478,43.26,0.2342064715,0.0966106749,6451.04,6,0.231,4.7,4.1,0.134,0.147,0.126,0.346,0.183,0.4704318442,0.0043421841,0.0007985626,0.259,0.218,57.8305982533483,30.1724860452252
"35041",0.1974069688,0.000460688,11.773136773,68.34,0.2403490217,0.0982342196,9455.38,5.9,0.199,4.3,4,0.158,0.136,0.127,0.325,0.201,0.7147032148,0.0028063142,0.0004510148,0.267,0.242,27.2986299500094,8.53082185937793
"35043",0.1297667115,0.0006104296,5.0869135515,32.93,0.1582498143,0.0670088635,7387.64,6.4,0.163,3.9,3.7,0.162,0.117,0.109,0.314,0.151,0.757382507,0.0025480505,0.0003587772,0.238,0.154,42.0719720874227,20.7941931006802
"35045",0.1939336332,0.0006139678,7.6745970837,54.75,0.2470864069,0.0829198336,8057.47,5.5,0.188,4.4,4.1,0.127,0.135,0.129,0.33,0.21,0.3644458799,0.0017232793,0.0005612515,0.316,0.237,51.2160422735587,24.1176072081837
"35047",0.1453913514,0.0007436524,7.0824037678,56.85,0.170413561,0.076664425,7031.85,6.5,0.285,5.1,4.2,0.127,0.163,0.135,0.343,0.188,0.7171775593,0.0084439929,0.0007007463,0.229,0.188,62.5390869293308,30.6795520785397
"35049",0.1987818478,0.0010393888,9.3814961799,20.18,0.2340171484,0.0999140666,6553.99,7,0.151,3.5,3.5,0.151,0.106,0.108,0.248,0.135,0.8064507179,0.0057928546,0.0007936346,0.135,0.11,53.3455780567354,22.0585090698737
"35051",0.1794248684,0.0005298013,13.245033113,60.41,0.2063714336,0.0923852184,8027.99,4.9,0.175,4.2,3.8,0.124,0.125,0.118,0.305,0.16,0.9451951952,0.0016418942,0.0006913239,0.22,0.244,166.769068726411,55.5896895754703
"35053",0.1862108755,0.0005199307,5.1993067591,37.84,0.2264551334,0.0901482544,6920.57,5.7,0.242,4.8,4.2,0.138,0.157,0.14,0.326,0.209,0.5417552894,0.0010236579,0.0005686988,0.261,0.256,59.4439117929051,30.6807286673058
"35055",0.1906099988,0.000997461,10.881392818,39.85,0.2223482115,0.0976205003,6067.86,5.3,0.198,4.3,3.9,0.127,0.133,0.124,0.278,0.168,0.7712906458,0.0063871651,0.0009081277,0.186,0.174,52.5114616363379,29.2852382202654
"35057",0.1690718268,6.40574e-05,7.6868874512,33.16,0.2005923226,0.0928061505,7564.35,5.9,0.218,4.6,4,0.135,0.142,0.127,0.322,0.197,0.2083257035,0.0013997582,0.0004453776,0.261,0.26,40.5870164270609,32.0423813897849
"35059",0.1959531416,0.000465441,16.290435187,77.08,0.2220580995,0.1318944844,9775.49,6.2,0.178,3.9,3.4,0.157,0.118,0.108,0.31,0.168,0.3574411959,0.0073226545,0.0004576659,0.262,0.237,7.77121541809139,7.77121541809139
"35061",0.1724755102,0.000303362,6.4629304773,32.9,0.2121912008,0.0824116467,6929.7,6,0.204,4.1,3.8,0.158,0.127,0.118,0.329,0.192,0.5354255639,0.0019532274,0.0003408316,0.256,0.219,41.6962929800999,25.4566841352189
"36001",0.0734180501,0.00100918,14.959227182,40.07,0.0868818318,0.0315699518,8271.38,7.7,0.122,3.3,3.4,0.187,0.095,0.102,0.341,0.136,0.8559617888,0.0027073254,0.0012803597,0.26,0.229,49.7567866634505,10.1676911877486
"36003",0.0848583359,0.0004399196,19.063180828,57.88,0.1023160815,0.0402215098,8177.02,8.1,0.135,3.6,3.7,0.192,0.107,0.114,0.331,0.164,0.4858006783,0.0015173876,0.0006027978,0.288,0.245,43.9615650317151,16.0494602496738
"36005",0.1389545961,0.0005277581,2.6700802901,51.39,0.1823718546,0.0318619713,10984.24,7.1,0.287,5,4.3,0.137,0.164,0.141,0.408,0.189,0.9861209379,0.0014181668,0.0007943708,0.3,0.311,29.9605596595442,5.51905046360024
"36007",0.0724305569,0.0008360823,11.806495092,49.12,0.0865258959,0.0315870189,8442.72,7.6,0.137,3.6,3.7,0.18,0.105,0.112,0.341,0.163,0.8706979063,0.0017515972,0.0013162291,0.267,0.259,58.8384478823231,11.8353199763294
"36009",0.0948922359,0.0004961832,14.503816794,53.34,0.1153310105,0.0428378012,8715.67,8,0.139,3.7,3.8,0.177,0.11,0.116,0.346,0.172,0.6254715689,0.0008999645,0.0006971556,0.28,0.288,30.1596336666468,16.1417757652476
"36011",0.0754811337,0.0002791064,11.037387565,67.04,0.0902356611,0.0339155401,8096.83,8.3,0.124,3.3,3.5,0.194,0.096,0.104,0.338,0.148,0.7241771424,0.0013588837,0.0006920241,0.309,0.279,34.6594079158706,11.8349197761509
"36013",0.0787841489,0.0005452356,16.962886114,41.99,0.0960349786,0.031666957,8408.33,7.8,0.138,3.6,3.8,0.173,0.109,0.116,0.347,0.16,0.6875356733,0.0011346558,0.0006612564,0.326,0.254,75.2692517529148,12.6290690860595
"36015",0.0648422952,0.0007063917,12.190953629,85.52,0.0802965041,0.0255009107,9377.27,7.6,0.127,3.4,3.6,0.184,0.1,0.108,0.352,0.156,0.744016661,0.0019885657,0.0010055815,0.333,0.284,75.9454256171515,9.8729053302297
"36017",0.0849463444,0.0004451099,11.734714523,49.7,0.1030533058,0.0352394828,7674.19,8.4,0.131,3.5,3.7,0.176,0.104,0.112,0.342,0.152,0.659983755,0.0016160637,0.0006868271,0.312,0.291,31.8055395775954,9.47399051247521
"36019",0.0805690967,0.0006860055,9.0650725206,68.7,0.0952825298,0.0345754898,9127.76,7.5,0.134,3.4,3.6,0.195,0.101,0.108,0.346,0.163,0.6683347945,0.0016178255,0.000772144,0.301,0.258,65.0375909094628,13.9074093768663
"36021",0.0886047043,0.0005151154,9.8193876565,51.48,0.1031868102,0.0424989375,8921.74,8.3,0.116,3.2,3.5,0.191,0.093,0.102,0.328,0.138,0.5750126791,0.0012852851,0.0005301801,0.244,0.223,52.1858893659145,15.0639680643877
"36023",0.0746026767,0.0005507507,12.034921671,68.11,0.0879743973,0.0354291417,8708.38,8.1,0.122,3.4,3.6,0.203,0.1,0.108,0.341,0.153,0.8227257986,0.0022664162,0.0006533812,0.282,0.287,70.9926686417191,10.2393272079403
"36025",0.0962839297,0.0003864236,13.739507525,64.22,0.1128152693,0.0457479334,9376.58,8.4,0.123,3.4,3.6,0.177,0.099,0.107,0.332,0.148,0.5505210504,0.0010059501,0.000663499,0.294,0.262,58.1245156290364,16.5044920921955
"36027",0.0815376571,0.0007047026,7.5865115197,45.75,0.0984004125,0.0336533068,9763.1,8.3,0.126,3.1,3.3,0.185,0.092,0.098,0.337,0.134,0.801165089,0.0021824354,0.0007106387,0.244,0.228,33.6238781263741,12.9322608178362
"36029",0.0688851474,0.0008029604,10.099313528,36.79,0.0831545036,0.0281354652,7920.44,7.5,0.137,3.5,3.7,0.196,0.1,0.108,0.369,0.154,0.9530597145,0.0019665908,0.0011034216,0.292,0.25,101.255605673062,10.9934657587896
"36031",0.08764468,0.0003619535,15.512293493,48.82,0.1020934123,0.0416428163,8423.4,8.3,0.116,3.3,3.4,0.187,0.095,0.102,0.341,0.143,1,0.00134152,0.0006449616,0.267,0.278,72.4643932401073,16.3907556138338
"36033",0.1075574508,0.0006632593,9.3636611915,50.34,0.1268109462,0.0557339883,8587.78,7.4,0.148,3.8,3.8,0.195,0.112,0.116,0.38,0.182,0.5692164577,0.0022055409,0.0008319146,0.267,0.306,31.2479656272378,11.7179871102142
"36035",0.0899083823,0.0004805471,9.9805932908,56.72,0.1090382564,0.0347744361,8274.66,7.8,0.129,3.5,3.7,0.181,0.103,0.111,0.35,0.165,0.8269975329,0.0009159858,0.0005495915,0.251,0.293,56.5516987023844,14.1379246755961
"36037",0.0800427341,0.0003718603,13.5221933,54.2,0.0957070707,0.0361191463,8548.34,8.5,0.118,3.3,3.6,0.191,0.094,0.104,0.335,0.149,0.6736796551,0.0011942006,0.0004709523,0.268,0.245,91.8035741440584,8.44818166969863
"36039",0.0887389287,0.000375258,10.00687973,51.1,0.1036956126,0.0406456858,9395.97,8.1,0.121,3.3,3.5,0.182,0.096,0.104,0.337,0.148,0.6910058715,0.000701682,0.0005778557,0.24,0.26,48.5952501614057,18.7438822051136
"36041",0.096783541,0.0002120891,27.571580064,24.39,0.1075072886,0.0557029178,7088.59,8.1,0.104,3,3.3,0.168,0.087,0.097,0.321,0.126,1,0.0002095118,0.0006285355,0.283,0.252,56.3380281690141,56.3380281690141
"36043",0.0830114695,0.0003921938,10.981425703,66.47,0.099671471,0.0373998856,8905.8,7.8,0.125,3.6,3.6,0.188,0.103,0.11,0.348,0.163,0.6170585409,0.0004206852,0.0003427806,0.311,0.318,76.4297866771365,15.7047506870828
"36045",0.0818009134,0.0004869735,10.075312964,51.53,0.1021566889,0.0341965142,8278.6,7.4,0.13,3.5,3.6,0.214,0.105,0.109,0.35,0.162,0.6823082019,0.001372339,0.0015145937,0.308,0.318,21.89522852443,11.2283223202205
"36047",0.1236143685,0.0006243819,4.6304189537,50.39,0.1557952637,0.0344228144,11979.92,6.8,0.201,4,3.9,0.174,0.125,0.122,0.42,0.157,0.9684161776,0.0015400349,0.0004961135,0.226,0.27,20.9536069309691,5.14605300918634
"36049",0.0935153282,0.0005878031,17.634092579,54.96,0.1133001903,0.0443113772,7839.51,7.8,0.122,3.3,3.5,0.194,0.096,0.105,0.347,0.153,0.529072987,0.0019890235,0.0003315039,0.327,0.245,39.347810048447,25.8220003442933
"36051",0.069223707,0.0004490137,11.457591428,39.82,0.0824450142,0.0304436753,7154.02,7.7,0.127,3.3,3.6,0.194,0.099,0.107,0.339,0.149,0.6952120258,0.000633645,0.0004481879,0.303,0.239,45.8743969320853,9.27796791884871
"36053",0.0715331557,0.0005941771,10.363553455,48.36,0.0849296209,0.0347978227,7376.29,8.2,0.121,3.3,3.5,0.202,0.096,0.104,0.344,0.15,0.3695705455,0.0012848498,0.0005940703,0.281,0.296,52.1698984302862,15.2354570637119
"36055",0.0696590926,0.001034864,8.908365195,46.05,0.0852999847,0.0265732591,8289.1,7.4,0.131,3.2,3.6,0.181,0.096,0.109,0.346,0.152,0.927383038,0.0019009987,0.0014687716,0.283,0.22,93.7723843218265,8.93705512028787
"36057",0.0832003535,0.0006830189,9.4417324575,55.35,0.1010043138,0.0367760784,8584.16,6.4,0.145,3.6,3.8,0.172,0.109,0.114,0.354,0.158,0.5199824768,0.0007615688,0.000701445,0.291,0.303,53.5769297740393,13.3942324435098
"36059",0.0719754662,0.0014588257,7.6768678968,44.63,0.0881339236,0.0300454038,10155.15,9.6,0.121,3,2.9,0.179,0.087,0.089,0.369,0.12,0.9903921668,0.0024620122,0.0009584764,0.23,0.251,33.6188273291352,7.19526399374479
"36061",0.0886971019,0.0013830253,13.054096273,35.39,0.1013766134,0.0312618462,9928.8,7.8,0.141,3.5,3.5,0.213,0.105,0.107,0.368,0.132,0.9843316583,0.0066229686,0.0014149908,0.156,0.186,34.2371883116685,8.4166421266185
"36063",0.0715800606,0.0004355462,10.490574874,62.24,0.0860213413,0.0294780074,8473.44,7.7,0.129,3.4,3.5,0.185,0.099,0.106,0.36,0.158,0.8775806236,0.0009381607,0.000410737,0.316,0.256,58.086336282412,15.9268986580807
"36065",0.0782636335,0.0007300179,11.465575361,56.45,0.0944759397,0.0356286667,8640.82,7.7,0.13,3.4,3.6,0.175,0.102,0.109,0.372,0.158,0.7113820792,0.0012201126,0.0009461224,0.321,0.265,69.2461328037816,11.8748533527146
"36067",0.0717154451,0.0009547284,10.508419551,44.35,0.0869261534,0.0313162586,8233.07,7.6,0.127,3.4,3.6,0.189,0.098,0.107,0.323,0.158,0.9047290729,0.0018232786,0.0015329204,0.265,0.22,66.1900037436497,11.0316672906083
"36069",0.0721982269,0.0008477125,9.9355556163,54.64,0.0878513826,0.029448674,7262.47,8.5,0.111,3.1,3.5,0.196,0.091,0.101,0.331,0.139,0.8303731087,0.0014756698,0.0008982338,0.283,0.221,85.878472824945,13.7040116210019
"36071",0.0817357975,0.0007551203,7.2853158344,57.89,0.1030005382,0.034601157,10836.98,8.5,0.137,3.5,3.5,0.191,0.1,0.103,0.381,0.145,0.8402738102,0.0016853394,0.0005431426,0.301,0.271,27.8038992755048,8.05781794290106
"36073",0.0931330992,9.52744e-05,12.623856707,57.82,0.1109308457,0.0424127126,9836.82,7.7,0.138,3.6,3.7,0.185,0.105,0.111,0.364,0.16,0.7192593802,0.0004025098,0.0002130934,0.314,0.275,82.6702490441252,4.76943744485338
"36075",0.0819827447,0.0003804388,10.089899349,64.48,0.1007155026,0.0304097429,9601.8,7.9,0.136,3.6,3.8,0.183,0.105,0.112,0.364,0.162,0.6047875259,0.0009656254,0.0004869393,0.3,0.279,63.4966208754804,15.4600468218561
"36077",0.0904219988,0.0011614972,12.269336474,51.53,0.105225687,0.0413908828,8088.29,7.5,0.126,3.5,3.7,0.186,0.102,0.11,0.329,0.16,0.6113493631,0.0015887684,0.0024317883,0.295,0.218,58.3274733301717,16.3534971953752
"36079",0.0729964759,0.0004824751,7.1366108135,47.68,0.0878977401,0.0325757576,10680.37,9.2,0.103,2.9,3.1,0.199,0.083,0.091,0.32,0.125,0.7914451911,0.0024587285,0.0004415676,0.253,0.236,21.799352056182,9.39049011650915
"36081",0.1586393591,0.000655588,4.6089301252,44.92,0.1945843098,0.0427394733,10660.7,8.2,0.175,3.6,3.7,0.143,0.109,0.105,0.397,0.119,0.9549580808,0.0012059185,0.0004411685,0.239,0.29,21.7050541871709,6.20965788666081
"36083",0.0665336757,0.0005007072,8.8249652634,49.36,0.0794170227,0.0287108387,8687.26,7.9,0.121,3.3,3.4,0.209,0.095,0.102,0.347,0.15,0.7047086791,0.0013631986,0.0005127628,0.294,0.235,50.8377816392268,11.0426328970452
"36085",0.0791522437,0.0009317971,4.2258371912,43.82,0.0951053953,0.0355372657,11612.71,8.7,0.132,3.3,3.5,0.166,0.095,0.101,0.372,0.146,0.9851556333,0.0016905724,0.0007405511,0.276,0.299,20.6975496635592,6.75838356361117
"36087",0.0887645664,0.0009510106,9.9423835784,39.21,0.1129068401,0.0410338597,11149.4,8.5,0.131,3.2,3.5,0.173,0.096,0.103,0.37,0.143,0.94018679,0.0022093904,0.0004175717,0.235,0.263,21.63151031205,6.18043151772857
"36089",0.088836291,0.000529623,11.131059246,61.42,0.1090165537,0.0361516524,8439,7.4,0.141,3.7,3.8,0.198,0.108,0.115,0.335,0.176,0.6069195312,0.0012861392,0.0007323848,0.304,0.256,31.4023387265604,8.67302688638335
"36091",0.0542101672,0.0007158069,7.824969656,42.7,0.0649526387,0.0245706684,7966.57,8.7,0.098,2.9,3.3,0.207,0.082,0.094,0.334,0.137,0.868683603,0.0012775557,0.000607509,0.271,0.239,33.3316050278874,13.332642011155
"36093",0.077177534,0.0007576974,8.4759366873,39.41,0.0938495958,0.0325432236,7739.76,7.5,0.121,3.3,3.6,0.183,0.097,0.105,0.359,0.153,0.8919968719,0.0017382012,0.0008240361,0.27,0.22,57.5512377810991,11.1666580769297
"36095",0.0834493489,0.0002534372,9.1871000444,55.08,0.0982811574,0.0384739214,8008.94,8.3,0.116,3.3,3.5,0.19,0.095,0.104,0.33,0.148,0.4589453113,0.0009106896,0.0002826278,0.277,0.252,26.3880092885793,16.8883259446907
"36097",0.0743734293,0.0008117322,10.823096488,87.41,0.0879051809,0.034346103,9228.34,8.4,0.12,3.4,3.6,0.181,0.098,0.106,0.337,0.15,0.5495284305,0.0014084507,0.0003791983,0.272,0.248,41.7233560090703,45.3514739229025
"36099",0.0897518469,0.0002293315,12.326568054,62.15,0.1068452533,0.0421653215,8532.28,8.4,0.127,3.4,3.5,0.189,0.099,0.106,0.345,0.154,0.6813707413,0.0014403118,0.0004801039,0.289,0.261,84.6603123870403,13.3173525103209
"36101",0.0815521944,0.0006199565,11.382807895,54.19,0.098489344,0.0369997813,7872.99,7.8,0.122,3.3,3.5,0.186,0.099,0.108,0.316,0.163,0.4665218709,0.0014191586,0.0007095793,0.325,0.237,45.47382709765,10.8594213964537
"36103",0.0872624519,0.0007538417,6.5004710679,54.27,0.1072220197,0.0337321559,10443.98,9.2,0.124,3.1,3.2,0.185,0.088,0.093,0.374,0.137,0.9448970436,0.0021070347,0.000664116,0.248,0.244,42.0043722732957,9.45764407421986
"36105",0.1074355876,0.0003950331,11.324282686,50.78,0.130490556,0.0448967552,9291.19,7.6,0.152,3.8,3.8,0.172,0.11,0.113,0.358,0.159,0.6226159619,0.0012130698,0.000273919,0.298,0.281,24.1774182913159,15.3856298217465
"36107",0.0675848186,0.000300782,13.43493082,59.23,0.0811940099,0.0316029064,8405.81,8.6,0.108,3.1,3.4,0.187,0.091,0.102,0.337,0.142,0.7075794621,0.001253906,0.0004577752,0.3,0.253,43.4590749234452,10.6976184426942
"36109",0.0807392996,0.0008692247,10.507111404,24.07,0.0916502405,0.041168738,6795.62,7.5,0.129,3.5,3.6,0.195,0.104,0.11,0.346,0.151,0.7845496436,0.0027601648,0.0008203287,0.244,0.202,45.9720209172695,9.8967545030233
"36111",0.0917505763,0.0006927319,9.0332234199,58.05,0.1078062854,0.0406597512,9066.02,8.1,0.129,3.3,3.4,0.178,0.096,0.104,0.356,0.143,0.8019595272,0.0028011359,0.0003535951,0.264,0.231,43.206434435159,12.0017873430997
"36113",0.0728644186,0.0011697167,12.774537115,39.41,0.0860529634,0.0320328861,8402.4,8.1,0.113,3.2,3.5,0.188,0.093,0.103,0.334,0.142,0.9506749661,0.0027090316,0.0017448,0.259,0.223,76.9238658858039,12.3078185417286
"36115",0.0873548677,0.0003206567,10.581671263,39.81,0.1047864407,0.0359762759,8283.76,8.2,0.122,3.3,3.5,0.19,0.095,0.104,0.347,0.154,0.6240983295,0.0010143756,0.0004120901,0.308,0.258,68.7285223367698,14.3850395588588
"36117",0.0784578301,0.0003041792,10.646272175,75.24,0.0940477884,0.0363241815,9618.33,8.4,0.121,3.3,3.5,0.191,0.096,0.104,0.347,0.15,0.6451606023,0.0007353498,0.0002919771,0.321,0.286,63.4126897851216,10.8707468203066
"36119",0.1025310344,0.0013931242,8.3895895064,43.42,0.1291991086,0.0337285248,10315.86,9,0.129,3.3,3.3,0.18,0.095,0.098,0.377,0.111,0.9895428679,0.0030573843,0.0005935165,0.208,0.214,40.4067129293256,6.7858601866043
"36121",0.0725855599,0.0004370205,16.509663009,64.52,0.0859505549,0.0342864066,8203.84,8.1,0.121,3.2,3.4,0.201,0.094,0.101,0.351,0.153,0.5875934053,0.0013965472,0.0003852544,0.272,0.264,40.4099182103255,16.1639672841302
"36123",0.1253390655,0.0004760394,15.074579499,48.08,0.1376738123,0.0947804474,6910.26,8.6,0.131,3.5,3.7,0.181,0.103,0.112,0.33,0.158,0.5130187786,0.0007155351,0.0004770234,0.263,0.296,129.952792658993,13.260489046836
"37001",0.1652286555,0.0005070864,10.847797063,40.92,0.2079080251,0.0561328305,8892.76,6.5,0.181,3.8,4,0.142,0.117,0.12,0.332,0.189,0.8438308487,0.001120626,0.0005505966,0.329,0.259,69.5917992682188,11.7409477293007
"37003",0.1624148204,0.0001872058,16.848523748,55.52,0.2018152199,0.0554190219,9354.37,7.9,0.157,3.7,3.7,0.149,0.112,0.113,0.293,0.191,0.2190440346,0.0003790956,0.0002707826,0.322,0.294,76.1328114503748,17.0179225594956
"37005",0.2095156556,0.0011030426,17.464840518,73.56,0.2438633082,0.1023278371,9962.74,7.9,0.187,4,3.9,0.135,0.124,0.121,0.298,0.186,0.7267593008,0.0020111528,0.0004570802,0.283,0.26,61.2463634971674,52.0594089725923
"37007",0.1669672765,0.0004269358,10.479332428,51.41,0.2079882072,0.0552791598,9069.08,6,0.245,4.6,4.2,0.128,0.145,0.134,0.379,0.24,0.0593364999,0.0007644968,0.0001528994,0.346,0.289,69.5114887043831,54.0644912145202
"37009",0.1984430153,0.000479245,12.534100125,79.94,0.237449895,0.0776865814,9551.96,7.7,0.177,3.9,3.9,0.136,0.119,0.118,0.299,0.183,0.6318316777,0.0015100733,0.0004788037,0.3,0.253,146.376865074972,19.6809230352904
"37011",0.2068994531,0.0003375907,19.692792438,87.71,0.2451634058,0.0825561313,9782.74,8,0.177,3.9,3.8,0.151,0.119,0.116,0.302,0.192,1,0.0031615198,0.0005645571,0.276,0.256,65.8204043253409,9.40291490362012
"37013",0.1558815612,0.0005253756,13.869916991,45.55,0.1890989172,0.0674705713,8049.12,6.7,0.188,4,3.8,0.129,0.122,0.12,0.323,0.181,0.5536966854,0.0009691556,0.0005056464,0.347,0.267,52.5578135949545,22.4246671338472
"37015",0.1439631582,0.000248682,27.852382373,53.42,0.1762208068,0.0469507527,9526.04,5.4,0.252,4.7,4.2,0.116,0.148,0.137,0.386,0.226,0.2903862419,0.0002949273,0.0005898545,0.369,0.295,62.6556085013768,54.4114494880377
"37017",0.1863688595,0.0002596878,12.984389878,80.48,0.2301204232,0.0665632674,10701.95,6,0.242,4.8,4.4,0.121,0.151,0.139,0.384,0.232,0.3500710429,0.0004305025,0.0006314037,0.383,0.32,52.9773257045984,12.5219133483596
"37019",0.173985135,0.0004712377,9.4247534417,49.3,0.2084367246,0.0634860652,9032.43,7.3,0.168,4,3.7,0.148,0.115,0.113,0.301,0.168,0.7439752027,0.0006591443,0.0006244525,0.279,0.206,43.1490997528733,15.6905817283176
"37021",0.15006709,0.0013690483,13.171602026,34.76,0.1813215247,0.0541591086,8254.06,7.1,0.163,3.7,3.6,0.156,0.108,0.111,0.287,0.188,0.9074555846,0.0041385653,0.0013916228,0.227,0.189,85.0153466670392,18.7592548983608
"37023",0.1719255322,0.0005363968,14.415662785,47.8,0.2097010633,0.0561686707,8617.09,6.5,0.194,4.1,3.9,0.137,0.122,0.118,0.332,0.188,0.5798684442,0.0019256027,0.0004563567,0.319,0.259,55.5617705187008,19.763582801954
"37025",0.1339103106,0.0009057641,10.77546941,50.57,0.1701078925,0.0520223447,9665.97,7.5,0.155,3.6,3.6,0.151,0.109,0.107,0.325,0.18,0.7959283415,0.0022112313,0.0006623012,0.31,0.231,62.142960053186,13.7131112966528
"37027",0.1695147267,0.0004663492,12.763241863,61.88,0.2121842376,0.0468898452,8962.04,6,0.185,4.1,4,0.143,0.124,0.122,0.337,0.208,0.6564573824,0.0004634712,0.0003537017,0.332,0.272,53.1130367991633,20.8366528981333
"37029",0.1333333333,0.0001935921,9.6796050721,46.4,0.1601265823,0.0665110852,9088.48,8.4,0.131,3.3,3.3,0.164,0.093,0.097,0.306,0.159,0.4849699399,0.0004908216,0,0.311,0.231,19.4634573588088,19.4634573588088
"37031",0.162866327,0.0007411606,14.387234599,38.29,0.1954240495,0.0602820746,9041.5,7.2,0.149,3.6,3.6,0.156,0.107,0.109,0.293,0.171,0.871097805,0.0010082707,0.0008329193,0.261,0.218,78.5934680095476,19.8909394345151
"37033",0.1584306506,0.0001299714,15.596568755,45.61,0.193067034,0.0555555556,9111.04,6.3,0.196,4.1,3.9,0.134,0.124,0.119,0.33,0.19,0.4356844724,0.0001724881,0.0009055627,0.335,0.309,76.5752098594195,72.2407640183203
"37035",0.1536253588,0.0007118175,14.624613354,37.78,0.1917789107,0.055564586,8537.47,7,0.155,3.5,3.6,0.15,0.107,0.109,0.305,0.191,0.6193912852,0.0015955042,0.0010206059,0.303,0.27,68.6907838070629,17.0111972437554
"37037",0.1567158445,0.0009461702,9.8983958776,32.25,0.1886743215,0.071151448,7874.06,8.1,0.162,3.6,3.6,0.135,0.11,0.11,0.288,0.162,0.6386268798,0.0007632788,0.0003891225,0.256,0.247,102.691784172871,11.6254850007024
"37039",0.192393171,0.0004789801,13.264065436,42.63,0.229944744,0.0771513353,8681.01,8,0.171,4,3.9,0.134,0.12,0.12,0.298,0.185,0.9863722489,0.0011756926,0.0006980675,0.279,0.31,53.9632314164122,28.2080527858518
"37041",0.1633071709,0.0006862476,17.156189953,42.51,0.1996100414,0.0674440592,8544.2,5.7,0.213,4.2,4.1,0.12,0.132,0.129,0.341,0.198,0.4714391942,0.0007469781,0.0005432568,0.327,0.288,105.282431566419,96.1274375171656
"37043",0.1897029703,0.0006615632,16.066534354,39.81,0.2227653631,0.0905834186,7984.15,7.7,0.176,4,4,0.128,0.123,0.122,0.296,0.183,0.9366203835,0.0004724112,0.0008503401,0.283,0.265,94.138320572361,97.2762645914397
"37045",0.141044795,0.0005047592,18.542173143,47.71,0.1768121468,0.04612234,9303.24,6.6,0.185,4.1,3.9,0.137,0.123,0.121,0.338,0.199,0.6349130284,0.0009479943,0.0006903871,0.326,0.299,59.793403481763,16.1510917450739
"37047",0.1818817216,0.0003160501,9.6570856671,58.92,0.2284640676,0.0644939704,10830.98,6.5,0.231,4.5,4.2,0.126,0.14,0.132,0.338,0.228,0.3941099521,0.0010830451,0.000593928,0.331,0.269,53.2496942531292,8.77742212963667
"37049",0.1447961596,0.0007176347,11.482154818,36.48,0.1830670221,0.050212485,8933.51,6.7,0.165,3.7,3.6,0.168,0.112,0.11,0.318,0.182,0.808927105,0.0015599728,0.0007369197,0.296,0.257,67.5308049287886,13.7622019523124
"37051",0.1338576842,0.0007538428,9.1012723395,49.21,0.1699679747,0.048639145,9345.61,5.4,0.181,4,4,0.155,0.122,0.12,0.399,0.215,0.8282352057,0.002252425,0.0014361511,0.334,0.254,34.015103935609,14.343718527064
"37053",0.1498622066,0.0001601537,12.812299808,64.33,0.1808565201,0.06452732,9132.42,8.1,0.139,3.4,3.5,0.164,0.102,0.105,0.298,0.178,0.716014779,0.0003279226,8.19807e-05,0.276,0.224,40.1956186775641,24.1173712065385
"37055",0.1717381363,0.0006267092,15.097994531,29.74,0.2029515174,0.0763091571,7220.58,7.1,0.137,3.3,3.5,0.17,0.098,0.103,0.279,0.174,0.8947523585,0.0014563523,0.0006282304,0.245,0.248,32.1403588376534,17.9607887622181
"37057",0.1553189606,0.0002803647,10.422253645,54.74,0.1965872518,0.0472078594,9646.47,7.3,0.171,3.9,3.7,0.143,0.115,0.113,0.309,0.179,0.7906162895,0.0007098274,0.0003059601,0.303,0.278,74.3730111315671,15.4435760819647
"37059",0.1438950434,0.0004102911,10.619298161,43.32,0.1720412439,0.0704016913,9237.46,8,0.149,3.5,3.6,0.148,0.105,0.107,0.287,0.16,0.6513094083,0.0004572364,0.0004091062,0.319,0.292,82.5710872928708,17.6365429169239
"37061",0.2318707435,0.0002170936,10.687685782,59.07,0.2934975619,0.0850470321,9753.57,7.3,0.26,4.7,4.3,0.126,0.151,0.137,0.342,0.219,0.3182121186,0.0004826576,0.0004160841,0.356,0.315,49.1277041172366,7.81577110956036
"37063",0.1505294313,0.001229369,10.290022414,43.09,0.1863789869,0.0485760634,8156.79,6.5,0.182,3.6,3.5,0.153,0.113,0.113,0.329,0.166,0.9064565917,0.0045951002,0.0015270726,0.264,0.203,53.7607026240882,8.82807327300817
"37065",0.1454273866,0.0003094679,12.924835709,55.78,0.1867607196,0.0390559574,8972.97,4.6,0.253,4.6,4.2,0.112,0.146,0.139,0.378,0.217,0.353815957,0.0003418865,0.0003238925,0.363,0.311,43.7272633413702,9.10984652945213
"37067",0.1534864408,0.0010977339,10.867839408,44.67,0.196188608,0.0470448749,9402.59,6.2,0.193,3.8,3.7,0.143,0.116,0.116,0.343,0.182,0.8499044686,0.0021787276,0.0015669121,0.324,0.239,65.0822382082942,11.775047305568
"37069",0.175286747,0.000174992,10.340439071,63.39,0.2189435628,0.0635110845,9520.63,7.4,0.189,4,3.9,0.145,0.121,0.117,0.326,0.199,0.7547468615,0.0004336653,0.0001927401,0.328,0.295,63.0196473018059,16.4168829105545
"37071",0.1581080243,0.000663108,14.730470286,48.33,0.1983860745,0.0519182446,10017.7,6.4,0.171,3.9,3.9,0.149,0.118,0.118,0.362,0.212,0.781557214,0.0015423551,0.0005968866,0.314,0.309,60.5688742233698,16.2463386588726
"37073",0.1426158556,0,9.5098123973,68.54,0.1715141146,0.0621141975,8753.38,7.4,0.183,3.9,3.8,0.136,0.118,0.117,0.35,0.189,0.2708862835,8.58369e-05,0.0001716738,0.326,0.305,37.5202031863311,43.2925421380743
"37075",0.1898092968,0.0002313744,15.039333642,59,0.2338430173,0.0715412941,7825.43,7.1,0.174,4,4,0.142,0.121,0.122,0.299,0.194,1,0.0004578755,0.0008012821,0.298,0.272,23.0804739190645,57.7011847976612
"37077",0.1461403623,0.0004957265,12.991452991,58.4,0.1784991049,0.0583047143,8593.74,7.3,0.18,3.8,3.7,0.142,0.113,0.112,0.334,0.194,0.485229321,0.0023852424,0.0004804805,0.335,0.282,52.4368904923938,15.3890874271156
"37079",0.2009469697,0.0001896364,8.5336367515,55.46,0.2509004656,0.0765458422,8980.83,7.1,0.227,4.3,3.9,0.135,0.135,0.126,0.368,0.217,0.2848984178,0.0003767898,0.0001412962,0.334,0.284,59.8811831261129,53.5779006917852
"37081",0.1478610306,0.0007791158,11.637920093,44.63,0.1826821272,0.0558329325,8722.77,6.3,0.16,3.5,3.7,0.154,0.11,0.114,0.334,0.185,0.9395850993,0.0021061566,0.0008033793,0.314,0.231,64.829863915867,10.8049773193112
"37083",0.1549492747,0.0006041155,12.082310742,67.22,0.1940796939,0.0499371596,9792.68,4.7,0.236,4.5,4.2,0.115,0.143,0.137,0.377,0.225,0.6382768646,0.0009541092,0.0003928685,0.398,0.309,76.1585860938198,11.958786246137
"37085",0.1554607259,0.0003000016,8.1316217454,80.79,0.2030376864,0.0523346029,10116.94,7,0.212,4.1,4,0.16,0.128,0.122,0.35,0.202,0.6287692496,0.0006080632,0.0005600582,0.33,0.299,46.0777318170688,16.3246821294758
"37087",0.1526707444,0.0007398564,16.646769013,49.74,0.1838403759,0.0554970144,8796.79,7.4,0.154,3.7,3.8,0.141,0.111,0.111,0.273,0.174,0.9089707975,0.0025514083,0.0004393153,0.321,0.259,90.1849631978131,16.2444964766247
"37089",0.1708840276,0.0008727024,11.516073019,35.2,0.2091447241,0.0641906776,8555.55,7.9,0.15,3.5,3.6,0.137,0.105,0.108,0.291,0.156,0.8847105115,0.0014606536,0.0008216177,0.295,0.251,123.596044926562,23.9992320245752
"37091",0.1558863026,0.0004525259,18.923811091,43.21,0.194024177,0.0512665862,8503.58,5.2,0.249,4.7,4.2,0.12,0.146,0.135,0.376,0.221,0.6715716081,0.0014735377,0.0007367689,0.405,0.32,42.5105933656048,6.85654731703303
"37093",0.1698854126,9.68786e-05,6.9752572126,66.83,0.2194939082,0.0633260998,10521.38,5.9,0.22,4.3,4.1,0.154,0.137,0.128,0.371,0.234,0.7841838473,0.0009547562,0.0004481509,0.328,0.253,20.5650240353718,8.35454101436981
"37095",0.1742842793,0.0001761804,8.8090204369,29.56,0.2044235925,0.0883458647,8513.26,4.2,0.191,3.9,3.7,0.144,0.12,0.114,0.339,0.193,0.265232358,0.0001747946,0.0005243838,0.318,0.3,35.4547066123028,35.4547066123028
"37097",0.1468267994,0.0006899655,11.699415029,52.33,0.1820425915,0.0591623289,9634.81,7.5,0.149,3.5,3.6,0.158,0.106,0.107,0.321,0.167,0.7330732515,0.0013676398,0.0007233295,0.312,0.231,58.8754196121008,11.7750839224202
"37099",0.2019774478,0.000927259,12.932822528,44.14,0.2388034115,0.08105509,8323.57,6.8,0.179,4.1,4,0.167,0.125,0.124,0.293,0.204,0.9109284597,0.0051809673,0.001026418,0.288,0.243,38.9721105833638,21.9218122031421
"37101",0.1600758311,0.0003031589,8.5435694482,72.24,0.2030540017,0.0626072907,10367.21,7.9,0.182,3.9,3.7,0.151,0.117,0.114,0.338,0.197,0.709085849,0.0007079964,0.0004326645,0.352,0.281,35.9600036693881,12.4759196404
"37103",0.1704646722,0.0004962287,6.9472012703,50.56,0.2018410042,0.074204947,8144.47,7.1,0.188,3.9,3.9,0.132,0.12,0.119,0.326,0.191,0.6114448931,0.0002936858,0.0008810573,0.354,0.289,102.296726504752,65.9978880675818
"37105",0.1747584445,0.0005363548,15.252589588,63.91,0.2228120476,0.0638924456,9246.4,6.7,0.197,4,3.8,0.146,0.123,0.119,0.361,0.2,0.6585732555,0.0013772276,0.0006471311,0.292,0.263,43.4327460632113,12.80709178787
"37107",0.1576001509,0.000512952,15.730529196,52.69,0.1982758621,0.0515314269,9303.21,5.9,0.222,4.4,4.1,0.124,0.138,0.13,0.353,0.206,0.5453735608,0.0009335642,0.0006280341,0.359,0.318,76.9208854448591,12.5352554058289
"37109",0.1530119398,0.0004133836,12.652043744,53.42,0.1861633182,0.0614319468,9819.48,7.7,0.158,3.7,3.6,0.16,0.109,0.107,0.308,0.187,0.6345620648,0.0003762227,0.0002382744,0.293,0.242,54.0306894315971,12.4686206380609
"37111",0.1552650731,0.0003558323,15.567663738,55.42,0.1914621292,0.0527947102,9337.89,7.4,0.189,4.2,3.9,0.144,0.126,0.12,0.321,0.199,0.7626900169,0.0010453504,0.0006005205,0.332,0.292,72.6383278360449,19.2713930993589
"37113",0.2083149049,0.0007675277,16.826568266,38.25,0.2472418061,0.0961132871,7789.85,7.7,0.172,3.9,3.8,0.131,0.119,0.119,0.291,0.175,1,0.0012700476,0.0002953599,0.287,0.299,82.4070713115478,22.5638409543524
"37115",0.1520325203,0.0004253911,10.87110649,34.73,0.184793471,0.0557806913,8222.99,7.6,0.159,3.7,3.8,0.156,0.113,0.115,0.297,0.189,0.3988152572,0.0012843688,0.0005708306,0.263,0.252,80.5458163555387,18.9519567895385
"37117",0.1511396088,0.0003410932,14.922827663,77.7,0.1852227454,0.0545672596,9516.61,6.4,0.218,4.3,4,0.124,0.133,0.128,0.35,0.219,0.5328300347,0.0006329381,0.0003797629,0.398,0.288,75.1666430293575,15.600624024961
"37119",0.1490308904,0.0008819413,9.0761936083,36.52,0.1869900317,0.0515291438,8675.32,6.7,0.163,3.4,3.4,0.17,0.105,0.108,0.331,0.158,0.8949488271,0.0020262832,0.0008526939,0.251,0.194,28.2461138548834,9.77750094976735
"37121",0.1612930887,0.0007184377,20.900006531,58.21,0.1919774011,0.0672721157,8277.83,7.6,0.165,3.9,3.8,0.144,0.115,0.115,0.295,0.181,1,0.0006524008,0.0008481211,0.28,0.229,100.250626566416,23.972975918056
"37123",0.2009879305,0.0002920241,10.22084322,58.32,0.2522557866,0.0759162304,10089.41,7.4,0.22,4.3,4.1,0.13,0.136,0.13,0.32,0.209,0.7725735664,0.0009430198,0.0003626999,0.295,0.293,79.9864265457983,56.9600310250382
"37125",0.1495398664,0.0010636355,12.677675473,45.14,0.1841291585,0.0617332417,8960.14,7.3,0.166,3.7,3.7,0.139,0.109,0.111,0.3,0.169,0.6948338187,0.00184524,0.0009499165,0.266,0.226,83.1493534420965,13.9776930355248
"37127",0.1540991218,0.0006040887,12.081774537,60.83,0.1929902475,0.0534790366,9378.68,6.3,0.197,4,3.8,0.132,0.122,0.12,0.35,0.189,0.63235601,0.0009043778,0.0006835414,0.351,0.266,78.6959759183256,11.2926960959032
"37129",0.1450684862,0.000901534,10.078687736,35.71,0.1740033253,0.053974665,9155.86,6.6,0.154,3.6,3.8,0.177,0.11,0.113,0.305,0.16,0.859952533,0.0031416018,0.0013973095,0.248,0.196,57.3914140598194,14.0016586580256
"37131",0.1466858413,9.77374e-05,15.637980746,73.05,0.1789849395,0.0508811119,9512.24,5.6,0.241,4.6,4.2,0.104,0.147,0.138,0.358,0.214,0.195257704,0.0003359086,0.0002399347,0.356,0.282,81.0005184033178,72.900466562986
"37133",0.1145421949,0.0003145174,6.9300438725,48.97,0.1470590912,0.0402779777,9612.99,6.4,0.176,3.9,3.8,0.192,0.116,0.112,0.343,0.204,0.6068559728,0.0015873016,0.000718065,0.279,0.238,21.2834454142223,19.1372156245529
"37135",0.1212294719,0.0018729526,11.180743484,28.44,0.1438154413,0.057292886,7182.75,6.7,0.151,3.4,3.5,0.172,0.103,0.106,0.297,0.165,0.8528785286,0.0054862061,0.0018026106,0.227,0.187,39.7985435628225,7.10688277907544
"37137",0.1622286865,0.00038616,10.040160643,36.17,0.1853965467,0.0898825655,8443.86,7.6,0.164,3.7,3.7,0.136,0.11,0.11,0.311,0.173,0.3087340231,0.000386011,0.000386011,0.32,0.276,59.4591799803526,28.4369991210382
"37139",0.1556579621,0.0007037475,14.577625858,48.37,0.195593979,0.0502988609,8320.98,5.7,0.193,4,3.8,0.146,0.119,0.117,0.346,0.189,0.6855955338,0.0015007128,0.0010755109,0.366,0.279,73.5804409809611,15.8866861208893
"37141",0.1627367776,0.0003377778,10.666666667,45.76,0.1999939842,0.066351794,9293.25,7.4,0.168,3.8,3.7,0.153,0.115,0.113,0.324,0.188,0.6437941667,0.0006325225,0.0003795135,0.307,0.254,51.419959218653,18.9130884482402
"37143",0.1542626501,0.0002227833,11.881776326,49.21,0.1885278781,0.0607794065,8010.33,7.2,0.184,4,3.9,0.125,0.122,0.123,0.318,0.185,0,0.000220572,0.000147048,0.322,0.237,61.7177278001333,81.467400696176
"37145",0.1457983455,0.000383318,15.332720025,65.99,0.1785563884,0.0560505244,8928.55,6.9,0.189,4,3.8,0.141,0.121,0.119,0.335,0.192,0.5785779445,0.0007638252,0.0005601385,0.326,0.253,78.1867473463248,18.6968308871646
"37147",0.1442146301,0.0010778197,9.3525097802,48.59,0.1769990694,0.0502128946,8806.12,6.2,0.191,4.2,4,0.146,0.13,0.127,0.347,0.208,0.6102719033,0.0028634879,0.0013255826,0.3,0.26,46.8162121116966,11.9895177359223
"37149",0.1774906494,0.0005894778,23.087881318,44.15,0.2060864923,0.0884907709,7959.2,8.3,0.139,3.3,3.5,0.143,0.099,0.103,0.284,0.152,0.8166747928,0.0018617412,0.0004899319,0.284,0.277,142.310334674649,27.8077665456211
"37151",0.1696646661,0.0004272367,11.206208239,54.39,0.2095116279,0.0686735924,9445.63,7.4,0.204,3.9,4,0.147,0.12,0.119,0.314,0.202,0.7312277781,0.0008206092,0.0003787427,0.318,0.32,76.3743886545495,17.5170616180159
"37153",0.1771049688,0.0004154549,15.087573525,81.67,0.2267204978,0.052938015,10745.98,6.1,0.227,4.4,4.1,0.134,0.138,0.129,0.348,0.212,0.5986191814,0.0009912725,0.0002585928,0.363,0.298,59.6038524441214,12.3568962384154
"37155",0.2165974957,0.0004303948,11.353517364,93.52,0.2829241845,0.0647201404,10758.79,5.8,0.294,5.6,4.9,0.125,0.18,0.163,0.396,0.286,0.4053798223,0.0012236634,0.0006748689,0.386,0.332,34.6708007469081,13.6206717219996
"37157",0.1501073537,0.0004035072,14.722561508,65.63,0.1836690647,0.053757515,9169.8,6.2,0.185,4.1,3.9,0.144,0.124,0.119,0.335,0.203,0.7042277586,0.0009686759,0.0004462439,0.35,0.292,60.2908488660962,15.6175090436273
"37159",0.1690283311,0.0004472336,15.003967395,55.34,0.2115154036,0.0593600295,9716.39,6.6,0.187,4,3.9,0.143,0.122,0.119,0.323,0.196,0.805263386,0.0017206105,0.0005638975,0.338,0.289,77.3861738304954,20.1876975209988
"37161",0.1551273124,0.0005555556,21.021021021,54.48,0.1922949101,0.0535895527,8757.46,6.3,0.19,4.1,4.1,0.136,0.127,0.125,0.307,0.217,0.5787199528,0.0011350738,0.000492861,0.309,0.275,102.027547437808,24.5066167865324
"37163",0.2029417311,0.0004215457,14.832162373,69.15,0.2588859558,0.0704466304,9466.23,7.2,0.228,4.4,4.2,0.129,0.138,0.132,0.347,0.2,0.4042975832,0.0003117693,0.0003117693,0.35,0.318,52.1039578166357,10.9418311414935
"37165",0.1630544719,0.0006746121,14.335507083,64.72,0.21162337,0.0495323866,9425.97,4.9,0.259,4.9,4.5,0.123,0.158,0.147,0.372,0.249,0.6635506264,0.0011936155,0.000832755,0.352,0.273,43.8801232377929,10.2698160769303
"37167",0.1471030773,0.0004290429,16.99669967,64.7,0.182621668,0.0528357117,9791.33,7.5,0.164,3.7,3.7,0.152,0.109,0.111,0.302,0.179,0.6691920442,0.0019460708,0.0003463346,0.292,0.268,67.6013608208894,22.5337869402965
"37169",0.1450522434,0.0002369719,9.9097352377,70.41,0.1766248494,0.0508960573,11225.57,7.5,0.152,3.7,3.7,0.148,0.109,0.112,0.304,0.185,0.729267315,0.0002575771,0.0004292951,0.293,0.295,66.7345972244148,22.2448657414716
"37171",0.1859805304,0.0006167087,14.663962285,67.65,0.2291865472,0.0716633794,10458.11,7.6,0.19,4.1,3.9,0.14,0.125,0.123,0.306,0.19,0.574606708,0.0009582478,0.001026694,0.303,0.287,98.737892037429,20.5703941744644
"37173",0.2072749266,0.0009808043,12.610340479,71.85,0.2533904354,0.0870475621,8981.06,6.9,0.207,4.5,4.3,0.142,0.139,0.137,0.327,0.231,0.9082326014,0.0014938114,0.0012804097,0.292,0.267,44.4278164897348,88.8556329794697
"37175",0.1635321201,0.0007565441,19.67014677,38.78,0.1939825812,0.0661505982,8351.37,7.9,0.145,3.6,3.7,0.143,0.106,0.11,0.278,0.161,0.8126624358,0.0014588335,0.0002735313,0.255,0.246,120.009278028217,22.1865892153007
"37177",0.2258294684,0,19.441069259,68.42,0.2707129094,0.0994764398,8733.44,6.3,0.215,4.2,3.9,0.135,0.132,0.124,0.349,0.214,0.3303834808,0,0,0.325,0.253,48.8042947779405,48.8042947779405
"37179",0.1319755324,0.0005947806,7.8236521357,42.59,0.170806423,0.0550857248,8868.02,8.3,0.148,3.3,3.5,0.164,0.097,0.1,0.314,0.168,0.6838920573,0.0010481491,0.0003572167,0.283,0.213,30.2721743677244,9.63205548063957
"37181",0.1588512876,0.0004034608,15.690142108,62.95,0.2024854076,0.0504360334,8385.51,5.5,0.238,4.5,4.2,0.121,0.14,0.134,0.367,0.218,0.6897758795,0.0016291734,0.0008926977,0.38,0.319,85.0809761922532,17.1654601089634
"37183",0.1203065772,0.0008621285,9.802831907,37.67,0.1486033768,0.0519741426,8670.84,7.6,0.138,3.2,3.3,0.177,0.095,0.1,0.303,0.151,0.9129094233,0.0022806375,0.0007728713,0.229,0.17,44.1748871772047,9.14193284482937
"37185",0.1775682316,9.88582e-05,14.33443725,76.67,0.2139892255,0.0699671634,7898.88,5.6,0.238,4.5,4.1,0.118,0.142,0.133,0.363,0.215,0.3941445737,0.0003402187,0.000145808,0.369,0.313,60.694542412362,68.8965076032217
"37187",0.1490846566,0.000318218,21.479713604,61.1,0.1846450193,0.0522522523,8557.69,5,0.244,4.6,4.3,0.111,0.146,0.137,0.35,0.213,0.5791502873,0.0008646439,0.000314416,0.322,0.291,69.007617379303,69.007617379303
"37189",0.1480207411,0.0007800609,13.888888889,41.38,0.1672533595,0.0608070757,8843.8,6.9,0.185,4.2,4.2,0.177,0.132,0.13,0.307,0.212,0.9656610349,0.0036851753,0.0006110135,0.271,0.195,31.0444886529226,15.8390248229197
"37191",0.1674656347,0.000514238,13.2576975,40.98,0.2120617337,0.0574337427,9047.2,6.1,0.202,4.1,3.9,0.143,0.126,0.123,0.339,0.202,0.485006891,0.001549168,0.0007625438,0.382,0.302,52.7908117190243,12.0588148596756
"37193",0.1806304249,0.0004212789,15.253203173,65.75,0.2246385765,0.058100113,9614.37,7.1,0.192,4.1,3.9,0.134,0.126,0.126,0.312,0.199,0.5523218921,0.001332889,0.0004925894,0.298,0.307,71.233699839603,20.8370686605642
"37195",0.1796996066,0.0004299701,11.670618297,64.91,0.2285252559,0.0569146785,9671.65,6.1,0.219,4.3,4.1,0.128,0.132,0.129,0.339,0.218,0.5407341753,0.0009306084,0.0007469357,0.33,0.271,77.6200864442647,13.4813834350565
"37197",0.1668834124,0.0003175275,16.405588484,73.93,0.203874906,0.0673177537,10793.32,8.2,0.178,4,3.9,0.145,0.119,0.118,0.322,0.196,0.5583762954,0.00052579,0.0002891845,0.325,0.228,57.3116430807212,21.161222060574
"37199",0.1649177644,0.0007948223,11.922334507,48.7,0.1971258672,0.0713884205,8125.84,7.9,0.165,3.8,3.8,0.141,0.116,0.117,0.285,0.185,1,0.0014232039,0.000740066,0.294,0.294,98.5464400098546,9.47561923171679
"38001",0.1144952059,0.0041946309,12.583892617,64.91,0.1160849772,0.1141078838,8533.15,8.4,0.118,2.6,2.5,0.195,0.076,0.074,0.29,0.153,0.0213401622,0,0.0016949153,0.323,0.295,14.0785583556244,0
"38003",0.0923167155,0.0008076095,27.817659727,43.06,0.0991091314,0.0766299746,8951.02,8.8,0.119,2.6,2.5,0.212,0.076,0.073,0.292,0.16,0.6015723839,0.000178731,0.0006255585,0.357,0.229,62.8121915472736,56.8300780665809
"38005",0.1540023693,0,8.7809161423,84.2,0.2014884234,0.0809903483,9796.36,5.7,0.249,4.6,4,0.192,0.148,0.13,0.358,0.319,0.3402402402,0.000581649,0.000581649,0.335,0.274,4.88686898304256,4.88686898304256
"38007",0.1417112299,0,22.197558269,NA,0.1468048359,0.1257142857,4760.48,7.3,0.109,2.4,2.4,0.225,0.073,0.071,0.297,0.157,0.2630906769,0,0,0.281,0.246,0,36.8867576540022
"38009",0.1212539432,0.0004511278,27.067669173,57.72,0.1280173583,0.1048275862,7561.75,8,0.113,2.6,2.6,0.212,0.079,0.076,0.281,0.174,0.5493855965,0,0.0001484561,0.317,0.312,29.8477763406626,39.7970351208835
"38011",0.1132364193,0.0009239298,24.638127502,43.24,0.1177753544,0.1047503045,8263.11,9.3,0.103,2.4,2.4,0.225,0.072,0.07,0.252,0.153,0.7102507141,0,0.0009334163,0.302,0.276,51.2557662737058,51.2557662737058
"38013",0.0947995666,0,40.08908686,NA,0.0996978852,0.0814814815,8186.15,6.9,0.131,2.8,2.7,0.217,0.086,0.082,0.299,0.187,0.0045731707,0,0,0.326,0.292,14.5793847499636,14.5793847499636
"38015",0.0731668204,0.0010717877,16.684529795,31.12,0.0811537969,0.0540578888,8135.08,9.1,0.105,2.3,2.5,0.234,0.07,0.071,0.276,0.153,0.7904880209,0.0018427032,0.0015487751,0.296,0.218,24.6367911866476,20.2242315711286
"38017",0.0832583134,0.0011257148,11.137391096,34.6,0.0924641701,0.0585908659,8421.53,8.6,0.108,2.6,2.6,0.259,0.077,0.077,0.278,0.156,0.8077621547,0.0023214538,0.0012651309,0.298,0.19,35.5044220957183,12.9650979563016
"38019",0.0952887,0.0005188067,23.346303502,72.63,0.0994208494,0.086574655,7771.63,9.1,0.109,2.5,2.5,0.206,0.074,0.071,0.268,0.147,0.535687453,0.0002566735,0.0007700205,0.372,0.325,43.1816219017186,0
"38021",0.1032258065,0.0005825243,40.776699029,63.2,0.1120468693,0.0846473029,9969.84,7.4,0.113,2.5,2.5,0.207,0.075,0.074,0.278,0.161,0.4097182832,0.0005716463,0.0028582317,0.318,0.266,96.7617081666882,0
"38023",0.0801282051,0.0004111842,49.342105263,44.98,0.0824817518,0.0779467681,9620.62,9.2,0.123,2.5,2.5,0.217,0.075,0.074,0.301,0.164,0.536938677,0,0.0012964564,0.293,0.323,111.172873818788,111.172873818788
"38025",0.12840879,0,18.185951353,58.26,0.1316828131,0.121037464,7003.38,6.9,0.126,2.6,2.6,0.227,0.079,0.076,0.284,0.196,0.3093891403,0,0.0007208073,0.336,0.281,45.4304535473612,45.4304535473612
"38027",0.1051167964,0,25.241901557,56.32,0.1125,0.0900735294,9266.85,8,0.141,3,2.9,0.187,0.092,0.087,0.282,0.187,0.6180293501,0,0,0.326,0.277,13.9938427092079,13.9938427092079
"38029",0.1402439024,0.0002922268,17.533606078,71.81,0.1415730337,0.1395348837,8502.47,7.4,0.129,2.8,2.7,0.184,0.083,0.08,0.285,0.158,0.3630985915,0,0.0014343087,0.336,0.28,58.19592628516,58.19592628516
"38031",0.0871892925,0.000892326,32.718619869,70.95,0.0924855491,0.0752688172,7866.69,8.9,0.112,2.5,2.5,0.213,0.076,0.075,0.279,0.157,0.6793299432,0,0.0011883541,0.34,0.293,9.91669972233241,9.91669972233241
"38033",0.105520615,0,32.876712329,31.51,0.1121673004,0.0883838384,8068.81,8.3,0.13,2.8,2.7,0.203,0.086,0.082,0.265,0.177,0.4779761905,0.0043883708,0.0010970927,0.34,0.276,18.2049881667577,18.2049881667577
"38035",0.0924114498,0.001268927,11.976389404,43.18,0.10300468,0.0620759837,8913.6,7.5,0.132,2.9,2.7,0.246,0.087,0.082,0.312,0.187,0.8273432943,0.0025441247,0.0011997861,0.32,0.223,28.0641003077538,12.3672306440949
"38037",0.1961244862,0.0004235493,8.47098687,72.8,0.1954113924,0.1995661605,9296.37,7.7,0.132,2.9,2.7,0.19,0.085,0.081,0.294,0.169,0.2819548872,0.0008413967,0.0016827934,0.337,0.343,14.0331181588549,14.0331181588549
"38039",0.1053593179,0.0004312204,60.370849504,61.3,0.113022113,0.0905077263,8693.02,8.9,0.102,2.3,2.4,0.205,0.07,0.07,0.259,0.137,0.4363636364,0,0.0021777003,0.273,0.311,14.4320969836917,14.4320969836917
"38041",0.1082340756,0,18.796992481,59.17,0.1110277569,0.1047619048,8050.46,6.5,0.118,2.5,2.6,0.212,0.075,0.075,0.283,0.173,0.3742430359,0,0.0018796992,0.301,0.288,12.4626121635095,12.4626121635095
"38043",0.1371727749,0,20.627062706,47.07,0.1423462089,0.120593692,6677.91,5.5,0.115,2.5,2.6,0.201,0.077,0.075,0.295,0.166,0.0131416838,0,0.0004118616,0.318,0.304,13.7570504883753,13.7570504883753
"38045",0.1165584416,0.0002410219,28.92263196,46.31,0.1218961625,0.1056105611,8091.62,6.9,0.112,2.6,2.5,0.203,0.076,0.074,0.266,0.16,0.265281469,0.0002400384,0.0002400384,0.317,0.279,48.2315112540193,64.3086816720257
"38047",0.1898643826,0.0005144033,20.576131687,63.62,0.1874366768,0.2,7878.67,6.4,0.115,2.6,2.6,0.192,0.078,0.076,0.278,0.156,0.0286432161,0,0,0.319,0.304,17.1673819742489,17.1673819742489
"38049",0.113481052,0,15.03006012,52.16,0.1212735166,0.0969529086,8744.71,5.7,0.128,2.8,2.6,0.228,0.083,0.079,0.295,0.172,0.0037071362,0,0.0006754475,0.334,0.26,27.9673341537085,27.9673341537085
"38051",0.1208791209,0.0007140307,35.701535166,51.99,0.125813449,0.1087344029,9217.33,8.7,0.129,2.8,2.7,0.179,0.085,0.081,0.268,0.153,0.3866144535,0,0.001815541,0.309,0.293,12.0279047389945,12.0279047389945
"38053",0.1093177542,9.09422e-05,14.550745726,56.54,0.1149158445,0.1002985075,8321.03,8,0.131,2.9,2.8,0.245,0.087,0.082,0.312,0.211,0.4306603774,0,0.0003220958,0.323,0.286,6.03573153066152,39.2322549492999
"38055",0.1021390374,0.0002088119,20.881186051,45.52,0.1068320681,0.0927456382,8804.18,7.9,0.118,2.8,2.6,0.2,0.08,0.078,0.269,0.166,0.4571524213,0,0.0011558264,0.356,0.255,55.4804258122681,41.6103193592011
"38057",0.0809990341,0.0005716899,26.297736108,33.13,0.0876269274,0.0643734644,8415.29,9.3,0.113,2.6,2.6,0.228,0.076,0.074,0.312,0.175,0.6597815764,0.0002327747,0.001047486,0.306,0.251,38.181054560727,41.9991600167997
"38059",0.0891522189,0.0004359198,14.754208303,31.73,0.0970202103,0.070474047,8218.98,8.9,0.11,2.5,2.6,0.22,0.074,0.074,0.32,0.194,0.732517928,3.44947e-05,0.0002069679,0.331,0.241,28.0514351114203,16.8308610668522
"38061",0.1309592188,0.0004089143,18.40114496,52.65,0.144061059,0.1003555907,7260.8,9.4,0.156,3.1,2.8,0.273,0.09,0.083,0.325,0.216,0.5753942395,0.0003199659,0.0008532423,0.371,0.304,44.0842347994167,40.6931398148462
"38063",0.1006433824,0.0003284072,29.556650246,33.53,0.1058823529,0.0878378378,8068.94,6.6,0.108,2.4,2.5,0.2,0.074,0.074,0.268,0.161,0.3134996801,0,0.0003231018,0.35,0.32,10.9793588054458,10.9793588054458
"38065",0.0968603874,0,32.432432432,NA,0.0994475138,0.091954023,9137.15,7.6,0.112,2.5,2.5,0.211,0.075,0.073,0.28,0.16,0.3033586132,0,0.0005336179,0.333,0.232,0,17.9533213644524
"38067",0.0995850622,0.0002805836,33.67003367,85.3,0.1044520548,0.0885416667,8023.72,8.1,0.108,2.4,2.5,0.202,0.074,0.073,0.29,0.162,0.4830702819,0.0001392564,0.0005570255,0.329,0.301,28.0373831775701,37.3831775700935
"38069",0.1171779141,0.0006811989,24.97729337,84.28,0.1296779809,0.089197225,9107.45,8.5,0.123,2.6,2.7,0.203,0.08,0.079,0.273,0.171,0.6931374799,0,0.0015726803,0.34,0.276,75.947444368497,91.1369332421964
"38071",0.1099758295,0.0010377032,18.159806295,39.49,0.1244485014,0.0752078609,7823.44,8.4,0.123,2.7,2.7,0.219,0.082,0.08,0.302,0.187,0.1867085844,0.0036351047,0.000778951,0.341,0.228,34.5343616898814,46.0458155865086
"38073",0.0903150525,0.000550863,29.379360999,79.16,0.0954872466,0.0793528505,8376.46,9.1,0.118,2.6,2.5,0.204,0.077,0.075,0.28,0.177,0.6413780465,0.0003625816,0.0010877447,0.355,0.282,36.563071297989,60.9384521633151
"38075",0.0744985673,0,7.7309625048,52.36,0.0787918582,0.067001675,6322.31,7.5,0.106,2.4,2.4,0.223,0.073,0.071,0.287,0.156,0.1113360324,0,0,0.299,0.246,12.8766417718259,12.8766417718259
"38077",0.0930521092,0.0004868549,24.342745862,44.1,0.1017074981,0.0722298222,7419.83,8.1,0.113,2.5,2.6,0.246,0.076,0.076,0.286,0.168,0.4223393174,0.0001224065,0.0003060163,0.331,0.24,38.6390905578264,40.6727269029752
"38079",0.1816065192,0.0002736727,6.8418171866,136.1,0.229089104,0.1043650794,8349.63,7,0.29,5.1,4.5,0.195,0.17,0.146,0.413,0.375,0.2098729999,0.0007543547,0.0010972432,0.396,0.288,31.9292083836979,13.6839464501562
"38081",0.0746649649,0,22.894937675,61.96,0.0797070228,0.0627906977,8307.48,9.2,0.103,2.4,2.4,0.215,0.072,0.071,0.274,0.154,0.3995821363,0,0,0.358,0.303,42.7460032486962,42.7460032486962
"38083",0.1436170213,0,37.707390649,51.41,0.1470588235,0.1422594142,7993.13,5.8,0.114,2.6,2.6,0.185,0.078,0.077,0.276,0.158,0.3928841787,0,0.0007668712,0.337,0.32,25.3807106598985,0
"38085",0.1591478697,0,4.5228403437,59.95,0.2130526316,0.0813883902,9777.59,4.9,0.305,5.4,4.5,0.195,0.176,0.147,0.406,0.4,0.2145437033,0.0006772009,0.0002257336,0.349,0.25,7.56315232188776,7.56315232188776
"38087",0.1032786885,0,13.071895425,NA,0.1070615034,0.0965909091,7347.77,7.3,0.119,2.6,2.5,0.204,0.077,0.075,0.272,0.16,0,0,0,0.278,0.266,0,0
"38089",0.0788952381,0.0006585013,12.182273146,33.14,0.0882259935,0.0569545155,7174.63,9.1,0.115,2.3,2.3,0.228,0.072,0.07,0.282,0.171,0.6383734865,0.0012760527,0.0006025805,0.301,0.241,49.5933346558223,22.0414820692543
"38091",0.0898123324,0,10.230179028,57.95,0.0942360476,0.080760095,6781.86,6.7,0.104,2.4,2.4,0.205,0.071,0.071,0.277,0.153,0.2718987342,0,0,0.293,0.267,17.0328734457503,17.0328734457503
"38093",0.0912507046,0.0007572531,17.984760282,36.39,0.1012410745,0.0660036166,7362.72,8.3,0.112,2.4,2.5,0.215,0.074,0.074,0.303,0.167,0.7857819905,0.0026041667,0.0008522727,0.336,0.245,66.2962495264554,58.403838868544
"38095",0.0955088118,0,34.632034632,91.04,0.1011857708,0.0834951456,9538.72,6.2,0.117,2.6,2.6,0.198,0.079,0.077,0.276,0.159,0.5222617988,0.0025895555,0.0017263703,0.326,0.259,14.494854326714,0
"38097",0.0774336283,0.0002474635,32.170254887,45.43,0.0831687514,0.0653104925,8477.56,8.8,0.118,2.5,2.6,0.224,0.077,0.076,0.287,0.167,0.5410663711,0,0.0004851425,0.332,0.232,69.8410089971653,57.516125056489
"38099",0.1088775273,0.0004557885,30.082041933,62.49,0.1198702352,0.0830733229,9018.55,9,0.127,2.6,2.6,0.204,0.079,0.077,0.293,0.154,0.6123752136,0.0004502882,0.0007204611,0.333,0.29,15.1648418306997,36.3956203936793
"38101",0.092486139,0.0006053269,11.67416119,48.3,0.1048582055,0.0612368389,7837.01,7.9,0.115,2.6,2.7,0.247,0.077,0.076,0.289,0.208,0.7213944062,0.001617885,0.0007648184,0.308,0.257,24.9222378252472,20.6087735862621
"38103",0.0943271768,0.0002385496,40.553435115,64.87,0.0982142857,0.0834340992,8594.56,8.1,0.12,2.6,2.6,0.188,0.079,0.078,0.259,0.159,0.0128357499,0,0.0009510223,0.328,0.328,63.663854846411,63.663854846411
"38105",0.080321701,0.0005913477,13.694366636,55.59,0.0883507227,0.0615950629,7041.86,9.5,0.12,2.5,2.7,0.24,0.075,0.075,0.324,0.207,0.6721135816,0.0010812637,0.0005406319,0.357,0.257,43.290489491749,17.5223409847556
"39001",0.1267024705,0.000355505,8.8876248711,120.23,0.1556552309,0.057570199,12341.9,7,0.2,4.4,4.5,0.158,0.139,0.14,0.356,0.23,0.5219614711,0.000249066,0.0001779043,0.315,0.294,48.6600678867289,17.8024638609984
"39003",0.1002150124,0.0007901752,15.993907083,67.08,0.1194697737,0.0544605399,10116.09,6.9,0.155,3.8,3.9,0.164,0.118,0.123,0.354,0.212,0.8000206901,0.0009876731,0.0009781762,0.334,0.302,27.95754265908,11.1194771939523
"39005",0.123215431,0.0004713868,19.232582257,50.87,0.1419777733,0.0777663854,8274.48,7.9,0.161,3.8,4.1,0.175,0.115,0.121,0.354,0.201,0.6465307966,0.0013573893,0.0003582,0.302,0.315,42.6891663684703,3.76669115015914
"39007",0.1132434956,0.0003629947,11.898159819,79.26,0.1365278238,0.0543807956,11231.82,6.9,0.168,4,4.2,0.159,0.123,0.126,0.389,0.221,0.6313684148,0.0005310036,0.0001803408,0.347,0.294,79.6322803056267,18.8160662325531
"39009",0.111143199,0.0008344537,10.35340658,63.86,0.123747897,0.0647792706,10117.22,5.3,0.205,4.7,4.4,0.187,0.145,0.142,0.353,0.229,0.8499621663,0.0020253243,0.0004019728,0.288,0.253,37.8943056124539,8.70544858664482
"39011",0.0800910486,0.0004581052,15.052027661,55.6,0.0934043425,0.0494773519,9143.94,8.4,0.138,3.4,3.9,0.178,0.102,0.111,0.357,0.195,0.6709177566,0.000239547,0.000108885,0.367,0.279,65.3893938403191,12.3513299476158
"39013",0.1009947162,0.0004606902,16.26812168,90.29,0.1162132645,0.0553549053,10628.95,7.4,0.158,3.8,4.2,0.182,0.112,0.119,0.356,0.206,0.5291051136,0.0009774188,0.0005318308,0.342,0.297,34.5844581287887,16.8118893681612
"39015",0.1069342765,0.0002720102,6.3469036177,62.88,0.1262921861,0.0585156104,10716.26,7.5,0.163,4,4.1,0.168,0.119,0.121,0.357,0.209,0.3579137493,0.0004744262,0.0001807338,0.348,0.297,48.404540950998,18.1517028566242
"39017",0.0991989064,0.0005265155,8.4189032441,61.62,0.119237943,0.0511034424,10709.24,7.4,0.157,3.7,4,0.179,0.107,0.114,0.378,0.195,0.9077010839,0.0010827641,0.0003178263,0.34,0.249,64.4509677896705,12.212700673838
"39019",0.1120399858,0.0002128641,15.255259517,58.37,0.1281234983,0.0690036318,9474.21,7.9,0.154,3.8,4,0.16,0.115,0.121,0.34,0.202,0.5986613955,0.0002475685,7.07339e-05,0.344,0.235,43.9049280315166,14.2394361183297
"39021",0.1014519965,0.0002300143,13.289715805,57.2,0.1192900026,0.0575722299,10047.9,8.2,0.149,3.6,4,0.176,0.107,0.115,0.377,0.196,0.5869017632,0.0007603599,0.0001013813,0.334,0.24,50.1828697797057,16.1605851832951
"39023",0.108347344,0.0004906484,12.229594153,54.53,0.131181984,0.050582083,10515.14,6.8,0.167,3.9,4.2,0.156,0.12,0.127,0.368,0.199,0.8321080292,0.0007711119,0.0003304765,0.326,0.272,54.0765391014975,14.926103552902
"39025",0.0912304326,0.0007045049,7.2435006946,56.35,0.1089322514,0.047559499,10381.53,7.4,0.142,3.5,3.9,0.188,0.103,0.11,0.362,0.186,0.7793254055,0.0003695971,0.0001148748,0.317,0.242,40.2483805409846,14.9068076077721
"39027",0.0966142965,0.0007410063,11.473646468,65.61,0.1142230882,0.0544754572,10043.6,7.2,0.16,3.9,4.2,0.175,0.116,0.123,0.363,0.204,0.6658658421,0.001764215,0.0003814519,0.335,0.328,44.5515803877579,10.3423311614438
"39029",0.1079079704,0.0005393335,15.706905361,79.92,0.1263608087,0.0575334037,10797.6,7.2,0.159,3.9,4.1,0.164,0.117,0.122,0.368,0.209,0.715942916,0.0006799316,0.0003021918,0.348,0.264,78.7015819334039,20.228519051156
"39031",0.1229662498,0.0004107788,14.514185562,87.92,0.1415182755,0.0770538244,10061.39,7.1,0.168,3.7,4.2,0.161,0.118,0.127,0.355,0.208,0.613858703,0.0001904244,0.0002176279,0.334,0.272,54.6224225044381,16.3867267513314
"39033",0.1067382582,0.0003060264,18.832391714,61.88,0.1261735189,0.0560371517,10214.43,7.6,0.153,3.8,4,0.154,0.116,0.123,0.338,0.181,0.7066965101,0.0008643244,0.0005139226,0.314,0.256,52.5103061272474,12.5397745975516
"39035",0.0998935985,0.0011287255,9.1996685262,57.63,0.1218529839,0.0391380921,10023.93,6.5,0.165,3.9,4,0.182,0.12,0.123,0.376,0.183,0.9555495492,0.0020615064,0.0009587113,0.299,0.243,78.3296104716104,11.9611432206648
"39037",0.1013084289,0.000517281,17.434286152,59.67,0.1192672862,0.0607662835,9504.81,7.9,0.153,3.7,4.1,0.169,0.111,0.119,0.351,0.188,0.4842425272,0.0005155033,0.0001527417,0.343,0.293,37.0256881671008,16.5977222818038
"39039",0.0989301407,0.0005972475,17.917424046,82.31,0.1146180139,0.0609625668,9548.98,7.8,0.158,3.8,4,0.174,0.113,0.118,0.343,0.191,0.5717140149,0.0012716703,0.0004411917,0.327,0.26,29.4642702393539,9.53255801861449
"39041",0.0534349296,0.0013272488,8.9364559813,40.34,0.0624751995,0.0358142553,9350.07,8.9,0.099,2.8,3.2,0.193,0.082,0.094,0.323,0.14,0.894497572,0.0007027825,0.0002594889,0.273,0.187,47.4338967210658,8.46404105059909
"39043",0.0919587834,0.0007385135,14.902146964,64.71,0.1064452035,0.0524749469,10274.45,7,0.163,3.8,4.1,0.169,0.112,0.118,0.345,0.2,0.8004255374,0.0017488954,0.0003550389,0.357,0.294,93.2171343645845,11.4322900635811
"39045",0.0799888606,0.0006383785,10.240655402,54.31,0.0959171822,0.043271754,10459.51,7.5,0.146,3.5,3.7,0.177,0.102,0.11,0.346,0.175,0.8165042831,0.0007590668,0.0003358703,0.322,0.255,66.1258254633246,11.0949371582759
"39047",0.1096323127,0.0003819444,11.111111111,72.58,0.1307093119,0.0586013986,9711.68,7.4,0.176,4.1,4.1,0.167,0.124,0.125,0.35,0.207,0.5916637961,0.0004166667,0.000625,0.352,0.291,45.2021928858703,15.0673976286234
"39049",0.1115657171,0.0010069896,9.8587534605,49.17,0.1341587825,0.0513594056,9720.21,6.6,0.169,3.9,4.1,0.197,0.118,0.121,0.38,0.187,0.9501518806,0.0015912389,0.0006524987,0.293,0.231,46.7881770146383,11.9338265260009
"39051",0.084528472,0.0004462189,14.560826679,57.17,0.097761841,0.053596483,9479,8.1,0.15,3.4,3.8,0.173,0.104,0.112,0.346,0.182,0.547426109,0.0009414423,0.0001882885,0.388,0.276,47.0201010932173,10.9713569217507
"39053",0.1205929323,0.0011514294,12.172253841,63.89,0.1449704142,0.0593409662,10230.12,7.2,0.194,4.4,4.5,0.167,0.136,0.134,0.382,0.229,0.5000646538,0.0006531465,0.0006858039,0.313,0.314,76.7880649407635,18.6485300570426
"39055",0.1011991468,0.0007105361,9.6505647171,46,0.1071658186,0.0886629128,9522.6,8.5,0.129,3.3,3.7,0.184,0.097,0.106,0.335,0.161,0.9001595477,0.0012450517,0.0001702635,0.299,0.275,75.7873562607793,10.2702492129093
"39057",0.0928706954,0.0009034306,10.2551581,43.92,0.1083115623,0.0507884906,10043.19,7.3,0.146,3.7,3.8,0.186,0.109,0.113,0.338,0.183,0.7650411888,0.0017095169,0.0003431288,0.322,0.221,50.6662922651495,14.8539732343611
"39059",0.1116762222,0.0004799192,16.165698409,96.68,0.1329487125,0.0571733333,10270.3,7.2,0.18,4.1,4.3,0.176,0.124,0.127,0.393,0.21,0.4809289795,0.0007316581,0.0003027551,0.36,0.27,62.4556902197765,21.9438911582999
"39061",0.1008987916,0.0010488067,10.736011882,45.53,0.1215043902,0.0475791521,9918.98,6.3,0.155,3.7,4,0.188,0.115,0.123,0.339,0.196,0.9463105734,0.0020260528,0.0009558495,0.289,0.22,73.5504180053408,12.6098243348111
"39063",0.0848332366,0.0005176739,14.202848534,46.62,0.098717098,0.0501047387,8372.67,7.6,0.15,3.5,3.7,0.174,0.109,0.114,0.316,0.19,0.7621486454,0.0009370092,0.0006202737,0.318,0.243,55.1430852776785,12.3520511022
"39065",0.0989300543,0.0002830545,13.523713675,92,0.1187355869,0.0522251309,10178.45,7.6,0.178,4,4.3,0.181,0.121,0.126,0.347,0.207,0.4880217106,0.0001264183,0.0001580228,0.375,0.307,34.693384076788,10.5131466899358
"39067",0.1061854005,0.0002573506,16.727787428,92.61,0.1214036617,0.0649926145,11618.8,7.8,0.169,3.9,4.1,0.163,0.117,0.124,0.365,0.201,0.5365607665,0.0002560492,0.0001920369,0.355,0.295,38.6141799849834,45.0498766491473
"39069",0.0860299921,0.0003579482,17.539463794,63.17,0.0993365278,0.0551673945,9508.58,8,0.153,3.5,3.9,0.174,0.106,0.113,0.342,0.185,0.4160907319,0.0004983625,7.11946e-05,0.297,0.274,27.4315701592224,13.119446597889
"39071",0.1167376647,0.0003484725,12.777326054,75.29,0.1389791551,0.0632146509,10902.44,7.3,0.182,4.1,4.3,0.158,0.127,0.132,0.355,0.22,0.5765904242,0.0003464283,0.0003695235,0.312,0.26,64.1570688722269,15.4595346680065
"39073",0.1054234707,0.0004525674,10.095735422,70.31,0.1244080678,0.0579100145,10088.73,7.1,0.171,3.9,4.1,0.182,0.118,0.122,0.38,0.214,0.7838665759,0.0003837432,0.0003139717,0.403,0.24,67.535310487768,25.6168419091534
"39075",0.2290279277,0.000273361,12.073442981,50.17,0.2712975098,0.1569279915,8640.5,8.3,0.165,3.8,4.2,0.182,0.117,0.124,0.356,0.202,0.2619789454,6.88184e-05,9.17579e-05,0.328,0.275,32.7245053272451,8.37138508371385
"39077",0.1074571655,0.0004257928,14.136321831,65.38,0.126307965,0.0633957736,10098,7.6,0.153,3.5,3.9,0.18,0.107,0.116,0.354,0.183,0.7035353705,0.0006113196,0.0004924519,0.312,0.29,45.4359580171748,19.3102821572993
"39079",0.1165894752,0.0004580432,14.657383657,72.87,0.1407448808,0.0565758659,10577.38,7,0.187,4.3,4.5,0.163,0.131,0.135,0.375,0.223,0.7498871332,0.0005490651,0.0005185614,0.374,0.343,59.1070755245753,16.3054001447104
"39081",0.0953693495,0.000413626,18.317723875,94.23,0.1102787237,0.0516826046,12235.87,6.6,0.181,4.1,4.4,0.169,0.121,0.126,0.368,0.211,0.6999526603,0.0011182391,0.0006032605,0.361,0.3,54.6784561956602,13.300165020566
"39083",0.1006643139,0.0004087171,15.204276816,49.76,0.11561961,0.0653643877,10026.82,7.6,0.142,3.6,3.9,0.174,0.109,0.116,0.346,0.2,0.6608558625,0.0007071205,0.0004604506,0.268,0.268,34.4190823763372,10.9266928178848
"39085",0.0935918784,0.0004624177,8.9429830301,61.79,0.1098627435,0.0488367429,10425.73,7.6,0.134,3.3,3.7,0.198,0.097,0.107,0.327,0.176,0.8935407167,0.00098322,0.0003045372,0.288,0.247,81.5013685256533,13.8014795186044
"39087",0.1033890949,0.0005192866,10.710286744,81.1,0.1238766615,0.0487616642,11282.69,7.2,0.183,4.3,4.5,0.152,0.126,0.129,0.368,0.209,0.9623218575,0.0003553144,0.0002745611,0.376,0.359,76.3610959171184,20.0380180775417
"39089",0.0860525247,0.0004427652,10.626365193,63.26,0.101684002,0.0482377899,9155.48,7.8,0.138,3.4,3.9,0.184,0.104,0.114,0.333,0.182,0.7676224683,0.0008077209,0.0001781737,0.321,0.277,52.3276972862384,15.3442119861902
"39091",0.1065074658,0.0005713407,13.624277584,53.68,0.1256324089,0.0596616207,9302.89,7.7,0.162,3.7,4,0.171,0.114,0.121,0.357,0.201,0.6284617733,0.0008135265,0.0002418592,0.352,0.246,55.7290979218913,17.5986625016499
"39093",0.0880668489,0.0005916849,10.255870829,70.92,0.108441939,0.0373870802,11177.52,7.3,0.148,3.6,3.9,0.171,0.11,0.117,0.34,0.182,0.8869244349,0.0007958339,0.0002311551,0.304,0.254,57.6634253828698,14.9091746237078
"39095",0.0966114844,0.00089826,10.108296614,71.26,0.1172203232,0.043167538,10780.53,6.6,0.189,4.2,4.5,0.19,0.131,0.133,0.365,0.202,0.9517241379,0.0014436529,0.0007584906,0.334,0.274,55.8463207310123,12.1038664958847
"39097",0.0946783306,0.0005237033,10.474065304,58.79,0.1111624003,0.0531056877,9796.75,7.8,0.152,3.6,3.8,0.189,0.106,0.111,0.359,0.19,0.5835616438,0.0003466044,4.62139e-05,0.295,0.3,58.6492394640831,15.2335686919696
"39099",0.1012423208,0.0009819729,13.550367918,62.8,0.1204319851,0.0479899903,10690.1,6.1,0.173,4.2,4.3,0.166,0.126,0.127,0.374,0.203,0.7586204009,0.0015051161,0.0003848308,0.298,0.277,75.6824655601862,13.5913690514512
"39101",0.1032793824,0.0004108338,13.237979306,64.36,0.1243157631,0.049301676,11159.77,5.8,0.176,4,4.1,0.172,0.121,0.124,0.367,0.216,0.6921399678,0.000940748,0.0006676276,0.393,0.325,81.2265204589298,15.2299725860493
"39103",0.0722004328,0.000624897,9.0326025825,51.44,0.0831356803,0.0459368891,9930.69,8.3,0.119,3.2,3.6,0.195,0.094,0.103,0.335,0.159,0.9431330223,0.0009890518,0.0003087214,0.316,0.243,59.5442400429325,12.3260369515625
"39105",0.1167806418,0.0001714457,15.43011444,65.69,0.1371599487,0.060861244,9833.87,6.4,0.19,4.3,4.5,0.162,0.13,0.133,0.378,0.226,0.329995793,0.0003404835,0.0002128022,0.324,0.335,54.2206495063067,22.8297471605502
"39107",0.0879753218,0.0004408415,14.449805295,50.86,0.1016135881,0.0585640544,9069.82,8.4,0.127,3.3,3.8,0.192,0.099,0.108,0.325,0.159,0.6818493654,0.0005394272,0.0001961554,0.308,0.259,43.2360115187261,10.6050594291215
"39109",0.0906343703,0.0004908566,13.474494706,59.42,0.1077197246,0.0483455438,10046.13,7.8,0.14,3.6,3.9,0.177,0.108,0.115,0.336,0.189,0.8042553607,0.0007830702,0.0003286961,0.336,0.279,54.2426411351797,15.4061939318854
"39111",0.1022979327,0.0002073972,20.048392672,86.56,0.1145682586,0.069678651,9905.88,7.2,0.159,3.8,4.1,0.154,0.115,0.123,0.36,0.181,0.7126075673,0.0002056908,0.000342818,0.37,0.345,78.2346579534734,75.9336386019007
"39113",0.1082083104,0.0008891123,10.898191013,45.05,0.1315284621,0.0476741645,10198.79,6.2,0.191,4.2,4.3,0.151,0.126,0.129,0.392,0.206,0.9447615915,0.0012988806,0.0006867645,0.34,0.257,73.2566418106194,14.9261188343888
"39115",0.1167790894,6.73718e-05,13.474365021,62.19,0.1350293542,0.0688319428,10210.12,7.3,0.188,4.3,4.4,0.155,0.129,0.132,0.366,0.212,0.3407732164,0.0004025765,6.70961e-05,0.346,0.308,96.5771269427724,103.315066031803
"39117",0.1026907357,0.0001706873,9.1033227128,76.85,0.1199600609,0.0610756609,11039.97,8.3,0.147,3.6,3.8,0.174,0.108,0.114,0.347,0.195,0.3166795877,0.0003710787,5.7089e-05,0.374,0.321,41.801651165221,14.2505628972344
"39119",0.1068818644,0.0006758489,14.099606143,78.75,0.128407744,0.0533326875,10353.35,6.5,0.177,4.2,4.6,0.179,0.126,0.133,0.391,0.222,0.7206008783,0.0008330302,0.0005749082,0.326,0.324,69.9466462526084,15.5436991672463
"39121",0.110054493,0.00020887,14.620900926,77.72,0.1263250883,0.0693620178,10173.51,7.1,0.168,3.8,4.1,0.157,0.115,0.121,0.352,0.202,0.2749061113,0.0001367241,0.0004101723,0.326,0.3,62.3311863702472,43.8626867049888
"39123",0.0829577332,0.0005345774,16.280312971,66.23,0.0936188077,0.0535714286,9924.78,7.8,0.147,3.5,3.8,0.164,0.103,0.111,0.334,0.174,0.5944530269,0.0004616917,0.000170097,0.305,0.275,70.6260553318613,14.6122873100403
"39125",0.1049374841,0.0003159724,12.638896203,81.31,0.1228821116,0.0616365569,10264.84,7.6,0.16,3.7,3.9,0.168,0.111,0.117,0.341,0.19,0.3261955746,0.0001038745,0.0001038745,0.307,0.267,36.70109578986,34.9534245617714
"39127",0.1124686303,0.0002513124,11.727912432,68.35,0.1342180182,0.0586072423,10792.77,7.2,0.171,4,4.2,0.175,0.121,0.126,0.385,0.213,0.6690609573,0.0001389005,0.0002500208,0.343,0.288,38.0355121806409,15.7708221236804
"39129",0.0949926195,0.0004571348,8.6152331388,62.17,0.1115099984,0.0544049459,10740.15,7.9,0.148,3.5,3.8,0.191,0.106,0.112,0.365,0.191,0.7015871306,0.0004084967,0.0002131287,0.324,0.268,33.494341219194,15.2781205561236
"39131",0.118999872,0.0003539071,10.617214043,70.17,0.1446836346,0.0548280328,11718.49,6.1,0.202,4.5,4.6,0.16,0.138,0.14,0.408,0.235,0.6116200495,0.0002820178,0.0003172701,0.349,0.275,102.545968882603,12.965582272513
"39133",0.0998406716,0.000401527,9.2660085741,66.91,0.115445055,0.0519524513,10467.43,7.3,0.151,3.6,3.9,0.191,0.111,0.116,0.333,0.199,0.7800011151,0.0010923826,0.0001342593,0.298,0.26,45.2851220956561,12.49951333862
"39135",0.0930973969,0.0001923724,8.6567594864,65.25,0.1091049257,0.0540137272,10577.8,8.2,0.155,3.7,4,0.174,0.111,0.117,0.355,0.194,0.5462029808,0.000335474,0.0002396243,0.302,0.303,29.6838271278089,14.44078076488
"39137",0.0788436726,0.0004682333,14.92493635,51.05,0.0929931227,0.048874669,9796.84,8.6,0.127,3.3,3.5,0.196,0.097,0.104,0.317,0.165,0.397547755,0.0004400375,8.80075e-05,0.337,0.262,36.1677793960958,9.77507551245833
"39139",0.1093846712,0.0005494415,15.335159338,66.42,0.1313444745,0.0538074031,9425.43,6.9,0.164,3.8,3.9,0.166,0.115,0.12,0.346,0.198,0.6137135971,0.0016259762,0.000312056,0.311,0.283,61.2989913032056,15.0510916146264
"39141",0.1001566771,0.0006868933,11.405020801,69.46,0.1195285809,0.0505149867,11218.87,7.2,0.181,4.1,4.1,0.162,0.123,0.126,0.361,0.217,0.6990546218,0.0018611218,0.0008471313,0.358,0.294,63.7274531840044,15.0706814962173
"39143",0.096917012,0.000548364,14.456870337,54.54,0.1144760412,0.0534272106,9416.76,8,0.175,3.8,4.1,0.169,0.114,0.121,0.37,0.195,0.7553327645,0.0004991847,0.0002662318,0.328,0.288,56.6805219053546,10.5581364333504
"39145",0.1089391824,0.0005565767,11.519842605,95.98,0.1309420435,0.0514341107,13702.91,6.4,0.205,4.6,4.7,0.167,0.14,0.138,0.414,0.25,0.9123510988,0.0007165432,0.000742134,0.395,0.343,59.4223117862864,14.6402797154619
"39147",0.0918392588,0.0004311197,15.987353823,65.45,0.1077642251,0.0521378879,8550.2,7.7,0.146,3.6,3.9,0.177,0.11,0.119,0.36,0.193,0.6777160983,0.0006796151,0.0002324999,0.34,0.252,32.2980029068203,14.3546679585868
"39149",0.0800985531,0.0004085718,12.461441033,56.46,0.0954819069,0.0467346628,9268.02,7.8,0.143,3.5,3.9,0.187,0.105,0.114,0.346,0.192,0.6678874208,0.0005082127,0.0002032851,0.319,0.238,23.1223307309377,10.8810968145589
"39151",0.085755996,0.00077448,12.668469351,50.72,0.1033860167,0.0396648438,10062.66,7.1,0.155,3.8,4,0.177,0.112,0.119,0.351,0.194,0.8021891125,0.0016194677,0.0004661297,0.309,0.265,70.3166825441499,17.2240358757135
"39153",0.092667697,0.0009834983,11.421865399,58.79,0.1091391957,0.0480343618,10029.21,6.7,0.165,3.8,4,0.163,0.115,0.117,0.388,0.201,0.9571118219,0.0015946137,0.0004577132,0.312,0.254,77.0113210332557,15.9927663487592
"39155",0.1129651034,0.0004678933,13.208236871,67.41,0.1330450014,0.0573533044,11078.48,6.8,0.172,4.1,4.1,0.158,0.12,0.122,0.386,0.204,0.8398189357,0.0009009795,8.71916e-05,0.329,0.264,58.5015795426477,15.4379168237542
"39157",0.1177582947,0.0003987585,18.752424883,68.38,0.1360374016,0.0714642906,9640.23,7.5,0.165,3.8,3.9,0.167,0.112,0.117,0.347,0.177,0.6955995766,0.0007445615,0.0002589779,0.328,0.287,32.6895996781332,14.0098284334856
"39159",0.0663140038,0.0005020827,12.459089557,68.48,0.0768347893,0.0439349847,10337.37,8.4,0.129,3.2,3.7,0.185,0.095,0.107,0.345,0.184,0.7571510516,0.0008441826,0.0003001538,0.332,0.271,50.1986254252939,11.1552500945098
"39161",0.0953227275,0.0003864802,18.972665308,62.03,0.1106285439,0.0581514574,9653.52,7.9,0.141,3.6,3.9,0.169,0.108,0.116,0.35,0.19,0.6469871973,0.0005973506,0.0002811062,0.373,0.302,76.0385105810512,18.7171718353357
"39163",0.1151634926,0.0001511259,6.0450355146,71.97,0.1362683438,0.0601127113,10321.2,6.8,0.198,4.5,4.5,0.16,0.136,0.136,0.392,0.228,0.7406773353,7.53239e-05,7.53239e-05,0.322,0.3,37.9190050053087,42.9748723393498
"39165",0.0685085463,0.0009699584,8.707068064,47.06,0.0799951185,0.0439689829,10233.16,8.2,0.123,3.1,3.7,0.188,0.091,0.101,0.337,0.161,0.8580348201,0.0013596813,0.0002418225,0.31,0.24,61.6266118740953,10.5216166614309
"39167",0.0993942674,0.0007188016,13.232483296,59.47,0.1164160854,0.0511327879,10048.31,7.6,0.168,3.9,4.2,0.166,0.117,0.123,0.353,0.207,0.8478746479,0.0006034905,0.0009460121,0.351,0.334,78.4164238843358,12.5248454815259
"39169",0.1287811009,0.0005625903,14.021482296,57.48,0.1450401333,0.0911143033,8914.57,7.8,0.147,3.6,3.9,0.184,0.109,0.117,0.368,0.186,0.6736552567,0.0022247134,0.0003128503,0.296,0.25,52.7878016909404,11.5383173094952
"39171",0.1003828866,0.0005095063,17.966801641,44.91,0.1176008139,0.058276644,8600.62,7.5,0.166,3.9,4,0.17,0.118,0.123,0.358,0.202,0.5227671218,4e-04,0.00024,0.36,0.326,32.1684195476763,5.36140325794605
"39173",0.0811331002,0.0006867814,12.037965892,67.78,0.0941245324,0.0455183838,9867.81,7.5,0.156,3.5,3.9,0.189,0.107,0.115,0.37,0.18,0.7103388372,0.001021166,0.0003017081,0.317,0.23,44.2632738352583,12.3525415354209
"39175",0.0940311609,0.0002684203,21.920994945,56.07,0.110117683,0.0552282769,9601.08,8.2,0.134,3.3,3.8,0.174,0.101,0.112,0.342,0.171,0.5479548972,0.0004454938,0.0001781975,0.342,0.292,55.1884611368823,7.45790015363274
"40001",0.2549019608,0.0003605878,8.5639592536,134.69,0.3201327775,0.110249216,11387.26,6.6,0.29,5.9,5.4,0.11,0.191,0.179,0.414,0.293,0.1905832562,0.0013967739,0.0003154006,0.419,0.336,21.0894191371415,9.03832248734635
"40003",0.1676837357,0.0001727116,18.998272884,45.37,0.188657845,0.1223449448,7887.68,6.2,0.182,4.1,3.9,0.134,0.121,0.118,0.34,0.194,0.0299539171,0.0001710279,0.0006841115,0.359,0.363,57.1265352756355,34.2759211653813
"40005",0.2239301642,0.0001449696,13.772107857,154.4,0.2603959081,0.1361621279,13676.12,5.3,0.23,4.9,4.5,0.123,0.152,0.144,0.358,0.234,0.3892257792,0.0087782415,0.0004317168,0.367,0.319,31.3351170246101,14.4623617036662
"40007",0.1982320442,0.0001822822,27.342325921,52.42,0.2172391858,0.1577134986,9305.71,7.7,0.177,4,3.9,0.127,0.118,0.116,0.319,0.164,0.2947125621,0.0001796622,0.0007186489,0.358,0.332,36.4099763335154,0
"40009",0.1650321628,0.0006331518,18.150352455,77.38,0.1939347409,0.1050765512,10383.35,7.4,0.178,4,4,0.144,0.121,0.121,0.32,0.2,0.5380894254,0.0023268604,0.0006345983,0.382,0.29,21.0982333745921,25.3178800495105
"40011",0.1855008028,0.0002016739,29.242714531,73.68,0.2181785262,0.1181044058,10921.84,5.5,0.185,4.3,4.3,0.124,0.127,0.128,0.319,0.182,0.4808674537,0.0034979424,0.0005144033,0.369,0.357,74.6521886664404,57.6857821513403
"40013",0.1910009438,0.0004495796,10.34033179,88.13,0.2306406469,0.094910847,12697,6.6,0.209,4.9,4.5,0.132,0.147,0.14,0.354,0.229,0.4347416069,0.0086791429,0.0004294368,0.336,0.335,44.1570494109899,18.7106141571991
"40015",0.2455268827,0.0002387693,15.008356926,56.24,0.2977427216,0.1340165025,10743.99,6.1,0.223,4.8,4.5,0.129,0.147,0.142,0.36,0.228,0.3880743243,0.000371697,0.0003379063,0.383,0.333,38.5251659981417,20.3956761166633
"40017",0.1273968817,0.000447593,7.2540939328,42.77,0.1513903853,0.0764689424,9786.96,7.8,0.147,3.7,3.8,0.134,0.109,0.11,0.308,0.178,0.8137024952,0.0018394742,0.0003488658,0.335,0.272,38.5521855233973,16.4489324899829
"40019",0.1832631034,0.0006144897,12.494623215,69.73,0.2174787425,0.106579153,10706.15,7.2,0.203,4.4,4.4,0.124,0.134,0.134,0.355,0.223,0.5147717476,0.0035264276,0.0008661401,0.35,0.283,51.3695111677317,23.2875117293717
"40021",0.2584212404,0.0005999048,8.6882770319,49.89,0.3053244006,0.1389274557,9461.75,6,0.267,5.4,4.9,0.124,0.17,0.161,0.379,0.256,0.4411220125,0.0035820647,0.0006872566,0.35,0.308,32.4574427678602,22.7892683263699
"40023",0.2239773861,0.0003957523,13.851329068,128.3,0.268610716,0.121589404,13608.36,4,0.265,5.4,4.8,0.106,0.167,0.156,0.368,0.243,0.3617231174,0.008042539,0.0001994018,0.374,0.354,37.6081233546446,22.1224255027321
"40025",0.2656072645,0.0004359198,30.514385353,96.62,0.2953240361,0.2,10538.73,6.3,0.215,4.5,4.3,0.111,0.139,0.134,0.324,0.184,0.5377777778,0,0,0.321,0.369,14.609203798393,0
"40027",0.1393811508,0.0005149903,8.4102731301,46.86,0.1663434221,0.0694761002,10044.48,7.3,0.171,4.1,4.1,0.157,0.123,0.12,0.335,0.19,0.8561357549,0.0029256702,0.0004752358,0.322,0.287,40.1865047080887,15.7304972557656
"40029",0.2330351298,0.000172206,12.054417083,216.35,0.2709237446,0.1462231462,13689.34,6,0.237,5,4.8,0.115,0.155,0.153,0.345,0.23,0.4416877637,0.0001704449,0.0005113346,0.343,0.421,28.8600288600289,28.8600288600289
"40031",0.1599027658,0.0007438036,8.7976774132,36.06,0.1925767668,0.0850844066,9332.92,5.5,0.21,4.6,4.3,0.134,0.142,0.132,0.381,0.22,0.6516382214,0.0025532869,0.0006563308,0.355,0.305,33.6342621016609,14.6816223459631
"40033",0.1884231537,0.0001626016,9.756097561,35.58,0.2238429173,0.1025810721,10240.6,7.6,0.194,4.4,4.3,0.125,0.132,0.132,0.357,0.204,0.4262877442,0,0.0004876463,0.372,0.342,43.7206252049404,43.7206252049404
"40035",0.2102099408,0.0004800439,15.772870662,76.63,0.2428286356,0.1299758745,9699.94,6.8,0.22,4.8,4.6,0.119,0.149,0.147,0.335,0.227,0.3146583272,0.004089422,0.0006134133,0.316,0.358,45.3802868034126,22.6901434017063
"40037",0.1699029126,0.0002973157,11.609468796,88.59,0.2078227174,0.0808515457,10686.32,7.1,0.196,4.6,4.3,0.124,0.134,0.132,0.347,0.215,0.5551188417,0.0015609479,0.0001986661,0.36,0.359,52.3599724520505,25.9441304942593
"40039",0.2048257152,0.000440678,20,75.3,0.2427624695,0.1177494977,9736.94,7.1,0.206,4.4,4.2,0.136,0.135,0.13,0.33,0.192,0.7389420802,0.0050379549,0.0004765633,0.338,0.292,54.1632344478171,12.4124078942914
"40041",0.2277626323,0.0005066834,9.1685566762,52.79,0.2675860269,0.1255932016,9818.48,6.4,0.236,5,4.9,0.107,0.158,0.156,0.363,0.235,0.3773712247,0.0012567368,0.0004350243,0.382,0.342,45.0588178497288,22.5294089248644
"40043",0.1932687404,0.0002035002,14.245014245,66.4,0.2228506787,0.134890731,9102.31,4.1,0.175,4.1,4,0.126,0.122,0.124,0.322,0.187,0.3295218295,0,0.000206441,0.366,0.359,54.2262590659527,54.2262590659527
"40045",0.1398305085,0.0012048193,31.325301205,62.38,0.1573321932,0.1007905138,7593.14,4.7,0.175,4.1,4.2,0.121,0.123,0.126,0.321,0.186,0.3666586365,0,0.0002398082,0.325,0.327,63.7399410405545,63.7399410405545
"40047",0.170482054,0.0005389041,14.106607916,57.69,0.2090700093,0.0867634705,9140.04,7,0.179,4.2,4.2,0.135,0.126,0.127,0.349,0.193,0.531148894,0.0039186086,0.0004496764,0.376,0.312,65.1045112662563,17.4670639982639
"40049",0.2019431259,0.0003628315,14.87609303,80.57,0.2402125103,0.116433517,10074.58,6.2,0.205,4.5,4.3,0.118,0.139,0.139,0.32,0.213,0.456048738,0.0009877808,0.0004390137,0.351,0.336,68.9655172413793,30.2480338777979
"40051",0.1680103336,0.0003713745,12.99810599,48.8,0.1992604895,0.0950186526,10565,7.3,0.177,4.3,4.3,0.138,0.128,0.126,0.336,0.204,0.6189849517,0.0012107665,0.0005029338,0.353,0.265,36.9943337012214,25.2794613625013
"40053",0.1418918919,0,22.217285048,46.89,0.1607717042,0.1019677996,10405.84,5.8,0.146,3.7,3.8,0.134,0.108,0.113,0.304,0.162,0,0,0.0006625442,0.346,0.344,73.7898465171192,73.7898465171192
"40055",0.1679350583,0,22.760526744,107.85,0.204379562,0.0880253767,12173.11,7.4,0.19,4.1,3.9,0.146,0.122,0.119,0.343,0.199,0.4114441417,0.0045373521,0.0008102415,0.342,0.308,81.5571987820792,43.4971726837756
"40057",0.2347546997,0.0003573981,10.721944246,144,0.2769640479,0.1412429379,9893.65,7.6,0.249,4.9,4.5,0.11,0.152,0.142,0.345,0.203,0,0,0.0010456605,0.373,0.31,11.8273211117682,11.8273211117682
"40059",0.2047066409,0.0002623295,26.232948583,60.99,0.2258064516,0.1622418879,8330.25,6.8,0.19,4.3,4,0.124,0.127,0.123,0.339,0.177,0.0078697422,0.0007867821,0.0005245214,0.345,0.31,61.5168292468583,0
"40061",0.2378446848,0.0003877171,10.080645161,69.79,0.286565097,0.1260162602,11434.64,5.5,0.23,4.9,4.5,0.115,0.149,0.144,0.349,0.22,0.3490484768,0.0019154153,0.0006895495,0.377,0.408,30.9334158224422,25.7778465187018
"40063",0.2320549631,0.0002897291,12.31348689,86.35,0.2776398423,0.127826942,10442.71,6.2,0.239,5,4.7,0.121,0.154,0.146,0.355,0.239,0.2758694565,0.0012298343,0.0001446864,0.344,0.357,24.1756116429746,24.1756116429746
"40065",0.1639351788,0.0005769675,13.847219017,93.26,0.1984100913,0.0874125874,11225.66,7.1,0.21,4.4,4.2,0.128,0.134,0.128,0.367,0.188,0.524616199,0.0016482674,0.0002299908,0.34,0.313,43.7805820242081,15.4519701261911
"40067",0.2218181818,0.000317864,12.714558169,73.08,0.2603926097,0.1359846055,11327.38,6.5,0.222,4.7,4.5,0.115,0.145,0.142,0.351,0.21,0.0322929543,0.0001554726,0.0004664179,0.362,0.335,110.526315789474,68.4210526315789
"40069",0.2114992062,0.0002701972,15.311177159,89.92,0.2503188776,0.1200297287,12687.2,5.8,0.223,4.9,4.6,0.123,0.149,0.145,0.355,0.227,0,0.0062784349,0.0010919017,0.368,0.323,51.4014452876969,48.3778308590089
"40071",0.1846547174,0.0003738071,16.491490391,60.84,0.2254971872,0.0955195751,8970.98,6.6,0.222,4.8,4.4,0.12,0.143,0.137,0.355,0.216,0.8081482754,0.0015558916,0.0003944514,0.322,0.295,61.5488324039948,19.050829077427
"40073",0.1856913797,0.0005150657,16.739634303,72.1,0.2168255749,0.1243428571,12102.71,8.3,0.163,3.9,3.8,0.146,0.113,0.114,0.296,0.17,0.4980045231,0.0009164703,0.0005236973,0.318,0.28,53.8886014830143,12.9332643559234
"40075",0.1925205886,0.0005355613,19.280205656,115.99,0.2257509087,0.1158723218,10388.51,5.3,0.245,4.9,4.6,0.109,0.156,0.149,0.359,0.225,0.4330933729,0.0008564394,0.0006423295,0.321,0.337,71.8881420509687,39.5384781280328
"40077",0.2052184466,0.0001870382,17.768633686,50.93,0.2443762781,0.1120932101,10557.11,6.2,0.209,4.8,4.5,0.125,0.145,0.14,0.332,0.223,0.6082123005,0.004361949,0.0014849188,0.322,0.299,34.4277174423336,50.0766799161216
"40079",0.2347389558,0.0003617291,9.2441872149,103.86,0.2825909494,0.1224989792,12031.93,6.5,0.246,5.1,4.7,0.109,0.158,0.15,0.361,0.235,0.463897269,0.0024510789,0.0002209989,0.356,0.342,34.1960573957356,21.4563497385007
"40081",0.170844907,0.0003466305,10.398913891,54.54,0.2048438432,0.0930735931,9699.21,6.9,0.181,4.2,4.2,0.125,0.129,0.131,0.328,0.203,0.4188428209,0.0016593403,0.0003493348,0.37,0.352,46.1485213244626,24.9971157174172
"40083",0.1581248482,4.41735e-05,11.04337839,43.04,0.1875,0.0894505691,9724.54,6.9,0.172,4.1,4,0.137,0.12,0.119,0.356,0.182,0.5621296119,0.0016208185,0.0001575796,0.317,0.296,41.2693265730246,16.2129497251168
"40085",0.1913634647,0.0003069682,11.255499847,57.69,0.2202316323,0.1290322581,12072.79,7.4,0.184,4.1,4.1,0.13,0.124,0.124,0.324,0.183,0.0583678234,0.0005132416,0.0005132416,0.337,0.362,44.2402586353582,17.0154840905224
"40087",0.1605634691,0.0004824056,12.864149224,59.7,0.1879255151,0.1025106679,9907.11,8.1,0.158,3.8,3.9,0.139,0.113,0.116,0.326,0.167,0.5725670898,0.0009312262,0.000219112,0.327,0.282,36.6431316471535,15.1934936097953
"40089",0.210731237,0.0004236006,12.708018154,100.38,0.2571260809,0.1075554529,11485.93,5.8,0.229,5.1,4.7,0.119,0.159,0.153,0.35,0.232,0.4845706012,0.0028731287,0.0004838954,0.337,0.354,25.2110162056412,24.2025755574156
"40091",0.2154330076,0.0003484667,7.4671445639,58.33,0.2524811072,0.1164514586,10085.2,6.4,0.22,4.9,4.6,0.109,0.149,0.146,0.353,0.224,0.4650898677,0.0012199288,0.0004391744,0.373,0.33,47.8776972478579,24.7643261626851
"40093",0.1785031847,0.0003870968,23.225806452,54,0.1984838043,0.1373134328,8788.18,6.8,0.16,3.9,3.9,0.131,0.115,0.117,0.303,0.174,0.3652185466,0.00052063,0,0.349,0.325,64.6440268919152,25.8576107567661
"40095",0.2399873857,0.0004943765,14.83129403,115.61,0.2824719101,0.1430376548,12742.1,7.7,0.229,4.8,4.5,0.115,0.144,0.139,0.32,0.203,0.3806818182,0.0033149862,0.0001876407,0.349,0.369,33.0564852692038,30.9904549398785
"40097",0.2014755278,0.0003430027,15.435123481,71.48,0.2387562231,0.1130752518,10940.58,7.4,0.201,4.7,4.6,0.119,0.146,0.146,0.349,0.225,0.4788046244,0.0014214293,0.0002205666,0.338,0.333,50.6093529349343,26.1209563535145
"40099",0.1835246947,0.0005071361,13.040643338,93.33,0.2173521851,0.1039928486,12876.34,7.3,0.198,4.4,4.3,0.124,0.134,0.133,0.343,0.206,0.4991103203,0.0009480747,7.29288e-05,0.393,0.352,57.8996887891728,24.124870328822
"40101",0.2152850584,0.0005288283,12.291684532,62.32,0.2634817228,0.1055978915,10557.52,6.4,0.227,4.9,4.8,0.119,0.153,0.152,0.38,0.233,0.5890970559,0.0037125016,0.0006258623,0.403,0.349,35.2434656709594,20.9555741827326
"40103",0.1617382088,0.0003480077,14.790325387,70.59,0.1915307497,0.093857833,8472.35,6.9,0.171,4.1,4,0.132,0.123,0.123,0.322,0.191,0.4034253092,0.0001747335,0,0.346,0.311,55.0820432538992,52.1829883457993
"40105",0.2056965797,0.0001900418,14.25313569,58.75,0.2433065596,0.1161596207,8700.22,6.6,0.204,4.6,4.5,0.124,0.14,0.14,0.335,0.223,0.3546886864,0.0015158693,0.0003789673,0.388,0.316,44.2785754949712,37.9530647099753
"40107",0.2160716235,0.0001641228,9.8473658296,71.32,0.2615384615,0.1145975443,9344.98,5.6,0.253,5.3,4.7,0.119,0.166,0.156,0.372,0.258,0.2732343532,0.0029894159,0.0004847701,0.346,0.3,38.1014587415632,48.9875898105813
"40109",0.1830215933,0.0008757333,10.858571028,44.97,0.2283995249,0.0777419226,10010.95,6.4,0.173,4.1,4.1,0.14,0.126,0.129,0.35,0.182,0.9316326971,0.0056723315,0.0009334719,0.308,0.267,54.0393782599842,17.3604765907679
"40111",0.1868966405,0.0003325233,13.300933623,67.36,0.2296633303,0.0874516769,9879.82,5.8,0.23,4.8,4.6,0.119,0.149,0.147,0.355,0.229,0.4603309291,0.0023074192,0.0002535626,0.367,0.294,39.9252463472647,22.9357798165138
"40113",0.1661135742,0.0002084158,9.1702965757,51.93,0.1982601584,0.0903731081,9348.67,6.2,0.191,4.4,4.4,0.119,0.133,0.135,0.331,0.206,0.4480746545,0.0004167795,0.0002083898,0.318,0.297,41.7086649751486,22.9397657363317
"40115",0.2060398457,0.0004672169,15.573898147,54.77,0.2619317538,0.0827806436,10045.04,6.3,0.235,5,4.9,0.12,0.157,0.154,0.371,0.227,0.3201770912,0.0039385951,0.0005892386,0.374,0.363,44.637759392096,24.9140982653559
"40117",0.1865284974,0.0003048595,12.804097311,70.18,0.22317916,0.1028265107,10912.97,7.6,0.188,4.4,4.3,0.126,0.133,0.133,0.351,0.195,0.2345418351,0.001211167,0.0004844668,0.349,0.339,60.790273556231,24.3161094224924
"40119",0.1820053758,0.0006104854,12.209707964,52.66,0.2117072363,0.0940773067,9352.96,5.6,0.203,4.6,4.4,0.144,0.143,0.141,0.304,0.22,0.7151519069,0.0019730352,0.0003414869,0.31,0.243,34.9737696727454,12.4906320259805
"40121",0.2081722805,0.0006946623,12.324653789,59.98,0.2445856779,0.1185925708,9943.43,5.5,0.213,4.6,4.5,0.126,0.141,0.139,0.356,0.223,0.4540436765,0.0060846028,0.0008276849,0.344,0.336,32.1041668222101,26.8779071069666
"40123",0.2000980873,0.0006841205,14.998026575,47.54,0.2365160518,0.1135357027,9772.1,6.5,0.214,4.7,4.7,0.126,0.143,0.141,0.361,0.215,0.6664621786,0.0047115182,0.0008686039,0.363,0.357,34.1533045511468,13.1358863658257
"40125",0.1763606472,0.0004038379,11.836626701,48.22,0.215341188,0.0858085809,10190.7,6.7,0.197,4.4,4.5,0.125,0.136,0.138,0.335,0.214,0.7302497048,0.0019955592,0.0005059164,0.337,0.311,52.5963024333935,20.0145221649197
"40127",0.2120681606,0.0002696629,13.483146067,97.35,0.244779955,0.1274271845,10719.39,5.7,0.225,4.9,4.7,0.11,0.153,0.152,0.342,0.217,0.3463532665,0.0096145286,0.0006231639,0.314,0.398,23.8514057422259,23.8514057422259
"40129",0.1750489876,0.0002658867,21.27093858,46.58,0.1950405341,0.1325301205,8752.38,6.4,0.171,4.1,4,0.129,0.122,0.122,0.32,0.177,0.0038387716,0,0.0002671654,0.357,0.347,8.85582713425434,8.85582713425434
"40131",0.1441760516,0.0004453599,9.4638980126,71.82,0.1694163861,0.0878755133,9735.01,7.7,0.168,4.1,3.9,0.134,0.118,0.12,0.322,0.178,0.5336862091,0.0019091685,0.0002807601,0.316,0.289,43.7586451136798,15.9459469482053
"40133",0.216728371,0.0003933756,12.981393336,72.12,0.2600014062,0.1213401751,11202.19,6.6,0.235,5.1,4.8,0.114,0.157,0.153,0.376,0.255,0.4643670042,0.0024777787,0.0005506175,0.361,0.378,30.1066823745009,20.9437790431311
"40135",0.2114727037,0.0003143285,7.2537356739,69.16,0.2570178336,0.1009192255,10165.71,6.7,0.252,5.3,4.9,0.119,0.164,0.155,0.373,0.238,0.330353141,0.0021592508,0.00019409,0.338,0.359,47.6848596529512,18.5890130850488
"40137",0.1730567372,0.0005618861,16.182320815,58.58,0.207528845,0.0922082651,9979.56,7.2,0.199,4.4,4.2,0.125,0.131,0.128,0.341,0.197,0.6119916533,0.0007346557,0.0006678688,0.341,0.375,59.7046114349257,23.8818445739703
"40139",0.2304646251,0.0004576031,14.643298403,48.81,0.2792287602,0.1272551546,8257.94,5.4,0.248,4.4,3.9,0.135,0.137,0.123,0.375,0.179,0.5558624031,0.0014944975,0.000226439,0.342,0.303,24.4562309891017,7.64257218409428
"40141",0.2123345065,0.0002621919,14.420555847,77.97,0.2557416268,0.1140583554,10298.58,6.1,0.242,4.9,4.4,0.112,0.151,0.139,0.356,0.209,0.4092842843,0.0012968487,0.0006484243,0.357,0.375,56.8828213879408,26.2536098713573
"40143",0.1720140884,0.0011070556,11.928246278,51.81,0.2112102085,0.0817562498,9661.67,6.6,0.167,3.9,4,0.143,0.123,0.126,0.346,0.182,0.9071565769,0.0037290592,0.0006715841,0.306,0.274,49.8612292722957,18.8764144753018
"40145",0.1686578091,0.0004095004,5.1517793453,65.12,0.1994752392,0.0985872702,9906.21,7.4,0.167,4.1,4,0.139,0.12,0.123,0.342,0.175,0.6752411576,0.0011228534,0.0001981506,0.339,0.302,28.9523207917144,19.3015471944762
"40147",0.1639359969,0.0005198606,14.055490306,31.72,0.1953064326,0.091694822,8374.64,6.7,0.178,4.2,4.1,0.124,0.125,0.128,0.338,0.184,0.6557399561,0.0025592803,0.0005816546,0.366,0.309,63.6512682032983,14.7876683704632
"40149",0.1855464653,0.0002598077,17.320516151,76.04,0.2198334595,0.11328125,9138.55,6.4,0.157,4,4,0.135,0.118,0.12,0.333,0.189,0.4406225815,0.0004281555,0,0.355,0.323,57.3295878002637,40.1307114601846
"40151",0.1415121669,0.0007536606,23.686477175,42.51,0.1640934283,0.0822555613,7222.95,6.9,0.169,4,3.9,0.151,0.119,0.119,0.323,0.186,0.7951115116,0.0037606459,0.0005530362,0.342,0.333,28.9508920493613,28.9508920493613
"40153",0.1701404883,0.0004644898,13.93469274,74,0.1983193277,0.1124406124,8135.98,7.6,0.183,4.1,3.9,0.151,0.123,0.12,0.323,0.189,0.7513072058,0.0030630036,0.0004712313,0.386,0.329,18.6599076334572,18.6599076334572
"41001",0.1204304749,0.0006849742,21.794632293,32.88,0.1439114391,0.0565448297,7259.94,6,0.145,4.1,4.1,0.185,0.121,0.121,0.29,0.159,0.7028015371,0.0023723311,0.0007491572,0.297,0.231,72.7923131317333,33.2764860030781
"41003",0.10075953,0.0012280458,12.512164604,21.63,0.1149686351,0.0503474498,6368.52,7.1,0.13,3.8,4,0.232,0.115,0.117,0.301,0.148,0.8602694586,0.0056818838,0.0007737525,0.244,0.111,41.8459837453307,12.6689675559258
"41005",0.0963762903,0.0009063934,9.1145701467,27.77,0.1157979249,0.0457324743,7084.24,8,0.108,3.6,3.5,0.206,0.099,0.1,0.286,0.126,0.9227164408,0.0018621398,0.0003580048,0.272,0.16,74.8681156362102,16.7967925722726
"41007",0.1165664775,0.0008005551,16.01110103,41.9,0.1366311225,0.0566860465,7888.15,6.7,0.134,3.8,4,0.208,0.113,0.114,0.287,0.167,0.8859310457,0.0016378477,0.0005906992,0.303,0.185,80.853672622591,30.2090644963527
"41009",0.0953327444,0.000343719,7.2787561415,38.79,0.1142188023,0.0461565308,7534.07,7.5,0.13,3.8,3.8,0.2,0.109,0.111,0.301,0.162,0.730643756,0.0017428664,0.0004661154,0.32,0.191,39.7566086938943,26.2797921874895
"41011",0.1244718046,0.0008643457,12.484993998,44.5,0.1480266878,0.0520304569,7952.09,6.9,0.148,4.2,4.2,0.176,0.124,0.123,0.315,0.169,0.7818790349,0.0017501044,0.0006422401,0.322,0.205,97.403634273305,31.9356177945262
"41013",0.1349201338,0.0004286122,13.810839128,29.54,0.1595789474,0.0631125986,6923.19,6.9,0.149,4.2,4.2,0.171,0.127,0.126,0.307,0.172,0.6377157022,0.003122748,0.000528465,0.285,0.223,58.3200668316442,20.4908342921993
"41015",0.1288821911,0.0007163645,11.640922319,36.46,0.1467395877,0.0694560669,7400.91,6.9,0.131,3.9,3.9,0.176,0.114,0.115,0.281,0.153,0.9434805938,0.0015667666,0.0007162362,0.31,0.185,98.2771714043212,58.0728740116444
"41017",0.1197403048,0.0010270676,10.681503392,25.39,0.143131202,0.0551620921,7175.51,7.3,0.123,3.5,3.8,0.205,0.108,0.112,0.289,0.149,0.870610462,0.0030550635,0.0008677103,0.226,0.145,70.1706377905045,19.3506772737046
"41019",0.1174989198,0.0006169839,11.03092398,35.39,0.139284949,0.0547034765,6742.78,6.2,0.161,4.2,4.1,0.19,0.123,0.121,0.296,0.175,0.6787409327,0.0017673462,0.0006078175,0.297,0.206,82.4012661809656,28.9181802069049
"41021",0.0921501706,0,15.527950311,26.34,0.1067157314,0.0551378446,7132.38,5.7,0.114,3.5,3.6,0.193,0.101,0.104,0.276,0.133,0.8198824158,0.0005136107,0.0020544427,0.293,0.187,104.566050888811,0
"41023",0.1221109399,0.0009749304,15.320334262,30.2,0.1396303901,0.0713245997,7067.34,5.6,0.135,4,4.1,0.177,0.117,0.119,0.289,0.151,0.6474143721,0.0010984484,0.0004119182,0.319,0.242,55.4323725055432,55.4323725055432
"41025",0.1528035648,0.0004209935,16.839741791,35.13,0.1828358209,0.0660180681,7867.66,5.9,0.159,4.4,4.4,0.183,0.132,0.13,0.303,0.174,0.5393424953,0.0032185838,0.0011195074,0.327,0.196,65.2011922503726,83.8301043219076
"41027",0.1423669791,0.0019226568,17.915665283,19.64,0.1693977289,0.0787162162,6469.81,8.6,0.148,3.9,3.8,0.205,0.114,0.111,0.286,0.147,0.8939855008,0.0021168688,0.0006174201,0.263,0.163,81.5173879499833,81.5173879499833
"41029",0.1291369358,0.0009130379,9.2730411295,38.01,0.1554422295,0.0566457929,7450.82,7.1,0.147,4.3,4.1,0.213,0.128,0.12,0.301,0.178,0.8356987491,0.00224412,0.0007528351,0.266,0.18,76.8135521278938,25.3405532793052
"41031",0.1713689821,0.0005407354,9.4628695025,35.67,0.2085996514,0.0875618245,7270.84,6.7,0.174,4.5,4.3,0.189,0.136,0.13,0.316,0.183,0.5853130755,0.0008512651,0.0006148026,0.352,0.203,81.8144629789555,15.1508264775844
"41033",0.1202597778,0.0008612543,9.2106364909,37.64,0.1431034111,0.0547239852,6974.8,6.7,0.141,4.1,4.1,0.181,0.125,0.126,0.293,0.17,0.8105739122,0.0042373899,0.0007082323,0.278,0.189,150.606000397377,27.8164116828929
"41035",0.1341148841,0.0008402719,11.305477045,35.98,0.1609108259,0.0614010799,7273.55,6.2,0.165,4.2,4.3,0.191,0.126,0.125,0.328,0.176,0.6770864718,0.002078592,0.0005461994,0.312,0.208,75.4885221981852,24.8250844812824
"41037",0.1569498756,0.0005103343,12.758356724,46.99,0.1809976247,0.0866666667,7651.21,5,0.15,4.3,4.1,0.185,0.126,0.121,0.319,0.166,0.6947435085,0.0010230179,0.000511509,0.289,0.216,68.1227913313748,76.6381402477967
"41039",0.1196443703,0.0008399914,10.241755666,33.02,0.1425239502,0.0463086964,7226.57,7,0.131,3.6,3.9,0.215,0.112,0.12,0.297,0.154,0.9108653313,0.0058027242,0.0005081244,0.273,0.166,74.2497985974213,21.9036905862393
"41041",0.1410241523,0.0005818213,11.851915701,37.93,0.1623228508,0.0706761391,6225.13,7.1,0.148,4.2,4.2,0.181,0.124,0.121,0.301,0.167,0.9442803146,0.002373247,0.0007119741,0.3,0.195,53.6503712605691,30.759546189393
"41043",0.1031993219,0.000678642,11.562049667,39.83,0.1240148322,0.0509417356,7306.28,6.7,0.159,4.2,4.2,0.201,0.123,0.121,0.32,0.17,0.7340407296,0.0010356587,0.0002273397,0.356,0.193,78.0666242876421,17.5649904647195
"41045",0.1539977604,0.0003952699,12.51688132,40.28,0.1973030994,0.0693804403,8205.05,7.3,0.207,4.7,4.4,0.186,0.146,0.133,0.309,0.191,0.5140676396,0.0029200433,0.0007874274,0.286,0.222,67.9690411980092,20.8292223026157
"41047",0.1350865288,0.0007328815,10.671245899,35.51,0.1708291233,0.0541057102,7412.62,7.6,0.154,4.2,4,0.184,0.126,0.12,0.3,0.154,0.8322006755,0.002533883,0.0004048033,0.329,0.165,66.8078300816789,12.9535792677454
"41049",0.1445719701,0.0002681684,8.938946992,37.96,0.1800807955,0.0719579988,7434.72,7.5,0.175,4.2,4,0.194,0.127,0.118,0.315,0.159,0.3302604493,0.0021171489,0.0005292872,0.309,0.19,35.5945777593213,20.7635036929374
"41051",0.1107721412,0.0013827519,11.458558642,28.49,0.1313920155,0.0417735294,7444.42,7.2,0.142,3.8,4,0.24,0.116,0.114,0.283,0.166,0.9895353676,0.0055251359,0.0007870676,0.222,0.128,56.1046246240583,17.6157377543835
"41053",0.111936618,0.0005647107,9.1123774321,31.58,0.1358145102,0.0541261877,7623.56,7.1,0.137,4,3.9,0.203,0.116,0.115,0.295,0.161,0.9190748379,0.0019662995,0.0003906555,0.34,0.166,73.4725609886331,12.8149815677848
"41055",0.1129283489,0,23.391812865,55.68,0.1283095723,0.0641025641,8344.82,6,0.137,3.9,4,0.186,0.116,0.116,0.29,0.153,0.0685552408,0,0.0005777008,0.273,0.205,19.5274360476469,0
"41057",0.1386018558,0.0008681241,14.994870176,42.39,0.1599691963,0.0764240827,7833.73,7,0.151,4.2,4.1,0.189,0.121,0.119,0.307,0.162,0.9117623762,0.0016589643,0.0005924873,0.278,0.173,53.726805744837,20.9665583394486
"41059",0.13344412,0.0005084414,10.69030702,32.63,0.1684099437,0.0592982629,7429.54,7.2,0.167,4.6,4.1,0.199,0.134,0.119,0.33,0.168,0.6018790602,0.0016553702,0.0005213764,0.334,0.191,40.4425194385013,18.6992294178017
"41061",0.1135739506,0.0009341793,18.294344323,46.85,0.1326119102,0.0644882434,8071.78,5.8,0.141,4.2,4.1,0.197,0.123,0.123,0.292,0.165,0.754893584,0.0016762826,0.000740683,0.324,0.167,77.7877173194353,16.854005419211
"41063",0.1207972619,0.0014662757,19.061583578,55.31,0.1366675582,0.0745920746,7904.32,6.4,0.128,3.8,3.9,0.181,0.111,0.113,0.287,0.142,0.6469748858,0.0011740534,0.00044027,0.269,0.173,92.7281600780869,107.369448511469
"41065",0.1504192092,0.0007838526,12.541642171,41.26,0.1800343053,0.0756747523,7111.33,6.5,0.154,4.1,4.1,0.192,0.122,0.121,0.302,0.161,0.7027723793,0.0018448012,0.0009420261,0.267,0.191,171.948884286217,19.5396459416155
"41067",0.1066996659,0.0009254029,7.2646794482,25.97,0.1311570397,0.0452907001,7567.33,8.2,0.11,3.3,3.3,0.209,0.098,0.1,0.311,0.121,0.972902154,0.0020901052,0.0004973009,0.259,0.121,49.3996407298856,12.9999054552331
"41069",0.1466083151,0,0,NA,0.1605113636,0.1017699115,5917.81,3,0.138,4,3.9,0.166,0.115,0.116,0.279,0.141,0.3386537127,0.0014482259,0.0021723389,0.28,0.208,0,24.3072435585805
"41071",0.1170922162,0.0006879066,11.006505631,35.23,0.1419399739,0.0587320427,7895.06,7.7,0.144,4,4,0.211,0.117,0.115,0.318,0.162,0.8083030053,0.0024820055,0.000446761,0.281,0.192,61.9383762313939,16.7135300941857
"42001",0.1017218113,0.0005407319,11.207896651,42.51,0.1153885016,0.0648139642,9282.69,8.7,0.133,3.4,3.7,0.174,0.1,0.11,0.328,0.17,0.6119400041,0.0006302562,0.0003840624,0.313,0.238,61.8546579175599,13.4182062149204
"42003",0.080440636,0.0010842596,12.255787794,56.23,0.0942444792,0.037574652,10363.62,7.3,0.142,3.5,3.8,0.211,0.103,0.114,0.364,0.187,0.9488403954,0.0023068922,0.0011311161,0.283,0.225,73.9188154794123,13.5111681041123
"42005",0.0959000855,0.0005015859,21.243637973,64.2,0.11012652,0.0541026009,10201.79,8.2,0.148,3.8,3.9,0.178,0.11,0.117,0.373,0.198,0.757850916,0.0007488217,0.0004845317,0.36,0.296,63.0715862503942,13.7969094922737
"42007",0.0870381686,0.0004368565,15.11287428,46.45,0.1015507853,0.0443776725,10238.95,6.9,0.142,3.5,3.9,0.159,0.103,0.114,0.352,0.186,0.8587771712,0.0006172295,0.0005231755,0.275,0.264,82.0255793917125,13.3758738576414
"42009",0.1161485543,0.0003268909,18.387610836,57.5,0.1342893029,0.0661235316,9596.24,8,0.15,3.7,3.9,0.167,0.111,0.12,0.346,0.209,0.5324343877,0.000937723,0.0004892468,0.322,0.257,43.6600789974554,13.6437746867048
"42011",0.1170621616,0.0006695819,11.989625107,46.42,0.1368369632,0.0666646224,10076.81,8.5,0.165,3.7,3.9,0.164,0.111,0.117,0.343,0.198,0.8860301087,0.0009842305,0.0006069825,0.319,0.249,49.9805631143444,15.4529277261741
"42013",0.0943711927,0.0008256917,17.54594895,53.82,0.1115912181,0.0465142303,10290.37,7.7,0.148,3.7,4.1,0.173,0.109,0.121,0.347,0.195,0.7543847225,0.0018683598,0.0011479329,0.323,0.246,69.3374829964379,14.5555784916186
"42015",0.108693014,0.0008740127,14.081315551,77.83,0.1276009792,0.0607147882,8966.77,8,0.14,3.8,4,0.167,0.111,0.12,0.324,0.194,0.4422886526,0.00046537,0.0014602991,0.313,0.277,63.6526936417432,20.4983250710698
"42017",0.0692808839,0.0008951866,7.6593503913,50.3,0.0802310721,0.0401256481,10107.16,8.6,0.116,3.1,3.6,0.195,0.09,0.102,0.346,0.161,0.9470466966,0.0017432884,0.0003891696,0.265,0.207,75.9159353289797,13.5564170230321
"42019",0.0719470368,0.0006238471,13.176080842,52,0.0842640225,0.0380410251,9639.86,8.4,0.123,3.4,3.7,0.183,0.098,0.107,0.372,0.179,0.7858339407,0.0010028252,0.0005930686,0.283,0.22,71.1167479045638,13.6142892714026
"42021",0.0885407717,0.0008639967,19.748497081,60.7,0.1041571261,0.0438115305,11155.84,7.4,0.149,3.8,4.1,0.169,0.112,0.121,0.337,0.199,0.6693740909,0.0013380878,0.0008754511,0.302,0.251,69.6986798250057,19.5349241032023
"42023",0.1023816042,0.0004162331,27.055150884,82.96,0.1168141593,0.0570125428,10184.31,7.9,0.143,3.7,4,0.161,0.109,0.119,0.357,0.189,0.9268436578,0,0.0008186656,0.296,0.279,90.1338140470083,55.4669624904666
"42025",0.1053368601,0.0004810602,15.362890086,67.44,0.1211241555,0.0586180714,10545.61,8.2,0.143,3.7,4,0.167,0.108,0.117,0.361,0.197,0.7864794863,0.0003087087,0.000355015,0.34,0.259,71.4333780223307,19.6700606148447
"42027",0.0941977137,0.0007496441,12.158093006,44.75,0.103353468,0.0617882997,9837.9,7.7,0.14,3.5,3.9,0.202,0.106,0.119,0.346,0.179,0.8808883694,0.0014928927,0.0007207068,0.293,0.173,28.4375164568961,9.26852388224762
"42029",0.0860074862,0.0008600112,9.8091984149,42.55,0.0972132336,0.0589275852,9709.05,8.5,0.109,2.8,3.4,0.191,0.087,0.101,0.319,0.144,0.8739832346,0.001691961,0.0005809982,0.223,0.178,51.4240429179471,11.5070235100842
"42031",0.1133882897,0.0004894258,17.001107648,59.19,0.1283579548,0.0668764752,10534.83,7.8,0.149,3.7,4.2,0.184,0.112,0.126,0.358,0.203,0.5632689807,0.0008683438,0.0004852509,0.319,0.29,45.1163661746429,15.3225394555391
"42033",0.1051280786,0.0006527817,18.35178776,54.28,0.1214981796,0.056681444,10184.85,7.7,0.158,3.8,4.1,0.165,0.113,0.122,0.36,0.21,0.48593861,0.0020449898,0.0009485796,0.393,0.289,54.2408540469019,16.8475379994165
"42035",0.1118124733,0.0005535287,14.341426595,73.97,0.1278883754,0.0679041916,9508.12,7.4,0.156,4,4,0.18,0.115,0.121,0.368,0.213,0.8198684948,0.0007258347,0.0006257196,0.308,0.273,50.3609199261373,13.42957864697
"42037",0.0968983999,0.0005214386,14.153332737,53.59,0.1107424722,0.0533216783,9905.89,7.9,0.15,3.7,4.1,0.177,0.112,0.122,0.367,0.207,0.7160115908,0.000449122,0.0003443268,0.351,0.275,57.8291149652776,11.4661176224257
"42039",0.1262756417,0.0006538572,15.256667623,55.31,0.1469894576,0.0716249157,9708.46,7.9,0.161,3.8,4.1,0.17,0.113,0.122,0.362,0.199,0.7144933251,0.0008583593,0.0005035708,0.345,0.298,45.5877564311299,17.6221579481679
"42041",0.0880443546,0.0009230315,13.537795062,38.15,0.0994498072,0.0568622484,9391.58,8.4,0.117,3.2,3.6,0.181,0.094,0.106,0.334,0.173,0.8568090873,0.0015587948,0.0006094224,0.295,0.192,55.9268820968342,14.9047191896208
"42043",0.1015850779,0.0009946473,18.493072466,48.4,0.1171921333,0.0603430559,9655.87,6.8,0.155,3.7,4,0.173,0.11,0.119,0.38,0.185,0.8956396867,0.0016609027,0.0013730129,0.305,0.242,46.4817942217856,14.4719042695797
"42045",0.092961522,0.001087111,8.153332386,45.75,0.1095884309,0.0497977328,10165.78,7.7,0.139,3.6,3.8,0.186,0.102,0.112,0.367,0.186,0.9352193911,0.00208373,0.0005107007,0.248,0.228,63.1799467914712,14.3294724681687
"42047",0.0858160622,0.0003846894,17.952170289,66.4,0.0970012898,0.0543427775,10337.01,8.4,0.128,3.5,3.8,0.176,0.102,0.112,0.363,0.183,0.7473549114,0.0005082754,0.0007306458,0.296,0.281,35.2771393447004,21.3800844513336
"42049",0.1073925829,0.0008152476,13.180435493,48.31,0.1291485327,0.0493149811,9577.24,7.2,0.144,3.4,4.1,0.186,0.106,0.124,0.326,0.215,0.8445321243,0.0014841559,0.000966842,0.326,0.235,65.9670021582682,17.4477940491072
"42051",0.1062745172,0.0004549319,13.871694286,64.58,0.1245475382,0.0512424075,10445.45,7,0.179,4.1,4.4,0.163,0.123,0.13,0.386,0.225,0.6741138749,0.0021777939,0.0005629671,0.392,0.319,70.0250550640282,19.8652638479513
"42053",0.1220980224,0,11.971268955,82.21,0.1294917449,0.0672853828,10517.63,7.7,0.17,3.9,3.9,0.18,0.115,0.117,0.377,0.217,0.9013737688,0.0003931333,0.0001310444,0.314,0.229,57.6266678487522,70.9251296600027
"42055",0.123313428,0.0006278942,15.697354996,42.8,0.1456869295,0.0674452716,9148.88,8,0.149,3.6,3.8,0.164,0.106,0.114,0.332,0.191,0.7846448957,0.0007167045,0.0004536937,0.343,0.294,54.5119544716156,12.4287256195284
"42057",0.1043066322,0.0002050301,18.452706397,70.56,0.1172535211,0.07052664,10150.98,8,0.141,3.6,4,0.178,0.107,0.118,0.331,0.192,0.5556753116,0.0003408316,0.0007498296,0.286,0.229,43.2496414832351,36.4207507227243
"42059",0.0890195255,0.0005020744,15.326480459,92.95,0.1026979172,0.0498396579,11335.78,7.6,0.152,3.7,3.9,0.176,0.111,0.118,0.36,0.212,0.5410742904,0.0007928537,0.0007399968,0.333,0.271,55.6537102473498,13.2508833922261
"42061",0.1051322215,0.0004371585,17.486338798,48.12,0.1215515453,0.0609222484,9819.37,8,0.151,3.7,3.9,0.173,0.11,0.118,0.353,0.202,0.6396445451,0.0007659649,0.0004158095,0.305,0.258,42.3011844331641,18.962599918315
"42063",0.1187696951,0.0005244795,15.392333478,79.14,0.1323608964,0.0759690851,10132.2,7.7,0.159,3.9,4,0.181,0.115,0.123,0.359,0.2,0.6270927093,0.0020513989,0.0003988831,0.359,0.281,100.603238357271,12.1943319220935
"42065",0.1007667032,0.0004256463,21.058291142,64.27,0.1160462815,0.059687787,10048.75,8.1,0.149,3.8,4.3,0.172,0.114,0.124,0.347,0.215,0.5684513274,0.0005114976,0.0005114976,0.313,0.271,64.9089037109987,18.6519838249996
"42067",0.1329190664,0.0002419745,22.987578642,65.09,0.146413295,0.0985502244,10230.15,7.9,0.145,3.7,4,0.165,0.109,0.119,0.33,0.194,0.4257590518,0.000121124,0.0004441214,0.346,0.274,61.9103376805157,17.4963997792762
"42069",0.0992773191,0.0007380629,11.376510796,58.75,0.1168282515,0.0491434544,10383.98,7.9,0.154,3.8,4.1,0.167,0.112,0.12,0.361,0.197,0.9185168604,0.001121857,0.0008694392,0.299,0.249,73.2890988729452,17.5392715251493
"42071",0.1338589517,0.0007481437,14.287857196,36.15,0.1460678867,0.1046848669,8217.88,8.2,0.146,3.5,3.7,0.168,0.103,0.112,0.322,0.166,0.7470011262,0.000945997,0.0005456949,0.284,0.221,70.770169498307,10.9406180761517
"42073",0.0942617074,0.0004843924,17.685955999,69.42,0.1089425877,0.0535960174,11153.38,6.9,0.143,3.8,4.1,0.166,0.111,0.121,0.352,0.192,0.7737081266,0.0008395554,0.0003805984,0.318,0.237,62.3624082408541,13.9000548488651
"42075",0.1110896835,0.0005720194,15.547195271,40.7,0.1286286863,0.0678385739,8475.95,8.5,0.155,3.5,3.7,0.166,0.104,0.112,0.365,0.181,0.8586862123,0.0020371108,0.0005314202,0.281,0.23,65.2952224439488,15.1621864851117
"42077",0.1144030318,0.0009501905,10.703616034,52.21,0.1366923616,0.0570803406,9398.63,8.3,0.163,3.8,3.9,0.171,0.114,0.117,0.378,0.183,0.8746083657,0.0013742917,0.0011349171,0.311,0.254,85.4135618479881,16.5797317436662
"42079",0.1094013744,0.0007966653,10.914941865,55.1,0.1253414377,0.0623365435,10731.87,7.6,0.175,4,4,0.174,0.118,0.122,0.358,0.183,0.8179316835,0.0008028666,0.0007278907,0.274,0.276,64.7600067266846,18.4879374042309
"42081",0.1093337695,0.0007123974,16.565386068,46.72,0.1299667167,0.0527010276,9079.63,7.4,0.138,3.5,3.9,0.175,0.105,0.119,0.321,0.203,0.7520562221,0.0010620621,0.0009250218,0.331,0.281,76.7226818585211,16.0316051644671
"42083",0.1047146402,0.0004934906,20.209616017,62.93,0.1224319009,0.0561311625,9001.51,8.1,0.155,3.8,4.1,0.177,0.115,0.124,0.374,0.205,0.7305868815,0.0005816794,0.0003722748,0.323,0.246,52.3662511235296,16.4133025909571
"42085",0.1019764581,0.0006789457,16.799554333,60.86,0.115936603,0.0636210526,10067.87,7.7,0.148,3.7,4,0.164,0.109,0.121,0.352,0.222,0.8452476894,0.0013281826,0.0006076653,0.303,0.268,67.6709854115296,16.2642711718698
"42087",0.1299688811,0.0004511084,17.614710431,77.74,0.1552028882,0.0668073782,10156.18,7.9,0.158,3.9,4.1,0.159,0.117,0.126,0.326,0.21,0.6144124074,0.0007079114,0.0004504891,0.34,0.266,67.3024601197124,15.7516396024859
"42089",0.1174569983,0.0004569669,7.9969214859,57.29,0.1348177076,0.0689553122,10123.41,7.7,0.172,3.8,3.9,0.169,0.112,0.117,0.354,0.194,0.8295710131,0.0007358748,0.0005324622,0.311,0.28,42.8120730045873,18.6052466795636
"42091",0.0651547461,0.0014421129,11.030082377,45.44,0.0753377586,0.0396574864,9589.48,8.5,0.104,2.9,3.5,0.189,0.086,0.101,0.336,0.155,0.9533439017,0.0022255704,0.0006117857,0.26,0.181,72.2484038167088,12.3340972033047
"42093",0.0775814845,0.0046671316,17.702912934,42.79,0.0883083433,0.0479714213,9470.44,8.2,0.128,3.4,3.7,0.175,0.099,0.108,0.341,0.174,0.6955712487,0.0037754166,0.0124588749,0.354,0.235,64.5867346023431,60.9985826799907
"42095",0.0938840151,0.000808238,10.74324639,54.48,0.1123007216,0.0432748176,10295.86,8.3,0.141,3.4,3.9,0.176,0.099,0.11,0.356,0.172,0.8729071154,0.0014943744,0.0009006274,0.291,0.259,85.6580468633843,16.4214908494571
"42097",0.1213130548,0.0004151409,15.115387891,56.27,0.1388878666,0.0703551557,9524.51,7.8,0.157,3.9,4.1,0.167,0.116,0.121,0.37,0.207,0.7016545362,0.0002444832,0.0003082614,0.367,0.286,63.2852886591341,17.4212311477392
"42099",0.1152300134,0.0003287023,16.215979314,50.23,0.1312941343,0.0715040846,10096.71,8.4,0.122,3.4,3.8,0.183,0.098,0.11,0.349,0.183,0.6385390154,0.000197533,0.0001755849,0.338,0.292,31.4141480556103,12.4195469057064
"42101",0.1443516069,0.0006864078,7.6459802204,54.69,0.1775380862,0.0497857861,10530.89,6.4,0.227,4.5,4.8,0.192,0.143,0.148,0.432,0.234,0.996470525,0.0019083613,0.0009213445,0.294,0.261,48.0035480326023,10.3185196705594
"42103",0.1115101414,0.000320336,8.7202576925,51.19,0.1269255022,0.0690506599,9515.42,8.6,0.145,3.6,3.8,0.178,0.104,0.11,0.34,0.172,0.8245568164,0.0006714849,0.0001590359,0.281,0.281,33.1889220119599,18.3724389709064
"42105",0.106715525,0.0005230733,19.179356039,73.15,0.1198689733,0.0724292889,9394.15,7.4,0.153,3.9,4.1,0.162,0.114,0.122,0.348,0.197,0.4185713467,0.0003429159,0.0013145111,0.321,0.309,67.5727855432852,69.5034365588076
"42107",0.1061844058,0.0005898612,13.717703382,62.19,0.1234687183,0.055785124,9921.56,8.1,0.145,3.6,4,0.172,0.105,0.117,0.353,0.195,0.7028370277,0.0005240947,0.0004356112,0.327,0.273,72.4891209150551,21.4951967382182
"42109",0.1383216337,0.0004959948,14.87984525,33.84,0.1583296509,0.0871274157,9142.62,8.4,0.132,3.5,3.9,0.177,0.104,0.117,0.364,0.19,0.6541484056,0.0003762699,0.0005267779,0.338,0.226,35.6455998408383,12.4345115723854
"42111",0.1093882453,0.0004198483,21.517226902,56.36,0.1248337184,0.0635345834,10377.58,7.7,0.148,3.7,4,0.171,0.109,0.117,0.363,0.189,0.7242931749,0.0007449033,0.0004966022,0.379,0.293,55.2002102865154,19.2762639095768
"42113",0.1343968531,0,22.085502445,72.71,0.144021025,0.0925714286,9962.75,7,0.15,3.7,4,0.163,0.109,0.119,0.336,0.183,0.3878344742,0,0.0004723666,0.312,0.255,184.036176254075,115.679882216847
"42115",0.1179218446,0.0004055344,12.643129771,68.99,0.1351940689,0.0666666667,9189.88,8.4,0.147,3.6,3.9,0.17,0.108,0.118,0.341,0.183,0.3920795276,0.0003547273,0.0002837819,0.308,0.278,71.5012075759502,23.8337358586501
"42117",0.113936551,0.000473104,16.08553721,67.86,0.131715197,0.0644643267,8631.12,8.1,0.151,3.7,4.1,0.171,0.11,0.122,0.347,0.201,0.5270479503,0.0008948967,0.0005887479,0.329,0.26,76.6108013331859,11.8470311339978
"42119",0.1076870864,0.0008022463,14.039310068,25.82,0.1240382374,0.0651760228,8343.01,7.4,0.142,3.5,3.8,0.181,0.105,0.113,0.33,0.182,0.7358889359,0.0011366929,0.0011366929,0.292,0.237,69.0448791714614,10.3938527784996
"42121",0.1046915213,0.0006351697,20.362794,66.21,0.1237810632,0.0492437883,10596.11,8,0.146,3.6,4,0.166,0.107,0.121,0.34,0.204,0.6566637567,0.0008162205,0.0007234682,0.339,0.217,86.5746940300832,14.3253090841145
"42123",0.0967539595,0.0005650689,18.917524507,47.63,0.1108978638,0.0560086352,8749.1,8,0.132,3.6,3.9,0.167,0.105,0.117,0.359,0.183,0.7722587588,0.0009294362,0.0006603889,0.322,0.238,66.4021511017838,16.395592864638
"42125",0.0813017514,0.0007685398,14.890459058,67.23,0.0957408228,0.0396292222,11192.74,7.9,0.134,3.5,3.7,0.189,0.101,0.11,0.386,0.194,0.8381050909,0.0006916227,0.00052352,0.278,0.275,81.3250215319201,16.6492170065348
"42127",0.1067308979,0.0005058267,11.867473395,50.81,0.1205005624,0.0655495837,9507.29,8.3,0.142,3.6,3.8,0.174,0.105,0.114,0.353,0.195,0.6928363182,0.0003685885,0.0005431831,0.319,0.272,32.4365702868042,23.354330606499
"42129",0.0825825344,0.0007903818,14.332628298,61.17,0.0949843055,0.0451019944,10472.14,7.8,0.127,3.5,3.9,0.169,0.104,0.113,0.387,0.185,0.8253411434,0.0011063992,0.0005269881,0.317,0.26,90.5796262525319,16.1153936277511
"42131",0.098199162,0.0004621236,9.9534321567,73.8,0.1131940725,0.0554616165,9623.48,8.5,0.136,3.6,3.8,0.178,0.104,0.114,0.357,0.193,0.5080633753,0.0003928151,0.0004999464,0.348,0.259,63.1448519074511,19.0625968022494
"42133",0.0850237589,0.0006988009,12.682782952,43.24,0.1003675092,0.0448015012,9209.88,8.2,0.14,3.4,3.9,0.172,0.101,0.112,0.335,0.181,0.778698399,0.0007836616,0.0005717996,0.341,0.221,60.789951814134,17.0877227736247
"44001",0.0590782636,0.001895638,9.9877700775,41.21,0.0692483718,0.031518345,8520.31,7.4,0.089,2.8,3.2,0.228,0.083,0.095,0.284,0.133,0.8930125313,0.0016863064,0.0001625356,0.238,0.225,126.218072256453,18.3219782307755
"44003",0.057154972,0.0008236035,9.5683348675,57.78,0.065408973,0.0323556452,9336.45,7.8,0.118,3.5,3.7,0.193,0.101,0.102,0.347,0.149,0.9201001456,0.0023025419,0.0006665253,0.292,0.237,89.7034935874124,11.111919250693
"44005",0.064203513,0.0008135215,12.870637947,50.4,0.0731087482,0.0382300006,8797.62,7.7,0.102,3,3.2,0.231,0.087,0.096,0.286,0.138,0.8774732169,0.0025607728,0.0003276818,0.247,0.183,68.7763474095591,9.70960198723187
"44007",0.1036583484,0.0009509885,9.5415317719,54.89,0.1251178899,0.0419599744,8993.54,7.3,0.164,3.7,3.8,0.187,0.112,0.116,0.383,0.161,0.9507314092,0.0037177856,0.0009083678,0.281,0.263,75.8692894104529,11.4041520616965
"44009",0.0621269806,0.0009316795,11.527559552,43.9,0.0714557702,0.0341621267,8654.6,7.7,0.088,2.7,3.3,0.231,0.082,0.097,0.276,0.131,0.8837996834,0.0025186323,0.0004672934,0.234,0.182,81.4381610261735,13.1776959589278
"45001",0.1683848797,0.000520729,12.016823553,38.76,0.2113826865,0.0553862699,8597.47,5.9,0.194,4.2,4.2,0.141,0.128,0.131,0.343,0.205,0.6378014715,0.0004798656,0.0002799216,0.378,0.324,82.7726156146534,14.6854640606643
"45003",0.1608707987,0.0003520421,9.8329013736,47.06,0.2003141543,0.0560802207,8570.5,7.3,0.176,4.1,4.1,0.147,0.123,0.122,0.326,0.189,0.6932273156,0.0010720203,0.0003167333,0.345,0.247,64.8802040593583,17.7864733869892
"45005",0.1685228605,0.0006188757,6.1887570913,54.43,0.2141133896,0.0465235174,9202.32,5,0.293,5.1,4.7,0.121,0.167,0.154,0.434,0.25,0.0047029465,0.0008130908,0.0004065454,0.389,0.322,48.3308592536334,0
"45007",0.1579130501,0.0006431202,13.74410041,66,0.1976752365,0.0587036282,10080.43,7,0.153,3.7,3.9,0.151,0.114,0.12,0.364,0.182,0.6498562466,0.0014110291,0.000340955,0.328,0.265,67.2843915778622,20.064240162036
"45009",0.158315241,0.0003293374,17.784218153,45,0.1959380136,0.0540708515,9434.39,5.3,0.238,4.6,4.3,0.125,0.145,0.138,0.393,0.208,0.3963845625,0.0003240441,0.0006480881,0.406,0.33,63.7474720830036,52.7565286204168
"45011",0.161419263,0.0002276971,17.304977458,55.49,0.2080536913,0.0536277603,8272.96,6.4,0.22,4.6,4.5,0.127,0.143,0.142,0.398,0.219,0.3700101675,0.00063294,0.00022605,0.354,0.331,45.5906265671778,48.6300016716563
"45013",0.1725924365,0.0007051384,9.9515501672,40.77,0.2028436727,0.0940213761,8384.44,7.6,0.126,3.3,3.4,0.188,0.098,0.107,0.307,0.147,0.8040102815,0.0010242205,0.0005877629,0.228,0.161,52.7235107030623,13.4653570500627
"45015",0.1510153477,0.0003632603,6.7606770768,46.11,0.1887307595,0.0583115405,9785.23,7.3,0.151,3.7,3.9,0.158,0.11,0.115,0.379,0.207,0.7433916432,0.0006958046,0.000190702,0.338,0.249,32.268311006015,16.1341555030075
"45017",0.168796234,0.0001344267,14.786933728,41.44,0.2008753226,0.0759694851,9245.03,7.3,0.198,4.1,4,0.138,0.127,0.127,0.372,0.199,0.0999670511,0.0001992693,6.64231e-05,0.305,0.32,53.6744643735743,64.8566444514022
"45019",0.1550783686,0.0012650421,11.285644922,32.02,0.1880427675,0.0543560798,9153.77,7.1,0.15,3.3,3.9,0.224,0.103,0.118,0.349,0.178,0.8187625104,0.0027333471,0.0013546028,0.253,0.199,55.1142527207195,13.7348217097666
"45021",0.1674648277,0.0004462373,17.492503213,65.44,0.2130007693,0.0529276031,8880.02,6.8,0.197,4.3,4.2,0.146,0.133,0.132,0.369,0.22,0.6364244155,0.0004115595,0.0002684083,0.377,0.309,39.2616431592536,17.2513280548235
"45023",0.1641138673,0.0003092433,17.008380493,58.87,0.2068593172,0.0524534687,9452.75,5.8,0.209,4.3,4.2,0.131,0.135,0.135,0.345,0.201,0.4449305975,0.0002455645,0.0001841734,0.308,0.308,42.1888827149061,12.3479656726554
"45025",0.1828887849,0.000303523,12.140921409,69.03,0.2326949823,0.0517772942,9222.84,6.4,0.237,4.6,4.3,0.143,0.146,0.138,0.38,0.252,0.4698292464,0.0006926857,0.0001731714,0.368,0.309,57.8289564041955,15.9029630111538
"45027",0.1797340138,0.0002931434,13.484595316,53.58,0.223862625,0.0578002245,10052.51,6.3,0.245,4.6,4.3,0.122,0.147,0.14,0.355,0.208,0.4761087758,0.0007276961,0.0003201863,0.403,0.283,57.7056620013106,11.7367448138259
"45029",0.1891062273,0.0005559821,11.384395436,72.06,0.238959276,0.0624791551,10442.28,5.9,0.216,4.5,4.4,0.134,0.143,0.141,0.399,0.221,0.4060989407,0.0008468297,0.0003440246,0.377,0.307,111.218995498279,20.3018801306382
"45031",0.1683353405,0.0005014823,13.569521674,66.09,0.2143690863,0.0499814195,10706.47,6.2,0.222,4.4,4.5,0.132,0.137,0.137,0.363,0.226,0.6941512209,0.0010303967,0.0003974387,0.378,0.312,58.5393689554412,18.6932438681241
"45033",0.190417972,0.0006104025,8.9954059177,47.8,0.2501226359,0.0522151899,9834.5,5.4,0.258,5,4.6,0.123,0.161,0.153,0.405,0.249,0.5506830516,0.0006724519,0.0003842582,0.392,0.345,92.9586494283577,11.753392456459
"45035",0.1377610635,0.0004041248,5.8598091184,51.86,0.1708313808,0.0605637024,9787.36,7.6,0.16,3.8,3.7,0.182,0.111,0.111,0.344,0.187,0.7974808685,0.0011279462,0.0002544757,0.334,0.248,34.9506210456509,14.7868012116215
"45037",0.1637405948,0.0002636237,11.67476368,50.64,0.1990465663,0.0660694289,9066.75,7.4,0.18,3.8,3.8,0.144,0.116,0.117,0.391,0.195,0.4861219196,0.0003026176,0.000189136,0.37,0.266,50.3125668213778,16.3515842169478
"45039",0.1616053225,0.0004352368,13.057103064,41.67,0.1960182674,0.0590648072,8894.72,5.6,0.222,4.5,4.3,0.124,0.14,0.137,0.413,0.216,0.3391634664,0.0007356441,0.0002596391,0.385,0.289,71.187819618782,7.26406322640632
"45041",0.1474223073,0.0009408824,12.066278343,70.78,0.1885294366,0.0471698113,9885.93,6,0.208,4.1,3.9,0.132,0.125,0.127,0.372,0.21,0.5773021149,0.0014530891,0.0005494267,0.35,0.305,43.2217491841895,10.5653164672463
"45043",0.1893813441,0.000608823,18.593783424,38.38,0.2308693466,0.0750416898,9414.3,6.5,0.181,4.1,4.1,0.132,0.126,0.126,0.348,0.177,0.6499717411,0.000595632,0.000297816,0.309,0.271,84.3784758178959,15.8894532384349
"45045",0.1545974031,0.0010170854,12.656602148,33.98,0.1901950622,0.0650093151,9043.59,7.2,0.157,3.8,3.8,0.159,0.113,0.116,0.339,0.171,0.8208233143,0.0014422286,0.0007485251,0.277,0.208,61.4267148233706,15.6672632189945
"45047",0.1732881893,0.0010212888,15.391254315,49.18,0.219300889,0.0596987732,8966.93,6.7,0.184,4.2,4,0.139,0.128,0.129,0.365,0.184,0.8632951006,0.0020940005,0.0005593563,0.353,0.275,76.0470822312884,15.7833566895127
"45049",0.1674092934,0.0003430532,12.251899044,64.55,0.2138201946,0.0549842602,9139.27,6.1,0.219,4.4,4.1,0.141,0.137,0.132,0.4,0.213,0.3456140351,0.0006370051,0.0002940024,0.396,0.304,60.7932700207026,54.2210246130591
"45051",0.2110537568,0.0005989988,9.9052310328,45.87,0.2544426222,0.0788021139,9583.78,7.3,0.18,4.2,4.3,0.168,0.128,0.125,0.33,0.198,0.8379893869,0.0012083549,0.000483342,0.3,0.255,61.6031752927822,15.5957405804512
"45053",0.2285316632,0.0002576371,9.9374309901,77.95,0.2799747714,0.0888481414,9077.42,7,0.25,4.8,4.3,0.138,0.154,0.139,0.381,0.22,0.6848286718,0.0003379774,0.0003379774,0.394,0.304,31.8537667079132,9.80115898705022
"45055",0.1504157649,0.0006491348,12.982695017,50.54,0.1869863014,0.0589567694,9871.74,7.2,0.173,4,3.9,0.15,0.121,0.121,0.365,0.203,0.5866087492,0.0009277625,0.0003679058,0.335,0.302,58.6432797971259,13.2079459002536
"45057",0.1648018754,0.0004329004,13.468013468,47.46,0.2047582148,0.0608904292,9332.95,7.1,0.191,3.9,3.9,0.151,0.121,0.123,0.351,0.203,0.5452956218,0.0002610057,0.0004350096,0.318,0.27,44.0952457307785,11.2242443678345
"45059",0.1725528261,0.0005260547,13.376820525,45.21,0.2140481064,0.0627990823,9497.25,6.7,0.206,4.2,4.2,0.143,0.13,0.131,0.364,0.209,0.6048364068,0.0004378746,0.0002264869,0.386,0.319,70.2159139353512,19.5601474534193
"45061",0.1758217353,0.0001090334,9.2678405931,54.05,0.2214614205,0.0574506284,9788.55,5.8,0.26,4.6,4.3,0.126,0.148,0.141,0.406,0.241,0.0294484912,0.0008175724,0.0002725241,0.428,0.296,56.7911186018393,47.631260762833
"45063",0.158864325,0.0005937644,11.62338784,35.52,0.1957536314,0.0646368305,9279.96,7.9,0.151,3.6,3.9,0.177,0.106,0.113,0.355,0.191,0.7523238221,0.0013296707,0.0003835588,0.34,0.238,54.7108304648141,15.2374462040162
"45065",0.1545132743,0.0004062563,10.156408694,35.02,0.1799820467,0.0632911392,7786.48,6.8,0.192,4.1,4,0.133,0.124,0.121,0.351,0.189,0.9719534838,0.0005026641,0.0003015985,0.355,0.283,152.547543984542,128.817926031391
"45067",0.1665023136,0.0003757868,11.273604109,61.54,0.2115949633,0.0511525512,9467.78,5.7,0.248,4.6,4.5,0.117,0.149,0.148,0.403,0.247,0.6664751074,0.0006235969,0.0003741581,0.413,0.352,67.8836995571894,8.35491686857716
"45069",0.176298321,0.0003581149,6.0879530153,62.36,0.2243494674,0.0523577782,9548.82,5.3,0.278,5.3,4.6,0.129,0.165,0.149,0.42,0.249,0.4290602426,0.0015712602,0.0002142628,0.366,0.338,41.9558624327208,15.5836060464391
"45071",0.1772598635,0.0006881402,13.762803377,36.51,0.2181410667,0.0709962756,8827.14,7.3,0.177,4.1,4,0.141,0.123,0.121,0.368,0.193,0.593873307,0.0005330348,0.0003198209,0.351,0.283,57.3617141445162,15.8847823784814
"45073",0.1734240394,0.0005851686,15.560165975,46.34,0.2089442478,0.0734696469,9004.65,7.7,0.169,4.1,4.1,0.152,0.125,0.124,0.342,0.2,0.6896988138,0.0005196882,0.0006795922,0.293,0.251,53.1090949325072,17.2604558530648
"45075",0.1712685631,0.0004773005,14.43001443,35.41,0.2197082121,0.0472504897,8517.91,5.3,0.207,4.4,4.1,0.128,0.139,0.138,0.405,0.2,0.5131728306,0.0012095621,0.0005278089,0.41,0.269,54.3960923623446,13.6915334517466
"45077",0.1618533269,0.0006978599,13.791040808,48.11,0.1939568464,0.0653568239,9639.78,6.9,0.169,4,4.1,0.165,0.121,0.122,0.358,0.188,0.5856538952,0.0008094869,0.0004172613,0.307,0.233,77.0956760102573,21.8299584401804
"45079",0.1311559998,0.000844195,12.62557089,32.82,0.1619908377,0.0488839433,8836.53,6.2,0.166,3.6,3.9,0.185,0.112,0.121,0.391,0.163,0.8075364626,0.0023669024,0.0007388743,0.321,0.211,44.5411065567324,13.4947962244375
"45081",0.2084664537,9.98702e-05,13.482472785,48.61,0.2527012313,0.0901315789,9221.87,7.8,0.2,4.2,4.1,0.14,0.131,0.128,0.344,0.187,0.4510188679,0.0005972824,0.0002986412,0.357,0.289,76.4500581685225,83.0978893136114
"45083",0.1634892101,0.0006643002,13.456336742,55.14,0.2053087695,0.0607992428,9681.07,6.6,0.18,4,4.2,0.138,0.12,0.123,0.338,0.21,0.7451346608,0.000776715,0.0004708405,0.301,0.267,85.2788516386127,17.2372146929111
"45085",0.1677662372,0.0005281739,11.119450699,49.24,0.2160459893,0.0525815416,9747.45,6,0.2,4,4,0.142,0.127,0.126,0.39,0.187,0.6663192376,0.0010543548,0.0005086799,0.347,0.285,68.0015578538708,9.89113568783576
"45087",0.1499464955,0.000466351,19.371502368,79.67,0.1866642573,0.0478126525,10689.65,6.9,0.197,4.1,4.2,0.146,0.126,0.128,0.359,0.214,0.5406926556,0.0007848733,0.0002140564,0.364,0.295,71.6991503650682,69.3091786862326
"45089",0.1618193917,9.17571e-05,11.622572259,63.87,0.2036867845,0.0513274336,10019.08,5.4,0.269,4.7,4.4,0.118,0.152,0.144,0.402,0.216,0.3642332162,0.0009677322,0.0001512082,0.408,0.312,55.9528775038913,50.8662522762648
"45091",0.1396298806,0.0004564982,12.146112021,51.63,0.1738915433,0.0581171568,9250.38,7.5,0.154,3.6,3.7,0.169,0.109,0.111,0.36,0.18,0.7920715875,0.001449681,0.0003091539,0.316,0.223,57.7520980997521,16.3064747575771
"46003",0.1314797361,0,25.500910747,35.99,0.1522773623,0.0881057269,7062.94,5.6,0.096,2.5,2.3,0.183,0.077,0.073,0.245,0.141,0,0,0.0003676471,0.312,0.24,12.1980970968529,12.1980970968529
"46005",0.1457506224,0.0006054268,21.465132919,53.61,0.1784817462,0.0735573874,6926.21,7.5,0.126,3,2.6,0.166,0.093,0.083,0.257,0.167,0.6402460053,0.0024889381,0.0011615044,0.322,0.257,18.3079767854854,18.3079767854854
"46007",0.2033839779,0.0002915452,17.49271137,73.25,0.2753303965,0.0836267606,10992,1.9,0.229,4.6,3.8,0.149,0.157,0.136,0.308,0.287,0.0201107549,0,0.0005793743,0.368,0.256,9.70402717127608,9.70402717127608
"46009",0.1226327945,0.0007119465,27.053965542,54.81,0.1386138614,0.0868613139,8726.3,5.7,0.115,2.8,2.5,0.196,0.088,0.079,0.251,0.166,0.4848656294,0.0001419245,0.0009934715,0.314,0.248,61.7459865108768,47.4969127006745
"46011",0.1036025872,0.0005403134,17.109923756,50.04,0.1217252714,0.051425213,7413.73,6.5,0.105,2.8,2.5,0.227,0.085,0.079,0.251,0.144,0.8037541061,0.0009403058,0.0006369813,0.285,0.166,9.98213198374909,10.980345182124
"46013",0.0950671791,0.0007029785,17.183920017,37.28,0.1124905442,0.0548567805,9145.36,8,0.116,2.7,2.4,0.184,0.081,0.076,0.279,0.148,0.6727984452,0.0029282191,0.0011343551,0.331,0.219,37.3588184187663,13.9009556907037
"46015",0.1506080449,0.0016952345,22.603126766,56.92,0.1730126921,0.1014814815,7889.5,7.3,0.117,3,2.7,0.175,0.092,0.086,0.266,0.173,0.5360608944,0.0011181513,0.0014908684,0.354,0.241,6.2672348959639,6.2672348959639
"46017",0.181425486,0.0004814636,0,NA,0.2717900656,0.0597560976,12764.24,5.2,0.281,5.4,4.2,0.165,0.187,0.151,0.347,0.371,0,0.0014822134,0.0004940711,0.394,0.273,16.1394448030988,16.1394448030988
"46019",0.1477998794,0.0002913187,12.623810449,31.45,0.1785349233,0.0760741033,5957.59,7.4,0.11,2.9,2.5,0.171,0.089,0.08,0.261,0.165,0.5456973294,0,0.0003872217,0.323,0.235,25.8807544239915,25.8807544239915
"46021",0.1134413727,0,36.075036075,46.99,0.1210268949,0.0850202429,8355.81,5.7,0.109,2.8,2.6,0.164,0.087,0.081,0.251,0.152,0,0,0,0.307,0.244,0,0
"46023",0.1922495534,0.0008614192,24.765801658,70.9,0.2360873288,0.1166605906,9299.06,6.3,0.162,3.7,3.2,0.159,0.119,0.105,0.284,0.209,0.4851571914,0,0.0007574938,0.328,0.231,21.4969008634589,42.9938017269177
"46025",0.1539263377,0,16.46090535,51.3,0.1687222496,0.1193693694,7215.62,7.1,0.104,2.7,2.4,0.178,0.082,0.076,0.251,0.145,0.4085613655,0,0.0002770083,0.291,0.246,45.8127176104087,45.8127176104087
"46027",0.1289289872,0.0006459948,15.073212748,59.1,0.1487297332,0.069857198,9178.27,6.9,0.139,3.3,2.8,0.213,0.104,0.092,0.275,0.199,0.8065493364,0.000287047,0.000861141,0.315,0.202,23.9057158566613,23.9057158566613
"46029",0.0981143319,0.0010022192,19.328513136,45.4,0.1183668597,0.0504320725,8332.46,7.8,0.107,2.9,2.4,0.188,0.086,0.074,0.243,0.165,0.7414698645,0.0017951388,0.0004308333,0.312,0.234,27.4692463871969,13.137465663442
"46031",0.2069825436,0,7.1736011478,97.82,0.2824833703,0.0820948337,7817.4,0,0.265,5.2,4.1,0.167,0.178,0.147,0.321,0.351,0.0071604938,0.0007117438,0.0004744958,0.41,0.262,7.94028902652057,7.94028902652057
"46033",0.123034076,0.000473653,16.57785672,35.28,0.1352077734,0.0805369128,6947.61,8,0.095,2.5,2.3,0.16,0.078,0.074,0.243,0.133,0.7614410906,0.0004723666,0.0003542749,0.318,0.22,27.6036121298158,27.6036121298158
"46035",0.1065233786,0.0009052049,16.595423686,56.65,0.1278754483,0.0550010618,8113,7.8,0.105,2.7,2.4,0.184,0.084,0.077,0.252,0.155,0.7719442166,0.001008929,0.0005044645,0.34,0.221,40.291441426317,10.0728603565793
"46037",0.1603660005,0.0003579098,23.264137437,57.41,0.1851351351,0.1016,8678.43,5.9,0.134,3.3,2.8,0.157,0.101,0.091,0.278,0.188,0.0124343257,0,0.0008934954,0.337,0.25,35.8787298929618,35.8787298929618
"46039",0.1187943262,0.0002319109,25.510204082,81.79,0.1334164589,0.0840664712,8781.53,6.1,0.092,2.5,2.3,0.179,0.077,0.072,0.251,0.137,0.3535747021,0,0,0.339,0.283,7.71307365985345,7.71307365985345
"46041",0.2156902493,0.000176616,14.129282939,86.79,0.2903645833,0.0933333333,9070.74,4.3,0.244,4.7,3.9,0.155,0.157,0.132,0.311,0.322,0.0069798151,0.000358038,0.0021482277,0.394,0.274,5.90562806354456,5.90562806354456
"46043",0.1541929666,0.0010090817,20.181634712,73.42,0.1716129032,0.1161473088,9048.52,5.2,0.103,2.7,2.4,0.167,0.082,0.077,0.245,0.145,0,0,0.0016539861,0.3,0.217,0,0
"46045",0.103525641,0.000251067,15.064022094,53.17,0.1167718665,0.0712008502,9140.1,7.1,0.099,2.6,2.4,0.173,0.079,0.074,0.24,0.14,0.3893392287,0,0.000989854,0.283,0.283,8.31739166597355,0
"46047",0.1327885598,0.0008765522,23.374726077,45.32,0.1521210484,0.0772261623,8469.77,6.6,0.117,3,2.6,0.156,0.092,0.083,0.255,0.155,0.7502114463,0.0036555052,0.0024857435,0.298,0.207,63.2572624203202,68.1232056834217
"46049",0.0919158361,0.0004242681,21.213406873,101.55,0.1008600469,0.0723327306,12780.19,4.1,0.122,3,2.7,0.156,0.094,0.085,0.247,0.157,0.3498307953,0,0.0016764459,0.295,0.285,14.1242937853107,14.1242937853107
"46051",0.117932709,0.0008286148,33.144593288,47.09,0.1353816611,0.0758377425,7803.68,8.2,0.101,2.6,2.4,0.18,0.081,0.075,0.256,0.15,0.6287384448,0,0.0004120313,0.314,0.237,4.61595273264402,4.61595273264402
"46053",0.1758905852,0.0007114062,30.827602561,105.24,0.199369937,0.1209927611,9986.61,6.5,0.127,3.2,2.8,0.152,0.099,0.089,0.262,0.17,0.2102552096,0,0.001650165,0.298,0.3,7.89889415481832,7.89889415481832
"46055",0.153024911,0.0005414185,32.485110991,42.53,0.1663346614,0.1225961538,7498.91,7.5,0.117,2.9,2.6,0.157,0.091,0.084,0.257,0.157,0.424883841,0,0,0.278,0.24,17.8507675830061,17.8507675830061
"46057",0.1170343137,0.0001669728,11.688094841,30.51,0.1393067364,0.0832033281,7179.42,5.2,0.099,2.6,2.4,0.179,0.081,0.075,0.247,0.149,0.2807047264,0,0.0006710284,0.3,0.209,72.2342612657665,72.2342612657665
"46059",0.1035714286,0.0005979073,23.916292975,70.57,0.1154266958,0.0755494505,8614.11,7.3,0.094,2.6,2.3,0.174,0.078,0.073,0.238,0.14,0.483823958,0,0.0014744913,0.298,0.23,59.5001983339944,59.5001983339944
"46061",0.12,0,14.624159111,46.47,0.1412984179,0.0865467009,7420.62,8,0.107,2.8,2.5,0.19,0.086,0.079,0.263,0.165,0.2885019514,0,0,0.334,0.256,9.79527867567832,9.79527867567832
"46063",0.1668292683,0,24,NA,0.1836998706,0.1140684411,7938.67,4.3,0.109,2.8,2.5,0.187,0.087,0.079,0.257,0.164,0.1864541833,0,0.0015847861,0.334,0.257,0,0
"46065",0.1064994457,0.000680195,32.309261988,26.54,0.1267372923,0.0590542099,7158.75,7.9,0.098,2.6,2.5,0.197,0.079,0.076,0.259,0.152,0.7688873223,0.0015421522,0.0008567512,0.311,0.215,24.6655914998577,18.9735319229675
"46067",0.1279778393,0.0011111111,31.944444444,48.34,0.1473628412,0.0867052023,7403.27,7.1,0.107,2.8,2.5,0.163,0.084,0.077,0.238,0.14,0.4220345908,0.000139958,0.0012596221,0.297,0.25,46.1979118543842,46.1979118543842
"46069",0.1251175917,0,35.816618911,42.54,0.1447196871,0.0769230769,6280.04,6,0.093,2.5,2.3,0.175,0.077,0.073,0.245,0.136,0.626056338,0,0.0007189073,0.325,0.231,23.9005736137667,23.9005736137667
"46071",0.2381997805,0,9.1631032376,92.22,0.308056872,0.1264786169,8284.18,2.7,0.192,4.2,3.5,0.17,0.137,0.118,0.312,0.247,0.0108874959,0,0.0006218905,0.343,0.25,10.1926409132606,10.1926409132606
"46073",0.1245836109,0.0009965122,29.895366218,72.2,0.1408045977,0.0889830508,9078.65,4.4,0.101,2.6,2.4,0.164,0.081,0.075,0.241,0.136,0.4983099952,0,0.0004840271,0.275,0.245,16.4744645799012,0
"46075",0.2079470199,0,10.256410256,NA,0.2216216216,0.1714285714,5417.51,5.7,0.101,2.6,2.4,0.172,0.08,0.076,0.246,0.146,0,0,0.000999001,0.288,0.223,34.4827586206897,34.4827586206897
"46077",0.0977272727,0.0003940887,27.586206897,46.9,0.1086575535,0.0721649485,7871.01,7.3,0.095,2.5,2.3,0.188,0.076,0.072,0.246,0.137,0.3774281274,0,0.0013820336,0.314,0.225,39.6563119629874,39.6563119629874
"46079",0.0943236074,0.0004042691,18.596377749,42.15,0.1084750607,0.0560564485,8065.85,8.2,0.11,2.8,2.5,0.18,0.084,0.078,0.246,0.152,0.6183035714,0.0008295313,0.0002488594,0.32,0.203,37.7918747469294,43.1907139964908
"46081",0.131111916,0.0007300158,19.467088454,25.75,0.1530612245,0.061901723,6408.27,7.8,0.104,2.9,2.6,0.181,0.085,0.078,0.246,0.153,0.8770801345,0.0012043356,0.0008028904,0.265,0.183,37.6374438798828,20.1629163642229
"46083",0.0597762136,0.001571351,12.027624738,39.78,0.0728971963,0.0341739186,8392.46,9,0.089,2.2,2.2,0.201,0.068,0.067,0.272,0.147,0.7759659142,0.0022463797,0.0006819367,0.292,0.199,16.2069300833036,18.1517616933001
"46085",0.1903561298,0.0002579314,7.7379417075,58.7,0.2395294118,0.0933816863,6735.69,5.9,0.158,3.6,3.1,0.176,0.112,0.1,0.288,0.223,0.0215712383,0,0.0010277492,0.348,0.251,0,8.587376556462
"46087",0.099844686,0.0001770225,19.472473004,40.5,0.1153466973,0.0707732634,7939.08,6.4,0.095,2.6,2.3,0.182,0.077,0.072,0.247,0.144,0.1432894268,0,0.0005305978,0.309,0.253,41.415217134067,41.415217134067
"46089",0.146073903,0.0008233841,32.935364347,37.02,0.1670822943,0.1010830325,7351.55,5.7,0.117,2.9,2.6,0.147,0.092,0.084,0.239,0.15,0,0,0,0.286,0.263,13.696753869333,13.696753869333
"46091",0.1672473868,0.0002135383,27.759982917,40.79,0.1871813547,0.114533205,8287.32,6.2,0.118,2.9,2.5,0.179,0.089,0.079,0.258,0.159,0.077104811,0,0.0004199034,0.335,0.214,7.03482237073514,7.03482237073514
"46093",0.1233090068,0.0005194612,12.615487366,35.32,0.1453044504,0.0695954106,7611.65,8.3,0.107,2.9,2.5,0.204,0.082,0.075,0.256,0.184,0.8142250531,0.0013234321,0.0008087641,0.277,0.217,23.4166060710632,25.8815119732804
"46095",0.2014134276,0,0,79.03,0.2680695334,0.0838607595,8591.31,2.1,0.226,4.6,3.7,0.148,0.154,0.128,0.312,0.275,0,0,0.0004805382,0.352,0.282,16.0487883164821,16.0487883164821
"46097",0.1045606229,0.0004317789,25.906735751,56.87,0.1163346614,0.0795847751,7980.92,8.2,0.103,2.7,2.4,0.171,0.081,0.075,0.248,0.146,0.4215152784,0,0.001285898,0.303,0.232,87.1459694989107,0
"46099",0.0965372373,0.0009131571,14.763618071,44.02,0.1183319965,0.0456392027,8297.56,7.9,0.117,2.7,2.6,0.193,0.08,0.077,0.262,0.165,0.8834352208,0.0013694055,0.0013972389,0.301,0.202,25.1954012915382,16.9795095660366
"46101",0.1391006098,0.0004711795,17.276582378,47.02,0.1600655559,0.0925480769,8463.53,5.9,0.125,3.1,2.7,0.181,0.094,0.085,0.277,0.182,0.4042553191,0.0006246096,0.0001561524,0.332,0.239,26.0403104005,41.6644966408
"46102",0.1868635036,0.0004220003,1.4066676044,NA,0.2735155018,0.0573152338,11328.63,1.6,0.123,3.1,2.7,0.182,0.094,0.08,0.268,0.184,0.9185917502,0.0022030805,0.0013993816,0.412,0.224,NA,NA
"46103",0.1263238954,0.0008684245,13.211138006,37.73,0.1551780464,0.056061747,8010.82,7.6,0.106,2.8,2.5,0.171,0.086,0.08,0.242,0.15,0.0378940309,0.0016463615,0.0003292723,0.267,0.188,29.4386513998853,17.3533102988798
"46105",0.1757575758,0,26.376524893,57.07,0.1952238806,0.1290801187,9601.77,6.2,0.102,2.6,2.4,0.159,0.082,0.077,0.236,0.137,0.5264061829,0.0004177109,0.0020885547,0.31,0.244,11.0023104852019,11.0023104852019
"46107",0.1312649165,0,29.914529915,40.5,0.1445279866,0.1013916501,8163.29,5.4,0.15,3.6,3.1,0.173,0.112,0.099,0.286,0.208,0.3311656321,0.0003902058,0.0005853088,0.269,0.262,14.1763538417919,0
"46109",0.1709494511,0.0003855793,13.495276653,47.54,0.2168344007,0.0850202429,7606.39,6.1,0.105,2.7,2.4,0.181,0.083,0.077,0.252,0.154,0,0,0.0004302926,0.323,0.268,25.8598396689941,16.1623997931213
"46111",0.1509333333,0,8.5616438356,71.38,0.1686131387,0.1049618321,7414.7,5.6,0.325,5.9,4.7,0.163,0.217,0.18,0.329,0.412,0.0209038716,0.0006374841,0.0004958209,0.313,0.265,14.2551674982181,0
"46115",0.1124513619,0.0003031222,25.76538345,54.36,0.1301855895,0.0701867354,10131.58,7.1,0.104,2.8,2.5,0.174,0.084,0.078,0.256,0.152,0.431644583,0.0001512859,0.0004538578,0.331,0.254,5.06790999391851,5.06790999391851
"46117",0.1317704123,0.000335233,30.170968823,NA,0.1542372881,0.0774456522,6457.69,8.2,0.092,2.5,2.3,0.196,0.076,0.073,0.259,0.148,0.5168577208,0,0.0003354579,0.336,0.241,11.213276519399,11.213276519399
"46119",0.1188034188,0,27.816411683,NA,0.1325581395,0.0861538462,6209.07,6.6,0.08,2.2,2.1,0.198,0.068,0.066,0.24,0.13,0,0,0.0006958942,0.331,0.224,0,23.2504068821204
"46121",0.1664383562,0.0001011941,5.0597045133,129.68,0.2475208251,0.0574890436,11824.33,4.7,0.3,5.7,4.6,0.17,0.198,0.163,0.356,0.382,0.0092592593,0.0005009016,0.0011019836,0.378,0.266,33.5311672199309,57.0029842738826
"46123",0.1773235084,0.0007256894,27.213352685,73.27,0.2082364663,0.1030110935,8921.33,6.8,0.136,3.3,2.9,0.165,0.103,0.093,0.259,0.182,0.3965272856,0.0025463805,0.0009094216,0.312,0.271,36.4874726343955,0
"46125",0.1120281217,0.0002417795,26.595744681,44.4,0.128525296,0.0751879699,8638.12,7.9,0.093,2.5,2.4,0.179,0.076,0.074,0.241,0.144,0.3441955193,0.0001196029,0.0005980146,0.34,0.25,32.2035262861283,32.2035262861283
"46127",0.0735535254,0.0007319183,15.969126356,46.17,0.0863839286,0.0458034167,8321.5,8.6,0.079,2.2,2.1,0.207,0.068,0.066,0.254,0.139,0.6619209667,0.0001348709,0.0011464023,0.301,0.222,11.1689414077334,31.2730359416535
"46129",0.1246045266,0.0009072764,25.403737979,57.73,0.1471502591,0.0733438486,7405.24,7.1,0.106,2.8,2.5,0.168,0.085,0.08,0.244,0.154,0.648216256,0.0012671977,0.0005430847,0.303,0.274,36.4121859448962,60.686976574827
"46135",0.1089295162,0.0010139305,17.633574326,33.69,0.1294682843,0.0583266291,7078.87,7.4,0.11,2.8,2.4,0.189,0.083,0.076,0.256,0.154,0.8182547464,0.0043179415,0.0007930913,0.32,0.218,20.5634382068682,7.3440850738815
"46137",0.2140612726,0,3.5385704176,NA,0.2919525889,0.0850850851,7936.31,2,0.273,5.2,4,0.158,0.179,0.146,0.336,0.36,0,0,0,0.445,0.274,0,11.8161408483989
"47001",0.1279332465,0.0006884864,15.623344985,55.11,0.1578421357,0.0438281012,9569.86,7.4,0.209,4.5,4.5,0.118,0.135,0.134,0.338,0.227,0.7527319677,0.0008074978,0.0007413095,0.309,0.342,78.917550998814,19.8396077929979
"47003",0.1859230419,0.0003645956,9.2221245201,74.32,0.2356313498,0.0746233148,9732.31,7.2,0.262,5.1,4.8,0.118,0.154,0.147,0.37,0.25,0.643348573,0.0005010784,0.0008278687,0.317,0.332,56.5452970775386,13.5995018287751
"47005",0.1583138927,0.000185816,15.484670177,70.6,0.1926713948,0.0579314528,10533.48,7,0.233,5,4.9,0.106,0.149,0.147,0.358,0.241,0.4276184123,0.0002455494,0.0007366483,0.343,0.354,10.2956922823491,30.8870768470472
"47007",0.1720212766,0,4.3069413538,90.6,0.2060606061,0.0695865739,11485.26,7.4,0.233,5,4.7,0.116,0.149,0.144,0.364,0.252,0.4835352594,7.78756e-05,0.0003115022,0.317,0.344,43.6109899694723,31.4968260890633
"47009",0.1308752584,0.0006965387,11.55620988,55.68,0.1599554057,0.0495307801,9527.31,7.2,0.195,4.4,4.4,0.121,0.13,0.13,0.335,0.209,0.6915454028,0.0010711516,0.0004876138,0.33,0.287,77.1077210707411,15.3159171989828
"47011",0.1567260613,0.0005341102,15.052197135,62.02,0.1927872999,0.0608589883,10140.47,6.7,0.222,4.9,4.8,0.119,0.147,0.142,0.366,0.228,0.7019694229,0.0005989317,0.0007953028,0.366,0.344,45.6437714056339,12.948587632804
"47013",0.1545237946,0.0004759758,11.022596322,104.19,0.1927476888,0.0455228192,11126.44,6.7,0.239,5.1,5,0.109,0.153,0.151,0.366,0.261,0.689360448,0.0002485213,0.0008698245,0.334,0.305,89.2350802281749,16.679454248257
"47015",0.1531716919,0.0002180708,7.9959293451,89.73,0.1871844193,0.0567352356,11118.38,8,0.212,4.7,4.6,0.119,0.141,0.14,0.355,0.239,0.3162089704,0.0004355717,0.0002903811,0.34,0.33,43.5076863579232,38.6734989848207
"47017",0.1371287806,0.0004582305,14.451885795,70.28,0.1702609242,0.0511525103,10818.39,7.1,0.222,4.7,4.5,0.109,0.141,0.139,0.346,0.232,0.4377322768,0.0002455021,0.0010872234,0.311,0.372,44.8150201077919,29.4835658603894
"47019",0.1571322853,0.0004218964,14.766374855,77.07,0.1931346884,0.0441321278,10743.16,6,0.228,5,4.9,0.107,0.153,0.15,0.349,0.244,0.8168361661,0.0002441662,0.0002267257,0.347,0.329,84.3535820982954,18.1594517017164
"47021",0.1355917367,0.000402374,7.5445126245,70.66,0.1661735306,0.0554757998,9639.05,8.5,0.191,4.4,4.5,0.13,0.129,0.13,0.346,0.219,0.6425776755,0.0004811101,0.000607718,0.372,0.292,50.4214391959461,21.8492903182433
"47023",0.1375987956,0.0002301628,9.7819207089,44.7,0.17180801,0.0522179975,9775.41,7.1,0.228,4.7,4.6,0.123,0.141,0.14,0.356,0.224,0.4522211196,0.0006928006,0.0005773339,0.356,0.325,34.501926357555,23.00128423837
"47025",0.1478659154,0.0004748037,7.5968599645,83.09,0.180094279,0.0494955864,11360.55,6.6,0.233,5,4.9,0.116,0.152,0.148,0.347,0.244,0.4985564834,0.0001901141,0.0010456274,0.273,0.333,29.5168720549014,29.5168720549014
"47027",0.1611092208,0.000257566,6.4391500322,113.91,0.1971765795,0.0618872549,10711.64,7.6,0.247,5.3,4.9,0.103,0.162,0.154,0.365,0.238,0.1509986007,0,0.0005145356,0.313,0.341,34.3200343200343,25.7400257400257
"47029",0.1503205806,0.0005371177,11.025046644,78.86,0.1857028188,0.0477006193,9570.29,6.2,0.27,5.5,5.1,0.105,0.168,0.159,0.366,0.265,0.7274129325,0.0002536712,0.0005918994,0.329,0.399,23.5815686459463,24.5248313917842
"47031",0.1471739967,0.0007272999,12.121664211,85.42,0.1844331105,0.056435793,11211.45,7.2,0.224,4.9,4.7,0.115,0.146,0.141,0.344,0.221,0.6639518145,0.0018741683,0.0010870176,0.335,0.346,37.2076871081565,24.1849966203018
"47033",0.1797743488,6.81756e-05,17.725661304,61.08,0.2237721252,0.0756961341,10164.81,7.6,0.251,5,4.8,0.111,0.152,0.146,0.378,0.241,0.2822569587,6.85354e-05,0.000685354,0.294,0.334,43.3196534427725,54.7195622435021
"47035",0.161682494,0.0006898336,10.519962059,48.53,0.1985539488,0.0553933199,9130.86,7.6,0.205,4.6,4.6,0.103,0.136,0.136,0.329,0.222,0.5951866983,0.0002088191,0.0005742526,0.325,0.321,66.2137263933671,19.0004606172271
"47037",0.1643515193,0.0009276618,13.481021086,56.11,0.1972396136,0.0662460997,9326.05,6.5,0.203,4.6,4.4,0.139,0.143,0.136,0.358,0.224,0.8639946001,0.0024126863,0.0014303024,0.304,0.255,40.2325611539915,13.6601260919376
"47039",0.1616150319,0.0005143151,10.286302074,127.61,0.1945320715,0.0672757475,11118.65,7.3,0.231,4.9,4.8,0.106,0.146,0.142,0.354,0.229,0.5390830994,0.0010290713,0.0012005831,0.336,0.354,31.4402492354303,51.4476805670678
"47041",0.1796536797,0.0004670957,9.8609092796,69.88,0.2204394838,0.0719408337,9674.04,7.8,0.221,4.8,4.6,0.117,0.144,0.14,0.358,0.234,0.2065908241,0.0001565435,0.0002609059,0.306,0.301,62.4848127191308,20.8282709063769
"47043",0.1421726365,0.0003163618,10.084033613,73.46,0.1733773164,0.0615196078,11234.71,7.6,0.204,4.6,4.5,0.128,0.134,0.134,0.359,0.23,0.5809205493,0.0007758724,0.0006764015,0.356,0.361,76.8079407594139,24.289690667507
"47045",0.1254671479,0.0005272176,14.762093054,87.89,0.1574665892,0.0473303552,11476.1,5.9,0.229,4.8,4.6,0.117,0.143,0.139,0.376,0.239,0.5620190427,0.0003401984,0.0008374114,0.371,0.344,39.4594926386124,14.0300418270622
"47047",0.1237836976,0.0003332393,10.76619415,54.12,0.1492562831,0.0513435701,10240.32,7.2,0.214,4.4,4.3,0.11,0.129,0.128,0.35,0.2,0.4654934527,2.58465e-05,0.0003360041,0.312,0.299,60.7533414337788,17.9692981705543
"47049",0.1642937694,0.0005040605,8.401008121,145.61,0.2020815265,0.0636296113,11962.31,7.6,0.254,5.4,5.1,0.103,0.166,0.159,0.354,0.255,0.5726933571,0.0001675135,0.0006142163,0.322,0.32,27.9428475624523,18.6285650416348
"47051",0.1342808521,0.0007246027,12.559779721,83,0.1663935133,0.0495555556,11086.01,7.4,0.216,4.6,4.7,0.118,0.137,0.136,0.336,0.212,0.4652392088,0.0003890199,0.0005349024,0.313,0.319,51.621229230521,15.3250524278109
"47053",0.1285420334,0.0005457633,20.011319534,56.89,0.163011491,0.0471819646,9971.24,6.6,0.226,4.8,4.7,0.107,0.147,0.146,0.37,0.251,0.5445122074,0.000242635,0.0004246113,0.35,0.392,72.1374251658487,16.8545385901516
"47055",0.1430375337,0.0004852182,11.09070114,62.88,0.1737367803,0.0570925956,9997.03,7.2,0.224,4.7,4.7,0.11,0.143,0.142,0.379,0.234,0.4417839579,0.0004870243,0.0006609615,0.341,0.329,58.9288809289965,24.2648333237044
"47057",0.1615720524,0.0002186844,8.7473757873,65.14,0.196143569,0.0616811127,9799.89,7.9,0.234,5,4.8,0.112,0.151,0.148,0.361,0.247,0.3556075385,0.0001321469,0.0003083429,0.317,0.299,71.6248611354733,17.5407823188914
"47059",0.1506631498,0.0005853516,10.975342065,64.56,0.1846422339,0.0511641073,9512.99,7.2,0.227,4.9,4.7,0.113,0.146,0.142,0.349,0.24,0.4116895004,0.0009521438,0.0008349569,0.344,0.371,61.8962677037947,16.0832821592537
"47061",0.1684849635,0,10.4283054,108.32,0.2086843811,0.0607273941,11727.09,6.8,0.273,5.5,5.3,0.105,0.172,0.165,0.367,0.259,0.2788440487,0.0003704252,0.0004445103,0.351,0.35,99.0982063224656,89.188385690219
"47063",0.1689609582,0.000634558,13.642997652,77.97,0.2113625291,0.0636590819,10529.39,6.7,0.235,4.9,4.7,0.111,0.149,0.145,0.332,0.227,0.6402212842,0.0015220218,0.0011890795,0.322,0.323,37.9923171092068,22.1621849803706
"47065",0.1305063238,0.0010648596,14.947895906,43.32,0.1618724375,0.0415113587,9776.7,6.3,0.193,4.4,4.5,0.118,0.129,0.134,0.337,0.201,0.8148979234,0.0015774092,0.0010869783,0.31,0.28,46.5848380109508,13.8521106916473
"47067",0.1459000943,0.0001502178,3.0043563167,133.61,0.1783715013,0.0542420028,12966.82,7.1,0.271,5.7,5.3,0.101,0.179,0.168,0.357,0.277,0.0089455932,0,0.0014972301,0.315,0.343,25.1155314446454,25.1155314446454
"47069",0.1408233087,0.0002695937,16.945888696,56.03,0.1766056802,0.0505164319,9882.13,5.3,0.29,5.4,5,0.104,0.169,0.157,0.418,0.278,0.3157450556,0.0011404242,0.0005702121,0.397,0.324,43.6020416014773,25.6482597655749
"47071",0.1533844943,0.0005411674,15.848473135,64.21,0.1875746714,0.0578096948,10442.33,7,0.253,5.2,4.9,0.107,0.16,0.153,0.345,0.241,0.3795819565,0.0008450488,0.0010755166,0.319,0.329,34.7669327839299,19.3149626577389
"47073",0.1278651093,0.0002996387,8.9891601304,64.07,0.1584041199,0.0422319121,10251.85,7.2,0.214,4.8,4.7,0.111,0.139,0.139,0.366,0.23,0.3518202453,0.0001408451,0.0004577465,0.314,0.375,69.9975294989589,17.0582214745362
"47075",0.14309363,0.0003299423,23.095958207,54.4,0.1794236417,0.0502252252,10159.85,5.1,0.298,5.4,5,0.089,0.169,0.16,0.417,0.259,0.1641560654,0,0.0004938543,0.359,0.349,25.7201646090535,44.0917107583774
"47077",0.1378565255,0.0002856225,8.2116462566,75.52,0.1716899892,0.0515250222,10462.88,7,0.227,4.7,4.6,0.116,0.142,0.14,0.343,0.232,0.5147466599,0.000427838,0.0005704507,0.329,0.337,35.6836996859834,19.0313064991912
"47079",0.1527154758,0.0005899888,18.01018507,47.38,0.1881301433,0.0567039908,9041.48,6.7,0.227,4.9,4.8,0.112,0.143,0.142,0.352,0.225,0.3922981751,0.0011797578,0.0007761565,0.329,0.335,31.068443781651,30.0328289889293
"47081",0.1565385217,0.0002050525,4.9212598425,60.26,0.1917454858,0.064422202,11175.53,7.6,0.215,4.7,4.6,0.121,0.142,0.139,0.35,0.239,0.1732280275,0.000370874,0.000370874,0.348,0.311,35.6096091160599,13.6960035061769
"47083",0.1437878788,0.0003628886,12.09628644,109.92,0.1756784752,0.0584450402,10871.65,7.3,0.223,4.9,4.8,0.112,0.147,0.145,0.357,0.234,0.3846427724,0.000723589,0.0008441872,0.329,0.307,84.9927149101506,117.370892018779
"47085",0.1404850489,0.0003308519,14.336917563,98.16,0.1704982641,0.0599260173,12345.53,7.5,0.197,4.4,4.5,0.118,0.131,0.133,0.343,0.211,0.3985327436,0.0003288933,0.0005481555,0.338,0.303,47.6950452185717,18.3442481609891
"47087",0.1538631591,0.0001728907,2.5933609959,92.12,0.1849862059,0.0567933595,10061.62,7.6,0.24,5.3,4.9,0.107,0.159,0.153,0.36,0.24,0.2338889844,0,0.0002604845,0.325,0.343,34.6880962016535,46.250794935538
"47089",0.140455163,0.0003417051,10.061317083,58.55,0.1718586387,0.0523784073,10168.35,7.7,0.209,4.8,4.6,0.117,0.138,0.134,0.348,0.213,0.6207325851,0.0003261516,0.0005563763,0.337,0.335,46.823588964819,10.1240192356365
"47091",0.1516025641,0.0003359651,17.358194748,71.95,0.1826912929,0.0554323725,9844.98,7.3,0.228,4.9,4.8,0.113,0.15,0.146,0.373,0.243,1,0.0003893864,0.0008343995,0.299,0.345,48.4478068050535,31.6774121417657
"47093",0.1233558973,0.001130072,11.991690516,44.31,0.1493178691,0.0502643384,9492.07,6.8,0.191,4.3,4.4,0.124,0.132,0.13,0.359,0.215,0.7946028235,0.0030430343,0.0012302585,0.316,0.268,75.6364393606973,14.2794457790107
"47095",0.1380301941,0,10.483553925,107.06,0.1724137931,0.0464919696,13558.24,6.3,0.29,5.5,4.9,0.119,0.169,0.153,0.407,0.285,0.5098314607,0.0001293494,0.0005173975,0.349,0.335,26.1574679571018,26.1574679571018
"47097",0.1390614546,0.000109561,8.0344752027,72.14,0.1797844214,0.0433240826,10811.43,5.7,0.301,5.6,5.1,0.108,0.174,0.162,0.413,0.289,0.251015639,0.0001439108,0.0006475985,0.375,0.339,34.099350894499,17.0496754472495
"47099",0.1539639874,0.0004021384,11.827600889,74.98,0.192753205,0.0645906487,9997.22,7.5,0.222,4.8,4.7,0.116,0.145,0.143,0.34,0.238,0.5640927655,0.0005477495,0.000619195,0.352,0.324,38.6350017346327,17.3463273094269
"47101",0.1694490818,0.0002519738,10.918864438,54.52,0.2082320995,0.0668135095,9718.56,7.6,0.221,4.8,4.7,0.112,0.143,0.142,0.342,0.239,0.330976071,0.0001672101,0.0001672101,0.36,0.361,30.7942106883906,33.5936843873352
"47103",0.1442374812,0.0005648542,9.5133335315,59.42,0.1791074948,0.0538156717,9201.34,7.5,0.215,4.8,4.7,0.115,0.142,0.137,0.359,0.23,0.5111357573,0.0003865251,0.0004162578,0.35,0.376,40.5888351004326,16.8295169928623
"47105",0.1593083149,0.0005121034,13.393472652,36.08,0.1910128337,0.0718459623,9194.11,7.4,0.197,4.4,4.4,0.109,0.131,0.131,0.32,0.198,0.7848051734,0.000455915,0.0005946717,0.297,0.282,116.180611621999,20.348016724757
"47107",0.1364240296,0.0004940524,15.581651655,61.77,0.1670596595,0.0538474605,9415.98,7.3,0.212,4.6,4.7,0.114,0.137,0.138,0.373,0.222,0.5091263919,0.000477637,0.0006304809,0.316,0.36,69.1598035607781,17.1313274875322
"47109",0.1503049943,0.0003426352,11.801880687,64.68,0.1871781328,0.0561191099,10296.74,6.7,0.237,5,4.9,0.103,0.153,0.151,0.366,0.25,0.3057718121,0.0014154552,0.0004973221,0.363,0.342,38.2297095816395,26.7607967071477
"47111",0.172169934,0.0001738904,4.7819849585,113.7,0.2166265236,0.0643666323,12626.69,7.9,0.231,5,4.8,0.116,0.152,0.145,0.351,0.244,0.3954512765,4.40509e-05,0.0003964583,0.324,0.341,76.944295233809,20.3249081749684
"47113",0.1272071982,0.0013954246,17.722911447,47.91,0.159365376,0.0453722074,9664.72,6,0.216,4.5,4.5,0.113,0.138,0.14,0.39,0.217,0.7438907766,0.0020763068,0.0011445008,0.346,0.275,50.2510856611243,12.9023057778562
"47115",0.1497296128,0.0006688492,8.4486218186,68.22,0.1848142541,0.0505018321,10865.28,7.4,0.212,4.7,4.6,0.116,0.138,0.138,0.351,0.232,0.6879271877,0.0002114612,0.0004229224,0.343,0.31,56.2930994042314,17.5915935638223
"47117",0.1488269516,0.0001599028,9.9139723048,59.75,0.1832526825,0.0612725844,9517.52,7.8,0.214,4.6,4.6,0.122,0.139,0.137,0.356,0.243,0.4390371362,0.0004176036,0.0005782204,0.33,0.339,20.2233078945408,18.0945386424838
"47119",0.1342968902,0.0006665497,11.109162135,47.79,0.1662366455,0.0523466576,9474.71,7.4,0.206,4.7,4.5,0.118,0.136,0.134,0.374,0.222,0.5441721429,0.0021728489,0.0008834661,0.351,0.288,56.4129897717414,15.1731489730891
"47121",0.1476365206,0.0005127767,11.110161525,83.44,0.1783596123,0.0591332523,10918.27,7.6,0.235,5.1,4.9,0.112,0.156,0.151,0.353,0.253,0.3991321365,0,0.0001716886,0.317,0.328,71.0631040363843,48.3229107447413
"47123",0.169044975,0.0002874008,10.611721531,60.88,0.2071350289,0.0651957861,9583.48,7.6,0.238,5.1,4.9,0.107,0.154,0.148,0.359,0.238,0.7207933691,0.0002871976,0.0005743952,0.358,0.332,75.5857898715042,17.6122228826806
"47125",0.1191680323,0.0004106106,7.2646490595,58.64,0.1502763356,0.0483215898,9685.84,6.3,0.215,4.4,4.4,0.137,0.134,0.133,0.37,0.231,0.5082602666,0.0013360924,0.0005757146,0.308,0.284,29.0718674181891,17.4431204509135
"47127",0.1349717969,0,7.9126444058,60.71,0.1606036109,0.0617005267,9269.77,7.2,0.184,4.3,4.4,0.119,0.125,0.127,0.333,0.201,0.0778057215,0.000158705,0.0003174099,0.327,0.323,42.234188575652,42.234188575652
"47129",0.1396989356,9.23361e-05,7.8485687904,71.65,0.172251667,0.0507821356,10792.95,6.7,0.223,4.8,4.7,0.122,0.145,0.141,0.358,0.249,0.1899758948,0,0.0006844627,0.302,0.315,69.1531049744134,15.3673566609807
"47131",0.1448487046,0.0004524741,16.159787984,58.27,0.1786267138,0.0561116594,10696.85,6.9,0.24,5.1,4.8,0.114,0.152,0.143,0.37,0.233,0.5446914201,0.0002891009,0.0006424464,0.33,0.393,21.5724131980024,15.1006892386017
"47133",0.1539689781,0.0004539677,8.6253858725,85.9,0.1923742138,0.0543949547,9936.49,7.7,0.223,4.8,4.7,0.11,0.147,0.145,0.352,0.239,0.3957795589,0,0.000407701,0.378,0.356,40.7657929701655,22.647662761203
"47135",0.1631785481,0.0002556891,10.227563283,189.03,0.1998655613,0.0651056539,11586.77,7.2,0.225,4.9,4.8,0.109,0.15,0.147,0.346,0.244,0.0869235629,0.0007624857,0.0008895667,0.323,0.335,59.2718035563082,42.3370025402201
"47137",0.1546932354,0.00019516,9.7580015613,121.97,0.184375,0.0647773279,10986.58,7.9,0.201,4.6,4.6,0.109,0.136,0.136,0.333,0.215,0.0003939334,0,0.0003929273,0.329,0.372,71.6145833333333,71.6145833333333
"47139",0.153107175,0.0004781829,15.540944411,76.16,0.1864065956,0.0574162679,9531.17,8,0.226,5,4.8,0.112,0.15,0.145,0.351,0.225,0.6693610698,5.99161e-05,0.0002396645,0.344,0.318,55.7846711692866,25.9000259000259
"47141",0.1536638291,0.0007146228,11.460931706,66.34,0.1894147285,0.0544639568,9650.99,6.5,0.232,4.9,4.6,0.124,0.147,0.145,0.334,0.232,0.621285657,0.001700102,0.0012104726,0.293,0.265,40.9461715329617,18.4482750862794
"47143",0.1458461067,0.0004289084,12.254526516,78.87,0.1825464644,0.0543618949,10863.95,7.1,0.226,4.9,4.7,0.115,0.145,0.141,0.369,0.234,0.4443396523,0.0002460554,0.0005228678,0.322,0.378,55.2825552825553,21.4987714987715
"47145",0.131674669,0.0003412452,14.787290513,66.19,0.1599083841,0.0485409912,10766.15,7,0.216,4.7,4.6,0.111,0.138,0.138,0.349,0.214,0.6028866208,0.0003204705,0.0005655362,0.347,0.328,105.330877715266,24.5982289275172
"47147",0.1388013159,0.0003819093,11.016613052,61.68,0.172344786,0.0591124661,10181.62,8.3,0.186,4.2,4.4,0.13,0.123,0.126,0.353,0.22,0.7897500113,0.0004155351,0.0006529837,0.352,0.331,40.6798933500627,20.094887076537
"47149",0.1207443508,0.0004499733,7.1995735637,64.94,0.1484132781,0.0526308777,9512.61,7.5,0.196,4.4,4.3,0.142,0.127,0.127,0.367,0.219,0.7471097165,0.0006689701,0.0008184209,0.361,0.288,27.8626257416121,11.9740209798664
"47151",0.1467784979,0.0004548142,6.8222131259,121.76,0.1861832061,0.0503805727,13367.13,6.7,0.256,5.3,5.1,0.11,0.165,0.161,0.36,0.272,0.209915422,0.0001816943,0.0007722008,0.314,0.38,66.715186802523,21.2275594371664
"47153",0.1463808795,0.0002040261,4.760609358,59.86,0.1796657382,0.0567010309,10837.17,8,0.215,4.8,4.7,0.113,0.144,0.143,0.355,0.232,0.4307681406,0.0002043458,0.0006130373,0.296,0.325,54.3035568829758,27.1517784414879
"47155",0.1950221924,0.0004310798,10.409000105,42.55,0.237153809,0.0732614894,9820.66,7.5,0.212,4.7,4.6,0.12,0.141,0.138,0.345,0.221,0.824661527,0.0005129849,0.0007908518,0.342,0.397,64.6462375187088,18.6209271113672
"47157",0.1503768377,0.0008095415,9.2032087669,43.64,0.1929862771,0.0472632268,9269,5.4,0.223,4.3,4.4,0.109,0.14,0.143,0.365,0.209,0.900693585,0.0011591704,0.0007717158,0.325,0.274,37.2114558733561,9.44489242587091
"47159",0.1423743664,0.0004734599,6.8388658004,91.38,0.1758270159,0.0554588952,11236.66,8.1,0.198,4.5,4.4,0.124,0.132,0.132,0.353,0.214,0.2187206512,0.0001572822,0.0005242739,0.351,0.314,38.342221757468,41.8278782808742
"47161",0.148743343,7.53069e-05,9.7898938173,73.44,0.1779381966,0.0692333671,10699.24,7.3,0.21,4.6,4.6,0.117,0.138,0.136,0.344,0.224,0.2358901231,0.0001496782,0.0008980692,0.333,0.348,60.1503759398496,47.6190476190476
"47163",0.1416024479,0.001394487,15.091023706,65.83,0.1729899173,0.0488233661,9387.43,6.5,0.215,4.8,4.7,0.119,0.141,0.139,0.364,0.248,0.7687584092,0.0010536735,0.0013601967,0.319,0.309,85.8783291138164,17.0056097255082
"47165",0.117001004,0.0005732285,8.9168876588,73.18,0.1450900312,0.0494818475,10712.76,7.8,0.184,4.2,4.3,0.128,0.121,0.123,0.369,0.202,0.7358834698,0.0005388186,0.0006513192,0.322,0.336,46.1761688463493,15.0700467364655
"47167",0.1172830131,0.0003245541,9.8989013842,58.09,0.149004392,0.0442849322,10437.45,6.8,0.2,4.5,4.4,0.123,0.131,0.129,0.369,0.226,0.6770845271,0.0004871237,0.0005845484,0.346,0.352,29.717039750593,17.8302238503558
"47169",0.1523326874,0.0003749063,4.9987503124,131.6,0.1860370446,0.062170706,12823.81,7.8,0.208,4.6,4.5,0.121,0.136,0.135,0.354,0.224,0,0,0.0005109862,0.322,0.309,41.8900804289544,33.5120643431635
"47171",0.1551328069,0.0004453599,17.814396259,83.24,0.1873514028,0.0585785675,10546.42,7.4,0.221,4.8,4.7,0.107,0.144,0.142,0.344,0.231,1,0.0002212145,0.0006636434,0.346,0.296,150.264353956034,18.5511548093869
"47173",0.1632408575,0.0001569612,5.2320410192,90.6,0.2016514559,0.0637372199,10470.96,7.8,0.233,5.1,4.9,0.114,0.153,0.15,0.351,0.251,0.3143021613,0.000680557,0.0005235054,0.323,0.34,90.6966198067464,27.9066522482297
"47175",0.1567912489,0,3.5505059471,88.61,0.1851962841,0.0679785331,11432.55,7.7,0.225,4.9,4.8,0.109,0.149,0.146,0.352,0.233,0.1748377794,0,0,0.342,0.34,35.5176700408453,94.7137867755875
"47177",0.1811294347,0.0005254072,12.009307213,80.42,0.2246824725,0.0722543353,10567.5,7.7,0.234,4.9,4.8,0.114,0.152,0.148,0.351,0.244,0.6924872612,0.0006005255,0.0008257225,0.341,0.281,61.4776229760154,20.7694672216268
"47179",0.132543433,0.0016317866,13.386986898,61.35,0.1606600935,0.0476025017,9485.21,7.2,0.21,4.5,4.5,0.119,0.134,0.134,0.362,0.226,0.7198383464,0.0026922403,0.0019753716,0.289,0.321,66.1218228464122,13.4888518606681
"47181",0.1511864407,0.0003547567,7.6863950807,108.54,0.1825541619,0.0631447327,10323.61,6.7,0.239,4.9,4.7,0.117,0.149,0.145,0.366,0.251,0.3248927795,5.90354e-05,0.0008855304,0.33,0.37,51.3833992094862,67.1936758893281
"47183",0.1292107343,0.0005527594,16.873709016,75.22,0.1571457106,0.0459035445,10786.18,6.8,0.234,4.8,4.8,0.122,0.145,0.142,0.359,0.245,0.3378258759,0.0003193033,0.000754717,0.336,0.358,25.296011986418,24.3230884484788
"47185",0.1475238095,0.0003421923,8.3647009619,51.79,0.1831454083,0.0530913978,9815.89,7.2,0.235,4.9,4.8,0.11,0.148,0.145,0.356,0.241,0.2987500484,0.0001524158,0.0003429355,0.323,0.355,59.4440088027724,31.6191536184959
"47187",0.07555622,0.0015105299,12.425326226,41.04,0.0944046845,0.0383270063,8544.79,8.9,0.137,3.4,3.8,0.134,0.099,0.107,0.319,0.162,0.668881222,0.0012116581,0.0009753596,0.239,0.208,30.042270286246,12.9912520156739
"47189",0.1127463913,0.0003748724,10.209290454,68,0.1374259771,0.0532856872,10927.16,8.1,0.173,4,4.1,0.132,0.115,0.118,0.33,0.201,0.7652662883,0.000451023,0.0007544385,0.336,0.288,55.8166237853239,17.8081609219843
"48001",0.2109620481,0.0004338244,11.105905218,64.34,0.2499805372,0.1255014826,11405.92,5.7,0.198,3.6,3.3,0.179,0.113,0.102,0.362,0.177,0.3064764446,0.0003451966,0.0002588974,0.33,0.265,43.3162955904011,18.4816194519045
"48003",0.2070484581,0.0004577445,6.8661669623,46.03,0.2447951971,0.1393061516,8046.93,7.6,0.181,3.3,2.9,0.193,0.102,0.089,0.318,0.143,0.9218179359,5.95274e-05,0.0005357462,0.288,0.268,11.4545350413318,20.9999809091083
"48005",0.2241524662,0.0006039886,12.193732194,57.78,0.2731816996,0.1216587137,10535.59,5.4,0.203,3.9,3.4,0.149,0.119,0.106,0.352,0.185,0.7029422272,0.001052138,0.0004117062,0.396,0.327,31.5055077700933,14.4242083766692
"48007",0.232998947,0.0005606279,8.0089700465,45.16,0.2637248347,0.1497215921,9547.24,5.6,0.185,3.7,3.3,0.145,0.113,0.103,0.3,0.152,0.8944641161,0.0007390376,0.0002463459,0.3,0.278,80.3449476418758,24.1034842925627
"48009",0.1952473596,0,12.484394507,60.17,0.2139754485,0.1496296296,11986.62,7,0.128,3,2.9,0.185,0.09,0.088,0.289,0.138,0.2396730727,0,0.0001151941,0.274,0.248,22.8946464685008,45.7892929370016
"48011",0.2048748353,0,20.460358056,NA,0.2203389831,0.1730769231,9042.1,4.7,0.112,2.8,2.8,0.184,0.081,0.082,0.279,0.124,0.0799579169,0,0.0005130836,0.292,0.264,17.0910955392241,17.0910955392241
"48013",0.2051607858,0.0002302508,7.9541173023,61.46,0.2473091184,0.1213802046,11287.88,8.3,0.235,3.8,3.2,0.169,0.122,0.101,0.351,0.151,0.4016833293,0.0003185187,0.0002335804,0.298,0.333,34.19352137444,13.9565393365061
"48015",0.1940486169,0.0002404342,12.365185134,55.07,0.2187758968,0.1400464544,8625.1,7.4,0.145,3.2,2.9,0.174,0.095,0.089,0.3,0.133,0.5820811486,0.0002426595,0.0002079939,0.286,0.263,51.4144691741694,27.4210502262237
"48017",0.3067474048,0.0004341534,17.366136035,61.86,0.3738267632,0.188137164,10760.34,7.9,0.284,4.6,3.7,0.143,0.151,0.122,0.336,0.182,0.8009769714,0,0.0004217037,0.282,0.277,4.70942827540737,4.70942827540737
"48019",0.2114988411,0.0002393261,11.487650775,43.15,0.2284597472,0.1604938272,8618.47,7.2,0.138,3.1,2.9,0.163,0.094,0.089,0.3,0.138,0.6246033683,0.0001941653,9.70827e-05,0.282,0.251,70.1061151652274,17.5265287913068
"48021",0.2302191324,0.0002561836,8.0697844215,57.16,0.2632776769,0.158624031,10339.87,6.1,0.184,3.6,3.1,0.164,0.109,0.096,0.315,0.155,0.5714632404,0.0005143422,0.000250577,0.336,0.211,53.7494507744613,22.6088959606861
"48023",0.2191220238,0.0011135857,22.271714922,78.5,0.2502585315,0.1435832274,11604.2,6.7,0.16,3.5,3.3,0.152,0.107,0.101,0.291,0.148,0,0,0.0002767017,0.282,0.286,9.23872875092387,0
"48025",0.1991289844,0.0002130055,7.6073395612,82.79,0.2454533116,0.1040974529,12563.21,6.6,0.244,3.9,3.2,0.185,0.126,0.101,0.34,0.171,0.6580458868,0.0002439099,0.0003048873,0.296,0.277,62.9211658683121,18.2674352520906
"48027",0.151473314,0.0008294343,8.1728140001,50.78,0.1853417829,0.0818724634,10022.05,5.2,0.173,3.6,3.2,0.179,0.11,0.097,0.35,0.176,0.8577852273,0.0017439566,0.0013217355,0.293,0.258,28.458287416593,15.2383028365445
"48029",0.1868360271,0.0007220349,5.8517155872,42.51,0.2298815782,0.0912960901,10157.67,7,0.204,3.5,3.1,0.182,0.113,0.099,0.357,0.133,0.9631543067,0.0013924879,0.0006123426,0.272,0.218,35.9525698907728,10.4644774070497
"48031",0.2438966012,0.0003699593,13.873473918,37.32,0.2548428072,0.2166281755,8077.91,7.8,0.141,3.1,2.9,0.163,0.093,0.089,0.289,0.132,0.5928360484,0,9.32575e-05,0.306,0.285,76.8308798672362,18.4394111681367
"48033",0.138996139,0,0,NA,0.1462765957,0.119205298,13593.06,5.1,0.114,2.7,2.6,0.188,0.078,0.078,0.282,0.116,0,0,0,0.276,0.283,0,0
"48035",0.2511703946,0.0004499438,16.872890889,55.26,0.2784704904,0.1870181547,9347.28,6.6,0.157,3.4,3.2,0.155,0.103,0.098,0.29,0.145,0.1803755765,0.0001120134,0.0004480538,0.283,0.279,63.5205320778687,24.2872622650674
"48037",0.1833524183,0.000793353,14.151701957,49.6,0.2211385273,0.0994108984,10782.85,5,0.184,3.6,3.4,0.162,0.11,0.103,0.349,0.179,0.4928752768,0.0008129473,0.0006524971,0.351,0.328,43.9048941463711,21.0600711759016
"48039",0.1566181066,0.0006388189,6.9501129763,59.45,0.1844277786,0.1004914187,11083.04,7.1,0.151,3,2.8,0.175,0.091,0.085,0.308,0.138,0.7697068009,0.0004632966,0.0002725274,0.309,0.233,34.296594584686,13.5018202819022
"48041",0.1950628094,0.0008462745,8.175872093,51.44,0.2197038825,0.1249353976,9582.06,4.4,0.198,3.9,3.5,0.189,0.12,0.112,0.302,0.155,0.8955047703,0.0007580083,0.0003839263,0.287,0.205,23.7505838021018,10.5203928250921
"48043",0.2152966794,0.0005450779,20.712961954,45.46,0.2436657682,0.1326584976,6680.98,6.9,0.205,3.7,3.2,0.159,0.117,0.102,0.319,0.153,0.6135181976,0.000753823,0.000753823,0.293,0.305,18.1133169105927,18.1133169105927
"48045",0.3535958904,0,19.53125,65.05,0.3782816229,0.2947976879,8841.36,2.8,0.192,3.7,3.3,0.15,0.116,0.105,0.312,0.156,0.0109957239,0,0.0006506181,0.268,0.26,21.8435998252512,21.8435998252512
"48047",0.23054458,0,6.950236308,102.68,0.2988565489,0.1025395304,14605.74,7.3,0.403,5.4,3.9,0.121,0.191,0.138,0.362,0.191,0.4194932853,0,0.0001381788,0.281,0.262,60.015696412908,36.9327362540972
"48049",0.209821276,0.0005311662,16.731734523,57.35,0.2483707111,0.1198281709,10074.2,5.6,0.179,3.7,3.3,0.163,0.112,0.103,0.312,0.165,0.6130793051,0.0013245384,0.0007682323,0.295,0.286,60.9013398294762,21.1830747232961
"48051",0.235548508,0.0003477656,13.910624239,59.25,0.2619642322,0.1719823356,10324.24,6.9,0.16,3.4,3.1,0.164,0.101,0.094,0.329,0.144,0.4316634666,5.82445e-05,0.000232978,0.311,0.295,52.0411703480976,25.0568597972322
"48053",0.2386715867,0.0004450081,13.572747703,57.07,0.2666913641,0.1735774369,9601.36,6.2,0.156,3.4,3.2,0.163,0.105,0.097,0.302,0.152,0.7328187135,0.0004792004,0.0002966479,0.295,0.279,65.5596033643996,14.1549143627681
"48055",0.2404591713,0.0003516704,9.7965335343,77.85,0.2872335936,0.1309878752,11709.37,7.2,0.229,3.9,3.4,0.163,0.127,0.108,0.32,0.166,0.5026270162,0.0005607667,0.0003058728,0.266,0.291,60.2187949550032,18.4001873473621
"48057",0.2043413586,0.0005505345,11.928247006,94.56,0.2381925344,0.1292421312,11674.35,7,0.195,3.5,3.1,0.165,0.11,0.095,0.331,0.147,0.4761236612,9.17179e-05,0.0002292947,0.302,0.25,33.5888118721182,16.7944059360591
"48059",0.2046528872,0.0001480056,18.500703027,41.34,0.2361448867,0.1269942565,10380.26,6.7,0.148,3.4,3.2,0.169,0.1,0.096,0.298,0.149,0.3314382753,0,0.0004436229,0.28,0.292,32.023648232541,24.633575563493
"48061",0.3280855279,0.0004567166,5.2807855525,57.35,0.4358903043,0.138770808,11863.53,6.7,0.341,4.9,3.7,0.134,0.168,0.129,0.348,0.179,0.7438112353,0.0003666638,0.0003379058,0.307,0.258,26.1147588869556,6.19134101271289
"48063",0.2552679688,0.0006338642,13.469614135,83.79,0.3044025157,0.1517647059,11833.36,6.1,0.194,3.8,3.4,0.154,0.118,0.108,0.335,0.171,0.471816789,0.0003222428,0.0005639249,0.342,0.278,79.5418390073178,53.0278926715452
"48065",0.1771210294,0,24.945950441,36.97,0.2002311471,0.1289918597,11276.31,7,0.118,2.9,2.8,0.189,0.085,0.084,0.286,0.132,0.5021028793,0.0001663894,0.0006655574,0.302,0.279,5.55802578923966,5.55802578923966
"48067",0.1891253952,0.0002974125,17.183833978,56.32,0.2226466095,0.1087848352,11198.46,5.7,0.171,3.6,3.3,0.154,0.111,0.104,0.327,0.171,0.4137014181,0.0001318783,0.0003626653,0.328,0.287,68.2030691381112,20.9009405423244
"48069",0.3290147635,0.0001285182,15.422182239,39.8,0.3947612425,0.2111292962,11662.43,8.3,0.259,4.2,3.4,0.149,0.136,0.111,0.33,0.166,0.3889853634,0.000124533,0.000249066,0.285,0.254,25.5678186389398,25.5678186389398
"48071",0.1738100175,0.000104863,6.5539389173,91.45,0.1966577655,0.1277326107,11541.93,7.4,0.142,3.1,2.9,0.197,0.092,0.088,0.315,0.145,0.663465922,0.0001629903,0.0003531457,0.273,0.308,29.8717272887015,21.0859251449657
"48073",0.248978575,0.0003339751,9.8227967467,83.18,0.3037497714,0.1370331796,11579.66,5.9,0.204,4,3.5,0.159,0.124,0.11,0.338,0.183,0.4724161668,0.000707575,0.000137584,0.308,0.335,60.0044351104212,16.3055530191362
"48075",0.1671400481,0.001128509,19.748906757,55.78,0.1961476726,0.1112556929,9630.72,5.2,0.181,3.5,3.1,0.192,0.108,0.096,0.324,0.163,0.7338446243,0,0.0007047216,0.28,0.27,75.2162467092892,65.8142158706281
"48077",0.1989312606,0.000289296,12.536162006,69.71,0.2192807193,0.1489361702,10549.61,6.4,0.131,3.1,3,0.173,0.093,0.091,0.293,0.143,0.4363839286,9.54836e-05,9.54836e-05,0.287,0.282,16.0241002467711,44.8674806909592
"48079",0.2896130346,0.0003407155,23.850085179,71.69,0.3377403846,0.1930455635,11570.7,7.6,0.256,4.2,3.5,0.155,0.135,0.112,0.337,0.169,0.0153501759,0.000331565,0.000331565,0.271,0.25,11.2309074573226,11.2309074573226
"48081",0.2199240186,0,21.511985249,40.64,0.2435233161,0.1599402093,9000.45,3.8,0.149,3.2,3,0.158,0.096,0.091,0.285,0.13,0.3325301205,0,0,0.273,0.306,10.307153164296,10.307153164296
"48083",0.2454291912,0.0004744958,23.724792408,104.54,0.2874703472,0.1415929204,9945.4,6,0.181,3.7,3.4,0.151,0.115,0.106,0.31,0.164,0.3902192243,0.0001170549,0.0004682196,0.284,0.278,55.3119197186994,55.3119197186994
"48085",0.1270992915,0.0009251718,6.2468864411,47.68,0.1513651994,0.0786775176,11176.15,7.4,0.107,2.6,2.5,0.203,0.078,0.078,0.33,0.117,0.9515837723,0.0007826594,0.0004024437,0.262,0.195,32.3644592271864,11.2653938404293
"48087",0.322528363,0.0003314551,26.516407027,76.73,0.3642506143,0.2466063348,12597.13,7.6,0.206,3.9,3.4,0.157,0.121,0.108,0.326,0.165,0.824991822,0,0.0006453695,0.276,0.258,10.9170305676856,10.9170305676856
"48089",0.2079292991,0.0005309137,17.375355953,66.3,0.2353447534,0.1464646465,11012.59,6.9,0.184,3.6,3.2,0.152,0.111,0.1,0.318,0.153,0.480310434,0.0001445644,0.0002409406,0.279,0.253,67.3713928233426,19.2489693780979
"48091",0.1637473697,0.0007518554,10.348117128,35.35,0.1840679315,0.1169463087,9597.48,7.5,0.141,3.1,2.9,0.19,0.093,0.088,0.287,0.128,0.8544416992,0.0009537475,0.0004220122,0.275,0.203,51.7210725657423,15.6240740042347
"48093",0.2983164983,0.0005166052,14.022140221,69.53,0.3384867971,0.2069178505,10090.24,6.8,0.196,3.8,3.4,0.151,0.119,0.107,0.311,0.161,0.1634464005,0.0005138369,0.0003670264,0.293,0.287,76.3490382484053,56.6460606359136
"48095",0.1930693069,0,7.4074074074,76.52,0.2165898618,0.1357798165,10767.57,8,0.188,3.3,2.7,0.199,0.101,0.083,0.324,0.139,0.1433814534,0,0.0004946822,0.296,0.278,8.21422704123542,8.21422704123542
"48097",0.2206008311,0.0002579913,11.351616315,54.31,0.250278384,0.1528682496,11645.63,7.2,0.153,3.3,3.1,0.177,0.1,0.095,0.302,0.15,0.5191352083,0.0005199262,0.0004939299,0.302,0.27,45.510360047056,24.0432090814635
"48099",0.1488114904,0.0002646833,7.2787909267,65.89,0.1790356072,0.090451479,10192.07,5.5,0.162,3.3,3.2,0.198,0.101,0.095,0.339,0.166,0.7277152863,0.0003281184,0.0002099958,0.313,0.272,26.4018270064288,14.5210048535359
"48101",0.2824858757,0,14.134275618,NA,0.3114323259,0.2167182663,8122.94,6.5,0.2,3.8,3.4,0.142,0.118,0.107,0.311,0.154,0.8299003322,0,0,0.276,0.281,23.2937339855579,23.2937339855579
"48103",0.2159926471,0.0002020202,10.101010101,91.92,0.2513927577,0.1499026606,12741.11,8.7,0.18,3.2,2.9,0.186,0.099,0.087,0.314,0.13,0.9206857143,0,0.0002095118,0.308,0.255,6.77002234107372,6.77002234107372
"48105",0.2276674938,0.0002623295,20.986358867,47.83,0.2626441881,0.1513671875,8303.32,8.6,0.189,3.3,2.9,0.173,0.101,0.087,0.307,0.125,0,0,0.000262674,0.283,0.268,8.8269044046253,0
"48107",0.2598358931,0.0003390405,16.952025767,75.96,0.3108614232,0.1580246914,12466.74,7.8,0.246,4.1,3.4,0.147,0.131,0.11,0.327,0.163,0.621554712,0,0.0003338341,0.278,0.263,61.5660155594112,33.5814630324061
"48109",0.2886048988,0,13.239187996,63.58,0.3318181818,0.1908783784,11633.26,8.5,0.311,4.7,3.6,0.136,0.154,0.118,0.352,0.18,0.9261884904,0,0.0008783487,0.288,0.266,14.7514382652309,0
"48111",0.3034995355,0.0007007708,23.82620883,73.52,0.3545627376,0.2097812098,10437.73,6.4,0.2,3.7,3.2,0.183,0.116,0.101,0.32,0.165,0.5136506042,0,0.0002834065,0.32,0.245,4.69197203584667,4.69197203584667
"48113",0.2496126189,0.0006741739,7.2181869725,46.96,0.3019415098,0.1309200975,11078.74,6.1,0.212,3.7,3.2,0.168,0.117,0.103,0.337,0.153,0.9759300446,0.001108723,0.0006515259,0.287,0.254,36.4389698893881,9.8777149482135
"48115",0.2509707746,0.0002991325,17.947950942,47.92,0.2987654321,0.1614478598,8986.01,7.1,0.228,3.9,3.2,0.175,0.122,0.101,0.329,0.159,0.375623509,0,0.0004344678,0.302,0.274,46.6807527885608,29.4825807085647
"48117",0.2768587638,0.0002083876,10.940349049,48.69,0.3433740558,0.1627575277,9990.98,7.7,0.255,4.1,3.4,0.158,0.133,0.109,0.337,0.165,0.7967685319,0.0001042916,0.0006257496,0.301,0.251,45.356220780127,19.1891703300537
"48119",0.2155659219,0,15.273004964,55.14,0.2470227969,0.1389578164,11948.29,6.4,0.159,3.5,3.3,0.161,0.106,0.102,0.311,0.16,0.5681514051,0.0001909126,0.0003818251,0.291,0.297,70.0949467915631,63.722678901421
"48121",0.1448606626,0.0006371431,5.9068470312,52.06,0.1694639349,0.0905845648,11662.1,7.1,0.133,2.9,2.8,0.195,0.087,0.083,0.307,0.136,0.9616609368,0.0007958299,0.0003965428,0.223,0.203,25.322900121709,9.45741819554229
"48123",0.1762801454,0.0004351189,15.470895378,59.64,0.2026352941,0.1184543919,10580.59,7.2,0.182,3.4,3.1,0.167,0.106,0.094,0.314,0.148,0.7415534657,0.0001463201,0.0004389602,0.307,0.299,46.7862674238513,16.133195663397
"48125",0.2541666667,0.0004508566,31.559963931,64.11,0.283625731,0.1832946636,9671.46,6.7,0.175,3.4,3,0.173,0.104,0.092,0.31,0.147,0.4071194763,0,0.0004364906,0.273,0.274,14.8920327624721,0
"48127",0.2019762006,0.0004508973,7.2143565696,84.52,0.2597019813,0.0980392157,11421.44,8,0.297,4.3,3.4,0.148,0.143,0.111,0.341,0.154,0.5976390556,0.0002753051,9.17684e-05,0.31,0.275,3.03342838075593,3.03342838075593
"48129",0.2547667343,0.0002822467,25.402201524,58.18,0.2752808989,0.205801105,10940.61,6.6,0.148,3.3,3.2,0.172,0.099,0.096,0.296,0.143,0.1522980691,0,0.0008517888,0.286,0.271,94.6611132146914,9.46611132146914
"48131",0.2195203198,0,5.2024624989,75.66,0.2738193187,0.1121134021,15986.64,7.3,0.322,4.6,3.5,0.145,0.153,0.114,0.339,0.164,0,8.59107e-05,0.000257732,0.277,0.267,43.4015219467029,17.3606087786812
"48133",0.2288778637,0.0003851232,14.304577465,76.22,0.2628600303,0.1465474416,10969.13,5.9,0.178,3.7,3.4,0.159,0.115,0.106,0.307,0.163,0.377710811,0.0001644286,0.0002740477,0.311,0.298,93.4202813599062,21.9812426729191
"48135",0.2261128593,0.0005652875,7.9919950099,71.25,0.2666040066,0.1485770943,9467.22,7.7,0.208,3.7,3.2,0.194,0.113,0.096,0.345,0.156,0.7135273099,0.0004418321,0.0004953875,0.318,0.318,21.8275493929348,14.2635471280564
"48137",0.3205221175,0,21.287919106,84.37,0.3489065606,0.2506265664,8717.49,7.8,0.217,3.8,3.2,0.142,0.118,0.1,0.307,0.134,0.014985015,0,0,0.291,0.265,17.6772140710624,17.6772140710624
"48139",0.1999207664,0.0004079916,10.042870503,54.66,0.2381066121,0.1201927367,10995.08,7,0.157,3,2.9,0.186,0.093,0.091,0.296,0.14,0.7655972194,0.0005770118,0.0002885059,0.326,0.261,39.463381531555,12.7368585895495
"48141",0.2496109654,0.000460715,4.8711017688,47.48,0.318281296,0.1093360429,9943.94,7.4,0.278,4.1,3.6,0.178,0.14,0.115,0.338,0.156,0.8044069359,0.000659645,0.0004663424,0.271,0.226,29.3976525133391,9.65236274620534
"48143",0.2656910364,0.0005978031,12.703315316,52,0.2979971935,0.1803032056,10005.79,5.4,0.182,3.7,3.4,0.19,0.116,0.107,0.311,0.173,0.6889944576,0.0007564678,0.0002773715,0.267,0.228,82.6945181803898,19.0197391814897
"48145",0.245215699,0.0001765848,14.715404085,63.71,0.2855029586,0.1494499598,11065.83,4.7,0.221,4.1,3.6,0.148,0.128,0.114,0.356,0.183,0.2780700772,0.0001143314,0.0003429943,0.306,0.323,58.1125058112506,38.7416705408337
"48147",0.213492159,0.000237023,14.517658213,69.3,0.2490517626,0.1284490961,12486.02,5.5,0.161,3.5,3.2,0.171,0.107,0.099,0.315,0.169,0.5307680967,0.0010398408,0.0003268071,0.292,0.285,62.3120746953632,29.6724165216015
"48149",0.2189258041,0.000442959,20.939878388,38.06,0.2376186998,0.1765782251,9171.07,6.8,0.147,3.2,3,0.163,0.096,0.091,0.283,0.134,0.4753197035,0.0001611539,0.0002014423,0.27,0.249,72.2272751591675,69.5521908940132
"48151",0.2118933698,0.0002610285,28.713129731,65.98,0.2344698739,0.1557669441,9765.36,7.1,0.168,3.3,3.1,0.161,0.102,0.094,0.299,0.139,0.4652742828,0,0.0007780083,0.278,0.254,8.68507903421921,8.68507903421921
"48153",0.2520274485,0.0006723819,26.895276517,81.61,0.2979186083,0.1629850746,10043.51,7.8,0.249,4.1,3.4,0.145,0.134,0.111,0.326,0.16,0.4421346572,0,0.0004815409,0.281,0.247,44.2477876106195,44.2477876106195
"48155",0.2492179353,0,31.37254902,98.69,0.2782608696,0.1783216783,12676.47,2.1,0.163,3.4,3.2,0.155,0.104,0.098,0.299,0.143,0.001497006,0,0.0007830854,0.274,0.282,0,26.5111346765642
"48157",0.1428534171,0.0007850061,4.7421371718,46.74,0.1705853837,0.0877186837,10705.89,7,0.128,2.7,2.6,0.174,0.083,0.079,0.345,0.12,0.94197224,0.0005196477,0.0002973795,0.246,0.216,21.5698046106796,8.4721128719148
"48159",0.2139196758,0.0003773585,13.20754717,119.94,0.2402730375,0.1573968975,11552.43,7.1,0.154,3.3,3.1,0.163,0.101,0.097,0.297,0.154,0.4154644036,0.0002814259,0.0002814259,0.286,0.326,87.7440381059823,31.3371564664222
"48161",0.2247183385,0.0003542152,13.662584759,56.26,0.2607592466,0.147572402,10199.85,6.1,0.162,3.4,3.1,0.167,0.103,0.096,0.325,0.154,0.2167440452,0.0002036038,0.0003054057,0.311,0.303,40.6098241933028,21.9969881047057
"48163",0.2206712433,0.0002158545,7.554907992,69.44,0.2786316884,0.1117760205,11103.7,8.4,0.303,4.5,3.4,0.167,0.15,0.113,0.355,0.179,0.1696578963,0.000332134,0.0003874896,0.282,0.239,14.4433010164473,14.4433010164473
"48165",0.3125106868,0.0002059202,13.8996139,82.51,0.3709857063,0.222473179,10410.95,8,0.191,3.6,3.1,0.186,0.111,0.097,0.324,0.158,0.3791509757,5.28513e-05,0.000158554,0.328,0.289,20.5490008048359,13.6993338698906
"48167",0.1810818028,0.0006747338,7.7339766644,63.3,0.2155397698,0.0999503352,11699.77,6.3,0.156,3.1,2.9,0.171,0.093,0.089,0.32,0.146,0.8823242674,0.0009713738,0.0005639184,0.297,0.239,53.116766768624,15.1610731495274
"48169",0.2293986637,0,12.432012432,71.56,0.2678714859,0.1471600688,10452.62,8.6,0.193,3.5,2.9,0.206,0.107,0.09,0.331,0.153,0,0,0.000316606,0.276,0.264,62.6076068242291,0
"48171",0.2473449623,0.0012539185,16.849529781,29.67,0.2734398553,0.1845146379,7601.17,7.5,0.152,3.2,3,0.151,0.097,0.092,0.275,0.128,0.7050771027,0.0007493,0.0003154947,0.256,0.257,110.619469026549,20.8224882873503
"48173",0.1908675799,0,7.745933385,NA,0.2105263158,0.1529745042,9007.65,5.8,0.129,2.8,2.6,0.202,0.082,0.077,0.296,0.12,0,0,0,0.275,0.245,0,25.9268861809697
"48175",0.161621258,0,15.896145185,81.25,0.179801248,0.1179245283,12084.66,7.4,0.174,3.3,3,0.16,0.102,0.093,0.305,0.137,0.5968099861,0.0001339585,0.0001339585,0.294,0.274,66.5335994677312,57.6624528720337
"48177",0.2717615816,0.0003909686,14.172612648,51.34,0.3196968392,0.1720564588,10441.77,6.6,0.24,4.1,3.4,0.152,0.131,0.11,0.336,0.172,0.3381127884,0.0002953919,0.0005415518,0.297,0.296,53.7923614846692,55.4224330448107
"48179",0.2209773143,0.0003905572,16.924145114,49.39,0.2577217692,0.1493823147,10876.18,6.9,0.169,3.5,3.1,0.176,0.104,0.094,0.334,0.155,0.8112713557,8.67943e-05,0.000347177,0.303,0.265,51.9503008788259,18.7598308729094
"48181",0.2176481648,0.0004937912,12.385254262,61.13,0.2599066304,0.1199359121,12482.44,5.9,0.155,3.4,3.2,0.173,0.102,0.097,0.323,0.162,0.7254895472,0.0009317303,0.0004903844,0.291,0.271,66.2440690015457,16.9649445003958
"48183",0.2148434841,0.0007548456,14.691081458,51.66,0.2607352962,0.1153528999,11176.22,5.6,0.183,3.7,3.3,0.167,0.111,0.102,0.336,0.17,0.7140474821,0.0011298608,0.000772207,0.349,0.298,82.8976929059017,16.4715285578502
"48185",0.2469742063,0.0003312233,7.7285440895,68.49,0.2793581839,0.1733591356,10695.67,5.5,0.188,3.7,3.2,0.168,0.111,0.099,0.338,0.167,0.4402345512,0.0001116944,0.0002978517,0.301,0.308,30.6586708852998,13.4898151895319
"48187",0.1689625467,0.0002988115,5.9083191851,41.19,0.1991933017,0.1053964156,10051.35,7.4,0.153,3.2,2.9,0.193,0.096,0.087,0.332,0.135,0.8268343305,0.0002444424,0.0001746017,0.323,0.252,31.9234200171164,11.3203617081973
"48189",0.2341652072,0.000374424,15.552995392,50.13,0.2955316899,0.1234294904,10405.34,6.1,0.25,4.1,3.4,0.162,0.131,0.109,0.355,0.175,0.6399801505,0.0007549491,0.0003914551,0.305,0.277,64.8582656136737,13.3531723322269
"48191",0.3087248322,0.0006355259,22.243406419,69.77,0.3556359253,0.2072072072,11613.16,5.6,0.232,4.2,3.6,0.137,0.134,0.116,0.324,0.171,0.2895914107,0,0.0003087373,0.298,0.292,62.9987400251995,73.4985300293994
"48193",0.2503715937,0.0010976948,20.734235882,126.64,0.2844078647,0.1661955907,9611.01,6.5,0.133,3.1,3,0.167,0.092,0.09,0.284,0.131,0,0.0003610108,0.0003610108,0.3,0.267,117.56121290741,158.099562185828
"48195",0.2654413336,0.0003630423,19.967326194,51.26,0.3011308562,0.198915009,11178.18,7.2,0.193,3.6,3.1,0.169,0.111,0.098,0.318,0.151,0.6246214146,0.000180018,0,0.293,0.287,5.99736116108912,5.99736116108912
"48197",0.2576335878,0.0012729124,20.366598778,124.03,0.2852664577,0.1937823834,12277.66,5.6,0.225,4.3,3.7,0.144,0.135,0.119,0.324,0.185,0.6827736168,0.000747012,0.000249004,0.301,0.261,42.4304141208418,42.4304141208418
"48199",0.173363364,0.0002337247,12.045810036,60.13,0.2071831493,0.0963780183,11388.8,6.2,0.136,3.2,3.1,0.188,0.095,0.092,0.311,0.151,0.7198682163,0.0002345851,0.000198495,0.305,0.314,58.1175892584315,16.1770609276047
"48201",0.23864561,0.0005793257,5.4082411508,53.38,0.2904759893,0.1230669793,11668.83,6.6,0.198,3.3,3.2,0.175,0.105,0.099,0.345,0.139,0.9653533487,0.0009218666,0.000528955,0.274,0.235,27.6579346544309,9.81507482849339
"48203",0.2015606329,0.0002524652,11.880717595,56.19,0.2360745444,0.1250434581,10825.1,6,0.177,3.6,3.3,0.168,0.108,0.1,0.339,0.171,0.5561396291,0.000239213,0.0003289179,0.338,0.327,36.3241909159667,13.4349747223439
"48205",0.2297014144,0,18.065363771,NA,0.25521859,0.1835066865,12764.08,7.3,0.139,2.9,2.6,0.204,0.084,0.078,0.32,0.135,0.1626525899,0.0001639344,0,0.277,0.262,54.4010445000544,54.4010445000544
"48207",0.2297565822,0.0005200208,22.534234703,66.8,0.2679376083,0.1387283237,10550.67,6.6,0.177,3.5,3.2,0.165,0.109,0.098,0.308,0.151,0.0649262587,0.0001702128,0.0001702128,0.283,0.279,28.7670444738508,28.7670444738508
"48209",0.1959311602,0.0003837319,6.7017970545,43.43,0.2310684153,0.108752262,10031.89,7.2,0.182,3.4,3.2,0.211,0.104,0.097,0.31,0.142,0.9414220881,0.0007953371,0.0004090305,0.258,0.181,36.7045106964861,10.9753683945375
"48211",0.2216424059,0.0009569378,21.531100478,71.37,0.2447311828,0.1840759679,8478.61,8.2,0.164,3.4,3.1,0.182,0.103,0.095,0.309,0.152,0.8368794326,0.0002405002,0,0.276,0.27,7.93524837327408,0
"48213",0.2570472619,0.0004414176,10.972379871,73.67,0.2976131835,0.1557553362,11963.92,5.7,0.179,3.8,3.4,0.155,0.115,0.104,0.316,0.166,0.6187159375,0.0004194471,0.0002796314,0.317,0.348,48.4190139362553,21.4727800934697
"48215",0.3377797517,0.000456037,3.7782481202,63.08,0.4601122426,0.1354226437,12336.27,5.7,0.304,4.7,3.5,0.144,0.161,0.126,0.322,0.149,0.6059238302,0.0004117667,0.0004534336,0.335,0.252,19.5229883187453,5.8247598893376
"48217",0.2402224417,0.0004017447,11.478420569,60.39,0.2777401012,0.1576067978,9283.02,7,0.184,3.7,3.4,0.155,0.114,0.104,0.318,0.16,0.5105303656,0.0002584499,0.0001722999,0.288,0.302,81.3194803206858,21.0473949065304
"48219",0.2099939,0.0005089706,14.844976036,48.49,0.2484304933,0.1331203408,9908.63,7.1,0.191,3.4,3.1,0.175,0.106,0.095,0.318,0.158,0.6108131676,0.0003824904,0.0003824904,0.304,0.288,56.7054153671676,15.5939892259711
"48221",0.2084866747,0.0005378239,10.756477068,48.14,0.2292739095,0.1565678519,10027.37,6.5,0.135,3,3,0.166,0.09,0.089,0.28,0.134,0.7414716111,0.0008505812,0.0003780361,0.27,0.297,50.5396027094158,18.4900985522253
"48223",0.2521753851,0.0003340664,11.135547451,60.19,0.2981724756,0.1514956578,11358.92,6.4,0.172,3.6,3.3,0.165,0.111,0.104,0.318,0.167,0.388185774,0.0005061156,0.0003655279,0.324,0.308,58.4909339052447,12.0695577899711
"48225",0.2312131316,0.0002638406,12.752297612,63.53,0.2701062215,0.1369177188,9619.87,4.8,0.189,3.8,3.4,0.148,0.117,0.107,0.345,0.175,0.4930894994,0.0001745886,0.0001309415,0.284,0.287,96.4390607419963,18.9955725703932
"48227",0.199590195,0.0003001282,13.09650487,74.09,0.2402572834,0.1080325677,9481.79,5.6,0.189,3.5,3,0.187,0.108,0.094,0.317,0.159,0.715868845,0.0011619222,0.0007746148,0.347,0.252,33.635140540344,14.5449256390677
"48229",0.3235753318,0,3.1142946123,NA,0.3821727019,0.1914634146,7451.78,0.8,0.378,5.2,4,0.128,0.186,0.139,0.358,0.205,0.0043153049,0,0,0.28,0.262,10.0928542591845,0
"48231",0.2208134004,0.0003616105,12.769371589,55.39,0.2639496508,0.1200054672,11655.22,6.2,0.169,3.7,3.3,0.17,0.111,0.103,0.321,0.165,0.5801530263,0.0005629078,0.0005284441,0.296,0.26,41.0724042428924,18.8405524049965
"48233",0.2154765137,0.0002755707,19.749230699,57.92,0.2477597862,0.148030176,11104.92,6.4,0.163,3.5,3.2,0.186,0.106,0.098,0.31,0.167,0.7670880361,0.0001374948,0.0002291581,0.299,0.318,33.6772494871873,19.9001928787925
"48235",0.151208106,0,31.766200762,NA,0.1657754011,0.1185983827,9349.94,5.3,0.14,2.9,2.8,0.183,0.089,0.084,0.299,0.129,0.0025015635,0,0,0.285,0.257,21.0970464135021,21.0970464135021
"48237",0.2362464634,0.0004517222,16.939582157,59.79,0.2641382406,0.1759720837,10172.3,5.9,0.163,3.5,3.1,0.185,0.105,0.096,0.317,0.165,0.5689960195,0,0,0.286,0.241,82.4278756088423,59.9475458973398
"48239",0.1973348688,6.78472e-05,12.890969537,63.5,0.2259494429,0.1388471178,10669.45,7.2,0.163,3.3,3,0.175,0.1,0.092,0.31,0.14,0.5162344583,0,0.0002056062,0.336,0.292,43.0390069315453,63.425904951751
"48241",0.1781996542,0.0004219172,13.501350135,61.55,0.2100424328,0.110056926,11325.89,5.4,0.168,3.5,3.3,0.16,0.108,0.103,0.316,0.173,0.5730327639,0.0001402564,0.0003927179,0.297,0.26,38.4229713139719,14.9943302688671
"48243",0.292749658,0.0004537205,31.760435572,46.76,0.3011764706,0.2376237624,6403.92,7.4,0.182,3.5,3.1,0.142,0.106,0.095,0.296,0.133,0.8347566183,0.0017754106,0.0004438526,0.268,0.28,15.1217299259035,15.1217299259035
"48245",0.2308365367,0.0006224354,11.933316154,53.72,0.2783457442,0.1182786978,11460.77,4.7,0.195,3.7,3.3,0.168,0.116,0.104,0.348,0.181,0.7010619448,0.000748936,0.0007330855,0.343,0.325,37.8178444882798,13.0451798060617
"48247",0.2435517005,0.000190295,1.9029495718,79.7,0.3031482137,0.1379521766,15947.61,9.6,0.312,4.5,3.4,0.143,0.149,0.112,0.341,0.156,0.8730188679,0,0,0.284,0.241,63.6942675159236,38.2165605095541
"48249",0.2041598093,0.0003143666,8.7055352695,74.14,0.247357561,0.1188845805,14325.15,8.1,0.273,4.2,3.4,0.151,0.136,0.108,0.33,0.153,0.4784514423,0.0005518234,0.0003838772,0.293,0.259,54.655789092955,15.2714704818551
"48251",0.2064357907,0.0004699726,8.2562747688,68.37,0.2469274701,0.121084824,12321.62,6.9,0.147,3.2,3,0.19,0.095,0.091,0.324,0.15,0.7048047491,0.0004847874,0.0002456256,0.305,0.237,43.8417207981311,15.2492941906543
"48253",0.2119896468,0.0002508026,14.546548957,100.39,0.245899705,0.1345632122,10726.82,6.5,0.184,3.6,3.1,0.19,0.109,0.095,0.338,0.169,0.2302742303,0.00010071,0.000251775,0.294,0.257,41.8305028026437,33.464402242115
"48255",0.1735675039,0.0002012612,13.417415806,58.41,0.2048959955,0.1071537291,10585.25,7.1,0.234,4,3.2,0.175,0.126,0.102,0.349,0.169,0.5113329736,0,0.0001989258,0.313,0.277,28.9133045683021,28.9133045683021
"48257",0.2056519277,0.0002966665,8.0010068683,55.22,0.2439671851,0.1272146748,10893.88,7,0.148,3.2,3,0.188,0.096,0.092,0.319,0.149,0.666366715,0.0008289735,0.0002855353,0.29,0.276,39.7615502819184,14.3500331844517
"48259",0.1695846317,0.0006944444,10.030864198,35.95,0.1871072736,0.1333123558,9147.47,7.9,0.131,2.9,2.9,0.175,0.087,0.085,0.282,0.125,0.7986231667,0.001191548,0.0005825346,0.266,0.228,66.6495770315304,19.6530804067333
"48261",0.2573099415,0,0,NA,0.2970711297,0.1619047619,15237.92,4.6,0.284,4.2,3.3,0.15,0.141,0.11,0.34,0.162,0,0,0,0.272,0.243,0,82.0344544708778
"48263",0.2109929078,0,38.21656051,NA,0.2296296296,0.1726190476,13741.13,4.7,0.153,3.3,3.1,0.158,0.099,0.093,0.294,0.135,0,0,0,0.275,0.276,42.4448217317487,0
"48265",0.2304821238,0.000850441,15.031050987,37.01,0.2607761102,0.1538767001,8598.26,6.3,0.169,3.4,3.2,0.152,0.105,0.099,0.278,0.141,0.7998790932,0.0023221829,0.0004604328,0.285,0.282,87.1459694989107,23.1068858519839
"48267",0.2800740284,0.0006759802,22.532672375,66.06,0.3110742431,0.1948488242,10069.96,7.1,0.17,3.4,3.1,0.15,0.106,0.097,0.301,0.139,0.6118949425,0.0002231645,0.0006694934,0.286,0.278,0,7.51484181257984
"48269",0.223255814,0,0,NA,0.2424242424,0.1896551724,7054.9,6.7,0.141,3.1,3,0.175,0.094,0.091,0.295,0.138,0,0,0,0.278,0.255,120.627261761158,0
"48271",0.2497824195,0,5.6721497448,43.88,0.2922794118,0.1511789182,7567,8.1,0.268,4.3,3.5,0.141,0.139,0.112,0.326,0.161,0.0041689828,0,0,0.275,0.256,46.899915580152,46.899915580152
"48273",0.2367228842,0.0004349177,9.9409754582,95.97,0.2847710791,0.1283890578,11182.14,6.3,0.285,4.3,3.4,0.168,0.141,0.112,0.339,0.172,0.7094600917,0.0002492134,0.0004049718,0.284,0.242,18.7211382452053,17.6810750093606
"48275",0.2797342193,0.0005184033,25.920165889,54.26,0.3214638971,0.2017208413,12139.31,6.9,0.2,3.8,3.3,0.153,0.117,0.104,0.314,0.155,0.3431029847,0,0.0007963897,0.282,0.261,8.7070091423596,0
"48277",0.226259702,0.0004846233,16.961815722,57.49,0.2689340813,0.1265218822,11134.75,5,0.166,3.6,3.3,0.162,0.11,0.104,0.322,0.17,0.7190769787,0.0007688261,0.0005665035,0.332,0.32,82.2163367904629,12.8041835985147
"48279",0.2604481593,0.000294681,16.207455429,65.26,0.3196469172,0.1479245283,8997.07,7.8,0.258,4.3,3.5,0.144,0.139,0.116,0.333,0.172,0.4073120126,0,0.0002903811,0.322,0.261,127.657485147543,78.5584523984877
"48281",0.2365984405,0.0004961302,14.883905537,76.14,0.2693059213,0.1602524944,9974.74,6.5,0.162,3.4,3.2,0.17,0.104,0.096,0.31,0.149,0.7613457336,0.0003956087,0.0002472555,0.302,0.273,36.0856871042876,16.4025850474035
"48283",0.2524191888,0.0001337972,8.02782981,79.06,0.3113825983,0.1220447284,12053.96,6.5,0.33,4.7,3.5,0.169,0.16,0.118,0.351,0.183,0,0.0004071109,0.0006785181,0.274,0.235,4.44958618848447,4.44958618848447
"48285",0.2143837856,0.0006084884,15.719284012,84.22,0.242231374,0.155054786,11428.99,7.2,0.15,3.2,3,0.165,0.097,0.092,0.298,0.136,0.5794009241,0.0001532097,0.0003064195,0.296,0.307,81.1660861036897,99.7666475024519
"48287",0.2077582991,0.0002986501,12.543304265,45.95,0.2295315682,0.1545766289,10713.95,7.3,0.157,3.3,3,0.175,0.099,0.093,0.315,0.147,0.3277751023,0.0004209767,0.000120279,0.32,0.299,63.6587888915413,9.94668576430333
"48289",0.2496498054,5.93085e-05,18.385623628,48.14,0.2773090829,0.1865364851,10267.22,6.6,0.152,3.3,3.2,0.161,0.1,0.095,0.304,0.146,0.1532051664,5.973e-05,0.0002389201,0.302,0.33,55.2388092090986,21.7009607607173
"48291",0.2345943561,0.0002560262,9.4729700321,88.59,0.2817057956,0.1323110194,12552.08,6.4,0.184,3.7,3.3,0.175,0.112,0.103,0.327,0.172,0.4662559655,0.0001560326,0.0002990625,0.278,0.293,28.9758733242997,17.470747151416
"48293",0.2345357973,0.0004250978,11.052542085,68.84,0.268634513,0.1577157179,11122.6,5.8,0.191,3.7,3.3,0.16,0.115,0.104,0.344,0.17,0.4703215874,0.0003000943,0.0003429649,0.342,0.325,32.7775402593701,21.3766566908935
"48295",0.2650762094,0,30.959752322,63.3,0.2782063645,0.2413108242,8501.27,4.9,0.145,3.1,2.9,0.19,0.092,0.087,0.301,0.136,0.4757722592,0,0,0.276,0.273,0,9.42773640049024
"48297",0.1933994923,8.27061e-05,11.578860309,60.64,0.2120631881,0.1498023715,11524.88,8,0.18,3.4,3,0.173,0.106,0.094,0.315,0.149,0.312722227,0.0001685346,0.0002528019,0.279,0.295,41.4513499322961,27.6342332881974
"48299",0.2229829612,0.0007688365,15.376729882,48.7,0.2439914816,0.1601008509,9229.4,5.9,0.149,3.3,3.1,0.144,0.1,0.096,0.285,0.133,0.7700637273,0.000411438,0.0003600082,0.276,0.278,132.765957446809,112.340425531915
"48301",0.1604938272,0,0,NA,0.2,0.1034482759,NA,7.2,0.246,4.4,3.7,0.145,0.141,0.123,0.341,0.234,0,0,0,0.295,0.242,0,0
"48303",0.1874802086,0.0007823821,9.2525189302,50.31,0.2224712086,0.1034506181,10880.38,6.3,0.201,3.7,3.2,0.184,0.113,0.102,0.322,0.174,0.9077147089,0.0011509588,0.0009228408,0.3,0.267,54.375469413232,14.8399718606946
"48305",0.2338474364,0.0006931208,25.992029111,65.73,0.2778804683,0.1473105134,11194.75,6.7,0.215,3.8,3.3,0.159,0.12,0.104,0.317,0.156,0,0,0.0003494671,0.291,0.276,5.80787547914973,0
"48307",0.2273723771,0.0004878644,20.734235882,94.58,0.2651245552,0.1417125689,9958.52,7.3,0.195,3.7,3.3,0.152,0.117,0.104,0.307,0.156,0.2336110105,0.000120048,0.000240096,0.288,0.307,68.3554483313229,48.2509047044632
"48309",0.2100661101,0.0006818901,11.871459614,40.61,0.2527413617,0.1116938868,8966.28,5.4,0.188,3.8,3.3,0.176,0.116,0.105,0.322,0.169,0.7346811065,0.0012257693,0.0004182524,0.306,0.259,56.3925468763046,11.0868842159725
"48311",0.1548387097,0,12.422360248,NA,0.1596452328,0.1371428571,10808.33,6.2,0.187,3.5,3.1,0.162,0.109,0.097,0.315,0.143,0.1810466761,0,0,0.317,0.296,41.8585182084554,41.8585182084554
"48313",0.240396927,0.0002164346,10.100281365,56.02,0.2797951583,0.1589726918,11724.59,6.2,0.206,3.9,3.3,0.177,0.121,0.106,0.344,0.185,0.3835626464,0.0002902547,0.000217691,0.292,0.262,28.7721485601937,40.7605437936078
"48315",0.2115534738,9.85319e-05,8.8678687555,56.84,0.2402186913,0.1251931994,11205.53,5.4,0.178,3.8,3.4,0.149,0.114,0.106,0.332,0.165,0.3759719325,9.7704e-05,0.0001954079,0.297,0.29,52.3834468308015,39.2875851231011
"48317",0.2111578947,0.0003663004,16.483516484,51.98,0.245659164,0.1488616462,11380.4,7.6,0.196,3.6,3.2,0.182,0.112,0.098,0.319,0.155,0,0,0.000188253,0.289,0.3,6.09273137147383,0
"48319",0.3401221996,0.0002456399,22.107590273,30.75,0.3606173994,0.2905484247,7813.89,7.6,0.149,3.1,2.9,0.157,0.095,0.089,0.284,0.124,0.6724825523,0.0002422481,0.0004844961,0.272,0.263,8.17594636579184,8.17594636579184
"48321",0.2198282951,0.0003012131,15.33448342,51.62,0.2645799012,0.1214196762,11589.79,5.5,0.228,3.9,3.3,0.155,0.124,0.107,0.339,0.168,0.692687047,0.0003279405,0.0003552689,0.313,0.249,64.6153566130632,18.2015089050882
"48323",0.307098265,0.0002805885,3.8580923487,70.22,0.3986668783,0.1506371279,11818.39,6.2,0.383,5.2,3.9,0.142,0.18,0.13,0.368,0.183,0.7373290575,0.0002324251,0.0002503039,0.301,0.257,12.8910530232449,5.85956955602042
"48325",0.2006931235,0.0002505533,6.8902158934,69.77,0.2351093704,0.1253746254,10944.24,7.9,0.196,3.6,3.1,0.182,0.111,0.095,0.322,0.135,0.5735121506,0.0002109749,8.439e-05,0.323,0.244,51.4925892422239,12.5252244102707
"48327",0.314652262,0.0004657662,27.945971122,70.66,0.3432432432,0.2303797468,9624.51,7.5,0.195,3.6,3.2,0.137,0.113,0.099,0.298,0.133,0.0526315789,0,0.0004655493,0.283,0.272,92.8936367858802,92.8936367858802
"48329",0.1907291164,0.0003722005,10.267599307,39.17,0.219871982,0.1302365091,8903.46,7.4,0.16,3.1,2.9,0.201,0.094,0.086,0.324,0.147,0.810830557,0.0006866137,0.0005743787,0.309,0.266,22.417934347478,15.158793701628
"48331",0.2183306564,0.0002061346,16.903034301,63.63,0.2512256723,0.1479558728,11383.66,6.1,0.196,3.8,3.3,0.15,0.119,0.106,0.326,0.159,0.3975037363,0.000165515,0.0005793024,0.3,0.255,68.5532521662828,19.1949106065592
"48333",0.2927374302,0.0002053388,18.480492813,64.71,0.3178264269,0.2356746765,9171.35,6.7,0.152,3.3,3.1,0.159,0.098,0.094,0.29,0.136,0.3271880065,0.0010189525,0.0002037905,0.269,0.277,177.147918511957,156.70777406827
"48335",0.2249359522,0.0003305421,11.018069634,88.98,0.2624568328,0.1436903499,11594.29,7.5,0.184,3.4,2.9,0.195,0.105,0.091,0.326,0.154,0.450494523,0,0.0004254414,0.295,0.255,79.8693047740062,47.1954982755491
"48337",0.2311955661,0.0003090235,16.996291718,79.06,0.2562168203,0.1746168789,11179.35,6.6,0.137,3.2,3.1,0.17,0.096,0.094,0.29,0.145,0.5587504437,0.0002563708,0.0002050967,0.266,0.294,51.5632251078531,24.0628383836648
"48339",0.1704310661,0.0006050714,5.8965559103,65.98,0.2029201079,0.1034668508,11786.3,7.2,0.144,3.1,2.9,0.191,0.092,0.088,0.324,0.14,0.8857960355,0.0005870132,0.0004087054,0.259,0.264,36.3193869030362,15.9419609769079
"48341",0.2579045885,0.0003612064,13.545241105,77.37,0.312954651,0.1596263767,10079.26,6.5,0.222,3.8,3.2,0.164,0.122,0.102,0.332,0.162,0.5985208181,9.03302e-05,4.51651e-05,0.314,0.247,24.0442414041837,19.5359461408993
"48343",0.2077130582,0.0001569489,17.264380444,52.73,0.2433454749,0.1250412405,11259.5,5.9,0.168,3.5,3.3,0.153,0.108,0.102,0.323,0.161,0.4053657028,0.0001558361,0.0003895902,0.317,0.297,70.8791641508939,42.0024676449741
"48345",0.2858880779,0,60.711188205,NA,0.3120805369,0.22406639,9956.95,6.6,0.188,3.8,3.4,0.143,0.119,0.108,0.306,0.159,0,0,0.0008361204,0.268,0.277,28.5959393766085,0
"48347",0.2501105153,0.0007350577,9.9539057595,68.98,0.2985780709,0.136519204,11492.71,4.7,0.209,3.9,3.5,0.161,0.119,0.11,0.324,0.178,0.6635670448,0.0007653452,0.000474514,0.352,0.28,61.1324791767493,13.2453704882957
"48349",0.2377717051,0.0004149808,9.9595393713,55.6,0.2843610496,0.140088848,10443.32,5.9,0.205,3.9,3.4,0.158,0.12,0.108,0.318,0.178,0.5349952865,0.0005204213,0.0002081685,0.277,0.27,38.0475386701348,22.8285232020809
"48351",0.186656945,0,8.4877634743,59.4,0.2134591195,0.1214397496,11330.79,5.1,0.161,3.5,3.2,0.168,0.105,0.099,0.329,0.168,0.1009345794,7.07214e-05,0.0002828854,0.302,0.28,37.8572780617074,30.7590384251372
"48353",0.2067335127,0.0004637912,15.90141125,86.48,0.249080337,0.1189296333,10956.31,7,0.194,3.7,3.3,0.167,0.114,0.101,0.316,0.157,0.8330047319,0.000532021,0.0003325131,0.304,0.293,53.0539160421779,39.7904370316334
"48355",0.2073191919,0.0007635709,7.6357092928,53.53,0.2537427295,0.1000801239,11001.68,7.1,0.212,3.9,3.3,0.184,0.121,0.102,0.344,0.164,0.9208871828,0.0008946144,0.0005339286,0.331,0.248,44.848381572652,12.733569715826
"48357",0.2646384663,0.0003718163,20.449897751,65.85,0.3047113684,0.1950666289,9345.73,8.4,0.187,3.5,3,0.188,0.107,0.094,0.32,0.153,0.6827741368,0.0001850824,9.25412e-05,0.292,0.315,6.18984246850918,6.18984246850918
"48359",0.1576193591,0,24.154589372,NA,0.1715976331,0.1135135135,9844.98,3,0.155,3.4,3.2,0.178,0.103,0.098,0.313,0.159,0,0,0.0004757374,0.289,0.251,16.0230732254446,0
"48361",0.1596876816,0.000251699,10.906955281,57.44,0.1900366797,0.0893930218,11844.13,5.8,0.146,3.2,3.1,0.183,0.097,0.094,0.306,0.158,0.6914109755,0.0001808166,0.0001808166,0.326,0.315,37.5024935168562,17.1553959704768
"48363",0.2665176027,0.0004982916,13.169134396,85.34,0.3039453246,0.1829337094,11726.65,6,0.173,3.6,3.3,0.167,0.11,0.102,0.306,0.165,0.566041763,0.0001792822,0.0004661336,0.293,0.328,36.9575584167859,14.3061516452074
"48365",0.1971099455,0.0003365728,10.938617527,74.37,0.2316762501,0.1188483428,11568.74,6.1,0.149,3.2,3,0.172,0.097,0.092,0.334,0.156,0.2724407463,4.18936e-05,0.0001675744,0.32,0.271,37.8124781177789,19.6064701351446
"48367",0.1651387692,0.0004790361,10.067876977,59.19,0.1888481611,0.1144079886,11441.46,7.1,0.127,3,2.9,0.189,0.089,0.087,0.294,0.144,0.6833579926,0.0003788565,0.0002059003,0.316,0.294,51.5347090312554,16.4587290623381
"48369",0.3065098405,0.0004037142,17.157852241,79.75,0.3594293667,0.2025358692,9786.55,8.2,0.223,3.7,3.2,0.166,0.118,0.1,0.315,0.149,0.537248028,0.0001003512,0.0004014049,0.3,0.26,33.7586928634123,33.7586928634123
"48371",0.22394473,0.0004404455,10.696533065,117.36,0.2617055812,0.1493280239,10814.18,7.8,0.221,3.6,3,0.18,0.112,0.092,0.335,0.145,0.3688656736,0.0001274129,0.0003185322,0.314,0.255,37.6624191827255,46.0318456677756
"48373",0.2384089874,0.0005425465,8.6807439398,53.73,0.2737354497,0.1535163826,9613.96,5.5,0.187,3.7,3.3,0.159,0.114,0.103,0.33,0.174,0.6860150177,0.0003930989,0.0001965495,0.323,0.272,43.2149004976916,25.928940298615
"48375",0.2503961029,0.0007481891,11.839476432,55.12,0.3088241721,0.1329645505,10706.23,5.6,0.216,3.7,3.4,0.166,0.12,0.107,0.337,0.177,0.8598366275,0.0016110339,0.0013233493,0.333,0.289,44.3726204497521,18.0777342573064
"48377",0.3250773994,0.0004300459,10.03440367,31.5,0.3868967377,0.2001053186,5397.92,7.5,0.319,4.6,3.6,0.128,0.157,0.119,0.337,0.163,0.3291123049,0.0001388696,0.0002777392,0.265,0.274,4.74991687645466,4.74991687645466
"48379",0.2453841572,0.0001812908,9.9709934735,61.73,0.2750605327,0.1665232358,11485.25,7.4,0.137,3.2,3.1,0.166,0.096,0.093,0.292,0.144,0.5137438153,0.0002711252,0.0001807501,0.309,0.274,63.1427025076673,51.1155210776355
"48381",0.1573233557,0.0005927312,8.4230229293,41.94,0.180215475,0.1051900765,10022.19,7.2,0.129,2.9,2.8,0.188,0.087,0.086,0.285,0.137,0.8760985711,0.0006562614,0.0002372029,0.258,0.284,32.2108877996067,18.4433309175167
"48383",0.2409782285,0.0002663116,21.304926764,42.66,0.2790802525,0.1706910908,7071.8,8.9,0.221,3.7,3.1,0.176,0.116,0.097,0.326,0.151,0.9278289278,0,0,0.287,0.24,8.97021887334051,8.97021887334051
"48385",0.2955023119,0,26.698309107,51.84,0.330199115,0.1900826446,10800.64,1.7,0.19,3.7,3.3,0.142,0.115,0.104,0.301,0.149,0.0021154427,0.0005970149,0.0008955224,0.286,0.274,59.8324690865576,79.7766254487435
"48387",0.2411377183,8.03471e-05,12.855535915,123.51,0.2767907501,0.1435114504,12344.64,4.3,0.178,3.8,3.4,0.148,0.115,0.107,0.33,0.167,0.2776827372,0.0001603849,8.01925e-05,0.347,0.339,61.5450482994836,48.1656899735089
"48389",0.2419185558,0.0002787651,8.3629521221,103.76,0.2837304718,0.1616462869,10358.87,7.7,0.256,3.9,3.1,0.18,0.125,0.097,0.339,0.16,0.6583472394,7.16076e-05,0.0002864304,0.289,0.24,11.6154811132277,27.8771546717465
"48391",0.1939986043,0.0001369488,15.064365927,86.1,0.2253937008,0.1230068337,11687.2,7.5,0.215,3.8,3.2,0.153,0.117,0.1,0.321,0.142,0.4797507788,0.0002737851,0.0004106776,0.282,0.26,132.44428206065,91.3408841797589
"48393",0.1140583554,0,21.551724138,NA,0.1219047619,0.1046025105,5816.1,5.5,0.105,2.6,2.6,0.197,0.077,0.078,0.283,0.122,0,0,0,0.272,0.246,37.3831775700935,0
"48395",0.2463811595,0.0001212121,15.757575758,66.88,0.2850591874,0.1593366979,9956.33,6,0.188,3.6,3.3,0.156,0.112,0.103,0.337,0.16,0.3596438455,0,0.0003639452,0.307,0.308,82.5863631785678,64.4576493101017
"48397",0.1392233868,0.0007971848,7.6301973602,53.46,0.1608865214,0.0982663484,10587.97,7.8,0.12,2.8,2.7,0.193,0.083,0.082,0.311,0.13,0.9245056614,0.0009032788,0.0005161593,0.26,0.262,42.4379061440236,14.3985752988652
"48399",0.2401954795,0.0005760369,19.201228879,64.59,0.2782349851,0.1566679404,10979.41,6.5,0.21,3.9,3.4,0.15,0.122,0.108,0.311,0.163,0.2622607371,0.0002910079,0.0004850131,0.301,0.271,121.498912904463,99.117534211536
"48401",0.2191861753,0.0002781744,12.425124715,78.32,0.2548313019,0.1420145895,12058.05,6.1,0.172,3.5,3.1,0.175,0.106,0.097,0.321,0.164,0.3930808176,0.0001678416,0.0003356831,0.324,0.307,55.4120100862311,14.3199576627339
"48403",0.2281461434,0.0001932367,13.526570048,83.17,0.2585046389,0.1452820769,11515.16,4.8,0.171,3.7,3.4,0.141,0.114,0.109,0.311,0.161,0.7839209895,9.65158e-05,0.0006756105,0.314,0.276,57.9169213938672,38.6112809292448
"48405",0.2162925757,0.0003484321,11.614401858,78.47,0.2553191489,0.114872364,11377.56,4.2,0.212,4.1,3.7,0.132,0.129,0.117,0.329,0.176,0.8241398759,0.0001140381,0.0002280762,0.328,0.309,104.440662231162,61.8907628036515
"48407",0.2232820893,0.0001107052,3.6901730691,90.9,0.2587753011,0.1362630414,13221.38,6.8,0.165,3.5,3.2,0.163,0.105,0.1,0.313,0.157,0.6991358399,7.44713e-05,0.0001861781,0.281,0.287,40.556484121522,14.7478124078262
"48409",0.1957703609,0.0002839423,10.759919301,59.12,0.23739117,0.1104727771,11503.88,7.6,0.211,3.6,3.1,0.171,0.112,0.096,0.32,0.143,0.6905129313,0.0002872825,0.0003780032,0.353,0.341,43.4112240468242,17.4642855360787
"48411",0.3024072217,0.0003557453,21.344717182,39.44,0.3403214535,0.2106577852,8286.93,6.6,0.195,3.8,3.3,0.159,0.117,0.103,0.311,0.156,0.0495840809,0,0.000332668,0.279,0.255,91.2460792700314,102.651839178785
"48413",0.2384874579,0.0003162555,15.812776724,77.52,0.260523322,0.1995776135,10179.09,8.2,0.213,3.7,3.2,0.163,0.117,0.1,0.323,0.151,0,0.0003119152,0,0.284,0.261,10.4395030796534,0
"48415",0.2101292298,0.0004039705,14.427516159,66.4,0.2430093209,0.1468729571,10598.7,6.9,0.175,3.3,3,0.185,0.102,0.091,0.32,0.146,0.6821109863,0.0001155936,0.0001733904,0.279,0.286,70.8201741793473,53.5936453249115
"48417",0.2071507556,0.0002991325,20.939276099,65.56,0.2234262126,0.17039801,10919.94,7,0.149,3.3,3.1,0.171,0.1,0.096,0.298,0.152,0.8019538188,0.0002962963,0.0008888889,0.292,0.275,9.93245927691696,0
"48419",0.2750175932,0.0002351558,12.541642171,72.74,0.3209842975,0.1777874061,10752.21,5.9,0.209,4,3.5,0.152,0.125,0.113,0.346,0.188,0.3871031122,0.0004652605,0.0004264888,0.327,0.301,48.2342358784497,22.1616759441526
"48421",0.2806219188,0,25.940337224,72.02,0.3082077052,0.2260579065,9378.61,8,0.192,3.6,3.2,0.172,0.112,0.099,0.315,0.155,0.798286091,0,0.0003233107,0.275,0.245,10.8119796734782,10.8119796734782
"48423",0.2152368046,0.0009687354,14.668116723,53.04,0.2566418039,0.1236895787,11633.11,6.1,0.17,3.5,3.2,0.17,0.108,0.099,0.328,0.17,0.7213300018,0.0008422806,0.000768234,0.294,0.297,38.6101559911105,15.9608912561677
"48425",0.1782387807,0.0009201748,11.502185415,67.84,0.2,0.1315667132,10809.96,7.6,0.138,3.1,3,0.177,0.093,0.09,0.298,0.139,0.7879858657,0.0001155001,0.0008085008,0.297,0.264,76.6547851749645,68.9893066574681
"48427",0.3241620902,0.000174728,2.5414978953,90.49,0.427929495,0.1507434944,13588.77,4.6,0.417,5.6,4,0.135,0.196,0.139,0.387,0.195,0.1324301273,0.000145248,0.0003873279,0.312,0.284,13.7775351989529,11.1280091991543
"48429",0.2615230461,0.0002126528,12.759170654,91.15,0.301928934,0.1696717522,12602.06,6.1,0.183,3.6,3.3,0.171,0.112,0.102,0.321,0.166,0.5096573209,0.0002162864,0.0005407159,0.284,0.276,49.836252313826,32.0375907731739
"48431",0.1938125569,0,22.404779686,NA,0.2110215054,0.160326087,9328.42,4.2,0.204,3.8,3.3,0.168,0.119,0.103,0.321,0.161,0.8320209974,0,0.0008203445,0.274,0.264,25.5754475703325,0
"48433",0.2310642378,0.0007127584,28.510334996,128.39,0.2540983607,0.1764705882,13071.54,7,0.174,3.6,3.3,0.144,0.111,0.103,0.301,0.149,0,0.000698324,0.0020949721,0.273,0.269,23.5571260306243,0
"48435",0.2321859903,0.0010070493,20.140986908,70.28,0.263864818,0.1644486692,8370.14,8.8,0.187,3.3,2.9,0.176,0.101,0.087,0.309,0.125,0.8483527132,0,0.0004992511,0.269,0.239,8.40972163821378,8.40972163821378
"48437",0.2410091251,0.0001319087,17.148133492,90.64,0.2859459459,0.1568032372,11470.27,6.4,0.222,4,3.4,0.161,0.124,0.106,0.326,0.164,0.5320855615,0,0.0002576324,0.284,0.304,48.0832276959392,34.9696201425012
"48439",0.1981355509,0.0005695604,7.0938026895,50.59,0.2415882954,0.1037686503,11733.04,6.3,0.173,3.4,3.1,0.168,0.103,0.094,0.339,0.145,0.9701354425,0.0008187112,0.0004854722,0.288,0.239,37.5723597582559,11.1997827173653
"48441",0.1892121997,0.0006881599,12.209289419,41.03,0.2267569157,0.1028086294,10263.06,5.8,0.182,3.6,3.3,0.173,0.111,0.102,0.333,0.162,0.8482578742,0.0012526376,0.0008425479,0.323,0.267,50.0849964595089,15.0501713499017
"48443",0.2667597765,0,0,NA,0.2849056604,0.2164948454,7484.65,3.7,0.194,3.4,3,0.16,0.107,0.092,0.308,0.131,0,0,0.0011074197,0.269,0.284,0,0
"48445",0.2538297656,0.0003139964,14.914828479,103.32,0.3098765432,0.1503102087,12765.93,6.2,0.223,3.8,3.2,0.17,0.119,0.101,0.323,0.159,0.2617974864,0,0.0004708467,0.301,0.309,26.1636273252924,26.1636273252924
"48447",0.2656641604,0.0012437811,31.094527363,110.62,0.2830409357,0.2295081967,12240.52,3.7,0.144,3.2,3.1,0.161,0.097,0.093,0.288,0.137,0,0.000625,0.00125,0.277,0.281,20.8899101733863,0
"48449",0.2632581886,0.0004922168,10.459607457,64.45,0.3156018794,0.1648441492,11058.71,6.8,0.215,3.9,3.4,0.161,0.123,0.108,0.327,0.169,0.5826683986,0.0005217765,0.0003990056,0.301,0.274,36.8437212158428,6.14062020264047
"48451",0.2051376224,0.000728938,12.006037322,49.26,0.2422495122,0.1168145332,9637.1,6.5,0.19,3.5,3.2,0.182,0.108,0.099,0.315,0.161,0.7247786326,0.0011395863,0.0006959305,0.272,0.251,56.9112898843757,14.5853054477546
"48453",0.1850153024,0.0008548011,9.4427721964,44.72,0.2131556841,0.1092537008,10040.6,6.6,0.148,3,2.8,0.23,0.093,0.09,0.285,0.118,0.9699492124,0.0020375502,0.0005718343,0.21,0.164,35.3470930858012,12.7005962031017
"48455",0.2368346679,0.0001406074,13.357705287,78.95,0.2692503177,0.1493103448,11352.06,6.3,0.179,3.8,3.4,0.144,0.115,0.108,0.309,0.165,0.7148440178,6.94782e-05,0.0003473911,0.316,0.289,62.7629652014226,44.1665310676678
"48457",0.1997885835,0.0001867588,14.006910076,67.16,0.2313877846,0.1192810458,10592.44,4.3,0.152,3.4,3.1,0.176,0.101,0.094,0.301,0.159,0.3971331434,0.0002329482,9.31793e-05,0.305,0.272,73.1756683118218,31.1385822603497
"48459",0.2026277724,0.0002478069,8.9210487188,67.55,0.2391101695,0.1186928884,11413.8,6.4,0.141,3.3,3.1,0.176,0.098,0.095,0.315,0.154,0.3077921087,0.0003008725,0.0001504363,0.29,0.305,64.5476287021789,21.5158762340596
"48461",0.2275673831,0.0005790388,8.685581934,67.75,0.2580645161,0.1712598425,7983.71,7.7,0.213,3.7,3.2,0.17,0.117,0.099,0.328,0.153,0.6587183308,0,0.0005931198,0.276,0.244,9.54471699914098,0
"48463",0.2777281258,0.0004794041,11.800715418,58.69,0.3445372536,0.1480204342,9584.89,6.4,0.287,4.5,3.6,0.151,0.146,0.116,0.338,0.171,0.4820677902,0.0004085271,0.0004828047,0.309,0.26,72.5814388347604,13.5321326641079
"48465",0.257301705,0.000347123,7.3508392208,43.88,0.3190687863,0.1445906333,8172.71,7.4,0.281,4.2,3.3,0.158,0.14,0.109,0.339,0.164,0.8570551771,0.000411328,0.0003701952,0.279,0.289,17.7371490943821,6.82198042091619
"48467",0.2246548698,0.0001890002,12.096012096,66.55,0.2629170702,0.1365368167,11185.81,6.9,0.15,3.4,3.2,0.166,0.101,0.097,0.292,0.154,0.2732649917,0.0002477087,9.52726e-05,0.282,0.294,34.60468862072,22.0211654859127
"48469",0.1884851653,0.0008234429,11.089030643,68.79,0.228571963,0.1016774087,10617.01,6.6,0.193,3.5,3.1,0.17,0.111,0.098,0.318,0.154,0.7413270655,0.0010441196,0.0005664904,0.32,0.298,65.8156941179052,17.1852090196752
"48471",0.2121542293,0.0003152359,6.5912966227,69.29,0.2390112281,0.1315765806,11084.21,4.9,0.195,3.7,3.2,0.194,0.115,0.101,0.344,0.188,0.779593581,0.0003923449,0.000247032,0.319,0.261,45.3883089271637,19.1108669167005
"48473",0.2521541343,0.000106792,6.6211020931,56.84,0.2983696272,0.1484731183,10081.36,6.6,0.2,3.9,3.4,0.157,0.12,0.105,0.367,0.198,0.1782432589,0.0003759981,4.42351e-05,0.358,0.303,26.2991420793381,16.3481153466156
"48475",0.2081434215,0.000172043,12.043010753,71.39,0.2468801684,0.132505176,9078.67,7.1,0.213,3.7,3.2,0.169,0.117,0.1,0.326,0.155,0.6539688497,0.0001778726,0.0009782995,0.313,0.254,28.9100896212778,28.9100896212778
"48477",0.1925080435,0.0006678669,17.712991463,44.61,0.2183822355,0.1318353033,8606.17,6.5,0.156,3.4,3.1,0.166,0.1,0.095,0.304,0.146,0.7432825197,0.0004978475,0.0004392772,0.304,0.273,102.564102564103,10.6434446057088
"48479",0.3122167788,0.0003149925,3.1499251893,67.09,0.4152957578,0.1422002198,11549.42,8.1,0.351,5,3.7,0.145,0.174,0.126,0.331,0.181,0.8173900537,0.0002476238,0.0003009581,0.311,0.26,15.8970770657751,5.13212724170692
"48481",0.2437465501,0.0004372328,17.246404975,62.3,0.2979774716,0.1269740998,11274.89,6.8,0.216,3.8,3.3,0.161,0.118,0.104,0.339,0.156,0.5658672481,0.0002911491,0.0003154115,0.306,0.272,64.5838378945669,12.9167675789134
"48483",0.2512755102,0.0003500175,29.751487574,52.65,0.2687032419,0.2179487179,12135.42,7.8,0.153,3.2,3,0.177,0.097,0.092,0.302,0.141,0.7643253235,0.0003477656,0.0003477656,0.293,0.281,58.4043920102792,46.7235136082233
"48485",0.1722612694,0.0008008764,11.25760266,56.9,0.2036847072,0.1007171213,11035.33,5.5,0.184,3.7,3.3,0.174,0.109,0.098,0.312,0.186,0.8388669202,0.00111324,0.0006967216,0.329,0.287,31.0522156891951,19.1867348973888
"48487",0.2246404239,0.000462499,15.416634549,48.56,0.2646437995,0.1283030882,10680.98,5.9,0.193,3.8,3.3,0.163,0.116,0.104,0.319,0.163,0.587661618,0.0012184906,0.000228467,0.288,0.281,35.777260995119,35.777260995119
"48489",0.2549007209,0.0003195909,5.4787015477,61.45,0.3287816136,0.1168150864,12175.43,7.8,0.369,5.2,3.6,0.145,0.178,0.129,0.364,0.199,0,0.0002280918,0.0004105652,0.282,0.238,42.6004533905397,45.6433429184354
"48491",0.1328120643,0.0006724578,6.2340316811,42.69,0.1564886648,0.085093595,9977.77,7.2,0.132,2.9,2.7,0.191,0.086,0.081,0.291,0.12,0.9403589958,0.0007855393,0.0004161235,0.302,0.178,36.0844184757669,12.4593369454063
"48493",0.1810140457,0.0003879143,7.7582862808,53.19,0.2051798561,0.1277584204,10044.44,8.4,0.161,3.2,2.9,0.179,0.096,0.089,0.309,0.134,0.5883778368,0.000220177,0.0002862301,0.324,0.249,39.4717956078657,12.9180421989379
"48495",0.2137961208,0.0002557218,14.064697609,70.32,0.2540106952,0.1412474849,10325.71,8.9,0.193,3.4,3,0.184,0.106,0.091,0.325,0.14,0.8794655415,0,0.0002629503,0.29,0.259,4.26766814612496,4.26766814612496
"48497",0.2047744745,0.0005029365,12.492293715,56.21,0.2313316356,0.1477835562,12881.99,7.6,0.137,3,2.9,0.185,0.091,0.089,0.298,0.144,0.3923249953,0.0001476887,0.0003117872,0.306,0.26,43.1197110979356,10.2409313857597
"48499",0.2237585391,0.0005367311,14.001680202,72.43,0.2523710595,0.1524397212,11316.38,6.7,0.154,3.4,3.2,0.157,0.102,0.097,0.303,0.148,0.4170717758,0.0003309223,0.000307285,0.294,0.286,92.5969155111505,14.7843814681669
"48501",0.2364437104,0.000241371,12.06854936,90.05,0.2780551335,0.1681034483,11217.88,8.8,0.195,3.4,3,0.179,0.106,0.091,0.317,0.135,0.4631298388,0.0001221896,0.0008553275,0.278,0.254,31.9795330988168,31.9795330988168
"48503",0.2397512982,0.000599455,14.16893733,72.76,0.2732761979,0.165795207,12500.42,5.8,0.163,3.5,3.2,0.168,0.107,0.099,0.298,0.151,0.8186522911,0.0004361812,0.0002726133,0.298,0.29,85.5151834937501,21.8336638707447
"48505",0.2926945727,0.0001396746,4.8886095398,71.27,0.3832380952,0.14571949,11922.99,6.1,0.356,5,3.7,0.142,0.169,0.126,0.37,0.18,0.2943358539,0,0.0001389854,0.276,0.238,25.5321124341388,27.853213564515
"48507",0.2395792754,0.0002445586,1.6303904785,78.48,0.3126422826,0.112516129,10866.91,6,0.384,5.3,3.9,0.137,0.182,0.133,0.361,0.192,0.5873940224,0.0001645278,0.0004113195,0.287,0.241,30.0070925855202,27.2791750777456
"49001",0.1590208522,0.000773874,4.6432440799,86.93,0.1805595616,0.1251738526,7720.13,7.6,0.123,3.4,3.3,0.115,0.098,0.095,0.305,0.097,0.5438225977,0.0007741136,0.0009289364,0.23,0.26,31.1300197156792,46.6950295735187
"49003",0.1163578047,0.0003688031,3.8821382818,21.76,0.1421748974,0.0753227294,8351.13,7.8,0.128,3.4,3.3,0.11,0.097,0.096,0.301,0.092,0.6702951476,0.0017128007,0.0001968736,0.316,0.224,29.7910095914098,21.3718112286201
"49005",0.1263014592,0.0004732008,3.0420050193,16.89,0.1524858633,0.0816908098,8316.64,6.9,0.111,3.4,3.4,0.107,0.1,0.101,0.295,0.083,0.8446864792,0.0012830492,0.0003421465,0.235,0.147,30.3340963669302,13.2009493448678
"49007",0.1400116822,0.0004840271,8.7124878993,48.5,0.165323963,0.0884258449,9106.32,6.9,0.146,4,3.4,0.12,0.111,0.1,0.336,0.129,0.6778956221,0.0014293882,0.0006194016,0.262,0.262,27.3633041994624,49.8977900107844
"49009",0.127607362,0,0,NA,0.1408199643,0.1015037594,11061.29,4.5,0.102,3,3,0.113,0.087,0.087,0.289,0.085,0.9688385269,0,0.0008873114,0.263,0.233,0,29.8240381747689
"49011",0.0960102883,0.0004944008,2.3961758247,23.31,0.115286139,0.0654071422,8638.23,8,0.1,3.2,3,0.104,0.087,0.086,0.308,0.081,0.9476636246,0.0013443281,0.0003415152,0.247,0.164,31.4831818057579,14.4761897048983
"49013",0.173619255,0.0003925417,4.41609421,40.75,0.2012178497,0.1320412716,6363.61,7.3,0.125,3.3,3.4,0.124,0.095,0.094,0.288,0.106,0.5201805772,0.0011818003,0.0005416585,0.271,0.233,38.9926888708367,32.4939073923639
"49015",0.1370985604,0.0001881291,2.821935848,32.46,0.1523957793,0.1118304885,8711.03,6.7,0.127,3.6,3.4,0.108,0.104,0.099,0.309,0.111,0.2941873178,0.0007442553,0.0003721276,0.276,0.222,25.1968503937008,40.9448818897638
"49017",0.1689850592,0.0003980892,0,49.07,0.1891288161,0.1260973663,6926.87,6.2,0.135,3.7,3.6,0.099,0.111,0.107,0.29,0.108,0.2774555298,0.0009836711,0.0003934684,0.315,0.197,39.6930404869013,79.3860809738026
"49019",0.1808212191,0.0011666136,10.605578534,33.49,0.2043516101,0.1196736174,7494.25,6.7,0.146,3.8,3.6,0.119,0.112,0.108,0.294,0.119,0.8899728997,0.0021367521,0.000534188,0.22,0.195,49.4612259318142,49.4612259318142
"49021",0.1818159545,0.0004231103,4.4426579788,32.5,0.2195879302,0.1080755892,8109.92,6,0.138,4,3.7,0.112,0.121,0.112,0.306,0.112,0.8253363083,0.0022659256,0.0005130398,0.235,0.193,41.4276385543861,16.1497574025573
"49023",0.1500929876,0.0006675567,0.953652489,96.38,0.1737089202,0.1152928704,9349.24,6.6,0.125,3.4,3.4,0.112,0.102,0.101,0.29,0.103,0.4697442905,0.0050251256,0.0002899111,0.287,0.216,6.36375206821942,15.9093801705486
"49025",0.1424632353,0.0004135649,8.2712985939,39.58,0.1556022041,0.114821324,6894.14,6.3,0.122,3.4,3.3,0.107,0.097,0.096,0.288,0.09,0.7195789474,0.0012396694,0.0006887052,0.25,0.206,73.9200739200739,55.4400554400554
"49027",0.1881586511,0.0003966365,0.7932730446,28.73,0.2194676806,0.137965016,8497.72,6.9,0.128,3.6,3.4,0.103,0.105,0.1,0.292,0.092,0.5293129649,0.0009477176,7.89765e-05,0.304,0.231,13.1880885184501,31.6514124442803
"49029",0.0877063055,0.0009426848,1.8853695324,17.02,0.0958831809,0.0784263959,10097.88,8.6,0.095,3,2.9,0.123,0.085,0.086,0.284,0.087,0.5811595733,9.82994e-05,9.82994e-05,0.221,0.157,50.2417886076744,53.3819003956541
"49031",0.2235734331,0,6.7385444744,NA,0.241473397,0.1861111111,6426.4,3,0.164,4.2,3.9,0.084,0.127,0.117,0.297,0.11,0.1150385604,0.0039735099,0,0.261,0.245,22.1680336954112,22.1680336954112
"49033",0.1481876333,0,4.3610989969,NA,0.157807309,0.1326676177,8567.22,4.7,0.12,3.5,3.4,0.11,0.101,0.099,0.304,0.097,0.4134275618,0.0004370629,0.0013111888,0.277,0.207,14.5095763203714,14.5095763203714
"49035",0.1481940206,0.0007382697,4.433281856,27.4,0.1723239005,0.09773981,8873.71,7.8,0.126,3.4,3.5,0.142,0.099,0.102,0.312,0.1,0.9455332126,0.0030822777,0.0008270655,0.25,0.172,39.5269333657031,21.6849148325732
"49037",0.2020170914,0.0005901252,1.9670841256,67.18,0.2469300912,0.1285372658,9551.92,4.1,0.214,5.1,4.6,0.1,0.161,0.146,0.339,0.17,0.3222568832,0.0008014426,0.0007346557,0.306,0.224,58.7007565875294,56.5266544916949
"49039",0.1864361226,0.0006320891,1.4046423429,42.93,0.2171737661,0.1290804884,8870.39,7.4,0.136,3.7,3.4,0.109,0.11,0.104,0.304,0.111,0.4647401337,0.0060912987,0.0003187307,0.278,0.228,40.9395031114022,24.5637018668413
"49041",0.1652330582,0.0005776729,3.8511529389,44.13,0.1906947444,0.1212879025,8107.81,7.7,0.122,3.7,3.4,0.105,0.109,0.103,0.302,0.102,0.71834439,0.0019182812,0.0002397852,0.299,0.23,23.9582168697791,38.3331469916466
"49043",0.1365530142,0.0010740315,8.6945403401,26.87,0.1483184708,0.1112969156,8512.83,8.2,0.085,2.6,2.7,0.175,0.08,0.083,0.249,0.072,0.8648551922,0.001533025,0.0004417191,0.146,0.12,26.4450965672559,17.9144202552378
"49045",0.1176239743,0.0002597487,3.7338874639,44.99,0.1409992568,0.0811056143,9507.82,7.6,0.126,3.5,3.3,0.126,0.099,0.092,0.332,0.113,0.8908413206,0.0009874593,0.0004114414,0.319,0.209,30.7589362804352,24.8230012087722
"49047",0.1645019048,0.0003526189,4.0686793067,55.61,0.1944948867,0.1173093335,6973.47,7.6,0.134,3.7,3.4,0.126,0.105,0.096,0.311,0.114,0.4254633607,0.0011250176,0.0005062579,0.297,0.238,44.404168554599,28.0924331671953
"49049",0.1214242311,0.0004474361,1.9608751921,25.15,0.1453515526,0.0852320382,9170.86,7.3,0.118,3.3,3.1,0.092,0.096,0.093,0.304,0.069,0.846282358,0.0018210118,0.0005399617,0.246,0.156,25.3543988104759,15.2837263857541
"49051",0.1772580645,0.0005412427,3.6082846215,18.02,0.199264566,0.1417180523,8014.59,8.4,0.105,3,3.3,0.129,0.088,0.09,0.311,0.08,0.6134296643,0.0007943413,0.0001891289,0.223,0.148,24.0061455732668,15.6039946226234
"49053",0.196136751,0.0005857267,3.3564114039,27.14,0.2234411603,0.1471162908,8435.61,6.9,0.125,3.6,3.4,0.099,0.108,0.106,0.299,0.084,0.8642725265,0.0015087957,0.00067659,0.243,0.185,52.706709124849,22.1807400900406
"49055",0.1680365297,0,3.6724201249,NA,0.174829932,0.1563731932,7557.64,5.9,0.123,3.5,3.4,0.103,0.1,0.098,0.282,0.096,0.4388048956,0.0040043684,0,0.238,0.217,12.2518990443519,12.2518990443519
"49057",0.1402751551,0.0004116852,3.5346709637,23.9,0.1687785384,0.0844819244,9060.43,7.5,0.134,3.6,3.5,0.123,0.107,0.102,0.346,0.126,0.932571053,0.001542854,0.0006163031,0.282,0.187,55.9061993609534,23.9400309144677
"50001",0.0642857143,0.0010537977,11.078386338,42.92,0.0772427167,0.0238801752,7668.53,8.4,0.095,2.8,3.1,0.217,0.082,0.094,0.285,0.134,0.5831183292,0.0023375282,0.000434889,0.236,0.187,40.6008932196508,9.02242071547796
"50003",0.0645382643,0.001042667,17.011935794,55.97,0.0778726072,0.0253994265,8728.33,7.7,0.11,3.3,3.7,0.187,0.098,0.107,0.31,0.145,0.893979798,0.0038189803,0.0006274039,0.256,0.208,65.8008974511291,20.1058297767339
"50005",0.0657609363,0.0009037797,14.847809948,35.59,0.0801401358,0.0240391977,6579.63,7.9,0.116,3.4,3.5,0.191,0.098,0.103,0.282,0.15,0.528036635,0.0028565009,0.0006098148,0.305,0.219,73.1828063453798,20.4481370670914
"50007",0.0520641921,0.0017628994,12.52094611,28.24,0.0622708088,0.0182398247,7303.23,8,0.084,2.8,3.1,0.236,0.079,0.094,0.256,0.122,0.8959915679,0.0047707112,0.0011723035,0.194,0.154,35.1038992331148,14.5400766054322
"50009",0.0900939368,0.0003265306,6.5306122449,39.83,0.1067291782,0.0340807175,6539.47,6.7,0.148,3.8,3.9,0.181,0.113,0.115,0.344,0.19,0.0926102125,0.000483014,0.0006440187,0.288,0.252,75.6797664738635,64.8683712633115
"50011",0.0582089552,0.0005139591,9.2512643395,40.01,0.0720254284,0.0208154137,7632.97,8.4,0.106,3.1,3.5,0.213,0.093,0.1,0.336,0.171,0.5542244376,0.0015115749,0.0006419017,0.287,0.243,39.7982639722785,16.4682471609428
"50013",0.0668767507,0.0002859594,10.008578782,38.13,0.0781781101,0.0293470286,7030.61,8.6,0.101,3.2,3.4,0.216,0.09,0.096,0.282,0.155,0.4862266858,0,0,0.276,0.204,28.7880241819403,47.9800403032338
"50015",0.0723200464,0.0009169923,9.568614943,45.23,0.0869762028,0.0297138665,7085.02,8.1,0.107,3.2,3.4,0.205,0.094,0.103,0.271,0.17,0.6916853933,0.0029520884,0.000478717,0.256,0.198,34.4900774700202,26.5308288230924
"50017",0.0664595201,0.0007276759,12.127932361,51.14,0.0791428085,0.0270084294,7999.36,8.1,0.103,3.1,3.6,0.194,0.093,0.103,0.321,0.159,0.5935167266,0.0025246412,0.0008991873,0.284,0.228,36.9203788953884,16.1526657667324
"50019",0.0774036627,0.0008123477,11.815966324,44.2,0.0941899155,0.0292916741,6747.56,7.4,0.117,3.4,3.7,0.184,0.101,0.111,0.315,0.182,0.5448569645,0.0017667194,0.0004416799,0.281,0.26,67.6082654177576,14.7508942729653
"50021",0.0648591746,0.0008654262,12.981393336,46.11,0.0777084674,0.023225241,8418.92,7.8,0.114,3.4,3.4,0.189,0.101,0.104,0.31,0.172,0.7314168911,0.0024578536,0.0007588004,0.302,0.221,56.5272328256966,21.0591651703576
"50023",0.0505979565,0.0010339334,21.187158887,44.6,0.0612051153,0.0179474216,7512.46,8.2,0.096,3,3.1,0.201,0.086,0.095,0.28,0.144,0.7516041254,0.0039110572,0.0006911782,0.234,0.171,53.1286561275992,23.1731372471443
"50025",0.0670794031,0.0011437983,14.640618566,36.89,0.0807777186,0.0231839258,7610.48,7.8,0.106,3.4,3.5,0.196,0.096,0.102,0.301,0.156,0.6784534855,0.0054039264,0.0007524454,0.233,0.193,45.8165657429538,21.3810640133784
"50027",0.0638701133,0.0009818974,14.28214375,48.37,0.0769345638,0.0226563933,8107.06,8,0.1,3.1,3.3,0.177,0.091,0.099,0.28,0.142,0.7506264337,0.0039773842,0.0010344766,0.252,0.197,60.7801308560464,19.6641599828386
"51001",0.1878733804,0.0005148239,11.81066594,41.65,0.2241098196,0.0887381659,8676.9,7.6,0.204,4.1,3.8,0.136,0.128,0.118,0.339,0.202,0.4098721505,0.0006938578,0.000452516,0.362,0.293,82.7096487865889,19.1644308164048
"51003",0.1173450004,0.0014738394,10.623127793,29.34,0.1380201818,0.0645601974,7685.06,8.6,0.119,3,3,0.175,0.088,0.091,0.333,0.147,0.7423966859,0.0008640777,0.0003980583,0.226,0.182,83.9740478684002,12.133132391632
"51005",0.1269214616,0.0006321113,18.963337547,78.6,0.1495869614,0.06035313,10032.84,8.2,0.147,3.6,3.4,0.147,0.105,0.103,0.338,0.174,1,0.0001237547,0.0003093868,0.351,0.271,98.6193293885602,88.1279113685006
"51007",0.1597982298,7.77907e-05,14.002333722,39.86,0.1831632653,0.0939836241,8599.19,8.2,0.152,3.5,3.3,0.15,0.103,0.102,0.333,0.187,0.2828999212,0.0003138486,0.0001569243,0.303,0.273,57.138404799626,31.1664026179778
"51009",0.1478737113,0.0001560501,15.917106208,40.04,0.1732457321,0.0751722072,8311.08,7.6,0.152,3.4,3.3,0.153,0.103,0.101,0.359,0.175,0.6009643619,0.0001553857,0.0002175399,0.321,0.307,71.7755609416121,12.4827062507152
"51011",0.1439547109,0.0001308986,18.980299758,43.54,0.1680088252,0.0803236059,9087.15,8.2,0.163,3.6,3.5,0.151,0.108,0.106,0.344,0.195,0.545381687,6.55523e-05,0.0001966568,0.312,0.302,67.4675720379559,58.7620788717681
"51013",0.0885189856,0.0007668306,13.353429584,25.52,0.0991347598,0.0454990093,7469.42,9.2,0.113,2.8,2.8,0.214,0.083,0.084,0.326,0.134,1,0.00117827,0.000426845,0.183,0.153,30.2506101518698,8.07661921530505
"51015",0.135377112,0.0004873954,13.538761474,42.82,0.1584436702,0.0693317501,8616.54,8.9,0.13,3.1,3.3,0.175,0.092,0.094,0.339,0.171,0.5418576271,0.0005411841,0.0005682433,0.346,0.256,57.1845394618349,26.1157739274522
"51017",0.1353251318,0.0004383081,17.532325225,83.37,0.1495361781,0.0849673203,10061.16,8.5,0.155,3.6,3.4,0.151,0.107,0.105,0.352,0.183,1,0,0.0008665511,0.266,0.253,80.5919847607883,102.571616968276
"51019",0.1216914033,0.000626771,12.535419088,41.77,0.1411813175,0.0670292069,8244.29,8.8,0.123,3,3,0.166,0.089,0.092,0.318,0.164,0.6171005883,0.0003293949,0.0001861797,0.33,0.244,61.1246943765281,17.4004604429533
"51021",0.1252416756,0,7.5471698113,71.3,0.1420550253,0.0721649485,10566.73,7.3,0.129,3.2,3.1,0.172,0.092,0.092,0.329,0.169,0.9992672919,0.0001484781,0.0011878248,0.284,0.229,70.2775965061995,50.1982832187139
"51023",0.0987372585,0.0005740181,17.52265861,40,0.1138157895,0.0566883586,8090.05,9.1,0.113,3,3,0.169,0.086,0.088,0.292,0.148,0.8069265114,0.0002727107,0.0002727107,0.253,0.238,63.3490532835926,15.0831079246649
"51025",0.16088491,0.000303067,10.910413383,47.22,0.1920968479,0.0683229814,7886.93,6.2,0.214,4.1,3.6,0.131,0.127,0.117,0.427,0.212,0.2284042675,0.0002356684,0.0002945855,0.348,0.259,25.9124160338057,35.8787298929618
"51027",0.1546438488,0.0003029516,9.088548429,148.29,0.1796954315,0.0679088012,11118.68,7.5,0.196,4.2,3.8,0.142,0.126,0.117,0.375,0.221,0.2663706532,0.0002118913,0.0005509175,0.324,0.319,40.2999467464989,21.5892571856244
"51029",0.1676037705,0.0003547567,8.8689174008,42.38,0.1991525424,0.0792682927,7649.29,7,0.188,3.8,3.6,0.151,0.114,0.109,0.395,0.206,0.1977720751,0.0002334267,0.0002334267,0.342,0.344,70.4763023433371,70.4763023433371
"51031",0.1341970999,0.0002368589,15.304728068,40.34,0.159704142,0.0585133967,8798.68,7.8,0.155,3.5,3.5,0.154,0.104,0.104,0.345,0.192,0.618212319,0,7.24179e-05,0.339,0.255,61.741098991562,20.5803663305207
"51033",0.1308546596,0.0001007455,12.089462019,42.97,0.1564118269,0.0668055556,8455.36,8.2,0.16,3.5,3.3,0.155,0.105,0.102,0.359,0.188,0.5753371869,0.0002047921,6.8264e-05,0.317,0.23,35.9308331461936,26.9481248596452
"51035",0.1761814419,0.0010465548,12.153539718,58.61,0.208136826,0.0784280654,9549.05,8.3,0.172,3.9,3.6,0.145,0.12,0.116,0.349,0.203,0.4338925504,0.0001673192,0.0005019576,0.305,0.245,101.98592370108,25.776662034339
"51036",0.1777898354,0.0002847786,14.238929233,33.09,0.1980600045,0.0997420464,7551.16,7.6,0.183,3.7,3.5,0.131,0.113,0.108,0.385,0.192,0.091786108,0.0002805049,0.0001402525,0.35,0.28,56.622469683386,56.622469683386
"51037",0.1848861284,0.0004907975,17.17791411,47.96,0.2199041443,0.0915415599,7918.83,6.1,0.192,3.9,3.6,0.136,0.12,0.113,0.376,0.204,0.1964087081,8.12678e-05,0.0003250711,0.34,0.293,62.6174076393237,65.3399036236422
"51041",0.1090736132,0.0009082734,8.6316049071,36.73,0.1306576784,0.057630939,9062.73,8.3,0.131,3.1,2.9,0.161,0.089,0.089,0.324,0.167,0.7952004199,0.0011258753,0.0003264733,0.281,0.217,45.8867130353408,13.4547473670365
"51043",0.1081637909,0.0004160022,18.026762809,60.19,0.1230448384,0.0690633869,7577.98,9.2,0.118,2.9,3,0.175,0.087,0.089,0.341,0.156,0.624697164,0.0004181767,0.0003484806,0.268,0.226,78.8241294570409,25.5019242361014
"51045",0.1283914729,0.0001910585,3.8211692778,44,0.147086915,0.0728476821,9129.28,8.5,0.131,3.3,3.3,0.16,0.098,0.099,0.321,0.172,0.9674373796,0,0.0001919386,0.278,0.231,83.0405621207282,63.8773554774832
"51047",0.1358751404,0.0005084815,10.576414595,43.87,0.1621348393,0.0783535636,8585.45,8.8,0.144,3.3,3.1,0.169,0.096,0.094,0.363,0.175,0.7586583564,0.0010720323,0.0005154002,0.306,0.248,44.1864259299543,16.9947792038286
"51049",0.1742529315,0.0002035209,6.1056273532,33.06,0.208940061,0.0749765698,8873.46,5.3,0.196,4,3.7,0.136,0.12,0.116,0.378,0.2,0.3628133705,0,0,0.339,0.243,44.2372477626161,30.6257869125804
"51051",0.1438152012,0.0003266266,3.9195192056,86.26,0.1703076237,0.0694614443,10653.31,8,0.17,3.9,3.6,0.155,0.117,0.113,0.365,0.204,0.3813745834,0.0001937234,0.0006457445,0.345,0.24,47.9208869720534,34.8515541614934
"51053",0.1342964385,0.0001435802,8.2558598658,57.03,0.1570728897,0.0654954801,8755.36,7.4,0.156,3.5,3.4,0.152,0.104,0.103,0.344,0.194,0.4400557123,0.0001075115,3.58372e-05,0.323,0.258,46.6423488608503,20.3312802726783
"51057",0.1626669685,0.0001801315,18.013149599,40.32,0.1907627501,0.0802919708,8328.88,6.8,0.183,3.8,3.6,0.139,0.114,0.109,0.368,0.194,0.1542462559,0.0001781103,0.0004452756,0.347,0.272,62.7577550654474,59.7692905385213
"51059",0.1089461268,0.0010285371,8.2282965492,30.3,0.1303467239,0.0561234823,7799.14,9.6,0.103,2.6,2.5,0.166,0.077,0.078,0.329,0.123,0.995348175,0.0013369599,0.000535845,0.235,0.167,29.759321851024,9.2063320800212
"51061",0.1091006777,0.000527488,13.626772946,53.07,0.1277005708,0.065230155,9279.31,9.5,0.117,3,3,0.174,0.086,0.087,0.35,0.155,0.6631136604,0.0006398143,0.0004612615,0.245,0.241,57.7760151196894,16.647326390419
"51063",0.1627531671,0.0003851586,15.406342278,34.77,0.1892154744,0.0884394808,8531.79,8,0.146,3.4,3.2,0.154,0.1,0.1,0.335,0.188,0.431376399,0.000321999,0.0003863988,0.267,0.272,106.935859871249,29.9420407639498
"51065",0.1209235065,0.0002682815,8.8149624406,33.78,0.1433472861,0.0642980936,8293.64,8.9,0.129,3.1,3.2,0.165,0.09,0.092,0.338,0.16,0.5213498891,0.0003849559,0.0001539824,0.294,0.211,45.9746628524724,43.420514916224
"51067",0.1561658341,0.0004613365,10.823663011,43.13,0.1828334102,0.0799443865,7718.64,7.9,0.151,3.5,3.4,0.157,0.105,0.102,0.33,0.173,0.3417439769,0.0001420076,0.0001775095,0.292,0.242,58.0029238208538,14.7966642400137
"51069",0.1371871552,0.0004491545,9.9542347985,63.45,0.1665026016,0.0648683686,7827.43,9.1,0.124,3.2,3,0.172,0.091,0.089,0.334,0.153,0.6434455016,0.000295134,4.9189e-05,0.301,0.213,50.2237793393953,19.4414629700885
"51071",0.1355365763,0.0005352364,11.894142135,45.82,0.1604112597,0.0653666575,8960.08,8.3,0.135,3.3,3.3,0.159,0.097,0.098,0.349,0.178,0.6591461298,5.90842e-05,0.0002363368,0.296,0.317,120.916587377101,118.934348239772
"51073",0.1266644802,0.0005654129,9.6927923319,45.18,0.1480046999,0.0649987428,9304.48,8.9,0.12,3,3,0.176,0.088,0.089,0.323,0.161,0.5710022248,0.0011945485,0.0004072324,0.331,0.244,67.4958152594539,19.7987724761065
"51075",0.0660829935,0.0008661561,18.690736689,34.65,0.0726550079,0.0489445604,8452.25,8.8,0.116,2.8,2.9,0.165,0.083,0.086,0.316,0.148,0.6553851821,0.0008785721,0.0001849625,0.294,0.208,37.9852617184532,24.3105674998101
"51077",0.1633907698,0.0002650235,9.2758232293,51.34,0.1909479847,0.0738776953,9943.79,7.6,0.178,4,3.7,0.136,0.124,0.119,0.326,0.206,0.4540655379,6.59587e-05,0.0003297935,0.299,0.291,62.6810184584792,62.6810184584792
"51079",0.1584381453,0.0001576375,7.8818769376,43.36,0.1894423531,0.0834562698,8674.17,9.1,0.133,3.3,3.2,0.175,0.096,0.095,0.334,0.172,0.7337390643,0.000319081,0.0001063603,0.285,0.266,52.6343491762724,64.9156973174027
"51081",0.1305787504,0.0005136547,5.1365465286,65.84,0.1602254428,0.0573613767,8743.73,6.6,0.226,4.1,3.5,0.144,0.129,0.115,0.429,0.235,0.2708486482,0.0010095911,0.0005889282,0.32,0.278,73.3385986686224,56.4143066681711
"51083",0.1430949035,0.0004545455,16.477272727,43.04,0.1731601732,0.0631716907,8256.6,6.1,0.204,4.1,3.8,0.127,0.126,0.119,0.371,0.21,0.3979746696,0.000677947,0.0006496992,0.318,0.284,70.9380852392032,17.9709815939315
"51085",0.0855769231,0.0007358857,13.736533291,34.04,0.1014201763,0.0477486393,9431.49,9.1,0.109,2.7,2.9,0.178,0.081,0.085,0.309,0.146,0.7816608754,0.0011052995,0.0005723872,0.29,0.197,56.7746145688882,15.3356717513663
"51087",0.118233303,0.0009909171,11.431269492,39.17,0.1426251167,0.0561519934,8996.4,7.8,0.136,3.2,3.2,0.161,0.093,0.094,0.34,0.155,0.9393650121,0.0019710556,0.0005429819,0.281,0.233,66.0667501993393,12.4263479998757
"51089",0.1629125974,0.0005952267,15.744705363,62.63,0.1944169471,0.070955711,8574.7,7.2,0.204,4.2,3.8,0.132,0.127,0.117,0.373,0.201,0.5581429706,1.90053e-05,9.50263e-05,0.323,0.369,63.2268695035733,20.4369679203469
"51091",0.245437382,0,31.138790036,39.65,0.265227448,0.1565495208,7033.47,6,0.143,3.5,3.4,0.14,0.104,0.103,0.321,0.169,0.2417061611,0.0013544018,0.0009029345,0.272,0.251,104.837501872098,104.837501872098
"51093",0.1146022766,0.0005554476,14.441636348,38.66,0.13450187,0.0589720924,8930.24,8.3,0.131,3.2,3.1,0.163,0.094,0.093,0.342,0.166,0.6627728948,0.0001402289,0.0002243662,0.322,0.235,75.9420987802958,15.7440936495735
"51095",0.1031553398,0.0013364011,11.159637932,33.95,0.1198457136,0.0619889713,8499.46,8.4,0.121,3,3,0.158,0.087,0.089,0.314,0.147,0.9136086197,0.0021697203,0.0007374213,0.259,0.202,73.5273716045615,11.5609074849939
"51097",0.1671358198,0.0004181185,9.756097561,37.64,0.1908799267,0.0918220947,8871.51,7.7,0.159,3.5,3.4,0.148,0.105,0.102,0.36,0.18,0.2771778258,0,0,0.329,0.279,74.5468946559195,55.9101709919396
"51099",0.0917551389,0.0001576603,11.824524063,57.38,0.110303576,0.0505079826,9071.89,8.9,0.116,2.9,2.9,0.188,0.084,0.086,0.342,0.158,0.6130003392,0.00032095,0.0002407125,0.287,0.208,31.657257426265,22.4238906769377
"51101",0.1242492221,0.0005560361,11.120721611,36.29,0.1454129808,0.0704154002,9492.62,8.5,0.135,3.2,3.2,0.167,0.095,0.096,0.349,0.17,0.4757452149,0.0001863701,0.0001242468,0.257,0.271,47.3718899324436,26.7754160487724
"51103",0.1383577053,0.0004527345,28.069540022,31.89,0.1558512577,0.0832363213,7043.59,8,0.149,3.4,3.4,0.121,0.101,0.101,0.328,0.152,0.5013607234,0.0008970219,0.0004485109,0.311,0.271,117.62222155201,117.62222155201
"51105",0.1592202771,0.0002805499,6.8133541742,80.3,0.1927259633,0.063253012,9810.11,7.8,0.197,4.2,3.8,0.146,0.128,0.12,0.367,0.237,0.5174502677,0.0007941235,0.0005955926,0.321,0.357,30.7166323886856,16.0260690723577
"51107",0.0744109398,0.0007436992,6.5831152734,40.96,0.0894404608,0.0453727436,8272.44,10,0.105,2.6,2.6,0.187,0.074,0.077,0.309,0.13,0.8863792822,0.0011095891,0.0004547027,0.215,0.175,18.0087801991624,10.658257668892
"51109",0.146159292,0.0001455689,11.936648422,42.06,0.1671157755,0.0861398095,7821.69,8.7,0.145,3.2,3.1,0.158,0.096,0.097,0.338,0.169,0.4601695171,0.0001472971,8.83783e-05,0.307,0.292,44.7057680159386,5.83118713251373
"51111",0.1822795984,0.0002406546,15.241456762,59.24,0.2161404544,0.0840266223,7585.14,7.7,0.192,3.9,3.5,0.141,0.119,0.111,0.379,0.201,0.1769397553,0.0003991379,0.0004789654,0.291,0.275,40.2231041510244,50.9492652579642
"51113",0.1626927128,0.0005320362,11.400775253,34.76,0.188845655,0.0921325052,7366.87,8.7,0.149,3.5,3.4,0.146,0.105,0.105,0.337,0.182,0.4367297866,0.0002272727,0.0002272727,0.272,0.242,119.014458990656,15.1933351902965
"51115",0.1352634077,0.0005658669,20.371208692,29.42,0.1516714816,0.084398977,8229.2,9.1,0.126,3.1,3.1,0.15,0.091,0.094,0.312,0.152,0.664624638,0.0002247949,0.0003371923,0.286,0.228,82.7223162248543,75.2021056589585
"51117",0.1674065773,0.0006732496,14.106181072,54.83,0.1999538878,0.0735056543,8757.25,6.9,0.2,3.9,3.6,0.124,0.12,0.114,0.362,0.192,0.4820179057,0.0004773118,0.0003818494,0.307,0.265,62.9675877010427,13.8742142392128
"51119",0.1333060445,0.0003739716,14.958863126,36.44,0.1474054529,0.0886442642,8035.25,8.7,0.137,3.2,3.2,0.142,0.096,0.096,0.334,0.156,0.3701980108,0.0001858391,0.0002787586,0.257,0.26,81.0878243512974,93.562874251497
"51121",0.1387547486,0.0006787051,11.003249558,37.54,0.1563437445,0.0724673557,8530.5,7.7,0.165,3.8,3.5,0.197,0.117,0.111,0.36,0.207,0.7605199593,0.0015175611,0.000571684,0.235,0.218,47.7492579971419,10.6491150928878
"51125",0.1665342163,0.0007407407,12.121212121,40.52,0.1878350035,0.1030072589,8101.49,8.4,0.148,3.5,3.3,0.149,0.103,0.102,0.319,0.178,0.4381491345,0.0007437961,0.0003380891,0.292,0.237,76.5352061948496,24.7613902395102
"51127",0.116945543,0.0002996853,11.487937665,40.03,0.13114489,0.0773364486,9350.19,9.4,0.115,2.9,2.9,0.177,0.084,0.085,0.327,0.156,0.50518205,0.0009740093,0.0003588455,0.289,0.23,45.0600801068091,20.0267022696929
"51131",0.1911715898,0.0011550202,17.325303193,38.84,0.2206741573,0.1106623586,8415.97,7.3,0.202,4,3.7,0.127,0.126,0.118,0.356,0.197,0.4374848656,0.0006597938,0.000742268,0.361,0.284,79.6681409851378,87.9096728111865
"51133",0.176178043,0.0011427639,21.222757326,28.33,0.1982393218,0.1079742447,8057.29,8,0.159,3.5,3.3,0.125,0.105,0.102,0.334,0.155,0.3558799676,8.19672e-05,0.0002459016,0.28,0.274,100.864160510318,76.3296349807813
"51135",0.1536535194,0.0007702677,19.2566917,45.24,0.1871279762,0.0692495424,9650.82,5.1,0.208,4.1,3.6,0.138,0.128,0.117,0.389,0.22,0.3144515234,0.0003169974,0.0002535979,0.347,0.27,57.4162679425837,51.03668261563
"51137",0.1413557731,0.0005995546,10.849083538,37.5,0.1669900015,0.0765765766,8334.98,8.3,0.135,3.2,3.2,0.16,0.096,0.096,0.34,0.168,0.6003106239,0.0004324137,0.0001153103,0.284,0.25,84.6812559467174,25.6898192197907
"51139",0.1525921266,0.0004612546,10.902381751,69.41,0.1830010493,0.064420218,9841.11,8.2,0.155,3.6,3.5,0.153,0.109,0.108,0.343,0.189,0.8088761334,0.0002518786,0.0004197977,0.26,0.255,64.4302822326493,26.612507878703
"51141",0.1672362394,0.0001642576,12.045554095,48.94,0.1947012294,0.0806824754,8571.81,8.1,0.177,3.9,3.6,0.141,0.12,0.115,0.337,0.196,0.3802055165,0.000108885,0.0002722125,0.285,0.323,64.0122903597491,36.5784516341423
"51143",0.1433515186,4.809e-05,13.304906786,49.41,0.1715700869,0.0608951982,8280.79,7.7,0.17,3.5,3.5,0.142,0.106,0.105,0.369,0.189,0.3259534532,6.40759e-05,0.0001441707,0.337,0.311,74.3303583364973,18.1815264995749
"51145",0.1161308077,0.0005624099,11.248198531,37.04,0.1301850284,0.0759425494,8891.02,9.2,0.109,2.8,2.8,0.183,0.08,0.083,0.327,0.151,0.6153818726,0.0003538696,7.07739e-05,0.296,0.208,31.8625426309019,18.8815067442382
"51147",0.1618032054,0.0005200659,12.134870417,46.61,0.1924654667,0.0660115898,8440.45,6.5,0.203,4.1,3.7,0.162,0.126,0.12,0.377,0.207,0.7048527901,0.0015349531,0.0003947022,0.336,0.238,72.6448538385541,17.434764921253
"51149",0.1131502839,0.0001339298,8.3036455683,51.79,0.1331422358,0.0637489273,10267.52,7.3,0.152,3.4,3.1,0.183,0.098,0.092,0.407,0.185,0.7286494052,0.0011005825,0.0008858347,0.317,0.252,27.5682982356289,18.6752988047809
"51153",0.1252521561,0.000441611,6.0749528126,40.83,0.1511414308,0.0693334365,8387.48,9.2,0.135,2.8,2.7,0.175,0.086,0.085,0.364,0.153,0.9106297979,0.0008390715,0.000291851,0.288,0.182,22.7477654436001,8.90455292035663
"51155",0.1232150297,0.0004661733,15.733348872,74.9,0.1441325265,0.0579356609,9857.29,7.9,0.154,3.6,3.3,0.158,0.104,0.1,0.348,0.195,0.6735489791,0.0002608166,0.0001448981,0.311,0.274,89.1809889396186,13.5710200560289
"51157",0.1661880833,0.0004075533,9.5095775031,40.62,0.1836401771,0.1111111111,7781.9,7.2,0.126,3.1,3.2,0.157,0.092,0.093,0.322,0.155,0.3591482436,0.000668628,0,0.296,0.241,49.5116352342801,45.0105774857091
"51159",0.1717597471,0,21.34351831,45.25,0.1999524489,0.0962396431,8917.17,8.1,0.185,3.7,3.3,0.157,0.111,0.103,0.382,0.194,0.1990490599,0.0012286384,0.0003350832,0.285,0.236,104.622052834137,67.2570339648022
"51161",0.0970678136,0.0012368716,13.115103695,40.04,0.1157913998,0.047860056,8588.47,8.8,0.108,2.8,3.1,0.17,0.083,0.089,0.327,0.179,0.7583030224,0.0019887943,0.0004918524,0.27,0.266,105.42457350968,17.3932798046273
"51163",0.1490436022,0.0011197205,12.092981592,43.7,0.1709191516,0.0778516876,7617.92,8.1,0.141,3.5,3.3,0.154,0.101,0.099,0.344,0.173,0.6556237952,4.4829e-05,8.9658e-05,0.241,0.238,83.5970621603869,19.4064608586613
"51165",0.1537369387,0.000217472,13.943789897,43.6,0.1807130745,0.0863424018,8496.13,8.6,0.123,3.1,3.1,0.176,0.094,0.095,0.303,0.157,0.6277092015,0.0001029058,0.0001414955,0.252,0.267,66.0966717127567,14.9250549028805
"51167",0.1445676667,0.0003925347,8.9212432645,127.72,0.1704637917,0.065095986,10001.22,8,0.175,4,3.7,0.152,0.119,0.111,0.359,0.215,0.4462400941,0.0005660911,0.0008845174,0.303,0.285,74.8414074936444,20.1953004347929
"51169",0.1444047549,0.0003573981,5.3609721229,81.28,0.1714684015,0.0625711035,10623.89,8,0.175,4,3.6,0.146,0.115,0.109,0.358,0.203,0.4742632782,0.0008833922,0.0004416961,0.309,0.307,95.3090096798213,17.8704393149665
"51171",0.1449937074,0.0005346226,16.271123405,66.01,0.1728996208,0.0717563621,8465.8,8.7,0.143,3.4,3.2,0.157,0.102,0.099,0.348,0.17,0.6176981878,0.0003514197,0.0002577078,0.298,0.254,72.927576709725,18.6198068195042
"51173",0.1370580707,0.0006021233,11.091744573,70.86,0.1651659652,0.0548298906,9955.15,7.7,0.173,3.9,3.7,0.147,0.117,0.112,0.341,0.212,0.7630712866,0.0009478074,0.0004423101,0.297,0.284,67.5982551200397,20.0682319887618
"51175",0.1401563082,0.0002214962,15.504734481,47.19,0.1649269311,0.0687044307,8913.6,6.3,0.165,3.5,3.3,0.144,0.107,0.103,0.391,0.185,0.1744211093,0,0,0.311,0.277,60.7779578606159,60.7779578606159
"51177",0.1200725889,0.0006424745,7.3536241756,62.53,0.1439877362,0.0655143412,10005.45,8.5,0.132,3,3.1,0.177,0.089,0.091,0.364,0.176,0.7455411489,0.0004868549,0.0004947074,0.316,0.245,31.2652611941263,10.8524047120108
"51179",0.0925924421,0.0003000171,6.2146408366,60.92,0.1121423587,0.0513689036,9747.47,9,0.12,2.8,2.8,0.18,0.082,0.084,0.349,0.156,0.8105939005,0.0006067784,0.0001535222,0.288,0.201,27.9380968186388,12.416931919395
"51181",0.1359329446,0.0001472754,16.200294551,46,0.1571060642,0.0666666667,8215.97,7.1,0.18,3.8,3.4,0.14,0.113,0.107,0.384,0.192,0.0860017002,0.0005912786,0,0.346,0.262,59.2183181997631,59.2183181997631
"51183",0.1470308466,0.0002549503,16.996685646,55.09,0.1744333636,0.0672440143,9650.9,5.3,0.224,4.2,3.6,0.139,0.132,0.117,0.424,0.231,0.0334243402,0.000169348,8.4674e-05,0.368,0.262,85.0051003060184,65.1705769012807
"51185",0.1534308345,0.0007364448,12.657645218,87.77,0.1847259517,0.0613787657,10063.35,7.4,0.162,3.9,3.6,0.149,0.116,0.11,0.348,0.193,0.5161941524,0.0011337097,0.0007709226,0.322,0.315,44.4601162095451,17.6307357382679
"51187",0.1388770217,0.0005129915,13.081283505,76.52,0.1659397715,0.0672268908,8620.54,8.8,0.132,3.2,3.1,0.177,0.093,0.093,0.326,0.182,0.8169527611,0.0008268948,0.0002067237,0.283,0.249,66.7985509852786,21.4097919824611
"51191",0.1367495166,0.0006760584,11.69398308,77.33,0.162205117,0.0607927895,9528.84,8.4,0.146,3.4,3.3,0.152,0.102,0.1,0.321,0.173,0.6675231431,0.0007831424,0.0007649298,0.299,0.263,61.5002405207426,18.8763114469606
"51193",0.1732082552,0.0001144361,20.026320307,53.05,0.2012622029,0.0873039361,8943.43,7.7,0.2,4.1,3.7,0.132,0.124,0.115,0.355,0.199,0.0725335167,5.67795e-05,0.0001703384,0.322,0.299,85.3598391441253,79.6691832011837
"51195",0.1458728272,0.0004757731,9.2650557155,82.44,0.1762048193,0.0582175371,11348.75,7.2,0.194,4.1,3.7,0.155,0.119,0.112,0.383,0.205,0.7550419763,0.0008130282,0.0004681071,0.312,0.31,67.3641489662514,19.1280916817751
"51197",0.1429426605,0.0005837712,10.30184403,57.86,0.1697213868,0.0635390947,9890.53,8.3,0.174,3.8,3.5,0.153,0.11,0.107,0.362,0.198,0.6605438687,0.0018061614,0.0005452563,0.304,0.294,82.206795761783,15.9846547314578
"51199",0.0900228948,0.0010551385,8.8933104218,32.46,0.1057370915,0.0539036793,8664.17,8.7,0.12,2.8,2.9,0.178,0.082,0.085,0.331,0.152,0.8611908835,0.0005281504,0.0004979704,0.268,0.214,52.8815453384419,11.9731800766284
"51510",0.1305066862,0.0007039681,23.177818363,42.38,0.1465719064,0.0663586572,8329.09,8.7,0.13,3,2.9,0.172,0.09,0.09,0.361,0.141,1,0.0023506971,0.000557451,0.216,0.157,30.2442944248948,8.38892838062776
"51520",0.1430140598,0.0004073557,24.441340782,103.45,0.172735217,0.0538701446,10248.26,6.1,0.18,4,3.7,0.147,0.122,0.117,0.352,0.214,0.9701710121,0.0006920016,0.0004036676,0.292,0.285,104.517477644873,9.67754422637712
"51530",0.1413364873,0.0003028926,16.659094351,56.98,0.1764705882,0.0519217802,9245.75,3.8,0.186,4.1,3.8,0.156,0.127,0.121,0.354,0.215,0.8231578947,0.0004491018,0,0.258,0.232,85.4228430732124,100.497462439073
"51540",0.154905292,0.0028293817,20.617200009,NA,0.1725900832,0.0771218716,7278.95,7.2,0.183,4,3.6,0.182,0.122,0.115,0.367,0.216,1,0.0078468511,0.0040812645,0.267,0.2,53.4645778861717,9.52108921260592
"51550",0.1084145288,0.0008398644,10.069803018,46.58,0.1332666919,0.0480442034,9303.53,8,0.139,3.2,3,0.164,0.095,0.092,0.368,0.162,0.8776557205,0.0007026035,0.0005291212,0.327,0.235,49.1870552253382,14.1555769398502
"51570",0.1242750035,0.0014663584,15.79155152,NA,0.1512422053,0.0600234467,8986.11,7.9,0.137,3.2,3.2,0.159,0.094,0.095,0.335,0.158,0.9903509276,0.0017579676,0.001077464,0.258,0.267,124.095139607032,11.281376327912
"51580",0.1473252804,0.0005170631,39.64150293,NA,0.1840692124,0.052398524,9292.08,7,0.167,3.7,3.5,0.154,0.113,0.109,0.363,0.193,1,0.0017188037,0.0005156411,0.276,0.238,34.7262414631323,57.8770691052205
"51590",0.1433406872,0.0009659787,23.324851569,52.6,0.1787868633,0.0531110881,9154.45,5.5,0.236,4.5,4,0.118,0.14,0.129,0.4,0.222,0.687748229,0.0015615168,0.0014915981,0.353,0.285,153.021587814773,12.555617461725
"51595",0.1563620072,0,25.631636763,76.27,0.1993740219,0.0506706408,8724.91,5.1,0.276,4.8,4.1,0.111,0.154,0.138,0.438,0.244,0.968618188,0,0,0.307,0.283,108.787622386075,0
"51600",0.1111328699,8.16893e-05,28.182820733,NA,0.1270207852,0.0734996628,9724.38,9.8,0.127,2.9,2.7,0.166,0.085,0.083,0.331,0.132,1,0.0103032578,0.0011262671,0.218,0.178,52.4362141053416,16.5588044543184
"51610",0.0461538462,0.0031615322,19.116241453,21.22,0.0537827178,0.0310674456,7558.96,9.6,0.116,2.7,2.8,0.177,0.08,0.083,0.334,0.146,1,0.0085134735,0.0015546343,0.281,0.212,48.7792980659008,34.1455086461306
"51620",0.1444270016,0.0011728829,18.766127141,57.99,0.1871757626,0.0521929825,8290.17,3.5,0.251,4.6,4,0.115,0.144,0.131,0.429,0.232,0.5851782801,0.0009261403,0.0005788377,0.353,0.272,109.144772744991,97.4506899508849
"51630",0.1308639818,0.0014462081,13.403880071,47.08,0.1537391304,0.0641747739,9479.6,6.7,0.176,3.7,3.5,0.177,0.112,0.108,0.368,0.201,0.9551593511,0.0043366984,0.0030925636,0.297,0.233,33.096926713948,15.3664302600473
"51640",0.1717262439,0,22.811519818,49.9,0.2141583906,0.0740953475,9810.5,8,0.202,4.2,3.8,0.138,0.13,0.121,0.358,0.207,0.8996023857,0.003127221,0.0035536603,0.26,0.238,166.960835758241,233.745170061537
"51650",0.1328114773,0.0004383434,10.59329773,37.76,0.1614198579,0.0518720749,8513.66,6.5,0.176,3.6,3.4,0.145,0.112,0.108,0.435,0.202,0.9201009925,0.001836151,0.0006291195,0.373,0.237,57.80036680064,11.4625199984391
"51660",0.1874153608,0.0013529479,14.482259232,37.91,0.2154018533,0.0799220273,8253.77,7.1,0.236,4.5,3.9,0.177,0.144,0.129,0.371,0.24,0.8495931635,0.002938029,0.0014009145,0.254,0.199,42.1965207050655,10.8688007876684
"51670",0.1482969152,0.0004505316,18.922328347,70.05,0.1886204801,0.0534351145,9370.71,5.7,0.194,3.9,3.6,0.148,0.117,0.113,0.385,0.203,0.9406843433,0.0010377656,0.0004963227,0.287,0.286,80.9146350600117,25.4731258522259
"51678",0.1502074689,0,30.09164273,NA,0.1785845251,0.0655209452,8068.06,7.7,0.171,3.9,3.6,0.206,0.115,0.11,0.335,0.197,0.7996307867,0.0044630404,0.0012552301,0.26,0.213,105.781170951571,101.18198960585
"51680",0.1334925373,0.0012524194,16.951939985,39.88,0.1607134606,0.0594379508,8598.27,5.8,0.189,3.9,3.6,0.169,0.122,0.117,0.358,0.2,0.7811639848,0.0030763709,0.0013587305,0.29,0.239,84.8555977253634,7.59900875152508
"51683",0.1971599792,0.0010931299,10.456025285,35.98,0.2400896433,0.0959863365,8538.96,9.3,0.163,3.3,3.1,0.171,0.099,0.094,0.363,0.173,1,0.0020860808,0.001222875,0.3,0.21,38.231780167264,10.3544404619673
"51685",0.2065606647,0,5.2721760907,38.03,0.2460472379,0.1005427759,8091.77,9.2,0.172,3.4,3.1,0.17,0.102,0.094,0.372,0.174,0.917816857,0,0,0.301,0.22,12.7526621182172,12.7526621182172
"51690",0.1431629899,0.0001458683,29.902997593,58.48,0.1789985543,0.0576219512,8469.45,5.1,0.227,4.4,3.9,0.118,0.138,0.127,0.411,0.22,0.9759785833,0.0025445293,0.0015267176,0.332,0.278,136.216584369147,26.756829072511
"51700",0.1311536041,0.0006066734,10.876397125,34.08,0.1612413892,0.0536468025,8839.72,6.9,0.174,3.7,3.4,0.169,0.111,0.105,0.409,0.207,0.9175460245,0.0009339633,0.0008570487,0.315,0.248,69.9709520068692,11.8749657452911
"51710",0.1500881788,0.0009778835,10.756718875,43.46,0.1840374256,0.0541037478,9302.07,6.4,0.183,3.7,3.4,0.194,0.115,0.112,0.387,0.214,0.960523552,0.0014219608,0.0012025725,0.307,0.245,61.1144235459917,12.1957829692666
"51720",0.1256179122,0.0027288514,17.36541801,69.66,0.1550632911,0.0446058091,10827.67,7.1,0.182,4,3.7,0.159,0.124,0.118,0.356,0.215,0.9858514401,0.00248942,0.002987304,0.281,0.262,83.4237090181029,0
"51730",0.1518788763,0.0007645026,16.207455429,53.48,0.1857282502,0.0532439091,9000.19,3.8,0.258,4.5,4,0.118,0.142,0.129,0.456,0.226,0.9333744602,0.0022435306,0.0006453992,0.453,0.27,74.7062917024847,11.2571124483196
"51735",0.085481406,0.0006640106,6.6401062417,29.4,0.0989590562,0.0514120203,8725.82,9.2,0.108,2.8,2.9,0.181,0.082,0.086,0.316,0.15,0.5134156379,0.0004130866,0,0.265,0.241,77.32456988208,63.5166109745657
"51740",0.1361088971,0.0005208116,11.666180576,29.37,0.1713380704,0.0437117904,8773.95,6.4,0.194,3.9,3.6,0.15,0.117,0.112,0.381,0.197,0.9051551787,0.001725482,0.0010186581,0.366,0.289,80.4410387989321,12.482230158455
"51750",0.1229278631,0.0006233707,14.167516718,45.42,0.1383895818,0.0540983607,10550.49,6.1,0.231,4.7,4.2,0.179,0.149,0.138,0.366,0.268,1,0.001222067,0.0007565177,0.289,0.221,45.9479639308483,49.7769609250857
"51760",0.1841538698,0.0010144455,15.377341602,40.95,0.2170790104,0.0657161626,8755.04,5.6,0.187,4,3.7,0.181,0.126,0.121,0.39,0.241,0.8784167589,0.0023211934,0.0012563401,0.299,0.22,46.4541529706128,9.81209831722514
"51770",0.1745638288,0.00085489,16.594922959,41.11,0.213393816,0.0636908728,8417.66,6.2,0.182,4,3.6,0.154,0.12,0.115,0.378,0.213,0.8800498805,0.001990555,0.0013812014,0.318,0.259,86.9740421102119,15.7829342825481
"51775",0.1195052821,0.0015696739,20.798179178,40.03,0.1400540803,0.0630236101,8355.34,7.5,0.136,3.3,3.2,0.169,0.097,0.098,0.343,0.171,0.8496492218,0.0063243606,0.0034783984,0.265,0.221,116.776445272522,30.1781824861574
"51790",0.1350238405,0.0006520499,24.451870568,40.4,0.1595289079,0.0598013817,8660.25,7.7,0.163,3.7,3.6,0.148,0.111,0.11,0.338,0.187,1,0.0046406571,0.0007802875,0.268,0.238,150.060024009604,10.9134562916076
"51800",0.107241444,0.0009215953,12.326336889,45.94,0.1302088219,0.0522134952,8511.33,7.6,0.152,3.3,3.2,0.151,0.098,0.098,0.377,0.186,0.7127977774,0.0004315976,0.0006182344,0.331,0.271,43.3456721456108,13.042060645582
"51810",0.1124505566,0.0007516963,7.228701938,42.63,0.1342242841,0.0550444951,9604.54,8.3,0.136,3.2,3,0.188,0.092,0.09,0.352,0.173,0.9041585045,0.0012285971,0.0006666979,0.292,0.22,57.9794173068561,11.9804408210595
"51820",0.1360362915,0.0010296733,19.657399607,40.99,0.1676437965,0.0582152432,8788.56,7.4,0.168,3.8,3.6,0.154,0.115,0.111,0.343,0.201,0.6934685328,0.0010816912,0.0001410902,0.302,0.253,81.0979413599501,17.1553337492202
"51830",0.1339440456,6.80689e-05,13.613777142,29.25,0.1497864552,0.0689869484,8541.14,7.5,0.16,3.5,3.3,0.187,0.106,0.103,0.341,0.181,1,0.0005261081,6.57635e-05,0.264,0.241,71.1917951456095,48.9443591626065
"51840",0.18102537,0.0027230149,18.51650147,62.33,0.2199110256,0.0775618928,8418.17,7.5,0.175,3.7,3.5,0.161,0.114,0.108,0.358,0.2,0.9342823341,0.0041519694,0.0044826573,0.286,0.219,65.8191436198091,19.5019684799434
"53001",0.1819569173,0.0004171229,14.077897701,30.04,0.2434949592,0.0859081721,7394.62,8.1,0.247,4.6,4,0.182,0.146,0.124,0.317,0.158,0.4452691158,0.001153826,0.0005244664,0.364,0.221,22.6086956521739,17.3913043478261
"53003",0.1053927181,0.0009464149,11.266843932,33.42,0.127433491,0.0446764092,7521.06,7.4,0.141,3.8,3.7,0.178,0.11,0.111,0.308,0.14,0.7323220645,0.0019448213,0.0005427408,0.331,0.263,49.6958014577435,19.5771339075959
"53005",0.1091026226,0.0007078279,8.9550958249,47.09,0.1383293866,0.0449530196,8672.43,7.9,0.137,3.6,3.6,0.206,0.108,0.105,0.302,0.138,0.8231560079,0.001420162,0.0006829787,0.295,0.186,16.2129129616003,15.1439296894069
"53007",0.1335555702,0.0011798144,15.015820239,27.84,0.1652036964,0.0585486383,7553.72,8,0.155,3.6,3.5,0.189,0.111,0.106,0.275,0.14,0.8345824189,0.0015006692,0.0009193289,0.267,0.176,45.4952965891909,13.3809695850561
"53009",0.1325821054,0.0008801485,10.314240528,26.54,0.153085101,0.0704490657,7403.32,7,0.142,3.7,3.6,0.177,0.11,0.108,0.275,0.138,0.7896616436,0.0019360549,0.0007744219,0.254,0.177,43.9333128921391,28.3735979095065
"53011",0.1027850068,0.0006762629,7.0730452675,39.57,0.1270168938,0.045754188,7958.76,7.6,0.129,3.5,3.6,0.191,0.1,0.102,0.318,0.142,0.9603397569,0.001942242,0.0004754212,0.285,0.175,36.1066808435229,16.1704766967925
"53013",0.116838488,0.0010037641,15.056461731,37.71,0.1362586605,0.0633713561,8957.09,6.8,0.156,4,3.8,0.169,0.118,0.114,0.276,0.152,0.6584109858,0.0017361111,0.0004960317,0.314,0.249,66.8840397960037,66.8840397960037
"53015",0.1122466196,0.0006560074,10.182800858,35.74,0.1378293256,0.0473890609,8316.94,6.6,0.156,3.9,3.9,0.194,0.116,0.113,0.293,0.17,0.7903817987,0.0015315138,0.0006283134,0.319,0.203,53.6653429215413,19.8399146558425
"53017",0.1626336015,0.0003014772,8.793086122,22.92,0.2027038738,0.0741050674,7998.22,7.2,0.176,3.9,3.7,0.189,0.118,0.112,0.298,0.144,0.7166610289,0.0003293557,0.0002786856,0.305,0.204,42.5677536745987,12.5199275513526
"53019",0.1647832687,0.0005217164,5.2171644711,40.69,0.1879001987,0.0937704918,7116.6,4.6,0.187,4.6,4.3,0.168,0.138,0.131,0.309,0.187,0.6685207257,0.0023541721,0.0013078734,0.283,0.206,26.2065953264905,26.2065953264905
"53021",0.1746238109,0.0003074856,6.7191290187,41.07,0.237708606,0.0687314947,8038.68,7.7,0.217,4.4,3.8,0.194,0.135,0.115,0.335,0.153,0.5482389366,0.0010157206,0.0003808952,0.307,0.204,9.49653186656233,7.97708676791236
"53023",0.0876876877,0.0004514673,13.544018059,37.31,0.0975609756,0.0622317597,7705.07,4.4,0.136,3.7,3.7,0.171,0.109,0.108,0.279,0.142,0.7436010591,0.0004432624,0.0017730496,0.327,0.244,0,14.9476831091181
"53025",0.1665297997,0.0004723716,9.5547897409,30.86,0.2116633532,0.0815198618,7892.84,7.6,0.196,4.1,3.8,0.192,0.129,0.117,0.286,0.164,0.5262118492,0.0013604998,0.0005441999,0.344,0.231,19.0452918601141,11.1396990125196
"53027",0.1436343852,0.000381259,12.708633398,42.67,0.1718630428,0.068034697,8270.8,6.9,0.163,4.1,3.9,0.183,0.121,0.115,0.335,0.175,0.7270766652,0.0011958693,0.0006331073,0.349,0.231,33.7999605667127,20.1860875606756
"53029",0.1000600661,0.0003784295,9.9653106276,30.81,0.1173022474,0.0497831294,6860.75,7.5,0.129,3.4,3.6,0.203,0.097,0.098,0.286,0.14,0.8592719028,0.0021065723,0.0005076078,0.271,0.184,28.9103318822302,18.4355739538859
"53031",0.1091224591,0.0008601297,10.917030568,19.48,0.1200791051,0.0678925035,6811.89,7.1,0.126,3.5,3.5,0.163,0.102,0.102,0.281,0.125,0.74066015,0.0024936827,0.0010307222,0.268,0.16,39.6606808416878,23.1353971576512
"53033",0.0866652613,0.0011928074,9.2501467571,26.98,0.1021460161,0.0399684389,7678.42,7.9,0.104,3,3,0.212,0.09,0.09,0.294,0.104,0.9806146178,0.0027430374,0.0006779333,0.217,0.137,27.3169718824245,12.4168054011021
"53035",0.082788745,0.0006609411,8.6551815031,26.96,0.0981585933,0.0402818641,7728.24,7.5,0.129,3.5,3.4,0.194,0.101,0.098,0.31,0.133,0.9030394253,0.0020356895,0.0005906256,0.295,0.162,26.6829107020599,16.6605491212862
"53037",0.1217599906,0.0006349654,9.6420676356,47.15,0.1413970616,0.0560129741,7480.41,6.4,0.153,3.9,3.8,0.209,0.118,0.114,0.308,0.157,0.7214224612,0.0011971747,0.0004549264,0.295,0.157,24.3030512088808,16.4633572705322
"53039",0.1482204994,0.0006711088,11.984085135,38.75,0.1751579293,0.0721045516,7597.43,7.1,0.155,3.9,3.7,0.181,0.114,0.11,0.301,0.152,0.6735899203,0.0011501965,0.0007188728,0.308,0.222,33.4645355600529,17.5290424362182
"53041",0.1299403805,0.0004791822,10.249174742,34.27,0.1554654572,0.0623339826,7782.9,7,0.15,3.9,3.8,0.185,0.117,0.113,0.292,0.153,0.6000530117,0.0015982739,0.0007458611,0.343,0.196,27.4225864806649,16.8073917139559
"53043",0.1033684752,0.0006829268,19.512195122,45.04,0.1185317816,0.0675909879,8803.69,5.9,0.125,3.3,3.5,0.182,0.1,0.104,0.278,0.128,0.3628192999,0.0004853898,0.0001941559,0.328,0.242,35.6309924850998,32.3918113500907
"53045",0.133739739,0.0002635437,7.0827362422,36.63,0.1569394599,0.067120219,7442.4,7.7,0.15,3.8,3.8,0.193,0.111,0.111,0.33,0.155,0.6767327304,0.000776898,0.0002810057,0.311,0.229,41.7053080979636,21.9501621568229
"53047",0.186054318,0.0009203197,13.562605958,30.34,0.2272376543,0.0863461927,7328.77,7.3,0.203,4.5,4.2,0.166,0.135,0.127,0.31,0.179,0.719844358,0.002379045,0.0010924186,0.31,0.186,42.7422801796789,19.3549947983451
"53049",0.1468445776,0.0003404504,17.02251836,40.06,0.1685214626,0.0767284992,8045.4,6.5,0.167,4,3.9,0.159,0.121,0.117,0.325,0.15,0.6595602294,0.0019026246,0.000390282,0.319,0.251,54.9210913143909,20.9992407966789
"53051",0.1184409306,0.0004620716,8.4713130535,34.67,0.1387910003,0.0625,6839.47,5.9,0.165,4.1,4,0.167,0.124,0.121,0.293,0.158,0.6572571341,0.0011631514,0.0008529777,0.298,0.183,51.3228463650594,74.4181272293361
"53053",0.1077809685,0.0006935696,7.4165071977,38.27,0.1324752962,0.0448973047,8087.61,7,0.143,3.6,3.8,0.2,0.106,0.107,0.352,0.167,0.8964833852,0.0031839247,0.0008392874,0.305,0.194,31.7756073127974,17.2702228900576
"53055",0.1478074484,0.0006868561,17.483609116,14.57,0.1574074074,0.1142014328,6735.63,8.4,0.121,3.3,3.4,0.178,0.097,0.1,0.24,0.121,0.8458367683,0.0032125984,0.0004409449,0.204,0.134,37.3893897220722,22.8490714968219
"53057",0.1351142442,0.0008972708,10.966643127,33.25,0.1643123838,0.0606406914,7755.52,7.6,0.146,3.6,3.5,0.189,0.107,0.106,0.321,0.149,0.7286165217,0.0024992216,0.0007152654,0.254,0.168,37.3911502071747,17.1722319469987
"53059",0.1014477212,0,8.8183421517,37.7,0.1155549207,0.0630337536,9280.05,7.8,0.144,3.7,3.8,0.188,0.107,0.107,0.312,0.149,0.6147659498,0.0009756963,8.86997e-05,0.291,0.2,26.5072305834536,26.5072305834536
"53061",0.0982449539,0.0005081736,7.517282509,28.16,0.1150308769,0.0529828609,7737.82,8.1,0.129,3.3,3.3,0.177,0.097,0.095,0.329,0.129,0.9468440494,0.0021007812,0.0003780602,0.291,0.18,28.9728212987111,14.7059017198003
"53063",0.0958455155,0.0009064292,10.014081657,34.15,0.1170568222,0.0394413956,8423.59,7.3,0.137,3.6,3.6,0.206,0.11,0.109,0.302,0.155,0.8723146889,0.0020504883,0.0010450607,0.292,0.175,42.3466360890957,19.7296827233287
"53065",0.1321410974,0.0007101947,10.538373425,42.12,0.155673773,0.0722508932,7686.44,6.4,0.153,3.8,3.8,0.189,0.116,0.116,0.297,0.17,0.5175162528,0.0022104536,0.0004605112,0.285,0.21,33.6208938573099,23.6874479449229
"53067",0.0958300912,0.0009478994,9.7046842028,26.88,0.1139038864,0.0466121899,7330.83,7.4,0.126,3.5,3.5,0.192,0.099,0.1,0.293,0.143,0.8953318745,0.0016921506,0.0005678613,0.279,0.166,37.9806336373037,17.1727617435994
"53069",0.1214920071,0,14.752889107,45.75,0.1355051936,0.0801630435,7643.99,5.3,0.156,3.9,4,0.166,0.118,0.116,0.283,0.14,0.5268979387,0.002721425,0.0004948046,0.322,0.23,8.22977532713357,8.22977532713357
"53071",0.135236845,0.0012532585,9.0234609986,24.83,0.1645054511,0.0621903424,7450.6,7.5,0.161,3.9,3.7,0.203,0.114,0.109,0.283,0.141,0.7560946564,0.0019989921,0.0007055266,0.282,0.184,33.943198005698,14.4675925925926
"53073",0.118577813,0.0008591271,11.279043537,36.02,0.1371393852,0.0637489413,7014.34,7.3,0.137,3.7,3.6,0.218,0.11,0.108,0.244,0.136,0.8700805409,0.0034310138,0.0006299884,0.231,0.149,33.333971304076,17.225210051867
"53075",0.0945945946,0.0006620112,10.464048519,42.98,0.1051871713,0.0563096358,8185.42,5.9,0.167,4.1,3.9,0.226,0.126,0.122,0.313,0.176,0.7817804181,0.0011810178,0.000429461,0.258,0.187,23.3093647138599,12.0078545495642
"53077",0.1825058413,0.0006984622,8.5188160864,44.56,0.2446594345,0.063538973,8077.57,8.1,0.231,4.5,3.9,0.189,0.141,0.125,0.327,0.169,0.6927858702,0.0020886968,0.0006759929,0.309,0.242,32.2771097462078,13.98674755669
"54001",0.115698032,0.0002982226,9.543122987,68.62,0.1436159134,0.0384937238,9994.78,7.8,0.235,5,4.8,0.107,0.151,0.152,0.375,0.251,0.2055578998,0.0004770423,0.0006559332,0.365,0.32,53.7420382165605,21.8949044585987
"54003",0.1084322047,0.000452501,9.3215200413,61.03,0.1372643507,0.0344232182,8638.55,7.5,0.21,4.8,4.6,0.118,0.14,0.137,0.384,0.255,0.6092119537,0.0013614704,0.0005979431,0.35,0.275,36.8464289165942,18.7252343674495
"54005",0.0947513671,0.0003373535,8.8555283799,113.06,0.1183288223,0.0304540421,11306.12,7.5,0.234,5.3,4.8,0.104,0.158,0.148,0.368,0.246,0.3287587803,0.0001238441,0.0007430647,0.391,0.32,67.3117374842238,25.2419015565839
"54007",0.1188197767,0.0004148517,10.371292263,73.8,0.1456945766,0.0420669096,8919.6,6.5,0.22,5,4.9,0.11,0.152,0.152,0.366,0.249,0.3128830132,0.00034478,0.000482692,0.351,0.316,78.377132319041,55.3250345781466
"54009",0.0904348812,0.0002124947,13.599660008,107.68,0.1082276615,0.0338589981,12558.57,7.4,0.193,4.5,4.4,0.122,0.134,0.134,0.343,0.22,0.4581411774,8.42566e-05,0.000126385,0.394,0.291,67.9723012872255,22.6574337624085
"54011",0.0989786684,0.0014931675,14.210835247,62.37,0.1224465355,0.0282480166,9651.08,7.1,0.205,4.7,4.5,0.113,0.142,0.146,0.364,0.245,0.9086576896,0.0017810631,0.0016266356,0.291,0.271,93.0996337852044,16.1464309516775
"54013",0.1201478743,0.0005324105,5.3241048849,85.92,0.1451790029,0.0402684564,10788.13,6.1,0.251,5.2,4.9,0.106,0.161,0.157,0.376,0.264,0,0.0001322052,0.0013220518,0.332,0.27,26.6110790792567,26.6110790792567
"54015",0.1174923886,0,4.4737725087,53.51,0.1489117984,0.0363115146,10314.63,6.7,0.248,5.2,5,0.103,0.161,0.158,0.378,0.263,0.0812912849,0.0003245348,0.0007572479,0.365,0.363,59.0514855139325,73.8143568924156
"54017",0.1057880968,0.0002383506,7.1505184126,96.78,0.1261375661,0.0372628726,7462.52,8.3,0.214,4.7,4.5,0.118,0.14,0.138,0.362,0.235,0.0753474762,0.0001198466,0.0001198466,0.387,0.311,8.02858175103368,8.02858175103368
"54019",0.1173930337,0.0005096162,11.521758398,88.18,0.1466304805,0.0343555696,10845.18,6.8,0.259,5.5,5.1,0.105,0.165,0.156,0.388,0.247,0.4878255392,0.000285094,0.0010526547,0.367,0.313,106.094542025227,17.6824236708712
"54021",0.1206300423,0.0004641448,9.2828962636,88.16,0.1451851852,0.0358890701,9503.94,7,0.272,5.4,4.8,0.119,0.166,0.153,0.399,0.276,0.0975497527,0.0001153137,0.0002306273,0.372,0.302,38.7476751394916,23.248605083695
"54023",0.113849895,0.0005989561,13.690425259,71.83,0.1391957578,0.039899202,8587.01,7.2,0.205,4.7,4.6,0.105,0.139,0.14,0.338,0.221,0.5130267236,0.0005952887,0.0001700825,0.364,0.339,51.1189367261161,65.3186413722594
"54025",0.1183468549,0.001325811,15.796897038,77.3,0.1453619638,0.0360257327,9367.48,7.4,0.244,5,4.6,0.109,0.153,0.144,0.363,0.241,0.4548478016,0.0008136012,0.0011502637,0.345,0.319,68.4738767470218,20.6359628552669
"54027",0.1278236316,0.000170336,8.9426393561,63.99,0.1548729726,0.0459237413,8742.05,6.2,0.229,4.9,4.7,0.106,0.15,0.149,0.363,0.253,0.176806877,0.0004691832,0.0003412241,0.378,0.266,21.3428949502711,15.6514562968654
"54029",0.0969712182,0.0006973964,15.608395324,87.77,0.1179234852,0.0333713169,11434.16,6.9,0.197,4.7,4.5,0.112,0.139,0.139,0.343,0.225,0.7155104968,0.0009573801,0.0005942359,0.381,0.309,74.2645591788778,19.9516726152209
"54031",0.1275468988,0.0002872944,11.491776198,64.97,0.1563393708,0.0408445829,9117.82,6.3,0.223,4.9,4.7,0.109,0.149,0.147,0.366,0.239,0.3587165775,0.0003591954,0.000862069,0.395,0.343,35.9755366350881,38.373905744094
"54033",0.1061351559,0.0011489071,17.451753174,67.22,0.1329751349,0.0306979821,9548.91,7.6,0.212,4.6,4.6,0.111,0.138,0.14,0.352,0.231,0.6842790778,0.0015803514,0.0010439019,0.332,0.317,49.4073539455647,20.3442045658208
"54035",0.1047667819,0.0003433359,10.986747236,75.14,0.1305710306,0.0348640762,10048.81,7.5,0.213,4.6,4.6,0.109,0.139,0.143,0.363,0.229,0.3723939612,0.0002399068,0.0004112688,0.338,0.286,58.2584160564764,44.5505534549525
"54037",0.0993437527,0.0004846266,9.1540574013,53.06,0.1224640463,0.0385555047,7855.19,8.4,0.179,4.2,4.3,0.119,0.125,0.129,0.346,0.221,0.666211821,0.0005084161,0.0003994698,0.36,0.233,29.2943061434345,11.3590166678624
"54039",0.0972369402,0.001319504,18.136608086,60.53,0.1191584516,0.0324027666,9842.69,7.1,0.198,5,4.7,0.119,0.147,0.139,0.368,0.234,0.736795761,0.001401124,0.0015213698,0.351,0.293,101.258270010354,22.8138216661109
"54041",0.1058904952,0.0006701596,16.449372487,98.07,0.1300554301,0.0356412504,9219.78,7.6,0.22,4.9,4.7,0.108,0.147,0.147,0.367,0.269,0.555094063,0.0011548748,0.0007293946,0.36,0.285,40.5564342782983,46.639899420043
"54043",0.1170857656,0.0002319002,6.4932053244,104.94,0.1468387294,0.035959596,10917.63,7.3,0.256,5.3,4.9,0.107,0.161,0.156,0.378,0.274,0.0506906077,0.0003246904,0.0004638434,0.388,0.298,77.4773378786705,68.18005733323
"54045",0.1104916548,0.0004526423,8.7699445513,128.33,0.1371449752,0.0312832801,11541.43,7.2,0.258,5.2,4.9,0.11,0.154,0.149,0.409,0.277,0.5206161718,0.0002500903,0.0007502709,0.418,0.361,53.7522868297467,20.7464966711303
"54047",0.1385498489,0.0004401408,7.3356807512,103.75,0.1714950646,0.0389368151,11110.9,6.1,0.32,6.2,5.5,0.093,0.193,0.178,0.418,0.307,0.4085379641,0.0002874114,0.0007664304,0.446,0.371,63.7682107294102,40.8770581598784
"54049",0.103135259,0.0006337693,17.956798056,67.3,0.1271363795,0.0300295088,10054.81,7.5,0.205,4.5,4.4,0.115,0.136,0.137,0.353,0.227,0.6291254564,0.0007209679,0.0004923683,0.345,0.246,63.8936434617459,13.4821449506436
"54051",0.0915812534,0.0004010365,14.190523198,94.44,0.112429114,0.0302304699,9957.82,6.8,0.206,4.7,4.6,0.12,0.138,0.137,0.362,0.224,0.5577974446,0.0001540405,0.0001540405,0.377,0.28,53.6896120925526,19.6173582645865
"54053",0.1025196703,0.0005552265,14.806040865,74.74,0.127418025,0.0335034014,8881.13,6.9,0.24,5.2,4.8,0.108,0.154,0.149,0.363,0.248,0.3059947299,0.000110595,0.00014746,0.383,0.324,56.6649010212001,12.3184567437391
"54055",0.1181481029,0.0006474063,13.919236061,87.5,0.1488586227,0.0308087291,9928.05,6.4,0.238,5.2,4.9,0.102,0.157,0.153,0.384,0.24,0.5737344212,0.0008711926,0.0013067888,0.362,0.329,98.9547565875209,25.4146096153742
"54057",0.0973877284,0.0002538255,14.504315034,62.9,0.1194364792,0.0333688321,10296.13,6.8,0.22,4.9,4.7,0.108,0.149,0.149,0.337,0.241,0.5106692188,0.0006497257,0.0001443835,0.355,0.247,64.0614990390775,19.3393204646272
"54059",0.1141537751,0.0003499767,10.888163011,168.59,0.1413137961,0.0364044168,11494.8,7.1,0.27,5.6,5.1,0.104,0.169,0.155,0.394,0.27,0.3927493573,0.0008494208,0.0006177606,0.377,0.369,35.1068809486659,20.8040775992094
"54061",0.0967590142,0.001227492,9.6652909736,48.45,0.1130538331,0.0304117647,9882.91,6.6,0.2,4.7,4.4,0.149,0.143,0.141,0.348,0.222,0.8119535498,0.0018284217,0.0020044195,0.297,0.247,30.0026131308211,13.2269584770286
"54063",0.1291182632,0.0004417612,10.307760271,69.95,0.1592348455,0.0465356774,10056.99,8,0.206,4.7,4.6,0.104,0.141,0.142,0.358,0.223,0.278773515,0.0002966699,0.0003708374,0.322,0.315,83.8037021517833,93.6629612284637
"54065",0.1178480553,0.0005156707,16.043087148,44.59,0.1406160867,0.0462343705,8302.85,7.4,0.208,4.7,4.5,0.11,0.139,0.138,0.364,0.219,0.7185451229,0.0004000457,0.0003428963,0.355,0.278,55.2644116245831,19.0566936636494
"54067",0.1117318436,0.0008905409,12.390134356,57.97,0.1375402447,0.0372321104,8758.54,7.5,0.215,4.8,4.7,0.108,0.144,0.145,0.346,0.245,0.4537414707,0.000500674,0.0007702677,0.383,0.335,67.1956167782286,24.5522445920451
"54069",0.0881384859,0.0015232644,22.387370753,67.04,0.1076550192,0.030037843,9687.59,6.8,0.195,4.7,4.4,0.118,0.137,0.138,0.343,0.244,0.8163715321,0.0020353557,0.0021497016,0.349,0.253,76.0830304101567,16.9073400911459
"54071",0.1297416163,0.0002713336,10.853344187,61.78,0.1543431443,0.0505952381,8233.91,6.8,0.215,4.7,4.7,0.104,0.143,0.144,0.378,0.219,0.7689408707,0.0005354036,0.0006692545,0.363,0.293,67.9624847084409,72.493317022337
"54073",0.0813871196,0.0003929788,17.02908043,60.85,0.1002613447,0.0298313878,10701.97,8.2,0.201,4.5,4.4,0.12,0.136,0.136,0.36,0.233,0.6327416174,0.0005279134,0,0.336,0.254,26.2180467555167,61.175442429539
"54075",0.124652456,0.0004617871,11.544677903,47.54,0.1485623003,0.0441558442,9737.5,6,0.217,4.9,4.7,0.103,0.148,0.145,0.341,0.23,0.9599724739,0.0001153536,0.0004614142,0.318,0.272,34.6981263011797,34.6981263011797
"54077",0.1118538671,0.0002959631,9.4708180419,69.05,0.1361645106,0.0394776343,10331.18,7.6,0.21,4.6,4.5,0.126,0.133,0.135,0.358,0.235,0.2093675418,8.86027e-05,0.0006202191,0.351,0.285,31.5000935159026,21.6563142921831
"54079",0.0817289221,0.0011097411,11.273559979,52.58,0.101848326,0.0299499589,10031.8,8.1,0.169,4.1,4.3,0.121,0.121,0.127,0.333,0.188,0.5901488664,0.0005825243,0.0003177405,0.349,0.255,74.0009866798224,9.39695068950126
"54081",0.1083143771,0.0009585767,11.886351146,77.33,0.1358291175,0.0340674263,10469.17,6.3,0.225,4.7,4.6,0.103,0.141,0.14,0.374,0.219,0.4632064825,0.0011162838,0.0018520163,0.368,0.308,51.1543839307029,21.3143266377929
"54083",0.1053585537,0.0006796018,11.213428931,55.14,0.1300590612,0.033999299,9283.29,7.6,0.219,4.8,4.7,0.126,0.142,0.14,0.37,0.243,0.8406733549,0.0010878803,0.0010198878,0.341,0.305,32.9657837899284,21.5982721382289
"54085",0.1318295739,0.0002996704,13.984616921,59.99,0.1607470402,0.0456057007,9019.38,7.8,0.224,4.9,4.7,0.106,0.145,0.146,0.355,0.234,0.2582065269,0.0004963765,0.000694927,0.374,0.32,39.912193175015,33.2601609791791
"54087",0.1271480572,0.0004091653,5.4555373704,94.58,0.1583007138,0.0423393238,10081.43,6.5,0.238,5.1,4.9,0.099,0.158,0.157,0.381,0.263,0.3372638349,0.0003411572,0.0005458515,0.373,0.306,45.7090618215061,13.7127185464518
"54089",0.1161392405,0.0003726615,10.434523366,66.09,0.140115958,0.039557635,9085.46,7.2,0.236,5,4.8,0.102,0.151,0.15,0.382,0.228,0.5544625547,0.00051611,0.0007373,0.343,0.295,94.4827071781994,84.5371590541784
"54091",0.102281089,0.0004101002,12.888862851,86.5,0.1254793982,0.0351366425,10872.7,7.9,0.206,4.7,4.6,0.111,0.141,0.143,0.373,0.239,0.6285291506,0.0002945855,0.0004124197,0.352,0.279,39.2510892177258,33.3634258350669
"54093",0.1078116134,0.0004330879,10.105384726,54.34,0.1264423077,0.0405063291,8219.05,8.1,0.215,4.8,4.7,0.108,0.143,0.141,0.353,0.219,0.9847360314,0.0002870264,0.0005740528,0.377,0.351,47.9363405397632,57.5236086477158
"54095",0.1005818786,0.0004396571,15.387997362,63.49,0.1223776224,0.0351624933,10010.19,7.6,0.202,4.7,4.6,0.113,0.138,0.139,0.353,0.225,0.6459600348,0.0002223457,0.0002223457,0.323,0.296,18.4719964533767,44.332791488104
"54097",0.1165923984,0.0005256561,14.556629332,50.07,0.1452743363,0.0365384615,7667.64,7.7,0.205,4.8,4.6,0.118,0.145,0.145,0.357,0.264,0.5591654985,0.0006081492,0.0012568417,0.368,0.253,74.1699706017207,20.2281738004693
"54099",0.1157012423,0.000632265,8.0249015126,74.52,0.144563823,0.0320232897,9367.35,7.3,0.235,5.3,5,0.103,0.157,0.151,0.408,0.251,0.3912101881,0.0010377199,0.0006757246,0.385,0.344,63.9520764186837,13.761839229337
"54101",0.1209851649,0.000565995,11.319900385,72.47,0.1490825688,0.0367278798,10715.67,7.4,0.264,5.5,5.2,0.102,0.171,0.166,0.376,0.272,0.5411841818,0.000224896,0.0014618239,0.392,0.314,41.5376482138811,52.8660977267578
"54103",0.1051284103,0.0005629222,16.887665749,65.93,0.1292320837,0.0352622061,9959.91,5.5,0.211,4.7,4.7,0.105,0.142,0.145,0.355,0.232,0.4767533016,0.000802271,0.0004319921,0.358,0.31,39.5767372104649,58.3236127312115
"54105",0.1072177927,0.0001710864,10.265183918,55.68,0.1311291678,0.0385826772,10505.76,7.7,0.21,4.7,4.6,0.112,0.142,0.141,0.369,0.227,0.3365401434,0.0001694628,0.0011862396,0.373,0.318,5.67343696811528,5.67343696811528
"54107",0.1014958034,0.0008465044,19.365237659,57.83,0.1270702235,0.0286620779,10434.14,7.3,0.211,4.7,4.6,0.113,0.142,0.142,0.365,0.243,0.6828740972,0.0010973905,0.0009010154,0.364,0.266,47.0573714215183,18.9000918004459
"54109",0.1134541933,0.0002655102,7.5227896274,120.64,0.1396120286,0.0376980148,10742.16,7.5,0.241,5.2,5.1,0.102,0.154,0.152,0.4,0.264,0.2634896621,0.0002172119,0.0001303271,0.405,0.355,75.2567583520246,25.0855861173415
"55001",0.0971798497,4.94682e-05,10.388325501,48.09,0.1067009328,0.0655737705,7702.63,7.8,0.136,3.6,3.3,0.225,0.105,0.101,0.293,0.16,0.3576047904,0.0003417969,0.0001953125,0.333,0.265,46.0200844797265,34.5150633597949
"55003",0.1128703559,0.0014904055,18.009066634,53.92,0.1341000325,0.0593129361,8517.21,6.7,0.163,4.2,3.9,0.221,0.126,0.119,0.301,0.198,0.6230116977,0.0021228771,0.0006243756,0.31,0.242,77.1444059880739,20.8498394562362
"55005",0.0990079751,0.0009899901,16.059839402,46.28,0.1142369021,0.0589799134,8803.25,8.2,0.123,3.4,3.4,0.234,0.102,0.103,0.299,0.17,0.5788750818,0.0006130134,0.0008976268,0.325,0.247,82.6663935505582,9.51029306333855
"55007",0.1182252922,0.000333667,14.681348015,39.82,0.1313902383,0.07797341,6984.58,7.5,0.135,3.5,3.6,0.217,0.107,0.11,0.275,0.173,0.5247102704,0.0017154922,0.0001319609,0.293,0.21,39.8953854337515,33.2461545281262
"55009",0.0891790616,0.0007012896,8.5713172556,34.04,0.1074131462,0.0448773808,8642.61,8,0.122,3.2,3.4,0.259,0.099,0.1,0.294,0.161,0.8932288202,0.0014062046,0.0008759319,0.3,0.191,50.651060944915,15.3251927987179
"55011",0.0944550669,0.000151653,13.648771611,40.66,0.1042555944,0.0694685655,7526.33,7.9,0.124,3.3,3.4,0.232,0.099,0.101,0.293,0.154,0.5737101641,7.48671e-05,0.0002246013,0.327,0.284,65.430203588595,60.3971110048569
"55013",0.1150093977,0.0001304802,21.529227557,56.63,0.1292220784,0.0723614543,8149.4,7.9,0.146,3.8,3.7,0.205,0.116,0.112,0.291,0.178,0.5111599922,0.0011739386,0.0003913129,0.303,0.229,61.1086861632475,21.8245307725884
"55015",0.0580557635,0.0001616456,9.0925622841,45.39,0.0669017566,0.038023399,9287.34,9.1,0.099,2.9,3.1,0.257,0.085,0.089,0.297,0.137,0.733413653,0.0002418526,0.0001410807,0.311,0.236,77.248606166454,12.7628131927185
"55017",0.0816471005,0.0007878979,11.660888749,55.92,0.0953457338,0.0477541371,8755.85,8.1,0.117,3.2,3.4,0.228,0.097,0.098,0.297,0.162,0.628711047,0.0006335931,0.000459355,0.284,0.219,82.052145190219,19.9870610078739
"55019",0.1993693062,0.0003486041,14.525172123,62.13,0.2055190117,0.1860510234,8810.57,8.3,0.142,3.6,3.6,0.222,0.112,0.11,0.293,0.171,0.4484865956,0.0002600029,0.0003755597,0.322,0.273,73.4420146304224,13.528792168762
"55021",0.0703842084,0.0006358739,13.777267509,54.34,0.0807033097,0.0445140108,7412.37,8.7,0.109,3,3.3,0.256,0.09,0.094,0.316,0.155,0.6265022082,0.0008296118,0.0005648421,0.35,0.217,72.9364570527789,23.5278893718642
"55023",0.0908943616,0.0006710591,13.421181064,53.76,0.1025102289,0.0609267735,9285.29,7,0.125,3.3,3.4,0.231,0.101,0.102,0.304,0.163,0.2522230233,0.000792828,0.0003659206,0.361,0.232,48.8003253355022,20.3334688897926
"55025",0.0715530634,0.0012570601,12.609339046,35.03,0.0835944421,0.0363829256,7352.7,8,0.112,3.2,3.3,0.255,0.096,0.097,0.296,0.134,0.9511712387,0.0031415522,0.0010805214,0.243,0.16,44.0683259068849,12.7107762864661
"55027",0.0762949918,0.0004515998,11.741594599,40.62,0.0888959065,0.043003413,8020.63,8.5,0.127,3.4,3.4,0.258,0.097,0.096,0.313,0.169,0.7196565982,0.0006338857,0.0006678439,0.338,0.237,58.7747720593776,15.4472157335544
"55029",0.0897195339,0.0008643665,22.329467694,30.48,0.0998979331,0.0581660112,7863.97,8,0.117,3.2,3.3,0.212,0.095,0.097,0.283,0.145,0.7166096815,0.0012546602,0.0006094064,0.28,0.229,91.3285906556432,20.4287636992886
"55031",0.0856836643,0.0002974965,13.044075244,46.82,0.1002291596,0.0434595061,8753.96,7.6,0.141,3.7,3.5,0.236,0.109,0.105,0.305,0.188,0.695758509,0.0008886458,0.0004785016,0.317,0.199,74.7030933178845,17.53235863583
"55033",0.0749361421,0.0006319828,12.188240605,60.22,0.0875979362,0.0391061453,9256.4,7.9,0.131,3.5,3.5,0.247,0.105,0.104,0.312,0.163,0.4621155118,0.0013372014,0.0006346041,0.339,0.22,67.7078631398393,7.52309590442659
"55035",0.0858238657,0.0012996731,12.504430704,50.26,0.1009498529,0.0412964175,8429.66,7.5,0.124,3.4,3.4,0.252,0.103,0.103,0.283,0.169,0.666869227,0.0024547014,0.0011534139,0.277,0.176,78.005421049009,17.3709551075524
"55037",0.1096014493,0.0006694934,8.9265788886,28.67,0.1188679245,0.0729613734,7768.91,6.4,0.117,3.3,3.3,0.211,0.1,0.1,0.295,0.156,0.4546687768,0,0.0002212389,0.334,0.244,59.4132937244709,59.4132937244709
"55039",0.074911326,0.0006485913,13.1683684,37.82,0.0880818719,0.0407304589,8000.09,8.5,0.113,3,3.2,0.246,0.092,0.097,0.271,0.153,0.7442070981,0.0008448103,0.0004420519,0.334,0.226,63.4962196838281,13.7466042614473
"55041",0.1365513313,0.0003286951,12.052152953,50.66,0.1574074074,0.0802248339,8330.8,6.2,0.161,3.9,3.8,0.223,0.118,0.115,0.309,0.189,0.8344797936,0.0008766163,0.0006574622,0.342,0.262,117.173196631271,98.8648846576346
"55043",0.1053182794,0.0005016497,11.962414864,45.71,0.1181203399,0.070721096,7214.46,8,0.129,3.5,3.4,0.259,0.105,0.104,0.29,0.167,0.4691845024,0.0007636727,0.0005678592,0.347,0.23,56.7200350632944,7.73455023590378
"55045",0.0819816586,0.0006745272,11.871677954,38.45,0.093135269,0.0545824387,7250.6,8.5,0.106,3,3.2,0.253,0.09,0.094,0.301,0.145,0.6235817817,0.0007009976,0.0005122675,0.331,0.223,54.7876305697015,10.7778945383019
"55047",0.1075945087,0.0011148864,20.705032916,46.04,0.1180318544,0.0826949076,7900.75,8.4,0.132,3.5,3.5,0.235,0.104,0.102,0.298,0.161,0.5553514251,0.0006856902,0.0004747086,0.368,0.247,68.8425623554747,72.372950168576
"55049",0.080024342,0.0006715635,12.172088143,52.79,0.0924952701,0.0498084291,7664.32,8.5,0.12,3.2,3.3,0.25,0.094,0.096,0.287,0.15,0.4736353274,0.0004631774,0.0004210704,0.314,0.211,57.4334262540799,14.0081527448975
"55051",0.1070075758,0.0005070137,13.52036505,40.18,0.1192133132,0.0633299285,8030.26,7.4,0.132,3.5,3.7,0.22,0.107,0.107,0.316,0.166,0.4530087897,0.0006795787,0.0003397893,0.292,0.232,130.704097289311,102.290163095982
"55053",0.1201592015,0.0009200077,15.010652721,57.59,0.1375066407,0.0783613445,8012.44,6.8,0.15,3.8,3.6,0.229,0.112,0.108,0.311,0.192,0.413712162,0.0009203643,0.000435962,0.339,0.235,48.5044462409054,21.018593371059
"55055",0.0783119457,0.0004265656,12.204514485,39.17,0.0907635127,0.0469022017,7974.38,8.6,0.125,3.2,3.3,0.246,0.095,0.097,0.308,0.159,0.7729249815,0.0007336497,0.0002839934,0.288,0.166,47.3441883036183,13.019651783495
"55057",0.1022834217,0.0007956052,14.017806403,61.39,0.1172918204,0.0614303729,7469.79,7.9,0.145,3.6,3.4,0.227,0.11,0.105,0.326,0.182,0.3948019802,0.0004143594,0.0006027046,0.353,0.272,70.7374377889498,25.2633706389106
"55059",0.0860692724,0.0004462479,7.3779660614,58.21,0.1018078943,0.046907857,9579.02,7.8,0.155,3.7,3.5,0.233,0.11,0.105,0.319,0.174,0.9343371829,0.0008464624,0.0003576602,0.313,0.225,46.4044484811467,15.4681494937156
"55061",0.074493878,0.0003913129,12.228526707,32.47,0.0850869925,0.0473943813,8714.26,8.9,0.119,3.2,3.3,0.235,0.096,0.097,0.298,0.143,0.5543890347,0.0004389173,0.0003901487,0.342,0.261,52.1895131696975,71.760580608334
"55063",0.0685709513,0.0014235961,13.473320284,37.86,0.0803967199,0.0345924613,7765.31,8,0.119,3.3,3.3,0.257,0.099,0.1,0.312,0.164,0.9019086167,0.0022619588,0.0015165406,0.309,0.201,68.8510098148106,19.5502867375388
"55065",0.1322580645,0.0002373465,14.24078799,56.27,0.1399837464,0.1150627615,8189.42,8.5,0.126,3.2,3.3,0.243,0.097,0.099,0.288,0.156,0.2822523165,0.001491113,0.0001789336,0.366,0.242,23.7868696479543,11.8934348239772
"55067",0.0995108222,0.0008243174,23.183925811,39.84,0.1142318737,0.058559681,8250.36,7.1,0.137,3.5,3.5,0.222,0.106,0.108,0.285,0.161,0.4559743705,0.000715198,0.0004086845,0.307,0.231,54.9752611324904,29.2056074766355
"55069",0.0834011759,0.0007019268,15.442389359,52.7,0.0945424313,0.0496682804,8582.53,8.1,0.121,3.3,3.4,0.24,0.098,0.099,0.315,0.159,0.6373725777,0.0006275275,0.0004183517,0.289,0.267,93.944126730627,12.9173174254612
"55071",0.0769112231,0.0005613772,11.102794411,35.78,0.0889054757,0.0439041057,7872.64,8.2,0.118,3.1,3.2,0.244,0.093,0.096,0.286,0.161,0.7382186096,0.0008183103,0.0003595606,0.313,0.209,90.5992851799518,21.6108386667775
"55073",0.0733451646,0.0009058772,13.47768449,52.23,0.0843220701,0.0464174834,7784.58,8.2,0.118,3.1,3.3,0.241,0.093,0.095,0.282,0.158,0.737824754,0.0012627754,0.0008566196,0.305,0.231,72.715838295698,14.248373720103
"55075",0.085077629,0.0007264274,16.223545934,47.47,0.09711824,0.0503666306,8882.53,7.6,0.128,3.3,3.4,0.233,0.101,0.103,0.289,0.161,0.6890703969,0.0010574381,0.0006969478,0.322,0.263,86.4353108439964,16.9639395114385
"55077",0.107396501,6.64452e-05,10.631229236,51.86,0.1179801248,0.0768469657,7509.43,8.5,0.127,3.4,3.4,0.22,0.102,0.102,0.293,0.159,0.1505453129,0.0005930416,6.58935e-05,0.36,0.239,48.5640493587338,26.4894814684003
"55078",0.1387373344,0.0004422822,8.8456435206,123.97,0.1829470199,0.0653896962,7219.66,5.3,0.282,5.8,5.3,0.205,0.192,0.173,0.385,0.321,0.0737240076,0.0009265694,0.0004632847,0.451,0.296,52.1920668058455,52.1920668058455
"55079",0.1111567139,0.0007319067,8.8665273953,51.67,0.139656055,0.0382348122,9226.65,6.9,0.178,4.1,4,0.224,0.123,0.12,0.377,0.201,0.9916548402,0.0021275639,0.0011275879,0.334,0.227,63.3064870160729,10.3478407505634
"55081",0.1002043904,0.0005509156,11.018312435,47.32,0.1165110918,0.0634826209,7645.09,7.9,0.136,3.6,3.5,0.235,0.108,0.105,0.3,0.174,0.5402368321,0.0013024858,0.0008168131,0.337,0.216,68.2689060825393,12.4792624021846
"55083",0.0858800646,0.0002672582,10.690327926,38.53,0.0973720121,0.0537580886,8637.37,8.4,0.118,3.2,3.3,0.247,0.096,0.097,0.299,0.16,0.4908390866,0.0003483574,0.000482341,0.313,0.252,37.4431666220915,13.3725595078898
"55085",0.0843278836,0.0012653601,15.465511908,37.42,0.0947368421,0.0508953817,7866.45,8.3,0.118,3.1,3.3,0.215,0.095,0.099,0.272,0.149,0.6265625868,0.0024377259,0.0016811903,0.329,0.227,79.5738585832108,15.9147717166422
"55087",0.0705871011,0.00081316,10.768875751,33.91,0.081418119,0.04466627,8022.31,8.6,0.117,3.1,3.1,0.271,0.092,0.093,0.264,0.14,0.8496675062,0.001225429,0.0007319305,0.301,0.187,61.5840292084253,15.7625789045374
"55089",0.0525287974,0.0013947639,11.43249114,40.09,0.0623339861,0.0283276281,8434.88,8.8,0.093,2.8,2.9,0.252,0.082,0.086,0.283,0.129,0.8863591643,0.0018609139,0.0005169205,0.256,0.185,46.8796450867845,10.2906537995381
"55091",0.0938640709,0.0002726653,14.996591684,78.64,0.1040420952,0.0688821752,9385.1,8.8,0.123,3.5,3.4,0.227,0.104,0.102,0.291,0.151,0.5857544517,0,0.0002717391,0.343,0.255,54.5826700022743,45.4855583352286
"55093",0.0687241205,0.0004150593,12.695932419,48.95,0.0785742891,0.0423064178,7621.1,8.5,0.116,3.1,3.3,0.268,0.094,0.098,0.293,0.159,0.6391672152,0.000414877,0.0001220226,0.303,0.212,40.7089877303111,10.5843368098809
"55095",0.0955254469,0.0009438958,17.957041232,54.8,0.1078018025,0.0627940274,8981.17,8.6,0.124,3.4,3.5,0.233,0.1,0.102,0.294,0.157,0.6004524375,0.0015870825,0.0002990155,0.322,0.201,84.3855961458797,19.9456863617534
"55097",0.0783658245,0.0006810249,13.194858262,53.63,0.0916140083,0.0388823079,9139.72,7.7,0.125,3.4,3.3,0.264,0.103,0.101,0.296,0.164,0.7857153058,0.0010656436,0.0008809321,0.344,0.213,71.4725233114025,17.986462820088
"55099",0.0916763679,0.0004387569,18.281535649,84.94,0.0988540486,0.0694996029,8692.35,8.2,0.132,3.5,3.5,0.208,0.104,0.104,0.3,0.162,0.5479906773,0.0005071729,0.0006520794,0.339,0.203,153.202665240017,14.5907300228588
"55101",0.0945514007,0.0004816487,10.145365669,45.95,0.1129324483,0.0492069778,9530.52,7.6,0.148,3.6,3.5,0.235,0.108,0.102,0.327,0.165,0.8904241382,0.0009997898,0.0005024585,0.317,0.23,66.9760321484954,16.231436362518
"55103",0.1023881024,0.000622806,10.7575586,45.62,0.1171188949,0.0646359584,7320.36,7.8,0.137,3.4,3.5,0.222,0.104,0.105,0.28,0.159,0.3181843405,0.0007337585,0.0003386578,0.309,0.19,45.390929379279,64.3038166206453
"55105",0.0892745652,0.0005707621,10.918926967,55.63,0.1072364755,0.0449205427,8772.15,7.5,0.148,3.6,3.8,0.234,0.106,0.108,0.312,0.18,0.8671934935,0.0012691382,0.0004043823,0.342,0.215,57.7191621411947,15.7227825187484
"55107",0.1111111111,0.0006976906,13.256122235,49.99,0.1244001477,0.0751370526,9689.55,7.3,0.15,3.7,3.7,0.211,0.112,0.112,0.292,0.182,0.3259234158,0.0004168114,0.0002778743,0.313,0.294,56.0067208064968,11.6680668346868
"55109",0.0587606132,0.0005532567,11.641443539,46.09,0.0693011958,0.0354317165,8265.08,9,0.1,2.8,3,0.258,0.084,0.09,0.316,0.146,0.8054775031,0.0008728034,0.0002211102,0.265,0.207,58.4161536037386,12.2981376007871
"55111",0.1053751078,0.0009624639,12.622477477,44.58,0.1198584931,0.0685542971,7612.73,8.5,0.122,3.3,3.5,0.244,0.101,0.103,0.307,0.159,0.7359461727,0.0009816029,0.0006016276,0.312,0.233,57.3132193729198,14.7226618572638
"55113",0.1298037944,0.0009734136,15.817971649,47.27,0.1479374111,0.0802725118,7511.83,6.9,0.159,4,4,0.208,0.123,0.121,0.327,0.197,0.4546113426,0.0021801005,0.0006661418,0.307,0.278,68.9291651461704,32.4372541864331
"55115",0.1093849755,0.0005772145,14.670867505,44.95,0.1266444629,0.0648167988,8372.94,8.1,0.137,3.5,3.5,0.23,0.106,0.106,0.314,0.169,0.5155069251,0.0011766683,0.0005042864,0.341,0.231,88.3349661917993,15.2578577967653
"55117",0.0813004679,0.0005551219,15.526064706,31.01,0.0949981745,0.0470852845,7760.79,8.7,0.129,3.3,3.3,0.24,0.096,0.096,0.285,0.151,0.8562684513,0.0010180818,0.0005481979,0.289,0.221,71.7216966808471,15.3276206616327
"55119",0.1032327845,0.0003894839,10.710808179,35.72,0.1168546893,0.0703718513,8285.78,7.9,0.141,3.5,3.5,0.249,0.106,0.105,0.322,0.164,0.4120063802,0.0006792819,0.0004852014,0.317,0.232,51.9438357276195,40.5811216622027
"55121",0.0947503201,0.0004066556,14.910705209,40.33,0.1097710191,0.0605078336,8220.73,8.8,0.118,3.3,3.3,0.239,0.098,0.099,0.301,0.158,0.618302332,0.0004732608,0.0007774998,0.307,0.193,59.7917442267122,14.6658995273068
"55123",0.1327318009,0.0008233977,14.821158026,50.97,0.1471864044,0.1004606,7668.72,8,0.133,3.5,3.5,0.222,0.106,0.106,0.28,0.177,0.3914284755,0.0010880675,0.0006264631,0.322,0.268,60.3090013925897,5.48263649023542
"55125",0.1349333333,0.0007010001,21.4973362,41.56,0.1495864171,0.0910311493,7723.39,7.7,0.145,3.8,3.8,0.198,0.113,0.112,0.289,0.167,0.8713019132,0.0006083864,0.0004211906,0.287,0.245,59.2333951646844,21.8228297975153
"55127",0.108120852,0.0004056913,11.687772272,45.41,0.1259290041,0.0600349635,8339.88,7.9,0.127,3.3,3.3,0.253,0.1,0.1,0.301,0.169,0.7799233087,0.000777114,0.0002817038,0.249,0.225,55.6137559978789,15.5201179528964
"55129",0.1005567741,0.0009557793,18.478399388,52.63,0.1145115754,0.0614062997,8766.8,7.9,0.135,3.6,3.6,0.216,0.108,0.108,0.296,0.16,0.5726227138,0.0008925156,0.0004462578,0.298,0.23,63.9222705190488,34.0918776101594
"55131",0.0556504018,0.0006003707,10.506487756,41.25,0.0649414302,0.0328213826,8437.14,8.9,0.099,2.8,3,0.259,0.084,0.088,0.275,0.135,0.854390501,0.0007458245,0.0002787425,0.307,0.187,42.5357300132111,13.2611393570599
"55133",0.0486659467,0.0013945201,10.882824878,39.8,0.056960413,0.028136156,8712.23,8.7,0.101,2.8,2.9,0.24,0.081,0.086,0.269,0.133,0.92558433,0.0016504038,0.000675396,0.253,0.175,67.0631971514591,13.7500643216199
"55135",0.0794236895,0.0005953981,16.133369185,37.51,0.0914928292,0.0471365639,7568.21,8.1,0.126,3.3,3.4,0.247,0.097,0.099,0.286,0.155,0.6347261973,0.0004781486,0.0007267859,0.322,0.234,136.919690843016,19.1943491836003
"55137",0.1140625891,0.0002481595,16.543965589,44.47,0.1282578875,0.0741846088,9370.45,8.7,0.135,3.4,3.4,0.222,0.102,0.101,0.31,0.167,0.2774330503,0.000780961,0.0004110321,0.342,0.251,49.6277915632754,46.8706920319824
"55139",0.0709759558,0.0008848983,11.090725676,40.08,0.0843833004,0.0333470451,8569.91,7.6,0.123,3.3,3.3,0.26,0.099,0.099,0.272,0.15,0.8354072601,0.0016161283,0.0008552504,0.337,0.204,78.0577194562307,13.9599447894015
"55141",0.0721353335,0.0017796979,14.944027823,49.98,0.0831427264,0.0437811543,8325.51,8,0.123,3.2,3.3,0.243,0.097,0.1,0.301,0.154,0.741427979,0.0012033694,0.0015008315,0.315,0.216,71.9450502710383,18.5518683088841
"56001",0.1336770624,0.0007405252,11.636825262,50.26,0.1516552689,0.0627346683,6898.26,5.9,0.15,3.6,3.7,0.207,0.116,0.115,0.273,0.19,0.6885313645,0.0045160601,0.0007215007,0.23,0.176,22.9704299887798,12.3686930708814
"56003",0.1866848969,0.0002514669,13.411567477,59.41,0.2194824962,0.1163015464,8656.83,7.8,0.134,3.3,3.2,0.158,0.1,0.096,0.309,0.161,0.4707747686,0.0010838753,0.0003335001,0.302,0.27,61.2029154843376,44.5112112613364
"56005",0.1127035392,0.000455298,9.3129139073,58.53,0.1395259449,0.0523205535,8020.55,8.5,0.128,3.1,3,0.204,0.089,0.089,0.304,0.194,0.4385580821,0.0016190634,0.0004151445,0.343,0.264,12.3527958494606,21.9605259545966
"56007",0.1618102914,0.0003153778,14.507379841,53.92,0.1978656213,0.0755933953,7133.55,7,0.139,3.2,3.2,0.191,0.099,0.096,0.314,0.182,0.4090651558,0.0021590043,0.0006985014,0.28,0.27,33.9263374398338,33.9263374398338
"56009",0.1208070409,0.0004965596,14.89678655,61.78,0.147632312,0.0558659218,10286.37,8.4,0.122,2.9,3,0.183,0.089,0.091,0.303,0.172,0.6536543049,0.0020261301,0.0004191993,0.296,0.281,51.5874876893495,30.4835154527975
"56011",0.1451476793,0.0004139073,15.176600442,33.73,0.169495521,0.0867117117,7281.73,6,0.109,2.7,3,0.169,0.082,0.088,0.289,0.154,0.6495835098,0.0004175947,0.0005567929,0.247,0.282,4.57121960138965,4.57121960138965
"56013",0.2025320262,0.0009090239,12.529788959,44.12,0.2464600242,0.1042514913,7618.1,7.6,0.145,3.6,3.5,0.165,0.111,0.11,0.301,0.19,0.6702639384,0.0017074004,0.0005122201,0.297,0.263,45.0760555992657,23.7673747705219
"56015",0.1736890903,0.0007399734,17.759360663,56.13,0.2062218468,0.0875137312,7259.14,7.2,0.142,3.4,3.4,0.157,0.105,0.104,0.28,0.175,0.7199788663,0.003232442,0.0002203938,0.302,0.277,27.1544595028265,34.5602211854156
"56017",0.1746987952,0.0012458472,22.840531561,69.04,0.2104477612,0.0795344326,8689.33,8,0.123,3.1,3.2,0.151,0.095,0.097,0.274,0.161,0.7664172901,0.0014441923,0.0006189396,0.271,0.283,76.367675645654,69.4251596778673
"56019",0.1469152241,0.0011664528,22.162603523,44.11,0.1765306122,0.0723819302,7261.79,7.9,0.113,3,3.1,0.168,0.089,0.092,0.28,0.154,0.5850157545,0.0022021326,0.0004636069,0.211,0.217,50.4149538509269,62.0491739703715
"56021",0.1173488894,0.0007054747,13.798254988,48.98,0.1445561738,0.0482743837,8485.16,7.8,0.14,3.4,3.2,0.169,0.102,0.096,0.301,0.197,0.6300333559,0.0031729796,0.001158555,0.305,0.237,50.4633294045673,22.1209115198103
"56023",0.1501081287,0.000646308,7.0016696289,33.64,0.1838643942,0.0785340314,8088.12,8.3,0.109,2.9,3,0.16,0.087,0.091,0.299,0.143,0.5348503259,0.0009801786,0.0004900893,0.27,0.225,34.14011823262,17.9684832803263
"56025",0.1427569023,0.000698324,14.334019406,41.51,0.1765623457,0.0557465252,8258.05,7,0.131,3.2,3.3,0.181,0.098,0.097,0.308,0.202,0.7714115308,0.0029392514,0.0009879836,0.313,0.242,42.4879991829231,27.7806148503728
"56027",0.1724748966,0.0004060089,16.240357288,33.58,0.1987625677,0.0893719807,7780.41,7.1,0.142,3.6,3.5,0.152,0.11,0.109,0.311,0.184,0,0,0.0003935458,0.257,0.279,13.2520540683806,13.2520540683806
"56029",0.1549389567,0.0012073545,16.213046328,38.9,0.181883494,0.0810234542,7031.1,7.6,0.116,3.1,3,0.166,0.093,0.091,0.275,0.158,0.6438220174,0.0024292606,0.0006842988,0.248,0.233,82.3384108686702,29.7333150359087
"56031",0.1493380931,0.0004545971,20.456870099,48.93,0.177634235,0.0729613734,7616.67,7.6,0.139,3.3,3.2,0.155,0.101,0.1,0.286,0.168,0.7120110765,0.0011409013,0.0004563605,0.287,0.252,22.7479526842584,37.913254473764
"56033",0.138537566,0.0007658498,15.649973362,36.24,0.1669131028,0.0624238733,5986.96,7,0.123,2.9,3.2,0.182,0.089,0.094,0.271,0.16,0.7521637588,0.0037553648,0.000771191,0.251,0.214,46.7367718244033,36.7217492906026
"56035",0.1305590488,0.0007954658,8.9489907527,37.44,0.1523210071,0.0758676352,6729.51,8.3,0.116,2.8,2.9,0.179,0.085,0.086,0.265,0.15,0.4298819167,0.000298775,0.00059755,0.262,0.196,6.66733340000667,20.00200020002
"56037",0.1403412493,0.0003332593,9.3312597201,52.09,0.1740647136,0.0637447013,7753.34,8.1,0.139,3.4,3.2,0.183,0.099,0.095,0.312,0.191,0.9058576451,0.0018568871,0.0004642218,0.311,0.264,34.8475973693771,20.0188325313443
"56039",0.1504274359,0.0012647187,19.188835587,32.79,0.1660824677,0.0970266041,7114.08,8,0.111,3,3,0.224,0.09,0.091,0.261,0.146,0.9783507091,0.0029638944,0.0006287049,0.133,0.117,29.2727192892584,20.4909035024809
"56041",0.1308553418,0.0004305396,5.7405281286,50.67,0.16700611,0.0601750547,7856.7,7.5,0.147,3.4,3.2,0.164,0.101,0.101,0.3,0.181,0.1457997916,0.0028956613,0.000332289,0.322,0.247,31.8511912345522,19.1107147407313
"56043",0.168753818,0.0003604903,19.226147561,54.71,0.204609089,0.0839617898,8014.82,8,0.143,3.3,3.3,0.145,0.101,0.101,0.288,0.163,0.6131489511,0.0027177124,0.0004726456,0.271,0.247,59.7300203082069,47.7840162465655
"56045",0.1508190883,0.000694348,16.664352173,31.14,0.1828193833,0.0670426065,7637.86,8,0.134,3.3,3.1,0.168,0.099,0.096,0.303,0.175,0.5942008879,0.0012573345,0.0002794077,0.32,0.233,83.3603482610105,55.5735655073403
