"5-digit FIPS Code","Uninsured raw value","Primary care physicians raw value","Social associations raw value","Preventable hospital stays raw value","Uninsured adults raw value","Uninsured children raw value","Health care costs raw value","Food environment index raw value","Poor or fair health raw value","Poor physical health days raw value","Poor mental health days raw value","Excessive drinking raw value","Frequent physical distress raw value","Frequent mental distress raw value","Insufficient sleep raw value","Adult smoking raw value","Access to exercise opportunities raw value","Mental health providers raw value","Other primary care providers raw value","Adult obesity raw value","Physical inactivity raw value","MentalDisordersDeath","Suicide"
"01001",0.0935123905,0.0004474753,12.88728991,4931,0.1196066271,0.0265310635,11377.4,6.5,0.1983917887,4.501498764,4.8502135182,0.1447388631,0.1325295812,0.1580923066,0.3844333214,0.1981076587,0.6913012406,0.0002338087,0.0003956763,0.373,0.264,30.4268711034215,15.5117382095874
"01003",0.109067738,0.0006898591,10.123905857,3578,0.137782924,0.0340819821,11526.23,7.4,0.1646067529,3.6479777573,4.7682935308,0.1873695763,0.1161164107,0.1475556542,0.3637796048,0.1851331826,0.7371354895,0.0009632055,0.0005595766,0.326,0.232,40.8624055429704,19.9838041706498
"01005",0.1299147324,0.0003645791,7.2915822734,4548,0.1684114324,0.0355892649,12296.62,5.7,0.2984149992,5.5692666827,5.5904935124,0.1246697372,0.181321046,0.1895469464,0.408895893,0.2553076754,0.5316676986,8.03826e-05,0.000522487,0.464,0.357,41.8037650358703,18.8791196936189
"01007",0.1099324976,0.0005805126,8.930963651,6329,0.1389869469,0.0308721934,12880.49,7.6,0.2385328355,4.8943765041,5.2711142294,0.1542060328,0.1506592018,0.1714179321,0.4011005848,0.2308481254,0.1625136374,0.0002232143,0.0011160714,0.384,0.316,46.3170476617361,16.435081428358
"01009",0.1427102744,0.0002248124,7.4361014077,4260,0.1806290505,0.0467602356,13563.39,7.8,0.2198560956,4.9866219497,5.3578091017,0.158332838,0.1481247144,0.1712957021,0.3884710906,0.2295495894,0.1563448589,0.0001556017,0.000224758,0.327,0.285,33.9969460370509,22.472557549915
"01011",0.11099631,0.0002970003,7.92000792,3775,0.1475752508,0.0238208671,11975.4,4.6,0.3144493189,5.5134424871,5.3948002615,0.1174553146,0.1787151997,0.1815980554,0.4465271376,0.2490571295,0.0250137438,0.0001972776,0.0008877491,0.483,0.396,52.9538308787026,33.0961442991891
"01013",0.115727003,0.0002570958,9.2554504319,5885,0.1466570162,0.0336715867,12158.59,6.9,0.2788672095,5.3876104505,5.7180745884,0.1255623275,0.169435374,0.185264872,0.4197116999,0.2282680655,0.4857974889,0.0005081301,0.0007113821,0.454,0.323,22.1721926592987,34.1110656296903
"01015",0.1190381426,0.0006161701,13.379692795,5234,0.1514969701,0.0297716313,12823.81,5.9,0.2366105737,4.8950277497,5.683091019,0.137202635,0.1524486802,0.1782282994,0.3826870475,0.2123431781,0.477212158,0.0011550881,0.0005600427,0.374,0.281,48.6302955022836,21.0926582901471
"01017",0.1216412769,0.0004510736,18.042942202,4068,0.1542930591,0.0278014184,10931.06,7,0.2507392337,5.0273498783,5.4699221658,0.1367048649,0.1579391203,0.1756663479,0.4051051084,0.2321615642,0.6186467923,5.94972e-05,0.0001487431,0.412,0.322,41.109350873323,21.0560089838972
"01019",0.1298178525,0.0003817377,8.3982287372,5476,0.160482313,0.0367789392,14058.59,7.2,0.2288776803,4.9099552246,5.5674130978,0.1594083244,0.1556881762,0.1807841566,0.3786397167,0.2355969744,0.3342952788,0.0001920713,0.0008066994,0.413,0.286,62.4028934566109,21.6499834441303
"01021",0.1373309139,0.0002250833,14.855496534,4755,0.1758127738,0.0428033434,12953.63,7,0.2415333267,4.9339861071,5.4710145941,0.1450320466,0.1569945952,0.1781724672,0.3872929498,0.2343204223,0.4629379282,0.0005209159,0.0001585396,0.375,0.308,26.3201431815789,19.5521063634586
"01023",0.1218562559,0.0003971721,21.447295258,3292,0.1494009866,0.0429855412,11930.28,5.8,0.2638231148,5.2107373996,5.6075168864,0.1353010968,0.1629857393,0.1829022337,0.4171583047,0.2328976436,0.2893426654,0,0.0003893778,0.414,0.307,29.0636229127034,31.7057704502219
"01025",0.1195022992,0.0004656676,16.08669884,4617,0.1509267432,0.0335956998,11960.44,5.4,0.2678885805,5.3258352633,5.5786889994,0.1380604087,0.1703903018,0.1851944094,0.4269677917,0.2433650114,0.2527000348,0.0007107023,0.0006270903,0.406,0.32,38.1178264368303,18.353027543659
"01027",0.1437172266,0.0003777862,11.333585191,4703,0.1782603043,0.0443883075,10718.44,7.3,0.2520472449,5.1402275667,5.6516660974,0.1555904878,0.1640091024,0.1871642257,0.388536246,0.2523084334,0.6378122308,0.0001506591,0.0004519774,0.386,0.308,90.8586139013679,30.2862046337893
"01029",0.1279632934,0.0002012072,8.71898055,5732,0.160326087,0.0467048711,12572.79,7.1,0.2282258171,4.8976897656,5.4682313524,0.1567249676,0.1549548539,0.1817564762,0.3824103841,0.2408805026,0.4148410366,0.000400347,0.0002001735,0.383,0.287,60.1818830242511,42.3502139800285
"01031",0.1303862262,0.0004776279,12.991479118,4515,0.1678632923,0.0379530254,11978.1,6.9,0.215347527,4.5650309446,4.8169806185,0.1572880099,0.1377010448,0.1591023614,0.3740111585,0.2138337845,0.5372387283,0.0006549924,0.0006935214,0.436,0.302,42.5448149300551,16.5099281818124
"01033",0.1075741694,0.0006154849,16.292246701,6652,0.1349074586,0.0308569512,12591.63,6.7,0.2166434679,4.5881129333,5.2748240998,0.1566420963,0.1439612916,0.1696086915,0.3982484592,0.220414546,0.5573234365,0.0003469559,0.0014426062,0.37,0.291,39.8998875548623,22.9726625315874
"01035",0.1224804494,0.0004143532,7.4583575039,11154,0.1539952296,0.0349900596,12714.39,6.4,0.2931716661,5.4414270041,5.7612187241,0.1283165825,0.1751962486,0.1917988713,0.4387507886,0.2584045561,0.3701995767,0.000651625,0.0002443594,0.428,0.35,30.3909379748584,38.6793756043652
"01037",0.1128419453,0,10.316046141,3364,0.1336130386,0.039422543,13028.03,7.1,0.2564405572,5.1662213157,5.394006406,0.1432966239,0.1611420134,0.1794463813,0.4117426567,0.2460221405,0.0642170032,9.33271e-05,0.0001866542,0.415,0.3,62.445360309729,62.445360309729
"01039",0.1253212921,0.0004588518,11.066425545,8809,0.1596751718,0.0365897405,13434.77,6.8,0.2340343934,5.0389666268,5.3502832195,0.1503365802,0.1540232144,0.1754700934,0.3770575085,0.2342499011,0.5023434397,0.0006488942,0.0007840805,0.448,0.282,36.948587392421,17.1225161086829
"01041",0.1338489536,0.0001452222,10.165553297,5496,0.1685138539,0.0452572846,11547.52,6.5,0.2451756175,5.0111638812,5.4833061313,0.1426105134,0.1575014372,0.1815629014,0.3857232946,0.2310170187,0.2235006472,0.0005787037,0.0009403935,0.404,0.307,41.1851636504591,43.6078203357802
"01043",0.1337113509,0.0005968866,10.624582179,5447,0.1721927543,0.034431445,12428.24,7.4,0.218074646,4.8659509585,5.2048740522,0.1538993606,0.1521541853,0.1739158525,0.3651641236,0.2262512393,0.4165360794,0.0013542341,0.0008628748,0.38,0.289,41.3149270036746,20.6574635018373
"01045",0.1202789808,0.0002440413,11.388595135,4944,0.1544232573,0.0319833131,12224.33,6.5,0.2212472282,4.6981489497,5.0853215584,0.1551609758,0.1476617025,0.1685221301,0.4082939918,0.214932104,0.4638713657,0.0009396192,0.0006740747,0.392,0.294,42.8317934283791,23.1155710565856
"01047",0.1111073277,0.0007527691,12.904613399,6769,0.1441309681,0.0268687565,12155.62,6.2,0.3007072839,5.3229437016,5.4415761837,0.1185183356,0.1755052597,0.1901587618,0.4403934883,0.2491967884,0.5963715199,0.0006003654,0.000678674,0.475,0.346,27.7767821941866,12.5443532489875
"01049",0.1865705117,0.0004474711,8.6697523527,4613,0.2425473272,0.0495546929,11718.31,NA,0.2716732085,5.4854246358,5.8548148128,0.1341115136,0.1750944435,0.1935162412,0.3881340894,0.2508273446,0.4503789956,0.0002661624,0.0005743504,0.421,0.316,36.8202240906803,24.7021756557729
"01051",0.0891730553,0.0002339642,11.205654546,4897,0.1117435143,0.0321200275,11527.36,7.6,0.1936701503,4.2107601424,4.895493374,0.1465677689,0.1278956293,0.1555685197,0.3881644404,0.1931022762,0.5173070376,0.0001709673,0.0003785705,0.371,0.249,25.687654431732,21.6102489663777
"01053",0.1415421704,0.0003275735,14.194851637,6708,0.1856089892,0.035816278,13478.03,6.8,0.2816785176,5.3289688505,5.603439468,0.1457429161,0.1723154041,0.1859151634,0.4291999869,0.2543302254,0.4813017041,0.0005714597,0.0005170349,0.436,0.336,46.5065382721453,19.1497510532363
"01055",0.1274151371,0.0008115931,15.156256111,5156,0.1599805127,0.0371976573,14300.7,6.2,0.2197854932,4.7972489783,5.4129091583,0.1499951838,0.1495638674,0.1749114088,0.3880301717,0.2313436175,0.4949439816,0.0012097443,0.0007804802,0.411,0.293,45.9074037898027,21.8141564107573
"01057",0.119958635,0.0009814747,7.9744816587,4470,0.1509065248,0.0365025467,11644.78,7.1,0.2382775799,5.1157078885,5.5482310882,0.1481933596,0.1603390646,0.1827462278,0.3975055365,0.243260084,0.3416275158,0.0001217063,0.000365119,0.394,0.316,42.8781443972558,24.5017967984319
"01059",0.1541642286,0.0004464001,7.333715962,7638,0.1992263056,0.0479365878,12876.54,7.1,0.2555035878,5.1338034415,5.3001582131,0.1487656617,0.1642035908,0.1780663976,0.3884054288,0.2269321966,0.5814723694,9.56541e-05,0.0005101553,0.384,0.319,24.4078444689702,10.6121062908566
"01061",0.1459121327,0.0003045183,9.8968444292,4727,0.1879042475,0.0356122963,11850.34,6.6,0.2630478775,5.5858641154,5.737022701,0.1535331603,0.171728684,0.1901124107,0.3799972402,0.2520168823,0.2020530049,0.0001900129,0.0002280155,0.38,0.319,43.0401539318446,18.9883032052256
"01063",0.1164856861,0.0004931574,9.8631488103,5988,0.1484251076,0.0324416619,12013.29,4.2,0.3446884639,5.991344573,5.8431634524,0.1044040425,0.1998176002,0.2018589535,0.4778989049,0.2678555113,0.0622443339,0.0001214624,0.0002429248,0.491,0.407,32.8758116215994,32.8758116215994
"01065",0.1158250911,0.0002047642,6.825472664,6246,0.1489387361,0.0328542094,12051.15,6.8,0.2909847836,5.2898743485,5.6069019532,0.116017359,0.1728534909,0.1863252269,0.433392993,0.240259421,0.2989847716,0.0001358142,0.0004074426,0.473,0.361,95.3526914432311,61.2981587849343
"01067",0.1252205939,0.0002906132,12.786980529,3397,0.15578203,0.0405217874,10954.53,7.2,0.234437078,4.8202117621,5.4276570885,0.1480108587,0.1507461692,0.1740960507,0.3968033193,0.2310265591,0.2530921281,0.0001162183,0.0002324365,0.421,0.292,79.4004299242791,9.68297925905843
"01069",0.1328120421,0.0008500028,11.711150148,4361,0.1724484177,0.0307847082,12113.82,7.2,0.2336529075,4.8582046058,5.2832052265,0.1345768261,0.1505956826,0.1726160774,0.3975397294,0.2240360776,0.6654455572,0.0014419129,0.0016137965,0.391,0.32,39.4093018563358,17.6553672316384
"01071",0.1376624017,0.0005423624,9.2976407237,4751,0.1743487639,0.0339321357,12355.85,6.8,0.2501163362,5.4517741343,5.7458213342,0.1477001234,0.1675805307,0.1878577086,0.3956833219,0.2392599674,0.4719033573,0.0004638936,0.0006185248,0.401,0.286,31.6243287897563,20.0072284180091
"01073",0.1069118896,0.0011221231,14.470681306,4303,0.1373767094,0.0274205132,12011.77,6.8,0.2026215376,4.1357209323,4.717316979,0.1723543096,0.1329686235,0.1512140707,0.3972733918,0.1845945777,0.7862774995,0.0017685424,0.0014333384,0.389,0.248,54.6823331466667,13.6325742506519
"01075",0.1185289958,0,7.2437522637,4035,0.1489444372,0.0392092257,11938.22,7.1,0.2483097754,5.2379139642,5.8242923165,0.1460407438,0.1630424807,0.1871964439,0.3880118094,0.2438548317,0.103131008,0.0001444669,0.0007223346,0.392,0.287,57.952816748364,67.611619539758
"01077",0.1192835472,0.0005499898,13.91150557,4202,0.1477216009,0.0344680851,11175.37,7.2,0.20474027,4.4601690428,5.0981658506,0.1553586575,0.1384739813,0.1639926575,0.3849459127,0.2000199462,0.6549202343,0.0015478368,0.0008226266,0.394,0.263,38.7814021631404,15.0816563967768
"01079",0.1477866061,0.0001518649,11.541732475,6436,0.1846406909,0.0469323902,12136.69,6.8,0.2367712371,4.9565329193,5.4602591672,0.1491097974,0.1585207855,0.1835516419,0.3852476792,0.2424658859,0.4898511896,0.0012440453,0.0003641108,0.386,0.297,27.3450951001641,24.3067512001458
"01081",0.1071359366,0.0004861981,8.75156495,3411,0.131414006,0.035626161,10385.29,6.8,0.1995832983,4.5750322738,5.1101566854,0.1694874844,0.1358098671,0.1578529008,0.3887718047,0.1928654297,0.6774904276,0.0008600655,0.000573377,0.368,0.247,21.6024582386123,13.5267729157666
"01083",0.1157903786,0.0003639488,8.1888490118,4999,0.1458564092,0.0368779557,12321.76,7.4,0.2009523868,4.3502895786,4.819614409,0.1563947131,0.1364762756,0.1576919759,0.3872977369,0.2033433476,0.6096736005,0.0004782997,0.0005406867,0.349,0.263,29.2616971111642,14.4626778825294
"01085",0.1080727463,0.0001028172,6.1690314621,5014,0.1360799001,0.0331644404,9643.62,5.1,0.311369191,5.5904667546,5.6816486501,0.1148147748,0.1846274302,0.1930162039,0.464435291,0.2627293484,0.0486768741,0,0.0002005214,0.488,0.374,47.7148018131625,40.8984015541393
"01087",0.107114499,0.0003874253,7.1950409564,4892,0.1320618557,0.0248788368,9537.12,5.6,0.2799617689,5.1247656947,5.342117151,0.1090711539,0.1651141036,0.1768434839,0.4452108288,0.2252991392,0.3133973522,0.0040674657,0.0009219589,0.473,0.353,45.9541928605566,34.925186574023
"01089",0.0920462959,0.0008929793,10.806926087,4296,0.1139182824,0.0316138576,11036.96,7.4,0.1785682935,3.7701685042,4.4439615626,0.154572865,0.1149867023,0.139951436,0.378446537,0.1709327873,0.6931343355,0.0014351234,0.0011650146,0.353,0.225,26.6337528298362,16.4450017472814
"01091",0.1107904979,0.0003710969,16.43428935,4241,0.1408985642,0.0332950631,12212.15,6.1,0.2665140309,5.1006189031,5.3848445987,0.1272031367,0.1634320995,0.1793461757,0.4329328029,0.2313744226,0.429352737,0.0003671457,0.0006293926,0.435,0.318,65.2994952525502,17.648512230419
"01093",0.1232924694,0.0002692787,9.0881551045,6674,0.1563393708,0.0332189644,13408.32,7,0.2380548609,5.1225371998,5.5906229447,0.1494617654,0.160121649,0.1836182808,0.383744391,0.2417075475,0.4703340265,0.0001007963,0.000705574,0.379,0.296,50.4625735912532,24.6705915335015
"01095",0.1540003807,0.0005890012,9.8166863,4199,0.2060184765,0.0356870152,12347.11,6.5,0.2414836729,5.1152465987,5.4466936672,0.1475449164,0.1591419962,0.1784570941,0.3789811419,0.2298773657,0.5441898967,0.0024347356,0.0007595543,0.397,0.299,34.1528876438992,17.5939118165541
"01097",0.1267944286,0.0006873019,11.204956318,5809,0.1660809302,0.0266666667,12048.06,6.8,0.2120819149,4.586236402,4.9434972941,0.1728470609,0.1438722326,0.1650188647,0.4050653767,0.2078627817,0.7021758291,0.0009232472,0.0011141805,0.394,0.278,40.5748889030502,14.6005067424495
"01099",0.129451246,0.0004340906,12.54039454,4427,0.1640407785,0.0339285714,11596.05,5.8,0.2847449677,5.4955671736,5.6172677042,0.1260490059,0.176587197,0.1903424802,0.4273854434,0.2551109351,0.515432634,0.0008544169,0.0004272084,0.439,0.321,65.8539327647408,48.1858044620055
"01101",0.1167455177,0.0010287612,14.879506901,4723,0.1507919422,0.0313766505,10691.29,6.8,0.2331722071,4.6808504209,4.8683899028,0.1258108906,0.1450436617,0.1599598682,0.4284717408,0.1986332622,0.7378478656,0.0014351333,0.0012446681,0.49,0.31,32.6494191062628,10.6369148219499
"01103",0.1280568544,0.0005096968,12.115742946,5105,0.1621261983,0.0411591321,11920.97,7.1,0.2040044614,4.3779636442,5.0926367433,0.1370993828,0.1391310698,0.1645369462,0.3641401591,0.208010496,0.592292242,0.001444298,0.0006885607,0.401,0.28,42.1022107843001,21.7481618620888
"01105",0.1213068626,0.0003362098,10.086293847,5569,0.1559534081,0.031517094,10646.24,4.1,0.3461940374,6.2329510382,5.9482166833,0.112651998,0.2048490043,0.2062122491,0.4497016584,0.2726065257,0.5272401095,0.0003282276,0.000547046,0.509,0.412,89.7196261682243,78.5046728971963
"01107",0.1237920576,0.0004014049,10.536879077,5647,0.1538975927,0.0406710727,12338,7.2,0.2727487563,5.2062864994,5.2843482268,0.1284847504,0.165525998,0.1801807032,0.4176720675,0.2363462545,0.0588473615,0.0001504664,0.0001504664,0.423,0.335,60.3409262332177,60.3409262332177
"01109",0.1353558023,0.0004227819,10.267560548,4306,0.1654861884,0.0394593755,11374.05,6.5,0.2469390337,4.9633029642,5.3246958046,0.1395798511,0.1573550293,0.172986364,0.412543386,0.2148422776,0.5141797623,0.0004799328,0.0008098866,0.387,0.299,32.1873302621256,15.0878110603714
"01111",0.1227533027,0.0002200511,10.122348385,3445,0.1555247128,0.0331380077,11715.72,6.5,0.2406048536,5.0543327554,5.4310424438,0.1426492381,0.1563465619,0.1784205159,0.3843597869,0.2309714872,0.4066687034,0.0002640264,0.0007040704,0.428,0.297,74.5973934793102,23.4031038366463
"01113",0.1126363449,0.0002070358,8.9715498352,4599,0.1471645367,0.0248032603,11682.65,6.9,0.2468866018,4.8828080233,5.4491354093,0.1379424351,0.1560750137,0.1752956731,0.4269041139,0.2230623418,0.6434925492,0.0004153615,0.0002249875,0.419,0.329,18.9678064594003,20.6921525011639
"01115",0.1019627662,0.0001564036,7.7084636697,4787,0.1302410409,0.0283198477,13186.6,7.8,0.2142302586,4.6368983302,5.29530724,0.1503016437,0.1410631336,0.168466316,0.3744666047,0.2146688268,0.4233249196,0.0002029541,0.0005073853,0.383,0.262,50.1968833312883,18.2196095054306
"01117",0.0874396987,0.0008360052,10.702703696,3863,0.1106593021,0.0299261708,12650.46,8.2,0.1483997634,3.6305589877,4.4316886561,0.1773020239,0.1103872237,0.1375175893,0.326327383,0.1497384603,0.8369838788,0.0007973779,0.0005470383,0.331,0.207,26.4187881869839,12.9803294560326
"01119",0.1321471195,0.0005632896,9.6563933371,5634,0.1622939068,0.0403662089,11773.71,5.9,0.2883327951,5.2836081722,5.3858659198,0.1139605867,0.1725765264,0.1820720197,0.4434287853,0.2310577091,0.3632202281,0.000157592,0.000157592,0.477,0.361,45.5239268403717,34.8124146426372
"01121",0.1120742337,0.000312586,12.378404061,5218,0.1415251487,0.028456487,13276.11,6.8,0.2686406029,5.5205924275,5.6169797428,0.1345021991,0.166180887,0.180985064,0.4171629344,0.2400494446,0.4802104726,0.000187904,0.0005386581,0.419,0.319,54.2138779186875,14.5960440550313
"01123",0.121483252,0.0004954542,13.129536503,3370,0.151908098,0.0353457478,12239.88,7.3,0.2456218913,4.7045586924,5.3282915031,0.1364136297,0.1539548526,0.1770295337,0.4004337153,0.2391970664,0.688052672,0.0002963182,0.0008642616,0.403,0.306,66.9438085241783,19.8352025256825
"01125",0.1006478347,0.0007164864,10.317403453,4916,0.1244155237,0.0322089612,12241.74,7.4,0.2148508258,4.3825093198,4.9692527494,0.1461786846,0.1357601338,0.1558804523,0.4181043315,0.1997069718,0.7566065264,0.0013211368,0.0009621322,0.416,0.29,35.7697003611945,12.87709213003
"01127",0.1324705742,0.0004093135,14.325970939,6015,0.1657506904,0.0453357182,13468.72,6.8,0.2410259307,5.0810322156,6.0250866954,0.1428299882,0.1593449005,0.1893895473,0.4068418243,0.2471889554,0.4398490071,0.0004551804,0.0007534021,0.364,0.298,48.8509520682863,18.9100459619173
"01129",0.1375183384,0.000122504,15.925517579,4883,0.170431647,0.0510752688,13808.31,6.8,0.2617828404,5.2566891293,5.5574109129,0.1365639911,0.1663681879,0.1857987851,0.3964894823,0.2431549262,0.1828678687,0.0002442301,0.0005495176,0.427,0.297,30.8134757600657,22.5965488907149
"01131",0.1157516421,0.0002892124,5.7842475658,4597,0.1489104116,0.0336168489,11435.73,4.5,0.3214495311,5.6546236578,5.7834810976,0.1072932852,0.1856288614,0.1958046489,0.4405571298,0.2581292603,0.057412168,9.40999e-05,0.0004704997,0.513,0.385,25.6360956226367,25.6360956226367
"01133",0.1304181679,0.000338567,9.7338016844,11433,0.1630020522,0.0370444937,13152.13,7,0.2433019853,5.0655301075,5.5589529831,0.1556053542,0.1612507134,0.1862367429,0.388000697,0.2498734517,0.7637232478,8.45309e-05,0.0004226543,0.401,0.315,33.899741514471,24.0123169060836
"04001",0.2099020989,0.0004312324,3.0603586184,4169,0.2433814906,0.1385605794,9900.97,2.7,0.3119389719,6.5376215262,6.1288704914,0.1522363067,0.2186707673,0.2042560198,0.3961452728,0.2503110256,0.1929444336,0.0008911415,0.0007519006,0.361,0.265,62.1578996196308,34.3260042675573
"04003",0.1152265611,0.0005956068,8.2590810184,2878,0.1267856328,0.0895268436,9097.19,6.5,0.1997680294,4.4316296185,4.3909560146,0.2015412671,0.1394394161,0.1352101311,0.3451659284,0.1734521814,0.5966607282,0.0012069102,0.0008282717,0.31,0.238,50.2443823623804,23.4123038233081
"04005",0.1520158743,0.0008084976,9.6880314478,2134,0.1654112038,0.1175787343,9125.09,6.7,0.1785275842,4.3438066051,4.5588146406,0.1983861857,0.1384231597,0.1449248387,0.3256221389,0.1712276281,0.828761875,0.0020650454,0.0010290226,0.279,0.189,29.3835745818088,30.3163864732948
"04007",0.1484670476,0.0004072717,8.5156799585,2587,0.1710838901,0.0921816005,9213.71,6.3,0.2200796449,5.0728901609,5.0099950229,0.2017914936,0.1596030527,0.1638065531,0.3971523444,0.2285761129,0.9150698733,0.0006494832,0.0007422665,0.323,0.267,28.3583009678811,45.6198754700697
"04009",0.1182416859,0.0004634756,3.8622962639,1373,0.1417980527,0.0752748802,10125.34,6.4,0.2222865277,4.7520068226,4.6319872037,0.1858286822,0.1492926967,0.1479896408,0.3616666206,0.200464738,0.5559914025,0.0004202564,0.0008667787,0.332,0.25,25.8353427488805,10.3341370995522
"04011",0.0787014265,0.0005264266,4.211412929,2309,0.0852394568,0.0664401661,8784.96,7.1,0.2009982219,4.0991038097,4.1774409726,0.1899279796,0.1327925809,0.1333117536,0.3521895298,0.1688298339,0.461419936,0.0001054519,0.0006327112,0.326,0.241,21.1849445660617,21.1849445660617
"04012",0.2123893805,0.0002842524,5.211294296,3376,0.2425565256,0.1357364123,9983.48,4.6,0.2630798471,5.5293033197,4.9694949429,0.1803813524,0.1744701791,0.1630677827,0.3905459131,0.2153487857,0.3905998341,0.0008057636,0.0005687743,0.358,0.297,26.6934648117326,31.4040762490971
"04013",0.132513949,0.0007047287,5.310546585,2691,0.1500526951,0.0906552211,11268.53,8,0.1782606304,4.3433488792,4.0263009285,0.1886231875,0.1308739643,0.1304344518,0.3496924107,0.1540931998,0.9160261527,0.0013489543,0.0010571721,0.306,0.215,22.8937066350711,16.2222504713989
"04015",0.1362820304,0.0005372771,5.325641787,3308,0.1521959364,0.0896652754,10125.56,5.7,0.2251682503,4.9571362643,4.8095361624,0.2116161267,0.1546558239,0.1520960235,0.3925059637,0.2462745263,0.5857052941,0.0007110475,0.0008351229,0.357,0.287,50.0831850401526,34.9017195748564
"04017",0.1741085218,0.0005769716,6.7613861743,3083,0.1994317894,0.1219954953,9626.27,4.2,0.2678195238,5.6871194975,5.0313583961,0.1606014014,0.1888280571,0.1760531406,0.3677826249,0.2345760045,0.5634766261,0.0007877224,0.0009416452,0.344,0.271,45.2799409861431,37.1835276972301
"04019",0.1327943406,0.0008736927,6.2924970328,2609,0.1532516723,0.0798147399,9505.31,7.4,0.1842319346,4.2874174533,4.4827404632,0.2045924222,0.1318621131,0.1363083727,0.3485716519,0.1697885869,0.8784632287,0.0018266282,0.0009691331,0.293,0.227,29.3563804218359,21.7313465460344
"04021",0.1278726802,0.0001577393,3.3492585174,2448,0.1423833462,0.0974150175,10648.76,7.1,0.2214088019,4.977395144,4.5819393949,0.1919726547,0.1510186016,0.1426950366,0.3982754438,0.1885758842,0.6604864678,0.0007089534,0.0005188555,0.37,0.25,12.6549967463716,16.6815866202171
"04023",0.168986245,0.000430126,4.0861972558,1727,0.2023022385,0.1025333653,6995.97,6.2,0.277842155,4.60157739,4.1848327013,0.1656901811,0.1557164462,0.1375702088,0.3471324258,0.1565558251,0.666617461,0.0003440046,0.0002580035,0.348,0.287,7.86742670776801,10.0130885371593
"04025",0.1483703323,0.0005784797,8.0391664788,1988,0.1625778473,0.1060368533,9278.38,6.9,0.1669813975,4.27494063,4.3560350361,0.2160886146,0.1317116109,0.1409879712,0.3265305782,0.17944418,0.845303815,0.0018707461,0.001025893,0.278,0.212,47.5033860300459,36.7585725232498
"04027",0.1774582859,0.0004724328,4.1162465445,2772,0.2139931554,0.1030937299,10861.34,6.3,0.2609946833,4.4468314331,4.0150985254,0.1740997722,0.1509027937,0.139759141,0.3384565917,0.1666943536,0.8355359615,0.0005656962,0.0007306909,0.405,0.294,12.582739277875,13.8254789596405
"05001",0.0977784274,0.0005146975,12.581493766,5265,0.1134766222,0.0587654321,10707.24,5.3,0.2771605568,5.4676829992,5.1256325635,0.1487254222,0.1702949315,0.1708425495,0.3558667141,0.2455451988,0.4795204795,0.001069278,0.0006190557,0.382,0.331,37.995364565523,34.1958281089707
"05003",0.1119183193,0.0004069797,15.261738821,6070,0.1332004349,0.0584677419,12663.51,6.7,0.2766209639,5.5741621388,5.448789235,0.1607586789,0.1728014031,0.1758006469,0.37015311,0.255648805,0.5006177642,0.000748279,0.0006983937,0.396,0.358,28.7930625656312,30.4867721283154
"05005",0.1020272864,0.0008108366,9.3007726796,4224,0.119047619,0.054899416,11245.44,7.1,0.2136424,4.742284541,4.8860992246,0.1788470587,0.1469611006,0.1593922662,0.3225121552,0.2386887862,0.651193602,0.0027391336,0.0012254019,0.334,0.27,74.7259386452346,37.3629693226173
"05007",0.1113397793,0.0006018464,8.6694537886,2718,0.1317910368,0.066636957,10610.52,7.9,0.199424002,4.2936208808,4.3718033077,0.1851817352,0.1290583494,0.1370112988,0.3282722568,0.1859001998,0.7730449672,0.0022449818,0.0006933032,0.295,0.242,31.290042033353,13.2060633676889
"05009",0.0995634081,0.0007747382,11.220346228,3940,0.118263687,0.0543043329,10401.72,6.8,0.2360486455,5.0832975494,5.0100311764,0.1749102495,0.1553736597,0.165807598,0.3479482298,0.2453219619,0.5395767282,0.0011739594,0.0009338314,0.374,0.285,31.9894790157904,23.1035126225153
"05011",0.131074244,0.0005574654,13.007525783,5883,0.1581920904,0.067101227,13649.78,6.4,0.2902467007,5.5779762374,5.1763727585,0.1491754341,0.1703467004,0.1676148668,0.3796457689,0.2479037328,0.6699687174,0.0002753051,0.0002753051,0.428,0.33,30.9607108579213,30.9607108579213
"05013",0.0962732919,0.0001927154,11.562921565,4591,0.1070936639,0.067061144,12385.06,5.7,0.2670877724,5.390972726,5.2523444292,0.1629427591,0.1669973494,0.172075888,0.3735821429,0.2570690388,0.1058122206,0,0.0009475081,0.373,0.302,6.41889723345529,6.41889723345529
"05015",0.151167151,0.0005637773,12.684989429,3147,0.1766768392,0.0878173399,9247.1,7.4,0.2370134267,4.9557001419,4.8253654043,0.1672843985,0.1535553302,0.1564748043,0.3464841652,0.222704269,0.522444072,0.0007795061,0.0002480247,0.352,0.286,31.8099883363376,23.562954323213
"05017",0.0944158195,0.0006918363,9.8833761613,9699,0.1130332219,0.0513402999,14476.88,5.1,0.319582378,5.8926163776,5.3354764538,0.1415402929,0.1856275896,0.1766674182,0.4117256691,0.2646697012,0.2942372881,0.0059398352,0.0017244683,0.475,0.385,45.9317585301837,45.9317585301837
"05019",0.094156052,0.0004480287,14.336917563,3332,0.109345145,0.0535838553,12079.02,6.5,0.2296022293,4.7969225557,4.9903765658,0.154765006,0.1452500436,0.1557986256,0.3630931314,0.2112483512,0.6687975647,0.0025384162,0.0008159195,0.393,0.298,45.1236387702304,33.0906684315023
"05021",0.1011446968,0.0001374476,15.806473782,3297,0.1170004885,0.059399684,13233.51,6.1,0.2735937935,5.700609643,5.5673027309,0.1668100071,0.1780467274,0.1829825149,0.3559726484,0.2764641688,0.5217931978,0.0006735367,0.0006735367,0.391,0.306,75.3889383866767,22.8451328444475
"05023",0.1056647914,0.0006019503,15.650708295,3121,0.1233318339,0.0565494551,10663.68,7,0.2288028336,5.0042408559,5.1103933221,0.1774560463,0.1543118516,0.1649473382,0.3433747209,0.2461708309,0.6579129765,0.0008812337,0.0006008412,0.367,0.287,46.7795613413705,22.7215012229514
"05025",0.088254172,0,6.2845651081,6375,0.1011878575,0.055586749,13787.5,6.8,0.2542991513,5.3518965978,5.2096751955,0.1636558747,0.1656325951,0.1719306089,0.356580104,0.2518940752,0.0124295086,0,0.0003741581,0.373,0.32,83.5736074547658,66.8588859638126
"05027",0.0973317865,0.0005968368,11.510423328,4065,0.1150554675,0.0511875512,10606.62,6.5,0.2683698563,5.3287801117,5.1900304354,0.1370051387,0.1655095956,0.1701828081,0.3896421114,0.2522028024,0.4173183447,0.0018693971,0.0005523219,0.403,0.325,38.3931745467472,15.6416637042304
"05029",0.0969810636,0.0006715917,13.431833445,3347,0.1143404397,0.0533472803,11036.94,6.3,0.2469617358,5.134703589,5.3647931127,0.1697941818,0.1580893382,0.1666967994,0.3515766809,0.2457096304,0.4291355239,0.0025369776,0.0002393375,0.386,0.306,28.6742919042916,19.1161946028611
"05031",0.1022625325,0.001178262,8.7010114926,4587,0.1232249554,0.0550815958,12001.38,6.8,0.2318837815,5.044754333,5.221785732,0.1504134391,0.1492448774,0.1582157814,0.3506466037,0.2237882062,0.6456663521,0.0038320529,0.0016673115,0.403,0.285,73.3839672641068,14.4955984719223
"05033",0.1116732715,0.0003952132,6.9557519326,4404,0.1344533261,0.0582640464,11764.94,6.3,0.2431001292,5.4280739033,5.1614376666,0.1560377331,0.161897672,0.1652504733,0.3457449207,0.2355716157,0.7444953832,0.0005046841,0.0002365707,0.359,0.306,21.0446567616482,23.149122437813
"05035",0.0922170527,0.0003336461,9.5923261391,4969,0.1176427283,0.0382786131,12454.92,6.6,0.2981674417,5.7006794066,5.5503914404,0.1342337364,0.1726462607,0.1717261552,0.400611635,0.2408845284,0.7301677734,0.0021306524,0.0008274378,0.466,0.34,68.0966973101804,13.2024209070758
"05037",0.0973682191,0.0004263353,18.880565199,6736,0.1153928495,0.053268142,12468.59,6.2,0.2679682239,5.4370331153,5.3497596046,0.1561973983,0.1666436,0.1716521941,0.3706951301,0.2577294884,0.4972579743,0.0008395299,0.0005396978,0.405,0.333,67.022767430997,24.3719154294535
"05039",0.0879544993,0.0001426737,19.974318733,4401,0.1017783858,0.0494752624,11573.8,5.1,0.2745596409,5.415303877,5.2768466703,0.1487700066,0.1663412549,0.1693394044,0.3814527295,0.2470651664,0.1848201084,0.0023670287,0.0005569479,0.402,0.336,47.6349259276902,57.1619111132282
"05041",0.1091296546,0.0005281225,15.843675733,6597,0.1307506053,0.0623259053,12822.3,5.4,0.3337369578,6.1559235094,5.5296489696,0.1331522384,0.1942354695,0.1868392492,0.4039431805,0.2787351565,0.5986316113,0.0006080612,0.0008686588,0.451,0.381,38.2544213283112,35.3117735338257
"05043",0.086882332,0.0007135408,10.977550908,8894,0.1014745828,0.0490518331,11528.15,6.8,0.2540665555,5.1104370881,5.2042694319,0.151455707,0.160644753,0.166320923,0.372889222,0.2427237401,0.3998595278,0.0060563073,0.0003819293,0.428,0.346,11.0043283691585,18.3405472819309
"05045",0.0931304487,0.0005475886,9.5232804527,3817,0.1124901421,0.0443312017,11517.4,6.7,0.2066414027,4.7816541294,4.9734257891,0.1712686787,0.1446127737,0.1512820782,0.356545306,0.2098739525,0.5517807784,0.0013861513,0.000809256,0.362,0.268,25.6795823493906,16.4137536666208
"05047",0.1081196581,0.0002822467,10.725373977,4161,0.1275174379,0.0594831789,12429.78,6.7,0.2672513162,5.4786245012,5.4808273375,0.1626625006,0.1734178362,0.1792246844,0.363805681,0.265875286,0.6589793103,5.61482e-05,0.0002245929,0.362,0.326,20.5907678484519,26.2064318071207
"05049",0.116644679,0.0005610323,8.0147471347,5741,0.1292589763,0.0842654735,13106.42,6.5,0.2711109552,5.7131848902,5.6479659872,0.1616130961,0.1790996306,0.1859605348,0.3623921408,0.2817232413,0.4432013067,0.0004890374,0.0013040998,0.38,0.318,75.4168125622862,35.0149486896329
"05051",0.1196775415,0.000865313,11.369810637,3709,0.1408263075,0.061667904,12925.16,6.4,0.226623243,5.2137709919,5.2320120737,0.1692215487,0.1557707164,0.1618533982,0.3534908754,0.2268978571,0.7800237441,0.0026221837,0.0010488735,0.309,0.282,29.4976351611811,30.1680359602989
"05053",0.0760261508,0.000109499,9.3074185601,4167,0.0882597067,0.0449172577,12514.52,6.6,0.2077523637,4.7683240326,4.8846668722,0.1772396615,0.1415676112,0.1548445754,0.3412961386,0.2258860308,0.2658376743,0.0009896635,0.0004398505,0.367,0.266,14.5714181632727,10.9285636224546
"05055",0.086672706,0.0004853833,10.369553227,6155,0.1042126117,0.0449398443,12806.59,6.7,0.2353951831,4.9617929377,5.20005687,0.169261068,0.1526275985,0.1667843689,0.3404391614,0.2481396893,0.401164172,0.0018974076,0.0009707667,0.397,0.287,45.5055891138887,21.2848723274641
"05057",0.1261334573,0.000278655,10.21735092,4112,0.1521958607,0.0694918298,11485.13,6.1,0.2916027197,5.6910787822,5.3445324358,0.1440231416,0.1747397611,0.1741776782,0.3700662377,0.2519582166,0.6369145031,0.001011913,0.0005519525,0.417,0.345,24.7962061804544,20.1469175216192
"05059",0.0920597927,0.0002072784,10.956145806,4113,0.1092881282,0.0454545455,12455.93,6.3,0.241683963,5.0747041617,5.2725203089,0.1650189696,0.1566401215,0.1653223065,0.3521771284,0.2490064033,0.2492482459,0.0019583989,0.0005341088,0.363,0.31,33.5772622680453,25.6767299696817
"05061",0.1307164992,0.0005302227,12.119375852,4393,0.1568091791,0.0752009185,12512.22,6.2,0.2771555971,5.4795461909,5.2320948876,0.1512946876,0.1712787009,0.1737547598,0.3811615682,0.2516570567,0.1013126405,0.0008245259,0.0004497414,0.417,0.336,30.2632906284677,45.3949359427015
"05063",0.1000760155,0.000634501,12.690019828,4299,0.1199264602,0.0551913724,12892.53,6.9,0.2379848864,5.0363785769,4.8859531946,0.1581765786,0.1554490298,0.1634383027,0.3429662136,0.2455823282,0.5065080361,0.0017251446,0.0008758427,0.366,0.292,22.0731061274943,17.6584849019954
"05065",0.108116954,0.0002934918,11.739672757,4724,0.1227500738,0.0691299166,12600.67,7.2,0.2440412242,5.1955440384,5.2275681587,0.1710343489,0.1590097142,0.1681705797,0.3536245022,0.2488799184,0.4985397196,0.0005885382,0.0012506437,0.376,0.301,56.3242316640137,34.2843149259214
"05067",0.0943973429,0.0003588731,11.364316048,7377,0.1114766082,0.0521047984,13799.62,5.2,0.2998170905,5.9055917618,5.8102202775,0.1530826974,0.1847053774,0.1880244693,0.381313967,0.2796395823,0.3611713063,0.0008922729,0.0007733032,0.39,0.337,89.7021887334051,23.9205836622414
"05069",0.0799926668,0.0006883754,13.318568179,4605,0.0942482513,0.0449453646,11213.6,6.5,0.2806107677,5.4540490491,5.0398250694,0.1314701909,0.1722598373,0.166691805,0.4019578581,0.2482536147,0.5316458966,0.0022021904,0.0006900197,0.442,0.337,42.4331677607768,12.480343459052
"05071",0.1405537536,0.0005267514,7.5250206938,4325,0.1701544427,0.0725513906,10613.86,5.7,0.2823826924,5.4646093845,5.3833771102,0.1501449239,0.1761853003,0.176642833,0.3674750174,0.2550394113,0.6060689115,0.0025802109,0.0005235211,0.402,0.33,21.2944521689026,15.0313780015783
"05073",0.1200823893,0.0003019324,7.5483091787,4565,0.1357624831,0.0722495895,12002.78,6,0.2851416958,5.5453830201,5.1944306132,0.1445802946,0.1735139935,0.1734317256,0.3896504221,0.2512357141,0.1373446697,0.0005986232,0.000748279,0.413,0.363,50.2462064114159,35.1723444879912
"05075",0.088088247,0.0003657199,9.7525295624,5457,0.1040793826,0.0489378865,13641.14,5.6,0.2494243547,5.3594271219,5.233324107,0.1669559112,0.1653988818,0.1714840636,0.3600649512,0.2623568063,0.431467126,0.0020080321,0.0007301935,0.383,0.297,52.7918781725888,24.3654822335025
"05077",0.0936670459,0.000112905,11.290504686,5088,0.1147979663,0.0437731196,9329.77,5.4,0.3364350736,6.1039970486,5.4826943233,0.1429745004,0.1942253955,0.1818496016,0.411850975,0.288983718,0.4301611665,0.0001112966,0.0004451864,0.451,0.385,41.7378106621134,41.7378106621134
"05079",0.0994925214,7.67813e-05,5.3746928747,6706,0.1140964299,0.0625,12439.33,5.9,0.2923287246,5.5169101205,5.1377680778,0.1578895862,0.1717135707,0.1675855636,0.3991404418,0.2690250101,0.3901938588,0.0014944332,0.0005230516,0.397,0.347,35.5772407308582,12.7061574038779
"05081",0.0964144257,0.0001631454,13.867362754,4178,0.1128145791,0.0561478323,12357.14,7.5,0.2518636765,5.2725454211,5.2937895741,0.1546796337,0.1603437713,0.168738421,0.3798640323,0.2430533421,0.621289196,0.0001622586,0.0008112932,0.368,0.296,43.5196518427853,46.2396300829593
"05083",0.1007181329,0.0002329265,13.509736327,5082,0.1168095777,0.0564551422,12690.49,6.4,0.2592583329,5.4343227444,5.4698568361,0.1606958278,0.1698660126,0.1731356166,0.3740639281,0.2569848027,0.7261665101,0.0002760271,0.0005980586,0.406,0.313,27.8581709563091,27.8581709563091
"05085",0.0826936773,0.0001636907,7.9117161604,3329,0.1002440062,0.0425936392,11333.03,7.6,0.2088856123,4.8811223291,5.1273846436,0.1814017158,0.1424161018,0.1581364309,0.3463272868,0.2198499817,0.4667915033,0.0005023284,0.0005566341,0.366,0.28,18.1088067654502,17.656086596314
"05087",0.14477657,0.0003016409,4.222972973,3079,0.1678778304,0.0883768043,9745.25,6.6,0.2754505326,5.4713305535,5.4013688244,0.1677033527,0.1716642848,0.1777364547,0.3612169473,0.2576937161,0.4762359229,0.0015168982,0.0003640556,0.352,0.319,32.1925112170781,22.1323514617412
"05089",0.1090116279,0.0001797053,8.3862465556,4733,0.1251570172,0.062560778,10453.64,7,0.2507073573,5.472660308,5.3728774634,0.1766971089,0.1667209979,0.1721822585,0.3445984297,0.2617196899,0.1931183571,0.0001196029,0.0004784117,0.365,0.295,51.7866390471258,19.9179380950484
"05091",0.0935523185,0.0007397647,10.634117022,5006,0.1139582745,0.043797766,12635.3,6.2,0.2574461512,5.3386393305,5.3130206126,0.1649669339,0.1631857524,0.1680069154,0.3753285326,0.2509874821,0.6484285123,0.0022710589,0.0006423197,0.398,0.305,19.226923846,13.84338516912
"05093",0.0944683908,0.0004181939,11.807827606,6648,0.1169691236,0.0448723941,12277.09,6.1,0.3046794324,6.154669831,5.5267000175,0.1440017253,0.1878954789,0.1819852868,0.4058992232,0.2703544525,0.7174913941,0.0011639467,0.0004849778,0.425,0.347,44.2782642920398,15.5793892879399
"05095",0.0957382347,0.0004476944,10.446202059,4839,0.1130005485,0.0475841874,9739.45,5.5,0.3206910374,6.030775571,5.5798828985,0.1356160941,0.1910324566,0.1875616284,0.3954210843,0.282298556,0.57000859,0.0001449275,0.0008695652,0.421,0.373,4.95417389150359,4.95417389150359
"05097",0.1504329004,0.0002225684,5.5642109949,3682,0.1726618705,0.0832349469,10088.58,5.9,0.2582062269,5.3979066128,5.4887531748,0.1779181625,0.1676722371,0.1767818776,0.3509156689,0.266066753,0.9794455571,0.0002241147,0.000896459,0.369,0.304,115.173131223064,104.02734433051
"05099",0.0848997494,0.0003635482,7.2709646146,4717,0.10093948,0.0453108535,12588.75,4.6,0.2773701491,5.5117814383,5.3348412419,0.1497402299,0.1699806394,0.1711723837,0.3871874453,0.2545993399,0.4035789708,0.0008407399,0.0006005285,0.417,0.324,40.5235644527293,40.5235644527293
"05101",0.1016129032,0,3.8694698826,3201,0.117005814,0.0590909091,9571.49,6.4,0.2413301767,5.1989611454,5.1537911815,0.1707681433,0.1593146006,0.1693593802,0.3599797379,0.2525940361,0.5914765906,0.000256246,0.000896861,0.339,0.277,21.5889464594128,21.5889464594128
"05103",0.0855405032,0.0005132153,18.390214695,3195,0.1002444988,0.0487247811,10787.7,5.6,0.2870610642,5.5245016652,5.2415240412,0.1420809727,0.1765893293,0.1734300178,0.3950759445,0.2518220869,0.4158116386,0.0016944845,0.000381259,0.404,0.364,47.0387000213812,38.4862091084028
"05105",0.0981557874,0.000191296,6.6953610713,3624,0.1126997477,0.0630443799,12017.29,6.7,0.2567923435,5.4777785154,5.4047867584,0.1720213063,0.169019981,0.1756405424,0.365443065,0.2500290373,0.4610818573,0,0.0004829985,0.371,0.287,51.3907625104387,44.9669171966339
"05107",0.0900477361,0.0006186031,11.247328759,5940,0.110785033,0.0442967885,10614.52,4.5,0.3330482567,6.0712907948,5.6302858277,0.1243624311,0.1940008836,0.1864999585,0.401409464,0.2708667665,0.1270855357,0.0005546619,0.0008874591,0.479,0.381,50.837883637733,20.7117303709283
"05109",0.1405146619,0.000279903,9.330098899,4383,0.162259223,0.0830835118,12574.96,6.5,0.2531583987,5.3160985345,5.3605489094,0.1613761905,0.1656926879,0.1716841167,0.3546750266,0.2498214877,0.5071295722,0.0002810831,0.0005621662,0.362,0.297,40.5818817506399,40.5818817506399
"05111",0.1068807827,0.0001700102,9.3505610337,7221,0.1309913665,0.0480141218,13768.86,6,0.2836299663,5.9789311972,5.8906279949,0.1552527294,0.1811468931,0.1847242277,0.3605130462,0.2758857309,0.33836391,0.0027946943,0.000583966,0.414,0.335,73.4618916437098,26.8418450236632
"05113",0.1475083056,0.0008014426,14.025245442,4504,0.1785144145,0.0749729144,11120.22,5.2,0.2717627245,5.6836576179,5.4713233172,0.1588931501,0.1746632097,0.1788929793,0.3672146789,0.2515533194,0.604878521,0.0008479226,0.0010973116,0.361,0.309,28.4661754855995,31.8151373074347
"05115",0.1191032136,0.00067112,13.890623049,3232,0.1387197222,0.0719434063,11941.21,6.5,0.2468270056,5.1252217079,5.0195085409,0.1621100725,0.1562421402,0.1624397472,0.3371842867,0.234720615,0.6808465848,0.00225,0.000609375,0.417,0.298,33.2629959564671,17.1512322900533
"05117",0.0962779156,0.0001240387,14.884644009,5015,0.1100586378,0.0595518868,10631.94,7.4,0.2499548561,5.3078586558,5.2317513009,0.1658708595,0.1620789159,0.1693514554,0.3664842401,0.2491368306,0.4067699369,0.0002477087,0.0004954174,0.367,0.297,37.3412994772218,37.3412994772218
"05119",0.0994529295,0.0012069067,15.819918298,3502,0.1183705106,0.0522247913,10676.18,6.7,0.2252622093,4.5760053028,4.5489282687,0.1763139434,0.1367092245,0.1462573468,0.4025626406,0.1871228315,0.83641456,0.0042604665,0.0015024957,0.36,0.274,22.8436332076792,17.0690344786004
"05121",0.1161605436,0.0006125404,5.5685488362,4567,0.1381330685,0.0629403476,12624.12,6.3,0.2652394174,5.6463501895,5.6801250092,0.1601574694,0.1732038035,0.1827467122,0.3504594004,0.2733538318,0.4146585787,0.0008914642,0.0006128817,0.359,0.312,86.7911288386608,18.466197625247
"05123",0.0899490168,0.0004801152,9.6023045531,5454,0.1092509493,0.0455164365,11636.92,5.4,0.3136688138,5.8209684642,5.3014670754,0.1590188058,0.1835981735,0.1733566188,0.4141692445,0.2733915447,0.6212400028,0.0032233971,0.0006289555,0.471,0.377,21.3006723024695,21.3006723024695
"05125",0.0850793714,0.000473713,7.677417774,4503,0.0997177145,0.0498801121,11400.2,7.7,0.1891164047,4.1628804695,4.5793425114,0.1733180487,0.1256596755,0.1433329985,0.3387354244,0.2048398388,0.5864187158,0.001325965,0.0004117904,0.386,0.27,22.8368848314149,23.6524878611082
"05127",0.1217303823,0.0001945336,8.7540122556,5060,0.1445168104,0.0663625052,11000.84,5.1,0.3010833726,5.9319484625,5.7062388136,0.1505993096,0.1874155856,0.1881558113,0.3667728817,0.2795726402,0.8848927268,9.69086e-05,0.0003876345,0.374,0.327,26.0044207515278,26.0044207515278
"05129",0.1138069471,0.0002537749,5.0754980332,3454,0.1319379116,0.0634920635,10499.78,5.5,0.2714895772,5.7299943671,5.5150957007,0.1635662545,0.1750673573,0.1802517254,0.3655988738,0.2755754529,0.2333129957,0.0022618748,0.0010052777,0.39,0.34,46.4507411004603,46.4507411004603
"05131",0.1420610956,0.0013142763,10.482918319,3717,0.1727704781,0.0677712759,11552.17,6.9,0.2642205717,5.2916783988,4.9803346544,0.1423559733,0.1649780911,0.1631360319,0.3563393324,0.2387387095,0.7822639649,0.003287594,0.0008375537,0.363,0.292,20.8784612574053,18.2686536002297
"05133",0.1836620114,0.0004703945,8.8198976892,4106,0.2284934956,0.0953920776,12287.72,6.3,0.2955979701,5.5509411008,5.1789086641,0.1502491592,0.1749994749,0.1690010338,0.377095579,0.2464915899,0.5632547778,0.0005251182,0.000758504,0.405,0.343,23.5997482693518,23.5997482693518
"05135",0.1192515065,0.0002293315,14.906547414,3813,0.1439162669,0.0550484094,13178.5,5,0.2831847352,5.8449358001,5.5807238257,0.1625079835,0.1823437081,0.1870292905,0.3712771712,0.28539328,0.4509383689,0.0021306,0.0009213406,0.4,0.306,63.1796599785572,22.9744218103844
"05137",0.1315522489,0.0004797697,10.395010395,4537,0.1523592085,0.0739669421,11490.48,5.9,0.2701078081,5.7897445069,5.5603337189,0.1615693985,0.1759601832,0.1833587838,0.360833367,0.2763147879,0.5750363079,0.0009633138,0.0004816569,0.368,0.332,26.5695990647501,26.5695990647501
"05139",0.091605264,0.0006462954,21.715526602,4223,0.1065826458,0.0567331013,11222.78,6.6,0.2481589623,4.8492099602,5.0991656866,0.1550960545,0.1552708793,0.1610043843,0.3890672308,0.2253430585,0.4813516175,0.0018146501,0.0008689874,0.434,0.306,35.3366026873055,18.9611038809932
"05141",0.1204980363,0.0003022061,13.297068601,2749,0.1381883976,0.0721680877,11212.93,6.4,0.2553143125,5.4367859556,5.5464898477,0.17223406,0.1659857355,0.1737495262,0.3741603799,0.2576817662,0.5742700202,0.0007227609,0.0012648317,0.379,0.307,36.2253214997283,22.1376964720562
"05143",0.1409022519,0.0008027192,8.7797413739,2593,0.1666712417,0.0785728636,10073.24,7.5,0.2308158261,4.3501352998,4.8386610406,0.176711283,0.1393322819,0.1488266839,0.3344775614,0.209513509,0.8642503632,0.0036292892,0.0007849393,0.358,0.267,14.3182033018055,16.4033785399325
"05145",0.1005981512,0.0006475944,9.7774053052,5540,0.1192582663,0.0561713521,12237.32,6.7,0.2323863231,4.9601909774,5.1480160054,0.1701859236,0.1511960053,0.1643127681,0.3634624665,0.2402774104,0.5698271836,0.0018037014,0.0009272549,0.381,0.301,27.5180031243517,20.744340816819
"05147",0.0983744986,0.0003164557,14.240506329,7803,0.1142109852,0.0571010249,12778.66,6.5,0.2864170428,5.7600988258,5.5344015834,0.149617171,0.1790360421,0.1810763385,0.3788665195,0.2668632976,0.4984848485,0.0006163328,0.0010785824,0.397,0.345,104.854776135053,52.4273880675265
"05149",0.1371604365,0.0005154398,12.183121691,7069,0.1620317356,0.0789174868,12956.73,6.9,0.2755719391,5.3362899893,5.1901708957,0.1608239164,0.1687481992,0.1685916141,0.3479242358,0.2500299318,0.5382014875,0.0001857441,0.0008822847,0.383,0.335,17.1722060040277,15.6110963672979
"06001",0.0510228237,0.0011086985,6.6055217136,2783,0.0593415392,0.0271230879,10106.48,9.1,0.149698913,3.8085572858,3.9880290145,0.1800475879,0.1053695245,0.1078397475,0.3320858726,0.1111511431,0.9970223887,0.0061442817,0.000559771,0.243,0.179,21.6982424423622,9.39923866166841
"06003",0.086746988,0,0,NA,0.0965189873,0.0568720379,8418.03,6.6,0.2034603361,5.0388261107,4.9894394376,0.2136263473,0.1534046471,0.1566193072,0.3450297152,0.1847694078,1,0.0045413261,0,0.295,0.178,29.8596595998806,29.8596595998806
"06005",0.0746852808,0.0006037432,6.2889917488,2475,0.0855808027,0.0414864648,9012.85,8.8,0.1672046613,4.3275494962,4.4930309348,0.2472998447,0.1277484721,0.1391901922,0.33318217,0.1589845523,0.7590506944,0.00228525,0.0005840083,0.3,0.186,18.4535892231039,33.5519804056434
"06007",0.0783818241,0.0006204776,7.6647231119,4754,0.0958858205,0.0278971821,10912.78,7.4,0.1885248337,4.722006569,5.0687201333,0.2182457808,0.1418333643,0.1484605576,0.3548489772,0.1664906956,0.8423181818,0.0064517245,0.0010205141,0.305,0.207,37.8476023317742,21.4117909606053
"06009",0.0788781502,0.0004574665,8.7136477508,2477,0.0902561647,0.0431815362,9227.01,8,0.1607965949,4.2356056497,4.722684653,0.2343375209,0.127843971,0.1430644611,0.3237930712,0.1559175944,0.6044582913,0.0016446647,0.0001973598,0.297,0.194,30.4756376301564,25.396364691797
"06011",0.1221956243,0.000278461,5.1051190421,4730,0.153577803,0.0556211023,9182.04,7,0.241875415,4.8384575391,4.6625533153,0.195762687,0.1504034232,0.1451219882,0.3345802685,0.1559040772,0.7488211401,0.0017570629,0.0003236695,0.344,0.264,23.1724649323364,32.441450905271
"06013",0.0646093456,0.0010238174,5.6002205412,2959,0.0781218168,0.0303557208,10247.97,9.1,0.1492119463,3.8454953879,4.0949381958,0.1826656757,0.1100645248,0.1164311118,0.3310759696,0.1121125472,0.9688491695,0.0033889316,0.0004781715,0.281,0.188,31.6254802414532,9.8088177510088
"06015",0.084255623,0.0005752912,3.5955702574,2595,0.1035050072,0.0376079959,9054.74,6.3,0.2263008808,5.2045981326,5.1648304003,0.2118017906,0.1601692441,0.1602237886,0.3582478574,0.191924356,0.8907025516,0.0040606583,0.0007905706,0.329,0.241,60.9989474691417,23.9211558702517
"06017",0.0620149382,0.0007882059,5.963400279,2985,0.0720346521,0.0343547349,9300.06,8.7,0.1329780036,3.6612589677,4.0938505553,0.2355965751,0.1101170805,0.1254436416,0.3039917966,0.1346793746,0.8958123916,0.0033144883,0.0004405333,0.282,0.169,36.6036020720067,17.3476787071122
"06019",0.097249778,0.0006916218,5.2447149988,3649,0.1271332155,0.035450221,10426.83,7.4,0.2487206531,4.7012412009,4.67192043,0.1856245339,0.1543155486,0.1441512578,0.3796580028,0.1573731263,0.7849116019,0.0034684232,0.000753218,0.346,0.276,17.5326165109158,10.753338126695
"06021",0.1244377811,0.0001408798,7.3961892016,5270,0.1559610097,0.057515833,11094.39,7.3,0.233200307,5.0611643581,4.8893361981,0.1976436202,0.1546576147,0.1533806869,0.3446720751,0.1710568519,0.6610127302,0.001140942,0.0006061254,0.336,0.257,25.9669747294123,21.2457065967919
"06023",0.0951559203,0.0006270379,9.294914354,2970,0.1121190575,0.0417658843,8259.24,7.5,0.1822640173,4.8951302161,5.1904568189,0.2025656086,0.1466199345,0.1542345933,0.322780841,0.1708981783,0.8506421637,0.0045170232,0.001077926,0.311,0.205,38.0921485937853,22.8552891562712
"06025",0.0964570708,0.0002483238,4.6905609359,3190,0.1294686391,0.0338898388,11519.22,6.3,0.2940808172,5.1343785783,4.6778900511,0.186217169,0.1642263516,0.145613083,0.3364158674,0.1568441039,0.6908690869,0.001402432,0.0006104704,0.362,0.317,15.828929761885,5.88983433000374
"06027",0.0907352941,0.0009424026,5.5435445424,2948,0.1066276606,0.0499482402,9565.47,8.1,0.1728925404,4.3211199553,4.4578045628,0.2333032101,0.1284634034,0.1379658239,0.3285211457,0.1531573912,0.4167475466,0.0046144438,0.0010563185,0.297,0.19,77.6742121615624,18.4938600384672
"06029",0.0932379133,0.0004943335,4.4989902266,4040,0.1233469773,0.0336527985,11977.9,7.4,0.2672410968,5.3428335009,4.6611399232,0.1852300656,0.1672083288,0.1480507206,0.3432233243,0.1668679884,0.7593823954,0.0018890143,0.0005832081,0.35,0.281,14.5645748033597,13.0451153455028
"06031",0.0940091393,0.0003596182,3.6615666274,3825,0.1246757172,0.0346378337,10629.67,7.6,0.2539287008,4.905479532,4.8202421868,0.1893460659,0.155522852,0.1499272812,0.3626223388,0.1688703305,0.4375220614,0.0020215901,0.0007465349,0.351,0.276,23.1948498680519,13.7856183178045
"06033",0.0941217779,0.0004348771,6.9890970087,3324,0.1140335944,0.0417330822,10577.05,7.7,0.2121813885,5.0948131472,5.1522516547,0.2069938752,0.1562266578,0.1605051227,0.3508736559,0.182953587,0.6554859661,0.003619024,0.0006989531,0.321,0.234,56.4044978706008,25.356150418894
"06035",0.0497631622,0.0002943774,4.2521178818,3392,0.0598316524,0.0254471695,8756.52,7.5,0.205531187,4.7720027887,4.8224445509,0.2308216906,0.1450281513,0.1476432222,0.3467867252,0.1846842609,0.5418254764,0.0030517499,0.0007467048,0.318,0.225,42.6737862590408,28.4491908393606
"06037",0.1110945717,0.0007384123,5.8819972733,3637,0.1357892751,0.0385424131,14361.41,8.6,0.2129827029,4.3303300828,4.2638464583,0.1780988687,0.1299599491,0.1294908306,0.3649733866,0.1267333179,0.9764529686,0.0034160545,0.00060937,0.288,0.216,14.8133765488196,8.85744862073239
"06039",0.1097841212,0.0004322208,4.8942648115,3175,0.1458111151,0.0385119143,9655.2,7.9,0.2566778818,5.15433756,4.9077936053,0.1867019045,0.1608098308,0.1530411542,0.3394376344,0.1668531406,0.7028734299,0.001629966,0.0006913085,0.359,0.272,16.4988577713851,10.9992385142567
"06041",0.0530959002,0.0014836222,9.1180947818,1690,0.0619005255,0.0311806036,8828.37,9.3,0.1175500845,3.3462642479,3.5982321018,0.2342407196,0.0962142731,0.1080989347,0.2862290895,0.0989534653,0.972445515,0.0075597113,0.0005969207,0.233,0.141,37.7662975107756,15.7252160283776
"06043",0.0989934282,0.0003487764,9.881997326,3347,0.1118881119,0.056774643,8535.02,7.8,0.1710471164,4.4763766783,4.6753022757,0.2231291425,0.1340970035,0.1451655797,0.3352197092,0.1618014689,0.4874253466,0.0028046477,0.0008013279,0.31,0.193,38.5847127368137,21.2215920052475
"06045",0.1058226995,0.0009106733,7.2623315543,2468,0.1278935307,0.0485603782,8544.58,7.6,0.2013682119,4.9351384708,4.8205155402,0.2230254792,0.1473511203,0.1492213299,0.3326601917,0.1670605829,0.7225669107,0.0064150857,0.0010273269,0.314,0.21,49.5361268124846,23.040058982551
"06047",0.1142766242,0.0004501585,3.9253817344,4528,0.1536902892,0.0361197488,9863.46,7.3,0.2840865983,5.3921370184,5.0073489417,0.1703456149,0.1672944114,0.1546277111,0.3543504241,0.1640976835,0.6955076957,0.00172875,0.0005641184,0.38,0.289,25.3698161710334,8.53676278740936
"06049",0.1149854038,0.0006786563,0,3140,0.1370860927,0.0542274052,9732.11,6.1,0.2086415784,4.9583127984,5.0825826314,0.2090399433,0.1543703176,0.1618084267,0.3429572591,0.1889662932,0.4629361966,0.0036458927,0.0006836049,0.324,0.221,41.6966756377696,37.9060687616087
"06051",0.105803196,0.0007615619,2.769315979,2144,0.11965355,0.05754858,8569.98,7.5,0.1594797229,4.0158742677,4.2925970322,0.2333656292,0.1195347225,0.1289605158,0.3199652252,0.1394771785,0.9248697367,0.0019649123,0.0009122807,0.296,0.185,6.93994633108171,6.93994633108171
"06053",0.1193751253,0.0006542859,5.2757561725,3206,0.1560415153,0.0397851619,9166.73,8.4,0.2356204729,4.5630146701,4.3566349517,0.19449598,0.1415619143,0.1367142868,0.3248881534,0.1375101207,0.9028543068,0.003601978,0.0005119446,0.317,0.249,32.2168664138014,9.91879658086011
"06055",0.086938409,0.0009655593,7.6954350099,2347,0.1019021063,0.0462238025,9718.22,9.1,0.1591147685,3.7421883086,3.9981254878,0.2256553529,0.1142836289,0.1208668829,0.3017458529,0.1230532666,0.8978488321,0.0054871357,0.0005666454,0.269,0.188,60.5142256841738,12.5869589423082
"06057",0.0699298734,0.0007418175,9.9243145707,2329,0.0799477682,0.0395294916,8264.96,8,0.139272944,3.8192977586,4.328205098,0.2487200952,0.115571218,0.1310566335,0.3026680308,0.1392231179,0.8107913815,0.0079943027,0.0007623174,0.282,0.162,59.8548102870021,22.4037558057494
"06059",0.0881303793,0.0010007268,6.4300946062,2432,0.1065443184,0.0375227697,12158.09,9.1,0.1689277729,4.023714906,3.7925249386,0.1923647415,0.115366049,0.1172810895,0.3434905967,0.108726147,0.9970470715,0.0026676351,0.0006120589,0.23,0.205,15.8471669830678,10.6522347601416
"06061",0.0486932789,0.0012426913,7.3055188048,1957,0.0580548952,0.0261098281,9064.07,8.8,0.1254256596,3.6604678868,3.7989254555,0.2363976943,0.1078008978,0.1175990776,0.3124877295,0.117148613,0.9394372503,0.0029912323,0.0006231734,0.28,0.149,40.8563764412757,14.4839203367637
"06063",0.0674225706,0.0007975754,13.292922848,3502,0.0769308328,0.0402247856,9284.39,8.1,0.1548964332,4.2006450787,4.5553150715,0.2383961516,0.1248338108,0.140740209,0.3277554703,0.1572172582,0.9795071725,0.0028185492,0.0004254414,0.302,0.18,65.3964438474319,17.67471455336
"06065",0.0984957037,0.0004395789,3.9910206084,3313,0.1253103582,0.0349416851,11648.28,8.4,0.2027058312,4.6853022028,4.3868611473,0.182277664,0.1343328851,0.1370434551,0.3841161393,0.1362425229,0.8892046687,0.0020552825,0.0005055579,0.347,0.216,14.9112906403515,12.0234931769712
"06067",0.0684293354,0.0008962294,7.2033390505,3232,0.0837753907,0.0292028435,9494.3,8.3,0.1830917825,4.2461144162,4.4899938389,0.204046124,0.1259565638,0.1327835059,0.3507753097,0.1404300188,0.9736585029,0.0037365953,0.0006430993,0.307,0.212,31.3186573431504,12.6392385159728
"06069",0.0895843683,0.0002865877,4.1396000509,2575,0.1088839332,0.0444457774,9463.04,9.2,0.2007368961,4.2152665268,4.2631666142,0.1997500298,0.1276600689,0.1284231799,0.320442915,0.1312595378,0.6639888545,0.0010887759,0.0004062596,0.318,0.228,18.5774946921444,8.49256900212314
"06071",0.0988115786,0.0005880505,4.453954777,4002,0.1250293961,0.0384884559,12346.43,8.1,0.2433102517,5.026449363,4.5204284838,0.1860383796,0.1516458921,0.1369981692,0.3752327166,0.1498977766,0.8434790513,0.0022679099,0.0006783008,0.391,0.256,15.0591564946014,10.931265881868
"06073",0.0893203273,0.0008174746,6.0179790494,2774,0.1078261435,0.0374401956,10966.41,8.8,0.1578115667,3.9467092368,4.0308973658,0.2135731707,0.1229586341,0.1214460562,0.3197644512,0.1315158062,0.9697025794,0.003710634,0.000768986,0.284,0.203,26.1430833519986,12.7719647086349
"06075",0.0515184507,0.001610801,8.8026870883,2695,0.057139742,0.0245483537,9214.26,8.8,0.1264334194,3.1789773911,3.9440995165,0.248516881,0.0942089287,0.1038076031,0.3317738619,0.1137516455,1,0.0089968924,0.0009645592,0.19,0.169,30.3633724244336,9.31042083102156
"06077",0.0820165468,0.0005996211,4.6185255357,3410,0.1047212259,0.0332464518,10338.03,8.2,0.2233631278,4.6523550991,4.3806236818,0.1834355684,0.1412599399,0.1363201108,0.365579454,0.1491008005,0.8565852335,0.0023755746,0.0003560705,0.296,0.242,21.7717471060442,10.9953893835354
"06079",0.0701343493,0.0008229988,9.3249644133,1864,0.080352662,0.039054827,9011.67,8.7,0.152139385,4.0323913968,4.4556847861,0.2436536493,0.1193626208,0.129660856,0.3012474673,0.1364797462,0.875755182,0.0060068307,0.0007218056,0.279,0.179,21.1921777317306,17.1892108268481
"06081",0.0576265026,0.0010644779,5.7920119806,1753,0.067255548,0.0306982586,8768.82,9.5,0.1305779065,3.4460570979,3.5788877997,0.2123574128,0.0972452527,0.1038879605,0.3013127557,0.1015945224,0.9974277995,0.0037567654,0.0004223275,0.211,0.169,19.438412918961,9.45770314666936
"06083",0.1203954837,0.0007592402,7.9059527569,1846,0.1497101815,0.0443186945,9425.68,8.8,0.1930458391,4.2067599554,4.3470455167,0.204312233,0.1269017295,0.1313055923,0.3054584646,0.1342077807,0.9218981116,0.0052516421,0.0006449778,0.301,0.213,20.8552600105248,12.2590058843228
"06085",0.0550047493,0.0010560977,6.0066851605,2508,0.0656828128,0.0261180189,9684.99,9.3,0.14330467,3.7071646064,3.4122533766,0.1692100321,0.0999489103,0.097821949,0.3151280528,0.0957785543,0.9908792002,0.0034796162,0.0007019101,0.205,0.185,6.7041695950491,8.71368812999922
"06087",0.079191066,0.0010321617,7.2470929275,2224,0.0923558507,0.0396627566,8665.65,8.3,0.1626374638,3.9785162194,4.2841812491,0.2159499392,0.120523309,0.1265477376,0.3012410774,0.1278727579,0.9403617626,0.0076133525,0.0007000784,0.275,0.191,25.9361164091202,13.9467795784892
"06089",0.0814456659,0.0007330076,8.1630386495,2563,0.1007040248,0.0314504812,9457.48,7.3,0.1719840019,4.617080041,4.7596141559,0.213510878,0.1378710063,0.1497422437,0.3299017488,0.1710733117,0.7794473629,0.0033992446,0.0009831149,0.311,0.196,45.0711957963227,25.2250313921806
"06091",0.0710409472,0.0003327787,0,3135,0.0800260247,0.0428849903,9119.39,6.1,0.1701380737,4.383769508,4.6999594178,0.2317443809,0.1331222613,0.1454496932,0.3316302493,0.1633135843,0.7018518519,0.0016739203,0.0016739203,0.304,0.186,67.3249551166966,67.3249551166966
"06093",0.0925896465,0.0007349732,10.794919497,2353,0.1111595466,0.0436779035,7508.59,6.5,0.1870992668,4.6954262835,4.9296435145,0.2266870498,0.1448864568,0.1533555508,0.3310143375,0.1760059328,0.7248552339,0.004391181,0.0008462172,0.316,0.21,42.1430103901677,23.7533331290036
"06095",0.0600674201,0.0008243176,5.5401290761,2861,0.0726085315,0.0277707453,9733.11,8.8,0.1716460804,4.0038370583,4.1638219845,0.1963098959,0.1209397218,0.1263606639,0.3553103619,0.1383229544,0.9668532748,0.0037571931,0.0004679698,0.301,0.211,31.1663987449932,14.1665448840878
"06097",0.0780681827,0.0010235953,6.958829622,2466,0.0904859437,0.0426207255,9352.64,8.9,0.1512406708,4.0067363598,4.2995627415,0.2361263872,0.1177340029,0.127407893,0.3004378079,0.1289220368,0.9372465787,0.0046025339,0.0007000812,0.252,0.185,39.6200517890677,15.2954961838748
"06099",0.0839410925,0.000664657,5.5024879236,4171,0.106433015,0.0349096947,10780.25,8.2,0.2209808781,4.8328123372,4.7912611183,0.1931672651,0.1474218877,0.145447734,0.3375278707,0.1584953133,0.9095408133,0.0021116194,0.0005838327,0.331,0.261,20.5385336819835,11.2689299848051
"06101",0.0892123881,0.0007940518,6.0842932423,3042,0.1117667907,0.0390515496,10543.57,7.4,0.2213808876,4.8777042276,4.8789003414,0.1987596929,0.1472776906,0.1452704392,0.3495468665,0.1605174091,0.671479992,0.0033365356,0.0008160567,0.299,0.241,30.3277812815555,10.3390163459848
"06103",0.0869803277,0.0004916723,5.3776657858,3731,0.1084676529,0.0363160582,9203.68,6.7,0.2192593451,4.9946234859,5.0173449114,0.1990925442,0.1577568398,0.1608149469,0.3394271828,0.1823412334,0.5899973213,0.001814882,0.0007040491,0.343,0.235,34.1095847933269,21.7060994139353
"06105",0.1011904762,0.0003256003,6.512006512,1784,0.1171947093,0.0531177829,9019.74,7,0.2008489042,5.0269110652,5.1191879106,0.2125755552,0.1540464987,0.1621843886,0.3454816725,0.18972403,0.8770491803,0.0041483845,0.0009573195,0.328,0.219,62.1017388486878,45.9012852359866
"06107",0.0951007925,0.0004332951,4.6332543249,3428,0.1293013162,0.0307307111,10507.2,7.3,0.2802614161,5.2099530736,4.7613547492,0.1735397994,0.1702771347,0.1566729791,0.35204989,0.1752876204,0.6032172491,0.0026681778,0.0008071077,0.36,0.291,16.3485481918077,7.49605921458433
"06109",0.0679598444,0.0006975293,8.9944564778,2127,0.0779727096,0.0386230059,9106.35,7.8,0.169067007,4.4580909367,4.7607850457,0.2384269875,0.1325730335,0.1435300309,0.3314659185,0.1579038274,0.861230019,0.0019252278,0.0008250976,0.286,0.184,81.9411491328914,24.460044517281
"06111",0.1035567608,0.0007978667,6.2529107359,2973,0.1282895057,0.0395005925,11589.58,9.1,0.1764140634,4.200514117,4.1614245714,0.1908735412,0.1244308962,0.1236043584,0.3291916231,0.1233545573,0.9769930938,0.0037298744,0.000421873,0.289,0.205,14.6157361445973,10.9519532296443
"06113",0.0666597149,0.0012380952,6.5759637188,2420,0.0797534813,0.0303181847,8448.99,8.5,0.175560255,4.0647722406,4.2690226821,0.2020087821,0.1255786766,0.129113931,0.3147922993,0.1379468735,0.9603732157,0.0035343545,0.000558056,0.306,0.203,26.1868865759662,8.4766800477116
"06115",0.0811757311,0.000216098,4.1948441552,4100,0.102700107,0.0355161437,11021.13,7.2,0.2119278686,4.8596761987,4.6870851796,0.2125058126,0.1488845061,0.1502205573,0.3539411722,0.1723110214,0.8787887187,0.0021014595,0.0006535026,0.34,0.238,16.8869712794836,19.4200169714061
"08001",0.1233297132,0.0004696369,4.6577158639,3005,0.1497064912,0.0627664648,10962.74,8.7,0.1812680201,3.8931531708,4.0080880936,0.1990504399,0.117847567,0.12827423,0.3310821641,0.1839341896,0.9305190409,0.0033485195,0.0018539936,0.302,0.227,26.8530544058374,21.1080499776655
"08003",0.1306875436,0.0008624407,11.704552455,3327,0.1556161396,0.0718608169,8823.26,6.8,0.2195299638,4.5153485079,4.3635363577,0.181791691,0.1404475292,0.1394117144,0.3336791914,0.1946069168,0.8312722564,0.0141461368,0.001858179,0.314,0.251,48.8838194557601,26.4787355385367
"08005",0.095682903,0.0008041548,8.2852312707,2431,0.1104537013,0.0579561822,11621.75,9,0.1359402155,3.3313188234,3.8390590574,0.1890774854,0.0998900566,0.1181983233,0.3041312687,0.1502278969,0.9814266708,0.003587141,0.0011747272,0.248,0.183,38.0102958544353,17.7584916374805
"08007",0.1384200539,0.0007840901,11.404946896,1771,0.1523109244,0.0952950558,8144.45,7.8,0.1371190473,3.2995558746,3.6816953183,0.2045789546,0.1022519654,0.1177683978,0.29560074,0.1548848578,0.8940748097,0.0015256084,0.0006538322,0.23,0.178,38.104310550131,28.5782329125982
"08009",0.1575133486,0.0008377548,13.962580285,3444,0.1639081687,0.1375,13516.41,6.9,0.1906159587,4.3711272793,4.5469515863,0.2013753751,0.1354133093,0.1488320163,0.328473953,0.2184906743,0.813093981,0.00027894,0.0011157601,0.279,0.222,139.91232161179,93.2748810745266
"08011",0.1087707182,0,5.3792361485,3992,0.1272203553,0.0597014925,9435.33,6.5,0.2246156146,4.5319869056,4.1854762592,0.1930006824,0.1416498944,0.1371707157,0.349659758,0.2242312523,0.8155100785,0.000850051,0.0005100306,0.325,0.266,5.94707106749926,5.94707106749926
"08013",0.0765795078,0.0012262566,9.2582373788,2011,0.0840275419,0.0544964167,10060.73,8.8,0.1119714928,3.0404360494,3.6347815145,0.2128910973,0.0867300473,0.1084144666,0.2659908382,0.1282269869,0.9621478305,0.0069860586,0.0011101638,0.176,0.129,32.0589721730164,18.990346573825
"08014",0.0532255154,0.0010643582,6.5280635777,1718,0.0598932376,0.0359461409,10095.51,8.8,0.1001833646,2.863523572,3.2032802073,0.2070986735,0.0818356333,0.1009743744,0.2853913738,0.1245624769,0.9945248618,0.0014436889,0.0008229027,0.217,0.139,35.8544685990338,15.0966183574879
"08015",0.1127472527,0.0008842602,15.720180782,1811,0.1228383459,0.0788473718,8263.31,8.5,0.1414217868,3.3915716296,3.8897754534,0.2068108618,0.105968513,0.1236155521,0.2971160177,0.174988719,0.9712504913,0.0017975733,0.0006990563,0.234,0.17,44.2303911932377,49.1448791035974
"08017",0.1455064194,0,0,NA,0.1481481481,0.1370786517,10839.62,8,0.156923702,3.7793309095,4.122760166,0.2096862999,0.1154608569,0.1325101933,0.3190734797,0.1896926059,0.4847494553,0,0.000533049,0.254,0.185,18.1752090149037,18.1752090149037
"08019",0.0723257966,0,3.0927835052,1848,0.0754624325,0.0620915033,9761.23,8.9,0.1079689874,3.0008539437,3.4733415586,0.226771601,0.0889141607,0.1087805341,0.2961835553,0.1407672294,0.8181117958,0.0004164498,0.0002082249,0.219,0.145,20.767713128656,41.535426257312
"08021",0.1113382607,0.0003656307,4.8750761731,3421,0.1291345718,0.0714630613,10569.39,7.9,0.2375758154,4.5107495089,4.3897515036,0.1733953218,0.1434287862,0.1402289848,0.3365006293,0.1928174737,0.2211724806,0.0002439024,0.0007317073,0.3,0.248,52.9574710770735,40.7365162131335
"08023",0.1530314098,0,0,2656,0.1770731707,0.0816326531,6674.23,1.7,0.2744344888,4.8252412685,4.4655958956,0.1587133862,0.1573218475,0.1476286765,0.3442562133,0.203299682,0.4148694665,0.000261233,0.000261233,0.299,0.284,60.1581299415607,60.1581299415607
"08025",0.1252189142,0,6.5995710279,4956,0.1462668299,0.0721649485,11375.3,7.1,0.2382810573,4.6753196954,4.3234809288,0.1956736576,0.1485514253,0.1417997779,0.3574244052,0.2374416392,0.3312725399,0,0.0005121202,0.296,0.262,5.67697984672154,5.67697984672154
"08027",0.128780792,0.0001973165,31.570639305,2589,0.1344637224,0.1090909091,6803.26,8.1,0.1376164626,3.5062381669,3.946893565,0.2106713951,0.1072811305,0.1243670655,0.3052635924,0.1698898051,0.9499412456,0.0006055713,0.0014129996,0.234,0.163,6.57678395264716,6.57678395264716
"08029",0.1153934074,0.0007380784,13.798857583,1906,0.1315264798,0.0728777796,7978.25,7.7,0.1845176867,4.1338410554,4.4529628937,0.2178133955,0.1294058604,0.1435344269,0.3251595057,0.2162947443,0.7325213233,0.0015830453,0.000678448,0.256,0.226,79.4144791912601,34.3413964070314
"08031",0.1012847908,0.0013874928,10.602149857,2493,0.1153029428,0.052980695,10517.78,8.3,0.1551676044,3.3547110692,3.8087766008,0.2528559334,0.1035223596,0.1121086894,0.3027679401,0.1528350018,0.9945347725,0.0057139507,0.00118494,0.215,0.155,37.8113297244316,21.6589170266161
"08033",0.1050870147,0.000486618,0,801,0.1153153153,0.0769230769,8964.72,4.7,0.1605474588,3.960159971,4.3037922799,0.2138854857,0.1211946768,0.1385338628,0.323963748,0.2008055453,0.2781007752,0.0004821601,0.0004821601,0.239,0.168,16.0642570281125,16.0642570281125
"08035",0.0428885021,0.0006948518,6.2650574961,2241,0.048638912,0.0313079948,11568.86,9.5,0.0859092084,2.5607409991,3.1099037144,0.2078845259,0.0742008893,0.0956330911,0.2693073489,0.1066768897,0.9339218468,0.0011669428,0.0007585128,0.195,0.115,25.5053665566807,15.6445556946183
"08037",0.1369424101,0.0007618771,7.2559725724,1304,0.1487748599,0.1026479242,9263.29,9.1,0.128658364,3.0180097513,3.4866440235,0.2271140529,0.0929112262,0.1070689815,0.2648206204,0.1327573485,0.9784470372,0.0017274926,0.0008364701,0.213,0.159,7.27056813431163,22.4175850807942
"08039",0.0712294271,0.0001496502,5.986007707,2080,0.0738437387,0.0658177609,10028.74,9,0.1159130003,3.0767383179,3.4066742488,0.217893788,0.0929194298,0.1141748291,0.2958276296,0.1522764788,0.5625054145,0.0011795145,0.0001141466,0.254,0.151,27.3890742492904,23.6542004880235
"08041",0.0899430865,0.0006232623,8.689580693,2218,0.1052301638,0.052424788,9922.12,8.2,0.1368814372,3.4925435074,3.6661495603,0.1734367113,0.103877006,0.1161161044,0.3132753381,0.1527610079,0.8835042418,0.0031995248,0.0011991214,0.27,0.18,34.2648026490715,27.4210903790815
"08043",0.0919729572,0.0004598758,9.4065511403,2285,0.1048941435,0.0549080549,8790.49,6.9,0.1811213806,3.9957640725,4.1218918501,0.200006223,0.1262839505,0.1332040368,0.3475097858,0.2134941867,0.6487057919,0.0031861061,0.00093709,0.291,0.207,47.3119177329242,41.7458097643449
"08045",0.1567944251,0.0007492383,9.8233462646,1883,0.1832881862,0.0954054406,9918.14,8.9,0.1520155572,3.4517373175,3.8104663988,0.1986643205,0.1065067866,0.1195523483,0.3190464244,0.1691030603,0.9385873131,0.0022921198,0.0006859629,0.226,0.184,49.3903894071488,26.6375133881252
"08047",0.042636417,0.0003203588,4.8053820279,NA,0.042250178,0.0460732984,9954.45,NA,0.1074780276,2.9993726485,3.4847958871,0.239539415,0.08898316,0.1087095284,0.2889984823,0.1449305841,0.8169454144,0.000653488,0.000163372,0.219,0.143,5.37663315232002,5.37663315232002
"08049",0.1119040151,0.0006355663,13.346892081,1864,0.1190757129,0.0849264706,8538.03,9.1,0.1309282122,3.3649388827,3.7224631478,0.2307642577,0.1030297253,0.1210188826,0.3114226272,0.1708416008,0.746547194,0.0018679549,0.0004508857,0.224,0.16,21.2526300129641,25.5031560155569
"08051",0.0990786676,0.0009162753,14.889474287,1987,0.1075977554,0.0688073394,8463.98,8.6,0.1225965808,3.2504563658,3.6083004612,0.2316000715,0.0987629954,0.115480963,0.2947443871,0.1501971462,0.9090315844,0.0022613939,0.0008117824,0.228,0.147,28.680139959083,30.5921492896885
"08053",0.1218637993,0.0012195122,0,NA,0.1275626424,0.1102362205,9769.22,7.7,0.129585369,3.3526784951,3.7941926931,0.2195499155,0.1012280732,0.120375568,0.2992383866,0.162276178,0.4163701068,0.0024660912,0,0.24,0.16,41.0004100041,0
"08055",0.0876730389,0.0007249529,7.2495287806,1451,0.0983746792,0.0529147982,8343.65,6.8,0.1745936599,3.9223901269,4.0475733097,0.1928130894,0.1192261458,0.1282209165,0.3228263891,0.177613281,0.753687975,0.0014515895,0.0014515895,0.25,0.209,106.439595529537,106.439595529537
"08057",0.1522988506,0.0014367816,0,886,0.1605839416,0.1191489362,11062.8,8.4,0.162625329,3.878570954,4.2213239591,0.2105876881,0.1201426383,0.1371228465,0.3252388068,0.1972446146,0.8715925395,0.0042887777,0.0007147963,0.251,0.182,23.9234449760766,0
"08059",0.0746316444,0.000857808,7.6516475919,1876,0.0829368941,0.0507609089,10499.93,8.9,0.1162401233,3.2606638542,3.6814774108,0.2311517418,0.0909698339,0.108381546,0.296776661,0.147301321,0.9918247924,0.0030780738,0.0009478951,0.239,0.139,50.1604159878882,19.6404368537051
"08061",0.1049149338,0,0,NA,0.1105121294,0.0920245399,12612.39,5.1,0.1616322575,4.0120745746,4.3153559475,0.2053358723,0.1229118419,0.1405855226,0.324761473,0.2014724116,0.5851216023,0,0.0007230658,0.277,0.204,117.730162467624,117.730162467624
"08063",0.1451064591,0.0005636184,12.681414682,3909,0.1632810491,0.1042128603,10886.35,8.1,0.1697463796,3.9806540522,4.1304566403,0.2025767124,0.1221269256,0.1367304283,0.3295149563,0.1937180401,0.2785973398,0.0008376379,0.0011168505,0.274,0.219,46.7704971703849,37.4163977363079
"08065",0.1441106484,0.0004921865,6.1523317337,854,0.1652190697,0.0755417957,8498.45,6.4,0.1883292302,4.0346998009,4.0370157277,0.1974041907,0.1249399219,0.1318559814,0.3177990124,0.1842056479,0.8674418605,0.0005112474,0.0019171779,0.263,0.185,25.0647506057315,25.0647506057315
"08067",0.1132472826,0.0012272994,10.138560324,1962,0.1252697868,0.0759341472,8249.6,8.7,0.1265558932,3.2511199312,3.7576655259,0.2385842506,0.0986382676,0.1190627202,0.2957310617,0.1616367176,0.754236958,0.0038536672,0.001296395,0.234,0.163,23.0639581300452,22.4725745882492
"08069",0.0767862457,0.0008545835,8.9381029367,1886,0.0871878636,0.046114597,9951.95,8.5,0.1122179777,3.191965701,3.8544134207,0.2315756147,0.0932704466,0.1129526121,0.2719350614,0.1452251493,0.9283282715,0.0034634455,0.0010070809,0.239,0.136,43.1710594702415,22.9434047076121
"08071",0.1315415822,0.0005514959,7.5830690749,5046,0.1517615176,0.0736842105,9320.84,6.8,0.1966934242,4.1106097475,3.9779425222,0.1882903587,0.1270781022,0.1312792004,0.3279250846,0.1854236198,0.8038950152,0.0015169275,0.0003447563,0.291,0.233,57.5652213958415,46.0521771166732
"08073",0.1043715847,0.0005262235,7.0163129276,4626,0.109375,0.0927209705,11906.12,7.8,0.1753909521,4.064843486,4.1212068907,0.2087442176,0.1236845921,0.1343975624,0.3276602435,0.2086579814,0.5983171758,0.0021390374,0.0017825312,0.306,0.227,94.1675004414102,58.8546877758813
"08075",0.112268838,0.0006693739,9.3712347717,2254,0.1268027721,0.072890664,11104.7,7.9,0.1763600335,4.1051682688,4.1012392236,0.1979375415,0.1241726291,0.1330570869,0.3411167621,0.1932071432,0.8399753402,0.0033909327,0.0007896693,0.278,0.224,51.5847127186661,18.2063691948233
"08077",0.1094459165,0.0011477855,8.689449452,2505,0.1264890104,0.0644486294,8128.85,7.5,0.1557064614,3.8797596908,4.3015743626,0.2010790744,0.1177050966,0.1340925911,0.3248904423,0.1861156613,0.7743980153,0.0032309229,0.0010117031,0.282,0.19,69.3274588570688,31.1001684592458
"08079",0.1104536489,0.0013003901,0,2835,0.11,0.1120689655,9247.9,8.5,0.1157437877,3.1124919402,3.6419764157,0.2242019742,0.0941235929,0.1143596573,0.2942877658,0.1482031175,1,0,0.0012886598,0.233,0.144,43.1406384814495,0
"08081",0.1003639672,0.0001505684,6.7755778062,2268,0.1148963731,0.067767159,9861.37,6.9,0.1671680588,3.9209208248,4.1614406968,0.2103107554,0.1209593162,0.1375807358,0.3204162237,0.2008001081,0.7606379123,0.0017440097,0.0011373976,0.266,0.217,55.534519752619,35.3401489334848
"08083",0.1388202049,0.0010312035,10.693961731,950,0.1588030619,0.0879082696,8221.3,7.4,0.1775175739,4.294675156,4.2348224831,0.2054572295,0.1292441136,0.1415906962,0.335547525,0.2015178885,0.7958879969,0.0015291689,0.0008410429,0.262,0.203,72.3818715158288,38.0957218504362
"08085",0.1294554378,0.0007951728,8.8872257823,2384,0.1462347898,0.0864735352,7882.16,7.7,0.1743406748,4.0104333145,4.331431443,0.2046559894,0.1217489053,0.1344889844,0.2926351026,0.1902446757,0.865151662,0.0024873265,0.0010186194,0.268,0.211,56.1210968556597,36.6346048918889
"08087",0.149278229,0.0005160314,12.040732077,2834,0.1734181048,0.0959642435,9596.4,8.5,0.1873595101,3.9387229756,4.0789248714,0.1986508432,0.1237034861,0.1353922099,0.3151825652,0.1957244637,0.7234276785,0.0021360039,0.0006302962,0.337,0.25,83.1725715341874,18.4827936742639
"08089",0.1140287248,0.0006018164,12.583433636,3509,0.1324878853,0.0714285714,9088.64,7.2,0.2259021354,4.525446922,4.2886390306,0.180249471,0.1413838037,0.1437782508,0.3426895646,0.2087328309,0.7068132335,0.0041775174,0.0009765625,0.319,0.259,25.4958022982645,20.0324160914935
"08091",0.0858333333,0.0012116317,16.155088853,NA,0.0883280757,0.077020202,7367.38,8.8,0.109905807,3.0799900668,3.5259654133,0.2204992507,0.0908226124,0.1106331169,0.2969722486,0.1395226845,0.7053651939,0.0014483758,0.0002069108,0.228,0.137,6.76315433518193,6.76315433518193
"08093",0.0879143364,0.0002653224,6.3677368002,1668,0.0908249937,0.0766860664,9330.21,8.1,0.117555403,3.1043619565,3.6172123159,0.2176319077,0.0943640537,0.1161202949,0.2936228641,0.1593879748,0.7212760706,0.0008622548,0.0001077818,0.24,0.165,37.2631130669316,53.2330186670452
"08095",0.1354718156,0.0011723329,18.757327081,3607,0.1475631769,0.1090733591,14883.68,9.1,0.1546320576,3.6613317844,3.9696637552,0.2078655987,0.1114888202,0.1283567788,0.3066987585,0.1793372121,0.8284556506,0.0009332711,0.0011665889,0.275,0.21,85.1525003870568,69.6702275894101
"08097",0.1055743243,0.0008442618,17.448077897,746,0.1068187711,0.1009736747,11578.15,9,0.0984740668,2.6671339763,3.1848662923,0.2446219863,0.0808251453,0.0986311765,0.276244981,0.1198674382,0.9269302543,0.0036768802,0.0006685237,0.207,0.126,24.2487549196993,20.5181772397456
"08099",0.1457016435,0.0004107788,9.0371344068,3560,0.1770195838,0.0784939375,10097,7.2,0.202072925,4.2103440515,4.2599782601,0.1816722922,0.1347570001,0.1422057815,0.3235843803,0.1939859517,0.5531830133,0.0018908254,0.0011509372,0.321,0.244,49.393556884913,38.4172109104879
"08101",0.0956407695,0.0007006127,7.8373628462,3460,0.1165902822,0.0421035991,10671.64,6.4,0.2008764876,4.2151829531,4.4494049044,0.1819125664,0.1284385802,0.1353222355,0.3610427291,0.2001992928,0.645027442,0.0051215014,0.0010684717,0.296,0.244,33.4140014551896,29.4596817563506
"08103",0.0954753837,0.0015812777,11.068943707,3152,0.1034384768,0.0785440613,14258.88,8.5,0.1526905068,3.7586954881,4.1276897158,0.2083324094,0.1145597294,0.1330020933,0.3272811313,0.1886987999,0.9477947795,0.0025252525,0.0006313131,0.259,0.194,52.6260393642774,63.1512472371329
"08105",0.1416859122,0.0009763025,13.313215585,4506,0.1654940838,0.0818324197,9097.64,7.6,0.1932476723,3.9898160131,3.9354358133,0.1838453287,0.1246170491,0.1299764515,0.317943065,0.1795228515,0.7835085962,0.0002666667,0.0010666667,0.281,0.235,76.8935024990388,38.4467512495194
"08107",0.0962997879,0.0012871519,12.091426788,843,0.103690369,0.0708298407,8494.15,8.8,0.1118152209,3.056016327,3.5834358506,0.2399709649,0.0914788024,0.110294147,0.2935191781,0.1446441944,0.8637968438,0.003069988,0.0008160727,0.204,0.142,37.6961172999181,15.5983933654834
"08109",0.180958132,0.0001465416,14.654161782,3740,0.206401766,0.1134453782,7110.43,6.8,0.2182352466,4.4395317088,4.3659333033,0.1809692661,0.1389763005,0.1432031567,0.3270041673,0.2003993969,0.4842829077,0.0007306737,0.0001461347,0.268,0.237,4.85319097306479,4.85319097306479
"08111",0.1221804511,0.0013736264,0,NA,0.1316964286,0.0689655172,6559.07,5.9,0.1359130006,3.4292688905,3.7947958198,0.2189514906,0.1032815842,0.1193668527,0.3057543568,0.1688102846,0.9971387697,0,0,0.26,0.186,0,44.6827524575514
"08113",0.1226565906,0.0008558503,4.8905734197,NA,0.1293323605,0.0990437158,7144.16,8.6,0.1098158242,2.9828833134,3.3945268017,0.2219906721,0.0882315415,0.1060243015,0.2824741913,0.1337840856,0.8211713548,0.0029300452,0.0006104261,0.231,0.147,4.08580183861083,4.08580183861083
"08115",0.124452783,0.0004448399,17.793594306,5864,0.1336717428,0.0942528736,11951.76,7.7,0.1715031456,4.057137958,4.2915071343,0.2024353811,0.1242232357,0.1395442859,0.3227795602,0.1961427088,0.6250525431,0,0.0013026487,0.28,0.212,14.682131845544,14.682131845544
"08117",0.1214283018,0.0006771791,7.4167230983,1440,0.1316499256,0.0792917629,8328.24,9.2,0.1185705341,3.0182077871,3.3043967053,0.2400378255,0.0921508252,0.1095011089,0.297031119,0.1447743622,1,0.0029348212,0.0005482633,0.2,0.143,4.31736985828233,19.4281643622705
"08119",0.0798593152,0.0004726643,10.634945644,2310,0.0857766894,0.0604974233,9144.81,8.7,0.1233776064,3.281122189,3.8431540984,0.2238507627,0.1003613764,0.1207714279,0.3058560761,0.1685094594,0.8173019272,0.0015947056,0.0005182793,0.24,0.168,18.4210526315789,43.4210526315789
"08121",0.106073097,0.0006112469,14.262428688,2259,0.1128720526,0.0915555556,10123.35,7.4,0.1573022371,3.8665176714,4.1751154336,0.2167600621,0.1189780746,0.1362898264,0.3298500712,0.201636911,0.4372663066,0.000407415,0.0006111224,0.28,0.198,122.515654778111,68.0642526545059
"08123",0.1089909525,0.0005701219,5.9477583423,2666,0.1291497043,0.0636502535,10383.37,8.7,0.1500971814,3.5873826256,3.9509175282,0.1920841521,0.1105549436,0.1239662073,0.319593729,0.1699149149,0.7826164343,0.0025452984,0.0006713224,0.322,0.208,23.1295873681614,19.0176607249327
"08125",0.1514843948,0.0004990518,14.971554047,3890,0.1747332317,0.1059122234,11515.45,8.1,0.1711436519,3.9651470585,4.1768579573,0.1953501381,0.1199440178,0.1328278171,0.3304249957,0.1894877945,0.7251817186,0.000998004,0.0007984032,0.275,0.218,66.476101841388,86.4189323938044
"09001",0.0932162715,0.0009434642,9.3604372586,3230,0.1088784045,0.051882929,11184.36,8.7,0.1191671957,3.2047790362,3.5638958318,0.2179941215,0.0978657129,0.1078140622,0.3307787052,0.116771157,0.9681074661,0.0030588362,0.0010679969,0.235,0.171,49.6893356295508,8.76454853209716
"09003",0.0600828758,0.0009621854,9.9807114341,3434,0.0716084459,0.0282235979,11270.54,8.3,0.1380274913,3.3700691346,3.8552351234,0.1914370148,0.1032920378,0.120620403,0.3537476224,0.1419719025,0.9684132463,0.0050397839,0.0016545368,0.318,0.213,78.768930631352,11.2206453890815
"09005",0.061383078,0.0005822562,9.8151752591,3094,0.0701807841,0.0336004211,10889.9,8.5,0.1132648568,3.1808591609,3.9399051089,0.2114445216,0.0979800248,0.1205740791,0.328845756,0.1496616942,0.8293028374,0.00250675,0.000579755,0.294,0.181,76.1476673308025,14.970779256784
"09007",0.0466014459,0.000751065,10.650348445,3678,0.0525975824,0.0273188896,11209.11,8.3,0.110792815,3.2290330457,3.9719059475,0.2268431898,0.0955439022,0.115563726,0.3304287148,0.1324473911,0.9676054468,0.0042352565,0.0010634243,0.284,0.157,95.7321144265831,15.8183965898002
"09009",0.0698256015,0.0008868017,7.9671766362,3686,0.0834618734,0.0297167761,11958.48,8,0.1533834739,3.7600328145,4.2484516723,0.2040338833,0.1114994576,0.1316042577,0.3769291699,0.1566265147,0.954136748,0.004373732,0.0014890045,0.333,0.218,73.781599446248,10.997046006259
"09011",0.0608168326,0.0006447818,9.8036997655,3694,0.0718835014,0.0281589264,11555.53,7.8,0.1360518131,3.5903757022,4.193562642,0.224239505,0.108511787,0.124863234,0.379367734,0.1573605052,0.9207093467,0.0038195694,0.0009033525,0.313,0.174,69.2606798839131,13.6764748321495
"09013",0.044467902,0.000530782,6.966514288,3497,0.0511513366,0.0239531841,11408.78,8.3,0.1086057496,3.2328378478,3.9049200071,0.1973008623,0.0949952787,0.1133388313,0.3262016381,0.1431187368,0.7660569385,0.002338972,0.0007023542,0.282,0.179,54.6167759739255,14.372835782612
"09015",0.0645396536,0.0004624,8.9054820092,3531,0.0758628481,0.0302979154,11658.43,8.1,0.154936215,3.7770260412,4.1065251382,0.187296939,0.1141741756,0.1319133397,0.3746141091,0.1643509682,0.8185901983,0.0033154742,0.0005468823,0.336,0.226,56.5150749681032,15.9840616071403
"10001",0.0901814264,0.0004646377,8.8502428285,5370,0.1039498457,0.0565143182,11431.77,7.8,0.2102085867,4.5094608335,4.7516701834,0.1994486581,0.1378894387,0.1519183553,0.3930188789,0.1972127604,0.6684431027,0.0017642117,0.0008345001,0.391,0.276,37.0180062212351,12.7076737774389
"10003",0.0679068083,0.0009199056,10.738197379,4546,0.0774956269,0.0425935576,10612.61,8.2,0.1660456985,3.6796931905,4.3224676957,0.1923300744,0.1114041013,0.1305470064,0.3664715349,0.1838650858,0.9693989923,0.0032073802,0.0015947509,0.337,0.229,57.2748938896262,11.6097757884377
"10005",0.1039220812,0.0005891771,10.075781834,4009,0.1179791322,0.0648032515,10775.05,8,0.1888522703,4.2607368589,4.3429288941,0.2030681095,0.1326002025,0.1377267962,0.3566817169,0.1905165969,0.7403129676,0.0018579416,0.0007196253,0.371,0.254,51.3368862618522,11.9124266463966
"11001",0.0403111643,0.0012369837,28.225332236,4509,0.0463154516,0.01910002,9516.93,8.7,0.1468660039,3.2807504051,4.1652763767,0.2345050607,0.0937775378,0.1277904996,0.364710436,0.1538218526,1,0.004845862,0.0017823206,0.242,0.172,31.4942810534554,6.41200931627236
"12001",0.1241376126,0.0015945406,9.2921949279,4233,0.1416287424,0.0684727005,11336.09,7.5,0.1805084746,4.1619050887,4.850223558,0.2108999403,0.1271872338,0.1478166024,0.3602477967,0.1787556831,0.8738194197,0.0062195321,0.0027745262,0.319,0.245,54.8001337913176,12.9594910992981
"12003",0.1108087612,0.0002738788,6.5046217049,6232,0.1343954773,0.0601671309,13820.01,6.8,0.218099984,4.8914146362,5.3593721884,0.1817114875,0.1479140968,0.1692540139,0.4322321687,0.2523313707,0.4111746266,0.0009874802,0.0006700758,0.38,0.294,28.69242864193,16.0677600394808
"12005",0.1481992073,0.000612461,8.0707478321,3708,0.1759502565,0.0704107744,12569.28,6.9,0.2135446125,4.9210402959,5.2942258077,0.1874049164,0.143598585,0.1677847608,0.3981594468,0.2188223868,0.6808625305,0.0025096202,0.0012521116,0.311,0.272,32.1843580255743,24.4676406042378
"12007",0.1350939029,0.0002482181,10.283323286,6952,0.1626039994,0.0672525108,13359.76,7.6,0.2480718406,5.3374797926,5.4081621433,0.1829743366,0.1679365872,0.1784877072,0.4144996136,0.2739370554,0.6525245442,0.0007211885,0.0007933074,0.383,0.325,63.8856683150747,21.2952227716915
"12009",0.1388030551,0.0007326287,7.3595130428,3827,0.163431765,0.0637170475,11979.52,7.3,0.1855070845,4.5166914308,4.9747877648,0.2120176621,0.1312368041,0.1535872535,0.4065373066,0.2006715131,0.8836974765,0.0015782886,0.0010153322,0.33,0.237,100.816157144833,21.2477521095587
"12011",0.1765502934,0.0007394594,5.5971544128,4571,0.2066707286,0.0917027172,13611.44,8.7,0.2003171485,3.8957991159,4.3340522793,0.1867286564,0.1273789602,0.1355478631,0.4125875058,0.168837566,0.9687923683,0.0017419514,0.0009757798,0.306,0.269,19.5491648702531,12.3163150404212
"12013",0.1580014189,0.0003544842,7.7986529599,5017,0.1862484246,0.0856942987,13213.76,5.9,0.2572328854,5.1072723914,5.4415759128,0.1759106199,0.161090147,0.1813777261,0.4097163826,0.2550572387,0.2001367521,0.0001371084,0.0006169877,0.371,0.31,63.1283610007014,46.7617488894085
"12015",0.173586998,0.0005981684,5.6640728389,3770,0.193729283,0.0960551843,11835.97,6.8,0.1814182797,4.5486622625,4.8869985084,0.1990964227,0.1335581002,0.1561661652,0.3982865878,0.2133495756,0.8051669605,0.0011297419,0.0008594688,0.3,0.256,89.6909881660655,21.4554912867843
"12017",0.1705539672,0.000501146,7.751057418,3635,0.1958546194,0.0874524715,10914.36,6.3,0.1976340549,4.7854160082,5.3301304475,0.2139979458,0.1477875021,0.1696169107,0.4290971576,0.2313017442,0.7331487723,0.00062192,0.00103428,0.316,0.271,45.2733712682758,29.9603192216531
"12019",0.1256520221,0.0005108277,7.0694908142,3544,0.1487148287,0.0684376237,12649.13,7.9,0.1906827614,4.4316150488,4.7923193488,0.2218143749,0.1320679452,0.150312252,0.4096342194,0.2014853223,0.8833101931,0.0008978489,0.0009904106,0.352,0.252,36.220084188868,17.3491159560124
"12021",0.213015526,0.0008028018,7.2226177053,2960,0.2478280845,0.1143371897,10992.46,8.2,0.1831683144,3.3860526513,4.1061458286,0.2165572044,0.1173711414,0.1342344366,0.3412125525,0.159715377,0.9144812142,0.0010013528,0.0009458688,0.272,0.249,29.1430977988746,14.1823977418856
"12023",0.142314125,0.0004324415,7.6723488547,5811,0.1730784548,0.067720954,12955.2,7.6,0.2305938545,4.7164617728,5.1405281493,0.1917803894,0.1507412324,0.1706550709,0.4235922571,0.248233911,0.6748308184,0.0020566501,0.0012481738,0.343,0.299,40.4946868178158,25.134633197265
"12027",0.26507687,0.0002368359,8.1576800611,5039,0.3232970866,0.0982642376,13227.29,7,0.2919424329,5.2912067292,5.2248526076,0.2032286466,0.178154905,0.1795012694,0.394185087,0.2625385746,0.5575411623,0.0013603991,0.0006668623,0.416,0.383,35.0846416980967,14.0338566792387
"12029",0.1749361547,0.0001782955,7.1318198027,4334,0.2079910381,0.0862960569,11731.31,7.2,0.2740803688,5.7344310055,5.7739593259,0.188078437,0.1820573566,0.1940734037,0.399719438,0.3090940185,0.3477042991,5.98802e-05,0.0003592814,0.385,0.321,65.239309649487,23.7233853270862
"12031",0.1427339829,0.0008415513,8.7078637021,4871,0.1718972012,0.0646663241,12905.64,7.4,0.2033542663,4.443854372,4.839626087,0.1849350638,0.1330663646,0.1525616253,0.4017388026,0.1863880738,0.9207856868,0.0019585742,0.0016902043,0.346,0.278,32.769047095591,17.3933370995706
"12033",0.1402066117,0.0007445432,9.0161977406,4070,0.1682703642,0.0635369337,11924.67,7.1,0.186605897,4.2711048232,4.7929101925,0.2048893026,0.1313881775,0.1544139704,0.4125705982,0.1995925886,0.7319929171,0.001911046,0.0016860307,0.354,0.253,41.3087446952251,17.8830261845152
"12035",0.1583188015,0.0005126824,5.8219862532,4103,0.1795000334,0.0934904093,11334.97,6.7,0.1859947392,4.1775914279,4.900995886,0.2115735248,0.1283125643,0.1539029112,0.3948145439,0.2006659126,0.7543261996,0.0005532405,0.0005889334,0.326,0.233,56.1344216852479,22.8588624388381
"12037",0.1787015792,0.0002474227,14.020618557,5128,0.2064424275,0.0938166311,9982.33,7.7,0.2385368718,4.8033866311,5.107605377,0.2413540733,0.156493176,0.1739151575,0.3966788836,0.2595859994,0.8835397004,0.0006816633,0.0006816633,0.384,0.293,74.871055404581,55.4600410404304
"12039",0.1627654582,0.0002190101,9.8554533509,4873,0.1948633175,0.0802079087,10873.27,7.9,0.2684184634,5.2219854298,5.2784714212,0.1725403418,0.1670629994,0.1772754398,0.4286211341,0.2252764693,0.597684796,0.0011766244,0.0002832614,0.43,0.347,56.273797604344,18.2707135079039
"12041",0.1721557984,0.0003767086,5.3815520396,4853,0.1993431529,0.0985208663,12274.01,7.9,0.2369118329,5.2548020543,5.4104989054,0.1916447656,0.1626364298,0.1802961208,0.3869154412,0.2599520359,0.2243934117,0.0006025416,0.0006573181,0.36,0.291,52.0431419701021,25.1242754338424
"12043",0.2650502661,0,4.3443631888,4485,0.2955936353,0.1652089407,11655.05,5.8,0.267422666,5.3029250344,4.9351363072,0.1974337633,0.1665653463,0.1697366087,0.3964385861,0.2604906404,0.0967867122,0,0.0005100554,0.401,0.331,23.9618527304531,23.9618527304531
"12045",0.1354359926,0.0005132341,13.197448493,4392,0.1559317369,0.0770132916,12043.66,7.9,0.2053618155,4.2565913951,4.7326748096,0.2140515687,0.1371651424,0.1550705916,0.4103598507,0.2382803351,0.5403139381,0.0008661222,0.0007423905,0.326,0.254,66.9174146802963,32.3049588111775
"12047",0.152415943,6.93097e-05,6.2378708068,5221,0.1865543597,0.0696202532,11167,6.2,0.2838745391,5.0575136314,5.0508838955,0.1877345961,0.1740407804,0.1795834303,0.4066604286,0.2771407492,0.4534765863,6.98812e-05,0.0001397624,0.387,0.35,36.9865230356689,27.7398922767517
"12049",0.1985971065,0.000111371,9.280914727,4555,0.2548391688,0.0809982487,14083,6.6,0.3194452789,5.6738518073,5.4084694645,0.1626376335,0.1883015046,0.1818384191,0.399190907,0.2412354728,0.5953986513,0.0001835199,0.0004404478,0.406,0.382,12.3450693792899,13.5795763172189
"12051",0.2688860435,0.0002617676,7.8530293656,3898,0.3381733404,0.1154460011,12066.63,7.1,0.3245279431,5.3793061659,5.1196438183,0.1792543128,0.1818357948,0.1763551231,0.4150222455,0.2365610903,0.6247572816,0.0004331504,0.0004331504,0.371,0.382,13.4503247857838,15.8239115126868
"12053",0.1561747704,0.0005466172,6.0334158416,4768,0.1848980571,0.0725269304,13237.7,6.9,0.2140057456,4.4695721527,5.190434196,0.187872399,0.1400071417,0.1651310643,0.3916807089,0.2304014638,0.8227204852,0.0007806565,0.0007649386,0.359,0.272,26.2176199541791,19.5346972207609
"12055",0.2041567374,0.0005742744,10.63819772,4527,0.245226294,0.0892133459,13043.4,6.1,0.231790878,4.8002917584,5.0065472882,0.1868568353,0.1543471427,0.1683164266,0.3689813766,0.224199199,0.8095074201,0.0007208985,0.0008347245,0.391,0.296,42.4149501702882,25.4489701021729
"12057",0.1489612655,0.0008308605,6.977053849,4654,0.1803600095,0.0638553822,13003.26,7.8,0.1950396536,3.9616172952,4.5419283368,0.1894336111,0.1291673412,0.1400368471,0.3757358434,0.1761545313,0.936508014,0.0017837159,0.0014127754,0.295,0.256,37.5101008370448,14.1598928749643
"12059",0.1841500216,0.0003568334,10.705000765,3841,0.2218926135,0.0863544814,12582.5,5.5,0.2685749981,5.691056593,6.0763837867,0.1766724987,0.1773949202,0.1941923388,0.4157006796,0.287547026,0.2067044713,0.0008214817,0.0005647687,0.365,0.315,42.5981461286805,22.1510359869139
"12061",0.1855351922,0.0006002889,9.4420439837,3234,0.2160692059,0.0884652791,11360.37,7.2,0.1863260728,4.1440276825,4.673764292,0.2202424611,0.1293074874,0.1504494177,0.3689323982,0.2060363382,0.8400614368,0.0012768958,0.00095926,0.323,0.242,59.393065390723,18.9641015808975
"12063",0.1485380879,0.0004093592,10.988063946,5902,0.1732505139,0.0851767389,11807.61,7.3,0.2488725311,5.1633425771,5.2791680977,0.1873419314,0.1678899585,0.1748721621,0.4007606189,0.2580900875,0.2917822538,0.0012421074,0.0012214057,0.35,0.31,55.396153518366,19.8857986989006
"12065",0.149189303,0.0003509757,9.1253685245,4934,0.1661134163,0.0992907801,10450.31,7.8,0.2191660756,4.4887737559,5.0083591667,0.2068676938,0.1447489725,0.1619321984,0.3868989841,0.2217299495,0.5224578281,0.000349944,0.0001399776,0.354,0.279,109.106948023307,25.5356686863059
"12067",0.196371962,0.0001187366,17.810496319,5349,0.2293871524,0.1153623188,13356.28,8.3,0.2776738479,5.3506074191,5.317938677,0.1796239502,0.1730081023,0.1812374212,0.4077062306,0.2713638098,0.1358511838,0.0001145213,0.0004580852,0.373,0.319,23.4045872991106,0
"12069",0.1566051795,0.000645569,7.4907795314,3584,0.1875629995,0.071681737,11845.78,7.4,0.1986964737,4.5140990424,5.0447067607,0.1936555842,0.1378914685,0.155590025,0.4019323392,0.1886435718,0.856523437,0.0008639672,0.0008723825,0.355,0.262,63.506216421543,20.5621846866314
"12071",0.178936957,0.0006501622,5.9046662436,3501,0.2075592113,0.094915008,11410.14,7.4,0.1950127564,4.2367646605,4.4311220599,0.2317967725,0.1325301347,0.1458245307,0.3677788503,0.194469091,0.884632665,0.0010747273,0.0010482236,0.279,0.238,19.6895102407043,16.5806402026983
"12073",0.119411356,0.0008651757,13.420441308,4273,0.1375801061,0.0621648705,11226.57,7.4,0.1675063513,3.9342587758,4.7555581256,0.1994834083,0.1238281594,0.1449475948,0.3847351932,0.1860412712,0.8319811824,0.0022153695,0.0013162303,0.35,0.239,41.7449384262158,12.4781065947928
"12075",0.1928869057,0.0001686625,7.2283931282,4964,0.2273865483,0.0942909761,11502.93,7.2,0.2417738781,5.1511479716,5.5760745668,0.1747983606,0.1651298147,0.1849177485,0.404752794,0.2542701561,0.4659689713,0.0001716949,0.0006867795,0.369,0.307,48.1978037867408,16.8692313253593
"12077",0.1457633814,0,7.1821881733,5024,0.1705280172,0.0804195804,13277.98,6.9,0.2595313514,5.2504966941,5.2035224844,0.1890505939,0.1639632579,0.1734625006,0.3852133299,0.267123226,0.195218171,0.0016554334,0.0003547357,0.397,0.312,23.8331678252234,27.8053624627607
"12079",0.1668657905,0.000108149,11.89639323,5918,0.1953257191,0.0819772797,12643.06,6.4,0.2764463562,5.2343530091,5.4002700952,0.1695709137,0.176495015,0.1854389784,0.4174336298,0.2748344435,0.4977632127,0.0004857251,0.0007555723,0.399,0.353,96.8974860485564,17.9439788978808
"12081",0.1677189292,0.0005902002,6.8195400902,3436,0.1999768738,0.075248956,11914.19,8,0.1799964467,3.9812599186,4.33445341,0.2293112394,0.1254629839,0.143724766,0.3653058281,0.1939317165,0.9110778638,0.0010155627,0.000858543,0.311,0.238,41.3453102428045,17.6131021634347
"12083",0.1692534097,0.0005990497,7.2214213617,3945,0.2051441135,0.0720287589,11847.05,7,0.2322871638,4.7939403685,5.3243299089,0.1676784031,0.1483784276,0.1684695251,0.4007411664,0.2093014201,0.75644284,0.0009583946,0.000994508,0.382,0.279,38.5781056512375,23.1104689514489
"12085",0.1616905489,0.0006521739,9.751552795,4070,0.1874441657,0.0855507764,11860.59,7.7,0.1624116975,3.8817510134,4.5779704294,0.253181858,0.117866007,0.1414583635,0.3569394098,0.18623424,0.9655954838,0.0017711544,0.0012864174,0.287,0.217,63.6363636363636,20.8677685950413
"12086",0.1935511867,0.0008255611,4.9430609436,5721,0.2325825601,0.07492824,15112.42,8.7,0.2431548647,4.1526028623,4.0829166017,0.1861087191,0.1373408795,0.1377252583,0.3883554896,0.1593695724,0.9783771658,0.0015976356,0.0012315409,0.301,0.332,28.5127068453952,9.62639802663727
"12087",0.2163535793,0.0007005443,13.20256507,3138,0.2365434646,0.1377708978,10179.43,7.9,0.1712344958,3.7645829174,4.4635397942,0.2519355562,0.1185978692,0.1390450998,0.3804514758,0.1741895824,1,0.0021858797,0.0007597265,0.304,0.229,44.8119020411821,36.2976406533575
"12089",0.1184629311,0.0004739069,10.155148096,3243,0.136817335,0.0689225096,11299.04,7.4,0.1702187185,4.1195914127,4.6114742328,0.2434479057,0.12550989,0.1482734107,0.3710956599,0.198519305,0.7176528357,0.0012466213,0.0007106907,0.305,0.215,55.3526377226343,21.0867191324321
"12091",0.1451657892,0.0007450009,8.6837684708,4384,0.1726274155,0.0741685328,11779.82,7.3,0.1758083831,3.9861559159,4.5828063674,0.2142430874,0.123704354,0.1472864038,0.3903755775,0.1987865462,0.7528066275,0.0016259064,0.0011965127,0.316,0.228,31.0703251446118,19.1811701147858
"12093",0.2199422155,0.000426864,6.4029595902,7544,0.2664047329,0.0998740121,12463.96,5.3,0.2798585954,5.4980796998,5.2737196574,0.1763193537,0.1781799698,0.1817559173,0.4109239506,0.2572862772,0.7708520852,0.0005537232,0.0007703975,0.339,0.328,21.4282312979159,17.4600403168204
"12095",0.1538841413,0.0009192997,7.0257174269,4747,0.1843316009,0.0679450141,12978.47,8,0.2020905492,3.8818551193,4.5519579556,0.1750803441,0.1247837833,0.1433782148,0.4082616467,0.1575352509,0.9372105037,0.0023076171,0.0013254674,0.304,0.257,24.4825107999463,10.0754027827736
"12097",0.1631414441,0.0004337979,4.3645925094,5804,0.1989084084,0.0733199317,13415.83,7.2,0.2389495989,4.5005137566,4.6172973339,0.1694438426,0.1429755545,0.1469721601,0.3710249122,0.1650788956,0.7792768484,0.0014484089,0.0006902361,0.354,0.326,30.0250829011139,11.6026131564776
"12099",0.1787516343,0.000793041,6.4138110732,3579,0.2120269986,0.0845997595,13097.26,8.4,0.1929147194,4.220345635,4.3499960178,0.2206031904,0.1257226873,0.1371794662,0.3753802661,0.1663448119,0.9380797707,0.0020276714,0.0010424371,0.275,0.242,33.4943392562341,14.6092330798468
"12101",0.1565982198,0.0005505942,5.397628293,4256,0.1890910134,0.0686745646,13196.05,7.2,0.1995482511,4.5625321811,5.1578009497,0.216712106,0.142167819,0.1617180266,0.3897250722,0.2146767335,0.8634916946,0.0007912829,0.0008617015,0.316,0.259,51.4426477578878,20.6131170338265
"12103",0.1536873279,0.0008738497,7.4666972993,4237,0.1772962812,0.0700066213,13442.26,7.9,0.1779230096,3.8435157766,4.5347310095,0.2365077173,0.1246108931,0.1469078224,0.3803557355,0.20248821,0.9719314554,0.0019840456,0.0012457961,0.275,0.231,56.3702094716984,20.019965303282
"12105",0.1712323874,0.0004635909,7.2574046914,5364,0.2107195771,0.0710165158,12336.44,7,0.2245062281,4.6668441334,4.8710736946,0.1796896906,0.1449098403,0.1571342889,0.4017541569,0.2062395549,0.789197718,0.0008742827,0.0007782387,0.363,0.282,43.4475492550996,15.3398324008491
"12107",0.1815579822,0.0004025711,9.6617060963,6951,0.2241293034,0.0702101834,13398.98,6.9,0.2638118749,5.5909507811,5.6917107962,0.1873790766,0.1801493763,0.1901663488,0.414164334,0.2739217476,0.5104082621,0.0006067716,0.0005663201,0.366,0.33,51.4543689233509,25.9508991091683
"12109",0.1085726243,0.0010012393,6.0074356184,3202,0.1235534422,0.0725641403,11810.6,8.5,0.1374804133,3.5219949334,4.1605444869,0.2140443923,0.1044517203,0.1309441796,0.3388762447,0.1638393873,0.9373391777,0.0011956218,0.0007197329,0.246,0.182,38.613523759854,19.306761879927
"12111",0.1809742877,0.0003502926,5.0259368803,5188,0.2128785667,0.0921532292,12528.41,7.1,0.2144811719,4.4490264334,5.006558641,0.1942705992,0.1395580755,0.1574995357,0.4026440214,0.2021361269,0.7773957932,0.0015632396,0.000815874,0.352,0.291,41.6577556909461,14.5954180523023
"12113",0.1203065956,0.0005534064,6.9447081866,4282,0.142541912,0.0630478679,11973.4,7.6,0.1845031425,4.4264163733,5.0317605919,0.2309015848,0.1296238317,0.1526754229,0.3942864882,0.2147413145,0.7705586238,0.0006077536,0.0006913894,0.306,0.26,31.6569615467411,21.8885276980324
"12115",0.1604121387,0.0007585154,8.6456926007,2948,0.1861095156,0.0770214226,11472.48,7.9,0.1566756705,4.0019261312,4.6081072159,0.256143834,0.1168919139,0.1421959622,0.3506387236,0.1820111306,0.9222396745,0.0017294794,0.0010522172,0.266,0.205,89.8057787065974,20.7834039534482
"12117",0.1138033899,0.0007799485,6.8245497281,4674,0.1341565305,0.056541159,13239.07,8.3,0.1665348936,3.597653788,4.3241176891,0.2131158021,0.1118460411,0.1306141276,0.3826159957,0.1600016799,0.9078700221,0.0015625267,0.0007524068,0.301,0.23,32.9601387437943,12.8021139755939
"12119",0.1251523173,0.0004002417,4.757589488,3959,0.1358610619,0.08281893,11429.6,8,0.1661677049,4.0055113518,4.3606316983,0.2314645688,0.1203107334,0.1367996068,0.3935216278,0.190491695,0.8209055877,0.0003883374,0.0005281389,0.339,0.213,84.2095794018871,18.2412442027827
"12121",0.1695879172,0.0001125695,8.3301438638,6005,0.2049692116,0.0817124736,11139.32,7.6,0.2412538732,4.9807524677,5.2024943702,0.1775041445,0.1578394072,0.1710058385,0.4138889073,0.2492424034,0.4920699863,0.000543097,0.0005657261,0.356,0.292,53.1998591327674,23.2281075086731
"12123",0.1475758824,0.0003245398,13.44522231,4398,0.177720356,0.0738255034,11604.77,6.2,0.277903337,5.5059882291,5.5173817046,0.1615008877,0.1711437945,0.1840252621,0.4147057467,0.2680602239,0.6806823217,0.0002774823,0.0008324469,0.373,0.323,52.4756142733671,18.520805037659
"12125",0.1251046526,0.0002625189,3.9377830282,4060,0.1537758274,0.0733244857,14294.73,6,0.2770251717,5.6441172536,5.6762763282,0.1783740349,0.1749466646,0.1794722109,0.4451463096,0.2946155616,0.2162214355,0.0008701473,0.0004685408,0.359,0.317,24.2509755506074,22.0463414096431
"12127",0.1659688424,0.0006705417,7.554890436,4057,0.1944252656,0.0769300208,11960.27,7.2,0.1915281574,4.4669796591,5.2004383847,0.2282013407,0.1355836038,0.1568728188,0.4021605056,0.2058124154,0.8878552669,0.0013734207,0.0008583879,0.351,0.259,53.1185650888909,22.3783762322394
"12129",0.1241278148,0.0003260322,8.8917869528,4543,0.1467308113,0.0682752948,11078.65,8.3,0.191409861,4.4084949801,4.9559881302,0.2365498196,0.1351865334,0.1555490355,0.3851198392,0.2180369853,0.8387054848,0.0004312868,0.0002772558,0.33,0.26,48.747003054149,15.9173887523752
"12131",0.1642286653,0.0004860202,11.070459424,4036,0.187250808,0.1019210933,11118.26,7.3,0.1854939102,4.6455234193,5.0144667735,0.2035019752,0.1370719995,0.1580822095,0.3964846365,0.2191758451,0.6609196446,0.0007005254,0.0006865149,0.295,0.246,36.9213035921727,14.85857339685
"12133",0.1772828994,0.0001962863,9.8143131944,4984,0.2121933086,0.0841632494,12772.09,5.4,0.2656878938,5.5350552345,5.94705008,0.1791033378,0.1746148457,0.1938492596,0.4341428449,0.290039824,0.3336680591,0.0002009646,0.0008842444,0.368,0.311,77.3415481418365,23.5957265517467
"13001",0.2058440222,0.0003263353,11.96562602,4999,0.2515594542,0.0988142292,12349.44,5.6,0.2614777087,5.2961440352,5.1793702062,0.1586067672,0.1690290866,0.1745132578,0.4126766546,0.2454910608,0.1996051766,0.0007564705,0.0009185714,0.38,0.332,52.5191060885943,50.7081024303669
"13003",0.2380250553,0,6.123698714,5385,0.2951781971,0.1052137154,12068.36,6.1,0.297867104,5.4454693259,5.1428541584,0.151898267,0.1804626959,0.1786151586,0.3906581469,0.2560380266,0,0,0.000482102,0.415,0.382,36.2100181050091,36.2100181050091
"13005",0.1957767045,0.0006270154,8.9573629523,10029,0.2424927349,0.0910049192,14333.83,7.5,0.2503729763,5.152440388,5.085538288,0.1567141217,0.1668461974,0.1737163506,0.4001219072,0.2494627179,0.6072458544,8.94055e-05,0.0006258382,0.4,0.327,92.8560730867156,101.842144675753
"13007",0.1805799649,0,0,NA,0.2127039627,0.0851419032,10051.89,4.7,0.2360726026,4.6922040688,4.6917173391,0.1571705032,0.148054442,0.1553748524,0.4183866372,0.2190576926,0.0582439873,0.0003234153,0.0009702458,0.428,0.33,0,10.9878035380727
"13009",0.1693128334,0.0004455335,7.5740699488,4101,0.2023198565,0.0724100848,11153.5,6.7,0.2392402033,4.7176007733,4.7991567711,0.1584984462,0.15162217,0.1583223511,0.4154536778,0.2264608528,0.6384514436,0.0013832184,0.000914709,0.429,0.297,48.2152924072041,9.64305848144082
"13011",0.2130907703,0.0002079651,7.7986898201,5438,0.2543768417,0.1031907671,12060.45,8.1,0.2171353046,4.6980199085,4.9778858134,0.1758227296,0.1474446412,0.1635180247,0.3891554581,0.2347414164,0.3671106279,0,0.0005266484,0.365,0.282,27.7903220203564,20.8427415152673
"13013",0.1779596577,0.0002402691,6.4872657376,4750,0.2196759711,0.0791796822,11681.15,7.5,0.1982336277,4.2526751878,4.4729799597,0.1732312211,0.132971572,0.1477811823,0.3899939911,0.2024523651,0.6525581328,0.0001484983,0.0003712458,0.362,0.263,22.0319904501336,18.0261740046548
"13015",0.1795119382,0.0003991164,7.2397854053,5031,0.2171398209,0.0857862486,12644.8,7.1,0.1977375294,4.3183850711,4.5872228485,0.1744431122,0.1359027155,0.14877721,0.384554307,0.2136518571,0.6662340126,0.0011465303,0.0007800165,0.342,0.267,21.9425661058435,18.543013610572
"13017",0.1713662681,0.0005389222,7.1856287425,5257,0.2135117909,0.0715506716,11500.73,5.9,0.2626293486,5.2562519124,5.0794605736,0.1449177158,0.1647858071,0.1698370838,0.4124337554,0.238514354,0.3928773959,0.0003574194,0.0008935486,0.444,0.34,43.9112991756652,21.9556495878326
"13019",0.2111670597,0.0002062175,5.6709800485,4767,0.2630127236,0.0827147402,11914.72,6.3,0.2458965899,5.1517809626,5.1529763756,0.1621216527,0.1663189936,0.1757539789,0.3974808103,0.2548951446,0.42009748,0.000155828,0.0003635986,0.365,0.316,27.5591229309127,20.6693421981845
"13021",0.1458998759,0.0014298866,12.993033384,4921,0.1842145165,0.0547530981,11869.11,6.5,0.2288850848,4.5852706262,4.6284102311,0.1402691797,0.1467386597,0.1527599968,0.43748343,0.2053097145,0.751174886,0.0017962703,0.0023645449,0.409,0.294,55.3387757058417,12.6364133501528
"13023",0.1447822337,0.0003884099,11.652295502,2619,0.174008168,0.0645035184,12961.23,6.2,0.2116588674,4.5528324171,4.7829571428,0.1628171934,0.1441691392,0.1578125998,0.3974567896,0.2182017071,0.7952997014,0,0.0007010438,0.385,0.295,36.2075208193245,62.0700356902705
"13025",0.1859167575,0.0001569941,8.3730179497,4908,0.2268796329,0.0803650935,12649.52,7.4,0.2467292276,5.1813675143,5.4401714601,0.1769985321,0.1688907544,0.1810734769,0.3885147613,0.2643025602,0.3028624192,0,0.0001058369,0.382,0.328,22.7240945322333,19.2280799888128
"13027",0.1915192594,0.0001940868,9.0573850036,5126,0.2310792656,0.0825387366,12705.41,7.5,0.2506596707,4.9921550884,5.0336286843,0.1571589469,0.1606640931,0.1663516238,0.4200520138,0.2335797448,0.2112910177,0.0002578483,0.0003223103,0.398,0.316,88.5013059339046,112.24555874544
"13029",0.1261619064,0.0006561183,7.5705958059,3155,0.153268755,0.0740497496,11683.83,7.6,0.1589023863,3.8137816668,4.0994037686,0.1872834146,0.1164338442,0.1318799858,0.3559969841,0.1683965744,0.8495021996,0.0007872156,0.0008134561,0.348,0.226,21.0986488425281,18.5668109814247
"13031",0.1667561083,0.0005401467,6.4063913175,5716,0.1982420049,0.0722294493,12421.38,7,0.2152660484,4.6405597279,4.9108262678,0.1707477916,0.144837283,0.1553436655,0.3911492954,0.2008830846,0.3146958714,0.0009056096,0.0009444214,0.381,0.28,29.8641810694742,10.5155567146036
"13033",0.1510944136,0.0003127373,8.0418174507,4805,0.1869470743,0.0697674419,10059.56,7.3,0.2579140408,5.0922875473,5.0149340294,0.142464927,0.1618788137,0.1683975608,0.4360195259,0.2408873432,0.4710499228,0.0005797619,0.0003567765,0.419,0.318,35.5798025320959,44.4747531651199
"13035",0.1530193906,0.000240616,8.8225858197,3443,0.1855520841,0.0689455388,11426,7.1,0.248565331,4.9869834458,4.9998333059,0.1613006369,0.1571634494,0.1652878657,0.4126030834,0.2436151339,0.6403720144,0.0006613483,0.0005373455,0.397,0.311,22.8019582858293,28.1671249413185
"13037",0.184081042,0.000161577,11.310389401,4925,0.221636953,0.0938388626,14204.53,7.3,0.3102767304,5.4524068829,5.0048371447,0.1448903255,0.1836852361,0.1736187366,0.4498630218,0.2729470849,0.0028383627,0.0001574307,0.0006297229,0.442,0.364,26.6354144470488,0
"13039",0.1419501945,0.0002561007,8.7805948853,4436,0.1741783299,0.0661089725,11701.81,6.5,0.1774587572,3.9399981986,4.1606220888,0.1797578689,0.1242945281,0.1387160184,0.3818043831,0.191933857,0.6070516501,0.0011364271,0.000801088,0.373,0.266,25.0410734680665,17.101220905021
"13043",0.2224190881,0.0001851338,7.4053503656,5053,0.2795389049,0.0938079347,12095.05,7.1,0.2807293695,5.3986784499,5.1707380648,0.1473060468,0.1773340744,0.1794191594,0.3985036929,0.2561163393,0.5930169122,0.0004614249,0.0005537099,0.411,0.343,67.4350171652771,55.1741049534085
"13045",0.1669156539,0.0005000333,10.917394493,4400,0.208649299,0.0627791904,11270.29,6.3,0.2103427595,4.4443775645,4.7722087407,0.1665183416,0.1419489287,0.1554935843,0.4114663254,0.2076873789,0.4936712297,0.0011682935,0.0009820438,0.374,0.279,18.0683037476442,18.9022254590739
"13047",0.1265465596,0.0004735129,7.1026931045,3577,0.1531576454,0.0590258238,11921.22,7.5,0.1684644502,3.913473152,4.3918721526,0.1854516735,0.1204310731,0.1415968308,0.373034196,0.1918098765,0.7455193769,0.0011717591,0.0005932958,0.345,0.255,26.6015093893476,21.1826834026286
"13049",0.2030857143,0.0002986858,2.9868578256,5308,0.2505491057,0.0788315326,12023.25,7.2,0.2576476604,5.0726200232,4.9154703937,0.1589147673,0.1626430446,0.1660215715,0.40655778,0.2484006354,0.7311642429,0.0001542258,0.000694016,0.43,0.332,57.8034682080925,25.1319426991706
"13051",0.1642955083,0.0009121376,11.401720623,3749,0.1990026959,0.0678147673,11161.93,7.4,0.192337188,3.8819219003,4.3463598438,0.2068061028,0.1219412246,0.1329142046,0.3891876445,0.1737141616,0.896427386,0.0014523073,0.0016632376,0.361,0.256,27.5317709725281,16.9337670835215
"13053",0.1065668946,0.0007334739,0,2490,0.1312083024,0.051980198,8719.53,3.6,0.2012827631,4.2443054865,4.303214506,0.1742773396,0.1317660838,0.1362179507,0.3945742237,0.1893049421,0.8366024674,0,0.0001871958,0.386,0.296,6.22238815257296,6.22238815257296
"13055",0.1731372959,8.06809e-05,9.6817136633,5651,0.2135435588,0.0724637681,12965.25,5.5,0.2547073274,5.2502755629,5.3032336147,0.166793351,0.1652534535,0.1752143668,0.4064679752,0.2567654673,0.4143763214,0.0003227108,0.0004840662,0.387,0.328,38.9669721318965,24.1863964956599
"13057",0.1432996207,0.0004289474,7.1877668845,3465,0.1737221778,0.0697412652,11527.65,8.4,0.1394627715,3.4514198119,3.9416240072,0.1944048513,0.1049061441,0.1240969413,0.3484082582,0.1530857832,0.9133503774,0.0008813727,0.0005233151,0.328,0.223,20.5603729651656,15.6772843859388
"13059",0.1676346847,0.0007714426,10.441748292,3734,0.193673655,0.0701358487,9891.6,5.4,0.213104676,4.4728410143,4.9091423627,0.1636619549,0.1405813972,0.151680026,0.3820559111,0.1851366429,0.8226005449,0.0026780806,0.0016178434,0.368,0.262,20.8628890928816,12.2569473420679
"13061",0.1730575177,0.0003528582,10.585744531,6374,0.2118126273,0.0623853211,13340.03,6.6,0.3182863265,5.7979246245,5.5119543345,0.1242918147,0.1934809715,0.1893945556,0.4657648431,0.2710717138,0.2931196984,0,0.0006927607,0.445,0.352,81.5185745894958,81.5185745894958
"13063",0.1823258483,0.0002737326,4.1744224242,4060,0.2315846774,0.0691934061,11345.39,7,0.2509809231,4.6066998503,4.5235945517,0.1335998094,0.1480011021,0.1463165191,0.4447842059,0.1892814261,0.7894450783,0.0006594962,0.0002831345,0.388,0.325,11.5492323190973,10.2913951358293
"13065",0.1788104089,0.0001511031,16.621335751,8776,0.2248551869,0.0701018574,15339.89,6.1,0.3091167676,5.9437103756,5.7419783153,0.1400952064,0.195650302,0.1959154971,0.4280113209,0.2802850542,0.051338629,0,0.0004512635,0.441,0.376,25.1914550584442,25.1914550584442
"13067",0.1438780683,0.0007643319,7.6038524432,3660,0.1713734717,0.0736253595,10864.88,8.4,0.142509157,3.28207782,3.9612516518,0.1933829125,0.101086151,0.1143461319,0.3605612155,0.137972732,0.937848616,0.0016951504,0.0010081058,0.331,0.212,15.3073532314305,13.0704620715367
"13069",0.206850215,0.0005315093,9.0125482402,7741,0.2622235531,0.0816864295,13251.66,7.5,0.2473259216,4.8984292701,4.9466326861,0.166350795,0.1555709223,0.1636648902,0.3990163863,0.2322838502,0.5575597318,0.0002088506,0.0015315713,0.395,0.341,38.5850104951229,15.4340041980491
"13071",0.2348068542,0.0004166667,8.3333333333,8106,0.2958417222,0.0969114269,13150.2,6.5,0.2746095568,5.0981723854,4.7532480548,0.1489249128,0.1701348373,0.1697453059,0.3977424325,0.2348230801,0.6411930195,0.0005483418,0.0010528163,0.402,0.341,43.8808196937119,21.2090628519607
"13073",0.1221420287,0.001001825,7.2743979479,3432,0.1488070366,0.0612720373,10098.59,8.6,0.146668634,3.4511029929,3.8449437344,0.184054225,0.1046434009,0.1217435456,0.3779035256,0.1593805599,0.7569667803,0.0007842324,0.0006027571,0.338,0.23,21.0020747504147,14.2135253361393
"13075",0.1866949752,0.0005790388,7.5275043428,5521,0.2353294612,0.0717560752,12224.85,7.6,0.2380798277,4.8492544472,4.8362790103,0.1561436209,0.154044552,0.1644256732,0.3951248794,0.2357784245,0.6475133628,0.0002913413,0.0002913413,0.4,0.329,21.2671345436266,29.0006380140363
"13077",0.1254467898,0.0004780855,7.4742944872,4155,0.1522764494,0.0610628173,11369.66,7.7,0.1659616826,3.8804573926,3.9856484627,0.2009197213,0.1169091947,0.1323818443,0.3596014271,0.1693790242,0.5052585279,0.0006924258,0.0008569627,0.367,0.242,18.4177780972189,17.0701357974224
"13079",0.1741909303,8.06192e-05,6.4495324089,4143,0.2054979113,0.0823984526,11885.42,6.3,0.2236017633,4.7015209824,4.8640702062,0.1685987509,0.150422338,0.1621794051,0.3981146651,0.232179664,0.052810768,0,8.1182e-05,0.38,0.306,35.1798230184288,37.8859632506156
"13081",0.1668110668,0.000670481,7.5987841945,6747,0.2086138373,0.0664514904,11148.77,6.8,0.277193057,5.497349594,5.1628952963,0.1350393601,0.1773588052,0.1781622713,0.4359450536,0.2529673137,0.4263833781,0.0003982125,0.0014158666,0.414,0.364,14.9238139298879,19.4009581088543
"13083",0.1651729626,0.0003723008,7.4460163812,3903,0.1932622122,0.0847457627,12867.62,NA,0.1997074939,4.4331950188,4.8883195532,0.1830100242,0.1394815521,0.1592385502,0.3630844443,0.2182572924,0.7633619912,0.0002465179,0.0005546654,0.343,0.271,49.5878014008554,53.72011818426
"13085",0.1681173359,0.0006894438,11.49073081,3802,0.1903474903,0.1053105311,11973.9,8.7,0.1534035254,3.7267073482,4.0383979506,0.2016337859,0.1118562989,0.1318735165,0.3570313617,0.1710031135,0.9590237349,0.0012757645,0.0007574851,0.316,0.223,31.9268492031058,34.4809971393543
"13087",0.1833846746,0.0003787305,10.983184366,5202,0.2292503575,0.0742981232,10858.44,7.1,0.2518247107,5.0015400514,4.734432183,0.1414298371,0.1589380307,0.1635915251,0.4148127123,0.2265681759,0.6196393937,0.0005268109,0.0006020696,0.436,0.326,66.7203786696208,16.3653759000957
"13089",0.1689797371,0.0010970674,7.1118416114,3933,0.2054418974,0.0696643159,10105.34,7.9,0.1751599005,3.6760564894,4.1219397186,0.1760262223,0.1156283208,0.126990276,0.3867286598,0.1571802183,0.929217379,0.0029198026,0.0011473013,0.301,0.244,24.8478399061577,10.492285755427
"13091",0.1684506288,0.0003882553,9.7063819461,4719,0.2031989992,0.067188684,13434.02,7.4,0.2427194558,5.0359462878,4.8138363281,0.1577511126,0.157724998,0.1627701626,0.4198403454,0.2323170017,0.5455129382,0.0002897851,0.0007727602,0.39,0.319,46.9544380039506,8.09559275930184
"13093",0.1873547187,7.46826e-05,5.9746079164,6506,0.2190038314,0.0902559497,11983.68,5.4,0.2601711147,4.8940381934,4.7326601376,0.146996114,0.1584626906,0.1603722825,0.4371130455,0.2418356586,0.2149081646,0,0.000583686,0.405,0.323,32.2820958529923,32.2820958529923
"13095",0.1650273224,0.0008072218,11.596707445,5000,0.2104085286,0.0533971199,10150.07,5.1,0.2657832113,5.0277498839,5.024860504,0.1239086187,0.1600353564,0.1654925414,0.440365884,0.2242406355,0.8015121874,0.0013370889,0.0018741164,0.449,0.309,31.6174588596636,10.9155512729791
"13097",0.1480508275,0.0003894959,4.9199483405,4997,0.1789896102,0.0755082535,11795.3,7.5,0.1899322567,3.7942604668,4.0907123218,0.147277439,0.1232846596,0.1351603468,0.399927223,0.1782969501,0.7952010151,0.0009701991,0.0005229442,0.374,0.276,16.3762162752296,13.6468468960247
"13099",0.1552740499,0.0005888126,14.720314033,6091,0.1967447684,0.0603788477,14022.9,7.2,0.2723499337,5.2767402021,4.9509994259,0.1356256936,0.169193788,0.1720314275,0.435720424,0.2392494166,0.5866642442,0.0006831268,0.0005855372,0.415,0.361,68.9112029927151,59.0667454223272
"13101",0.2341996456,0,0,NA,0.2906733584,0.1029272899,11351.53,5.9,0.2621496464,5.0600037135,4.8729379008,0.1679874386,0.1625006657,0.1648201538,0.3876541736,0.2317076717,0.0017352504,0,0,0.39,0.331,8.32778147901399,8.32778147901399
"13103",0.1301786696,0.0002177429,6.2212268259,3935,0.1555572446,0.0733194107,12198.38,8.3,0.1675849871,3.8555372899,4.426561676,0.186262576,0.1199262727,0.1409795418,0.3817549505,0.1967466073,0.6263157895,0.0004502332,0.0003859141,0.369,0.253,17.1650602597646,14.0441402125347
"13105",0.1820950061,0.0004688965,11.982911326,5157,0.2212848799,0.0786970994,10547.23,6.7,0.2435485175,4.94714179,5.0238052574,0.155055303,0.1558612176,0.1654947697,0.404135284,0.2314854629,0.5468114648,0.0003661088,0.000209205,0.377,0.328,52.0390639907024,48.5697930579889
"13107",0.1743912919,0.0004415791,7.065265389,6140,0.2229283592,0.0663210583,11250.66,6.1,0.2669444374,5.2871130758,5.1956378634,0.1539119274,0.1675452984,0.1730769771,0.4272706289,0.2521271139,0.4501725816,0.0011498319,0.0012825049,0.405,0.327,38.3678890282594,47.2220172655501
"13109",0.1888036442,0.0004693073,10.324760653,4785,0.2403795467,0.0812455261,12465.42,7.7,0.2687413673,5.2167756628,5.0573393217,0.1450944289,0.1688474089,0.1717385405,0.4111916434,0.2384169188,0.7125454545,0,0.0008394739,0.401,0.337,34.361040827164,37.4847718114516
"13111",0.1938186661,0.0004582251,14.128608523,3034,0.2210859859,0.1052511416,10688.63,7.9,0.1808979927,4.3654290964,4.6016334707,0.1938580784,0.1320518062,0.1488427587,0.3555055988,0.2029627159,0.8016637108,0.0007317825,0.0007702973,0.31,0.258,40.6746914443329,16.5240933992602
"13113",0.1126686769,0.0011361551,13.196878195,2755,0.1287751929,0.0748052314,10304.25,8.9,0.1263865032,3.0824544746,3.6119178553,0.188484267,0.0924339257,0.1103159406,0.3713366359,0.1272847542,0.8957088029,0.0018508889,0.0016129174,0.314,0.206,32.5864632340319,11.6380225835828
"13115",0.1809212215,0.0013807387,9.5433409815,5860,0.2199643811,0.0843819393,12390.01,6.4,0.2197093758,4.6203384206,4.8274773688,0.1607503529,0.1452749882,0.1549151494,0.3937490588,0.2116159373,0.5838637001,0.0012560377,0.0023997468,0.381,0.301,31.861274654356,18.6422351701019
"13117",0.1090836969,0.000401225,6.1002571115,3539,0.129027722,0.0690580806,11742.32,8.7,0.1195362244,3.0114374116,3.5013056138,0.1828321189,0.0898517736,0.1062632899,0.338892893,0.1222849782,0.8574163443,0.000579007,0.0005451964,0.268,0.19,13.1199339629991,11.2066102600617
"13119",0.1931692171,0.0002569703,14.989935329,6413,0.2282360116,0.1021939954,11740.66,NA,0.230386439,4.9446064675,4.9601364556,0.1655484283,0.1553815832,0.1667282394,0.3969648834,0.2386985233,0.3398387973,0.000738392,0.0008252617,0.353,0.277,52.9509416680978,24.3288110366936
"13121",0.1256385765,0.0011128478,9.3144612886,3983,0.1462312683,0.0663726552,10726.46,7.8,0.1479844771,3.2872388966,3.7119718744,0.1995900332,0.102248474,0.1127494149,0.3563689251,0.1328773562,0.9445882546,0.0023578392,0.001746477,0.293,0.207,20.3355650232042,10.9041242343221
"13123",0.2181016598,0.0005738149,7.0132933788,2818,0.254185605,0.1126274252,11172.44,7.1,0.1999614476,4.3933044605,4.5993434486,0.1896093536,0.1367898988,0.1508899683,0.3565796934,0.2136013172,0.8731443518,0.0007463655,0.0002920561,0.345,0.278,39.2935654131665,39.2935654131665
"13125",0.1403654485,0.000336587,10.097610232,2153,0.1667602471,0.0661654135,10011.58,5.3,0.2374100551,5.0563125856,5.2156410863,0.1700363237,0.1610171022,0.1743959776,0.3871011698,0.2515359386,0.009733939,0,0.0003338898,0.363,0.298,11.1731843575419,11.1731843575419
"13127",0.185103256,0.0005158749,11.958917601,4698,0.2237018962,0.0832662696,11293,6.9,0.180391187,4.0192178032,4.387415423,0.1931359903,0.1284232522,0.1425025707,0.3749452538,0.1856316123,0.7480220029,0.0013259954,0.001067837,0.363,0.27,32.8023773913519,20.3062336232178
"13129",0.1955659809,0.0004140572,10.178907234,4756,0.2371888726,0.0915932974,11838.76,6.8,0.229618892,4.7560406988,4.831813481,0.1702164887,0.1528375772,0.1628757475,0.3850562707,0.2266529402,0.5743123256,0.0005200659,0.0009014475,0.373,0.305,26.371912766299,20.6388882518862
"13131",0.2041473007,0.0005277473,8.5251491901,5074,0.2516927557,0.095446443,11828.97,7.5,0.2436799006,4.9161794126,4.9842132319,0.1580951513,0.1555754055,0.1621497349,0.4098744386,0.2295966247,0.5375634721,0.0001616292,0.0004444804,0.396,0.306,48.7329434697856,70.3920294563569
"13133",0.1796477495,0.0006548788,12.551844575,3646,0.2059416446,0.1086770982,10726.34,7.3,0.2205449894,4.4860877691,4.659764454,0.1583020323,0.1423893068,0.1509526315,0.3976482616,0.2039586098,0.6027885457,0.0002825178,0.0008475534,0.386,0.27,32.8113891977615,20.0514045097432
"13135",0.1772503046,0.000659012,7.0493991989,3340,0.2132441456,0.0957713792,11205.82,8.3,0.1666581871,3.5947282001,3.669155139,0.1664492977,0.112016995,0.1166830993,0.3900841591,0.1370454354,0.8693787943,0.0010799962,0.0007480214,0.302,0.235,15.3563419554502,11.1520534386448
"13137",0.2034826447,0.0004853512,10.810095305,4280,0.2486068741,0.0965642645,10667.5,7.5,0.211351849,4.6416399418,4.7431514408,0.173284271,0.1417997475,0.1553967488,0.3772791954,0.2117583247,0.728723775,0.0003965806,0.0007050322,0.356,0.283,28.5164847217449,21.2045655623231
"13139",0.2163618502,0.0005967492,7.3370801356,4377,0.2634438528,0.1062907139,11173.47,8,0.2056497781,4.1309565209,4.2323891011,0.1786198882,0.1310795947,0.1396763661,0.3502812471,0.1738202319,0.7123950936,0.0008261274,0.0014692206,0.328,0.263,47.1313480544049,14.8406666884112
"13141",0.1305875464,0.0001182452,0,4931,0.1536305732,0.0561622465,12166.88,5.3,0.3111028534,5.3833617756,4.9472712051,0.1369294812,0.1795356946,0.1726694849,0.4588396751,0.2662582351,0.0940714816,0.0002395783,0.0004791567,0.469,0.371,63.2436064666588,71.1490572749911
"13143",0.1655404038,0.0004027927,8.0558539205,4120,0.2038126485,0.072311828,11914.88,7.3,0.2047162371,4.6771786095,4.9974482363,0.1811390737,0.1428297695,0.1600660744,0.3848352181,0.2295035323,0.1998957609,0.0005417668,0.0003047438,0.325,0.267,22.2945556695055,30.0976501538324
"13145",0.1090047393,0.0003689409,9.3654217278,2683,0.1254217681,0.0671200101,10684.27,9,0.1434675865,3.4472556607,4.0070572207,0.1887358472,0.1068412528,0.1264021311,0.3715147475,0.1572718639,0.1451099176,0.0002030457,0.0001450326,0.321,0.222,25.5220198315547,17.9599398814644
"13147",0.1950984372,0.0003434459,11.829803473,4817,0.2360390284,0.0853900198,11719.59,NA,0.2307736269,4.7855396793,4.9980232807,0.1611156261,0.1534924586,0.1668828803,0.399366062,0.2353561545,0.7384682505,0.0002298939,0.0003065252,0.359,0.287,68.6062762037861,60.9833566255876
"13149",0.1598168765,0.000167743,5.0322905309,4468,0.1910719363,0.0781021898,12445.16,7.8,0.2146103764,4.6996989483,5.0069942887,0.1753138126,0.1472958727,0.1638700358,0.3863435697,0.2321443383,0.2500422511,0.0002525465,0.0003367287,0.365,0.294,44.7239692522711,44.7239692522711
"13151",0.1219907981,0.000481751,6.0112294883,3900,0.1462139044,0.0648377847,10197.23,8.1,0.1749162662,3.8626934518,3.9167054054,0.1488570543,0.1195027662,0.131436643,0.4419063412,0.1693889833,0.7743549004,0.0014334115,0.0010424811,0.407,0.256,13.6379133992499,16.7632685532447
"13153",0.1315415276,0.0005574454,7.2847975776,5314,0.1591759521,0.0672697527,12135.26,7.5,0.1877901872,3.9586076022,4.4103500427,0.1517972355,0.1231366348,0.1381325793,0.4041465089,0.1819079475,0.7666404575,0.0014150731,0.0010806013,0.372,0.228,24.5014172802582,17.5311865022537
"13155",0.1566701919,0.0003186066,6.3721325404,4756,0.1939355654,0.0638832998,12298.3,7.3,0.2554755843,5.1753785733,5.0505035246,0.1548190371,0.1640304315,0.168767084,0.4220958623,0.2468539955,0.4897253093,0.0002128112,0.0006384337,0.412,0.318,60.2815502996348,53.1896032055601
"13157",0.1534280599,0.0006029297,7.8106800773,4678,0.1808776638,0.0918208273,11245.76,7.8,0.1731429854,4.0444504143,4.6879420089,0.185144789,0.1229206264,0.1452825958,0.3662932789,0.1962501277,0.30303381,0.0004686036,0.0005964045,0.342,0.255,32.3318063006038,19.1258572482445
"13159",0.173203179,0.0003516422,6.3295590407,3320,0.209569378,0.0817406645,11576.87,8.2,0.2388101731,5.0195341889,5.1581660868,0.1627189204,0.1593200311,0.1705530978,0.3969465667,0.2444713619,0.7079856115,0.0003561254,0.0002849003,0.376,0.291,67.8489541902578,30.4150484301156
"13161",0.1946530975,0.0001323189,7.9391333113,4479,0.2438289489,0.0840040241,11921.87,5.8,0.2604138102,5.261455532,5.1887969828,0.1646946137,0.1690021406,0.1763577544,0.4004503929,0.2493792148,0.6387045394,6.6538e-05,0.0003992282,0.373,0.327,13.2283881209075,24.2520448883304
"13163",0.1846036971,0.0003254785,11.71722432,4852,0.2284904992,0.0762521103,10995.63,7.8,0.2703520183,5.2276810353,5.1602890071,0.1394727769,0.1678919087,0.1710840736,0.4436434394,0.2399452084,0.5008860012,0,0.0005184705,0.412,0.346,91.187390086628,75.9894917388567
"13165",0.1773025762,0.0003457815,10.373443983,3206,0.2167168326,0.0746355685,11148.85,7.3,0.2813417819,5.3886386257,5.0234846308,0.1473687466,0.1748445991,0.1731479624,0.4289459024,0.2544505478,0.5685851319,0.0001151676,0.0004606703,0.428,0.376,95.7670944263551,84.2750430951925
"13167",0.1657822801,0.0005185108,15.555325106,4091,0.203480589,0.0702614379,12420.14,6.7,0.2539141126,5.0803426855,4.9782065383,0.1662513628,0.1589390822,0.1642586036,0.4224895939,0.2494028046,0.000501002,0.0001030078,0.000618047,0.405,0.35,41.3536425666827,55.1381900889103
"13169",0.1420593668,0.0002088046,6.9601531234,3985,0.1723135347,0.0660488379,12159.67,7.3,0.2000197172,4.4255346031,4.7082504367,0.1710673441,0.1340332404,0.1494595698,0.3905444689,0.2035292496,0.63409955,0.0002795639,0.0002795639,0.36,0.262,46.4371125403422,20.896700643154
"13171",0.131201312,0.0003145149,7.8628715207,4939,0.1585196178,0.058013766,11321.82,7.1,0.2139355805,4.4995687618,4.7744011798,0.1716851491,0.1424886733,0.1560737618,0.3987000731,0.2189215476,0.508216411,0.0007368421,0.0004736842,0.37,0.284,33.136837699257,38.3689699675608
"13173",0.1507024266,0,6.7159167226,6875,0.1857809233,0.0610291185,14101.96,7.7,0.22959395,4.6679301816,4.8384164978,0.1677564417,0.1499807055,0.1614230266,0.3989157334,0.2273366478,0.5571541973,9.67118e-05,9.67118e-05,0.405,0.335,19.047619047619,19.047619047619
"13175",0.1547240758,0.0008623228,11.147099651,4569,0.1940880786,0.0624466815,11680.6,6.6,0.245251546,4.954550097,5.1037090413,0.1413735451,0.1581149564,0.1670134954,0.4081199376,0.240321682,0.5297518272,0.0021130481,0.0013312203,0.426,0.338,56.1864829368675,18.2606069544819
"13177",0.1171064568,0.00060016,6.0016004268,4257,0.1435243194,0.0603814846,9873.95,8.1,0.170671019,3.8179910182,4.2694726523,0.173698939,0.1182335782,0.1363539836,0.3696498586,0.1775996039,0.5418050746,0.0002015858,0.0005375622,0.347,0.235,15.5572841426825,23.3359262140238
"13179",0.1218535149,0.00030927,7.324814845,3129,0.1487990468,0.0648695153,10600.33,6.6,0.2218010235,4.5776043338,4.5459232683,0.1649222149,0.1397364733,0.1464027842,0.4326670089,0.193112803,0.6909681181,0.0040814999,0.0028131454,0.415,0.283,23.126236984769,23.664056449531
"13181",0.1752384196,0.0002524934,15.149602323,2107,0.2040081063,0.0878467635,10530.19,7.9,0.2173825619,4.6233347538,4.7955442468,0.1683406341,0.1455401052,0.1579421601,0.413159664,0.2223729657,0.8788144072,0.0003790272,0.0001263424,0.4,0.303,4.18988561612268,4.18988561612268
"13183",0.1744539189,0,3.5789150775,4434,0.2161416994,0.080880992,11483.11,8,0.2248323289,4.5738695259,4.7623994094,0.1703581158,0.1455530606,0.1552559838,0.4199045037,0.2140195224,0.1258987832,0.0002105485,0.0003158227,0.375,0.322,25.5414793624847,28.9470099441493
"13185",0.1733256773,0.0005706693,9.6247210534,4651,0.2152635032,0.0702492376,11036.48,7,0.2189083741,4.417082336,4.7555518458,0.1403769536,0.1462320218,0.1576613643,0.4023917706,0.1995468584,0.7296055221,0.0016677986,0.0012379536,0.395,0.289,26.7049247858634,11.3637977812185
"13187",0.1896635787,0.0003272835,4.76048795,5057,0.217886265,0.0995857498,11157.7,8.3,0.193590681,4.4070750644,4.8496753636,0.1848645741,0.1372241405,0.154623967,0.36135082,0.2100789609,0.8493292398,0.0007586102,0.0008496435,0.341,0.245,35.7316552689303,34.7391092892378
"13189",0.1626254917,0.0005161411,10.792042042,5098,0.2043917509,0.0664165103,11675.47,7.8,0.2512036394,5.0798699936,5.1394171368,0.1484500466,0.1601782017,0.1683218281,0.4157780443,0.2341609894,0.6430628571,0.0006502253,0.0007431146,0.416,0.306,39.0594484805875,35.9346926021405
"13191",0.1640117994,0,4.8685491723,3901,0.1901064496,0.0717062635,11337.61,7.5,0.2126785931,4.5300314293,4.7480681241,0.1602800979,0.1410803179,0.1537035845,0.4161521695,0.2124861518,0.6064327077,0.0016039052,0.000348675,0.368,0.291,44.0784131771256,32.4788307620926
"13193",0.1756694367,7.7238e-05,10.040936124,4565,0.2138953942,0.0695652174,11537.86,7.9,0.2964767533,5.3616676242,5.0380077581,0.1397761323,0.1736640223,0.1700945699,0.4577657675,0.2524876135,0.4547489824,0.0001521723,0.0007608613,0.434,0.37,33.5034276583681,51.5437348590279
"13195",0.1833620477,0.000167336,8.7014725569,5643,0.220697832,0.0873717218,10913.86,7.8,0.2052135782,4.5173500772,4.7343215062,0.1835160279,0.14051864,0.1568525572,0.3902449048,0.2203732477,0.0440256046,0.0001011804,0.0002360877,0.353,0.298,45.5621367530866,24.4479758187294
"13197",0.1896472038,0,4.7852613949,2046,0.2260132341,0.0862166761,9032.91,8.5,0.2407191138,4.7797909763,4.8713514481,0.1565658734,0.1539937356,0.1636389247,0.4094314329,0.2291564533,0,0,0.0002394923,0.39,0.305,23.7849837469278,23.7849837469278
"13199",0.17389448,0.0002834601,10.39353711,5997,0.207866095,0.0792873051,11195.43,7.5,0.2474432661,5.0647391289,5.0952622105,0.1537992115,0.1590056399,0.1676336575,0.4314784851,0.2333373354,0.3969625318,0.0007594456,0.0002373268,0.411,0.324,34.7008627896339,18.9277433398003
"13201",0.171828401,0.0003497726,12.242042672,6353,0.2044501774,0.0941000747,14059.38,8,0.2232872092,4.7081111752,4.9338434555,0.1703774157,0.1481551188,0.1619217107,0.4091229195,0.2252879013,0.3007346939,0.0001758706,0.0014069645,0.399,0.297,64.6070715376483,64.6070715376483
"13205",0.1841361552,0.0004116544,10.977450487,5379,0.2328609389,0.0672406724,12110.08,7.1,0.2731446752,5.1889940518,5.1472376999,0.1456618183,0.1663196792,0.1703497436,0.4325323161,0.2465696294,0.6480125968,0.0043709445,0.0003604903,0.405,0.357,45.692005422118,15.2306684740393
"13207",0.1349713273,0.0005801726,10.515628399,3666,0.1557927786,0.0779800756,12052.74,8.3,0.1885867269,4.1999237202,4.5605469209,0.1717073231,0.128762925,0.14347096,0.3982171367,0.1991951256,0.6967529519,0.0003633721,0.0002906977,0.318,0.261,30.0697618474862,28.8669713735867
"13209",0.1775085988,0,6.5416484954,5995,0.2090280602,0.0915907874,12372.62,7.4,0.22372239,4.6598278282,4.7629865873,0.1654263395,0.1473642496,0.1578417685,0.4019255846,0.2208932052,0.2413679711,0.0006526705,0.0003263353,0.377,0.297,36.5270117251708,36.5270117251708
"13211",0.1484538784,0.0004150239,9.856816767,3403,0.1733856257,0.0872067286,10840,7.7,0.173579756,3.9306943788,4.3776068193,0.1829211844,0.1213291378,0.1394766747,0.38031824,0.1869019218,0.3410006716,0.0002652098,0.0004243356,0.345,0.243,50.203410369601,17.3115208171038
"13213",0.2036810183,0.000174581,4.2398244214,4812,0.2491446215,0.0929397686,12150.99,7.4,0.2377846126,5.0501288033,5.0453657643,0.1798938933,0.1567654306,0.1682325239,0.382914566,0.2358695516,0.8400373473,0.0001252474,0.0007514842,0.375,0.307,31.6537413889329,17.4928570833576
"13215",0.1325915882,0.0010726928,10.471525114,4069,0.1667202866,0.0511412531,10716.99,6.7,0.2107533576,4.248895845,4.7579067579,0.1750322973,0.1365542276,0.1489181072,0.4433159178,0.1936125791,0.876535798,0.003105686,0.0020344046,0.382,0.289,32.0616128696678,13.6432395190076
"13217",0.1669656803,0.0002505727,6.7117697595,4870,0.2064275775,0.0756487567,11481.53,7.1,0.2160755074,4.3593169051,4.5688874816,0.1498234765,0.1348691685,0.1466854384,0.4194754804,0.1955249975,0.7280757918,0.0009494162,0.0005751271,0.413,0.293,39.7513300257039,16.1396377547971
"13219",0.099247111,0.0012164846,10.675273088,3714,0.1148778304,0.0688475706,10338.43,9,0.1173713068,3.0781802398,3.6843232444,0.2026502749,0.0911117035,0.1116794545,0.3265903105,0.1333325598,0.8169348939,0.0020370748,0.0009930739,0.298,0.188,21.5452948390732,12.429977791773
"13221",0.1957938144,0,4.587456583,5487,0.228539823,0.1033108522,11380.18,8.2,0.2158168419,4.7525091623,4.8412291796,0.1712388733,0.1455427552,0.1591419155,0.39074153,0.220544847,0.2538425398,0.0001328551,0.0003985652,0.353,0.277,48.1442577030812,65.6512605042017
"13223",0.1367032733,0.0001541499,4.0909010061,5954,0.1673757141,0.0647643545,11782.18,7.8,0.1719165366,3.9317231418,4.1829829461,0.1788207999,0.1183608772,0.1361428268,0.3876559773,0.1739166023,0.7966260083,0.00049377,0.0003962352,0.343,0.235,10.2752583634675,16.0056909123244
"13225",0.1766784452,0.0002178175,5.0824076091,5040,0.2131732032,0.075826972,11995.78,6.9,0.2259115835,4.644280463,4.6439904812,0.1531478607,0.1445530199,0.1533883223,0.4253666266,0.2071391961,0.6738400433,0.0008792175,0.0005495109,0.388,0.289,28.9879579191478,13.2861473796094
"13227",0.1618346008,0.0004295664,8.5913288945,3711,0.1876557612,0.088645123,11567.04,7.8,0.1645668521,4.0172658044,4.4777499298,0.1896267317,0.1212618213,0.1426662478,0.3594641079,0.1890903314,0.5264856784,0.00068793,0.0009068168,0.331,0.246,32.7539970111978,29.683309791398
"13229",0.1797795276,0.000205497,9.2473670691,5442,0.2193600143,0.0873549175,13483.06,7.5,0.2151753423,4.662973571,4.7589020293,0.17466359,0.1453875205,0.1594149376,0.3808651738,0.2253679709,0.6581725131,0.0002578782,5.15756e-05,0.365,0.298,41.1127860764698,22.2694257914211
"13231",0.1500667387,0.0002109482,10.547410611,2946,0.1766511709,0.0841304348,9896.72,8.9,0.1740671691,4.1231549738,4.5217944603,0.1887300709,0.1263456336,0.1466774202,0.3692053241,0.2014704202,0.3886619285,0.0004293227,0.000160996,0.342,0.252,44.0784949838673,22.920817391611
"13233",0.1794828221,0.0002816042,10.794827869,5449,0.2174367636,0.0913650041,13016.22,6.7,0.2326145623,4.9112129212,4.8528561681,0.1676283348,0.153284112,0.1606678651,0.3837730485,0.2270694782,0.797588909,0.000729927,0.0003767365,0.401,0.305,17.9795658325712,21.1064468469314
"13235",0.1580236831,0.0006285355,8.0811708719,5110,0.1901863125,0.0692194404,12542.64,7.5,0.2477112395,5.0291245155,5.1557993603,0.1501317585,0.1610432997,0.1729222811,0.4102418117,0.2341563228,0.7177352206,0.0001806848,0.0008130816,0.385,0.317,23.9542473874899,23.9542473874899
"13237",0.1824732824,0.00040689,9.9462000995,3543,0.2141802068,0.0929653924,10995.14,7.4,0.2051342131,4.554619518,4.5718597356,0.1690647,0.1381473592,0.148551168,0.4015713252,0.2047178552,0.6412008672,0.0004126737,0.0004585263,0.401,0.298,28.5937876234048,24.0789790512882
"13239",0.1970569418,0,0,6608,0.2383419689,0.0821917808,9931.26,7.8,0.2775725567,5.2917770658,5.1590606591,0.1412405989,0.1691548963,0.1750010961,0.4345301936,0.2516929324,0.4918424194,0,0.0008775779,0.401,0.318,14.600671630895,0
"13241",0.2150680385,0.0007002392,14.588317675,3488,0.2479294396,0.1081632653,10690.65,7.7,0.205894707,4.5375319628,4.7143773093,0.1804799239,0.1425900324,0.1554308132,0.3656772493,0.2133997413,1,0.001304322,0.0007707358,0.351,0.266,37.0536497845038,25.3524972209763
"13243",0.1636823257,0.0002950723,11.802891708,6695,0.2023154848,0.0623167155,9479.67,5.4,0.312331133,5.7183998674,5.3578744871,0.1256555505,0.1886132584,0.1861244385,0.456644599,0.2646281913,0,0.0010244402,0.0005853944,0.476,0.397,49.2780761839058,49.2780761839058
"13245",0.1428221675,0.0011060745,10.221313661,3661,0.1780977839,0.0512488761,9510.37,5.7,0.2453121759,4.9477229831,4.6210428872,0.1577691827,0.1542513929,0.1557224697,0.4334969198,0.2148045431,0.73084882,0.0030413686,0.0021979221,0.417,0.315,35.9646358745593,14.1878838771197
"13247",0.1610163921,0.000715103,7.3710614328,5214,0.1929323089,0.0824114799,11067.99,7.7,0.2064783309,4.1195846137,4.2938593268,0.1401239314,0.12782552,0.1380039262,0.4268497613,0.1734195447,0.7892507188,0.0014128971,0.0008168311,0.433,0.287,35.9726754493831,11.7461797385741
"13249",0.1478200047,0,9.5111280198,3605,0.1735591013,0.0846681922,11194.97,8.1,0.218676921,4.6661692941,4.9492381048,0.1669246718,0.1464746907,0.1613288339,0.3976159895,0.2179171502,0.251497006,0,0.0009549274,0.371,0.286,6.37389253617184,6.37389253617184
"13251",0.1550692106,0.0001432049,12.888443362,4354,0.1849486602,0.0691956445,11278.02,6.9,0.2402897309,4.8466032662,4.8683451205,0.1553024882,0.154713655,0.1628030202,0.4172698635,0.2362054784,0.548619201,0.0003587315,0.0004304778,0.39,0.305,50.1002004008016,45.3287527435824
"13253",0.1685005748,0.0012360939,12.360939431,6982,0.2040089087,0.0710900474,12068.46,6.9,0.230310348,4.7112026151,5.0211832415,0.160003645,0.1516417931,0.1628004519,0.4161800594,0.2248604807,0.4509107572,0.0002405292,0.0002405292,0.383,0.318,89.9243817698753,122.624156958921
"13255",0.1695421869,0.0004647467,9.5947708499,4002,0.2115267841,0.0666076286,11331.04,6.8,0.233466706,4.9047104076,4.801048007,0.1562795407,0.1534005443,0.1621730139,0.4188857693,0.2216144798,0.7208808703,0.0012556732,0.0011951589,0.397,0.317,27.9696529265747,21.4766977829055
"13257",0.1606271777,0.0006557377,13.886210222,5025,0.198256176,0.0668345928,11287.21,7.5,0.2021782806,4.5852995557,4.8180176666,0.174024457,0.1394005866,0.1559498827,0.3773510792,0.2101082159,0.7997325692,0.000691377,0.0010370655,0.347,0.276,34.5856764061639,24.3380685821154
"13259",0.1853932584,0,6.0413834768,2841,0.2101203332,0.0680555556,13314.36,6.2,0.3430301521,5.6770534029,4.8346076526,0.1424421144,0.1903227515,0.1658503503,0.4402220947,0.2508092948,0.0500165071,0.0001613163,0.0017744798,0.415,0.37,5.12583935619458,5.12583935619458
"13261",0.1617745312,0.0007451565,11.177347243,3737,0.1982801287,0.0703230654,10312.73,7.2,0.2552051734,4.9547890008,4.896717159,0.1465565852,0.1570557733,0.1634040289,0.4274843727,0.2239884364,0.5761601511,0.0019843272,0.0014798372,0.416,0.32,37.2717107715244,13.5533493714634
"13263",0.160745614,0.000322841,4.8426150121,3785,0.185627081,0.0696078431,10167.19,6.8,0.2596646796,4.9781035287,4.9070508516,0.1457109311,0.1596711582,0.1649188612,0.4373825367,0.2336923072,0.1343044428,0.0003188776,0,0.428,0.327,26.8672756582483,26.8672756582483
"13265",0.1753246753,0,0,1824,0.2076830732,0.0632411067,13144.62,3.3,0.2919564419,5.3507534832,5.1329206891,0.139206603,0.1727210861,0.1744294249,0.448733706,0.2560819007,0.3529411765,0,0,0.432,0.364,21.2449543233482,21.2449543233482
"13267",0.1965024223,0.0002372855,9.8868939334,4643,0.2429953302,0.0854320031,12315.8,7.1,0.2615824074,5.1733086533,4.9733972442,0.1668120679,0.1631275477,0.163902864,0.4083964191,0.2458592104,0.3992163009,0.0001575361,0.0003544563,0.391,0.333,36.8217563977802,18.4108781988901
"13269",0.1582012294,0,12.46882793,4580,0.1877001922,0.0692695214,12144.93,7.4,0.2717523895,5.3482712164,5.2700491564,0.1508860664,0.1723449574,0.1778392929,0.4215502912,0.2533262312,0.5814057938,0.0001243936,0.0007463615,0.407,0.353,41.437036423155,41.437036423155
"13271",0.168467634,0.0001891551,6.3051702396,4198,0.2033643326,0.065344224,13584.52,5.1,0.3046320871,5.3673674186,5.0743230447,0.1531805689,0.1760267743,0.170483561,0.4311775617,0.2562740207,0.5861818182,0,0.0003149408,0.446,0.373,39.985689332239,39.985689332239
"13273",0.1714994573,0,9.3775641777,5451,0.2143167028,0.0661538462,10952.97,7,0.2810751813,5.2822842889,5.1147638273,0.1373759524,0.171143158,0.1722186195,0.4358071689,0.2444128328,0.6395061728,0,0.0002322611,0.437,0.365,58.4453535943892,46.7562828755114
"13275",0.1605552571,0.000922364,15.5227104,5277,0.1978408731,0.0698702276,11192.18,6.8,0.2209363481,4.5873187486,4.5300440277,0.1567811739,0.1470219092,0.155706451,0.4080856741,0.2144124133,0.4586314848,0.0020698344,0.002137329,0.373,0.29,78.7868328443547,12.7559634128955
"13277",0.1921324797,0.0008365318,12.301938786,4827,0.2371422329,0.0865079365,12487.38,7.3,0.2348554535,4.9076201195,4.7748010574,0.1486466067,0.1525611859,0.1580177439,0.413827775,0.2157956904,0.7868039284,0.0007887407,0.0032042592,0.409,0.317,22.1431266094773,9.02127380386111
"13279",0.194466113,0.0009317928,11.554230339,4496,0.2436918991,0.0872322435,11630.14,7,0.2551873369,5.0619233067,4.9753673119,0.1599434877,0.1618782906,0.167414879,0.3808780707,0.2356314331,0.7159019946,0.0005206977,0.002194369,0.399,0.327,43.375883009047,12.3931094311563
"13281",0.1886120996,0.0006646174,11.630805018,2927,0.2073961113,0.1240506329,9694.55,8,0.1750241324,4.0584704244,4.5266170497,0.186564668,0.1268559141,0.1460687067,0.3658305945,0.1926171628,0.9971349441,0.0003374958,0.0005906176,0.315,0.23,99.6236440115121,80.2523798981625
"13283",0.1902006173,0,11.592522823,3844,0.2378627611,0.0742385787,10956.81,5,0.2415810001,4.981387787,4.869485232,0.1571157973,0.157487115,0.1655453053,0.4097399012,0.2398112855,0.452432825,0.0001468644,0.0002937289,0.439,0.352,29.2226767971946,68.1862458601208
"13285",0.1660868037,0.0005434627,11.584336832,6471,0.2054885553,0.070795428,11697.94,7.4,0.2198647934,4.5029885173,4.7595618591,0.1623848525,0.1413017177,0.154618734,0.3953356497,0.2170086037,0.7303710996,0.0012565325,0.0009138418,0.416,0.308,27.5967074273207,14.7499643146025
"13287",0.1510381782,0.0001252348,15.028177833,4772,0.192969697,0.0592783505,12157.01,6.4,0.2588032417,5.067108571,4.9642920694,0.1456052716,0.1636409978,0.1686902652,0.4166237288,0.238781556,0.2001119821,0.0001263903,0.0007583418,0.427,0.33,21.0269565583078,58.8754783632617
"13289",0.1680039299,0.0001231527,9.8522167488,5526,0.1972626548,0.0805031447,14488.29,8,0.2730480584,5.2677021432,5.2292342017,0.1528350271,0.1699113299,0.1760363089,0.4351094677,0.2552281688,0.1004100632,0,0.0002442599,0.384,0.3,61.4477080004916,61.4477080004916
"13291",0.1875429071,0.0006527681,9.3835420831,2733,0.2110687333,0.1123824053,9052.1,8,0.1719403812,4.0171271204,4.5358787355,0.1884677351,0.125884797,0.1452670252,0.3589163208,0.1894915113,0.9550009365,0.0007083038,0.0015832674,0.324,0.262,56.8566400433194,28.4283200216597
"13293",0.1367700209,0.0006458967,11.398176292,5633,0.1673090743,0.0575646981,11250.13,7.1,0.2361794712,4.9127447316,5.0091498161,0.1586952371,0.1543218338,0.1657375331,0.4157052536,0.2361876002,0.7396236143,0.0003051688,0.0009917986,0.412,0.301,46.7987149325846,21.5021122663226
"13295",0.1509444184,0.0001863505,8.744140709,4321,0.1833607544,0.0638146398,12772.01,6.5,0.205691564,4.5681106904,4.8348571558,0.1737979723,0.1455074391,0.1600680015,0.3993942528,0.2291030247,0.5436034673,0.0004034001,0.0002161072,0.339,0.279,33.446893500313,13.8565701644154
"13297",0.1515583956,0.0002325753,7.0829765416,4151,0.1804281888,0.0833056064,11698.53,7.6,0.1831653595,3.9761933759,4.4361141092,0.1602871982,0.1264109606,0.143789402,0.3677543658,0.1993178377,0.6966622099,0.0007058597,0.0007914185,0.374,0.244,51.9351091865488,18.2474707952739
"13299",0.1665001665,0.0006716293,16.231040466,5338,0.2111566509,0.0664185181,12433.07,6.2,0.2388144484,4.9212272582,4.9286767001,0.1563834265,0.1566577883,0.16382622,0.4026412647,0.2318687305,0.7811742675,0.001485426,0.0019058296,0.386,0.336,49.4218575158523,16.7847817978366
"13301",0.1508478866,0.0005709935,13.323182337,2995,0.179357022,0.0682692308,11952.63,7.7,0.2826741995,5.3097371866,5.0736769948,0.1435250157,0.1714261364,0.1734215822,0.4436264333,0.2464024291,0.0800479945,0.0003808798,0.0005713197,0.417,0.355,63.5445129313084,88.9623181038317
"13303",0.156089657,0.0005399038,9.3256110729,4471,0.1918091302,0.0670009116,10812.42,6.7,0.2600580263,4.9819185377,5.0203072923,0.1496714397,0.1595054495,0.1639622864,0.4399816606,0.2352215451,0.2808797848,0.0002452664,0.000539586,0.409,0.339,77.1630274175012,16.417665407979
"13305",0.1759062297,0.0004009757,13.365856919,5379,0.2224998438,0.0725577625,13156.34,7.3,0.2356839512,4.9164110517,4.9014112387,0.1720318028,0.1549397484,0.1640668937,0.4017298784,0.2344364942,0.5510149839,0.0002348363,0.000805153,0.359,0.311,46.7924864636021,24.510350052363
"13307",0.1681100357,0.0003835827,15.343306483,2382,0.1933333333,0.0861723447,9532.88,7.9,0.2612142802,5.1033518854,4.9881564122,0.15201652,0.1631955037,0.1686916181,0.4214960929,0.2433218782,0,0,0,0.406,0.318,12.7991808524254,0
"13309",0.1549735704,0.0001273074,0,2990,0.192613048,0.0711077844,12698.65,7,0.2837980242,5.3955081922,4.8396212286,0.1615792356,0.1754381958,0.1675282598,0.4279266701,0.2653075591,0.1114405067,0,0.0002538393,0.429,0.369,25.5482222695337,25.5482222695337
"13311",0.1878014558,0.0001948178,9.4161958569,4723,0.2219324244,0.0934952853,11667.72,NA,0.1763886341,4.1786995673,4.5745948991,0.1915721652,0.1282468773,0.1465987818,0.3505626788,0.2001755147,0.7420424403,0.0007674341,0.0005005005,0.329,0.248,44.632165639764,26.1261457403497
"13313",0.2292299466,0.0005256719,8.6019038881,4968,0.2853628138,0.10237534,11058.29,7.1,0.2645151341,4.7056618446,4.7080233001,0.1476046453,0.1527726,0.1562994567,0.3696669188,0.2050371977,0.6703184242,0.0010762814,0.0014222291,0.396,0.325,36.1568760459096,15.6786453650405
"13315",0.1561423651,0.0001158078,4.6323103648,6341,0.1920765027,0.0732153752,12928.2,7.4,0.2488655458,4.847473827,4.6941133064,0.163816303,0.1548208737,0.156551413,0.4191931185,0.241005824,0.2064829822,0.0001134816,0,0.389,0.32,46.2445566303133,46.2445566303133
"13317",0.1971034483,0.0004091235,11.250894958,5222,0.2342308416,0.0975254731,11846.16,7.1,0.259155593,5.0043323552,4.9232682007,0.1438982714,0.163367041,0.1692772816,0.4226356728,0.2367061375,0.6869630888,0.0002025111,0.0001012556,0.406,0.334,57.9275564793676,57.9275564793676
"13319",0.1627439724,0.0003350458,11.168192986,3693,0.1946762018,0.082721488,11164.69,6.8,0.2475172469,4.9178635448,4.8891202724,0.1521376773,0.1575840505,0.1654123031,0.4215409223,0.2409152119,0.0207047997,0.0002213369,0.0003320053,0.404,0.322,100.73875083949,82.0834266099545
"13321",0.1719797081,0.0002963402,7.9024052946,5328,0.2100487888,0.0705467372,11445.64,7.8,0.2259423924,4.7349022184,4.7955373522,0.1640712146,0.1490331122,0.1624848295,0.3950615335,0.2316614364,0.5166751234,9.8527e-05,0.0004433716,0.367,0.309,19.8288112627648,31.3956178327109
"16001",0.0951101983,0.0009634812,8.0359312025,1941,0.1180050203,0.0377655191,8961.74,8.5,0.1305677224,3.402468393,4.0669182219,0.1998303152,0.099190184,0.1222504733,0.3337463143,0.1511873732,0.8946873447,0.0028959542,0.0015533039,0.277,0.172,30.1531447793564,19.0877705483999
"16003",0.1639178728,0.0002328831,0,975,0.1931311329,0.0739762219,8468.67,7.4,0.1880903212,4.5085392464,4.7282378972,0.1957917643,0.1337180617,0.1505597196,0.3518574412,0.205493282,0.3274647887,0.0007058824,0.0007058824,0.328,0.221,7.69763682549457,7.69763682549457
"16005",0.1211858816,0.000706086,6.6053206997,2445,0.1559952513,0.044399726,9861.8,7.3,0.1701419266,4.0779265238,4.5949914807,0.194709815,0.1213384705,0.1409915142,0.3415976855,0.1869543297,0.7469670083,0.0039707131,0.0014459822,0.363,0.214,21.6121118824908,31.0911083221797
"16007",0.1101677366,0.0006530612,0,2575,0.13881108,0.0538461538,10228.9,7.9,0.1745194689,4.2365458696,4.344936938,0.186781618,0.1255723294,0.1429088819,0.3466296628,0.1837178683,0.4894754427,0.000661157,0.0008264463,0.351,0.218,60.0502238235615,65.5093350802489
"16009",0.149454597,0.0004302,8.6040008604,3005,0.186440678,0.0567748092,8537.93,7,0.2035648431,4.7848905343,4.9614280461,0.1817932328,0.1443147371,0.1617025588,0.3621743104,0.2218225677,0.7235325794,0.0023845654,0.000975504,0.335,0.234,100.164556056378,121.628389497031
"16011",0.1457039601,0.000299075,1.7090000214,2592,0.1926684721,0.0628095762,10659.85,7.9,0.1917897839,4.4912134756,4.5900702498,0.1706793303,0.134020057,0.1452667935,0.3535768184,0.1895152569,0.453483018,0.0013409464,0.0008218704,0.393,0.259,34.2248429578821,24.2425970951665
"16013",0.1903187337,0.0010425264,10.859649885,774,0.2238189992,0.1003853565,10724.01,8.8,0.1610287401,3.7879325549,3.9735894327,0.2051326531,0.1129878037,0.1258853902,0.3132740048,0.1529570817,0.7835422904,0.0015928499,0.0003982125,0.266,0.207,26.0688216892596,14.4826787162554
"16015",0.1212332346,0.0001276976,6.3848806027,1718,0.1391843972,0.058644326,9878.46,7.5,0.1529271941,3.8603321745,4.2424536417,0.195059725,0.1130166066,0.1338449341,0.3351390412,0.1658032067,0.796243597,0.0005239717,0.0005239717,0.327,0.202,21.2494687632809,21.2494687632809
"16017",0.1341795373,0.0004591268,9.4011674938,1848,0.1609890991,0.0603976357,8369.84,8.1,0.1697894102,4.2205089674,4.4201533415,0.2127626964,0.1225501551,0.1421278198,0.313928432,0.1868350666,0.7908848497,0.0021016388,0.0004471572,0.302,0.205,37.1495378160442,29.1368924047406
"16019",0.1086637154,0.0003863533,4.2834825553,1834,0.1441790596,0.0439040138,11091.9,7.9,0.1699851636,4.169046343,4.4643110151,0.1622674992,0.1179565223,0.1351066173,0.351769037,0.1617285666,0.8446668074,0.0028839406,0.0013777877,0.344,0.216,54.1823767630219,27.091188381511
"16021",0.1648838466,0.0004899959,7.3499387505,1040,0.2068965517,0.066758907,8608.52,7.9,0.1768169792,4.3871112081,4.3578327314,0.1890858983,0.1294571758,0.1451932127,0.3378524134,0.191986492,0.8619212541,0.0013391363,0.0004184801,0.34,0.238,29.8515563515971,27.1377785014519
"16023",0.1051556917,0.0003850597,0,NA,0.129753915,0.0527131783,9958.69,7.7,0.1693202058,4.1687200095,4.3998334873,0.1929135325,0.1227188719,0.1419515404,0.3479111207,0.1845668007,0.4780352819,0.000382995,0.00076599,0.347,0.235,12.7323656735421,12.7323656735421
"16025",0.1137724551,0,0,2617,0.1359060403,0.0588235294,6235.73,4.3,0.2045627923,4.751307878,4.7087867557,0.1799715984,0.1409052966,0.1528370342,0.3571278723,0.2062781864,0.0617726052,0,0.0008873114,0.342,0.244,0,29.7353553374963
"16027",0.1525821596,0.0003219505,4.9597779412,2167,0.2001500111,0.0549773234,9562.7,8.1,0.2020466414,4.4823117577,4.7013471712,0.1702607755,0.1359643824,0.1502135556,0.3509518541,0.1884329299,0.7760674984,0.0015704768,0.0007293098,0.381,0.236,25.3475878511184,19.4090101259992
"16029",0.1048182587,0.0005590496,0,1777,0.1345954357,0.0501160093,11452.17,9,0.1594763514,4.0113042608,4.3525065922,0.2028175861,0.1174084785,0.1357088719,0.3407051102,0.1740442349,0.3475513428,0.0004249292,0.0002832861,0.334,0.217,42.1782735026713,42.1782735026713
"16031",0.1706743988,0.0007906783,4.5776113192,2956,0.2283931111,0.0741985522,9835.52,8.1,0.2016027386,4.2968075235,4.3078125763,0.1680563816,0.1320168625,0.1428462548,0.3463878846,0.1897504601,0.5914081562,0.0011733155,0.0008380825,0.35,0.257,45.7247370827618,16.6271771210043
"16033",0.2965204236,0,0,NA,0.3525773196,0.1368421053,6017.65,4.5,0.2863033177,5.3210597006,4.8656400156,0.1544442001,0.1661048759,0.1623580315,0.3584376091,0.2101036428,0.6283095723,0,0,0.379,0.304,39.2310710082385,0
"16035",0.1444464382,0.0010278666,6.8524440384,4370,0.1728452271,0.0489826677,9667.7,7.8,0.1851243995,4.42681818,4.5925494994,0.1859933238,0.1305588784,0.1454981163,0.3621651265,0.2026123856,0.7059696382,0.0011418132,0.0009134506,0.348,0.223,79.6661608497724,72.0789074355084
"16037",0.1462596444,0,9.2699884125,2511,0.1727192205,0.0644736842,9655.62,7,0.1848401217,4.3868036336,4.5843294065,0.1954798799,0.1314176115,0.1482178729,0.3371168309,0.1934594775,0.7582417582,0.0002336449,0.0018691589,0.312,0.209,7.7857365306758,7.7857365306758
"16039",0.1503352129,0.0005815855,6.1793464432,2866,0.1914168507,0.0543384261,9822.54,7.1,0.1944223124,4.4394919975,4.4228004592,0.1794485448,0.1353639226,0.146604901,0.3621724632,0.1972557465,0.8834603151,0.001394035,0.0010271837,0.367,0.255,34.0558028655526,23.1092948016249
"16041",0.131765107,0.0004324013,0,3531,0.1755561512,0.0572951366,10075.36,9,0.1698105351,4.1933135412,4.4389269244,0.1741066791,0.1227144466,0.1435323044,0.3599551402,0.1810726357,0.6659627718,0.0006556899,0.0002914177,0.348,0.227,45.4360666714494,23.9137193007628
"16043",0.1703001271,0.0003053668,3.8170852737,2005,0.2136929461,0.0674865973,9415.37,7.5,0.1850017353,4.3527335404,4.3919837308,0.180368686,0.1280135745,0.1440656927,0.3503972802,0.1850597976,0.6327594019,0.0004556501,0.000227825,0.337,0.229,27.8586805115867,37.9891097885273
"16045",0.1467109059,0.0006073322,7.7296819788,1030,0.1832843088,0.0581644815,9080.87,7.2,0.200019455,4.6272680211,4.59903028,0.1864053033,0.1375479338,0.1526462455,0.3514597891,0.2081847023,0.7390394162,0.0009640467,0.0006805036,0.325,0.229,49.5876875608367,33.0584583738912
"16047",0.1990311191,0.000263522,6.5880492786,3358,0.2573814134,0.078288354,11604.63,8.8,0.2126321847,4.4485207928,4.45718198,0.1864883326,0.1355333028,0.1471444349,0.3368461298,0.196187749,0.7280134506,0.001250329,0.0009212951,0.374,0.272,45.6591220403105,21.7424390668145
"16049",0.1618997175,0.000899982,4.7999040019,3262,0.1974856585,0.0708446866,8719.93,7.3,0.1951800006,4.4669593226,4.3779656132,0.2206602404,0.1377785585,0.1484374528,0.341186304,0.2038141634,0.6378557816,0.0008478169,0.0007267002,0.321,0.219,59.996400215987,21.9986800791952
"16051",0.1360036727,0.000234341,1.0043185699,1891,0.1827171109,0.060688318,9737.87,8.5,0.1742494287,4.1157148906,4.246650608,0.177634791,0.119322559,0.1366670223,0.3352589289,0.1664098659,0.6615531752,0.0002377798,0.000373654,0.372,0.206,32.261294234128,17.7993347498637
"16053",0.2109731251,0.0003686711,6.144519089,3436,0.2802434318,0.0822818792,10476.3,7.6,0.232292364,4.7227627997,4.5148400946,0.1718228087,0.1452924869,0.1492663989,0.3387154846,0.1934077202,0.7244122642,0.0002082032,0.0002914845,0.365,0.283,8.21861516334498,13.6976919389083
"16055",0.1237245282,0.0008750913,8.1474015824,1573,0.1548401912,0.0457868411,9678.05,8,0.1586908219,4.0066519255,4.2445689335,0.1904455914,0.116939214,0.1372214368,0.3494764259,0.1668092788,0.8551634006,0.0019132535,0.0011207083,0.311,0.211,60.6632786292509,25.3098447261113
"16057",0.1083975202,0.0007729131,10.721053156,1801,0.1281477564,0.0457701209,8218.63,8.2,0.145265631,3.9501068505,3.9523069821,0.1924759908,0.1150186511,0.132405687,0.3243385518,0.1650297991,0.8168295564,0.0015448248,0.0005481637,0.298,0.193,18.9969604863222,12.3893220562971
"16059",0.1347452985,0.0008720568,6.2289772019,1813,0.1635235732,0.0561724363,8452.82,7.3,0.1824984988,4.4491113375,4.7556301265,0.1857343965,0.1327895594,0.1500653869,0.3610992628,0.1969283441,0.7794858871,0.0012561236,0.0005024494,0.318,0.231,66.5502038099992,58.2314283337493
"16061",0.1518019658,0.0002605524,0,2678,0.1909650924,0.0595238095,9570.95,6.1,0.203316066,4.8457323331,4.9049418926,0.1793790743,0.1423570778,0.1550734007,0.3604978448,0.2136117193,0.543836692,0.0007770008,0.0005180005,0.37,0.242,43.3388229175696,43.3388229175696
"16063",0.2038188277,0.0001863586,0,2359,0.2535529716,0.0958164642,10522.44,4.8,0.2301129742,4.8221372774,4.6651537402,0.1715081465,0.1450665822,0.152101154,0.351031349,0.2015232155,0.2000768049,0.0001865672,0.0005597015,0.361,0.276,55.9562297935837,55.9562297935837
"16065",0.094172145,0.000676573,0,1914,0.1175190424,0.0399283796,9367.61,7.2,0.1966493124,4.6440100916,4.8034574713,0.1413888207,0.1394647202,0.1538548303,0.3463473445,0.1800471199,0.8436967178,0.0015011195,0.0007632811,0.354,0.231,15.0591069949552,10.0394046633035
"16067",0.1788194444,0.0002376539,4.277769856,1490,0.2351866353,0.0694100149,9908.12,7.1,0.2275491212,4.458203422,4.5201733295,0.1725990875,0.1415383964,0.1496360351,0.3571252977,0.2004522297,0.6114405302,0.0002881152,0.0003841537,0.385,0.276,34.8763474952441,28.5351934051997
"16069",0.121578532,0.0007176797,10.641457137,2550,0.1465075193,0.0550665764,9275.29,7.9,0.1698461983,4.1941537,4.5020149787,0.1964806462,0.1224636619,0.1458275619,0.3390671592,0.185295687,0.7498535591,0.0025242526,0.0017818254,0.332,0.223,101.998009393688,24.6769377565373
"16071",0.1306674176,0.0004414037,0,2186,0.1642050391,0.0713743356,12259.38,8.3,0.1753345564,4.4590321914,4.5910273875,0.1861985828,0.1284440738,0.1451218395,0.3337560899,0.1896108416,0.4815678955,0.0013368984,0.001114082,0.31,0.223,44.3164192333259,44.3164192333259
"16073",0.2311220137,8.45809e-05,2.537427049,2515,0.290747549,0.0967741935,9079.73,7.5,0.2440467273,5.0101804303,4.8940742297,0.1796302069,0.1525921621,0.1606981736,0.3583782641,0.2111846409,0.6702238417,0.000342085,0.0004276063,0.344,0.275,28.0512777357009,16.8307666414205
"16075",0.1598893355,0.0004175191,5.010229218,1425,0.2070938215,0.0600690088,9197.28,7.9,0.2010722342,4.4821851795,4.5689947998,0.1760707459,0.1346073741,0.1485042747,0.3317373026,0.1907414153,0.6741811431,0.0009341429,0.0012738313,0.35,0.226,23.5219238166397,29.0564941264373
"16077",0.1842646826,0.0002603828,3.9057414399,1923,0.2423720472,0.0809784901,10185.29,8.4,0.2199073996,4.6633756006,4.6576855765,0.178992865,0.1395304,0.14819336,0.3405146616,0.1919491341,0.6877318664,0.0003861998,0.0003861998,0.366,0.254,25.983024424043,34.6440325653906
"16079",0.1423686665,0.0003105108,6.210215805,3060,0.1757345705,0.0508982036,10819.12,7,0.2145864275,4.882943429,4.9783083918,0.1880550495,0.1465177863,0.1613752563,0.3601044735,0.2287300204,0.9280846063,0.0012503907,0.0003907471,0.395,0.266,69.9681256316567,36.2797688460442
"16081",0.1579447241,0.000329435,2.4707626421,3138,0.1870597443,0.0823252688,10415.34,9.7,0.1403837739,3.5241348593,3.7636352886,0.2048503025,0.1027827793,0.1192849826,0.3096741274,0.1424396214,0.9042281219,0.0011168385,0.0009450172,0.329,0.179,30.317228454097,22.0488934211614
"16083",0.1412984633,0.0007136444,9.2083151085,2530,0.1849847264,0.0521485018,9779.82,8.3,0.1836608812,4.3364372247,4.4296085333,0.1754364947,0.1291518537,0.1411675392,0.3489824329,0.1692375976,0.7580473909,0.0025789663,0.0011500796,0.333,0.219,42.8511305811685,26.3993572330413
"16085",0.1381563317,0.0014044944,14.04494382,1751,0.1586500552,0.0779880018,9441.15,8.3,0.1377400572,3.551731254,4.0385002788,0.2194463084,0.1036720941,0.1258075604,0.3272019648,0.1588294553,0.8613871426,0.0018114301,0.000543429,0.269,0.194,35.0620891161432,35.0620891161432
"16087",0.1707184572,0.0004904846,3.9238767903,1576,0.2146607039,0.0706940874,10503.47,7.8,0.2213557711,4.8090547629,4.7195029463,0.1921008496,0.1471063202,0.1549758389,0.3539354194,0.2080980097,0.7420082369,0.000393662,0.0005904931,0.375,0.248,58.603288295621,65.1147647729123
"17001",0.0611456474,0.0009780698,15.129517842,5354,0.0735004916,0.031154713,11476.5,8.4,0.1684990037,4.1379622464,4.4555417748,0.2156730992,0.1209394508,0.1414551996,0.3362768044,0.2053537504,0.8188605577,0.0026183191,0.0012482684,0.342,0.246,112.807476940825,14.8027910917824
"17003",0.0769935839,0.000173581,15.622287797,3549,0.0961477237,0.027365129,12172.73,4.8,0.2600687887,5.3339540759,5.2296879192,0.1745534309,0.1658649629,0.1765538524,0.4002301074,0.2696056974,0.5835154164,0.004290429,0.0004950495,0.444,0.334,63.5177272202333,40.4203718674212
"17005",0.0710759278,0.0006087909,12.175818824,4036,0.0832468581,0.0384497078,12027.35,7.9,0.1780619282,4.2210983676,4.468546493,0.2139075423,0.1256144082,0.1438975779,0.3507148749,0.2121915262,0.6271949572,0.0015634396,0.0007215875,0.382,0.252,54.7467456101221,54.7467456101221
"17007",0.0848122255,0.0005416106,5.4161063798,3210,0.1028349784,0.0427978747,10782.13,8.4,0.1801755109,4.0706753849,4.1726864689,0.2065852113,0.1193406739,0.135528755,0.3374676795,0.187661473,0.8883781039,0.000410624,0.0001679825,0.364,0.246,51.9080914082728,8.75558168332312
"17009",0.0426220664,0.0001520219,10.641532381,4577,0.0488077496,0.0270774977,11124.26,8.2,0.1889866678,4.1677201666,4.2991518104,0.2190129822,0.1249577918,0.1367995244,0.3717223421,0.2184798448,0.7569554562,0.0032031727,0.0004575961,0.404,0.277,50.8130081300813,50.8130081300813
"17011",0.0731581043,0.0004903764,15.017776143,3321,0.0848877046,0.0429714928,10655.59,7.8,0.1719574322,3.9996818235,4.4228677692,0.2223179643,0.1208644519,0.1418136194,0.3336633308,0.2029257673,0.777974727,0.0006668081,0.0006971176,0.354,0.248,57.1872064049671,16.3392018299906
"17013",0.0708112629,0.000211015,0,3903,0.0806207419,0.046277666,10555.94,8,0.1740380396,4.228687495,4.6607453116,0.2220781367,0.1262149605,0.1495123586,0.3474026392,0.223738156,0.3024169778,0,0.0004164931,0.347,0.228,35.3182171363989,0
"17015",0.0740599714,0.0002097169,14.680181755,3357,0.0861207228,0.0405736271,9573.55,8.4,0.1625378243,3.9639324739,4.4619493633,0.2254878505,0.1171649301,0.1414708773,0.3399607098,0.2088802667,0.7136543836,0.0012576859,0.0001397429,0.368,0.243,97.9980400391992,95.6647533715992
"17017",0.1015378348,0,14.818473697,4736,0.1222990493,0.0536068829,11384.02,8.5,0.2075369442,4.496935561,4.7091413898,0.203465566,0.1358588267,0.1513916245,0.3586840601,0.2231873584,0.6018179153,0.0054649266,0.0006525285,0.38,0.288,71.562259165474,66.057469998899
"17019",0.0708524482,0.0010014831,11.874728765,5032,0.0824510798,0.0360314082,11007.7,8.2,0.1605625751,3.9444907474,4.2906123631,0.2063881067,0.1150688352,0.129225485,0.3463735818,0.1745001441,0.8421680815,0.0025144893,0.0013715396,0.311,0.219,41.1853755342968,12.5623346224303
"17021",0.0682032564,0.000371471,13.930163447,5419,0.080971884,0.0332530846,11766.55,8.5,0.1801731588,4.3644205503,4.6358677086,0.2212094627,0.1289865533,0.1496818486,0.3609989318,0.2215603542,0.6726149425,0.0005817336,0.0004286458,0.366,0.256,90.684253915911,21.6405605935697
"17023",0.0646583395,0.0003885759,16.838287676,4459,0.0760747243,0.036056338,11892.98,7.7,0.1734263199,4.2594317251,4.5820542498,0.21646145,0.1256018923,0.1486466263,0.3453320511,0.2216283088,0.6132843587,0.000256476,0.000320595,0.344,0.236,77.7453838678329,25.9151279559443
"17025",0.0712137382,0.000151699,22.754854369,1840,0.0851236319,0.037704918,11138.85,7.6,0.1802434764,4.3087825455,4.7028655264,0.212445367,0.1303729882,0.1524592112,0.3527722329,0.2256266579,0.52247557,0.0012072738,0.0009054554,0.377,0.268,63.265512703715,35.4286871140804
"17027",0.059602649,0.0003727171,12.778872265,3725,0.0690965381,0.03532708,11883.36,8.8,0.1558742837,3.8210730573,4.2630741588,0.2244041402,0.1134953533,0.1364489715,0.3482319383,0.1994762182,0.6386579101,0.0004516592,0.0005047956,0.362,0.23,48.8459044929351,10.657288253004
"17029",0.0743681016,0.0007506766,15.013531933,7184,0.0869191619,0.0329919137,12242.05,7,0.1868363486,4.3544241854,4.6694121158,0.2033917302,0.1339299636,0.1538126188,0.3423718627,0.2192835914,0.7677686411,0.0032819102,0.0013363467,0.372,0.254,72.4213076654662,13.1675104846302
"17031",0.1086977839,0.0009558791,7.2210325242,4699,0.1311631257,0.044417545,11918.19,8.9,0.1837986446,3.8451065662,4.1352032438,0.2160741516,0.1114571985,0.1186451372,0.3608976702,0.1606921576,0.9914593309,0.002711325,0.0008167176,0.299,0.255,42.7035153160727,8.99021375075215
"17033",0.0683207218,0.0005357047,16.071141587,3367,0.08005923,0.0368615061,11461.81,8.4,0.1741240105,4.1425704908,4.4689389097,0.2269772093,0.1241315777,0.144890171,0.3444118082,0.2164493065,0.6153807337,0.0020205243,0.000691232,0.373,0.251,75.0187546886722,82.1633979923552
"17035",0.0712859659,0,10.21735092,5782,0.0817120623,0.0449162924,11886.79,8.6,0.177460604,4.3328076172,4.7025226841,0.2240152715,0.1284490252,0.151092269,0.3482281275,0.2262827269,0.0133055757,0.0003700962,0.0003700962,0.352,0.241,52.757347236446,55.8607206032958
"17037",0.0751616911,0.0002764617,9.7238243229,3679,0.0901428237,0.0343940304,11760.34,7.3,0.1637026101,3.8605606053,4.3551770944,0.2045121527,0.117052719,0.1376300457,0.3419525712,0.1861855706,0.84329593,0.0024293519,0.0004801091,0.359,0.23,37.9547795911728,13.0768568339335
"17039",0.0649057819,0.000319734,13.428827216,4164,0.0758268059,0.0354630715,11282.54,8.6,0.1659099065,4.0568190008,4.5114202318,0.2204802742,0.1201460623,0.1431101366,0.3439844687,0.2060570235,0.7704848741,0.0004439089,0.0003804934,0.349,0.244,49.1715660074826,29.9305184393373
"17041",0.1090239878,0.0003082456,14.384793219,5650,0.1262434437,0.0696878147,11904.92,8.6,0.1894948116,4.3697347649,4.6821324291,0.2136840889,0.1312401818,0.1519474648,0.3453680702,0.2223734187,0.7084084084,0.000154012,0.0006673854,0.355,0.26,37.6364320662401,30.7934444178328
"17043",0.0644211605,0.0013543954,9.2098890371,3231,0.0754279518,0.0371126301,11141.65,9.4,0.1203711598,3.0753005973,3.6507390861,0.2126515059,0.088478827,0.1100111207,0.3064409685,0.1420769981,0.9962635944,0.0029862512,0.0008421379,0.283,0.206,53.9185573373117,10.7259286866588
"17045",0.0699104296,0.0002913583,12.819765748,6990,0.0814784562,0.0380603327,12638.65,7.2,0.1693709316,4.1523381059,4.5636053588,0.2257586087,0.1231529381,0.1465704325,0.3482678237,0.2198457219,0.5332149009,0.00109447,0.0014976959,0.361,0.247,87.584421650869,21.4095252924347
"17047",0.0616066036,0,26.583268178,4546,0.0720112518,0.0363881402,10420.52,8,0.1625928367,4.1097191523,4.5213367707,0.2257718257,0.1195110869,0.1441458494,0.3449015551,0.2091364153,0.4222585925,0.0004693367,0.0006257822,0.365,0.246,31.3430496787337,31.3430496787337
"17049",0.0601118528,0.0007939308,15.290519878,3773,0.0707004108,0.0354151711,11250.18,8.5,0.1565170325,3.9892223544,4.3703313508,0.2296758695,0.1173521953,0.1398836809,0.3409193185,0.2031468879,0.575725717,0.0017539757,0.001637044,0.351,0.233,55.7288254905603,16.6208777778864
"17051",0.0934645116,0.0001406074,17.810273716,6254,0.1108563365,0.0488613752,12553.33,6.5,0.2099303666,4.6992061626,4.9319510082,0.209513846,0.1448625403,0.1622173151,0.3590030962,0.2524010007,0.5292682927,0.000793799,0.0004669406,0.389,0.267,24.9937515621095,23.4316420894776
"17053",0.0713317847,0.0007715454,16.97399892,4066,0.0845504489,0.0386631717,11471.82,7.7,0.1816259943,4.3481774279,4.6472712328,0.2162283,0.1291967847,0.149811363,0.3545004741,0.2214044199,0.6500248562,0.0049758745,0.0009047045,0.37,0.247,127.635676724358,112.319395517435
"17055",0.0799307267,0.0003639294,15.077075047,6529,0.0976034459,0.0340514246,12510.7,7,0.2009121633,4.6348748916,4.8769734082,0.2026162462,0.1422333003,0.1621389818,0.3616879143,0.2466501895,0.5986956851,0.0065631379,0.0006718173,0.378,0.271,60.7480690792328,25.1670571899679
"17057",0.0788013768,0.0003494467,15.433896331,4958,0.0944964227,0.0366401159,10547.15,8,0.190829259,4.3943865463,4.7116468553,0.2149505425,0.1325892368,0.150910599,0.3609527359,0.2310101516,0.5698292374,0.0005452876,0.0005452876,0.375,0.255,135.116744755721,13.6088807667632
"17059",0.070523416,0.0002071251,14.498757249,4379,0.082064612,0.0393541877,11536.53,4.8,0.206249263,4.8229935534,5.0232120638,0.2053690478,0.1463388465,0.16537311,0.362045992,0.2500061705,0.3653605296,0,0.0003954132,0.385,0.283,40.874718986307,40.874718986307
"17061",0.070451843,0.0001542139,14.650319994,4379,0.0841564064,0.034797891,11552.44,8.5,0.1845732539,4.3849369609,4.7430662946,0.2174908747,0.13186967,0.153790786,0.3535656801,0.2342267506,0.5565317586,0,0.000766636,0.367,0.253,30.9957380860132,25.8297817383443
"17063",0.0547181499,0.0003133937,9.7935519254,4767,0.0648846316,0.0313998801,12489.17,8.7,0.1463485476,3.5809083528,4.0445974617,0.2207322138,0.1070641877,0.1299170149,0.3302890671,0.1801087695,0.8750973773,0.0012359727,0.0008239818,0.349,0.222,50.3205484286265,20.2589220946418
"17065",0.0668474793,0.0003696402,28.339083292,5828,0.0796030871,0.0355385457,13325.83,8.3,0.1652381654,4.11291187,4.5058062541,0.2346867656,0.1218116262,0.1448839964,0.3372024492,0.2126435427,0.1168262977,0.000245008,0.0011025358,0.362,0.252,53.3596026761893,41.0458482124533
"17067",0.068603352,0.0002258866,19.765077931,4662,0.0803507699,0.038107753,10439.31,7.2,0.1651918705,4.1182866914,4.5276955597,0.2165694008,0.1221121013,0.1440114756,0.353745331,0.2112971433,0.5835427136,0.0015131137,0.0006164537,0.351,0.24,69.8455846264205,45.3052440820025
"17069",0.0808770669,0.0010468464,10.468463753,6984,0.0937646507,0.0390738061,14267.98,7.5,0.2070352187,4.7826618183,4.9697912559,0.2116245053,0.1443752369,0.1638158162,0.3603551857,0.2489154271,0.7789351852,0.0002557545,0.0007672634,0.369,0.267,103.995146893145,95.3288846520496
"17071",0.0779983793,0,7.5233222991,4135,0.0882902107,0.0474683544,10566.49,8.9,0.1667956475,4.0972724962,4.6391299264,0.2205935885,0.1202071582,0.1456470256,0.3436670559,0.2133126371,0.4408675488,0.000298107,0.0001490535,0.354,0.233,65.359477124183,30.1659125188537
"17073",0.0682532202,0.0002248891,14.311123832,3883,0.0822798526,0.0327335202,10159.68,8,0.1638862463,4.0630381601,4.4076975733,0.231401047,0.1178861151,0.140064288,0.3405064083,0.2033339648,0.7720556194,0.0004685272,0.000407415,0.345,0.232,62.1525263977488,13.6598959115932
"17075",0.087300067,0.0004056945,15.121339529,3921,0.103391613,0.0456682337,11425.53,7.6,0.18277072,4.2769740781,4.6046195481,0.2128616516,0.1283876806,0.1493404052,0.351448152,0.2200454425,0.4205532001,0.0026445443,0.0007969859,0.359,0.268,69.9996315808864,13.5087008313991
"17077",0.0831362479,0.0014096916,15.682819383,4699,0.0958502612,0.0409060499,11611.54,6.4,0.1917403147,4.3927465936,4.679952163,0.1918380274,0.1335837197,0.1486343606,0.370164149,0.2154298372,0.7754824139,0.0025078807,0.0019157422,0.388,0.269,42.7290393575426,11.1212568190864
"17079",0.0691454664,0.0001040583,14.568158169,4840,0.0822992701,0.0381117367,10922.49,7.9,0.1681761996,4.1157325219,4.523328216,0.2243716134,0.1228011286,0.1466252173,0.3506154579,0.2153464251,0.3563621365,0.003745708,0.0006242847,0.35,0.238,62.7483790002092,48.8042947779405
"17081",0.0729545535,0.0006368751,18.575522768,4272,0.0872712848,0.0384750733,11860.72,7.3,0.1915407422,4.518312931,4.7166226534,0.2036054008,0.1353335028,0.152375779,0.356814725,0.2264763238,0.5762484869,0.0022210471,0.0009783184,0.37,0.263,42.5762158614144,16.8530854451432
"17083",0.0586882152,0.000413356,11.022826436,4939,0.0688120779,0.0311207835,12699.19,8.6,0.1562431657,3.902355456,4.3957991473,0.2296740412,0.1157283556,0.140687236,0.3409135826,0.2029135995,0.7430498151,0.0006865931,0.0005035016,0.338,0.219,68.9803176160402,16.8618554172543
"17085",0.0804628275,0.0004709206,11.302095597,4618,0.0927473713,0.047318612,9645.49,8.6,0.1550215674,3.7731409744,4.2733302533,0.2261816536,0.1135363575,0.1368393721,0.3331444695,0.1944809673,0.7337507717,0.0007956567,0.00028082,0.37,0.222,64.2230576441103,17.2305764411028
"17087",0.0730869462,8.05348e-05,12.080212612,4804,0.0850892714,0.0420560748,10986.91,8.5,0.1913407972,4.4326137232,4.6284630129,0.215016059,0.1315120575,0.1491931658,0.3577032114,0.2286583972,0.6905897314,0.0066634554,0.0005619782,0.371,0.258,56.4046090623405,34.9171389433537
"17089",0.1019209714,0.000407586,7.13745039,3988,0.1266931973,0.0441915908,11844.04,9.2,0.1634149185,3.7049382423,4.011689206,0.2018710605,0.1100339253,0.1230096866,0.3211240894,0.1591913586,0.9643894742,0.0025083487,0.0007131947,0.35,0.239,40.6852905148817,9.13854217718882
"17091",0.0735484021,0.0003914001,10.012561213,4648,0.0905421551,0.032183093,13020.32,8.1,0.191845451,4.3101739396,4.625358458,0.1981121571,0.1268849983,0.145593363,0.3661846894,0.2072252814,0.7995222523,0.0014360503,0.0008816258,0.406,0.259,43.5338528981978,11.8728689722358
"17093",0.0639947951,0.0003411117,5.1942011009,3910,0.0770533232,0.0373030279,11656.96,9.4,0.1355226727,3.3400511896,3.7959376355,0.2311196145,0.0971219636,0.1171691493,0.3276424979,0.1527848132,0.9385633106,0.000961576,0.0003205253,0.354,0.207,35.3509158983648,10.8375070637323
"17095",0.072839262,0.0005030282,13.883579146,3988,0.0882501261,0.0329051383,10754.29,7.3,0.1967862467,4.4087606264,4.688817257,0.2152915397,0.1351072248,0.1533313119,0.3721920132,0.2328659274,0.7662465277,0.0017560664,0.0008979885,0.379,0.271,59.7861134995701,15.4503439380911
"17097",0.0817347732,0.0011356213,8.1546512379,3732,0.0985516548,0.0416248002,11305.46,8.9,0.1444063076,3.3113466064,3.8046051989,0.2111301374,0.0989637441,0.1161618533,0.3229310174,0.1483954541,0.9881784659,0.0028252135,0.0006906077,0.309,0.221,48.398821593909,9.70845927229598
"17099",0.0651174249,0.0003864948,12.699113823,3836,0.0775250751,0.0330198537,11290.18,7.8,0.1772649281,4.0783317527,4.3942722131,0.2075778639,0.1253548731,0.1435225734,0.3590283477,0.2179967253,0.8153769179,0.0009229645,0.0005848488,0.358,0.247,57.1130285258083,16.8882611232229
"17101",0.0743051617,0.0002551346,14.670238551,5298,0.0896085317,0.0353018806,12072.14,7.4,0.2021037325,4.5510286762,4.6460059931,0.2134641615,0.1374668819,0.1515072758,0.368472932,0.2385940096,0.4100873285,0.0023469711,0.0003171583,0.385,0.273,46.89831592411,63.9522489874227
"17103",0.0624542571,0.0006745659,13.198029094,3967,0.0740433073,0.0320559522,10954.35,8.1,0.1698000726,3.9447960527,4.3360535359,0.2203976781,0.1194742914,0.139638079,0.3493570755,0.2104947445,0.6596819406,0.0044414575,0.0006428425,0.366,0.248,68.6503344252006,19.614381264343
"17105",0.0651882721,0.000420781,16.550718133,3882,0.077904634,0.0342483002,11117.47,7.8,0.1814385974,4.2509526305,4.5742879571,0.2148388714,0.127344247,0.1477986986,0.3562906186,0.2182278523,0.6998716303,0.0012583541,0.0008948296,0.364,0.256,60.8483191821986,16.8503037735319
"17107",0.0554701118,0.0003144874,14.676077993,4392,0.0649819495,0.031892275,11566.62,8.1,0.1672951059,4.0172650676,4.4724706915,0.2142184116,0.1193342017,0.1406330505,0.3532978748,0.2034336223,0.7393499423,0.0007605877,0.0005531547,0.364,0.244,68.6637339105742,6.98275260107534
"17109",0.073566789,0.0004716663,13.813085372,4309,0.085663259,0.0364632534,10788.49,7.3,0.1712930466,4.1824866617,4.4593395181,0.2110678458,0.1245031406,0.1442790268,0.3567749425,0.2028100805,0.7245492457,0.0020363879,0.0007678184,0.357,0.246,43.8537309404939,13.4934556739981
"17111",0.0711253265,0.0004841215,7.2455762995,4214,0.0842599769,0.0383658923,12392.01,8.9,0.1400288608,3.5056900062,3.8787146682,0.2384241667,0.1015722544,0.1196790821,0.3356933133,0.1598918332,0.9167152481,0.0019314904,0.0005023171,0.348,0.208,36.1080509025928,10.8432585293072
"17113",0.0575090016,0.0005597113,11.893864748,3899,0.0648589048,0.0384615385,9715.91,8.1,0.1427600724,3.7573849487,3.9760942803,0.2140433644,0.1073960241,0.1264572343,0.3331050092,0.1720209157,0.8386526077,0.0025690282,0.0007869095,0.361,0.223,31.6135926811624,12.4126989668368
"17115",0.0599016652,0.0008845388,15.575575191,5554,0.072254989,0.0296252281,11179.71,7.5,0.1821850131,4.3023907594,4.6038200464,0.2123429011,0.1285516094,0.1484991128,0.3616912086,0.2118303979,0.8502906977,0.0014707006,0.0013752006,0.37,0.257,55.4956758282649,13.1521543870454
"17117",0.0668066154,0.0002448471,15.581177937,4235,0.0787619818,0.0348360656,11362.77,8.2,0.1695535347,4.2473042172,4.5926965153,0.2148810521,0.1251138534,0.1466422387,0.3332105352,0.2140352408,0.6129802156,0.0005296493,0.0005075806,0.379,0.255,66.020800261116,17.0615551236592
"17119",0.0643116195,0.0004601355,13.499844086,5046,0.0781060606,0.0271007762,11683.94,7.5,0.1626361426,3.9773411054,4.5426251505,0.2304208235,0.1205756214,0.1418052051,0.3550383338,0.2055201934,0.8133777973,0.0015730108,0.0007751616,0.395,0.23,38.8577099012483,15.6949707744455
"17121",0.0702095706,0.0002956592,21.233705147,6096,0.0861739712,0.0315464625,13663.19,7.1,0.1960116555,4.5608143215,4.822728792,0.2064386041,0.1372159051,0.1589213068,0.3672342005,0.2346229414,0.647285544,0.0029239766,0.0009037746,0.36,0.264,44.6947349602217,24.1351568785197
"17123",0.0662190322,8.74279e-05,19.234131841,4449,0.0744697565,0.0444630872,10458.4,8.5,0.1668338767,4.1183874771,4.5393849984,0.2222116584,0.1215995158,0.1447103423,0.3526742947,0.2130445994,0.5839398734,0,0.0001734004,0.35,0.24,116.682710539366,96.2632361949768
"17125",0.0687097404,0.0002245677,14.971180478,3780,0.0811528755,0.0357769204,11065.32,7,0.1864487984,4.4063490208,4.7258993808,0.2156556914,0.1335060709,0.1548364971,0.3558984669,0.2322434104,0.5467066685,0.0002948765,0.000589753,0.374,0.259,72.3246128139262,14.9637129959847
"17127",0.0713285408,0.0001452222,15.248329945,5184,0.0852396166,0.0354563362,11421.79,7.7,0.1982780326,4.6022685929,4.9278923656,0.2035398867,0.1390968862,0.1602468511,0.3635762051,0.2376057791,0.7716637501,0.0030539773,0.0004971591,0.383,0.267,55.4377169301967,72.3100655611261
"17129",0.0579934075,0.0003279764,10.659232535,3675,0.0674820751,0.0335889011,10074.19,8.8,0.1496773376,3.8250350231,4.3733187895,0.2242977521,0.1121165072,0.1369870129,0.3394560024,0.195305487,0.4210940575,0.000406901,8.13802e-05,0.357,0.218,73.8673670387393,43.7732545414752
"17131",0.0637782787,6.47794e-05,16.842650774,3201,0.0746013667,0.0357988166,9992.01,8.1,0.1611633577,3.9819232578,4.4563006805,0.2278125652,0.1184661335,0.1426183441,0.3420074682,0.2079969682,0.5444201047,0.0001281969,0.0003204923,0.366,0.248,84.3006290123857,32.4233188509176
"17133",0.0384439359,0.0003753212,15.012847533,4063,0.044856661,0.0226990821,12011.04,9.2,0.1283906667,3.3466873217,4.0430210987,0.2366488966,0.0976608875,0.1231533053,0.3220530053,0.1695217585,0.7801377553,0.001310616,0.0005533712,0.346,0.189,100.27865896578,10.6063966213806
"17135",0.0700371966,0.000422327,14.429506581,4269,0.0837146703,0.0349075975,11616.13,7.7,0.1871635187,4.3507011917,4.6299041389,0.2103447527,0.1322910797,0.1508616167,0.3557095136,0.2291773232,0.4485118257,0.0007342401,0.0008740953,0.38,0.257,71.7140841758759,21.1615330355043
"17137",0.0607187113,0.0004456593,12.775565987,3824,0.072216372,0.0289052891,10928,7.2,0.1785847859,4.3158993432,4.5726327803,0.2170100131,0.1275985169,0.1464556315,0.3545409107,0.2177227694,0.626888345,0.0010301389,0.0006475159,0.356,0.273,52.4575885345527,15.8362531425065
"17139",0.0858254105,0.0003448038,14.481759879,5840,0.1041745017,0.0469745223,12728.51,9.1,0.1735989886,4.221881114,4.6096252724,0.2265712627,0.1252643491,0.1489507932,0.3489420563,0.2193177424,0.6897480803,0.0012230754,0.0002038459,0.364,0.246,149.202341329049,137.725238149891
"17141",0.0719838614,0.0006318741,14.019706573,3846,0.0831220633,0.0441502989,10452.67,8.5,0.168584627,4.0864708659,4.3757695609,0.2246444128,0.1203742629,0.1406147809,0.3560117614,0.2044633303,0.6196422229,0.0013942619,0.0003141999,0.372,0.242,48.7252423093131,10.535187526338
"17143",0.072629778,0.0013115376,13.394426802,3873,0.0875875338,0.0367268784,10244.25,7.3,0.1714864139,4.068853317,4.3170908876,0.1882324935,0.1204547589,0.1396975556,0.3509056766,0.1894505943,0.8209808358,0.0023751391,0.0020263425,0.358,0.244,71.6343040866905,13.9547345623423
"17145",0.0693975904,0.0004781029,25.33945305,4200,0.0822383968,0.0361969112,13731.25,7.4,0.2010750987,4.5470855868,4.7429553342,0.2125577248,0.1362516828,0.1519425049,0.3711528995,0.240849245,0.7938255034,0.0018418816,0.0006611882,0.401,0.289,68.5215285081429,22.3093348631163
"17147",0.0567982289,0.0005506608,14.072442487,2861,0.0657148856,0.0348745046,12133.12,9.2,0.1363712112,3.5373799676,4.163168229,0.2329247412,0.1040398274,0.129757429,0.3254895316,0.1819488689,0.6012313946,0.0006099049,0.0005489144,0.333,0.204,101.843364904776,61.1060189428659
"17149",0.0771498358,0.000578369,8.3542188805,4572,0.0928115394,0.0397664071,12271.93,7.5,0.1931747719,4.4768042478,4.781331181,0.2073154533,0.1359882589,0.1569062275,0.3510380278,0.2365890107,0.579245283,0.0008327461,0.0008968035,0.393,0.267,140.053004675616,146.516989506798
"17151",0.0840738209,0,19.152501796,4077,0.092956593,0.0417422868,9924.23,6.9,0.1777386603,4.2661985731,4.665858181,0.2219234815,0.1271546924,0.1496116398,0.3555868838,0.2245744965,0.977852349,0.0002374169,0.0002374169,0.387,0.28,7.98020908147793,7.98020908147793
"17153",0.084486166,0,20.618556701,2624,0.1011844332,0.0415944541,10230.37,6.4,0.2393430808,5.0298407526,5.0178020843,0.1831000867,0.1559080389,0.1682855776,0.395410511,0.2531565788,0.6648271385,0.0003660992,0,0.429,0.308,43.7527345459091,43.7527345459091
"17155",0.0627843494,0.0001742464,0,2216,0.0706638116,0.0425,10256.13,9,0.1567858452,3.8957181793,4.3359478484,0.2319084487,0.1149855416,0.1383989435,0.3410869236,0.2028485886,0.4985014985,0,0.000174216,0.347,0.233,46.5251526606572,46.5251526606572
"17157",0.0656477304,0.0004719653,19.507897552,5355,0.0784077965,0.0331509495,12780.36,8.3,0.2018458506,4.5217106242,4.6180700251,0.2155474158,0.1359657219,0.150615533,0.3692585733,0.2394330441,0.6868801529,0.0009966984,0.0007786707,0.382,0.284,80.8492319322966,11.5498902760424
"17159",0.0765036352,0.0005801586,18.693998582,5505,0.0917779825,0.0393195761,11461.58,8,0.1798833889,4.3366924968,4.6545328389,0.2148479518,0.1298659985,0.1508777656,0.3489451892,0.2194466638,0.6628472864,0.004440779,0.0004440779,0.349,0.236,53.4382147361221,98.3263151144647
"17161",0.0808604664,0.0005074747,12.334454007,4108,0.0970544956,0.0409082438,10302.93,8.1,0.1795942044,4.0749914378,4.3692959043,0.214336807,0.12250955,0.1406995854,0.3552656052,0.2062098067,0.9069307199,0.0019375928,0.0008921291,0.359,0.269,85.6278870087247,17.1255774017449
"17163",0.0717149408,0.0006276811,10.897776546,5430,0.0867508602,0.0336757899,11423.8,7.5,0.1904681558,4.2576228585,4.3155513838,0.1917375472,0.1262054086,0.1397654262,0.383065238,0.1933393398,0.858073881,0.0012027932,0.0009155019,0.392,0.247,50.8480452393518,10.400736526231
"17165",0.0753696756,0.0006385424,19.581967562,5940,0.0898332837,0.0349478847,12222,7,0.2067475282,4.7539966963,4.9588481957,0.1981520359,0.1457736649,0.1642702809,0.3612013128,0.2447108942,0.6594950427,0.0017568811,0.0012549151,0.369,0.272,102.013346746199,18.4190764958415
"17167",0.0649045221,0.0011917482,18.954960138,5024,0.0781376978,0.0306023499,10744.67,8.1,0.1602771498,3.8864895511,4.3493018365,0.2196547073,0.1164818432,0.1376253665,0.3516733733,0.1959642741,0.8339807054,0.0022933432,0.0018479841,0.351,0.23,61.8254433106925,14.0434524971656
"17169",0.073151751,0.0001477541,14.775413712,3057,0.0848361697,0.0367762128,10829.3,7.5,0.1844896406,4.3431759133,4.6016204302,0.2145912065,0.1306257621,0.1493848441,0.351659428,0.2259705603,0.3529957582,0.0007239033,0.0005791226,0.362,0.253,83.2802625777691,63.6849066771175
"17171",0.0569556452,0,14.138557867,4424,0.065151001,0.0339761249,12130.33,6.7,0.1728402149,4.2116796212,4.6118067839,0.220856214,0.1254052389,0.1488640624,0.3539412808,0.2210384321,0.4857142857,0,0.0002030045,0.351,0.24,67.444526876644,67.444526876644
"17173",0.0607564297,0.0003235648,16.178237959,4291,0.0709131625,0.0348861944,11656.35,8.3,0.1726387068,4.2088329387,4.6012061338,0.2146010446,0.1251872758,0.1484969914,0.3494922052,0.2233143698,0.511246255,0.0002759763,0.0003219723,0.357,0.243,64.9410891548381,9.27729845069116
"17175",0.071585634,0.0001871958,20.59153875,2934,0.0836693548,0.042158516,10167.61,6.5,0.1838899472,4.4274346266,4.7583868999,0.2118883061,0.1322277366,0.1540458361,0.3544114126,0.2293828244,0.5680680681,0,0.0003685277,0.359,0.254,124.75828083089,137.234108913979
"17177",0.0657292348,0.0004269855,15.281585689,3492,0.07932486,0.0309619965,9819.83,8.5,0.1738932902,4.0756221311,4.5041532276,0.2096219165,0.1252338653,0.146694374,0.3554211112,0.2114342824,0.6567458238,0.0020333832,0.0005809666,0.366,0.252,98.4355510136608,12.7740791391774
"17179",0.055056995,0.0004779861,13.960228523,3506,0.0660478685,0.0284935419,10610.59,8.1,0.1482193834,3.7945677321,4.3510579455,0.2151381032,0.1110116628,0.1355549919,0.3333858129,0.1948312982,0.8420535622,0.0018136751,0.0004383048,0.333,0.228,71.9154841127554,13.1676238516313
"17181",0.0836496011,0.0007205909,13.811325287,4379,0.0993468184,0.0418862691,11951.33,7.8,0.1903837585,4.4581814314,4.7365870482,0.2126157458,0.1338145602,0.1532610651,0.35145195,0.2256009749,0.5430705301,0.0013657146,0.0013657146,0.368,0.259,78.0124819971195,32.0051208193311
"17183",0.0660559638,0.0003827979,13.991921645,6742,0.0823955377,0.0287426479,11524.9,7.4,0.210748884,4.7643225928,4.9209703088,0.1966775872,0.1426018833,0.1585644829,0.3639316311,0.2411243729,0.7514119449,0.0029424785,0.0012629222,0.382,0.281,72.1135876949595,18.9078309200199
"17185",0.0673183737,0.0004340278,19.965277778,4318,0.0789797173,0.0381097561,9940.56,8.3,0.1692402488,4.1587363205,4.5318499409,0.2199481278,0.1231237316,0.145492166,0.3464296384,0.2108948984,0.7150749142,0.0028573903,0.0007792883,0.379,0.251,49.6219971394378,84.6492892378645
"17187",0.0847674698,0.0004155782,12.467347423,3651,0.1011725293,0.045235546,10629.78,8.5,0.180267907,4.1870956109,4.4300204683,0.2061831409,0.1245303702,0.1431125097,0.3500135826,0.2081054078,0.6526232563,0.000176139,0.0003522781,0.36,0.251,55.3666060270505,65.2534999604524
"17189",0.055952381,0.0001440196,23.7632318,2215,0.0640914172,0.0347912525,11382.32,8.9,0.1518471614,3.8098794076,4.3348942098,0.2269652851,0.1121070648,0.1377247522,0.3415121673,0.1978302388,0.5417912476,0.0010003573,0.000785995,0.341,0.222,88.8440666570619,12.005954953657
"17191",0.0842660697,0.000431699,25.901942646,2073,0.1019428316,0.0408821947,11198.91,7.6,0.1806650009,4.3253171156,4.6852250225,0.21285848,0.1300803931,0.1527219058,0.3467756833,0.2267338673,0.4167661098,0.0010409013,0.0006735244,0.355,0.257,100.8687059986,22.6439952241756
"17193",0.0715240642,0.0002954864,27.332496122,5532,0.0853932584,0.037085658,11583.63,8.2,0.1805749783,4.376239401,4.7596853011,0.2149385035,0.1308515862,0.1530497925,0.353647251,0.2288544205,0.3594272076,0.0010976948,0.0005122576,0.364,0.268,108.465217176946,29.5814228664399
"17195",0.0676987115,0.0005618487,15.043044857,3568,0.0809963815,0.0343357993,10670.41,8.2,0.1741277522,4.1157293617,4.2548691429,0.2171421634,0.1210367851,0.1396142799,0.3398529294,0.206168167,0.7188621833,0.001312336,0.0011685183,0.375,0.238,82.1965827979475,15.1096659555051
"17197",0.068805236,0.000541446,6.7608357957,5265,0.0850901072,0.0300224957,12408.43,9.1,0.1458770167,3.4243747056,3.7472138544,0.2202417333,0.1017946493,0.1187183628,0.3652322816,0.1579802869,0.9698919653,0.0011309962,0.0005849981,0.358,0.245,43.8753361241715,10.1844839628165
"17199",0.067446874,0.0008859258,18.769614247,6108,0.0811997461,0.0318424071,11706.77,7.1,0.1738931113,4.1100180037,4.655517222,0.2200250621,0.1242057646,0.1465289674,0.3499317524,0.2139232457,0.7649833476,0.0020579814,0.0017149845,0.339,0.237,86.9704300537817,18.4937121378731
"17201",0.0811436046,0.0007502513,9.9797573716,4406,0.1001587011,0.0345001783,10827.3,7.8,0.1948045542,4.3301886532,4.5075223946,0.1857761667,0.1276952233,0.1442003093,0.3467541325,0.2092401377,0.9084283324,0.0019079065,0.0011053186,0.417,0.273,54.1306778245836,14.5056064758688
"17203",0.0566349865,0.0004940326,15.080995346,3340,0.0644239631,0.0393194315,10224.86,8.9,0.1342908343,3.4875404552,4.1153797507,0.2423885465,0.1029299082,0.1286450626,0.3214448003,0.177846043,0.7487843989,0.0002859891,0.0005199802,0.341,0.205,53.0374827193448,10.4336031579039
"18001",0.1430161568,0.0003913129,15.652514185,3681,0.1549250707,0.1218546542,10923.48,7.9,0.2098010415,4.6139799703,5.0113584818,0.1735647947,0.1453870532,0.1683630263,0.3637651615,0.2608391035,0.5999941838,0.0003928612,0.0004489842,0.417,0.288,45.6867937194644,39.1601089023981
"18003",0.1056045749,0.0007223852,11.363067132,4003,0.1240971355,0.0637034644,10691.74,7.4,0.1892667958,4.1065664499,4.819464802,0.1563358291,0.1248461677,0.1485778419,0.3593795756,0.2247581439,0.7819119745,0.0018302869,0.0016464589,0.362,0.254,60.1669368607813,12.050980043753
"18005",0.0983604195,0.0007281061,10.026378926,4046,0.1068582783,0.0784897919,10311.47,7.4,0.1742050799,3.9452054079,4.4797824179,0.1630187387,0.117763174,0.1388690599,0.3543012142,0.2070280327,0.6425111337,0.0014984351,0.0007129651,0.337,0.256,29.882978257145,15.1407089836201
"18007",0.114945767,0.0002286237,8.0018289895,4167,0.1296818365,0.0822530174,11366.13,8.1,0.2089666253,4.5479715189,5.0193268888,0.1804519467,0.1420787445,0.1650692835,0.3837693476,0.2546891243,0.5789473684,0.0002311337,0.0002311337,0.395,0.289,22.9515721826945,22.9515721826945
"18009",0.0986900533,0.0006803878,17.860180303,3079,0.1122464542,0.0642414861,11304.05,7.3,0.1990160503,4.5124685644,5.1280353845,0.1775679083,0.1397043562,0.1656437459,0.376652137,0.2600700003,0.5794297352,0.0002514669,0.0004191115,0.427,0.29,36.650690724556,45.1085424302227
"18011",0.0711932339,0.0021520275,11.202334802,3660,0.0788468556,0.0552394245,10640.06,8.9,0.1304961876,3.2234350825,3.9750146099,0.2086962487,0.0956297371,0.1218929437,0.3324573693,0.1654773752,0.7705508475,0.0010149405,0.0009850893,0.348,0.196,47.5050076154935,16.1614974361988
"18013",0.1049393723,0.0003975616,9.9390405513,2617,0.1101352132,0.08900331,9189.11,8.6,0.1650161239,3.9716017799,4.6007134334,0.1921753622,0.1199430679,0.1466458054,0.3567540613,0.216070595,0.6306915103,0.0005907838,0.0003938558,0.365,0.228,24.2088120075708,28.6104141907654
"18015",0.1066798983,0.000148097,12.835069359,2906,0.1134600631,0.0896880416,9577.4,8.6,0.1844370525,4.1311540361,4.7372452857,0.1846696483,0.1267229156,0.1535117821,0.3529553216,0.2295581514,0.5231456214,0.000695583,0.0008446366,0.391,0.256,49.4951494753514,16.4983831584505
"18017",0.1413039864,0.0003979941,13.797129136,3869,0.1606848563,0.0922051046,11546.54,8,0.2188770577,4.5231489263,4.8472708405,0.167803464,0.1435391748,0.1602130647,0.3722338981,0.2429914362,0.73369091,0.0023448821,0.0008167567,0.403,0.299,70.7764172977564,12.3858730271074
"18019",0.0889210009,0.0004057412,9.1291778668,5562,0.1011954061,0.0569288666,12762.16,8.2,0.1903802832,4.152001683,4.7832770393,0.1819514323,0.1278718954,0.1516030831,0.3769693413,0.2254885152,0.8910479716,0.0021728016,0.0008861622,0.386,0.272,68.1828427173962,15.7778479015462
"18021",0.0877970577,0.0004194471,15.252621544,4547,0.098796748,0.060665362,10877.96,7.7,0.1900043413,4.2756086346,5.0168210735,0.178903166,0.1326332495,0.1602230886,0.3710418776,0.2448604436,0.7116400149,0.0004585403,0.0004585403,0.391,0.268,55.9504584122786,7.62960796531071
"18023",0.1184642682,0.0001543258,12.654711565,2909,0.1360328317,0.0817080208,10856.77,8.4,0.2089207311,4.3358455916,4.8402405241,0.1685600106,0.1336939166,0.1560646624,0.3733761979,0.232489899,0.6337587286,0.0004031008,0.0002790698,0.432,0.301,115.636776624852,22.7143668370244
"18025",0.124505692,0,2.8363430084,4274,0.1385394543,0.0877568493,11222.42,7.2,0.227568742,4.8923432686,5.3658790755,0.1694646133,0.1534033109,0.1769237772,0.3887600418,0.2841154671,0.7508634369,0.0003788596,0.0003788596,0.411,0.302,31.4821810855056,50.371489736809
"18027",0.1884449244,0.0004497616,15.59173638,3884,0.205019305,0.1572532699,11803.36,8.2,0.2238119036,4.7075789422,5.451381024,0.1721629776,0.1506979846,0.1744173489,0.3800786961,0.2688523607,0.5493870071,0.0007843847,0.000844722,0.412,0.29,83.9974800755977,63.9980800575983
"18029",0.082843918,0.000465041,11.120546727,4025,0.0923405844,0.0588235294,11257.66,7.9,0.1746052817,4.0677639614,4.8322955384,0.1857473352,0.1228927563,0.1516219982,0.3440185862,0.2277568755,0.6869342818,0.001250807,0.000262266,0.359,0.237,50.3862949277796,18.1390661740007
"18031",0.0890297685,0.0005647803,12.80168681,4753,0.0975594091,0.0692083908,10089.67,8,0.1810460597,4.0468916299,4.7359322686,0.1788511773,0.1254946046,0.152102193,0.3670621779,0.2306572977,0.6614219114,0.0003358961,0.000709114,0.384,0.255,37.5295545241878,6.2549257540313
"18033",0.0920395248,0.0004830362,13.801035078,3630,0.1014155517,0.0696725114,10774.51,7.7,0.1826056267,4.2399217601,4.7267715042,0.1739137085,0.127563456,0.1543982473,0.3610221517,0.2300127191,0.5915022618,0.0006246241,0.0004626845,0.378,0.246,86.6757177593176,10.7385845011544
"18035",0.1033387065,0.0010951943,14.193717966,5097,0.1173924153,0.0575674506,11700.92,6.5,0.2131276807,4.70457046,5.3070689653,0.1602887739,0.1426024539,0.1645703962,0.3827971524,0.2497632945,0.7704362162,0.0028055623,0.0009322831,0.401,0.292,42.6450442661401,18.1095393458951
"18037",0.0868168125,0.0008189817,13.337701235,2360,0.096009772,0.0676886139,10153.23,8.5,0.173998306,3.9251443871,4.6719500522,0.1797824518,0.1221200507,0.1473512162,0.3609980344,0.2146508597,0.7816133114,0.0011511805,0.0007517914,0.383,0.24,45.3681468676423,17.208607432554
"18039",0.150941642,0.0005137127,12.552037646,3382,0.1652356845,0.1224926636,9858.86,7.8,0.2070139884,4.2132753926,4.5612237757,0.1765341702,0.1358392748,0.1556560639,0.3780570433,0.2275093298,0.7320294191,0.0013669975,0.0006713368,0.373,0.277,36.8895029948452,11.4875206694474
"18041",0.0982834994,0.0005627218,14.284477534,4273,0.1112368024,0.0641176471,11676.75,6.8,0.2231980959,4.8270316931,5.3785232404,0.1688578633,0.1521496654,0.1752572071,0.3916725821,0.2834731321,0.696214524,0.0007376231,0.0006074543,0.391,0.299,34.7619530423951,7.24207355049898
"18043",0.0802365773,0.0006367642,10.188227503,4654,0.0896231372,0.0568064674,12735.94,8.1,0.1682151682,4.1008225463,4.5712480124,0.1896792835,0.1200488301,0.1454544634,0.3715872556,0.2150995255,0.8202553032,0.0014399403,0.0011956648,0.359,0.229,97.3478037230221,16.5788836034841
"18045",0.0950576224,0.0001835311,14.070720666,4819,0.1074598478,0.0629791895,11791.1,8,0.1910239245,4.2746570074,4.8610689352,0.1825742831,0.1328885245,0.1588947614,0.3686393417,0.2518423205,0.5221577726,0.0006727417,0.00036695,0.378,0.265,42.6759876442855,12.1931393269387
"18047",0.0932971506,0.0007030495,7.4699006943,3493,0.1013059561,0.0749954271,9560.74,8.5,0.1809789622,4.1872516893,4.8840173236,0.1912930572,0.129119797,0.1545802373,0.373366101,0.2377378594,0.5296054056,0.0003078818,0.0003518649,0.351,0.246,45.417918101238,19.046223719874
"18049",0.1264949693,0.0004505858,17.022128767,2946,0.1420560748,0.0893714763,10485.07,7.9,0.1943118313,4.3399124859,5.0176203056,0.1927498718,0.1338073801,0.1597207666,0.3661485012,0.2481844557,0.4520541371,0.000895879,0.0003483974,0.406,0.273,36.6154050995273,16.6433659543306
"18051",0.0771549348,0.0003565168,13.963575864,4568,0.0871317829,0.0541656546,11437.55,8.5,0.1785036467,4.0185119449,4.9375393003,0.175708385,0.126115489,0.153308601,0.3752362873,0.2345281651,0.6951019312,0.0002391486,0.0007473395,0.382,0.257,53.4992470476341,18.8238091463898
"18053",0.0981091392,0.0004257325,16.269062932,5296,0.1142426483,0.0560673098,10911.74,7,0.2134996194,4.7191479202,4.8863371763,0.154133438,0.1435131924,0.165437278,0.3785081309,0.2560786332,0.6449665292,0.0023507644,0.0009706382,0.392,0.286,73.1224292895953,15.2338394353324
"18055",0.1045348515,0.0003132636,13.783597519,5706,0.1187900318,0.0673888576,10674.78,7.5,0.1994104317,4.4465371252,5.1657670465,0.1746104758,0.13876678,0.1657508511,0.373984304,0.2540890105,0.5249811548,0.000656127,0.0004061738,0.384,0.273,32.2476620445018,18.7244489290655
"18057",0.0599108204,0.0014171136,9.8221655508,2876,0.0669214117,0.046510657,10735.28,8.9,0.1195531473,2.9937226856,3.8882104444,0.2079774122,0.0886866457,0.1175243675,0.3309297162,0.1393273292,0.913158441,0.001451137,0.0007513194,0.287,0.165,46.4273190198897,11.0635313409099
"18059",0.0724418124,0.0008315423,9.4667894791,3314,0.081161263,0.0523675133,10796.12,8.2,0.1489018804,3.420878128,4.1802264627,0.1809380232,0.107454598,0.1351432128,0.3396704054,0.1900774711,0.4688866032,0.0006810651,0.0004977014,0.358,0.224,49.1301821661711,14.5254451621723
"18061",0.0905143621,0.0004442799,7.1578427743,4589,0.0995138571,0.0680111564,13004.29,8.5,0.1818270816,4.1387819811,4.874328278,0.1939434715,0.125229478,0.1554575878,0.3999978117,0.2390496619,0.4108068286,0.0002478315,0.0003717472,0.388,0.257,39.4908965256238,15.6318132080594
"18063",0.0766733406,0.000499087,8.5138364521,3493,0.085712881,0.057257501,10549.44,8.6,0.1436691844,3.2327103257,4.2314755669,0.1627929989,0.1027399092,0.1297551838,0.3477432306,0.174981329,0.6972251251,0.0009759953,0.0007544504,0.343,0.211,51.9026736732012,15.6687316749287
"18065",0.089960112,0.0004377554,13.758025515,4167,0.1027857088,0.0564580826,11690.56,7.4,0.1963371536,4.4125011605,4.8800554903,0.1777183312,0.1367962512,0.1595433896,0.3835724378,0.2492457655,0.6326270672,0.0008286549,0.000890804,0.42,0.264,38.8144944412099,20.7934791649339
"18067",0.0985219407,0.0006057375,15.628028688,4138,0.1116333475,0.0656957251,11308.03,7,0.2020115636,4.3877092249,5.0301686841,0.1707389306,0.1347310687,0.161285729,0.3821156948,0.2515838692,0.6858807038,0.0018697035,0.0008134424,0.412,0.268,59.3598824108996,18.1713925747652
"18069",0.0962985875,0.0005750274,16.155531216,4123,0.1076289817,0.0664033572,10066.79,7.6,0.1815379876,4.0258383168,4.7152152332,0.1808856127,0.125939336,0.1535865784,0.3764308941,0.2358704244,0.7648421506,0.0008002208,0.0007726269,0.391,0.258,71.4580184141817,11.9096697356969
"18071",0.1117025655,0.0006104316,12.886889286,2396,0.1261832091,0.07852838,9603.43,7.3,0.2109749645,4.4907024785,4.9138389033,0.1713238038,0.1396369504,0.1626312606,0.3699325883,0.2572383784,0.7001132717,0.000816123,0.0011335041,0.376,0.277,96.5571346670288,17.3501101354817
"18073",0.10991937,0.0002681604,14.003933019,4373,0.1187434555,0.0889643891,11783.47,8.3,0.1783440838,4.0857536294,4.771033051,0.186738513,0.1251375488,0.1540117146,0.3648704718,0.2271902297,0.575123962,0.0004495055,0.0007192089,0.344,0.258,43.8369266329255,15.9407005937911
"18075",0.1117413846,0.0002935995,14.190643962,2618,0.127536739,0.0760076775,9336.39,7,0.2215404414,4.7726468645,5.3877495164,0.1682193537,0.1507865796,0.1759846712,0.3735756131,0.2755726712,0.3935444408,0.0009632055,0.0004816028,0.389,0.292,64.9182030641392,17.8525058426383
"18077",0.0907343015,0.0005880896,11.452271883,5181,0.1027831359,0.0579819277,11376.28,7.9,0.1942364155,4.2393765423,5.175099173,0.1873455859,0.1327877007,0.1624491217,0.3852688716,0.242843355,0.6606019489,0.000993542,0.0009624938,0.353,0.256,71.4093515202947,13.4539357936787
"18079",0.0977489978,0.0003966108,5.7688840815,3508,0.1106993134,0.0650381679,10235.65,7.4,0.2098807337,4.5359597963,5.1524677851,0.1825600644,0.1417789304,0.1687281004,0.3875334348,0.2656290626,0.437826468,0.0009054362,0.0006156966,0.417,0.277,51.8941359626362,27.7573285381543
"18081",0.0831474634,0.0008219161,8.977852523,4014,0.0947285436,0.0566738468,10399.65,8.3,0.1580113134,3.6648874163,4.3256083671,0.1979690967,0.1111287601,0.1371455316,0.3606854679,0.2124432427,0.8033210649,0.0008705393,0.0009473516,0.326,0.221,49.2632616068665,15.1579266482666
"18083",0.0939220632,0.0008198065,17.215937039,4945,0.1035818006,0.0686673449,12654.94,7.7,0.2064261505,4.4080921301,4.9729779569,0.1790648585,0.1384465718,0.163151983,0.3831215272,0.2562146452,0.6731789802,0.0016262366,0.0015449248,0.439,0.272,46.35900046359,16.36200016362
"18085",0.1252789141,0.0003775675,15.480265807,4713,0.1395075947,0.0919493047,10142.52,8.2,0.1903360584,4.1000990891,4.5923818668,0.1759698312,0.1266463729,0.1505919791,0.3603753349,0.2242494333,0.6538819514,0.0016510385,0.0004915306,0.369,0.256,50.4651201910946,13.4573653842919
"18087",0.278855736,0.000252436,7.3206442167,2850,0.2624186526,0.3011372138,10042.9,8.9,0.2310602531,4.7143464179,5.3636084025,0.1772799723,0.1498106163,0.178989701,0.3686651682,0.2921118841,0.2441822883,0.00043224,0.0004576659,0.366,0.283,29.3962020107002,8.39891486020006
"18089",0.0992588965,0.0005272991,9.4543072712,6203,0.1155881227,0.058426225,13641.01,7.5,0.2261231807,4.5625270341,4.9604569338,0.1697154358,0.1417620649,0.1545542951,0.4010311433,0.2142751375,0.9164101168,0.0017650301,0.0008257451,0.401,0.294,52.6265232187946,10.9095400153694
"18091",0.1028274543,0.0003822073,11.011211415,5477,0.1177275726,0.0645406226,11662.88,7.5,0.2153220123,4.3332844775,4.9698664509,0.1763546299,0.1396040452,0.1602124695,0.3897283886,0.2582166697,0.7533799241,0.0008817621,0.0007726781,0.393,0.276,53.1014267594778,21.544007428131
"18093",0.1004869536,0.0003526559,15.428697377,2023,0.1129588474,0.0674575249,10001.12,7.9,0.1977194324,4.3427070217,4.7800001801,0.1716656641,0.1352848052,0.1594913014,0.3746191876,0.2473995664,0.7869033684,0.0006569151,0.0007226066,0.383,0.267,72.5094115751388,11.7186927798204
"18095",0.1072930216,0.0004785095,12.811706504,4603,0.124727864,0.0608226423,11268.49,6.5,0.2141464566,4.4625904726,5.1051304366,0.1640858639,0.1405315738,0.1660638521,0.4028262165,0.2571504234,0.7054529156,0.0012881727,0.0008022153,0.414,0.3,53.7425653975021,21.0855998210295
"18097",0.1227086716,0.0008190076,11.362434713,4419,0.1433827895,0.0705775597,11153.26,7,0.2151183714,4.275812285,4.8766635469,0.1900639946,0.1353458935,0.1497637998,0.3850206004,0.2170952964,0.8886132613,0.0028596269,0.0015219919,0.38,0.29,43.286367566762,14.9370892083863
"18099",0.1466350003,0.0004972113,14.700159972,3402,0.1605183684,0.116017027,10135.25,8,0.1995765571,4.3549577939,4.7180506034,0.1733880439,0.135302073,0.1570295015,0.37645502,0.2401050428,0.5413912563,0.0010162602,0.0006919218,0.402,0.272,32.4642532500325,19.4785519500195
"18101",0.0938709275,0.0001950268,14.627011214,3431,0.1045266068,0.0686400686,10519.43,8,0.199538425,4.4101484914,4.992360864,0.1846080468,0.1369810969,0.1634102181,0.3675196901,0.254850706,0.7639829688,0.0001957522,0.0003915044,0.387,0.265,45.8250139111649,32.7321527936892
"18103",0.1106452364,0.0001970943,13.515035477,4001,0.1278610465,0.068696331,10550.46,7.1,0.219346597,4.6340614965,4.954922161,0.17580698,0.1460552219,0.1650368886,0.3803287895,0.2685482804,0.5530173699,0.000562319,0.000590435,0.392,0.293,43.2286135831822,19.7348018531919
"18105",0.0942433662,0.0005996052,9.3646205981,2734,0.102684114,0.0659032869,9047.56,7.5,0.1730433553,4.1149234391,4.7080581705,0.1651686541,0.1245045813,0.1468128736,0.3530976394,0.207359451,0.8691854987,0.0025116222,0.0009256927,0.33,0.227,44.1872366519601,13.7521501824978
"18107",0.1112983708,0.0003912567,11.216025875,3307,0.1272627033,0.0722689076,11237.72,8,0.185557327,4.086062909,4.8807703743,0.1795309735,0.1272242298,0.1538139781,0.360297522,0.2350536684,0.6382069038,0.0010431336,0.0005737235,0.407,0.257,39.1137689158532,21.7298716199185
"18109",0.1003590416,0.0004255983,9.6468952603,3041,0.1118030003,0.0707759776,10038.16,7.9,0.1853041562,4.1075039735,4.7500163804,0.1741704992,0.128687047,0.1558837014,0.3912534978,0.2472461052,0.5421081662,0.0005990074,0.0005134349,0.408,0.261,55.3683652608465,23.6616945559173
"18111",0.1322239305,7.15103e-05,7.1510297483,5308,0.1431358205,0.1030242606,11190.92,7.7,0.2138019238,4.6269349777,5.239067548,0.1807935078,0.1433536463,0.1656242006,0.3804414952,0.2652292462,0.4581578208,7.13725e-05,0.00028549,0.398,0.279,40.5708558064054,71.5956278936566
"18113",0.1265501118,0.0002722855,10.472520107,3720,0.1373313772,0.1022613901,10355.44,8.5,0.1908187776,4.2469610442,4.7607300091,0.1879694537,0.1310121418,0.1550090129,0.3705010279,0.23525818,0.6381268933,0.0009256922,0.0002735,0.366,0.267,51.7091986471756,15.3730050032144
"18115",0.085279859,0.0001702128,10.212765957,4988,0.0910693302,0.0711297071,10714.06,NA,0.1712666348,3.9979955603,4.7335354194,0.1984300804,0.1209206131,0.1500508051,0.3616540331,0.2318772179,0.6272845953,0,0.0003422313,0.36,0.249,85.1740389529271,102.208846743513
"18117",0.1126524292,0.0004581085,13.743255625,1681,0.1270693512,0.0771247542,10814.28,7.8,0.2272906226,4.7475207198,5.3053122474,0.1654531072,0.1498848774,0.1746302809,0.3803299492,0.2713615103,0.826108871,0.00051311,0.00051311,0.372,0.287,52.7336440649134,18.7119382165822
"18119",0.1272362176,9.61585e-05,7.6926775326,3764,0.1374775364,0.0980215827,9256.09,7.9,0.2132219764,4.7091226806,5.0477570792,0.178515333,0.1448649787,0.1682048131,0.3720059453,0.2665435805,0.50396292,0.0009114896,0.0006236508,0.391,0.284,46.4170814859868,20.8076572178562
"18121",0.1250941974,0.0002361693,13.579736671,5132,0.1410852713,0.0881246642,10491.38,7.4,0.2073811243,4.4818594763,5.1333535248,0.1679990271,0.1414731119,0.1695329235,0.377433696,0.2589929989,0.3361208836,0.0005316949,0.0002953861,0.405,0.292,27.5943628658717,19.7102591899083
"18123",0.0807829181,0.0004695081,8.8684855757,1420,0.0884999506,0.0626959248,11652.77,7.8,0.1995416276,4.4499226798,4.8700481839,0.1833122619,0.1355888988,0.1570842013,0.3745695956,0.247356402,0.7604716103,0.0007329075,0.0004188043,0.374,0.259,78.3630822812364,59.2076621680453
"18125",0.1023953943,0.0001614335,16.143352974,4154,0.1123039977,0.0778056651,10976.52,8.3,0.195978176,4.2931095549,4.9655870572,0.182832128,0.133034821,0.1606749734,0.3717208169,0.2462441365,0.7553912028,0.0004029009,0.0004834811,0.373,0.254,43.0373618097211,43.0373618097211
"18127",0.0743484559,0.000610368,9.3902775414,4594,0.0839791269,0.0498508077,12457.41,8,0.1660905509,3.8500888818,4.4484662568,0.2127479465,0.115160433,0.1392102409,0.3445985897,0.2104637053,0.8018656103,0.0017099662,0.0005955399,0.354,0.233,55.3856150053918,15.8524198425326
"18129",0.0727174659,0.0003146262,10.225351005,5048,0.0787232616,0.0583840139,11595.09,8,0.1665980117,3.9863179626,4.6362065213,0.1929045626,0.1208300226,0.1470906986,0.3716273354,0.2206710197,0.3004631416,0.0001174628,7.83085e-05,0.368,0.238,55.0877469111513,15.739356260329
"18131",0.108323007,0.00040476,21.047518821,4530,0.1198176378,0.0794159544,10968.04,7.9,0.2023362499,4.4465566953,5.0424396111,0.178588916,0.1390957152,0.1641199903,0.372526504,0.2498541536,0.3630055216,0.0005613923,0.00072179,0.403,0.273,42.9991937651169,29.5619457135179
"18133",0.0846570805,0.0003193528,12.241856504,4082,0.0945301687,0.0592503023,11508.48,8.1,0.1864136851,4.1761920522,4.6781569959,0.1937809954,0.1283309618,0.1531707478,0.382492225,0.2330137849,0.592102837,0.0007676222,0.0005293946,0.386,0.276,66.4752180387152,23.0447422534213
"18135",0.116625052,0.0002027164,14.595580782,3889,0.1302493675,0.0824253076,11006.4,7.3,0.2065848571,4.4307720728,4.996945027,0.1792585906,0.1409352874,0.1638424494,0.3760412546,0.2583881407,0.4944404111,0.0003621585,0.0006840771,0.401,0.265,51.5554831969826,17.6374021463362
"18137",0.0997384481,3.53057e-05,14.475356588,3851,0.1098954534,0.0757553642,10219.92,8.4,0.181797039,4.1773734758,4.8788356734,0.1832679802,0.1294671883,0.157666448,0.3582964297,0.2335072009,0.5201610105,0.0005258914,0.0012621393,0.397,0.251,53.9304765812767,15.2412216425347
"18139",0.1099429258,0.00036186,17.489898076,5005,0.1230084833,0.0772621208,11804.91,7.7,0.2065141318,4.5369947398,5.1655612389,0.1767354214,0.1425255946,0.1683788151,0.3814909273,0.2634339687,0.444399724,0.0009602112,0.000900198,0.409,0.281,40.0857835768545,22.04718096727
"18141",0.1016887472,0.0009417789,10.999683621,3642,0.1162200046,0.0671715458,10328.71,7.5,0.1880046659,4.2174266205,5.0127763147,0.1745878503,0.1288406318,0.1491218502,0.3631748746,0.2111092324,0.8364333854,0.0022934509,0.0009195963,0.376,0.247,52.4517830535291,15.3547374278481
"18143",0.0922080592,0.0004188833,10.053198174,6703,0.1049093074,0.0589970501,12679.27,6.9,0.2232043426,4.7342744267,5.1825169612,0.167540171,0.1484429964,0.169291808,0.3940446024,0.2739581672,0.5200363922,0.0004606751,0.0005444342,0.38,0.309,79.6768196368414,16.7740672919666
"18145",0.0904599846,0.0003577098,10.954861499,6297,0.1007573759,0.0650297334,11657.54,8,0.1890885077,4.2649240691,5.0191536782,0.1736910229,0.1309608291,0.1585476676,0.3693521155,0.2379752574,0.5430731839,0.0009642769,0.0007624515,0.387,0.258,55.1444561191716,20.120274529968
"18147",0.089194889,0.0003452187,14.795088031,3535,0.0951411854,0.0759825328,10882.23,8.7,0.1778055204,4.136508459,4.8006668863,0.1907875962,0.1264483705,0.1540298578,0.3904758244,0.2355299132,0.4616743032,0.0002459783,0.0003443696,0.376,0.262,42.7427707179142,16.4395271991978
"18149",0.1056826808,0.0001739509,9.1324200913,5470,0.1204918033,0.0679501699,11968.15,8,0.2209608085,4.787314227,5.2415999965,0.1769485186,0.1486687916,0.1715630279,0.3841625267,0.2681075182,0.5605872533,0.0003052104,0.0002180074,0.406,0.295,31.8937647689877,18.8463155453109
"18151",0.104543365,0.0002601607,13.875238481,3129,0.1135149157,0.0812647344,10430.67,7.5,0.1795789317,4.084133969,4.703613594,0.1914481894,0.1240270825,0.1509455605,0.3798998865,0.2301592763,0.6133684364,0.0007517493,0.0002313075,0.389,0.249,35.5731605310977,23.074482506658
"18153",0.09416826,0.0004354347,10.643959553,5371,0.1053551711,0.0637340665,12262.48,7.6,0.2086192908,4.4851518368,5.0022669731,0.1852215963,0.1414728846,0.1626044296,0.3991981367,0.2597289356,0.495459837,0.0002899952,0.0004833253,0.42,0.291,25.8327009703408,20.9890695384019
"18155",0.1248713551,0,3.7205841317,6133,0.1358044675,0.0991058122,10505.91,7.5,0.2301666272,4.8532045551,5.3349869698,0.1760570962,0.1533415531,0.1765732266,0.3935766733,0.2761279693,0.4833694526,0.0002799291,0.0002799291,0.413,0.314,49.7017892644135,43.4890656063618
"18157",0.1007451489,0.0006897186,9.3495187297,3857,0.1114954604,0.0734619794,10985.57,6.6,0.1740716087,3.8910741757,4.5746044316,0.165474563,0.1210011635,0.1430115148,0.3858263787,0.1998095132,0.786908207,0.0014193361,0.0007718288,0.373,0.248,41.7168893562092,11.7969892031903
"18159",0.0910163492,0.0003300766,13.863216266,1995,0.0984590981,0.0709197894,12795.52,8,0.1751014617,3.9539463118,4.6408652517,0.1949884901,0.1224391963,0.1489034655,0.3647646691,0.2240819497,0.5248493976,0.0005288207,0.0001983078,0.376,0.247,61.5344043249896,24.1742302705316
"18161",0.1074674746,0.0001417635,5.6705415367,6182,0.1167743479,0.0814569536,10363.15,NA,0.1932893477,4.2687694459,5.0320051972,0.1779216537,0.1342313302,0.1617667598,0.371332376,0.2459076814,0.702102182,0,0.000426318,0.363,0.255,28.2885431400283,28.2885431400283
"18163",0.1058959682,0.0008046249,14.990272856,5010,0.1249236207,0.0550910232,11775.41,6.9,0.1938930968,4.021909555,5.1494953742,0.1966335687,0.1287711878,0.158260297,0.3672159197,0.2333894276,0.8815879535,0.0021052748,0.0015471836,0.366,0.261,60.3811537388598,20.0046983511724
"18165",0.0873113015,0.0003871467,10.969157311,7836,0.0977519293,0.0609267735,12186.29,7.6,0.1920801709,4.2670287141,5.0457054724,0.1883044739,0.133981196,0.1619734045,0.3762314556,0.2489979785,0.5190599556,0.0005814329,0.0008398475,0.415,0.27,23.7550209476094,21.5954735887358
"18167",0.1028572855,0.0008968777,13.73344046,6375,0.1197671664,0.0574201742,12033.53,5.7,0.2013106246,4.3443977645,4.9891721598,0.1708442435,0.1411678129,0.1616069383,0.370109505,0.2491361633,0.8489262666,0.0015737619,0.0011919617,0.366,0.272,25.5426250342645,17.4437439258392
"18169",0.1049869905,0.0003871467,16.77635824,3912,0.1159121681,0.0758308628,11364.1,7.7,0.1930357404,4.2105215723,5.0072405278,0.1755331828,0.1337749971,0.160931242,0.3654597193,0.2448237201,0.6855387983,0.0023976982,0.0003516624,0.403,0.27,148.29142488717,125.725338491296
"18171",0.0826813929,0,9.6793708409,3898,0.0886156455,0.0692186681,10774.95,8.4,0.1734441163,4.033648009,4.7057675791,0.1925095157,0.1226127971,0.1498383348,0.3602492282,0.2254548015,0.3366243535,0,0.0008471499,0.364,0.248,48.5397621551654,32.359841436777
"18173",0.0761265691,0.0016032255,10.79399346,4121,0.0846663435,0.0571630658,12648.59,8.3,0.1516588283,3.5575928467,4.3618652702,0.1842712468,0.108752559,0.1372735428,0.3547694781,0.2019586205,0.8567910335,0.0005114517,0.0011507664,0.404,0.216,65.1365749812004,13.2391412563415
"18175",0.1088914146,0.0002853474,6.4203167356,2269,0.1210240964,0.0782292298,11531.24,8,0.2040741338,4.5513527323,5.2525955897,0.1810116471,0.1407176862,0.1666383807,0.3786919927,0.2596174135,0.4654659967,0.0003578714,0.0003936585,0.389,0.289,54.6370201444318,20.19194222729
"18177",0.1137466837,0.0005919495,14.722846215,5034,0.1286453115,0.0753200763,12495.97,6.2,0.2101269297,4.6265847491,4.968486024,0.188659859,0.143137831,0.164866647,0.386228698,0.2533974181,0.7158901287,0.0047470274,0.001228464,0.382,0.292,80.4664014817964,18.2188078826709
"18179",0.087753938,0.0006007916,16.610121572,4333,0.0992676973,0.0626310639,10068.08,7.6,0.1763322472,4.1992863562,4.7500373245,0.1845225538,0.127263654,0.1513732722,0.3621131671,0.2315957442,0.4409104067,0.0004963483,0.000319081,0.365,0.245,89.7878172109069,12.9956051226313
"18181",0.1271606239,0.0003319227,11.202389843,1872,0.1406643927,0.0959613393,10910.99,8.6,0.187895101,4.1447993154,4.6224095182,0.1926730871,0.1271783466,0.1516288034,0.3595626229,0.2324699678,0.4637828187,0.0004143704,0.0003729333,0.393,0.272,93.9226519337017,22.0994475138122
"18183",0.0868267831,0.0005888588,12.954893417,3580,0.0937152673,0.0707920792,10191.54,8.6,0.1641556867,3.7359300976,4.473825248,0.1889216231,0.1166258375,0.1457194111,0.3394502428,0.2123353245,0.5804397453,0.0008217409,0.000264131,0.366,0.241,41.9856272457429,10.7405092954226
"19001",0.0513102437,0.0004194631,9.7874720358,1575,0.0598984772,0.0298136646,10569.93,8.8,0.1395496173,3.3039701001,3.6154025021,0.2544522266,0.1019459257,0.1200191124,0.326786969,0.2040011372,0.7159593856,0,0.0008494974,0.358,0.234,164.520071448717,150.418351038827
"19003",0.0599264706,0.0002776235,13.881177124,650,0.0689134809,0.0354330709,10300.82,8.8,0.1379667025,3.2695367911,3.7388528543,0.2455907288,0.101876243,0.1191115662,0.3191832029,0.199455332,0.5433109953,0.0002743484,0.0008230453,0.371,0.234,55.376095985233,0
"19005",0.0867971839,0.0005114342,16.073646526,2749,0.1041005108,0.0472247777,8885.04,8.9,0.1561325198,3.371075358,3.8215459661,0.2348527567,0.1068387233,0.1238337471,0.3355636418,0.1987237004,0.7168876483,0.0002168884,0.0007952574,0.383,0.26,68.0255581739997,24.2948422049999
"19007",0.0632871203,0.0008047642,8.852406245,2804,0.0762032086,0.0315900316,10456.42,7.6,0.1612531649,3.5942862224,4.0353886931,0.2300963026,0.1148696584,0.1302977283,0.3274830461,0.2130418072,0.6946535268,0.0011256734,0.0004020262,0.409,0.278,67.0367093020138,45.5849623253694
"19009",0.0690917969,0.000727802,20.014556041,1361,0.0809716599,0.0365025467,10302.18,8.9,0.1435170341,3.3124839175,3.8253202938,0.2540283372,0.1037723394,0.1238825106,0.335988962,0.2022115866,0.6504330773,0,0.0016345805,0.362,0.238,157.738275799308,121.337135230237
"19011",0.0449622897,0.0002339637,14.037824137,3849,0.0537714209,0.0237012987,10336.16,9,0.1298342301,3.1843596654,3.6186667706,0.2706336636,0.0974476598,0.1142693686,0.3147359105,0.1998590036,0.502531063,0.0001949926,0.0008189689,0.378,0.221,44.3279748634307,20.8602234651439
"19013",0.0565802497,0.0009449203,11.811503643,2644,0.0696054182,0.021417539,10252.33,8,0.1470569399,3.3869805504,3.8458953657,0.2641822089,0.1060908691,0.1186268546,0.3530186579,0.1882466936,0.8340224273,0.0016539786,0.0013292248,0.399,0.237,73.0182393477037,15.4656687507289
"19015",0.045152659,0.0004955401,13.341465274,3313,0.0535702911,0.0209548105,9575.81,9.1,0.1341930364,3.3196475468,3.6250326248,0.2353155493,0.0998293847,0.1152695121,0.3215995873,0.1825036483,0.8559264046,0.0007211721,0.0003416078,0.38,0.221,97.645104429537,88.7682767541246
"19017",0.0373926495,0.0005586146,16.758439071,3182,0.0449981125,0.0200900589,10155.38,9.5,0.1130785608,2.7353468603,3.2290794072,0.2648877497,0.0868117618,0.1071053098,0.3152591841,0.1626118175,0.8234058329,0.0013628893,0.0012827194,0.381,0.206,46.4684014869888,13.2766861391397
"19019",0.0484777518,0.000472255,9.9173553719,2302,0.0595278533,0.0249327354,10792.61,9,0.1311863726,3.1367230764,3.6982683267,0.25533618,0.0973923173,0.1173316849,0.3228627277,0.1864566353,0.7472087031,0.0010377848,0.0004717204,0.393,0.232,70.6869197782001,15.7082043951556
"19021",0.1016197455,0.0005606524,20.897043833,2138,0.1265929535,0.0477869174,9219.58,8.7,0.1776658835,3.5738906557,3.3924236444,0.2188054932,0.1110605279,0.1168011972,0.3332704486,0.1953159777,0.7393879566,0.000402536,0.000352219,0.33,0.287,38.8080855802652,37.1207775115581
"19023",0.0529843311,0.0001385137,20.777062123,3528,0.0618674089,0.0312121212,10498.59,9,0.1331363518,3.1790538319,3.6382596679,0.247474381,0.0985810077,0.1173826354,0.3267360695,0.1904372796,0.6375193381,0.0006190247,0.0006190247,0.356,0.227,92.3552908037219,78.5019971831636
"19025",0.0519461516,0.0006206041,24.824162185,3406,0.0603108808,0.0326859308,10717.27,8.3,0.1441131029,3.3930214202,3.738911288,0.2457363725,0.1045618013,0.1196499304,0.3272793957,0.1998683858,0.7397104447,0.0002062068,0.0013403444,0.397,0.237,58.9459084604716,83.2177531206657
"19027",0.0450933401,0.0008926358,18.844532606,3020,0.0551674077,0.0230814756,9538.52,9.2,0.1264403709,3.1030523114,3.5198385755,0.2573767022,0.0968465423,0.1139497671,0.3019511127,0.1872614113,0.7617697925,0.000893123,0.0010915947,0.35,0.215,54.7872428735079,59.7679013165541
"19029",0.072710396,0.0006232471,18.697413524,1504,0.0880357916,0.035015448,10476.02,7.8,0.1529061417,3.5002944926,3.7952654652,0.2184822389,0.1099508556,0.1272255688,0.3225206126,0.2070340857,0.7682000573,0.0036349575,0.0010827533,0.337,0.25,88.1217116346578,88.1217116346578
"19031",0.0420703204,0.000214742,11.273957159,2705,0.0489256813,0.0250058976,8411.96,9.1,0.1244150017,2.87599641,3.489050482,0.2630087942,0.0903535015,0.1119119836,0.3114575136,0.1776112056,0.7222012001,0.0004831696,0.0004294841,0.4,0.214,68.1748865246955,17.940759611762
"19033",0.0476146221,0.0015783274,17.432273263,4257,0.0570825417,0.0222123501,9971.29,8.5,0.1371017812,3.2344061446,3.5813865837,0.2231858493,0.1008054736,0.1163169708,0.3291668784,0.1798788278,0.9230821499,0.0027434521,0.0016882782,0.356,0.234,94.3396226415094,24.3710691823899
"19035",0.0543781034,0.0007120605,14.241210503,5188,0.0649703138,0.0294711344,10370.4,8.5,0.1400755703,3.1744991306,3.6006191241,0.2471063851,0.1013372197,0.118217262,0.3265439392,0.1931639976,0.7745195494,0.0012366399,0.0014133027,0.391,0.231,97.789367628756,32.596455876252
"19037",0.0668878425,0.0005866086,19.274281405,2119,0.0759818731,0.0451075642,11634.47,9.1,0.1361595002,3.2703694808,3.6536503248,0.2641565615,0.100646873,0.1182210071,0.3207101154,0.1937903831,0.6829327116,0.0004179204,0.0005015045,0.363,0.224,55.9738042596065,33.5842825557639
"19039",0.0716294015,0.0004257584,7.4507716871,4087,0.0889105058,0.0329082682,10501.61,8.6,0.1615126324,3.441063813,3.8068135771,0.2264358343,0.1102177874,0.123610493,0.3322855716,0.2024267588,0.6701486108,0.0003183699,0.0007428632,0.379,0.276,49.696496397004,42.5969969117177
"19041",0.0589411388,0.0008741259,15.609390609,3372,0.0718361866,0.0273678562,9282.56,8.5,0.1386954028,3.4359832502,3.7983880062,0.2409774301,0.1030528216,0.1187538459,0.3377827936,0.1941124112,0.7562848743,0.0037808355,0.0014875418,0.397,0.228,91.426671653576,24.9345468146116
"19043",0.0732077764,0.0002849165,21.653655479,3408,0.0850952481,0.0427327882,9859.12,8.7,0.1460564893,3.378573098,3.6648770561,0.2483999687,0.107895752,0.1235294639,0.3430715596,0.2015579513,0.7388714215,0.0001139212,0.0005696058,0.418,0.261,47.686262541487,20.9819555182543
"19045",0.052263486,0.00049538,15.076783907,2981,0.0635625094,0.023923445,10390.49,8,0.1474282464,3.316304849,3.9367149416,0.2778556391,0.1066489389,0.1229914033,0.3062277889,0.2009883715,0.8044221842,0.0013113203,0.0007308999,0.406,0.25,36.6013822404352,20.8125506857377
"19047",0.1151052747,0.0001783591,8.3234244946,3383,0.1428421715,0.0517955801,9704.91,7.6,0.1934180409,3.6678591897,3.7653661873,0.2270128683,0.1184435524,0.1247581517,0.3560364879,0.2026017918,0.7384768367,0.0006411004,0.000407973,0.428,0.31,68.8813666063135,57.0731323309454
"19049",0.0393995113,0.0004494238,8.7744641692,2553,0.047891439,0.0215961045,8926.21,9.6,0.1011761351,2.3651043756,2.9803253147,0.2456287008,0.0764063461,0.0933585995,0.2924483547,0.1323792977,0.8522718681,0.000332668,0.0002550455,0.361,0.193,32.7873526351053,10.3351437654136
"19051",0.1015933542,0.0003333333,7.7777777778,2057,0.1249737008,0.0589535741,11713.8,9,0.158962426,3.6151647873,4.0167950764,0.2434732059,0.1121910802,0.1292644053,0.3281547326,0.2116254164,0.4857763053,0.0001109016,0.0004436065,0.377,0.257,44.332791488104,29.5551943254027
"19053",0.0712118508,0.0002541296,7.623888183,2554,0.0859554873,0.0373303167,10284.7,8.2,0.1748995389,3.7782409224,4.177158491,0.2242243098,0.1193041542,0.132733818,0.3343337748,0.2186992073,0.697292184,0.0027883397,0.0010139417,0.404,0.252,59.5010412682222,59.5010412682222
"19055",0.0554410249,0.0005290694,13.5206631,1659,0.0657608132,0.0306541154,8892.94,9.2,0.1424951721,3.2730241686,3.4925646268,0.2690469633,0.1042329971,0.1205370825,0.3211494948,0.1985196241,0.6294753434,0.0009959576,0.0009959576,0.388,0.224,60.7640590391438,50.9634043554109
"19057",0.0506350046,0.0006415685,17.194035979,4484,0.0623762832,0.0212718316,10345.41,7.8,0.1614842665,3.7295265702,3.8681979404,0.2573304252,0.1096170898,0.1263311798,0.3466171267,0.2185980979,0.755982641,0.0020184986,0.0009709234,0.358,0.25,59.9248371328534,24.8260039550393
"19059",0.0461184315,0.000811218,19.701008228,2473,0.0536267493,0.0251830161,8701.23,9.1,0.1200132882,2.9591678176,3.392053658,0.251162761,0.0910341094,0.1087193971,0.3067343624,0.1709267247,0.9128217436,0.0005246896,0.000349793,0.359,0.206,59.6612779060816,40.4157043879908
"19061",0.0487097027,0.0007810011,10.89291036,7421,0.0591832637,0.0232068436,8981.42,8.7,0.1299668921,3.1318478586,3.4012636053,0.2810277044,0.0959898727,0.1128114009,0.3108917465,0.1711065858,0.8467000523,0.0016106717,0.0010428067,0.361,0.2,66.4941474867612,13.3673801648644
"19063",0.0712519994,0.0007602085,20.634231103,3689,0.0843045843,0.0322933771,10958.69,8,0.1527706066,3.4652282883,3.7720662475,0.2265514635,0.1071719826,0.121415228,0.3373682056,0.1933679903,0.8155697923,0.0022695342,0.0002161461,0.388,0.238,61.6925533459138,72.5794745246044
"19065",0.0568929274,0.0003562341,18.320610687,1934,0.0683195079,0.0272641062,11291.42,8.8,0.1462076838,3.4678018199,3.822043942,0.2513075889,0.1076699264,0.1218599316,0.3322649119,0.1999091957,0.7822318008,0.0003560529,0.001017294,0.386,0.239,70.0040978008469,20.4890042343942
"19067",0.0633016825,0.0003835827,17.90052423,3750,0.0763296318,0.0318856515,9898.79,8,0.1568289998,3.5046149099,3.7556642722,0.2365578483,0.1112485024,0.1261635392,0.3169421248,0.2040752141,0.768754217,0.0001268955,0.0005710298,0.388,0.234,42.6593861314336,38.3934475182902
"19069",0.0712003068,0.0001986097,21.847070506,2702,0.0850603712,0.0379958246,11727.16,8.7,0.1626785762,3.5506544537,3.873254429,0.249063458,0.1093400369,0.1240991254,0.3369075364,0.1975824087,0.7265917603,9.87752e-05,0.0008889767,0.414,0.27,129.288910989557,132.604011271341
"19071",0.0520242149,0.0001436782,5.7471264368,3165,0.0605339678,0.0317662008,12199.39,6.6,0.1436579434,3.3601427193,3.7970071069,0.2681065775,0.1049103231,0.1218934371,0.3244734324,0.2070363786,0.4507458675,0.0002860003,0.001001001,0.382,0.231,111.207813557683,96.7024465718983
"19073",0.0505198419,0.0005625563,24.752475248,3473,0.0613129645,0.0239808153,10086.07,8.7,0.1410749849,3.5165238306,3.7237171936,0.2443466863,0.1035763864,0.1203144831,0.3256515864,0.1948227674,0.6890531277,0.0006680771,0.0001113462,0.356,0.242,52.5052505250525,56.2556255625563
"19075",0.0413025385,0.0003270111,22.890778286,2033,0.047826719,0.0256410256,10217.26,NA,0.1161909222,2.8953860443,3.3767419759,0.2596299895,0.0905504054,0.1086984033,0.3004536084,0.1657610606,0.7153296394,0.0004063719,0.0004876463,0.359,0.2,89.7885886866378,68.0216580959378
"19077",0.0635753508,0.0003742165,20.581906633,2206,0.0749703842,0.0351821192,10688.98,9,0.1385987431,3.2636110633,3.6555906354,0.2570627063,0.1012863135,0.1197133263,0.3289138254,0.1986864744,0.7424685047,0.0001865672,0.0008395522,0.388,0.24,40.4404902631743,40.4404902631743
"19079",0.0541123673,0.0003384553,14.892032762,5283,0.0655737705,0.026300578,11750.14,9,0.1313826733,3.093335002,3.5637144661,0.2589698186,0.0957983173,0.1138591959,0.3141206805,0.1733022226,0.8485293179,0.0003344034,0.001270733,0.37,0.228,76.5059292095137,27.0020926621813
"19081",0.0515970516,0.0001881468,27.281279398,2545,0.0606008877,0.0290939318,11880.68,8.9,0.128707582,3.0065030741,3.5782502213,0.2419826851,0.0952329126,0.1142779001,0.3216980419,0.1818527979,0.7569879199,9.33532e-05,0.0006534727,0.362,0.24,138.151904298408,100.474112217024
"19083",0.0589324531,0.0004155289,23.150896355,2681,0.0676860565,0.0335487842,10585.9,8.9,0.1363025191,3.2564166856,3.6893956102,0.242087123,0.1013655388,0.1182561476,0.3024172085,0.1853487501,0.8538838827,0.0005335547,0.0005928385,0.389,0.238,117.32187953628,91.4712959096423
"19085",0.0515067513,0.0003558972,16.371271977,2020,0.0614177152,0.027270003,10090.82,8.6,0.1453404111,3.3485782843,3.7951842553,0.2440824112,0.1028736848,0.1217663228,0.3145301139,0.1971600719,0.5103161844,0.0002830055,0.0007075138,0.397,0.241,192.348792477025,23.7467645033364
"19087",0.0520604396,0.000751729,14.533426882,3569,0.0632338787,0.0255299749,9578.56,8,0.1468851488,3.4017086425,3.6014175064,0.2364970832,0.1036964751,0.1184016138,0.3280909147,0.1867618958,0.8033258873,0.0011461604,0.0004484975,0.374,0.239,75.3541645734954,21.7689808767876
"19089",0.0607117934,0.0005459707,16.379122079,3122,0.0716454159,0.0360669815,10503.82,8.3,0.1459373128,3.3679672639,3.8591934325,0.2426013197,0.1049037581,0.1239172193,0.322812556,0.2023070903,0.8111018189,0.0002176989,0.0009796452,0.394,0.231,61.7710112277897,29.0687111660187
"19091",0.0568181818,0.0001046244,17.78614773,1738,0.0694364301,0.0279232112,10758.42,8.1,0.1465456436,3.291162928,3.7193443814,0.2309073976,0.1049191047,0.1210271007,0.3300538039,0.1957912829,0.7193071829,0.0002094899,0.0007332146,0.372,0.244,115.473441108545,62.9855133319337
"19093",0.0519480519,0.0002915452,18.950437318,4582,0.0612021858,0.0306890562,12871.49,9.2,0.1356933745,3.268855559,3.6293628979,0.2479674471,0.099906289,0.1186951737,0.3177041087,0.1973019144,0.7805050078,0.0001461775,0.0013155971,0.369,0.241,97.3994350832765,87.6594915749489
"19095",0.041229963,0.0007414731,16.065249629,3236,0.0486725664,0.0234536082,9936.82,9.3,0.1314832971,3.271880002,3.5562329029,0.2534822331,0.0983790565,0.1156734877,0.3178992404,0.1857346378,0.7643534087,0.0006814943,0.0006195403,0.389,0.222,63.9663248251243,53.6491756597817
"19097",0.0539757767,0.0003086579,12.346314111,4190,0.0646100646,0.0269784173,10883.78,8.3,0.1421263581,3.3694637746,3.6871419139,0.2604745039,0.1037505434,0.1215889172,0.3428554246,0.2032290047,0.747783152,0.0008233841,0.0002573075,0.375,0.236,92.9816103037399,72.3190302362422
"19099",0.0442711078,0.0004033885,16.404464166,2104,0.0541905743,0.0200188413,9527.91,8.8,0.140072184,3.390703761,3.7235992105,0.2502818919,0.1014110388,0.1170532652,0.3215816719,0.1980918322,0.7846750991,0.0009691227,0.0006460818,0.391,0.231,79.8349479727305,17.940437746681
"19101",0.0905750799,0.0006559169,9.8387537579,2213,0.1037484637,0.0442294402,9586.68,8.3,0.1406919594,3.1533825677,3.4645089424,0.2080655815,0.0995178492,0.1097132722,0.3369569031,0.1797859759,0.6658552514,0.0011968881,0.000489636,0.319,0.235,47.2529669410974,21.8090616651219
"19103",0.0587818697,0.0019518327,8.0719862379,2484,0.0679943694,0.0305877841,8976.26,9,0.1275451633,3.1284387406,3.5906932864,0.231326018,0.0913026043,0.1038538039,0.2940377555,0.1445447732,0.9321220641,0.0036493455,0.0027898982,0.294,0.205,34.8577191213224,10.5230850177577
"19105",0.0551489807,0.0003384749,9.670712248,3550,0.0659430122,0.0278089258,10440.01,8.8,0.143850227,3.3743569366,3.7175746714,0.2577509045,0.104692268,0.121041007,0.3120210283,0.1987176999,0.7410117259,0.0004820671,0.0006266872,0.373,0.239,43.5189065471777,41.9070951935785
"19107",0.0608398685,9.75991e-05,12.687878196,2557,0.0713393972,0.0352550809,10326.75,8.2,0.1456588062,3.2700846875,3.8547296973,0.2632765047,0.1029969466,0.1216924615,0.3203414615,0.2063868149,0.5538959186,0,0.0004889976,0.38,0.256,52.3628747218222,55.6355543919361
"19109",0.0482144463,0.0004725579,22.952811719,3431,0.0565014504,0.0283751493,10885.75,8.6,0.1325058697,3.1349131539,3.5650376841,0.2536597822,0.0994436714,0.1178925244,0.3331770739,0.1876675446,0.6410602844,0.0003353904,0.0004695466,0.382,0.252,92.340262606698,27.0264183239116
"19111",0.0530011769,0.0006239415,16.63844074,3775,0.0638206123,0.0247252747,9421.46,7.4,0.1553081796,3.4901639712,3.8182223319,0.2622577036,0.1106216929,0.1267484598,0.3452511833,0.2132114469,0.7504043277,0.0008515636,0.0007928351,0.389,0.251,62.2578859988932,30.6348327931062
"19113",0.0477616595,0.0006528279,11.071608162,3890,0.0586287784,0.0200665168,9868.97,8.7,0.1309157337,3.1788415475,3.6749045812,0.2276323145,0.0921251573,0.1115848102,0.3056940862,0.182936869,0.9179693788,0.0020185119,0.0008853122,0.374,0.198,36.8863239912472,19.1044705930762
"19115",0.089226927,9.06208e-05,14.499320344,3517,0.1048387097,0.0481927711,10038.57,9.3,0.1689518854,3.5617524928,3.7937770636,0.2367821573,0.1109588347,0.1235756259,0.3407402224,0.2063109167,0.6749802406,0.0003581341,0.0003581341,0.37,0.245,63.2244467860906,69.2458226704802
"19117",0.0562783661,0.0008139535,12.790697674,4271,0.0675446049,0.0277365032,10188.23,8,0.1501513376,3.4833987548,3.851182915,0.2318736413,0.108226327,0.1248391385,0.3454078498,0.2120190424,0.7293773882,0.001156738,0.0009253904,0.371,0.25,50.4599619609518,38.8153553545783
"19119",0.0648887022,0.0003402807,28.923862186,1793,0.0787250996,0.0390372762,8719.61,9.7,0.1270098673,3.0360309692,3.6315955644,0.2690284139,0.094330517,0.1145026586,0.3076419648,0.185960943,0.6804248338,8.46668e-05,0.000508001,0.336,0.224,22.6487741350999,22.6487741350999
"19121",0.0492732016,0.000550863,13.465540458,3188,0.059811899,0.0246824826,10347.39,9.1,0.1232129278,3.0467448991,3.3808161476,0.2409664907,0.0920850605,0.111226717,0.3134645612,0.1786683671,0.6656036737,0.0006154225,0.0004307957,0.339,0.212,50.9082023295593,52.9445304227417
"19123",0.0550915332,0.0006788866,17.651052274,3001,0.0685565754,0.0236817761,9633.24,8,0.1505044552,3.5274612703,3.9055766029,0.2275892664,0.1078463526,0.1233862405,0.3120051606,0.2055480605,0.7936642688,0.0012727273,0.001,0.36,0.25,24.0728202813511,15.0455126758444
"19125",0.0418844144,0.0009923917,19.246383785,2980,0.0513450101,0.0201807602,10316.13,8.9,0.1268939835,3.2301857716,3.6486566779,0.2268396856,0.0984366678,0.1145997985,0.3090050962,0.172847551,0.861689033,0.0010177508,0.0010476846,0.335,0.209,49.0844252113635,16.0275674159554
"19127",0.076275543,0.0004826132,13.970382788,1579,0.0958323632,0.0341762149,9067.19,8.1,0.1630227269,3.5919384784,3.7879636612,0.2294140326,0.1085885074,0.1165694433,0.3311027469,0.1878060228,0.8141851998,0.0018008554,0.0009754633,0.382,0.295,75.7288905717531,13.4629138794228
"19129",0.0479152656,0.0005956715,8.6041432259,3796,0.0576219152,0.0249031544,10494.93,8.9,0.1291609969,3.1475980181,3.5663879456,0.2548954075,0.0963977798,0.1155303789,0.3287438277,0.1820220287,0.5972508135,0.0004647149,0.0005974905,0.343,0.218,62.3080688949219,40.0551871467355
"19131",0.0759631694,0.0002833932,16.058945777,1816,0.0912540969,0.0405405405,10190.55,8.7,0.1493215936,3.3337477665,3.7953779459,0.2398272804,0.1047989306,0.1234460703,0.3212256345,0.200506586,0.703043801,0,0.0006623143,0.369,0.232,75.46695176404,0
"19133",0.0592811576,0.0009286129,9.286128845,4991,0.0708506451,0.0310077519,11288.35,8.2,0.1590955249,3.6647085005,3.9371871717,0.2345856932,0.1132529652,0.1274219513,0.3230330184,0.2122841763,0.6878719031,0.0006913239,0.0013826478,0.355,0.24,96.5549204387456,77.2439363509964
"19135",0.059375,0.0005190087,11.677695601,3262,0.0719209559,0.0286501377,11112.2,8.9,0.1629189924,3.6583955219,3.9983352559,0.2362991257,0.1147390189,0.1305511083,0.321917086,0.2204880509,0.7185696361,0.0002567394,0.0005134788,0.382,0.242,47.2772596381141,68.7669231099841
"19137",0.0608187135,0.0006050217,16.133911465,5597,0.0734974656,0.0292321117,12713.34,8.2,0.1608315872,3.6874038169,3.9765314453,0.2378964332,0.1167189724,0.1297269699,0.3255428012,0.2191754893,0.8213221601,0.0005998201,0.0012996101,0.418,0.254,83.7380673254061,77.0390219393736
"19139",0.0607337346,0.0004687793,9.1411963248,2822,0.0754249004,0.0266506824,9721.84,8.9,0.1527581605,3.2447205799,3.5777624958,0.2397705799,0.1020519453,0.1160977741,0.3210213357,0.1901327549,0.8067844192,0.0006289455,0.0009317711,0.426,0.247,72.6636298999117,19.5332338440623
"19141",0.0618097448,0.0006544027,26.903221115,2245,0.0735449735,0.0349112426,9967.5,8.6,0.1411128886,3.3024088149,3.6441374134,0.2405070363,0.1016818867,0.1189715803,0.3323622162,0.1988909945,0.8090012502,0.0003612717,0.0011560694,0.348,0.264,99.3409575499128,96.9180073657686
"19143",0.0761131827,0.0003356831,23.49781806,3205,0.0900900901,0.0432931157,10193.24,8.4,0.1489162312,3.376534872,3.7595064437,0.250542516,0.1046365757,0.1214110626,0.3266536577,0.1957584041,0.6196224079,0,0.0006622517,0.389,0.245,55.6018904642758,55.6018904642758
"19145",0.059088241,0.0004633614,24.491957371,3956,0.0703583062,0.0266516517,13078.26,8.6,0.1452486962,3.2490640406,3.6161524243,0.2463725565,0.1008883286,0.1175791459,0.3250575081,0.1975339801,0.8068666834,0.0013771395,0.0011804053,0.398,0.252,81.4457725241586,90.2507209051487
"19147",0.0574933491,0.0004501463,19.131217646,3058,0.067942785,0.0343183985,10400.31,8.6,0.1288865858,3.0245942086,3.4885600351,0.2553898013,0.0945471982,0.1133658317,0.3259919717,0.1790761492,0.8161553975,0.0007839624,0.0006719677,0.376,0.22,101.275318829707,105.026256564141
"19149",0.052837765,0.0005163443,14.695952655,3063,0.0629311558,0.0303308824,10654.48,9.1,0.1312903919,3.0392934578,3.4219507003,0.2513682658,0.0970918299,0.1142903265,0.3159138874,0.1791084118,0.7563435524,0.0012751544,0.0004781829,0.339,0.22,52.9864487157409,19.8699182684029
"19151",0.070343725,0.0003021604,25.683638012,2711,0.0828651685,0.0418574232,11821.1,8.3,0.1488288661,3.5212145765,3.8538602451,0.252683857,0.1072849824,0.1241087741,0.3217331872,0.2087546699,0.7149110807,0,0.0004451039,0.372,0.26,80.1362315937093,70.1192026444956
"19153",0.0582327346,0.0009751898,12.424489096,2679,0.0731130495,0.0218827515,9363.33,8.8,0.1374034407,3.142796497,3.5691919548,0.2461330198,0.093102261,0.1083001561,0.3203062749,0.1718241274,0.9349363738,0.0025595028,0.0012930928,0.348,0.208,47.0221778878888,15.22105180186
"19155",0.0600621101,0.0004828015,10.51434457,4188,0.0751211481,0.0231973796,10251.93,8.1,0.1548973002,3.4857960157,3.8744720667,0.2451202025,0.1043460456,0.1212857175,0.3447969165,0.2066475664,0.8559866034,0.001860306,0.0008766959,0.406,0.262,46.4174643924489,19.6381580121899
"19157",0.0520024364,0.0008646779,14.051015997,2613,0.0615609349,0.0271493213,8578.4,9.1,0.135784835,3.1190291249,3.5554121117,0.2473206115,0.0987512973,0.1176582609,0.3140237126,0.1854976346,0.7415142223,0.0010695759,0.0008021819,0.369,0.222,80.9585492227979,68.3649971214738
"19159",0.0717624416,0.001225991,14.303228443,1177,0.083496668,0.0451388889,12422.07,8.9,0.1483354837,3.4431148022,3.7104428948,0.234284657,0.1051368983,0.121652402,0.314961461,0.1987237767,0.6180081855,0,0.0006038647,0.38,0.245,68.1988678987929,34.0994339493964
"19161",0.0560556465,0.0006172205,21.60271577,2103,0.0660997294,0.0328159645,10935.87,9,0.1400553443,3.2444237316,3.661080482,0.240740865,0.1005884487,0.1185826918,0.3228683094,0.1922084052,0.7941062802,0.0007202387,0.0007202387,0.412,0.246,103.295114141101,86.0792617842509
"19163",0.0546567278,0.0009540716,10.061118403,4099,0.0666437042,0.0249351021,10662.71,8.8,0.134583175,3.1832099207,3.4963617333,0.2229596038,0.0979782953,0.113710291,0.3465116139,0.1723078455,0.9285454898,0.001356163,0.000923345,0.37,0.226,51.4013114072408,15.0161134448119
"19165",0.0560256117,0.0005238345,15.715034049,3048,0.0669987147,0.0297439759,11182.52,8.8,0.1395365496,3.1738991868,3.765643404,0.2612894319,0.1004342295,0.1196580745,0.319296712,0.1845623022,0.6220103559,0.0009500777,0.0006045949,0.388,0.233,72.5436712901166,69.641924438512
"19167",0.0652813534,0.0008320184,27.255773921,1497,0.0799777531,0.0372252178,10320.04,9.8,0.1227869019,2.8957076061,3.2150908076,0.2423507844,0.0907227056,0.107732893,0.2901979693,0.1711900171,0.8251246143,0.0012031281,0.0006588559,0.353,0.216,38.1653897163357,12.4037516578091
"19169",0.0636956233,0.0006589989,12.047324361,2718,0.0750480105,0.0232419191,9048.67,8.2,0.1284154676,3.3020659462,3.4943613477,0.2370988117,0.0963715567,0.107958938,0.3237195332,0.1570119806,0.931361819,0.0020284389,0.0005606238,0.325,0.197,43.2769143219325,14.3120504056785
"19171",0.0837629829,0.0002373324,13.05328112,2570,0.0995547074,0.0469573551,9100.74,8.5,0.1541814279,3.3908288264,3.75748728,0.2450846308,0.1074160159,0.1230977175,0.3399322749,0.2028902807,0.7678842798,0.0003549456,0.0005324184,0.383,0.269,69.2260527304733,11.867323325224
"19173",0.0832621691,0.000326744,13.069759843,2849,0.0988442822,0.0462899932,11967.5,9.1,0.1602915506,3.6387776269,3.8983000329,0.2208549047,0.1116140683,0.126133676,0.3353603752,0.2130563375,0.6393857844,0.0001615248,0.0004845744,0.368,0.248,76.0704194740274,76.0704194740274
"19175",0.0629736365,0.0008169267,12.253900825,2363,0.0766020864,0.0291681671,11015.91,8.1,0.1655048321,3.7677070582,4.2003662545,0.2202426827,0.1144389624,0.1306194071,0.3444368822,0.21685217,0.8714696027,0.0017800793,0.0008900396,0.359,0.24,35.3674130097668,27.2057023152053
"19177",0.0759399889,0.0009937535,5.6785917093,3370,0.0910036401,0.0382978723,11585.1,8.1,0.1549896527,3.4776593444,3.9272050634,0.242573678,0.1100987442,0.1267268497,0.3397622874,0.2156079615,0.5927344782,0.0002849003,0.000997151,0.376,0.263,37.8554866796006,37.8554866796006
"19179",0.0805885968,0.0005147416,12.868540707,2499,0.0998298639,0.031137576,10568.11,6.5,0.171640291,3.7685812743,3.9785240583,0.2063238398,0.1181078208,0.1289028101,0.319857315,0.2189653086,0.7459929825,0.0016190882,0.001505468,0.401,0.266,19.0188191215207,29.4791696383572
"19181",0.038277285,0.0005829091,11.075272996,2512,0.0466075898,0.0195724179,9339.66,9.1,0.1152995767,2.9261246932,3.4376154336,0.2556452176,0.0875344399,0.1071407625,0.3043649744,0.1632253844,0.7260573283,0.0001958634,0.0003917267,0.364,0.195,43.2852888162443,18.0893744306692
"19183",0.0654543369,0.0005918507,19.121329388,3174,0.0791656401,0.0343953657,9508.1,8.9,0.1387078331,3.1845600252,3.7298993778,0.2413205555,0.1002163043,0.1179473913,0.3405343201,0.197492189,0.7831736086,0.0006323111,0.000587146,0.391,0.238,104.390450543133,19.6677660443584
"19185",0.0776738512,0.0004657662,12.42043161,3537,0.0947149644,0.0415902141,11075.36,7,0.1765174727,3.9031789595,4.2737910141,0.2360963137,0.1212480873,0.1377100236,0.3463627928,0.2320041444,0.5452131813,0,0.0015622559,0.389,0.274,5.19291686140105,5.19291686140105
"19187",0.0651323706,0.000557041,13.090463458,3006,0.0791498717,0.0297861507,9325.46,7.6,0.1639662628,3.7452628639,3.9376216007,0.2590240979,0.1132456975,0.1267127656,0.3402175909,0.2108551817,0.7518743588,0.0025360421,0.0016815062,0.382,0.253,48.0969338204689,14.7990565601443
"19189",0.0503062687,0.0004829052,13.521344408,2586,0.0602519628,0.0262478485,9681.12,8.9,0.1341379736,3.07555867,3.6013562538,0.2375562647,0.0985590104,0.1166473273,0.3203345557,0.1851418064,0.8689490153,9.50751e-05,0.0005704507,0.378,0.223,118.783909595814,115.573533660792
"19191",0.0479136691,0.0011004952,17.007653444,1283,0.055052129,0.0292275574,8713.14,9.3,0.1141072387,2.8539854136,3.4842106462,0.2833970001,0.0883571703,0.1084363893,0.3077667077,0.1698527965,0.7754084347,0.0024963802,0.0010484797,0.333,0.206,83.4975451721719,70.1379379446244
"19193",0.0763821704,0.0006498104,13.675114202,3668,0.098066533,0.0283875712,10648.45,8.6,0.1687244495,3.444320462,3.7219613294,0.2087319503,0.1075794413,0.1203836057,0.3187611335,0.205185192,0.9449262029,0.0022332966,0.0010922673,0.382,0.273,71.2472148816001,20.4026115342764
"19195",0.0515873016,0.000270966,17.612789595,3921,0.0597535457,0.028809219,10090.27,8.9,0.1355667356,3.2236962013,3.5653925768,0.2492546659,0.0989366892,0.1174052916,0.3182907039,0.1936688419,0.6843906291,0,0.0001341742,0.343,0.233,54.071103501104,54.071103501104
"19197",0.0670092282,0.0003980258,27.861805445,2358,0.0821792726,0.0341274952,10493.34,8.7,0.1571533536,3.5284987795,3.6416354236,0.2467885542,0.1077874963,0.1216513699,0.3245683145,0.2047388039,0.7472220122,0.0005516154,0.0014972419,0.394,0.266,79.6431984708506,69.0241053414038
"20001",0.0984389933,0.0007276255,10.510146334,4620,0.1160661548,0.0557740436,12399.71,7.4,0.1870391633,4.0739064894,4.7594868175,0.1810637204,0.1281949964,0.1526646755,0.3543983084,0.214939773,0.7848328472,0.0012054002,0.0012054002,0.4,0.256,61.8080189186284,13.4365258518757
"20003",0.1075481006,0.0003817765,10.180707559,3662,0.127030303,0.0684261975,14316.6,7.7,0.1756658922,4.0150459146,4.6016242081,0.1966209251,0.1251020337,0.1501838576,0.3430555424,0.2208896541,0.5454208837,0.0003808073,0.0007616146,0.391,0.239,50.6649778340722,37.9987333755541
"20005",0.086182631,0.000435513,11.821066385,4978,0.1036628317,0.0468958167,10912.06,7.2,0.1777756721,4.190057808,4.4448618245,0.1806486173,0.1275014827,0.1490319736,0.3458583487,0.2271950228,0.7445048452,0.0014203668,0.0011733465,0.362,0.242,47.6377871212278,22.7832894927611
"20007",0.1405228758,0.0004517732,27.106392591,5841,0.1550779604,0.1041465767,15412.78,7.7,0.1819918644,4.0025517615,4.7294186855,0.1782720314,0.1261889905,0.1532971919,0.361199812,0.2236312631,0.5492696976,0.0002236136,0.001118068,0.395,0.261,45.2591083955646,75.431847325941
"20009",0.1293713261,0.000581869,20.55937003,4015,0.157031195,0.0650446067,12782.72,7,0.1889246482,4.1231431601,4.5085234615,0.1772544232,0.1273620454,0.149718189,0.3423587324,0.2127872386,0.7483197225,0.0022595841,0.0013404312,0.357,0.247,81.2400061897148,21.9219064321453
"20011",0.1075384066,0.0005504335,15.136920325,3487,0.131465235,0.0576098607,10650.6,6.7,0.1904617733,4.236753836,5.0994300687,0.1666872619,0.1338864297,0.1593694548,0.365962622,0.2295522291,0.430765175,0.0005459633,0.0012966628,0.403,0.25,64.1877951492366,75.649901425886
"20013",0.1094042212,0.0009410289,21.957340025,7173,0.1302823759,0.0656401945,12669.03,6.9,0.1820999978,4.224304188,4.6219431538,0.183868357,0.1278423954,0.1470392023,0.3396584856,0.2122207813,0.5642027244,0.0034382163,0.0006251302,0.378,0.27,41.8935902806871,41.8935902806871
"20015",0.0879432884,0.0006575899,11.956180598,3235,0.1037428912,0.0547246771,10664.76,8.1,0.1558814662,3.6690462985,4.2142982476,0.1737818195,0.1108869719,0.1360467121,0.3550254542,0.1860673123,0.6789162113,0.0011832547,0.0004643151,0.382,0.215,50.3318914824486,22.9234357246796
"20017",0.1150490731,0,0,4425,0.128862095,0.0842696629,11303.95,5.5,0.1695861062,3.8828780406,4.3592106206,0.1842160166,0.1203355481,0.1418980438,0.3430662083,0.2015809396,0.6831541219,0,0.0003803728,0.364,0.224,12.7177921912756,12.7177921912756
"20019",0.1612483745,0,15.384615385,3870,0.1907582938,0.0798122066,12644.13,5.9,0.2061068333,4.4063544695,4.8647027193,0.1875580651,0.1401057124,0.1615069763,0.3603196855,0.2362276182,0.1727991278,0,0.0027198549,0.41,0.279,122.586576769844,102.155480641536
"20021",0.1107797729,0.0002507648,11.535182306,4616,0.1325301205,0.0567544238,12850.6,6.2,0.1948353712,4.1762607394,4.7225304168,0.1756846044,0.1346352502,0.1579007561,0.3367570897,0.2283435864,0.4062398741,0.0014489133,0.0016487634,0.357,0.258,72.1053072859898,28.5067493921355
"20023",0.1569553806,0.0003763643,33.87278886,3429,0.1692195478,0.1225577265,16014.42,7.9,0.1625818968,3.6988270127,4.2324671128,0.193116886,0.1158995101,0.1382140165,0.3392859271,0.1950148106,0.7237710932,0.0003759398,0.0018796992,0.365,0.237,138.941518251863,63.1552355690287
"20025",0.114764668,0.0025075226,30.090270812,3399,0.126984127,0.0876494024,16570.57,5.2,0.1632241131,3.7363773171,4.1839394614,0.1847193378,0.1152199494,0.134548569,0.3343650251,0.1859608332,0.418510158,0,0.0034912718,0.362,0.231,16.7728950016773,0
"20027",0.0956779941,0.0012496876,28.742814296,4996,0.11444786,0.0546590318,12700.9,7.7,0.1464120207,3.4909319066,4.1113982597,0.192109132,0.1070643018,0.1329949348,0.3256908411,0.189797354,0.7332161687,0.0008753282,0.0007502814,0.393,0.21,70.7625707625708,66.6000666000666
"20029",0.0956175299,0.0004552697,30.730707944,5153,0.1148619027,0.0533007335,12897.56,7.1,0.1858070318,4.1436927103,4.612655397,0.1813021266,0.1281430072,0.15089426,0.3673397248,0.209834601,0.6630651421,0.0018329706,0.0005728033,0.388,0.242,137.630462208969,114.692051840807
"20031",0.0824434673,0.0008558503,12.226433549,1906,0.0938314509,0.0548977395,10411.94,6.6,0.156605397,3.6845850114,4.3172433972,0.1856173663,0.1123229995,0.138958249,0.3382224346,0.1935054546,0.5648180444,0.0014575489,0.0007287744,0.357,0.226,52.9100529100529,77.3300773300773
"20033",0.1394779772,0.0011764706,47.058823529,4183,0.1495215311,0.1153846154,12698.15,8.3,0.1445581982,3.4633367195,4.1753184116,0.210177552,0.1056986706,0.1325364572,0.3355229253,0.1812616658,0.5552617663,0,0.0017162471,0.376,0.222,155.702608018684,0
"20035",0.1061950229,0.0004583477,16.042167984,3597,0.1261174455,0.0614665708,10821.11,7.2,0.182594132,4.0469768599,4.5761387611,0.179858013,0.1282690589,0.1509780589,0.3622878259,0.2172706327,0.7048828179,0.0013345448,0.0006814697,0.391,0.255,58.2316665712049,21.9562021497986
"20037",0.1170829042,0.0007728373,11.592560153,3730,0.1432373473,0.0461430902,11450.09,6.5,0.1900037462,4.1119893951,4.5189791378,0.1658675829,0.1280074488,0.1516826411,0.3544480544,0.2157161469,0.7733684264,0.0021527974,0.0017939978,0.374,0.244,101.229335918399,22.3047689311726
"20039",0.1334332834,0,24.761230987,4702,0.1488340192,0.0941385435,14375.15,7,0.1759063877,3.9811365053,4.479446491,0.1915603757,0.1238577565,0.1473804647,0.3432835238,0.2085291152,0.4684228301,0.0003483107,0.0010449321,0.374,0.244,118.008024545669,70.8048147274015
"20041",0.1101776615,0.0004873822,23.286039207,4312,0.1308799382,0.0607646791,12105.09,7.8,0.1737700894,3.8913070451,4.4373586949,0.1930970021,0.1226565914,0.1457400422,0.3688149379,0.2156898605,0.6981877088,0.0003205642,0.0008548378,0.375,0.228,91.9764107558297,18.0345903442803
"20043",0.100631136,0.0003947368,14.473684211,5049,0.1181007472,0.056069008,11328.45,7.5,0.1720278655,3.9074311433,4.6322345072,0.1857415567,0.1234542408,0.1498157142,0.3589185136,0.2181678565,0.2750157332,0.0001301744,0.0005206977,0.367,0.243,61.4628149969269,43.9020107120906
"20045",0.0969048777,0.0009079086,9.242673341,2399,0.1103782912,0.0535962474,9477.49,7.8,0.1483683299,3.4870798597,4.2460624043,0.1906383674,0.1049222572,0.1295828086,0.3254381617,0.1601883364,0.9103820403,0.0029892289,0.000667018,0.32,0.194,54.6112362618609,14.4719776093931
"20047",0.1638965836,0,14.295925661,1704,0.1856677524,0.1117734724,12527.13,8.4,0.1914527874,4.0162692451,4.3841704421,0.1795088449,0.1250812872,0.1435832516,0.3409389203,0.2056360964,0.7128745473,0,0.0003510004,0.395,0.252,11.9090151244492,11.9090151244492
"20049",0.1638225256,0.0003952569,15.81027668,1987,0.1933333333,0.1001727116,10781.6,5.8,0.1985668605,4.405645975,4.8451631429,0.1796346496,0.1369415086,0.1569941374,0.3548759452,0.2281993457,0.2904233171,0,0.0003987241,0.407,0.27,13.2538104705103,13.2538104705103
"20051",0.100882124,0.0006304066,9.8063250797,3893,0.1188758292,0.0515497029,11228.32,7.7,0.1558016823,3.6913354414,4.2790738801,0.2058828657,0.1146501461,0.1369309295,0.3523795867,0.1879465711,0.8988823281,0.0027864855,0.0019157088,0.321,0.206,68.6573416808248,16.2915726022296
"20053",0.0944216991,0.0003277614,22.94329728,7975,0.108345021,0.0594059406,13003.75,7.6,0.1786054801,3.8018092248,4.2002230161,0.189830514,0.1188233004,0.1376797684,0.3667008049,0.2027029856,0.636293674,0.0003227889,0.0008069722,0.357,0.229,65.459306131355,65.459306131355
"20055",0.1735152539,0.0005758631,10.694600598,4396,0.2222008094,0.0824161074,10361.47,8,0.2372834762,4.1031532499,4.2145978091,0.1522509017,0.134652242,0.1420506493,0.3371685559,0.1954310929,0.750462258,0.0012018246,0.000983311,0.426,0.3,29.3591449149044,16.5145190146337
"20057",0.1835589875,0.0004461763,8.6260745412,3070,0.2306616238,0.0927178671,9790.49,8.2,0.2505996201,4.3985968406,4.4187146762,0.1593453748,0.1392833641,0.1446589855,0.3623694907,0.1975941763,0.7779780194,0.000973796,0.0007082153,0.418,0.337,57.6535024502739,21.8685698949315
"20059",0.0900887859,0.0004306295,11.744440965,5054,0.1069186635,0.0500805153,12156.72,6.8,0.1641854363,3.8989963851,4.3764041466,0.190583049,0.11729372,0.1430184931,0.3591698389,0.2044836963,0.6158433364,0.0019117475,0.0003511373,0.406,0.246,54.6320143604152,13.0076224667655
"20061",0.0812147913,0.0004736344,7.8939059046,3505,0.0999890901,0.0458753771,10198.12,6.5,0.1837138207,3.8992203676,4.374287851,0.1623870079,0.1216942214,0.1409296611,0.3846766741,0.1991221392,0.798905768,0.0031294103,0.0026078419,0.379,0.241,30.0574200368981,34.2032710764702
"20063",0.1619144603,0.002276176,30.349013657,8088,0.1708579882,0.1392801252,15806.92,5.3,0.1589351581,3.6565854536,4.2577729874,0.190766897,0.1150140152,0.1397164132,0.3344666816,0.1993930688,0.5858998145,0.0007656968,0.0007656968,0.352,0.218,76.2485703393061,76.2485703393061
"20065",0.1284090909,0.0008058018,24.174053183,8647,0.1429699842,0.0903732809,17923.88,8,0.1668579647,3.7942576523,4.3086298152,0.179594865,0.1182915035,0.1403462515,0.3443393579,0.1996345402,0.7046592222,0,0.0008025682,0.379,0.258,108.651364932772,108.651364932772
"20067",0.1670822943,0.0005594406,18.181818182,5883,0.2073170732,0.092811647,11362.16,8.6,0.2110060649,3.9827300385,4.1105515032,0.171295861,0.1259114342,0.1383782198,0.3296565682,0.1852884146,0.809809682,0.0005452563,0.0005452563,0.4,0.286,4.63757362148124,0
"20069",0.1782729805,0.0001670007,23.38009352,1981,0.2045590882,0.1278873239,8770.65,8.2,0.1725000751,3.6428091338,4.2915798824,0.1920027995,0.1151769128,0.1389453257,0.3175074124,0.1952291285,0.4585414585,0.000165755,0.00033151,0.35,0.24,155.7719054242,122.392211404729
"20071",0.1357142857,0.0008116883,24.350649351,4123,0.1506849315,0.1071428571,14881.92,8.3,0.1686826902,3.6160576007,4.1323610252,0.1830879942,0.1134230866,0.1338407543,0.3362953075,0.180771336,0.0040096231,0,0.0032599837,0.382,0.255,27.359781121751,27.359781121751
"20073",0.1130911583,0.0005015045,18.38849883,2269,0.1328425096,0.0649546828,12735.55,6.3,0.1730076987,4.1029154632,4.5738166881,0.1869718339,0.1257699401,0.1483684723,0.3439250019,0.2144177995,0.5987442069,0.0001651528,0.0008257638,0.387,0.246,61.4353532532812,139.625802848366
"20075",0.2143193594,0,23.631350926,2498,0.2508784259,0.1389645777,13838.48,8.2,0.2200242233,4.2128071451,4.4199227346,0.165636333,0.1350632352,0.1473905081,0.3448388274,0.2101655527,0.8026022305,0,0.0003835827,0.382,0.28,13.2082948091401,13.2082948091401
"20077",0.1548607719,0.0005518764,27.593818985,5770,0.1808434596,0.0988929889,13433.66,7.1,0.181071616,4.0476549192,4.521546911,0.1780776929,0.1254681457,0.1475533118,0.3465086952,0.2157173216,0.7028505138,0.0001816201,0.0027243008,0.369,0.264,153.581521071385,135.151738542819
"20079",0.108217636,0.0008132679,18.879433036,3012,0.1321119648,0.055739645,10073.68,8.6,0.1506053637,3.4490903736,4.0119373551,0.1855095503,0.1080644524,0.1311510411,0.3181462185,0.1811267947,0.8487487026,0.0038000585,0.0011692488,0.383,0.225,100.068007383659,14.573010784028
"20081",0.2088244183,0.0002520161,17.641129032,3236,0.2444046553,0.1365638767,13018.87,8.5,0.2291060603,4.3636617628,4.5730052661,0.1626353036,0.1404729795,0.1550325608,0.3414529727,0.2182254885,0.4492481203,0.0002501876,0.0010007506,0.398,0.293,8.41184387617766,0
"20083",0.140311804,0.0016722408,16.722408027,8039,0.1566137566,0.1030444965,16233.93,7.8,0.1501618974,3.4073399419,4.0868787472,0.1885371337,0.1069333214,0.1322533961,0.3295107466,0.1830903707,0.5349686848,0,0.001650165,0.355,0.212,18.5494342422556,18.5494342422556
"20085",0.1150770988,0.0006833194,9.1109255182,3811,0.1346100854,0.0734347572,11454.61,7.9,0.1630175307,3.7833106885,4.5951151558,0.1945107035,0.1168146397,0.1418923,0.3530810557,0.2092485792,0.4901946219,0.0005271084,0.0006777108,0.371,0.23,47.9531573368331,45.429306950684
"20087",0.093387244,0.0005776401,9.9774195242,3183,0.1083815029,0.0569450648,9963.55,8.9,0.1507684138,3.4760698339,4.1554420871,0.1967031042,0.1073616889,0.1348170473,0.3371280908,0.1936198335,0.5337237269,0.0003162055,0.0004216074,0.365,0.222,61.3496932515337,26.2927256792287
"20089",0.1224696356,0,27.78742619,4952,0.1346562721,0.0909090909,12507.65,6.9,0.1875405556,4.0646383273,4.5851932962,0.1833730637,0.1310436309,0.1528968728,0.3570041031,0.2337244801,0.4439389015,0,0.0007039775,0.407,0.256,11.6918040453642,11.6918040453642
"20091",0.0713564117,0.0012333977,8.5491225944,3335,0.084492675,0.0408324433,11456.86,9,0.1057531075,2.6613521652,3.4846059661,0.1993189534,0.0813682697,0.1019053822,0.2953837359,0.1254781621,0.9464477681,0.0022976964,0.001149685,0.286,0.147,50.1888028614811,15.4384520378757
"20093",0.177791838,0.0015633142,15.633142262,4777,0.2103497844,0.115902965,12719.14,8.2,0.2376945479,4.5634338268,4.6533077155,0.1599118627,0.1458131655,0.1567208129,0.3465661858,0.2214270843,0.6351521247,0.000507228,0.002282526,0.378,0.289,8.67603678639597,8.67603678639597
"20095",0.0991316932,0.0002796421,23.769574944,4068,0.1125530322,0.065,13008.41,7.7,0.1408368827,3.4920623333,4.043508924,0.1904464006,0.105015465,0.131880972,0.331668089,0.1849880846,0.5276151693,0.0008207934,0.001504788,0.375,0.218,200.597126329539,139.951483485725
"20097",0.1546333144,0.0004040404,48.484848485,2463,0.1748135874,0.1118760757,9025.09,7.6,0.1627634926,3.6693274266,4.4116387138,0.1802594846,0.114051526,0.1395259734,0.3254174489,0.1927165889,0.1907559734,0.0047694754,0.0015898251,0.376,0.235,67.1411306566403,107.425809050624
"20099",0.1264427107,0.000509736,12.743398919,1916,0.1519010369,0.0661888702,11202.9,7,0.1970786302,4.2442780996,4.5500715752,0.1764484108,0.1353908469,0.1565073791,0.3646270933,0.2273814093,0.6371546258,0.0007513524,0.0009016229,0.405,0.25,65.9140075716604,20.2812330989724
"20101",0.1274934952,0.0006514658,39.087947883,2308,0.1425120773,0.0884955752,14377.29,7.8,0.165958881,3.8164751578,4.3423936736,0.1922053835,0.1181650657,0.14159369,0.3412928676,0.1982489198,0.02,0,0.0019230769,0.375,0.239,21.6778668978972,0
"20103",0.0801583686,0.0004403239,7.338731378,3947,0.0973088136,0.0422613065,11505.91,7.7,0.1565850166,3.5273825569,4.0774357914,0.2003327389,0.1059880189,0.127785102,0.3409594393,0.1843755207,0.8225956682,0.0019913462,0.0008850428,0.372,0.227,24.4542623779325,17.1179836645527
"20105",0.1333333333,0.0003376097,16.880486158,5308,0.148005148,0.0960365854,16442.67,7.7,0.1547656145,3.6235239699,4.2673984788,0.193086204,0.1121310284,0.1385316259,0.3336980016,0.1989593626,0.2045664918,0.0003307972,0.0009923917,0.381,0.226,111.470293166871,66.8821759001226
"20107",0.1197507451,0.0001030609,7.2142636298,5511,0.1373801917,0.07565337,11901.87,7.3,0.1944166584,4.3132350189,4.8091647601,0.167871794,0.1360814518,0.1578720643,0.3588558713,0.2351896903,0.6357705054,0.0009230769,0.0006153846,0.392,0.253,58.4051946267221,65.2763939945717
"20109",0.1044434265,0.0010737294,17.895490336,4906,0.1191099476,0.0727802038,15026.11,8.3,0.1581627164,3.7039464076,4.2922397123,0.1879401854,0.1147797691,0.1385311873,0.3395867707,0.1938274628,0.7605224964,0,0.0017580872,0.378,0.242,143.36917562724,95.5794504181601
"20111",0.1382822778,0.0005723754,11.447507155,2667,0.1637297714,0.0719023614,11306.01,7.9,0.188486018,3.9863240322,4.2648330508,0.1853464702,0.1257068907,0.1418057963,0.356844749,0.1926943432,0.7094686851,0.0032628869,0.0008381728,0.4,0.247,32.1136824358228,16.0568412179114
"20113",0.0890690072,0.0007007217,24.174900147,3034,0.1023725835,0.0585792674,10194.5,7.9,0.1455860521,3.4635099237,4.187678205,0.197099221,0.1085585057,0.1340032356,0.3337428802,0.1862037046,0.7697052776,0.0008760556,0.0005606756,0.322,0.211,111.076034468647,7.01532849275667
"20115",0.1184256765,0.0001682935,26.0854931,2861,0.1371259454,0.0738021638,11412.97,7.7,0.158167975,3.7906719899,4.3697001506,0.1930778944,0.1131559387,0.1386387463,0.3324780248,0.2003168242,0.5227488152,0.0005020921,0.0006694561,0.325,0.227,78.9043566476921,84.5403821225272
"20117",0.0892213169,0.0005150922,20.60368806,4935,0.103308965,0.0586766542,12670.33,7.4,0.1666452248,3.6409007999,4.4033937143,0.1977620053,0.1171224335,0.1443488816,0.3470072731,0.2040893612,0.504003163,0.000617157,0.000617157,0.353,0.235,44.7027268663388,48.1413981637495
"20119",0.1712480253,0,34.713612695,5005,0.1969766377,0.11623439,10543.77,7.5,0.191262819,3.9568885797,4.4706789024,0.1805247665,0.1269473797,0.146952999,0.3343320467,0.2032819905,0.6791256831,0,0.0019295707,0.369,0.259,106.4875491481,81.913499344692
"20121",0.0742255575,0.000525747,13.143674972,3976,0.0864110445,0.0468534681,11320.25,8.3,0.1422360493,3.413943801,4.0284718678,0.2203109695,0.1042347339,0.1288041307,0.3146737267,0.1759043994,0.6218928234,0.0016033254,0.0005938242,0.371,0.216,44.9873350871874,16.6257542713519
"20123",0.1012368301,0.0010035123,21.742766349,5460,0.1164473684,0.0662824207,12791.26,7.4,0.1585825169,3.7405307963,4.2483264205,0.1992750335,0.1165195352,0.1393232054,0.3308294999,0.1971477692,0.7911501648,0.0009756098,0.0003252033,0.393,0.23,122.167925366504,111.061750333185
"20125",0.132799934,0.0003141789,19.164912501,3640,0.1631460939,0.0646759682,10022.87,6.7,0.1954424152,4.2660207195,4.5373876151,0.1507739727,0.1358216553,0.1560013641,0.3587749619,0.2375678926,0.7458769135,0.0020859278,0.0013075965,0.411,0.265,56.5735298739667,19.9055012519513
"20127",0.1141498216,0.0005338078,24.911032028,3974,0.1304631442,0.0719665272,11524.24,7.7,0.1678187369,3.7384463364,4.5179053824,0.2017926992,0.1172093931,0.144176841,0.3479108116,0.2078943715,0.5173054196,0.0003622532,0.0003622532,0.365,0.221,77.8443113772455,47.9041916167665
"20129",0.1576032226,0.0015461925,19.327406262,5276,0.1832005793,0.1033950617,11693.3,7.7,0.1831716478,3.8216892807,4.2204234622,0.1918238245,0.1203770686,0.1396129893,0.3428561654,0.1962861668,0.9307145067,0.0003749531,0.0011248594,0.384,0.284,166.837782340862,154.004106776181
"20131",0.0804668305,0.0009774216,12.706480305,4271,0.0946843854,0.0538922156,11700.09,7.8,0.1521402317,3.5240609191,4.3027589989,0.2059251951,0.1097925365,0.1361740904,0.3164316573,0.1941450049,0.4084299469,9.84737e-05,0.0007877893,0.351,0.209,118.005703609008,95.0601501294785
"20133",0.0963679207,0.0006247267,19.366527144,5143,0.1151728178,0.0554425229,12445.41,7.1,0.1874363312,4.2414967459,4.8197721146,0.1783627797,0.1299522324,0.1543039939,0.3643417584,0.2134657446,0.7378270349,0.0011284559,0.0013792239,0.391,0.23,121.118466389626,10.4412471025539
"20135",0.1648129424,0.0007272727,29.090909091,3460,0.1763470959,0.1320754717,14111.52,7.8,0.1761392697,3.8987815874,4.4027330117,0.1874823388,0.1215996279,0.1433642867,0.3350040305,0.2031787644,0.2146765369,0,0.0007042254,0.367,0.237,11.9645848289064,11.9645848289064
"20137",0.1126801153,0.0003730647,18.653236337,2906,0.1285140562,0.0727449079,12296.98,7.9,0.1753300141,3.8893019277,4.2956423733,0.1980298821,0.121456417,0.1408860155,0.3465964822,0.2127529994,0.6411567625,0.0007366483,0.0005524862,0.365,0.235,117.8733172033,99.2617408027793
"20139",0.0995132072,6.26999e-05,8.7779798106,3822,0.1200179131,0.0505662365,11424.87,7.6,0.1765844636,3.9235471432,4.410114202,0.1890782338,0.1216173854,0.1466390148,0.340979778,0.2148346698,0.6158944461,6.27313e-05,0.0004391193,0.418,0.253,193.03399076794,96.5169953839698
"20141",0.12960761,0.0005846244,29.231218942,5414,0.1479028698,0.0841248304,12385.81,7.5,0.1594354769,3.7395377485,4.3630621903,0.1979659407,0.1154278663,0.1387267684,0.3385078142,0.198260658,0.4696734059,0.0008633094,0.0008633094,0.374,0.246,58.055152394775,58.055152394775
"20143",0.0974173086,0.0003506311,12.272089762,3244,0.1091307067,0.0670303975,11946.92,7.7,0.1576591828,3.6680279814,4.2369791869,0.1975419643,0.1149054305,0.1384024052,0.3357480869,0.194277015,0.3608602857,0.0001723544,0.0001723544,0.368,0.221,46.4630038331978,92.9260076663956
"20145",0.0945151812,0.0010913626,12.472715934,2079,0.1078616352,0.0493179433,13344.67,7.9,0.1841913347,3.8774912306,4.4628986677,0.1923179132,0.1227881,0.1417559951,0.3586722917,0.2108428058,0.6460633874,0.0060957025,0.0016763182,0.396,0.257,93.0617309481956,82.7215386206183
"20147",0.1087683209,0.0005731754,28.658769583,4917,0.1256354394,0.0683903253,15722.24,7.5,0.1676678964,3.7517099926,4.3011563863,0.1967960522,0.1182829257,0.1432644837,0.3346476358,0.2043346793,0.3906416164,0.0016926838,0.0011284559,0.357,0.226,88.9905924230867,63.5647088736334
"20149",0.0872039743,0.0006561949,9.4328015421,3500,0.1026555111,0.0587027915,11979.34,8.9,0.1405935496,3.2964756471,4.1688312493,0.1913269172,0.1028386396,0.1297100888,0.3101303204,0.1752858226,0.7433808554,0.0002883388,0.00032953,0.338,0.198,34.0683001280968,46.3328881742117
"20151",0.1155125054,0.0008729812,16.368398079,2847,0.1369147157,0.0695187166,10584.87,7.7,0.1559563797,3.7569299176,4.2336047466,0.1883993571,0.1130403589,0.1361771455,0.3276556263,0.197645916,0.7397473074,0.0007464278,0.0017061207,0.364,0.232,46.983989302107,57.8264483718241
"20153",0.1468144044,0,27.66798419,5463,0.1554160126,0.1259124088,17220.57,7.1,0.1553672994,3.5947418165,4.2269356181,0.1965892408,0.1114236162,0.1355706852,0.3336048814,0.1881038709,0.5919015482,0,0.0011961722,0.368,0.245,66.2339382699695,66.2339382699695
"20155",0.1215450644,0.0005484048,14.355301784,2686,0.1443481923,0.0669975186,10674.88,7.5,0.1850072429,4.1979669996,4.5322074044,0.1670463639,0.1264206657,0.1475252986,0.3363343609,0.2091258571,0.6423865697,0.001571974,0.0011388791,0.416,0.253,63.9327792492465,22.5645103232635
"20157",0.1178960097,0.0006471096,34.512510785,4364,0.1291150064,0.092519685,12208.94,8,0.1489524677,3.6618651383,4.2333674107,0.2058220837,0.1120271045,0.1353274971,0.3358092105,0.1904428049,0.4712851406,0.0004288165,0.0010720412,0.365,0.21,79.502746458514,72.2752240531946
"20159",0.1162988115,0.0005242739,18.873859704,4733,0.1376331123,0.0676657584,11567.61,7.5,0.1786590529,3.9382964638,4.4910620557,0.1855926466,0.1225573176,0.1443116529,0.3486586879,0.200894135,0.6650798373,0.0003147624,0.0005246039,0.388,0.244,91.4526908195568,38.6915230390433
"20161",0.1034937724,0.0007005065,12.124151309,2554,0.1181929454,0.053186392,9854.94,5.7,0.1609636952,3.643662696,4.101422884,0.170324067,0.1167273919,0.1362929945,0.3277228518,0.1736905328,0.9007523026,0.0023472586,0.0012075492,0.342,0.218,35.2722520428513,11.7574173476171
"20163",0.1161169214,0.0010162602,16.260162602,3635,0.1316579145,0.0778985507,12692.46,8.3,0.160686833,3.7390375828,4.2956839267,0.195562528,0.1165565894,0.1413314143,0.3334173919,0.199752027,0.6602972399,0.0001994813,0.000598444,0.337,0.219,33.8753387533875,60.9756097560976
"20165",0.1131907308,0.0003293808,23.056653491,5088,0.1296409008,0.0677165354,12074.92,7.5,0.1692859445,3.7946332253,4.4201261857,0.1856711789,0.1189299952,0.14331754,0.3386989163,0.2028633941,0.4179014212,0,0.0016165535,0.361,0.224,110.180696342001,66.1084178052005
"20167",0.1195352501,0.0005834306,17.502917153,4663,0.1412864211,0.0657807309,14651.74,7.6,0.1530551319,3.567387111,4.3587362135,0.1970934939,0.112815277,0.1381492251,0.3338026866,0.2016192085,0.63758967,0,0.0014478066,0.375,0.232,48.6215782564302,38.8972626051442
"20169",0.1065767519,0.000958985,15.491295367,3797,0.1295605643,0.0515679443,11117.04,7.9,0.1592741139,3.5584106369,4.04853397,0.1867928153,0.1131358682,0.1345818156,0.3246759483,0.1935163109,0.8343883754,0.0034925829,0.0011029209,0.381,0.246,73.2077932464273,21.531703896008
"20171",0.1394003156,0.0008293593,16.587186399,5283,0.1673836527,0.0840978593,17190.29,8.8,0.1639180406,3.6088323286,4.1596352986,0.1807306514,0.1121807374,0.1344828102,0.3282398545,0.1866240889,0.8093598055,0.0010210333,0.0012252399,0.355,0.254,89.5933838731909,68.9179875947622
"20173",0.123037632,0.0008991516,9.7860251685,2750,0.1517685354,0.0572703939,10679.11,7.5,0.1770150401,4.0683310586,4.2226001905,0.1635093006,0.1215253443,0.1337109862,0.3476435825,0.1873396461,0.8516368525,0.0022176489,0.0014563664,0.346,0.223,53.2410574383888,20.3929383642798
"20175",0.196901819,0.0003733433,11.666977786,3068,0.2553529609,0.0941567833,10209.44,8.3,0.2783430791,4.4029936474,4.4867813134,0.1485513885,0.1474531808,0.1483305328,0.3718308682,0.2004025614,0.8365719763,0.0007805326,0.0007805326,0.413,0.339,18.6782056470442,17.1216885097905
"20177",0.0883385933,0.000740636,15.717314488,3960,0.1075260232,0.0435101847,11175.28,7.5,0.1623994441,3.6666428652,4.2369948345,0.1586673512,0.1131049053,0.1356130761,0.3472144241,0.1970459531,0.9299290748,0.0034929774,0.0019774759,0.373,0.22,89.5596118203604,20.5515740808827
"20179",0.1454831933,0.000396668,39.666798889,4747,0.1576128539,0.1173633441,14705.87,7.8,0.161877078,3.7358286899,4.2927875569,0.1955397703,0.1159504514,0.1400354296,0.3445962701,0.1991528548,0.6294992175,0,0.0019739439,0.378,0.226,13.2030631106417,13.2030631106417
"20181",0.0907141325,0.0001690046,21.970593206,4645,0.1098765432,0.0489932886,14145.61,6.2,0.1752193699,3.8538329797,4.3694646577,0.1791964229,0.1216296764,0.1433937748,0.3448003871,0.2006594565,0.8198003328,0.0003390405,0.0015256823,0.366,0.215,62.5248678451657,85.2611834252259
"20183",0.1165884194,0.0013954786,41.864359475,6153,0.1281352236,0.0862745098,15290.61,7.3,0.1715470627,3.8644120111,4.3538211622,0.1851095078,0.1210473972,0.1454242544,0.3410629827,0.210745323,0.4861147158,0,0.000555093,0.359,0.22,130.475302889096,130.475302889096
"20185",0.1459854015,0.000240616,21.655437921,2779,0.1679458239,0.093877551,10729.65,7.8,0.1834104998,3.9195994429,4.4914262302,0.1889793156,0.1228763477,0.1446696926,0.3428645862,0.2056427326,0.6752310119,0.0004786979,0.0004786979,0.365,0.253,96.9305331179321,113.085621970921
"20187",0.1594561187,0,19.940179462,1888,0.1862197393,0.1083916084,11095.32,8.3,0.1994573949,3.8171381596,4.3254217868,0.1782486162,0.1207083195,0.1361080543,0.3383097901,0.1817514673,0.7167785235,0,0.0010065425,0.394,0.289,16.7728950016773,16.7728950016773
"20189",0.1942653923,0.0003646308,16.408386509,5896,0.2314876584,0.1215365239,11547.78,7.5,0.2253100069,4.2886713558,4.4673024001,0.1744889512,0.137826049,0.149405984,0.3550591117,0.2096873932,0.5583508036,0.0005396654,0.0005396654,0.408,0.29,152.142161635833,0
"20191",0.099263898,0.0003065335,14.888772114,2682,0.1184993734,0.0562740301,10455.97,7.9,0.1687955802,3.8366948529,4.3858694188,0.1814477972,0.121047196,0.1425490626,0.3386166026,0.2059874097,0.5466600365,0.0008697165,0.0005218299,0.373,0.225,81.8593772840228,19.0030697266481
"20193",0.106961507,0.0006429214,19.28764305,6063,0.123811732,0.0690021231,14271.17,6.9,0.1584808823,3.6252615064,4.2932474641,0.1922791063,0.1130165301,0.1393327365,0.3447222951,0.1873427107,0.7770886076,0.0015562184,0.001945273,0.377,0.223,60.3708495040966,56.0586459680897
"20195",0.1114427861,0.0007135212,24.973242954,7219,0.1207008436,0.0831643002,19622.47,8.5,0.1473604091,3.5358929004,4.2567712932,0.1991611504,0.1088574232,0.1359737121,0.325755422,0.1897468302,0.7100966345,0.0007160759,0.0017901898,0.364,0.227,119.703136222169,143.643763466603
"20197",0.0847332472,0.000432838,14.427932477,3443,0.0964137214,0.0589296452,10188.24,7.7,0.1399275316,3.2495950392,4.0455599163,0.2011824776,0.10304249,0.1306602546,0.3376630699,0.1814423102,0.167730044,0.0005797942,0,0.365,0.219,77.1604938271605,62.6929012345679
"20199",0.107299912,0,26.350461133,3986,0.1196911197,0.0835509138,15140.09,7.9,0.1478623943,3.4649909673,4.065279875,0.188208222,0.1076888266,0.1306339882,0.3215594658,0.1769385664,0.3878787879,0.000665336,0.000665336,0.353,0.225,21.944261575598,21.944261575598
"20201",0.1279212792,0.000554939,33.296337403,4586,0.1420632164,0.0942788074,13734.57,7.1,0.1667951557,3.7081342894,4.3718202391,0.2012257959,0.1178082367,0.143372469,0.3298591692,0.2006024296,0.3540265563,0,0.0005535055,0.401,0.232,55.3743924198609,55.3743924198609
"20203",0.1732851986,0.0009438414,42.472864559,2650,0.1941228851,0.1286956522,16217.21,9.1,0.1724095308,3.4244159057,3.8464773653,0.1934534606,0.1099699766,0.128503144,0.329806923,0.1778768372,0.7376902417,0,0.0014251781,0.368,0.242,15.8780565258812,0
"20205",0.114588127,0.0004692082,23.460410557,4889,0.13858337,0.0611458835,13318.38,7.1,0.1890133476,4.2447120255,4.850090852,0.1802404757,0.1328696972,0.156479307,0.3520626638,0.2345553585,0.5790200872,0.0002308136,0.0012694749,0.387,0.25,74.3581715716969,54.7902316844083
"20207",0.1326973114,0,9.5602294455,3969,0.1525015069,0.0834553441,12091.35,6.6,0.2112743102,4.457716583,4.8995885468,0.1792626564,0.1447292606,0.1662526319,0.3646978783,0.2501447982,0.4297370807,0,0,0.366,0.255,85.6898029134533,85.6898029134533
"20209",0.1701378537,0.0005138156,10.215862999,5789,0.2120018464,0.0778980724,12730.33,6.9,0.2593681138,5.062238993,5.1064327626,0.1559849221,0.1562266361,0.1617548898,0.409284488,0.2313760677,0.8996984223,0.0015303283,0.0012339406,0.46,0.322,38.9098782705466,17.3380804728861
"21001",0.0852903952,0.0003645454,4.1662326841,4795,0.0989549007,0.0459800315,12908.42,7.2,0.2740927325,5.7477874494,5.783093274,0.1455168643,0.1800456053,0.1908755556,0.427930329,0.2703009655,0.6008254717,0.002081707,0.0008326828,0.397,0.325,55.1990616159525,17.2497067549852
"21003",0.0845250552,0.000140746,4.6915317851,4880,0.0993818736,0.0468280969,14659.64,7,0.2613427561,5.5224956017,5.4375093751,0.1478194305,0.1724177941,0.1844131381,0.4127145396,0.2771488898,0.3702645821,0.000568128,0.000284064,0.379,0.32,90.9946658299341,21.9642296830875
"21005",0.0669899331,0.000263771,9.2319866356,4913,0.0771418155,0.0415381825,11331.81,8,0.2074213273,4.7438473575,5.0161809521,0.1696838996,0.1465264982,0.1638297575,0.4281912675,0.2222811682,0.7578544419,0.0006618718,0.0005294974,0.36,0.299,77.66364315754,23.4456281230309
"21007",0.072324967,0,15.212981744,6276,0.082004044,0.0488235294,11578.46,8.2,0.2302529638,5.0889825104,5.2076211744,0.1631275278,0.158813967,0.1753415508,0.4258407938,0.2471939636,0.4817553643,0.000125329,0.000375987,0.395,0.317,42.3083432052801,67.6933491284481
"21009",0.0805644572,0.0007909783,7.2318018486,4920,0.0951525331,0.0445270786,12843.28,6.6,0.2729728175,5.780228135,5.3701302518,0.1541077484,0.1813280025,0.1860253845,0.4331108016,0.2767115354,0.6632205439,0.0015166606,0.0011771097,0.377,0.34,73.8368807685063,27.1237521190431
"21011",0.0867391944,8e-05,4,5619,0.1016095171,0.0531582239,12564.46,7.2,0.2760759912,5.8053185957,5.8651510593,0.1455231467,0.1833859324,0.194340525,0.4385249265,0.2874349287,0.3959106203,0.0029072115,0.0007268029,0.393,0.349,32.1164757520608,48.1747136280912
"21013",0.0892766818,0.0004993854,10.371850031,5758,0.1078949173,0.0379008746,12926.76,5,0.3522734252,6.8647874183,6.601172694,0.1245891895,0.2243464993,0.2232953649,0.4433530163,0.3290082212,0.8447248266,0.0001881892,0.0014678761,0.44,0.398,26.8944584608686,16.6489504757758
"21015",0.0563461187,0.0006288319,5.9140147177,4828,0.0654371806,0.0374654887,12733,8.3,0.1656866494,3.9951905015,4.2744942381,0.1796752458,0.1213515324,0.137343186,0.3991000013,0.1815202309,0.8480275395,0.0010719743,0.0006310204,0.383,0.24,31.4598886419815,13.7324910738808
"21017",0.0937480003,0.0008085709,10.107135638,5239,0.106981683,0.0606460119,10900.75,7,0.2346547203,5.0865235815,5.167426614,0.156540197,0.1587086061,0.1711906189,0.4168458883,0.2459863419,0.7242932199,0.0012386048,0.0002972652,0.396,0.319,50.1060578223907,46.7656539675647
"21019",0.0708081518,0.0010916563,17.12402072,6017,0.0849786399,0.0338932512,12469.9,6.3,0.2359830589,5.3357938364,5.6604909619,0.1376303096,0.1568144252,0.1773212673,0.4572802583,0.2498148837,0.7408865205,0.0071337849,0.0031329382,0.398,0.302,59.7975426057491,24.2037672451842
"21021",0.0656304791,0.000665336,12.974051896,4993,0.0757753453,0.0399537725,11617.89,7.5,0.2298662856,5.0373144671,5.2168733175,0.156576456,0.15383964,0.167314215,0.421806128,0.2396092497,0.7061409679,0.0023255814,0.0015614618,0.383,0.31,80.6389254034708,14.3603565787003
"21023",0.0735143067,0.0002408768,12.043839576,3827,0.0828583062,0.0501002004,10454.75,8,0.2378203087,5.1313808174,5.2670362202,0.1599757112,0.1608777097,0.1776661049,0.4325808866,0.2574605476,0.0024740811,0.0002427479,0.0006068698,0.4,0.326,40.2771064926696,24.1662638956017
"21025",0.0777744541,0.0005542359,3.9588281869,9262,0.0911489249,0.0370226033,13154.4,4.7,0.3219322282,6.6450623725,6.3640049072,0.1259787036,0.2138838143,0.2156595488,0.4572256748,0.3137228146,0.5729932267,0.0018859029,0.0009429514,0.415,0.369,36.9334669973091,36.9334669973091
"21027",0.0887603409,0.0002441764,11.720466865,6497,0.1034363965,0.0516542156,12470.69,7.4,0.2392060983,5.2973539566,5.3403509945,0.1554130921,0.165588651,0.1778647879,0.4329338867,0.2671617534,0.4261927314,0.0010300177,0.0004414361,0.391,0.323,58.6300120517247,55.3727891599622
"21029",0.0606375657,0.0001836525,6.4890543122,4892,0.0704325079,0.0338762215,12178.84,7.8,0.2053086758,4.85027145,5.2145617525,0.1624547129,0.143547406,0.165459207,0.4099057907,0.2299619819,0.7365411268,0.0008881323,0.0003330496,0.381,0.295,54.7101789512794,19.5976760422493
"21031",0.0966955844,7.76458e-05,13.976240391,6161,0.1120932101,0.0575145498,13243.77,7.2,0.2701492837,5.7519399367,5.7080108618,0.1521984126,0.1774131073,0.1905242104,0.4205962892,0.2785437015,0.2042553191,0.0007046665,0.0005480739,0.388,0.331,117.328049225635,109.506179277259
"21033",0.0792449021,0.0003922492,16.47446458,3457,0.0928341046,0.045890411,12754.25,7.7,0.2351812989,5.2110603457,5.4695396827,0.1691453468,0.1592616095,0.1742974842,0.4199304094,0.2517180182,0.0626925447,0.0004718836,0.0007864727,0.386,0.312,86.5029227502687,57.6686151668458
"21035",0.0902945437,0.0004358863,12.307376734,4209,0.1005541289,0.0587248322,11400.96,7.3,0.2243461058,4.9672349193,5.1939226039,0.1568991225,0.1559316891,0.1707420272,0.4040220597,0.2191060345,0.7334301309,0.0007154721,0.0012520761,0.396,0.284,78.3405429340236,23.842773936442
"21037",0.056659154,0.0006411352,8.4416139511,4916,0.0658254469,0.0314692224,12505.65,7.7,0.1846030502,4.3647205844,5.1964876903,0.201572371,0.1320209212,0.155867819,0.3924096742,0.1958235221,0.9491011335,0.0015458605,0.0008695465,0.383,0.268,62.3317043981251,13.8910655515822
"21039",0.0945690354,0.0004201681,10.504201681,6105,0.106520091,0.0669642857,12095.37,8,0.2678831734,5.734930252,5.675962223,0.1486522204,0.1796239031,0.1904524166,0.4307684443,0.2746163543,0.0768025078,0,0.000628799,0.392,0.341,42.185192997258,42.185192997258
"21041",0.0818599311,0.0002821936,9.4064528266,7592,0.0958044268,0.0515759312,13009.43,NA,0.275468356,5.691449969,5.6489971605,0.1529766236,0.1795844803,0.1900060791,0.433421985,0.2758577832,0.7238923319,0.0005588153,0.0010244947,0.399,0.358,56.0782603277463,52.9628014206493
"21043",0.0891701424,0.0001865881,4.1049371198,5938,0.107239849,0.0430764153,12049.01,6.6,0.2942758929,6.2913974549,5.831022589,0.1453036241,0.1905750218,0.1948214698,0.4468811104,0.2799551168,0.5044733045,0.0017775144,0.0009257888,0.399,0.347,67.2118292819536,12.4466350522136
"21045",0.1077635212,6.1885e-05,5.5696515874,9629,0.1252697331,0.0640781971,14817.4,6.8,0.3087655165,6.4446160055,5.9530166764,0.148370999,0.2016019993,0.2047778544,0.4550556671,0.2869942395,0,0.0008182276,0.0008182276,0.402,0.392,91.4513748882838,31.1766050755513
"21047",0.0852230834,0.0006386512,12.914945857,4892,0.1052856608,0.0445832892,12182.31,6.2,0.2597246478,5.1994022128,5.4651034113,0.1516804637,0.1703402654,0.1805818093,0.4354128319,0.2604693615,0.5476708809,0.004436941,0.0032788715,0.381,0.332,36.5151444220776,19.6620008426572
"21049",0.0676224612,0.0004687974,8.8244215867,3863,0.07873979,0.0387081166,11087.09,7.7,0.2279411435,4.9113573742,5.1887446196,0.1593349593,0.1522714524,0.1690568869,0.4221638146,0.2370095206,0.7870721366,0.0007172612,0.0010483048,0.352,0.304,44.0467997247075,16.5175498967653
"21051",0.0928888291,0.0003517411,7.0348223707,5799,0.111865942,0.0395227442,12996.07,4.6,0.3573878749,7.1061349355,6.296205703,0.1290771586,0.2293846894,0.2232688764,0.4714497927,0.3357552862,0.9895996318,0.000397911,0.0018403382,0.439,0.403,41.9202843872093,16.7681137548837
"21053",0.0907379518,0.0004893326,4.893325504,7745,0.1064664733,0.0477692654,13469.21,7.1,0.3102180914,6.4295482091,5.9295619827,0.1406256889,0.2050875224,0.2077021609,0.4410201637,0.2987368836,0.2953660436,0.00186165,0.0004899079,0.403,0.377,58.9506779327962,39.3004519551975
"21055",0.0822916667,0.0004542357,15.898251192,8028,0.0956216439,0.0480769231,13475.41,7.6,0.247281394,5.369310573,5.3552509029,0.1554909536,0.1681081073,0.1820248991,0.4279675593,0.2632662151,0.0711755233,0,0.000448682,0.382,0.319,75.2785305630834,71.5146040349292
"21057",0.0813559322,0.0004535833,4.5358330813,7918,0.0938941655,0.0465949821,14234.66,7.7,0.2671360508,5.8629225818,5.7533166505,0.1482927565,0.1797984796,0.1883895947,0.4345481258,0.2742714566,0.1146441074,0.0022525905,0.0013515543,0.396,0.343,40.4122044857547,40.4122044857547
"21059",0.0737296214,0.0005418132,12.609470895,3905,0.086556265,0.0444179579,11290.09,7.6,0.2115075391,5.0306315268,5.3859854439,0.1868648401,0.1525053199,0.1673701222,0.4148210852,0.2228356424,0.7899354412,0.0027892072,0.0015034024,0.395,0.287,77.8087480670928,17.7285755089579
"21061",0.0937697994,8.23045e-05,2.4691358025,6227,0.1061346363,0.0529540481,12455.95,7.4,0.2642425912,5.6329807818,5.6876014804,0.1548723531,0.1792428733,0.1896181259,0.4270566529,0.2708171125,0.4310500781,0.0004073652,0.0004888382,0.406,0.345,70.9239204560954,54.5568618893041
"21063",0.0683065664,0.0001330318,0,5765,0.0794610943,0.0376940133,14706,NA,0.3056278173,6.047972171,5.6665731917,0.1428427161,0.1984259589,0.1986493147,0.4387574206,0.3053753916,0.4177279674,0.0018646777,0.0007991476,0.416,0.366,35.7190695182391,35.7190695182391
"21065",0.083505618,0.0002126755,12.051609244,7354,0.0979318735,0.0435351882,12102.99,6.6,0.3069752408,6.3041444811,6.1082596374,0.1421045682,0.2009206503,0.2079364895,0.439659521,0.3092527766,0.6332470011,0.0005634596,0.0011973517,0.397,0.377,82.5218682950982,28.2932119868908
"21067",0.0877424912,0.0012749418,11.325939496,3324,0.1028556372,0.0438797071,10691.54,7.8,0.1918800598,4.4138452877,4.9607075877,0.1964177139,0.1321379105,0.146023645,0.3947560879,0.1785393772,0.9868223108,0.0037926987,0.0026715671,0.333,0.29,56.3979223334743,12.3499100000309
"21069",0.1031538006,0.0004114944,5.4865921405,6116,0.1191611058,0.0641310383,11773.45,7.2,0.254003447,5.3600141388,5.3784787336,0.1683355855,0.1716209497,0.1861789589,0.440967412,0.2804501149,0.523975467,0.0004157428,0.0006929047,0.397,0.335,59.6111518708731,45.8547322083639
"21071",0.0870778578,0.0005619714,6.46267105,8969,0.1048786349,0.0389232908,13846.23,6.2,0.3135795402,6.507852137,6.3740709631,0.1346881267,0.2024913162,0.2096542147,0.4479464988,0.2891667599,0.4759068211,0.0212302971,0.0022876273,0.428,0.361,70.4834222990753,20.6751372077287
"21073",0.0781292848,0.0003530035,21.376321312,5068,0.0903837108,0.0444608431,15872.29,7.6,0.1933872949,4.5129275929,4.795565148,0.1616535266,0.1349831783,0.1525653469,0.4043319373,0.1991676521,0.8149335498,0.0012988291,0.0007674899,0.37,0.28,102.665376265334,18.9636682273548
"21075",0.0684123614,0.0001675322,10.051934997,7739,0.0827018122,0.033201581,13426.03,7,0.3099343822,6.1387874314,5.7532599907,0.1297863775,0.1975581684,0.1974583582,0.4550325641,0.287082566,0.8254806987,0,0.0004901961,0.426,0.372,33.2575799567651,44.3434399423535
"21077",0.0921732221,0.0004510091,3.382568497,5135,0.1056747908,0.0572748268,12181.64,NA,0.256562543,5.5424985606,5.50399315,0.1587091256,0.169043659,0.1817689028,0.4448371659,0.2672073631,0.3978344394,0.0010190217,0.0006793478,0.391,0.332,64.1993957703928,60.4229607250755
"21079",0.093283061,0.0002264236,5.6605909657,4448,0.1088092749,0.0513655725,11192.69,NA,0.2354918246,5.2556586606,5.3098238236,0.1615665685,0.1598552534,0.1757915688,0.41336336,0.2466829448,0.6210974456,0.0002277904,0.000284738,0.388,0.304,43.4413070167155,24.5537822268392
"21081",0.0672692674,0.000398899,6.7812836571,3338,0.0797541823,0.0398626456,12161.3,7.9,0.2446194213,5.300415243,5.3822463812,0.1606891693,0.1639169813,0.1785614295,0.4197021946,0.2586648006,0.6212391534,0.0007961467,0.0001990367,0.375,0.303,47.6335393042857,13.2315386956349
"21083",0.0874392085,0.0002683411,9.9286212633,6799,0.1036063714,0.049652433,12553.84,7.2,0.2478065111,5.5659707447,5.3641730829,0.146624948,0.1684737907,0.177440913,0.4076948912,0.2517599547,0.4570997549,0.0008307206,0.0006163411,0.394,0.316,55.6547966355778,16.1578441845226
"21085",0.0890107775,0.0005676013,6.0544140462,7591,0.1070492574,0.0450392691,13026.26,6.4,0.2765825654,5.8141141123,5.7490578739,0.1494397739,0.1849687997,0.1921147789,0.4435837825,0.2837646858,0.6201351666,0.0010257969,0.000797842,0.412,0.364,80.7795223910739,25.2436007472106
"21087",0.1039250146,0.0001827986,14.623891783,6235,0.1173605656,0.0652078775,13993.4,7.1,0.2717741285,5.7414924066,5.7570194608,0.1486742684,0.1804769785,0.1929593172,0.4199442195,0.2754409655,0.0848285664,0.001267083,0.0007240474,0.417,0.359,78.8237077459451,54.5702592087312
"21089",0.0658890636,0.0006268163,8.2625790643,7329,0.0767153431,0.0375871868,14081.06,7.1,0.2241069603,5.3753357829,5.0891169907,0.1633027911,0.1604488337,0.1691695035,0.4132712869,0.2380296219,0.7361419669,0.0015878417,0.0006237949,0.377,0.297,66.5203219583583,21.8566772148891
"21091",0.0612244898,0,12.611786288,3387,0.0701510334,0.0416482056,10611.27,8.1,0.2219360567,4.9513570814,5.0816373436,0.1703947507,0.1543819203,0.1726533631,0.4068422365,0.2462190954,0.0936368943,0.0006850879,0.0007992692,0.363,0.311,91.526199374571,53.3902829684997
"21093",0.0634730147,0.0006038321,9.2827916869,5278,0.0745359718,0.0378602305,10950.83,7.5,0.2154767001,4.9687224291,5.0681340192,0.1575573733,0.148259043,0.161602898,0.4371931985,0.2228913903,0.5472650957,0.0037968031,0.0015042227,0.394,0.279,82.6761829458576,17.7377992502022
"21095",0.0820638821,0.000307574,8.8427527874,11162,0.1005460751,0.0352704064,13780.43,5.3,0.3456140407,6.8748518041,6.405478703,0.1298209259,0.2213954093,0.2235043121,0.4686119532,0.3233418829,0.5931757634,0.000302927,0.0012874399,0.453,0.396,62.8325960120536,20.5167660447522
"21097",0.0765976832,0.0004765435,9.0013766811,3596,0.0883325883,0.0462585034,11169.98,7.5,0.2390427281,5.1845912766,5.2675416421,0.1526963306,0.1613102018,0.1761065782,0.4137153887,0.2522854646,0.3673989175,0.0004792843,0.00111833,0.384,0.309,28.2765446062491,21.2074084546868
"21099",0.0887455659,0.0003152088,11.557656948,5594,0.1041344843,0.0518189509,11797.35,7.1,0.2856825494,5.8800591576,5.6220687099,0.1456285913,0.1840805175,0.1945211207,0.4424409333,0.2827058023,0.398373537,0.0007405057,0.0007933989,0.405,0.352,57.9414966464164,52.6740878603785
"21101",0.0707464917,0.000508737,13.271400133,5701,0.0842561018,0.0369455789,12644.46,7.5,0.2335752462,5.2127807561,5.2753564999,0.1609440556,0.1617079342,0.1746223228,0.4021946074,0.2504130852,0.7507459459,0.0012502468,0.0009870369,0.405,0.301,71.565061494308,15.4934669214481
"21103",0.094504992,0.0004960933,10.541981893,3160,0.1079485558,0.0612987013,9865.58,7.9,0.2481498301,5.4889843509,5.4911117213,0.1552733417,0.1672230674,0.1810591458,0.4265003686,0.2577206611,0.3229761287,0.0004346206,0.000558798,0.407,0.323,78.6765771548065,72.4652684320586
"21105",0.0881014304,0.0002283105,9.1324200913,4737,0.1007381676,0.0512195122,12308.06,7.9,0.2790477949,5.8224765051,5.7501573949,0.1447630258,0.1829967461,0.1929381205,0.4373444191,0.2713404862,0.1315789474,0,0.0004523863,0.41,0.335,75.9589821496392,37.9794910748196
"21107",0.0684125682,0.0010294052,18.797833773,3926,0.0803231753,0.0391287587,11882.09,7.1,0.2375262638,5.4073979509,5.4573180297,0.1484025179,0.1630119427,0.1770130653,0.4319555768,0.2502369973,0.5297314578,0.000865359,0.0009541138,0.419,0.329,92.2509225092251,26.782525889775
"21109",0.0839872945,0.0002250731,0,4781,0.0990187333,0.0444002651,9839.06,6,0.3024435198,6.1749812875,6.1082484688,0.1440752828,0.1952299733,0.2056473734,0.4318320065,0.3003355636,0.7213576404,0.0002975748,0.0005207558,0.427,0.377,27.4238986811598,32.4100620777343
"21111",0.0713461984,0.0009390198,10.23792414,4393,0.0836382554,0.0384682464,11184.15,7.9,0.2076160902,4.2916523923,5.0165953714,0.1945759509,0.1289889699,0.1544749311,0.3963993885,0.2303911508,0.9096986085,0.0030434111,0.0018507054,0.364,0.265,81.7016860138689,16.5312492678088
"21113",0.0820661138,0.0007761249,11.641873787,3090,0.0970745101,0.0459465597,10685.51,7.4,0.2118748059,4.7288815249,5.1322001706,0.1623639874,0.1474213646,0.1635973835,0.410511923,0.2185310814,0.7925122463,0.0010571217,0.0006676558,0.354,0.28,59.842558546998,12.3386718653604
"21115",0.0777682403,0.0007211105,4.5069406887,9391,0.0918399496,0.0413272402,13587.68,6.8,0.2779260904,5.9023910967,5.6718851624,0.1382148669,0.1796374998,0.1881443602,0.4359214957,0.2655262588,0.7207141634,0.0016081479,0.0009380863,0.411,0.344,61.5837539053112,15.0204277817832
"21117",0.0647905898,0.0008802501,7.4851195823,4307,0.076840219,0.0347738595,12707.95,7.9,0.1951928218,4.5864578631,5.0865962345,0.1807564151,0.1369530798,0.1556865586,0.3890222926,0.2042486464,0.9241234661,0.0016561177,0.0012706939,0.352,0.284,46.7067732805321,17.3653387837876
"21119",0.0862871464,0.0003377009,4.7278130488,8604,0.1000956709,0.0467638089,12932.38,6.2,0.3219403152,6.802108029,6.2188731022,0.125939951,0.2161748255,0.212536622,0.4411479486,0.2928361065,0.3052122844,0.000396668,0.000595002,0.41,0.368,24.750247502475,27.0002700027
"21121",0.0803795928,0.0002568631,7.7058917964,4972,0.0984589521,0.034087734,12974.8,5,0.326783023,6.7044798185,6.4104833995,0.1441751325,0.2148002351,0.2166626448,0.4338909929,0.3067623292,0.451870903,0.000638896,0.0016930744,0.463,0.38,65.2608830546373,5.3492527093965
"21123",0.0839549003,6.94541e-05,13.890818169,4341,0.096851145,0.0509090909,12979.25,7.4,0.251470155,5.4159692775,5.536759647,0.156236466,0.1706243591,0.1854971166,0.4325294006,0.266451407,0.5528077221,0.0002096876,0.0001397917,0.409,0.312,127.503709198813,25.5007418397626
"21125",0.0827734642,0.0003946525,5.4264713137,4625,0.0991374544,0.0403848855,11222.82,6.4,0.2655250137,5.9608388347,5.6488211738,0.1344004212,0.1865758876,0.1901060659,0.4057180555,0.2643061609,0.574062431,0.0005439351,0.0013186306,0.398,0.34,51.4448336252189,16.9658493870403
"21127",0.0870795602,0.0003264347,5.2229548867,7407,0.1040820929,0.045145499,11444.27,6.3,0.2959816988,6.3087909927,5.7392962615,0.1397535162,0.1987673888,0.2022802578,0.453724291,0.3035246992,0.4988020177,0.0025046561,0.0010917732,0.37,0.358,38.8567481219238,28.063206976945
"21129",0.0735527359,0.0002701607,0,9201,0.0858208955,0.0392011834,13628.81,6.2,0.3337209222,6.6753039806,6.2039332043,0.1353949891,0.2164113208,0.2152681019,0.4441725888,0.318087265,0.7847090148,0.0014218683,0.000853121,0.421,0.412,101.363803907114,55.2893475856985
"21131",0.0833118723,0.0002024906,5.0622658702,7341,0.0981862574,0.0430107527,15806.21,5.3,0.3175500389,6.4878533149,6.0527867373,0.1423067533,0.2070724406,0.212559568,0.4488534234,0.3025207123,1,0.0003943606,0.0018732131,0.411,0.366,37.0907374312978,20.2313113261625
"21133",0.0800827423,0.0006959588,4.6397253283,10469,0.092810037,0.0457544158,13013.92,NA,0.3037028952,6.3069837039,6.2561273954,0.1349888483,0.19984793,0.2108016364,0.4706384603,0.3019173645,0.6028793996,0.0008676195,0.0010502763,0.438,0.362,46.3929482718627,17.010747699683
"21135",0.0896141873,0.0001506591,3.7664783427,4333,0.1054652502,0.046779661,12889.67,6.8,0.3054547804,6.3115138273,5.9454598212,0.147204916,0.2033541255,0.2055994624,0.4321026533,0.3014775712,0.5156452776,0.0003017274,0.0008297503,0.424,0.384,65.3364828868674,12.5647082474745
"21137",0.0950752743,0.0002444091,10.998411341,6025,0.1141222739,0.0484581498,11471.21,6.8,0.2811959134,5.9305544713,5.7138778068,0.1477141997,0.185772545,0.1946806435,0.4241488635,0.2810426318,0.3830733166,0.0008927122,0.0008521344,0.406,0.352,100.462944107305,16.2912882336171
"21139",0.078153759,0.0003262998,14.139656298,6667,0.0887619048,0.0485893417,13617.67,7.1,0.2385730054,5.2163641861,5.4083436274,0.1601795949,0.1627447887,0.1795209491,0.4072713821,0.2528832209,0.4364954302,0.0002164034,0.0012984203,0.382,0.303,65.5093350802489,58.2305200713324
"21141",0.0832681962,0.0002951812,14.759058372,5539,0.0965243551,0.0507291343,12097.57,7.9,0.2446201021,5.3631888854,5.448604262,0.1613441311,0.1662363255,0.1780538808,0.425555609,0.254696134,0.4053288616,0.000555782,0.000555782,0.402,0.315,66.2519783576871,15.9495503453691
"21143",0.0845183257,0.0004872107,10.962241169,3983,0.0905542545,0.0660066007,12913.69,7.8,0.2278529625,4.8670602296,5.0852651398,0.1813360234,0.1501024972,0.1641027285,0.4153965213,0.2363451535,0.6843877796,0.0002497191,0.0011237358,0.371,0.293,102.660972404731,41.0643889618922
"21145",0.0704230844,0.0010241829,16.35635452,4515,0.0822518981,0.0406871,11830.63,6.6,0.2181663758,4.8360906378,4.929803983,0.1716167402,0.1492352119,0.1626210323,0.4146460392,0.2132075702,0.7531609853,0.0020047134,0.0030606311,0.383,0.295,65.679605718708,23.9297788277463
"21147",0.0868525896,0.0001160699,3.4820962219,6273,0.1062865982,0.0382131324,13210.85,6.4,0.3536879768,6.8857447456,6.5202618714,0.1244984935,0.2274509949,0.2205407627,0.490560988,0.3349256748,1,0.0010340074,0.0013786765,0.452,0.406,65.7513053567975,11.6031715335525
"21149",0.0741499385,0,18.464212013,4165,0.0839900058,0.0513622153,12361.78,8,0.2315850103,5.1911585726,5.4954560735,0.1584335761,0.1597359549,0.1759474769,0.4112347661,0.2489417653,0.0220333648,0.0003242542,0.0002161695,0.376,0.293,76.2693397254304,76.2693397254304
"21151",0.0702513055,0.0005269554,9.3561465581,3761,0.0816472138,0.0390384324,11478.08,6.8,0.2100433949,4.9009813335,5.1083400385,0.1561789113,0.1495500472,0.1653786514,0.4234353767,0.2154395867,0.6563992474,0.0012991512,0.0008444483,0.356,0.27,36.8357056004578,13.5898719691009
"21153",0.1000305592,0.0004111504,2.4669023929,8236,0.1177122282,0.0521517141,13228.8,5.8,0.310509986,6.3995977102,6.0049626687,0.1424943424,0.2041179078,0.2090905029,0.442154963,0.3003617079,0.0588764719,0.0014560751,0.001294289,0.421,0.391,41.0509031198686,41.0509031198686
"21155",0.0754220425,0.0004669745,5.7074664038,3593,0.0866390191,0.0488633949,11097.09,6.9,0.2762773574,5.7524383841,5.7298409672,0.1515608762,0.1785615597,0.1887857252,0.4334759905,0.271950642,0.4816851665,0.0019068233,0.0010822511,0.392,0.337,56.9053818696005,22.4172716456002
"21157",0.0718455508,0.0004501608,18.006430868,4060,0.081601536,0.0457922669,12183.05,8.2,0.2042632295,4.6204894453,4.7952721906,0.1687751281,0.1435759372,0.163217545,0.4066725675,0.2303672648,0.5739315696,0.0002564842,0.000545029,0.375,0.272,119.845057461425,13.9105870267725
"21159",0.078930536,0.0002679768,4.4662795891,9769,0.0930841774,0.0416478044,13836.66,7,0.2946109474,5.9740905657,5.8692142859,0.1487001566,0.1883653064,0.1946572172,0.4590158937,0.2929297323,0.4890556114,0.0004415791,0.0006182107,0.4,0.343,29.8071477540314,41.730006855644
"21161",0.0820022083,0.0006444054,18.160515524,4103,0.0933908046,0.0541676973,11338.66,7.1,0.2391953646,5.2388562647,5.2546786565,0.1555748537,0.1639556129,0.1767375432,0.388431617,0.2491961788,0.6873642081,0.0040816327,0.0014577259,0.392,0.305,70.2370500438982,60.4819042044679
"21163",0.0640781522,0.0002099958,5.9498810024,5584,0.0735048446,0.0387845473,11657.15,7.8,0.204794342,4.6535588497,4.9648632318,0.1642473047,0.1436345019,0.1621094047,0.4089488246,0.2227972284,0.469302846,0.0008009751,0.0004179001,0.377,0.287,61.6974960129448,19.7897628720766
"21165",0.0808121019,0.0004623209,0,5792,0.0915402417,0.0449346405,11932.24,7.2,0.2816073333,5.9978132294,5.9502549454,0.1510394337,0.1885826685,0.1960507515,0.4338968673,0.2795885831,0.8423723438,0.0032553093,0.0021702062,0.396,0.349,72.0090525666084,61.7220450570929
"21167",0.0791749082,0.000227967,11.8542835,4803,0.0909231483,0.0484775641,12129.64,7.7,0.2294728082,4.9934290629,5.3499918787,0.1593005316,0.1538246882,0.1713691081,0.423620274,0.2435908366,0.6167080774,0.0012859374,0.0006429687,0.396,0.304,79.273126410147,21.3427648027319
"21169",0.08183758,0.00019859,6.9506503823,6129,0.0974116824,0.0434042553,13013.27,7.4,0.2908764999,6.2077603932,6.1068934562,0.1492072443,0.1918982807,0.1983364986,0.4331353018,0.2893541706,0.54698485,0.000997009,0.0003988036,0.413,0.348,29.8418382572366,29.8418382572366
"21171",0.1026278409,0.0004694836,7.5117370892,12081,0.1185970636,0.0617030029,14907.25,7.2,0.2793148001,5.8507372129,5.5826988994,0.1525855011,0.181707203,0.1921218949,0.4360768188,0.2813415408,0.457356563,0.0007464079,0.0005598059,0.398,0.357,43.8637716577373,37.5975185637748
"21173",0.0751047924,0.0004261818,8.5236353305,3964,0.088747548,0.0399032648,12534.1,7,0.2661526203,5.7287331574,5.6465075311,0.1508617365,0.1776497615,0.1878483171,0.4348281643,0.2741646256,0.6667798785,0.0037584654,0.0014892033,0.396,0.326,47.3115227213588,14.1934568164076
"21175",0.0938820912,0.0002254114,2.2541137576,4374,0.1091664195,0.049534293,12367.35,6.8,0.3008777273,6.0851780069,5.6596584265,0.1468994876,0.1984785401,0.1976191756,0.4342613809,0.2947531138,0.5683401566,0.0020981641,0.0006744099,0.41,0.348,65.3331993165142,50.2563071665494
"21177",0.0834195997,0.0004245314,21.879694337,4655,0.0980437956,0.0442218798,12393.95,7.4,0.2664409727,5.5571358478,5.5965373952,0.1596662834,0.173284173,0.1876008268,0.4078840954,0.2619972207,0.5175719864,0.0007148892,0.0010398388,0.399,0.322,71.8539405354207,22.8626174430884
"21179",0.0627251756,0.0005407393,9.0844202193,3801,0.0724965042,0.0386158923,11486.87,8.5,0.2134761898,4.8414716015,5.0037149341,0.1604262193,0.1435371734,0.1623019686,0.4104127024,0.2184527888,0.7500287773,0.0014176354,0.0009596301,0.375,0.273,58.4694010134696,19.4898003378232
"21181",0.1029014845,0.0001375705,11.005640391,5043,0.1192271442,0.0616864743,11427.1,6.9,0.2852750529,6.0101593039,5.9714720439,0.1451951224,0.191608935,0.1999861269,0.436377728,0.2896210074,0.1353889278,0.0002790957,0.0008372872,0.394,0.353,32.3042133924039,32.3042133924039
"21183",0.0775911088,0.0002083854,12.503125781,5827,0.0942060712,0.0384940064,12537.39,7.5,0.2586235091,5.6445820957,5.5438325846,0.1501538318,0.1734810821,0.1845888027,0.4313829157,0.2729144857,0.3946816542,0.0003736455,0.0007888072,0.375,0.316,55.5709919422062,22.2283967768825
"21185",0.0433518566,0.0005988114,6.4372221141,3494,0.0485000269,0.0337177375,11683.55,9.1,0.1475995495,3.7034706249,4.137044093,0.1792642282,0.1079637424,0.1277395423,0.3857888045,0.1639555416,0.9395848531,0.0009177072,0.0005716865,0.356,0.219,54.9263986258414,15.9785886911539
"21187",0.0846083581,0.0003669388,11.008164389,2827,0.0953712333,0.0558955528,11623.36,7.4,0.2506598257,5.4006124905,5.510884464,0.1506837871,0.1691306581,0.1830237739,0.4376709927,0.2602997169,0.1542293146,0.0004595588,0.0002757353,0.379,0.318,94.5179584120983,60.9793280078053
"21189",0.0733758701,0,0,7382,0.0874799358,0.0395256917,12514.54,6.1,0.3051552023,6.2396674057,6.0011934024,0.1382522579,0.2005365745,0.2081474562,0.4444284756,0.3126038143,0.8668769716,0.0008944544,0.0013416816,0.412,0.369,60.5235285217128,60.5235285217128
"21191",0.0795369988,0.0002056203,9.5956134339,5822,0.0896450373,0.0535087719,13090,8.1,0.2401053391,5.2141157538,5.3298581583,0.1601716212,0.1605322538,0.1756745545,0.4179302065,0.257267396,0.3510116287,0.0006194508,0.0003441393,0.4,0.318,45.7613545360943,25.1687449948518
"21193",0.0800251135,0.0012035096,5.4352045966,10392,0.0941051372,0.0433024431,14140.62,6.7,0.296108297,6.0631938349,6.1791010972,0.1187558538,0.1931581216,0.2032212076,0.4223685827,0.2920035608,0.788450822,0.008048444,0.0038709183,0.407,0.336,37.5132589967144,6.46780327529558
"21195",0.0898126594,0.0009157509,6.911327666,8607,0.10442557,0.0480468106,13363.23,7,0.3030870827,6.0816920419,6.0573131922,0.1331768511,0.1941083795,0.2009027018,0.4758986086,0.2935861407,0.4511564961,0.0010444848,0.0021060923,0.384,0.363,79.614619090201,19.6151960077307
"21197",0.0747719159,8.09127e-05,8.0912695202,6303,0.0883245929,0.0416386837,11554.09,7.3,0.266651691,5.719220138,5.6073401718,0.1535599195,0.1777504229,0.1883369248,0.4216555397,0.2696203366,0.8637120431,0.0007233564,0.0009644752,0.366,0.324,35.117102028688,32.4157864880197
"21199",0.0935490722,0.0007694794,9.6954400653,4057,0.1109436158,0.0478658121,11361.52,6.8,0.2505843396,5.4792673528,5.2550256243,0.1514854503,0.1753380961,0.1857603093,0.421778941,0.2419968372,0.7291597292,0.0032186683,0.00109868,0.411,0.353,114.281614496853,18.9615234815407
"21201",0.0840024707,0,14.231499051,795,0.095,0.0503432494,9737.05,4.4,0.2612302292,5.5815689623,5.7046580849,0.1575724447,0.1758914314,0.188695509,0.4171304018,0.2699088109,0.0297984224,0,0,0.395,0.332,15.6764383132152,15.6764383132152
"21203",0.0757050219,0.0004192872,5.9898173106,5366,0.0887285293,0.0396121884,10890.67,7.5,0.2684848875,5.778132787,5.6086477944,0.1505535044,0.1813599476,0.193891462,0.4306235095,0.2721365432,0.3112101313,0.0002985075,0.0011343284,0.404,0.348,71.7202908656241,19.9223030182289
"21205",0.0802444906,0.0007358953,6.5412919052,6235,0.0931864484,0.043903454,12295.13,7,0.2571184971,5.669661463,5.5844502473,0.1477251939,0.1781318783,0.1886587983,0.4263610841,0.2643945833,0.9757853684,0.0052882073,0.002277997,0.404,0.318,46.1173279077653,46.1173279077653
"21207",0.0990197471,0.0003347654,8.3691346315,4079,0.1149199489,0.0586510264,10912.02,7.2,0.2782188728,6.048690814,5.6634686051,0.1371971525,0.1839702428,0.1912001824,0.4302721308,0.2711987075,0.8399658412,0.0011783851,0.0006733629,0.396,0.329,100.480071452495,24.1896468311563
"21209",0.0626489338,0.0005789067,7.5433302926,3285,0.0729187534,0.0389268095,11186.63,8,0.1857707729,4.4799426675,4.9690971682,0.1830847468,0.1328895946,0.153177137,0.3891981002,0.1986280184,0.8226951858,0.0007852796,0.000678196,0.34,0.262,27.4044488498878,15.7429812541908
"21211",0.0935470224,0.0003875653,9.7911227154,3778,0.1057198271,0.0630961757,10980.97,8.8,0.213115817,4.8767610352,4.9928823682,0.1647040428,0.1461420516,0.1577933262,0.4226828648,0.2100777216,0.73610781,0.0014221526,0.0008450472,0.376,0.275,74.752128736757,22.4256386210271
"21213",0.0746446281,0.0002692225,13.461124273,6182,0.0853557258,0.048839779,14985.06,7.7,0.2273697492,4.9866817837,5.1640288988,0.1649792756,0.1524647389,0.1693873451,0.4304293875,0.2406670655,0.7814393721,0.0008095418,0.0011333585,0.371,0.304,73.5610736328405,17.9417252763026
"21215",0.0620028923,0.0004134153,6.2012299106,4247,0.0685858751,0.0452261307,11516.34,NA,0.1830926073,4.4219450156,4.7725773891,0.1797281056,0.131803483,0.1531163285,0.4042876167,0.2057608321,0.5363108845,0.0002660424,0.0004788762,0.351,0.261,50.2338472198164,20.7864195392344
"21217",0.073477707,0.00073732,15.134463891,5637,0.0862572059,0.0423641954,12359.98,7.4,0.2536185883,5.5253647125,5.5475683376,0.1521148712,0.1700993503,0.1807551809,0.4351058123,0.248874644,0.8315110966,0.0020744452,0.0010959333,0.377,0.293,76.5985069782538,12.9827977929244
"21219",0.1258949881,0.0002440215,17.081503172,5610,0.1419065529,0.0911568746,11738.5,7.8,0.2564155063,5.4447146681,5.5650701637,0.1537993317,0.1703777038,0.182518168,0.4451047609,0.2636404952,0.0195024077,0.0002436845,0.0011371944,0.383,0.334,32.3860416160635,48.5790624240952
"21221",0.0845057801,0.0001365095,16.381134394,4906,0.0922473013,0.0640502355,12622.58,8.1,0.2102124227,4.9753456441,5.0171554239,0.1591991801,0.1482665955,0.161571233,0.4250718981,0.2295496835,0.5950903131,0.000136584,0.0006829202,0.385,0.302,36.3058770138416,11.3455865668255
"21223",0.0715214564,0.0002360996,10.624483532,5911,0.0808751709,0.0463645943,11155.52,NA,0.2472763078,5.3926206649,5.4453365238,0.1571815026,0.1660252533,0.1795512228,0.4230981256,0.2607781944,0.6212964014,0.0002348796,0.0001174398,0.381,0.312,58.899752621039,58.899752621039
"21225",0.0844331641,0.0002086086,10.430429038,5395,0.095120112,0.0504347826,11991.65,5.8,0.265685202,5.6584099834,5.5905785553,0.1443101973,0.1742074263,0.1817240999,0.4394987449,0.2630991695,0.6183114547,0.0003447087,0.0004825922,0.398,0.322,71.5456161000715,27.6950772000277
"21227",0.0895527907,0.0006696966,8.9543703347,4766,0.1062846111,0.0471361928,11913.92,7.7,0.2167045851,4.6480965654,4.7783704766,0.1600370147,0.1462115852,0.1582792728,0.3966757128,0.2227689523,0.5461104471,0.0025521087,0.0011274988,0.372,0.298,51.170140717887,17.5583816188828
"21229",0.0870809485,0.0003307152,14.88218272,4339,0.0966053748,0.0637924991,11637.48,7.8,0.2366751196,5.0859369609,5.2084726795,0.1559151367,0.1562942999,0.1701058971,0.4162741253,0.2385469665,0.0260305539,0.0011585568,0.0006620324,0.393,0.311,60.5626823762594,66.0683807741012
"21231",0.0842583577,0.0005409925,7.8689814587,4312,0.1003047453,0.0383495146,11500.51,6.2,0.2974248558,6.1402766161,5.725624475,0.1488007005,0.1958493897,0.1982189648,0.4446908572,0.2812160418,0.6547830683,0.0009282783,0.0008794215,0.401,0.358,63.9239468939518,24.5861334207507
"21233",0.1031823506,0.0002318034,16.998918251,4211,0.1162250751,0.0718015666,11134.37,6.4,0.2757502676,5.8088460243,5.5818848452,0.1455890179,0.1840758705,0.1906843521,0.4539549207,0.2737148597,0.2887453197,0.0003813592,0.0012203493,0.398,0.34,61.576354679803,69.2733990147783
"21235",0.0763487223,0.0008548423,7.7211559674,4724,0.0936882129,0.0381066117,12637.7,7,0.273671181,5.862865122,5.8403520369,0.1437700977,0.1824912711,0.1893141141,0.4267848275,0.2751543355,0.7946235654,0.0146791016,0.0025660835,0.361,0.326,59.6565617628973,22.0270381893775
"21237",0.0785368478,0.0001397233,0,5629,0.0934556272,0.0403726708,10863.21,5.7,0.3460313712,7.010809067,6.4494153344,0.1389934561,0.2243151691,0.2225926901,0.4567512533,0.3357669047,0.541264446,0.0016720078,0.0013933398,0.443,0.425,23.3208955223881,23.3208955223881
"21239",0.0782938389,0.0006358944,9.3513877459,2212,0.0869706629,0.0563100364,10072.71,7.5,0.1934199663,4.4943229411,4.8375417065,0.1664928968,0.1338941838,0.152322799,0.4065810424,0.1961836975,0.7682344922,0.0009799118,0.0005653337,0.359,0.254,69.9720111955218,18.7425029988005
"22001",0.1010736405,0.000338464,7.4139737287,4948,0.1285463708,0.0392612524,13719.92,7,0.2547269605,4.9811953338,5.6153292392,0.1900670609,0.1600617062,0.1872952018,0.3838264269,0.2742966225,0.425250514,0.000723589,0.0002733558,0.383,0.327,18.2645458305802,15.0413906840072
"22003",0.1006715197,0.000117064,11.316189956,6970,0.1296984717,0.0394759231,13773.77,6.8,0.2444736538,4.8266496925,5.3035656306,0.2019797977,0.1534467745,0.1733847022,0.3949056367,0.2654774293,0.7318739326,0.0010154267,0.0008592072,0.391,0.316,62.6043405676127,27.3893989983305
"22005",0.0730676821,0.0004265268,5.5290512148,3799,0.089939936,0.0362831858,11085.09,7.9,0.1804432475,3.9357766707,4.7591044136,0.2047642965,0.1204117717,0.1483847775,0.3688684195,0.1987232599,0.7270624446,0.001018673,0.0005614733,0.312,0.267,16.8447206276764,11.5807454315275
"22007",0.1006650372,0.0001370426,5.4817048102,4638,0.1216599035,0.0412911339,12055.34,7.5,0.2544148096,4.8796595366,5.4230098132,0.2004618524,0.1586307633,0.1830119057,0.394388773,0.2749365409,0.3536996712,0.0002690583,0.0002690583,0.406,0.345,33.4285540630888,36.4675135233696
"22009",0.1061624557,0.0002491032,8.4695097648,5166,0.1364693597,0.037543018,14440.02,6.1,0.2752232295,5.4406472948,5.8408888017,0.1957069307,0.1704492017,0.1897577119,0.4237899909,0.2828336364,0.2435766406,0.0017053037,0.0006178637,0.401,0.353,17.4169790664499,22.3932587997213
"22011",0.1095380766,0.0004267008,12.801024082,5171,0.1358934391,0.0502278376,13368.18,5.8,0.2220319542,4.7376325031,5.0805040454,0.2098099294,0.1456122996,0.1672823734,0.3881390435,0.2457068098,0.154625007,0.0007247738,0.0004294956,0.374,0.285,57.7105770169847,15.0935355275191
"22013",0.0952801492,0.000151046,15.859829318,6525,0.1180877145,0.0383205598,17079.62,5.2,0.2857541508,5.3816688982,5.5422784662,0.170580613,0.1730752543,0.1888714738,0.4304299739,0.2821816459,0.2141712534,0.0035317102,0.0005259994,0.441,0.378,45.5327329758171,50.5919255286856
"22015",0.0944898959,0.0004565527,7.2418706067,5600,0.1161966221,0.0432811724,13714.71,7,0.1979108301,4.2610664802,4.8642722393,0.185830935,0.1319156316,0.1537906558,0.3861895309,0.198922626,0.763384881,0.0022486928,0.0005896922,0.385,0.289,23.8532735341377,13.6304420195073
"22017",0.0982136807,0.0012572647,12.406121463,5981,0.1251254673,0.0317976134,12656.05,6.1,0.2512477473,4.5440787896,5.2113950214,0.1775908588,0.1440675192,0.1662026278,0.4132866043,0.2272190583,0.8518565002,0.0067676044,0.0014819572,0.439,0.329,38.5786942916022,13.1833667543245
"22019",0.0955267843,0.0008012348,10.765056332,3541,0.1200623439,0.0382837524,11941.84,6.8,0.2076253601,4.5741521893,4.9988093739,0.2011206785,0.1372082089,0.1636551429,0.4187813597,0.2260589903,0.7474528967,0.0025650872,0.0009945252,0.385,0.307,65.7530113567421,18.6928760465551
"22021",0.1159783613,0.0003024803,11.090945755,11489,0.1431775701,0.0530785563,14935.87,7,0.2728817223,5.2726698627,5.6933194623,0.1906111049,0.1697580303,0.1905887397,0.3913675018,0.2850774039,0.3723845243,0.0013052209,0.0008032129,0.383,0.332,3.36507722852239,33.6507722852239
"22023",0.1024618585,0.0002868206,10.03872078,780,0.1184086629,0.0605311921,10050.13,8,0.2068356461,4.4693438063,5.2203055487,0.225832809,0.1394840551,0.1694444403,0.3647955129,0.2428957678,0.6050592192,0,0.0005740528,0.357,0.289,28.6478227654698,28.6478227654698
"22025",0.1019732104,0.0001053297,16.852749105,6447,0.1235707121,0.047804878,12660.45,6.4,0.2599876727,5.0611426801,5.4447074425,0.1922152584,0.1621764245,0.1806550139,0.4040507707,0.2698369077,0.161525896,0.0002081599,0.0009367194,0.414,0.343,7.06015249929399,7.06015249929399
"22027",0.1065028162,0.0003828973,8.2961072112,7669,0.130336762,0.045035461,12676.22,5.8,0.3014556465,5.5483865778,5.4675985665,0.1693129998,0.1782446593,0.1834708597,0.4269033978,0.2813978413,0.3925559756,0.0008780733,0.0006271952,0.474,0.389,31.8322651839905,25.4658121471924
"22029",0.0983320539,0.0002596189,11.423230697,8049,0.1276574307,0.0336860289,13877.76,5.4,0.2956616157,5.507032284,5.7373136913,0.1739073947,0.1779046879,0.1928969141,0.4199559435,0.2859761468,0.3094803573,0.0053137135,0.0004598406,0.434,0.378,19.0492683349208,20.7810200017318
"22031",0.1074730528,0.0001820631,11.652040928,5908,0.1338184119,0.0441767068,12601.28,6.7,0.2568194083,4.8660629007,5.1596105275,0.1791756998,0.1561257869,0.1774267367,0.3933528814,0.2623965197,0.4381752701,0.0024784954,0.0001822423,0.424,0.335,36.3420513876607,16.9596239809083
"22033",0.1047918876,0.0009294208,12.430151412,3270,0.1258773947,0.0488288271,11025.04,7.1,0.1908805612,3.8795967625,4.7829907976,0.1811012945,0.1227506954,0.1500333175,0.3980263355,0.194081891,0.9750028966,0.0040003991,0.0016486906,0.375,0.284,26.4245001302296,11.887239313599
"22035",0.0881785025,0.000437254,8.745080892,12400,0.1185351751,0.0277264325,14128.85,3.8,0.4051446756,6.694650897,6.236540984,0.1410126132,0.2258062951,0.2210721608,0.4630388696,0.3430581129,0.6032993943,0.0049737104,0.000426318,0.512,0.472,4.88114414018646,4.88114414018646
"22037",0.0916660416,0.0003135615,5.2260256075,4914,0.1063235587,0.0487944891,12534.52,8.4,0.245921348,4.7314818439,5.043328718,0.2042109793,0.1494153242,0.1698840082,0.4166565373,0.260446446,0.4677554645,0.0035742036,0.0014504015,0.402,0.31,54.080457764907,59.3140504518335
"22039",0.1079029061,0.0006288367,8.0850426711,8441,0.1387623895,0.0378403867,16202.49,6,0.2935182915,5.6480562289,5.6870451805,0.1861439157,0.1785170268,0.1941310003,0.4041518583,0.2968966515,0.5614701036,0.0006578357,0.0006578357,0.422,0.376,34.960145434205,23.9726711548834
"22041",0.1187710277,0.0004496628,15.488383712,7013,0.1525501749,0.0447122862,15085.86,5.6,0.284847169,5.3731443211,5.6040857917,0.1746340603,0.172701841,0.1914304761,0.4113588639,0.2787511682,0.3800741561,0.0014387775,0.0016372296,0.407,0.367,11.6873142551842,11.6873142551842
"22043",0.1045018082,4.46648e-05,8.9329581491,4926,0.1298871687,0.0431550692,13631.86,6.7,0.2388607395,4.8132328878,5.2755632024,0.2152671569,0.1526072752,0.1745776467,0.3964154423,0.2603443093,0.6950109821,0.0006672004,0.0002224001,0.417,0.311,11.9180633147114,20.8566108007449
"22045",0.1138475355,0.0005012172,6.5874266075,4466,0.1448888889,0.0430136986,12751.41,7.1,0.2521268147,5.0117254622,5.3358115847,0.1867594372,0.1585156935,0.1786652158,0.3853767479,0.253244386,0.6298061169,0.0015082956,0.0005779451,0.377,0.342,9.53461542128698,14.3019231319305
"22047",0.0873151551,0.0003075882,6.1517640183,4052,0.1079187518,0.0344776995,13107.46,7.8,0.2525571785,4.7202307185,5.2128203707,0.1787971405,0.1502714544,0.1700172177,0.4244162099,0.2410867521,0.4851588942,0.0026588429,0.000519544,0.394,0.323,7.19409672976917,7.19409672976917
"22049",0.098079917,0.0001905488,13.338414634,5401,0.1223449448,0.0391479562,14949.84,6.2,0.2632723506,5.1005794797,5.5480111425,0.1911267968,0.162994415,0.1838660085,0.3984066751,0.2715376333,0.2302445619,0.0010061627,0.0006917369,0.424,0.328,29.6484540448962,27.5307073274036
"22051",0.1289384639,0.0009780505,7.2371113521,4570,0.1610160681,0.0418466578,11358.69,7.8,0.2082437551,4.1958517735,4.9460400913,0.2008373809,0.131552598,0.1541694685,0.3787237462,0.1988607972,0.9775264014,0.0025872536,0.00127174,0.381,0.3,35.7228094757832,14.627874569825
"22053",0.1019601766,0.0004463147,8.9262943127,5834,0.1280525115,0.0435415403,13340.26,6.9,0.2297874512,4.7328329481,5.2430747495,0.1984269491,0.1497035859,0.1763291002,0.3716269612,0.2543750164,0.4468253466,0.00193148,0.0005066177,0.408,0.32,37.1715626924956,36.1095180441386
"22055",0.0954827754,0.0010761488,7.2016039936,4063,0.1186764174,0.0366362627,11823.29,7.3,0.189669166,4.2293285627,4.6523091001,0.2197680136,0.1302575894,0.1505227968,0.3762805286,0.2112325625,0.8644721046,0.0035422725,0.0013221738,0.351,0.247,8.72303016260273,14.5838160531014
"22057",0.1232914127,0.0004814883,5.0197717541,4583,0.1491944459,0.0566712636,11098.43,7.2,0.2267133998,4.7411337556,5.3905198997,0.2009111306,0.1434761574,0.1741844283,0.3661407162,0.2527293248,0.6042484271,0.0016001631,0.0006522958,0.386,0.317,30.6826898491434,15.3413449245717
"22059",0.1157857207,0.0006715015,13.430029546,7170,0.1440871107,0.0504876649,14971.3,6.6,0.2450289132,4.9621624065,5.5188408263,0.2068853074,0.1572633398,0.1825537758,0.3765111736,0.2708781452,0.5701813298,0.0008044513,0.0006703761,0.4,0.31,11.153245594468,24.5371403078296
"22061",0.1152071139,0.0006632151,13.264301913,4259,0.1409989791,0.0427869024,12949.28,5.4,0.2335269015,4.5152428984,5.0085453303,0.1723292308,0.1454037723,0.1644781559,0.3944546706,0.2195686744,0.4739488606,0.0040045767,0.0008263412,0.407,0.318,37.725104989679,12.100505374048
"22063",0.0969658514,0.0001775707,6.3925448721,3954,0.1232065642,0.0355018488,13412.76,7.6,0.1907789944,4.1708083002,5.2420683853,0.2324418332,0.1278619505,0.1626524171,0.3783378935,0.2462584812,0.7847312265,0.0010890827,0.0002794357,0.392,0.26,22.1649496690584,17.213205594056
"22065",0.0913436693,0.0002739476,4.5657930783,6364,0.1216498764,0.0276285495,14543.23,6.3,0.3388395653,5.9676573813,5.9713495826,0.1588785575,0.195573033,0.2045414808,0.4450558795,0.3033695064,0.8518977921,0.0062718394,0.0005375862,0.47,0.408,6.10742968821571,6.10742968821571
"22067",0.0951566952,0.000321621,15.679022272,6749,0.1221136767,0.0335900377,13734.62,5.7,0.2832852234,5.3376602528,5.590279348,0.1696608377,0.1729173447,0.1872398143,0.4140170905,0.2766547224,0.7390900318,0.0035435861,0.0007480904,0.443,0.363,49.6650961757876,17.4498986563578
"22069",0.103073222,0.0005241365,11.793070916,5498,0.1311107932,0.0364795077,13557.96,5.5,0.2647989933,5.1595238998,5.420430914,0.1731773061,0.1672175212,0.1840462068,0.4201933347,0.2696646809,0.6905171107,0.0040870173,0.0005432112,0.42,0.343,32.3223146271577,13.1036410650639
"22071",0.1016075767,0.0010611467,10.021940617,4458,0.1227156641,0.034522469,10562.84,6.9,0.2246481752,4.4630126807,5.1727321829,0.2178323069,0.1376110332,0.1595392459,0.3772752821,0.198295343,0.9407118073,0.0053963366,0.0007570216,0.337,0.274,24.9439188946769,10.6780474720363
"22073",0.0938786339,0.0009329393,12.526177754,5564,0.1190516704,0.0342598409,13328.91,6,0.2388068223,4.6976447977,5.2265987608,0.1873748165,0.1487424296,0.1705861939,0.4032688543,0.2385396238,0.7833788707,0.004932837,0.0016054378,0.425,0.325,41.9389256246836,18.253211152712
"22075",0.1129048583,0.0002155451,6.897443635,3375,0.1391129032,0.0527429595,10074.6,6,0.2169444779,4.4301837039,4.9332609503,0.2059996492,0.1384758555,0.1602505358,0.3725607382,0.2240517082,0.4498307439,0.0012387868,0.0003844511,0.371,0.303,24.3832472748135,21.5146299483649
"22077",0.1015339233,0.000276116,5.062126093,3200,0.1238731487,0.042256453,11012.1,6.4,0.2382696082,4.7342298472,5.1130638296,0.1978230217,0.1479001269,0.1711222974,0.4044154958,0.2413560085,0.3383036576,0.0010938924,0.0004557885,0.408,0.322,24.5402536848725,9.20259513182718
"22079",0.1070159688,0.0009178699,13.112427496,4161,0.1359845707,0.0401431937,12217.84,5.8,0.2291691443,4.775613797,5.3327938714,0.180324826,0.1489438724,0.1676052432,0.3925415492,0.2473835576,0.7998601962,0.0049401817,0.001600772,0.435,0.325,23.1495175897751,17.233529761277
"22081",0.0963018868,0.000355366,9.4764273869,10940,0.1185577943,0.042394015,20394.36,7.2,0.2653127162,5.0929541404,5.3924954744,0.181960717,0.1636228229,0.1825564058,0.4131639938,0.2672410909,0.5321746783,0.0008257638,0.0009437301,0.413,0.352,67.4469351319183,39.6746677246578
"22083",0.1112182578,0.0006957559,11.430275321,7701,0.1393643032,0.0434141201,14747.5,6.4,0.2810174756,5.1965912642,5.6225885661,0.1711888837,0.169738357,0.1901573074,0.4079069474,0.274530497,0.4359951749,0.004655309,0.0013371632,0.431,0.352,13.2608407373027,13.2608407373027
"22085",0.1268258503,0.0001256071,12.142019762,5812,0.1576905523,0.0539637898,12669.41,6.5,0.2387468021,4.9513658898,5.3811651983,0.2143856981,0.1536026336,0.1772103948,0.4010179613,0.2588314124,0.2625345603,0.0013315579,0.0004161119,0.387,0.334,27.8866130314143,11.1546452125657
"22087",0.1084522503,0.0002328338,4.44500889,5555,0.1403873471,0.0339759798,14360.32,6,0.2456942992,4.8386158583,5.2499036995,0.1916826173,0.1520849055,0.175037476,0.3819914149,0.2581469942,0.566036159,0.0038312536,0.0004494767,0.414,0.332,19.7723356777674,10.5923226845183
"22089",0.0717062443,0.0003389831,8.4745762712,3699,0.0882644219,0.0313294452,11663.79,7.7,0.1838927679,3.9020462814,4.7969403684,0.2176515716,0.1187072573,0.1479678177,0.3715847353,0.1949918967,0.8105153467,0.0013615991,0.0003593109,0.358,0.265,16.9847640375929,11.9522413597876
"22091",0.1159969674,0.0001973944,8.88274773,5852,0.1411605022,0.0440693858,15169.48,7.8,0.2824287134,5.2835860793,5.4597355322,0.173589503,0.1684607704,0.1849173255,0.4282421285,0.2651235378,0.1867356958,0.000877022,0.0009744689,0.428,0.347,65.6275635767022,72.1903199343724
"22093",0.0801826056,0.0002370118,7.1103526735,3730,0.0982178857,0.0339462518,11473.67,7.5,0.2341168527,4.5156115686,5.1250304201,0.1829910401,0.141336703,0.1662783337,0.4153240997,0.2321209111,0.3183874762,0.0005704235,0.0005228882,0.419,0.306,38.1800827235126,7.95418390073178
"22095",0.0901735068,0.0002801317,4.2019749282,3524,0.1117574065,0.0370266741,11593.8,7.3,0.2338535302,4.2973529666,5.0056950684,0.1766244249,0.1373494134,0.1601539827,0.4374382666,0.2178493672,0.8246015155,0.0028945906,0.0004862912,0.44,0.315,31.1194442067265,9.33583326201794
"22097",0.1041104021,0.0006818957,7.1842579514,5248,0.136031078,0.0353382439,13209.43,6.5,0.2778661801,5.2647778124,5.4940428752,0.1818727332,0.1715218385,0.1885486944,0.40977467,0.2793252928,0.5182529022,0.0021506935,0.0008457784,0.397,0.356,28.8233574745867,19.486213503946
"22099",0.1056960166,0.0001684415,4.6789317063,4114,0.1328451554,0.0380297824,11631.04,7.5,0.2345325135,4.6432646003,5.2462535431,0.2109865665,0.1484571951,0.1719777642,0.3798557367,0.2564155236,0.5993673313,0.0003916376,0.0002983906,0.406,0.315,16.8743672112296,16.8743672112296
"22101",0.1109615001,0.0005066061,7.7004133906,3918,0.1391468268,0.0424207206,12263.7,6.6,0.2718743624,5.2531731463,5.4238760316,0.1837432234,0.1603495504,0.1786161107,0.4006226202,0.2578470531,0.8914181153,0.0012456302,0.0006629967,0.37,0.335,37.9784607872392,15.598296394759
"22103",0.0923229974,0.0007948729,7.5263325641,4321,0.1144711957,0.0391892311,13259.49,7.7,0.1623479,3.716260255,4.6679162402,0.2429104592,0.1133214794,0.145806452,0.3922043245,0.1911781645,0.8131299735,0.0023788215,0.0008833409,0.31,0.23,28.1338557705096,19.6936990393567
"22105",0.1080793508,0.0003561941,8.3854019798,7328,0.136389518,0.0395287645,15355.67,5.9,0.2311340711,4.6949056659,5.3106013322,0.1806209036,0.1468648018,0.1722739054,0.4162934779,0.2398614134,0.6789350686,0.0021229359,0.0010764182,0.408,0.334,38.2432765852455,12.5832716506292
"22107",0.1051468266,0,6.9220119982,5172,0.1316025067,0.0443995964,11579.45,3.1,0.3595566272,6.2810914011,6.1597076822,0.1541206805,0.2096814154,0.214976515,0.4545255947,0.3236826676,0.1530845392,0.0011205737,0.0011205737,0.466,0.4,0,7.70772313858486
"22109",0.1280786579,0.0004254895,5.5223110419,4845,0.162005269,0.0489983189,11947.59,6.7,0.2466096717,4.9589132314,5.2683211028,0.1981116438,0.1570797974,0.1762553221,0.3723532438,0.2635845017,0.8071070982,0.0022067897,0.0009998108,0.419,0.316,35.0092502889772,13.2793707992672
"22111",0.1030563571,0.0001356975,13.117423557,6060,0.125313689,0.0453894909,13548.81,6.5,0.2289182588,4.7301868442,5.1492923879,0.1971787272,0.1471837305,0.1710107522,0.3918279259,0.2479653902,0.3969895691,0.0009852217,0.0003582624,0.399,0.33,49.5435983665626,21.0184962767235
"22113",0.1085574474,0.0003696796,5.713229487,4033,0.1356728142,0.0457131773,12438.15,7.4,0.2280336013,4.6620296749,5.1947051023,0.210687213,0.1477864644,0.1736617691,0.3669091836,0.2398124033,0.5964585596,0.0004011366,0.0004345646,0.401,0.323,13.4289023550938,16.7861279438672
"22115",0.091956987,0.0003373463,8.0119757954,6860,0.1152917946,0.0377136123,14223.62,5.2,0.2111728465,4.4577120048,4.8583992849,0.1972898486,0.140403495,0.1639618891,0.3986744074,0.2427423286,0.6626858257,0.0016373312,0.0012075317,0.422,0.3,15.2583869110783,17.3390760353162
"22117",0.1041185795,0.0001515348,8.4426548902,6425,0.1336494764,0.0352752539,16565.55,6.8,0.2741144667,5.2798459009,5.6243818867,0.1798192264,0.1715934304,0.1909536361,0.3925934385,0.2868574899,0.3937839213,0.0015241939,0.0005581555,0.438,0.345,35.3665490187587,16.6006250496214
"22119",0.1086432331,0.0005998957,12.258737611,5917,0.1362840237,0.040040951,12713.03,5.2,0.2653122273,5.1975269485,5.4108107077,0.1763872987,0.166517226,0.1875249261,0.4055462606,0.2712290362,0.5099861674,0.0023712563,0.0006443631,0.414,0.368,43.4476586056777,20.8548761307253
"22121",0.0802413136,0.0001889288,5.2900056679,3167,0.0977957943,0.0374217199,10729.05,7.9,0.2105191186,4.1974566183,4.8086254125,0.2145474134,0.1321040669,0.1574190306,0.383308506,0.2210119406,0.7357911552,0.0004540811,0.0005676013,0.388,0.283,16.314442046082,17.5693991265499
"22123",0.1202264787,0.0003693444,19.390581717,10064,0.1470191984,0.0546034277,13665.1,6.8,0.2603638574,5.202516998,5.6412938906,0.1964590292,0.1655485361,0.1874675199,0.4062303436,0.2790973348,0.3328162703,0.0005463486,0.0006374067,0.398,0.328,30.8090455357693,18.4854273214616
"22125",0.0820721053,0.0007065776,5.7810894142,2056,0.0951276102,0.0547583082,12218.12,7.3,0.2138824005,4.092800087,4.5164837846,0.2184439341,0.1299603243,0.1475960103,0.4029373394,0.2238728912,0.149952,0.001228978,0.0003234153,0.406,0.277,32.2629212999806,15.056029939991
"22127",0.0988738506,0.000575374,12.226697353,6293,0.1239105171,0.0392156863,13934.58,6.9,0.2541478349,4.9475176018,5.3285254264,0.188324311,0.1598190951,0.1776494655,0.4082296077,0.2652411315,0.802716646,0.0002830055,0.0007075138,0.416,0.326,28.655347804284,28.655347804284
"23001",0.0971779514,0.0008496726,7.8502359689,3501,0.1138378721,0.0518068708,10238.34,8.1,0.1776550512,4.2491686098,4.874149424,0.2117540306,0.1299983335,0.1565628719,0.4039887737,0.2181580549,0.8418042376,0.0048663156,0.001885233,0.35,0.243,81.6633436362684,18.7979772143863
"23003",0.1270225376,0.001133398,10.737454329,4216,0.147641611,0.0625610948,10465.74,7.2,0.2170578705,4.8874951543,5.3833673957,0.1642451607,0.1506359022,0.1722319547,0.3683601388,0.2297631831,0.5563378322,0.0054536514,0.0012516577,0.353,0.282,114.444942031149,14.9276011344977
"23005",0.0780053991,0.0016813388,13.18630658,2533,0.0885013171,0.04477217,10046.5,8.5,0.1174059168,3.1696591772,4.151087241,0.2467059383,0.09545122,0.1230361931,0.3033225892,0.1433444271,0.8384408927,0.0069969376,0.001822474,0.263,0.174,111.653589662908,14.3232382698882
"23007",0.1211041451,0.0010596377,9.9341037783,2578,0.1397741973,0.0609127714,9114.47,8,0.1649019136,4.0149060418,4.617587355,0.2264233404,0.1241521407,0.1491516181,0.335442103,0.1970970793,0.4676612064,0.002909991,0.000969997,0.311,0.215,109.899869008237,19.981794365134
"23009",0.1142313302,0.0011820976,12.91214287,2686,0.1265548255,0.073002611,10776.35,8.4,0.1442998925,3.8450655812,4.6835399605,0.2203159682,0.1196811688,0.1444725889,0.3044220309,0.1831271876,0.695119262,0.0039043258,0.001350094,0.292,0.172,104.920975704426,20.6203073638756
"23011",0.104802799,0.0012019427,14.717666105,3163,0.1204557181,0.0568567478,9526.01,8.1,0.1699454565,4.5192429954,4.9711846743,0.2007725521,0.1326653622,0.1550654196,0.3435883309,0.220868586,0.7652577547,0.0048737334,0.0019249199,0.344,0.209,95.2795775031306,16.8780965862689
"23013",0.1148071723,0.0010560193,15.085990144,1639,0.1300633654,0.0685123043,9063.2,8.5,0.1576555025,3.7892853435,4.4771603219,0.2179960229,0.1165548436,0.1398272804,0.3195254474,0.182534428,0.4481326757,0.0051545096,0.0008297503,0.301,0.182,66.9489681490284,21.7584146484342
"23015",0.1362747495,0.0010971877,10.683143732,3077,0.1503998305,0.0904825737,9914.88,8.4,0.1454944226,3.8300181802,4.7998860726,0.2401377299,0.1154233039,0.1460357679,0.3364991477,0.1853737311,0.566764373,0.0020674393,0.0010773979,0.251,0.18,93.4930747655444,23.1323071584852
"23017",0.1141438643,0.0006554549,9.3143596378,2411,0.1307049685,0.05884579,10553.78,7.6,0.1883894226,4.5498971836,4.8013179529,0.1996254378,0.1426429111,0.1560383528,0.3629633789,0.2173684784,0.4095585565,0.0025686417,0.0006942275,0.336,0.215,122.03194704274,24.7517628435746
"23019",0.1171068231,0.0012882194,9.333017851,4066,0.1341548709,0.0610514212,10513.92,7.6,0.1911989639,4.5220296287,5.1345371737,0.1844361441,0.1398774877,0.1597998297,0.3669612978,0.2192526653,0.6341222559,0.0053873034,0.0023164081,0.343,0.234,95.1859643569232,19.7846115291526
"23021",0.126609984,0.000655347,9.5323205243,4340,0.1423310225,0.0735189151,10451.04,7.4,0.2071687499,4.7776018108,5.2306118802,0.2135327198,0.1494618408,0.1684937267,0.3750656226,0.2442935929,0.4804676362,0.0020833333,0.0010119048,0.335,0.242,144.322967122042,33.6094580969139
"23023",0.0892244338,0.000669344,7.5301204819,3268,0.1010197274,0.0540079591,9161.49,8.6,0.1479866468,3.6334611944,4.6943119552,0.2140236779,0.1127347495,0.1389046941,0.3115752958,0.1794407373,0.8142407843,0.0020766684,0.0004209463,0.306,0.172,85.5543363029367,22.3185225138096
"23025",0.1209585787,0.0005348229,10.498375723,3125,0.1406302493,0.0571669655,10760.25,7.1,0.1997613158,4.8298328786,5.1067214302,0.1972992947,0.1544706925,0.1695911331,0.3788104844,0.2576843273,0.5947576013,0.0017196395,0.0009487666,0.33,0.258,72.5062783845601,27.6842153831957
"23027",0.1141693866,0.0007302027,8.0574090394,3405,0.129212249,0.0661854828,10114.72,8,0.1662105105,4.0594188456,4.7825605487,0.2290237994,0.1229977803,0.1534735651,0.3246166177,0.1950303961,0.4999742175,0.0025192724,0.0008313599,0.315,0.202,56.145878724902,19.2739583682499
"23029",0.1615722442,0.0004780267,5.7363204691,3002,0.1866215665,0.0863175676,10311.06,7.1,0.2067232784,5.0211533129,5.1665268533,0.2154548524,0.1565023656,0.1718342273,0.3759578414,0.2459756486,0.5195702459,0.005620832,0.001111464,0.349,0.236,119.776981620063,26.4993322168281
"23031",0.0863640282,0.0007320327,7.7537673196,2779,0.0992312507,0.046205615,10038.64,8.5,0.1500670156,3.667575004,4.5069200991,0.2389206678,0.111377178,0.1384262602,0.3385629027,0.1697061425,0.7791012068,0.0039810114,0.0006934039,0.299,0.196,86.0441522082525,21.5110380520631
"24001",0.057519885,0.000582254,16.331515565,3712,0.0681818182,0.0251934923,11720.11,6.6,0.1959407273,4.6450611038,4.9382446875,0.1664043547,0.1395002099,0.1545702365,0.4128224122,0.2024926781,0.8249630429,0.0030292356,0.001535752,0.357,0.252,65.2642730127502,16.079603495895
"24003",0.0492691201,0.00069402,8.2004854687,3608,0.057978681,0.0268107183,10156.38,8.7,0.1341950674,3.217929876,3.7225643995,0.1999228052,0.0958891703,0.1129950758,0.3546181408,0.1395572489,0.9191118485,0.0018939953,0.0010433466,0.313,0.189,53.6810963141282,12.8880659961037
"24005",0.0693337141,0.000916156,8.1583813771,4138,0.082217868,0.0343785171,11169.18,8.3,0.170735354,3.5695227944,4.1441946146,0.166362228,0.1076791391,0.1264918792,0.3778528756,0.1521535023,0.9634969672,0.0030563801,0.0010912194,0.317,0.219,68.7802248190641,11.4835173247998
"24009",0.0423899775,0.0004755471,6.2685760605,3825,0.0496510152,0.0243167925,10714.7,8.7,0.1295532059,3.3896994513,3.7538633433,0.1939173422,0.0983411373,0.1174104569,0.3508331814,0.1484427803,0.6142984324,0.0018368966,0.000565199,0.34,0.186,45.028818443804,9.00576368876081
"24011",0.0852929454,0.0003292822,10.477159792,3505,0.1030933012,0.0404002965,11559.28,7.9,0.2074103914,4.6834788985,5.0602407325,0.1648845405,0.1419401594,0.1558553539,0.4017854203,0.2115430805,0.4765317849,0.0004503963,0.0008707663,0.379,0.264,77.8427576295882,15.9677451547873
"24013",0.0449173267,0.0004511805,9.7360000475,3727,0.0504069388,0.0309677419,10587.43,8.7,0.1253185925,3.3827512929,3.9551450915,0.1953993418,0.0979588271,0.1193669966,0.3371970367,0.1496022258,0.8650902868,0.0021492736,0.0006946547,0.294,0.178,99.4134016380483,12.2537393669165
"24015",0.0576532873,0.0004083418,6.7084730932,3708,0.0684470413,0.029138742,12068.54,7.8,0.1713853446,4.1866955131,4.4901795952,0.1786509455,0.1213946751,0.1412342335,0.390357396,0.1858013856,0.812368952,0.002042285,0.0005348842,0.377,0.247,32.6755095438369,18.7641539954707
"24017",0.0476840205,0.0003675187,5.9415522765,4045,0.0544623897,0.0305303689,11036.45,9,0.1509020905,3.1751814379,3.6704928007,0.155847621,0.0982882402,0.1179487617,0.4157446489,0.1499422404,0.7736146461,0.0015603425,0.0007492121,0.402,0.238,39.6569064342309,9.60760104334459
"24019",0.0705628762,0.0004384729,10.335431739,2798,0.0843786263,0.0331532058,10364.46,7.5,0.207918414,4.2947064655,4.6518281506,0.148632023,0.129555335,0.1456812217,0.3862402294,0.2058690694,0.6763750077,0.0024064004,0.000687543,0.398,0.268,77.2603883900606,14.6168302359574
"24021",0.055234266,0.000635723,10.325682824,2816,0.0659734695,0.0286718224,10500.63,8.7,0.1273087464,3.1529407926,3.8413427264,0.1965803839,0.0942911236,0.1161901395,0.3303654204,0.1434304111,0.9209846391,0.0022100701,0.0009544374,0.314,0.192,62.663707333576,13.0709573579238
"24023",0.0752950753,0.0005169918,12.063141931,3228,0.0879282892,0.0347234981,10686.54,7.7,0.1737218849,4.1663031714,4.6074766255,0.1617127854,0.1263122151,0.1459356346,0.3668349079,0.1836125661,0.7287769545,0.0015430511,0.0011658609,0.331,0.243,58.6011559365269,17.2356340989785
"24025",0.046226857,0.000544157,7.3598208588,3055,0.0539679885,0.0261405714,11222.99,8.5,0.1563714472,3.6360016937,3.9896757675,0.1592290408,0.1060053629,0.122928333,0.3810799887,0.16414126,0.9037193762,0.001854652,0.0008269149,0.322,0.197,54.1632624294899,14.2260135055769
"24027",0.045336508,0.001943566,8.8734686358,2609,0.05218005,0.0295691731,9654.95,9.2,0.1112403829,2.5632752697,3.3687538284,0.1475618995,0.0744764689,0.0954541605,0.3436605392,0.090891895,0.9645157358,0.0029208282,0.0009251352,0.255,0.169,55.6757542324831,7.98292064362809
"24029",0.0834359606,0.000720832,13.90176089,2676,0.0933492395,0.0511089682,10720.52,8.3,0.1617028451,3.8261334908,4.2159396726,0.1862399632,0.1173106969,0.1326463207,0.3349034461,0.1733987909,0.5742436996,0.001805706,0.0007222824,0.324,0.211,89.6598099901719,17.2422711519561
"24031",0.0806646057,0.0013971798,8.8323079734,2185,0.0985443226,0.0350246021,9757.79,9,0.1226506409,2.8633319344,3.3624249315,0.141126171,0.0842180184,0.0989504211,0.3376459169,0.0921009133,0.9979295661,0.0031256918,0.0008873544,0.216,0.166,51.1557426124483,8.20900702393068
"24033",0.1024865746,0.0005300623,8.0279151504,3855,0.1245253237,0.0402991397,9702,9.1,0.1800494858,3.5080111418,3.8119189825,0.1279216448,0.1057561632,0.1180570038,0.4456513421,0.1304438881,0.9831194552,0.0014604512,0.0006488451,0.369,0.234,33.6846333927976,6.56098952917386
"24035",0.0571110286,0.0003374288,7.3440384272,2883,0.0659022898,0.0337789661,10156.41,8.7,0.1305094725,3.3901387754,3.9436174262,0.2137716819,0.0998818964,0.1207833531,0.3312199053,0.1638008887,0.8216452571,0.0010149052,0.0004577023,0.302,0.181,46.7723766296221,13.8340832284798
"24037",0.0520044126,0.0004052506,6.4311514404,4040,0.0610517512,0.0299644128,10755.89,8.3,0.1569233926,3.5687903882,4.0320281086,0.170235484,0.1071543176,0.1283154418,0.3905921343,0.1669222345,0.7654896292,0.0011449975,0.0004793013,0.365,0.214,66.8894358697534,12.6151129052605
"24039",0.0750418968,0.000390381,10.930668332,3890,0.0905654037,0.0320915619,11090.87,7.2,0.2376772862,4.735808459,4.6364852923,0.1480464916,0.1474965181,0.1573450148,0.4175729507,0.2181128731,0.609973555,0.0027263875,0.0006231743,0.404,0.304,36.4849369331804,13.030334618993
"24041",0.0798521542,0.0010220274,12.640864958,2004,0.0912527837,0.0479041916,10145.12,8.2,0.1387746255,3.3541799767,3.8288578284,0.2037080139,0.1016893205,0.1211599518,0.335089607,0.1572525121,0.7562860621,0.0045985717,0.0016500757,0.32,0.198,122.389107369444,12.5988786997957
"24043",0.0671160311,0.000575972,12.64490331,3870,0.0802798834,0.0330311648,10569.62,7.5,0.1844454983,4.0371308971,4.6228351487,0.1635900472,0.1250225571,0.1459163045,0.374872694,0.1949143,0.745730177,0.0024515325,0.0010269934,0.374,0.264,77.6834443779918,15.2277206309132
"24045",0.0845469403,0.0005887519,8.9760542038,3238,0.1032782273,0.0350727482,11180.31,7.3,0.1823711959,4.0025831169,4.8249996248,0.1602645507,0.1221839906,0.1459262036,0.3937521375,0.1864992103,0.7716265079,0.0032172101,0.0020931247,0.387,0.232,40.8630797248338,11.5832351975907
"24047",0.0739375017,0.0008416864,16.833728671,3023,0.0858219468,0.0367456897,10312.95,7.5,0.1565611657,3.7159372012,3.9882699244,0.1974399985,0.1129127687,0.1296992284,0.337334206,0.1655599971,0.8957321102,0.0022576848,0.0009455261,0.322,0.23,46.6447713128267,12.1404199307357
"24510",0.0700269216,0.0012519166,9.9748942695,5455,0.0833959125,0.0279663943,11715.09,7.6,0.2122454066,4.2991429354,4.9347603487,0.1786659342,0.1313976601,0.1494599821,0.4405631424,0.2137505711,0.9960883212,0.0045975485,0.0025560378,0.374,0.253,59.1992889351759,9.14643042315988
"25001",0.038273247,0.0009343162,12.676651486,2636,0.0435906547,0.019572033,10913.08,8.6,0.1268910575,3.4235324798,4.5422407049,0.2645436786,0.1019185241,0.1337931099,0.3269595156,0.1612540058,0.9157804047,0.0051964969,0.0009605788,0.262,0.158,129.931656886612,15.0101553082007
"25003",0.0385206819,0.0011925343,10.404661288,3472,0.0445504493,0.0178512083,10333.89,8.3,0.151167217,3.9164728912,5.0018871149,0.2635805747,0.1190283336,0.1476430213,0.3799866998,0.1863153553,0.8532605796,0.0086744547,0.0012109412,0.247,0.196,118.394202142802,15.4311544365899
"25005",0.0385681881,0.0005236927,7.8730823737,5095,0.0455339205,0.0181084333,11468.27,8.5,0.160768431,4.1875944863,4.8958820212,0.2400377532,0.1264229863,0.1564266973,0.3618745139,0.1948405398,0.9548628906,0.0048969721,0.0009254958,0.274,0.226,97.7002412730159,12.4999705189375
"25007",0.0505984766,0.000692361,21.924763443,3671,0.0577411813,0.0281111813,10957.57,8.5,0.1247351419,3.4284635437,4.3040451953,0.2564904804,0.1027478285,0.1307118533,0.3370299924,0.153119943,0.8835198065,0.0069156293,0.0009797142,0.25,0.17,99.7219292357848,72.8737175184582
"25009",0.0386729581,0.0007224023,8.6434805091,4388,0.0459455865,0.0185037181,11192.2,9,0.1479110812,3.421737798,4.3202589336,0.2481403776,0.1073481325,0.128615126,0.3459866557,0.1496439052,0.9573348368,0.0057662293,0.000961249,0.273,0.224,100.002741534458,8.94162007815482
"25011",0.0334948903,0.0006554574,11.541749786,3708,0.0385929455,0.0159915578,9678.12,8.6,0.1480906397,3.9163353444,4.9814366833,0.2321283705,0.1167184294,0.1427372811,0.3367683786,0.1821286878,0.7923555456,0.008116906,0.0009018784,0.262,0.194,112.104441606357,16.0824937325576
"25013",0.0425403579,0.0006732823,8.6626126783,4558,0.0521732502,0.0155968629,10222.97,8.3,0.1906628797,4.4596520874,5.031135255,0.2295885959,0.1369168607,0.1539043307,0.3632188193,0.1852086817,0.9516731753,0.0092558343,0.0015199636,0.318,0.239,119.934550002713,11.0653900300122
"25015",0.0320478001,0.0013741217,9.3887956227,3298,0.0366802858,0.0152637394,9483.72,8.1,0.1356093815,3.773270881,5.0316327825,0.2253609655,0.1114764284,0.1386305257,0.3357456639,0.1608669768,0.8512462045,0.0091413343,0.0010163924,0.232,0.169,108.977513823808,9.30548030753578
"25017",0.0312865127,0.0012781543,9.4930877292,3836,0.0369138829,0.0141385615,10849.65,9.4,0.1111837548,3.2878448325,4.0496557618,0.2273189072,0.0959398771,0.1148554233,0.327691597,0.123286443,0.9771144014,0.0057985501,0.0009462976,0.209,0.159,81.3723998054507,8.3750500435089
"25019",0.0412839302,0.000526362,17.545398719,2488,0.0471980413,0.0244200244,9639.18,9.1,0.1200066166,3.1459183199,4.0547207275,0.2358483325,0.0950829423,0.1179458893,0.3330130888,0.1315983698,0.954187967,0.0039728083,0.000706277,0.252,0.176,38.120931323676,35.1885519910856
"25021",0.0235490117,0.001281879,10.130522443,4309,0.0278337178,0.0118265695,11187.22,9.4,0.1144599101,3.195190339,4.1383190257,0.2217727954,0.0926963327,0.1165674701,0.3495638883,0.1324086337,0.936599836,0.0060959359,0.0009810204,0.234,0.165,88.2835934863394,8.90848861127504
"25023",0.029763969,0.0006293145,8.8641256173,4838,0.0355780091,0.0141204226,11977.09,9.2,0.1372000083,3.6874610283,4.3706928816,0.2569115142,0.1095731719,0.1372607779,0.3694231373,0.1660316599,0.8666367628,0.0054329785,0.0008163943,0.247,0.204,87.0081480571592,10.9399950865987
"25025",0.0477033444,0.0015437109,9.9016428517,4742,0.054866071,0.0187187397,10934.17,8.8,0.177676318,3.8601552647,4.6735432976,0.2299233612,0.122710362,0.1340270452,0.3766744688,0.1575336715,0.9987701223,0.008232869,0.0031254181,0.233,0.218,51.3938296733881,6.71435516700715
"25027",0.035072101,0.0009980472,8.5478111584,4216,0.0421784473,0.0148177011,11336.16,8.8,0.1473405634,3.8394397948,4.6409531022,0.2208404945,0.1149998397,0.1403269433,0.3864678385,0.1761507813,0.922953045,0.005031059,0.0013757178,0.298,0.217,95.6368017800811,10.1578970824351
"26001",0.0969613681,0.0005766458,12.493993272,2817,0.1070887036,0.0550595238,10248.47,7,0.1963807142,4.7852144719,5.1335396544,0.2075393293,0.1481642891,0.1662364762,0.3866521623,0.2409482871,0.7153171267,0.0005790388,0.0005790388,0.372,0.217,54.3617293425429,60.7572269122538
"26003",0.083462666,0.0007685551,10.979358805,1613,0.0957399103,0.044397463,8947.22,7.6,0.1969630292,4.6739526725,4.8089242992,0.2261169558,0.144724343,0.155920464,0.3947835383,0.239649753,0.9427143006,0.0006595581,0.0013191162,0.403,0.217,91.844232182219,91.844232182219
"26005",0.0706613732,0.0002201878,10.41657845,3149,0.0845584551,0.0367657174,10512.84,8.4,0.1723232175,4.287705108,4.7224683237,0.2307241033,0.1309282259,0.1499298925,0.3742238327,0.210304392,0.6816296855,0.0008778883,0.0003324043,0.351,0.196,53.621572805396,17.4975658628134
"26007",0.0704033771,0.0006336913,12.673825031,3288,0.0823733432,0.0339200587,10698.47,7.3,0.1876232366,4.813420836,5.0079980716,0.2218087873,0.1452274176,0.1601561074,0.3972402169,0.2375843281,0.7493411717,0.0029619182,0.00151622,0.37,0.218,31.7635848146536,11.7642906720939
"26009",0.0922300949,0.0006002401,9.8610872921,2904,0.1051089109,0.0528052805,9346.26,8.4,0.1721828122,4.3610741155,4.7350191946,0.2166750093,0.1320571255,0.1510354143,0.3684741103,0.2225126382,0.6747243427,0.0003423925,0.0004707896,0.355,0.187,78.4168353816761,48.4758618723089
"26011",0.092045977,0.0003359538,7.3909830007,4178,0.1059065602,0.0495085548,11590.58,7.6,0.2128766428,5.1316298845,5.3092061838,0.2126889653,0.1581466064,0.1729778887,0.3882392443,0.2551943549,0.6976539405,0.0019945482,0.0012632139,0.368,0.227,37.8813200525882,55.7078236067473
"26013",0.0916958203,0.0009745401,6.0908758679,1196,0.1054446908,0.0529209622,9976.24,7.5,0.2190530707,5.0281290877,5.0673523524,0.2040793173,0.1576666582,0.1663338957,0.4150937508,0.2602464537,0.2566591422,0.0013221154,0.0010817308,0.414,0.235,76.9448831652695,80.9946138581784
"26015",0.0643844475,0.000341186,9.5857026807,3198,0.0752646563,0.0357066343,9690.35,8.9,0.1659022671,4.25686342,4.5364362531,0.2195012392,0.1301056716,0.1488700163,0.3685131252,0.2187210831,0.5666097713,0.0010791896,0.0007031084,0.352,0.191,29.7670592310357,15.695358503637
"26017",0.0696595576,0.000387875,9.5029381533,5966,0.081796628,0.0338400715,12376.27,7.5,0.1916805799,4.7369754307,5.1849300394,0.2241397614,0.1428618219,0.1621382513,0.3915429247,0.2144620971,0.8587096714,0.0024922298,0.0007698007,0.381,0.211,47.1826161144792,16.1584301761915
"26019",0.0854853765,0.0005628729,13.508949679,2193,0.0953647805,0.0548406863,9091.15,NA,0.1610452779,4.1497125253,4.7092821909,0.2290135489,0.1264877045,0.1461156954,0.3661756139,0.2077684198,0.8867902996,0.0012955557,0.0009575846,0.361,0.189,103.05221937007,86.1891289276948
"26021",0.0848918455,0.0007887823,12.972536033,3095,0.0983827956,0.0490175801,9579.39,7.2,0.1904213838,4.4638732562,4.8834252194,0.1900195106,0.1399199839,0.1550349444,0.4192410793,0.2193516909,0.8670645929,0.0022122602,0.0008628464,0.383,0.208,39.2993853228738,14.9815336313718
"26023",0.0856938611,0.000436611,11.489762622,5443,0.1021426475,0.0462439024,10271.83,7.5,0.2062265428,4.8569979853,4.9430934377,0.204714831,0.1494430047,0.1639222666,0.3927151461,0.2486753267,0.6240496818,0.001512998,0.0005960295,0.378,0.227,48.2525677259254,19.1478443356847
"26025",0.0718150054,0.0006037612,10.957147862,3986,0.0857120614,0.0362873285,10730.37,6.9,0.1885882334,4.3552694849,4.5650914599,0.1970920969,0.1405704392,0.1544915391,0.3947431495,0.2206476876,0.7670001322,0.003219642,0.0012640627,0.391,0.235,47.9829747455411,19.3920830577834
"26027",0.0799252336,0.0001930987,9.461834051,3313,0.0927730752,0.0443060819,10063.95,8,0.1819628883,4.5203883735,4.9582369284,0.2184421977,0.1378333232,0.1564906452,0.3786803581,0.217664136,0.6193754422,0.0011035177,0.0002903994,0.352,0.206,26.4475178036949,21.2870265249252
"26029",0.0821079692,0.0008032743,14.152928126,2738,0.0961459894,0.0397535281,9389.39,8.4,0.1629038178,4.2293534748,4.6416374071,0.2150104067,0.1257249316,0.1447818109,0.3654077655,0.1957307025,0.8377586805,0.0018670934,0.0006096632,0.355,0.18,100.647199714621,20.3842429801763
"26031",0.0913072776,0.0005538851,13.05586327,3274,0.1054757954,0.0426653883,10082.49,7.2,0.1930162922,4.6753466292,4.9667593917,0.2161847375,0.145661726,0.1607342058,0.3935602806,0.2324733639,0.7809345366,0.0009443985,0.0005902491,0.391,0.205,69.6873274252505,23.6673942198964
"26033",0.1000584454,0.0006425875,8.3000883558,4342,0.1176931106,0.0494905386,9642.9,6.7,0.2146411497,5.0102080592,5.1736560166,0.2020915276,0.1572160186,0.1653038615,0.40059833,0.2460489254,0.8550363448,0.00319855,0.0009329104,0.387,0.224,56.3385319788239,21.4622978966948
"26035",0.0967657912,0.0002907916,10.662358643,4935,0.1147445255,0.0450305564,12308.7,7,0.23179481,5.4090260483,5.4240395749,0.1957215107,0.1697453543,0.1815184661,0.4113373818,0.2684679009,0.6579253702,0.0010079006,0.0007803102,0.395,0.244,46.4975453621402,24.8707800774238
"26037",0.0580582258,0.0003015265,6.6587097179,3597,0.0687415707,0.0299684543,10680.49,8,0.1466008387,3.8231796739,4.4507743721,0.2035469316,0.1148690455,0.1377291874,0.3760124028,0.180880735,0.7233291767,0.0011218676,0.0002899208,0.334,0.17,40.2212166918049,11.3122171945701
"26039",0.0782210085,0.0007840901,7.1280918098,3459,0.0898487567,0.0420038536,10994.67,7.5,0.1908444057,4.7840241193,5.1405116927,0.2085340522,0.1449302719,0.1624963715,0.3926244791,0.2369244455,0.9915446923,0.0014387454,0.0012948709,0.369,0.214,90.6683209658562,14.3160506788194
"26041",0.0762331839,0.0007545272,15.09054326,1301,0.0905497846,0.0358038451,8340.21,7.5,0.188203172,4.8013563104,5.2080778478,0.2123483568,0.1431427168,0.1612420832,0.3890564531,0.233636965,0.9329358763,0.0015338707,0.0009482109,0.393,0.214,66.1986144909699,29.8359952635358
"26043",0.0633310912,0.0008716669,16.640912873,1887,0.0725132349,0.0375739081,8858.16,7.4,0.1703134799,4.3025654504,4.7795385099,0.2169703251,0.1315500647,0.1502572105,0.3809405148,0.2087469062,0.8927315806,0.0031123193,0.0019304259,0.36,0.193,83.1858874481739,14.5245200306335
"26045",0.0590485922,0.0003718214,11.426705844,3973,0.0695869228,0.0297117704,11272.34,7.7,0.1603644173,4.0878414672,4.4335228849,0.210599704,0.1220233995,0.1409825298,0.3839180574,0.1863384402,0.7169145965,0.001693588,0.0004734762,0.362,0.187,56.6251415628539,18.4713028627491
"26047",0.0809598741,0.0013167739,15.861140206,3185,0.0921381032,0.0476626948,9411.42,7.7,0.1544387032,4.1113175147,4.7454942178,0.2109562858,0.1246514196,0.14337333,0.3778552468,0.1983559069,0.8756958463,0.0030623274,0.0019214603,0.347,0.177,71.9532304002398,16.9889571778344
"26049",0.0663296938,0.0008895723,9.2160674991,4860,0.0807827061,0.0275955544,12435.53,6.7,0.2021136596,4.8977136487,4.8893311416,0.1871529427,0.149556508,0.1629470272,0.4104466027,0.2365922044,0.8571925127,0.0028705406,0.0008478908,0.421,0.247,36.714609211178,15.687897895604
"26051",0.094463611,0.0001964714,6.6800267201,4147,0.1082621083,0.0535123967,10684.66,7.1,0.2126948649,5.0667175714,5.3429560015,0.2119441374,0.1579077891,0.1731453849,0.4076963024,0.2566288098,0.6481784213,0.0011051032,0.0003157438,0.388,0.234,44.6135677732581,19.682456370555
"26053",0.0854805726,0.0007871199,12.880143113,3031,0.0984939358,0.0434600919,9704.61,7.4,0.1997699292,4.8073782644,4.9833342572,0.2088257609,0.1487171268,0.1603247052,0.4035150658,0.2476633955,0.9030255068,0.0017885533,0.0010598834,0.386,0.223,95.542143406427,102.533031948361
"26055",0.0716853226,0.0013213304,10.420247508,3483,0.083647902,0.0372150721,10139.25,8.1,0.1442544084,3.6689658332,4.4818808876,0.2309182973,0.1150751816,0.1395805006,0.35914211,0.1930969108,0.9055020348,0.004310112,0.0024413166,0.339,0.162,68.7548567070005,15.7563213286876
"26057",0.0662223633,0.0005158311,13.509862199,4220,0.0779929492,0.0353173623,11949.82,6.4,0.2071014636,5.0401466218,5.0498872168,0.2015378148,0.1525568185,0.1622638857,0.4215279301,0.2404021861,0.5486392316,0.001650287,0.0012315574,0.395,0.223,31.2517990344839,18.9155625735034
"26059",0.081121954,0.0003289113,11.621532727,4542,0.0977364244,0.0369702435,10669.31,7.9,0.1975821695,4.6528245221,5.0693667682,0.2142402611,0.1460178334,0.1646772429,0.4030059682,0.2482396069,0.6097712474,0.0014645129,0.0005246016,0.356,0.216,40.1424692727644,20.4361661752255
"26061",0.0837878222,0.0007005941,12.050218585,3048,0.1021849593,0.0346076459,9250.16,7.4,0.1829083466,4.5840452174,4.7486137613,0.2030824704,0.1423426783,0.1544331451,0.3815978512,0.2188816605,0.788003713,0.001822248,0.0009387338,0.345,0.206,55.1252464285381,16.8178717917574
"26063",0.0828274831,0.0005487234,17.107259288,2762,0.0963243115,0.0444770283,11712.46,7.4,0.1887388778,4.616983012,4.9166571569,0.2187549958,0.1414898131,0.1604567955,0.3834135376,0.2297097218,0.6045956881,0.0012513637,0.0009305012,0.346,0.219,52.801724137931,16.1637931034483
"26065",0.0747973079,0.0010499101,13.748007907,4150,0.0887786311,0.0322150371,10911.42,6.7,0.1641360783,4.4656686299,4.8788119939,0.1980311751,0.1310987271,0.1452965433,0.3852716868,0.1860133528,0.8935901315,0.0038020735,0.0012605257,0.329,0.2,46.9312018270054,13.0174136454468
"26067",0.0697744664,0.0002627633,9.1194336677,4708,0.0857286939,0.030063399,12089.55,7.9,0.1927119709,4.5872028524,5.0200673751,0.21135953,0.1408966423,0.1569577856,0.3832783416,0.2330857007,0.7457788905,0.0014016508,0.000607382,0.394,0.227,52.2071746097384,13.9563734105241
"26069",0.089529766,0.0004377761,15.521152545,3787,0.1045272466,0.0415005862,10118.1,7.1,0.2024805853,4.8463021149,5.1407251659,0.2254151998,0.1516642439,0.1683716658,0.3945250869,0.251943743,0.8961254684,0.0019536701,0.0009967705,0.403,0.23,57.0685353294049,23.8891543239369
"26071",0.0837773042,0.0006325682,11.747695644,2223,0.0965142757,0.0446428571,11060.59,7.5,0.2016693249,4.9737786921,5.0806338121,0.2133471562,0.1503354898,0.1651220552,0.3900155014,0.2407337163,0.8761953118,0.0011693802,0.0009894756,0.353,0.226,57.1445757767151,42.1065295196848
"26073",0.0932099874,0.0004436684,8.3008930616,4269,0.1064014236,0.0462051445,11596.7,7.4,0.2097686243,4.7876693006,5.1555187338,0.2117689247,0.1542481251,0.1686713071,0.3833803069,0.2343767012,0.758672185,0.0026926674,0.0009211757,0.37,0.224,23.3402242566853,10.9556154674237
"26075",0.0685117631,0.0004416125,8.8953378336,4074,0.0830271028,0.0306090159,11379.37,7.2,0.1845275017,4.512982992,4.5447517465,0.1921978072,0.1375657171,0.1504230804,0.3934746312,0.2232323978,0.7207391044,0.002738898,0.001032596,0.385,0.194,61.3596540243288,20.2423600905002
"26077",0.067569121,0.000999751,10.337048131,3273,0.0812121212,0.0294984246,9793.43,7.6,0.1637574313,4.3590343977,4.8612089156,0.2260326006,0.1283104678,0.1476285113,0.3944514501,0.1932821229,0.7830911873,0.0038094159,0.0015026239,0.397,0.183,36.184359310688,14.9511762429579
"26079",0.0940951572,0.0002771926,6.6526222419,2924,0.1118396047,0.0431216931,10855.2,7.6,0.206812659,4.9073047311,5.1677126167,0.2126205054,0.1517855843,0.1704370477,0.4038942089,0.2640638111,0.7378301172,0.000448833,0.0006171454,0.396,0.235,64.9772579597141,22.2779170147591
"26081",0.0744172162,0.0009270041,12.34483336,3331,0.0900929586,0.0351996935,10658.25,8.4,0.1730802613,4.0943505871,4.5967647466,0.2184264972,0.125519695,0.140019838,0.3575979095,0.1796194874,0.9103052992,0.0034812615,0.0018752313,0.347,0.169,39.1987809788423,11.1706370665095
"26083",0.0596786534,0,0,3058,0.0625,0.0503144654,11186.32,7.7,0.158381947,4.1658861378,4.6431861284,0.2248894169,0.1245698058,0.1447664976,0.3740513918,0.2016726979,0.0918367347,0,0,0.349,0.168,15.7529930686831,15.7529930686831
"26085",0.0917156066,8.43668e-05,10.124019236,2850,0.1047401857,0.0486431132,11647.98,7.2,0.257308877,5.8111949709,5.6761714949,0.1844845631,0.1809858265,0.1877291435,0.4221101644,0.2913555105,0.9122974261,0.000673344,0.00042084,0.391,0.26,76.4417768466352,39.6364768834404
"26087",0.0768944916,0.000353853,10.044859429,4219,0.0894030277,0.0402233425,12129.16,8.3,0.1781917828,4.5720321592,4.6902134468,0.2330015527,0.135763861,0.1513000665,0.3810872159,0.2196954216,0.5824228082,0.0014200027,0.0004203208,0.383,0.226,34.1854370038364,15.5733657461921
"26089",0.0889475108,0.0003676302,14.705206562,4312,0.0981345593,0.0605564648,9672.59,8.9,0.1352974559,3.7005915441,4.2517948013,0.230479705,0.1097384467,0.1300856309,0.3695654828,0.1708329287,0.5921779989,0.0005054218,0.0003216321,0.327,0.161,84.2679414107986,16.8535882821597
"26091",0.0733038801,0.0002234614,12.493524698,3195,0.0881791577,0.0333428735,10701.79,7.5,0.1867709283,4.5673032611,4.8657021913,0.2218177138,0.1351619046,0.1522941608,0.3903439993,0.2141009719,0.7127497698,0.002279527,0.0004986465,0.41,0.219,30.5576776165011,15.618368559545
"26093",0.0500363544,0.0004843876,7.604364697,2825,0.0592558722,0.0243512599,10576.86,8.8,0.1329954568,3.4869771523,4.2037980725,0.2301276782,0.1075895429,0.1302271841,0.3381358356,0.1741653738,0.8876811794,0.0018460026,0.0004183575,0.335,0.155,26.930574715839,15.9845991861754
"26095",0.0880337375,0.0011237759,12.843152994,3341,0.1039375665,0.0451488953,10662.01,6.6,0.2169082528,4.9981062415,4.9690036614,0.2084557082,0.1541754025,0.1606294876,0.4133288329,0.2520472022,0.6985371739,0.0014324367,0.001750756,0.399,0.224,69.7499731730872,64.3845906213113
"26097",0.1303892019,0.0007408093,15.742198352,1393,0.1463496316,0.0741789354,10595.62,5.9,0.2079471479,4.9816786546,5.1269148863,0.1990214111,0.1542397612,0.165317404,0.4137538467,0.2460707539,0.8851795195,0.0017613794,0.0006489293,0.385,0.229,107.941403238242,92.5212027756361
"26099",0.0728216326,0.0005446399,5.4463987405,5336,0.0860569788,0.0340774936,13204.59,8,0.1694377691,4.3228791298,4.8462071409,0.1890562169,0.1284049508,0.1482154334,0.3831798748,0.2216333959,0.9464361731,0.0018656567,0.0006401763,0.365,0.212,46.3443330500755,15.9952846358992
"26101",0.0820488499,0.0004886391,11.401579933,1953,0.0953426376,0.0419340055,9049.9,8,0.1852494243,4.4503793676,4.8193636891,0.2183706031,0.137461946,0.1556716528,0.3881802206,0.2222813969,0.8954837666,0.0012638617,0.001060013,0.37,0.204,18.9640225400954,28.446033810143
"26103",0.0640439525,0.0011694328,15.892292238,2571,0.0746726035,0.0305865126,9050.38,7.6,0.1694351756,4.3221111622,4.6726368047,0.2346863964,0.1329283422,0.1485690627,0.3773212013,0.20313231,0.8395724317,0.0037284262,0.0015484996,0.344,0.189,91.4347723424885,20.5979432200112
"26105",0.0824822533,0.0007548724,12.009332967,3982,0.0981720965,0.0392739274,10638.51,7.1,0.1852103471,4.4562743636,4.9068193213,0.2130969509,0.1386283857,0.1563516646,0.3822357529,0.2206043169,0.8529872844,0.003024055,0.0008591065,0.371,0.21,60.6351821343584,16.0168405637928
"26107",0.0807566047,0.0005293075,11.046417969,3185,0.0944676625,0.0392870135,10363.85,6.3,0.1985441804,4.7582203253,5.0198936082,0.2062548878,0.1495003943,0.1653245682,0.3897793517,0.2413877131,0.6783961867,0.001286026,0.0006200482,0.38,0.221,64.1686719376647,9.93086589511478
"26109",0.0803661654,0.0002633889,11.413520632,2235,0.0910642259,0.0460763139,10081.72,7.6,0.1850573574,4.7467966348,4.9031332558,0.2135747879,0.1434949407,0.1594921467,0.3799716658,0.2294214333,0.7229181406,0.0011312709,0.0004351042,0.377,0.211,45.3408608913136,30.7147767328253
"26111",0.0628930818,0.0010101496,10.221751888,2911,0.0736664704,0.0339908133,10459.12,8.1,0.1535137991,4.0250012794,4.4395809548,0.2200750949,0.1201157429,0.1401608845,0.3710363539,0.1916188648,0.8290305994,0.0023915682,0.0013219724,0.355,0.182,50.8394514142975,11.2086979496089
"26113",0.0977653631,0.0001984389,9.9219473475,3194,0.1147657359,0.0554292211,10213.32,7.8,0.2049270054,5.0104001147,5.1557610148,0.2038991779,0.1543640425,0.1688408434,0.4030720695,0.2520928431,0.6658360832,0.0001985046,0.0001985046,0.376,0.218,68.3075160302316,70.5109842892713
"26115",0.0549397432,0.0003322259,8.0398671096,4886,0.0637378625,0.0307905938,11967.3,8.2,0.1741286845,4.4519214512,4.8283675464,0.2275360883,0.1335244575,0.1521945266,0.3925135982,0.2103177352,0.7872925451,0.0016485087,0.0005051881,0.391,0.195,27.4635830673722,16.8325186541958
"26117",0.0833130674,0.0003913098,11.42624593,4079,0.0987225459,0.0436145754,11841.9,8,0.210879753,4.8849259637,5.1154465004,0.2098333439,0.1514282476,0.1657846855,0.4370418067,0.2559714572,0.6618831107,0.0019697349,0.0010005003,0.394,0.224,62.1955553697238,24.0419793866159
"26119",0.0893727657,0.0007504288,11.79245283,2665,0.1004774756,0.0495750708,10253.37,7.2,0.2070866459,5.0137565928,5.326043666,0.2143055186,0.1538587256,0.17174963,0.3937605873,0.2567351176,0.7164362519,0.001295197,0.0014031301,0.384,0.227,64.4468313641246,35.8037952022914
"26121",0.0693556995,0.0005876727,10.485924663,3361,0.0849165917,0.0300428129,11059.51,6.5,0.200627252,5.1452285284,5.1713519787,0.2032457307,0.1552672676,0.1661657379,0.4080058525,0.2458144515,0.7682184589,0.0021026799,0.0013076941,0.387,0.228,52.0116613599418,16.313620721753
"26123",0.0879228801,0.0004083299,13.679052675,3196,0.1039452094,0.0463210404,10202.83,7.9,0.2157253321,5.1924691395,5.2210163914,0.2018396631,0.1583663716,0.1710717709,0.399762521,0.236886993,0.7884028064,0.0018612452,0.0008794895,0.39,0.233,63.1707648417335,16.3021328623828
"26125",0.05743335,0.001449605,8.1505489892,4520,0.0652675777,0.0351984504,12159.76,8.5,0.1352316747,3.7381762223,4.134126986,0.2187135726,0.1122441584,0.12399095,0.3757891023,0.155634121,0.9445233632,0.0034347177,0.0012984424,0.321,0.176,42.4110481974111,12.7843184685129
"26127",0.1125653172,0.0005289606,9.8235538595,2397,0.1348771075,0.0558975212,10129.36,7.7,0.221001751,4.9495453862,5.1808652513,0.2039334057,0.1551437956,0.1663520755,0.3894588359,0.2390516308,0.8901768912,0.0003380282,0.000713615,0.376,0.233,35.0389808662137,7.50835304276007
"26129",0.0871619848,0.0002381293,10.001428776,4628,0.1007326007,0.0471270161,11109.86,7.4,0.2160604291,5.1095564362,5.2536033745,0.2073503635,0.1605240558,0.1743204634,0.3959993005,0.2597966209,0.6807226139,0.0008113784,0.0011454754,0.384,0.232,47.7159944013233,31.8106629342156
"26131",0.0817538897,0.0003496503,10.48951049,2138,0.090813094,0.0469798658,8783.44,6.6,0.1924897342,4.7674753411,5.1562254234,0.2127520811,0.1463020782,0.1640397563,0.388482376,0.2423613264,0.7162241888,0.0003451251,0.0003451251,0.384,0.221,87.3565895987421,58.2377263991614
"26133",0.0874979154,0.0002557545,14.919011083,2366,0.102903992,0.0474732006,9998.18,7.8,0.2177040331,5.1939396802,5.2160736015,0.2067384329,0.1613109345,0.1740805139,0.4008319291,0.2645905437,0.4951122067,0.0013709781,0.0007283321,0.379,0.228,49.810010388945,18.5008610016082
"26135",0.1058623619,0.000242689,14.561339643,3134,0.118608936,0.0690080099,9191.78,7.5,0.2158511561,5.1316052503,5.4400317389,0.2071926788,0.1586499107,0.1761436917,0.4024352612,0.25947132,0.9056712963,0.0004833253,0.0004833253,0.383,0.237,60.2772754671489,40.1848503114326
"26137",0.0765150719,0.000810767,9.7292038268,3992,0.091155299,0.0366799017,9501.1,7,0.182539867,4.6456187268,4.9111648366,0.206781684,0.1401522482,0.1559078865,0.3875994338,0.219156359,0.8871875517,0.0024731401,0.0013379282,0.359,0.2,60.7303840859402,18.8938972711814
"26139",0.0588037089,0.0006647706,11.445019361,2327,0.0700333326,0.0324571334,10332.64,8.3,0.1457761185,3.8856288602,4.4151712647,0.1990827847,0.1167002203,0.133955744,0.3503292557,0.1731610436,0.885660024,0.0017521877,0.0005507859,0.324,0.171,39.2264632668118,10.1487070661228
"26141",0.0927933294,7.94155e-05,19.853875476,2885,0.1040960887,0.0554181098,9477.91,7.2,0.1858977537,4.5533409457,4.969672078,0.2079146552,0.1414532714,0.1601364517,0.3925113302,0.2360764712,0.7248803828,0.0001570105,0.0008635579,0.386,0.212,100.013159626267,13.159626266614
"26143",0.0828995811,0.0004163371,12.073774928,3855,0.0951686122,0.0395873989,11315.22,6.7,0.211879465,5.345889889,5.3589496618,0.2092219155,0.1588169819,0.1703871136,0.4016707677,0.2534182504,0.9935784695,0.0007536426,0.0010467258,0.378,0.222,82.0709705240023,26.4296345755262
"26145",0.0584925661,0.0008607162,11.441227255,4646,0.0703367888,0.0271401761,11627.06,6.9,0.1967953678,4.6170915036,4.8517030263,0.2160455521,0.1443742165,0.1575510158,0.4017952097,0.2176027216,0.7055687944,0.0026467505,0.0012735849,0.429,0.236,54.2710435971548,15.2309057837176
"26147",0.062786884,0.0004713187,8.9236338042,5568,0.0756173971,0.0257514528,11654.33,7,0.187277487,4.784800063,4.8763852882,0.2089099218,0.1428936201,0.1595728521,0.4052539912,0.2331722848,0.7289622179,0.0024413664,0.0007280167,0.374,0.2,33.9083803934209,23.024208909113
"26149",0.0971865443,0.00026245,12.630404829,3603,0.1171101129,0.0496322311,9465.45,7.6,0.201393337,4.6160990307,5.1417926628,0.2051205848,0.1470360297,0.1645122407,0.3860214528,0.2430109283,0.5858716045,0.0017037171,0.0005078387,0.366,0.227,41.5629870662547,22.9690191681934
"26151",0.0946065429,0.0002671848,8.7442312363,4154,0.1076376862,0.059337983,11930.68,7.4,0.2073035304,4.9261560138,5.1423208293,0.2132501842,0.1516829073,0.1681635267,0.4073534003,0.2465565465,0.38778587,0.0015297946,0.0005827789,0.379,0.23,45.4918399012177,13.8100228271554
"26153",0.1055354371,0.0008648382,6.1774153694,2789,0.1213625085,0.0539046303,9077.96,5.6,0.2167265369,5.2432499491,5.3617124711,0.20746447,0.1610092404,0.1746770329,0.397648383,0.2627830852,0.7547436653,0.0022310362,0.0009915716,0.389,0.226,140.113739388445,65.9358773592681
"26155",0.0635532548,0.0004550659,10.716068231,3571,0.0752860525,0.0302783435,11240.14,7.4,0.1733931998,4.2493313796,4.706584296,0.2109779309,0.1334912008,0.1536075275,0.3769547846,0.2154846706,0.6851290907,0.0015251056,0.0006305725,0.37,0.218,36.7553368749142,13.7219924333013
"26157",0.0721530489,0.00032539,12.058570198,4164,0.0855546844,0.0322883424,11845.3,7.3,0.1981502254,4.6520243366,5.1460216041,0.2185618186,0.1471728112,0.1655171379,0.3887607333,0.239134786,0.6039943297,0.0026658542,0.000723589,0.353,0.221,54.1228907991086,21.0124164278892
"26159",0.0913482075,0.00048892,10.306962485,3367,0.1085131621,0.0482812326,9444,8.1,0.207033145,4.8555989618,5.0886310535,0.1905756547,0.1492296746,0.1614238264,0.3958748155,0.2244187491,0.64785334,0.0012723995,0.0006361998,0.399,0.221,39.2764310522112,19.8588696331405
"26161",0.0534101079,0.0017655012,10.28288824,3190,0.061123283,0.0294699339,10047.8,8.1,0.144341528,3.7573294077,4.5972077198,0.2149670879,0.1082788968,0.1295567105,0.3659233473,0.1482974509,0.9016273627,0.0053024156,0.0030596043,0.308,0.166,26.5149492731918,11.6738172567977
"26163",0.0761836502,0.0007448511,7.0883754644,6418,0.0935361912,0.031030966,12800.87,7.4,0.2412201124,5.0060954934,5.2731597232,0.1975432317,0.1587334968,0.160897335,0.4452324669,0.2404663215,0.9547804441,0.0029511492,0.0008330041,0.384,0.247,37.319844030894,12.4717312193177
"26165",0.0780846041,0.0008622997,12.488477892,4217,0.0945543779,0.0368067014,10392.04,7.3,0.203959615,4.9895154177,5.1234387497,0.1908903648,0.1513719857,0.1663990961,0.3881565986,0.2458830308,0.8873377119,0.0024203669,0.0009561943,0.364,0.222,32.7251090836969,24.791749305831
"27001",0.078878177,0.0008183306,15.73712703,6993,0.0881404052,0.0513789195,9470.6,7.4,0.157787125,3.8062075278,4.0351390287,0.2197280732,0.1184742566,0.1351940314,0.3202453357,0.2217188206,0.5034563634,0.0004401962,0.0007546221,0.352,0.227,83.9701066420354,29.3895373247124
"27003",0.0514596963,0.000507115,6.6121074411,3475,0.0611652121,0.0270430432,11167.37,9.1,0.1324402698,3.5454164169,3.7627269766,0.2189929614,0.098938597,0.1156280623,0.3146388297,0.1837018702,0.9526574458,0.0016138469,0.0006274501,0.327,0.193,51.7440258533328,12.5157030042357
"27005",0.078323613,0.0007843593,15.687185893,3222,0.0930543664,0.0453793429,11643.57,7.8,0.1496378607,3.7609795073,3.7288397096,0.2510009132,0.1132100011,0.1268518674,0.3098767872,0.2040862001,0.6453667241,0.0020366006,0.0011637718,0.363,0.203,103.63196125908,22.2760290556901
"27007",0.102943142,0.0009960159,12.29126049,4105,0.1229995778,0.0578561187,11359.61,6.8,0.172427604,4.143994868,4.014245998,0.2500141364,0.1316334038,0.1400911265,0.308473668,0.217040501,0.7980288916,0.003564796,0.0011953807,0.385,0.233,53.0121503848682,20.498031482149
"27009",0.0612723117,0.0002934775,11.739098535,2673,0.075146163,0.0289142965,11807.24,8.3,0.1453081561,3.5437984297,4.0053870604,0.2596478262,0.1075179222,0.1256606095,0.3220732531,0.2045823091,0.7393305766,0.0001479837,9.86558e-05,0.377,0.209,116.837701810576,15.5238904503562
"27011",0.063403782,0.0018032458,26.046884392,2315,0.0732758621,0.0402561757,11871.35,7.9,0.1523856058,3.7000555595,3.9775287214,0.2405067466,0.1137506036,0.1304117971,0.3155937792,0.212426675,0.6989941165,0.000200441,0.0014030868,0.369,0.223,80.5207005300946,87.2307589076025
"27013",0.0582803127,0.0009460039,12.859740145,2826,0.0679249791,0.0291976065,9616.78,7.4,0.1484780163,3.5990728703,3.8531190133,0.217523897,0.1095668893,0.123626793,0.2896810189,0.193551242,0.8344086357,0.0029068474,0.0017945333,0.308,0.212,55.0853084531357,12.7876608909065
"27015",0.0517011874,0.0009996801,19.593730006,2480,0.0618373248,0.0267408471,10290.02,9.1,0.1379126712,3.3881927073,3.5740359986,0.246255622,0.1018595265,0.1191716392,0.326848723,0.2034282956,0.8158575677,0.002150452,0.0007168173,0.365,0.212,72.0336156873207,20.0093376909224
"27017",0.0593398003,0.0007526972,11.708622564,5970,0.0695297528,0.0339788089,10384.68,8.6,0.1484780578,3.8562296436,3.9116045071,0.2416400287,0.1139610003,0.1261089977,0.3168487684,0.2134036553,0.7290171254,0.0014510143,0.000697603,0.364,0.207,91.1822994687235,12.0956111540143
"27019",0.0332665981,0.0008849642,9.3254289222,2931,0.0393037532,0.0204289399,11828.44,9.6,0.0988945673,2.5007052703,3.0308318545,0.252108806,0.0772458232,0.094393041,0.2674384089,0.1288993262,0.9641923508,0.0016030748,0.0005601105,0.297,0.15,56.7884392696816,9.83486937072699
"27021",0.1030616043,0.0004029685,19.476812519,3731,0.1183550006,0.0644284572,11305.9,8.2,0.1596916197,3.7104527163,4.1425630362,0.2312295402,0.1172154119,0.1355884164,0.30571268,0.2269899436,0.7205166801,0.0008469122,0.0005081473,0.327,0.218,39.2262345056374,22.4149911460785
"27023",0.0740169622,0.0009322034,29.661016949,2245,0.0885137267,0.0421749739,10854.38,8.5,0.1532935273,3.7457935208,3.7965582687,0.2256663337,0.1139503911,0.1279842753,0.3157892907,0.2159710227,0.650269271,0.0006709158,0.0006709158,0.386,0.219,98.6415647370498,101.459895158108
"27025",0.0444029931,0.0004772089,9.7209211898,2102,0.0518573113,0.0255643594,10508.67,9.1,0.1240122014,3.3580862577,3.5519012684,0.260074088,0.0996547017,0.1165002024,0.3107056249,0.186956537,0.7886503238,0.0011444512,0.0005364615,0.347,0.191,42.5293127381198,11.8136979828111
"27027",0.0514778139,0.0002491358,11.52253122,3111,0.0621053195,0.0271317829,10434.37,8.8,0.1274798968,3.3277281794,3.7478008404,0.2224883455,0.0992521224,0.1190870892,0.3048219257,0.1733910159,0.870709673,0.0023297631,0.0003752639,0.375,0.198,51.8492017815386,17.1102365879077
"27029",0.0991291727,0.0003402132,17.010660014,3190,0.1151274551,0.0637144148,13251.12,6.7,0.181242924,4.2346706141,4.2077285812,0.222850734,0.1321366878,0.1422514159,0.3234838864,0.2426214777,0.642093157,0,0.000908059,0.34,0.248,45.0365922311878,52.5426909363858
"27031",0.0990306523,0.0014643969,18.304960644,3258,0.1084217507,0.0655542312,9096.74,7.9,0.1250978166,3.2818727682,3.4769163215,0.2364118231,0.098693635,0.1132238625,0.2914356581,0.1700914333,0.9866692427,0.0007417022,0.0001854256,0.325,0.181,129.048116512014,86.0320776746758
"27033",0.0734771273,0.0007145409,19.649874955,2322,0.0872494817,0.0441334769,10131.28,8.8,0.1503691336,3.5364210073,3.6654669757,0.2324597178,0.1110635759,0.1244583203,0.3154031363,0.1978387637,0.7839479764,0.0011527889,0.0010641128,0.378,0.239,80.0830490879431,86.015126798161
"27035",0.0645592164,0.001060641,14.295596034,3040,0.0782441686,0.0292125318,10293.34,8.6,0.1306671031,3.5308412297,3.7602149261,0.2263485112,0.1065668653,0.1237605996,0.3014958151,0.2153935489,0.701744,0.0029434881,0.0010941762,0.372,0.199,65.4436877518048,19.939873611878
"27037",0.044322553,0.0006433252,8.3678887514,2559,0.0526927592,0.0242486684,10719.41,9.3,0.1127559719,3.0639995121,3.5221539477,0.2026350243,0.0870286417,0.1036302861,0.2923970344,0.1456904931,0.9724000883,0.0017535488,0.0005359372,0.324,0.171,47.5801379357528,12.0505251307871
"27039",0.0485903158,0.0004299226,15.286137384,3389,0.057469414,0.0286693112,9153.92,9.5,0.1223610924,3.1126963874,3.5016010379,0.2561694149,0.0959238761,0.114013672,0.292381796,0.1804594991,0.6507691542,0.0002881568,0,0.331,0.19,62.1583284191065,20.7194428063688
"27041",0.0489891672,0.0012322697,20.712618966,2073,0.0567829365,0.0296841605,11342.04,8.6,0.130607637,3.2427177914,3.5116489273,0.2486206794,0.1004322276,0.1189064551,0.2855722517,0.1855842549,0.7973839873,0.0020018965,0.0008429038,0.33,0.193,96.1261174661155,13.9819807223441
"27043",0.0696512539,0.0005859518,27.100271003,2610,0.0806932034,0.0415821501,11394.67,8.6,0.1578996052,3.6439068557,3.8422540722,0.2144547362,0.1129530121,0.1267789108,0.2989743567,0.2077607927,0.7046657047,0.0004361099,0.0005087949,0.358,0.228,53.6428362430508,24.3831073832049
"27045",0.0794948447,0.0003797408,29.904590117,2220,0.091679167,0.0527809308,8292.59,9.2,0.1393913607,3.4852198824,3.8611764126,0.2327755964,0.1064708949,0.1254346242,0.3008232834,0.2028241121,0.7974216429,0.0001899516,0.0001424637,0.342,0.215,98.0082200442618,9.4846664558963
"27047",0.0695515754,0.0005614081,18.823684819,2835,0.0822239624,0.0376681614,9698.04,8.3,0.1571348956,3.7699483668,3.9411514237,0.2098486336,0.1154327505,0.1290633958,0.3323209323,0.2001597582,0.6918573028,0.0011496518,0.0014452766,0.341,0.24,99.9022933614377,15.3695835940673
"27049",0.0520515059,0.0007768666,18.990073371,4730,0.0608610715,0.0299315849,9145.13,9,0.1347689794,3.3663152563,3.6917953915,0.2229254423,0.1050090463,0.1203299787,0.3107763238,0.1788318608,0.9066756166,0.0009266642,0.0006680603,0.331,0.196,93.4841544358231,16.5395042463379
"27051",0.0602678571,0.0003348962,28.466175486,2181,0.068324937,0.0426470588,11502.46,7.5,0.1406601228,3.4639739921,3.7111881833,0.2331521468,0.107425833,0.1248606004,0.313256368,0.2011906914,0.5997008973,0.0001660854,0.0009965122,0.35,0.218,77.6957655807758,77.6957655807758
"27053",0.0581781592,0.0012252704,10.901825898,2775,0.0698995715,0.0254857219,10193.14,9,0.1144830493,3.1059219427,3.6379893772,0.2403674595,0.0896266434,0.1039976236,0.2766364474,0.1312080441,0.9955962427,0.0039097114,0.0016102548,0.277,0.164,62.2614617631065,11.5718804885706
"27055",0.0507790762,0.0005376344,14.516129032,2015,0.0592649606,0.0295589988,8494.2,9.2,0.1224044716,3.1246469546,3.6369004757,0.2507501948,0.097960369,0.1159200779,0.2985909242,0.1821883678,0.9699900142,0.0002153084,0.0004306169,0.326,0.193,62.7127754882638,84.2142985128113
"27057",0.0767383059,0.0006049044,11.632776511,2975,0.0895705521,0.0445790954,10941.6,8.2,0.1386666513,3.4093233301,3.6166716388,0.2204084878,0.1067209686,0.1209445306,0.2778207603,0.2001590457,0.5761699628,0.0012657041,0.0007969248,0.342,0.205,34.0525647772653,18.5741262421447
"27059",0.0581710037,0.0006650902,10.345846881,3335,0.067758933,0.0338688223,11031.66,8.6,0.1328825771,3.429782506,3.9625162057,0.2251284694,0.102665932,0.1247846376,0.3115390855,0.1943624425,0.400703406,0.0017014462,0.0002502127,0.344,0.204,36.0682345418924,20.4933150806207
"27061",0.0696170466,0.0009084866,12.630179481,5147,0.0792598617,0.0441409971,9817.83,7.8,0.1449427665,3.6520863178,3.9146524197,0.212577294,0.1102345213,0.1275112099,0.3035403032,0.2058635946,0.6410626304,0.0025937749,0.0008202536,0.333,0.219,78.225318436084,20.6632916623618
"27063",0.0595636461,0.0001015641,26.406662604,1921,0.0696132597,0.0330386226,9579.06,8.9,0.139093577,3.4347369612,3.7051317044,0.2367325813,0.1038066183,0.1205548236,0.2986189719,0.1986167456,0.4661991038,0.0009080819,0.000605388,0.315,0.204,84.6740050804403,77.9000846740051
"27065",0.0652003142,0.000979372,13.466364694,6336,0.0760008563,0.0362520915,10334.68,8.4,0.1571832399,3.8401939565,4.00934801,0.2168527317,0.1183193989,0.1331327765,0.3293042052,0.2240941754,0.3910339307,0.0011106312,0.0006787191,0.357,0.224,61.2745098039216,22.4673202614379
"27067",0.0814602636,0.0009259474,19.444894558,2816,0.0953610394,0.0495929634,9993.57,8,0.1508019901,3.5561397517,3.6034640607,0.2175570579,0.1120191634,0.1235177842,0.3001256386,0.1911890342,0.6676531168,0.0036635165,0.000793373,0.355,0.21,70.4421600198167,13.1595243993064
"27069",0.0618556701,0,37.226617031,2855,0.0680421422,0.0500510725,10617.45,8.3,0.1416961376,3.4901785937,3.7376284036,0.232512901,0.1079196676,0.1229887621,0.304107441,0.1984998321,0.4000439367,0,0.0009416196,0.336,0.199,164.576802507837,219.435736677116
"27071",0.0739135394,0.0003270913,14.719110312,6144,0.0825605743,0.0474469047,9632.95,7,0.161712312,3.8998135664,3.9384685566,0.2431379255,0.1193432419,0.1325548533,0.3221222302,0.2142903656,0.7187288709,0.0012861736,0.0009646302,0.333,0.224,81.681550860379,59.8998039642779
"27073",0.0701271186,0.0009059339,18.118677337,3750,0.0793042453,0.0462962963,13200.55,8.9,0.1388463429,3.3466091753,3.6314810767,0.2308271529,0.1048491197,0.1223592482,0.2917227031,0.1978168643,0.4723791156,0.0001501953,0.0010513668,0.332,0.206,116.114701130856,131.260096930533
"27075",0.0531030901,0.0009397613,15.03618081,3722,0.0603674541,0.0337512054,10426.9,8.8,0.1215572418,3.1930444676,3.5095593758,0.2440501825,0.0961690851,0.1154260634,0.2963321022,0.1767961892,0.7705687465,0.0006567836,0.0003753049,0.363,0.191,106.456259001816,109.587325443046
"27077",0.0736307581,0.0005347594,32.085561497,2379,0.0830134357,0.0468085106,11140.23,8.2,0.1467080568,3.6180673471,3.8823181798,0.231696844,0.1109979918,0.1266513366,0.3044355216,0.2114003524,0.5626699629,0.000266099,0.000532198,0.337,0.2,88.8730892285816,71.0984713828653
"27079",0.0652541656,0.0001384706,14.539412192,2972,0.0754459788,0.0406561054,10396.79,9.2,0.1289394319,3.1500134059,3.6809733903,0.2719163656,0.1003373609,0.1189929518,0.296775828,0.1851285638,0.7659820236,0.0002456658,0.0001052853,0.36,0.19,34.8343048233901,13.933721929356
"27081",0.0663950144,0.0005320092,28.373825146,2327,0.0779355733,0.0397301349,9791.92,8.8,0.1467318261,3.5491371289,3.7829348228,0.2303379826,0.1101531294,0.125271931,0.3098707327,0.2046808964,0.487109905,0.0001762736,0.0010576415,0.329,0.221,47.39336492891,47.39336492891
"27083",0.0659506956,0.0006673471,16.487398917,1820,0.0764497878,0.0433865622,8949.65,7.6,0.1475345123,3.6404131295,3.750230828,0.199369643,0.1106081209,0.1236924752,0.3205531373,0.189532109,0.7641644429,0.0017948418,0.0009754575,0.354,0.225,62.8486134024668,14.4028072380653
"27085",0.0531799965,0.0009193993,17.552168947,5590,0.0621025246,0.0308834091,9709.21,8.1,0.1435354472,3.5537099482,3.6726996586,0.2251978386,0.1097768942,0.1242768795,0.3054000399,0.197666139,0.7795148836,0.0021464611,0.0006411507,0.366,0.208,75.3656630317466,15.8174848338234
"27087",0.0969261835,0.00018093,7.2371992039,2081,0.1205035971,0.0590238365,15324.65,6.3,0.2424026167,5.2553712001,5.0291704235,0.2211949524,0.1679609221,0.1693124417,0.3495949491,0.300428458,0.5401810456,0,0.0016307302,0.438,0.299,48.429081663539,48.429081663539
"27089",0.0665923656,0.0001071123,31.062553556,2649,0.0768022,0.0430994956,13900.66,7.7,0.1460067755,3.5210195298,3.7359063514,0.2433806959,0.1077977034,0.1243791778,0.3093766857,0.2053055636,0.5006886323,0,0.0003194888,0.343,0.221,49.9162120725924,35.6544371947089
"27091",0.0646935035,0.0008128842,18.797947467,3059,0.0760488683,0.0366909754,10167.26,8,0.1477984927,3.6569192462,3.8462846291,0.2054590667,0.1106731439,0.1259966245,0.3120407855,0.2023257288,0.7430902111,0.0010614102,0.0010614102,0.351,0.231,64.4592210612023,93.296241009635
"27093",0.056250686,0.000559814,15.071914564,6941,0.0673603505,0.0311843027,9300.99,8.6,0.1388668686,3.3417592203,3.7183066443,0.2319547359,0.1048287391,0.1226666064,0.2919567191,0.1881670702,0.5759227468,0.0006914135,0.0002592801,0.319,0.196,76.035808561919,103.293928612418
"27095",0.0842543419,0.0007230658,17.886364501,6246,0.0997063534,0.0461067226,10024.67,8.4,0.1663693058,4.1038590011,4.1862323591,0.2003045189,0.1215256892,0.1358171682,0.3203779245,0.2421643816,0.6071962295,0.0024484487,0.0009181683,0.378,0.227,120.9236017413,28.0033604032484
"27097",0.0669376591,0.0005091955,17.073024621,3086,0.0793726741,0.0366565195,10125.95,8,0.1519620666,3.6348306244,4.0235505613,0.2268870164,0.1128933273,0.1301623793,0.3028865856,0.2245865987,0.486896801,0.0012059453,0.0006029727,0.362,0.232,73.1888271741092,17.0439734515049
"27099",0.0775501281,0.0003494583,13.479107384,3295,0.0940163313,0.0403289734,10474.21,8.5,0.1597076102,3.8032609657,3.6867936999,0.2137437022,0.1155721696,0.125646355,0.3176856352,0.2025987069,0.7336261267,0.0010996976,0.0006998076,0.345,0.245,59.8887068198265,19.9629022732755
"27101",0.0702864757,0.0001220405,37.83256041,2340,0.0796460177,0.0489279824,10500.48,8.9,0.1424756985,3.430346282,3.7791562473,0.2492335887,0.1052091522,0.1223832553,0.2988016866,0.1948708318,0.4147851003,0.0006041566,0.0008458192,0.363,0.206,64.9746192893401,73.0964467005076
"27103",0.0487730529,0.0008752991,10.211822373,2972,0.0574451203,0.0275682705,9619.54,8.3,0.1257088381,3.1057362664,3.5304237335,0.2254951846,0.095447131,0.1142953879,0.297866487,0.1749852427,0.8206373942,0.0026592636,0.0004091175,0.335,0.195,70.8903045369795,10.6821006836544
"27105",0.1305512799,0.0006010449,15.257293449,1795,0.1643489254,0.0612382234,9967.73,8.2,0.188806353,3.9012570555,3.799388528,0.194193467,0.1238789181,0.1260835899,0.3196655406,0.2144507515,0.6510899055,0.0011403029,0.0005473454,0.392,0.281,64.6621403168445,16.9353224639355
"27107",0.0671535808,0,17.254901961,1900,0.0783114993,0.0424588086,11249.46,8.3,0.1496736361,3.7071114667,3.9579603643,0.2242424765,0.1125316164,0.1292951363,0.3229456606,0.2081821371,0.4159369527,0,0.0006177606,0.395,0.214,93.8086303939963,125.078173858662
"27109",0.0543153693,0.0024258811,10.739577871,2716,0.0651660029,0.0289544503,9013.46,9.3,0.1142826233,2.8405451672,3.1585371987,0.1977703196,0.0872533821,0.1010619972,0.2869104466,0.1490148826,0.9065013033,0.0037881454,0.0062133263,0.322,0.171,62.886711067217,13.0838123696895
"27111",0.0682067955,0.0005957852,19.916249617,2722,0.0797673452,0.039744281,10748.67,8.5,0.1337995225,3.282899326,3.3380790686,0.2337291602,0.1015845856,0.1186465422,0.2904214914,0.1882964933,0.5525365164,0.0013432633,0.0007311433,0.31,0.196,74.3055831286621,16.4493275628336
"27113",0.0505767524,0.0007082655,14.165309158,1975,0.0592419968,0.0294117647,10920.54,8.5,0.1407069455,3.4693563602,3.7656137962,0.2483152892,0.1076268103,0.1245738485,0.2970344799,0.2037673865,0.6724335966,0.0019748907,0.0005642545,0.307,0.212,52.1685518484266,23.7129781129212
"27115",0.0859789591,0.0002366544,13.8611853,5463,0.0986311644,0.0497667185,9840.11,8.3,0.1666353175,4.0493196412,4.2513368898,0.2312065172,0.1217308071,0.1326157527,0.3219347328,0.2260695322,0.6257142857,0.0016619747,0.0004070142,0.368,0.236,49.7619343821038,13.5714366496647
"27117",0.099168897,0.0005478852,23.011176857,1708,0.1211238293,0.0540540541,9767.02,8.1,0.1555065997,3.6844059381,3.8614619089,0.2195415283,0.1136258522,0.1274249802,0.3102685302,0.2034264834,0.6537098791,0.0011053388,0.0003316016,0.356,0.231,43.965706748736,40.301897853008
"27119",0.0556521739,0.000510139,21.362071164,2225,0.0653170137,0.034160696,11502.66,8.1,0.1527354886,3.6592667761,3.6584572005,0.2383541117,0.1096122357,0.1230689031,0.3318917726,0.1875598396,0.6737658228,0.0022518951,0.0010149386,0.393,0.223,97.0221658332711,13.860309404753
"27121",0.0631027503,0.0013334519,25.780069339,2762,0.0707950066,0.0439834025,11168.09,9,0.1322702185,3.352220749,3.7247140968,0.258624477,0.1024633384,0.1193593287,0.3078712285,0.1912744407,0.5162346521,0.0010813733,0.0009912589,0.332,0.203,74.3538649138982,29.7415459655593
"27123",0.0693948058,0.0010884556,11.702261044,2964,0.083338143,0.0334042094,10547.27,8.4,0.1355336033,3.3272814028,3.7135245768,0.2004976985,0.0964625437,0.1112248946,0.3084545174,0.161641037,0.9982777603,0.0041275149,0.0013267661,0.314,0.196,56.2958541257945,12.8606908132203
"27125",0.0649061406,0,22.194821208,1434,0.0765375854,0.03722334,10776.42,6.4,0.1457111072,3.5925659077,3.9316864516,0.2408680688,0.1092430393,0.1266356485,0.3090447159,0.2024384785,0.6294937638,0,0.0002500625,0.371,0.212,8.26446280991736,8.26446280991736
"27127",0.0831268689,0.0003955175,24.390243902,1699,0.0979099278,0.0518596124,11135.93,8.1,0.1504374927,3.5161888444,3.7800364574,0.2080977308,0.1115560541,0.1274941449,0.2926707193,0.2172815804,0.6370259667,0.0002623123,0.0007869368,0.404,0.211,76.9264583058596,101.103345201987
"27129",0.0742547906,0.0002749519,28.182568051,2860,0.0853856732,0.0485324034,10886.93,8.3,0.1538582604,3.5362737958,3.9523276147,0.2323849314,0.1105456342,0.1270374492,0.3027963872,0.2081355444,0.6843610935,0.0002737476,0.0003421845,0.367,0.222,61.9792025342607,112.480774969584
"27131",0.0737975273,0.0009406916,10.60144538,4138,0.0870773769,0.0418897216,8031.33,8.9,0.1340011899,3.2280724695,3.6112801022,0.238923093,0.1026994959,0.1184883701,0.2944264247,0.1772372926,0.8349599326,0.0014581423,0.0004810366,0.349,0.208,89.7402021148774,11.4668036035677
"27133",0.055501997,0.0010735373,20.397208803,2498,0.0650616793,0.0338552687,10232.69,9,0.1375981697,3.3341598699,3.72228651,0.2389281039,0.1029575447,0.1204253896,0.2954747901,0.1857596925,0.6029730567,0.0012746973,0.0003186743,0.336,0.207,78.4873349982162,64.216910453086
"27135",0.0655898189,0.0006594131,15.825914936,2220,0.0770469181,0.0387885228,11427.49,8.4,0.1349155925,3.394243062,3.7581767592,0.2286050346,0.1062169858,0.1221457625,0.293099044,0.1976101635,0.4837801523,0.000330033,0.000660066,0.344,0.209,59.4294770206022,28.6141926395492
"27137",0.0523537952,0.0013060732,15.220776611,5254,0.0606216815,0.0275794011,9916.89,7.9,0.139714133,3.618783911,4.0886709228,0.24926282,0.1079019962,0.1228969293,0.306105373,0.2106286177,0.8244333903,0.0026332389,0.001461798,0.322,0.199,61.9389917671362,23.1015699023373
"27139",0.0465706261,0.0005167334,6.7108238878,2771,0.0558407657,0.0268794426,11676.78,9.6,0.1109219247,2.7184529052,3.1903597477,0.2304761682,0.084926591,0.1019820591,0.295259234,0.1462030894,0.8815805677,0.0010042,0.0002646203,0.335,0.168,38.2479315921205,9.61790092667357
"27141",0.0416533428,0.0003805097,7.7130339991,2528,0.0501267106,0.0230079831,11205.69,9.4,0.1203633454,3.0782096171,3.5500829268,0.2574865925,0.0952741419,0.1124784307,0.309949605,0.1754463579,0.8852868394,0.0016972802,0.0004477488,0.364,0.193,55.4633069140832,14.7217419586764
"27143",0.0773360174,0.0001345442,16.818028927,7267,0.0893127108,0.0474828375,10675.18,9.4,0.1446033385,3.3742585336,3.6165565245,0.2346762032,0.1055050071,0.1209184462,0.299405162,0.2013936053,0.5958886116,0.0003992547,0.0003327123,0.342,0.212,60.5272596843615,71.7360114777618
"27145",0.0664608848,0.0009933261,14.154896787,2751,0.0791619031,0.0348490398,10595.29,8.4,0.1332440998,3.3623581512,3.6815699452,0.2287962013,0.1044648644,0.1188128423,0.3099596335,0.1852359459,0.7587259861,0.0031144823,0.0016451499,0.341,0.216,48.9252004171081,12.6459204467949
"27147",0.0551700795,0.0006275751,15.552948239,2118,0.065020695,0.0325743545,10171.46,8.9,0.1364448877,3.4075093127,3.7293580895,0.2264806316,0.1047926983,0.1205666751,0.3135171385,0.1839830056,0.7023184602,0.0022552509,0.0004619189,0.339,0.207,67.2433847048561,10.9043326548415
"27149",0.0576764625,0.0008159102,24.477307496,5568,0.0650966877,0.0396862021,10886.35,9.1,0.1404818682,3.6083967106,3.7687366134,0.2246295388,0.1063243837,0.1212161066,0.2901192897,0.1851114569,0.7697923093,0.0013329232,0.0004101302,0.347,0.205,44.3337994066091,47.744091668656
"27151",0.0760531524,0.0004316857,20.505072307,2139,0.090326457,0.0423377819,12940.07,8.1,0.1583894692,3.6651654972,3.9939095161,0.2368199318,0.1144677813,0.1299545367,0.3221583414,0.213423233,0.4443422263,0.001070091,0.0008560728,0.368,0.219,122.35937668694,122.35937668694
"27153",0.0888711395,0.0008514434,21.083360363,4386,0.1039445629,0.0540631863,12287.52,7.9,0.1628168491,3.8676941148,3.8366736306,0.2403557499,0.1189564802,0.1321365242,0.3036094523,0.2126372825,0.397107853,0.0004474819,0.0004068017,0.377,0.235,44.6078563897375,17.5727919111087
"27155",0.0865022984,0,21.478981283,3083,0.0985023041,0.0576368876,11846.27,8.6,0.148187653,3.6502308654,3.8864664682,0.2478703055,0.1114678731,0.1279952106,0.3044795071,0.203693232,0.6559865093,0,0.0006045949,0.373,0.223,102.197240674502,61.3183444047011
"27157",0.0619926643,0.0008785315,18.957784251,2649,0.0719740993,0.0367677607,10201.88,9.1,0.1300109305,3.2429884497,3.6824660902,0.2539849284,0.099415596,0.1190470056,0.2983850529,0.1839978136,0.9128067909,0.0002772003,0.0008778009,0.33,0.194,56.9984903102566,52.3769910959115
"27159",0.0671108996,0.0005847098,21.195731618,3625,0.0836143901,0.0333899264,11075.94,8.1,0.159995792,3.7924539723,3.9285890509,0.2271143158,0.1197046246,0.1350652615,0.3080255104,0.2256859775,0.6682799971,0.0031220504,0.0026138096,0.343,0.228,101.788570597644,14.541224371092
"27161",0.0584774844,0.0003223727,16.655920911,1542,0.0694747275,0.0328202807,10185.96,8,0.1407371827,3.3544629036,3.6912046096,0.2405936609,0.1070426708,0.1237319679,0.3064601718,0.2004907119,0.7934782609,0.0002675084,0.0003210101,0.377,0.215,66.2453225431042,64.4549084203176
"27163",0.0405011457,0.0010631001,7.9637250419,3101,0.0484973025,0.0220965779,10941.54,9.3,0.1054389226,3.0036200362,3.2370172702,0.2194290111,0.0825306622,0.0976775028,0.2964351853,0.1387606029,0.9437254342,0.0024884163,0.0008294721,0.295,0.159,47.1340347114851,13.5939129760887
"27165",0.1102204409,0.0004588419,23.859777921,1764,0.1305224257,0.0639880952,10912.09,9,0.185163538,3.9859804284,3.9879135444,0.2071501987,0.1215759649,0.1299231708,0.3116709064,0.2032312486,0.7274105789,0.0006375228,0.0009107468,0.381,0.257,76.5251461630292,85.7081637025927
"27167",0.0483543275,0.0001611084,14.499758337,2152,0.0563182964,0.028611305,9516.78,8.5,0.1349778586,3.3658430413,3.7531025971,0.2363991513,0.1047140953,0.1220682158,0.3107240672,0.1931778101,0.621350365,0.002398465,0.0006395907,0.356,0.2,96.6598646761895,75.1798947481473
"27169",0.0612554622,0.0003763569,11.686871088,2808,0.0693159874,0.0349695917,8276.44,8.9,0.1421140296,3.5594703144,3.7516571278,0.2303073023,0.1073017844,0.122107426,0.2985207412,0.1890901772,0.9637589631,0.0018691589,0.0007279882,0.356,0.198,67.1963318708249,9.88181351041543
"27171",0.0444972262,0.0004408247,9.8282228983,2888,0.0530860599,0.026938305,11424.74,9.5,0.1173613195,3.1178847845,3.3533916945,0.2465633823,0.0929936144,0.1086882283,0.2748251772,0.1582265815,0.8581635926,0.0011147863,0.0005133884,0.327,0.168,56.8708958370986,12.0489186095548
"27173",0.064439456,0.0007209805,24.719332578,2891,0.0748702743,0.0400348129,12084.55,8.1,0.150760963,3.6340837808,3.7892409041,0.2425434161,0.1133214674,0.1278076628,0.3063229975,0.2129734599,0.5834451044,0.0005104645,0.0009188361,0.362,0.225,17.1915830009627,55.0130656030807
"28001",0.1759096838,0.000814518,14.335516241,5051,0.2179111762,0.0606945797,12794.62,5.1,0.3118610921,5.4565696182,5.2182663681,0.1291676396,0.1802833816,0.1784254866,0.400114868,0.2514197312,0.6907762331,0.0009617851,0.0012503206,0.435,0.366,72.6996527777778,14.1059027777778
"28003",0.1595385193,0.0004329824,10.824560929,5100,0.1961663755,0.067725362,13791.38,6.5,0.232854189,4.8782498859,5.3845165774,0.1588258662,0.1558930007,0.1760765727,0.3548608246,0.2504728237,0.3137059125,0.0028977657,0.0015165877,0.378,0.294,33.4034504861556,24.3754908953028
"28005",0.1764514379,0.0001626413,14.637716516,4696,0.2103945819,0.0845125786,12248.93,6.1,0.2744138034,5.0427395489,5.5055311789,0.1397265734,0.1632927431,0.1781387923,0.3982735348,0.2484254906,0.2693625771,8.11293e-05,0.0006490346,0.421,0.327,51.5911806234387,38.0145541435864
"28007",0.1613798848,0.0004401893,14.306151645,2507,0.2072988334,0.0589893732,12723.73,5.2,0.274565201,5.175844119,5.3671358015,0.1352613219,0.1683616307,0.1798029734,0.3833573408,0.2388509024,0.331527295,0.000272257,0.0007078682,0.409,0.307,36.66831674092,36.66831674092
"28009",0.1738142143,0.00012108,8.4756023732,5674,0.210891291,0.0683713174,12619.79,5.7,0.2712735816,5.1492354538,5.50761131,0.1448257632,0.1677998974,0.1822223904,0.4097781806,0.2649083563,0.7974567534,0.0003627131,0.0004836175,0.408,0.304,28.1339174470479,28.1339174470479
"28011",0.1655175278,0.0005550477,15.345435549,7509,0.21254582,0.0567714551,14190.19,3.5,0.3030262572,5.6720427024,5.5530718122,0.1418100355,0.1851355709,0.1869707598,0.4042061028,0.254701943,0.3881973935,0.0005744742,0.0010851179,0.425,0.34,27.1435240980207,29.3150060258623
"28013",0.1861035661,0.0001392661,15.31926746,3552,0.2286935287,0.0808498082,12642.41,6.9,0.2653072382,4.9406103616,5.4248306814,0.1476713557,0.1659195272,0.1819635261,0.3853169035,0.2563844005,0.3798288999,6.92713e-05,0.0005541701,0.449,0.315,23.235280449835,23.235280449835
"28015",0.162049283,0.0002010656,8.0426259174,5120,0.1916837591,0.0768828452,12858.2,5.4,0.2293731942,4.5024962158,4.759345271,0.1468496691,0.1442367228,0.1627059378,0.3791038533,0.2303609562,0.2130791734,0,0.000302694,0.365,0.287,27.0361608651571,27.0361608651571
"28017",0.1731847698,0.0005846927,11.109162135,4104,0.2185087255,0.0718894009,11365.31,6.8,0.2900555643,5.1093808856,5.217923677,0.1449890975,0.1708045762,0.1806512123,0.4012995223,0.2548822184,0.2293583257,0.0002329509,0.0008735659,0.418,0.337,17.5695461200586,17.5695461200586
"28019",0.1507370423,0.0002436054,9.7442143727,4740,0.1835979987,0.0655555556,13607.32,6.4,0.2435625344,4.798306896,5.0459822569,0.1490107024,0.1537099598,0.1689693248,0.3848552653,0.2394642773,0.0837720838,0.0012080213,0.0006040106,0.399,0.285,8.1463076860413,8.1463076860413
"28021",0.1426004574,0.0004450378,5.5629728527,9858,0.1799355729,0.0541114058,18222.76,5.3,0.3577539709,5.8580831076,5.6187145659,0.1027365,0.2002464195,0.1950637996,0.4528861776,0.2713443821,0.0036443149,0.0004443457,0.0008886914,0.484,0.38,3.71733392810676,3.71733392810676
"28023",0.1630640256,0.0002573837,17.373399395,6454,0.1981004071,0.0733918957,13654.58,6.6,0.242182735,4.7539566078,5.2533775539,0.1462492572,0.1533551067,0.1726735975,0.3700000415,0.2366720488,0.2434855367,0.0002563445,0.0007049474,0.4,0.299,23.6844371716476,43.0626130393592
"28025",0.1582729114,0.0005177055,15.013460344,5636,0.1971490048,0.0568698817,11392.76,6.3,0.2658360973,4.7710854835,4.9091866289,0.1250150928,0.1581839026,0.1705846341,0.3970865058,0.2271683588,0.6735485122,0.0018054266,0.0004642526,0.467,0.321,29.2830812691632,51.6760257691115
"28027",0.1515390243,0.0005875972,9.0399566082,7016,0.2030979649,0.0421300977,11781.83,4.9,0.331300945,5.6412727326,5.6943343911,0.1065452839,0.1897872366,0.1921751605,0.4407660631,0.252452053,0.7223433138,0.0048612339,0.0015025632,0.472,0.387,19.6031123710718,21.1110440919235
"28029",0.1631008862,0.0003206841,11.402102263,4947,0.2040740741,0.0592004883,12966.22,6,0.2714956596,5.0111755123,5.2333651754,0.1394347654,0.1613276503,0.174099902,0.4050083395,0.2331826965,0.4274848042,7.00697e-05,0.0003503486,0.427,0.313,34.3028826249985,14.1942962586201
"28031",0.1735007521,0.0004292767,11.805108392,6562,0.2157313707,0.0731759657,13599.13,NA,0.2598112306,5.0772131073,5.3055078652,0.1379882488,0.1605077886,0.1751498841,0.391557737,0.2440719401,0.3073896157,0.0006895454,0.0005834615,0.44,0.315,21.4258931919224,19.6404020925956
"28033",0.1179894444,0.0003027927,8.1105193436,4313,0.1446618951,0.058336035,11872.68,7.3,0.1824926618,3.9597267781,4.7792718459,0.1514378326,0.1215879053,0.1457063435,0.3691158892,0.1836285822,0.7039292536,0.0008406547,0.0006923039,0.383,0.256,14.9490022891785,14.7688938278631
"28035",0.1532410779,0.0008678585,13.618703019,4759,0.192565006,0.0527111808,12411.02,5.8,0.2313581801,4.4060565252,4.9810368948,0.154088665,0.1450356989,0.1625492124,0.3777931172,0.2175621732,0.7470974458,0.0037182153,0.0029185991,0.39,0.301,12.8922122147042,14.2258893403633
"28037",0.1477328937,0.0002593025,27.226760016,3312,0.1799403259,0.0681063123,13844.75,6,0.2367534904,4.7796036233,5.2332513438,0.1494248659,0.1522623979,0.1705948643,0.3869193046,0.2389191594,0.6993101749,0,0.001540832,0.404,0.316,30.227135331203,30.227135331203
"28039",0.1677898569,0.0004081633,9.387755102,4869,0.2119580821,0.0744887297,12095.3,6.5,0.2267113282,4.7035386656,5.3652994941,0.171396395,0.1476841942,0.169957504,0.367073794,0.2347091052,0.3986181238,0.0002474227,0.0003298969,0.382,0.283,21.8653911855142,16.3990433891356
"28041",0.1566707466,0,7.3605181805,5917,0.1898140915,0.0780452225,13950.73,6.9,0.227061852,4.6302862636,4.9227236477,0.1626406945,0.1449127142,0.161241377,0.369386069,0.2329493719,0.1372916667,0.0001472104,0.000809657,0.412,0.273,14.7605107136707,19.6806809515609
"28043",0.1564768705,0.0004335678,13.007033433,3277,0.1970625262,0.0575697211,12972.37,6.6,0.2539238431,4.8203060405,5.0800389284,0.1363296458,0.1556300076,0.1709288474,0.3821514517,0.2380747768,0.3399525244,0.0005224412,0.0014723344,0.411,0.29,38.4473671563366,9.61184178908415
"28045",0.1597192684,0.0003359086,6.5082297615,4807,0.1940440865,0.0593486862,12628.14,5.6,0.2037003174,4.2577270161,4.9619218052,0.1681610184,0.1355224837,0.1588054651,0.3486102553,0.2110210499,0.5468369414,0.0002535176,0.0006760468,0.328,0.236,11.8909391044024,20.2845431780983
"28047",0.1672480404,0.0005767013,9.0349865436,5407,0.2074997955,0.0691513512,12906.06,5.6,0.2206456481,4.656351312,5.4480548207,0.1647974558,0.1474319885,0.1677314321,0.393930723,0.2203975381,0.7120333503,0.0020614566,0.0014420518,0.363,0.261,24.5376733474358,19.4056109479721
"28049",0.1520845567,0.0008324707,14.233954451,4871,0.1943280554,0.0469958465,11551.82,6.3,0.2357101057,4.2767133498,4.4687552188,0.1302105296,0.1416863311,0.1505584452,0.4228726611,0.1994509294,0.6856391545,0.002893477,0.0023409326,0.431,0.306,30.851309602219,12.0535349143553
"28051",0.1546840959,0.0006466784,9.4062316285,3815,0.2012700463,0.0489757476,12319.15,3.9,0.3698170601,6.0901250353,5.8740100583,0.0952817706,0.2125681856,0.2088077305,0.4561818581,0.2938041018,0.2707052818,0.0002837362,0.0010214505,0.532,0.405,25.312512169477,29.206744810935
"28053",0.1598081683,0.0003720238,13.640873016,4230,0.2099040821,0.0493295019,11753.97,4.8,0.362510465,6.128613187,5.7981690333,0.1051017226,0.2093677342,0.2038523805,0.4431448459,0.2901490854,0.3588266667,0,0.0004844374,0.499,0.422,24.8467782010933,24.8467782010933
"28055",0.1768530559,0,0,1759,0.1938461538,0.0984848485,7705.89,3.5,0.3737340718,6.2621529393,5.7718950606,0.117634191,0.2138240368,0.2033553988,0.4418038302,0.3117387425,0.1813655761,0,0,0.469,0.374,25.9403372243839,0
"28057",0.1615346885,0.0001710133,9.405728944,3958,0.1968069233,0.0694097289,12216.74,6.9,0.2316892246,4.6315928404,5.1027790064,0.1575204434,0.1507866298,0.1726735973,0.3772040683,0.2438053681,0.49023546,0.0001700897,0.0010205383,0.393,0.275,24.227568122221,8.55090639607798
"28059",0.1430431313,0.0004525927,8.7733346331,5109,0.1763948946,0.0595627624,11790.48,6.2,0.204512116,4.1308828676,4.7684918813,0.1667452772,0.1356222961,0.1508762965,0.3890761061,0.1994021506,0.7505942664,0.0015145487,0.0008724359,0.375,0.276,28.7906086891915,16.2527629697049
"28061",0.1665493784,0.0001831166,10.376609901,6100,0.1991351351,0.0835565078,12498.02,6.9,0.2714368979,5.0208044028,5.2088319068,0.1323832234,0.1625460216,0.1746126121,0.3960474206,0.2416925207,0.2988512484,0.0001217434,0.0002434867,0.455,0.297,38.6626783061677,28.4882892782288
"28063",0.1641791045,0.000286123,4.2918454936,4932,0.2061245497,0.0560206053,12491.06,5.5,0.3789152778,6.3989294583,5.7639181433,0.1015204063,0.2162897103,0.2033513709,0.4602261878,0.2887118209,0.610665286,0.0001407261,0.000985083,0.482,0.363,4.74090930640497,4.74090930640497
"28065",0.173266738,0.0002695902,11.682242991,5580,0.2107773009,0.0650224215,12632.6,6.3,0.2930765863,5.3936530547,5.3083324199,0.1227060516,0.1773943086,0.1824334499,0.4376316045,0.2496625987,0.2285577,0.0008011394,0.0008011394,0.466,0.333,33.0807169493564,36.0880548538434
"28067",0.1665542081,0.000469911,14.3910247,7217,0.2102926969,0.0698822854,12971.53,6.3,0.2398843651,4.6581364233,5.2987570509,0.1433362354,0.1493060377,0.1692793674,0.3826537369,0.2390667891,0.5047003439,0.0008910182,0.0013438308,0.418,0.295,15.6439438382416,18.0883100629669
"28069",0.1902827918,0.0001026483,9.2383494149,5323,0.2319951584,0.0722958057,12790.83,4.4,0.3081559635,5.396904185,5.4385816235,0.1233184599,0.1807151572,0.1869745456,0.4294664164,0.2681784183,0.0121461362,0,0.0003989229,0.448,0.33,23.8989416182998,23.8989416182998
"28071",0.1557109777,0.0007034562,12.958403525,4334,0.1835990607,0.0698986422,11360.43,6.1,0.1861670327,3.9495507806,4.6201250575,0.1597302817,0.1266464897,0.1465483311,0.3452638216,0.1860083804,0.8050305168,0.0058949136,0.0009855273,0.385,0.233,31.2461708124004,9.80272025487073
"28073",0.141805164,0.0012629651,10.103721011,5093,0.1752217915,0.0619162491,11835.83,6.5,0.1736629036,3.8068561257,4.5054726884,0.1569136863,0.1198976685,0.1433834747,0.36618366,0.1796740791,0.5184879083,0.0003843259,0.0002241901,0.373,0.252,6.84372614566608,12.6345713458451
"28075",0.1453717701,0.0009443508,16.728499157,5286,0.1833072177,0.0559193668,13005.83,5.5,0.2328571108,4.4379093579,5.136101013,0.1375155382,0.1488575595,0.1648062389,0.3936319509,0.2205301894,0.5175614558,0.0030006506,0.0017525924,0.409,0.297,40.3238452818861,12.9932390352744
"28077",0.1510650772,0.0002383601,15.890672175,6914,0.182285159,0.0803878636,15143.53,6.4,0.2364618835,4.7657139406,5.0375133167,0.1445908306,0.1521539119,0.1671696591,0.3860331999,0.2349365697,0.27790239,0,0.0011240466,0.416,0.317,31.9820900295834,29.3169158604515
"28079",0.2177119628,0.000219433,12.288247169,5221,0.2714411318,0.0785425101,15097.88,5.6,0.2962919014,5.3528184375,5.5822305082,0.1314224639,0.1770247906,0.1867011878,0.3862211467,0.2652320449,0.2281453476,0,0.0008346879,0.409,0.331,10.2504026943916,8.78605945233563
"28081",0.1551346907,0.0010768294,12.992181282,4178,0.1908345943,0.0715977409,11883.57,7,0.2238929592,4.5512486221,4.8408865487,0.1471054329,0.1426857615,0.1554206221,0.3741959376,0.2132431662,0.5328790254,0.0053754607,0.0026877303,0.386,0.265,29.2849779776966,14.0567894292943
"28083",0.1485131093,0.0008515772,10.999538729,5146,0.1999608559,0.0440817376,12300.25,4.4,0.3264576393,5.6225744097,5.5222704847,0.1174420686,0.1930171758,0.1905245301,0.4221819077,0.2721595573,0.693474023,0.0047373699,0.0010373803,0.532,0.361,38.8436367060596,11.7707990018362
"28085",0.1630032018,0.0004392001,16.982402717,3638,0.2013090836,0.0675857021,11944.34,6.6,0.2344080093,4.6605495351,5.0778140888,0.1551863737,0.1490633551,0.1671010831,0.3642297674,0.226962608,0.5356620494,0.0006139453,0.0014325391,0.423,0.316,54.7441687684517,15.6411910767005
"28087",0.133618799,0.0004607902,13.653042068,2542,0.1678342005,0.049436929,11256.24,6.1,0.2284142404,4.4570691854,4.6585735057,0.1378130914,0.1461461674,0.1583821022,0.3991765221,0.2161319685,0.6727111527,0.00190056,0.0016120821,0.403,0.277,51.753358281106,15.355392017471
"28089",0.1086130322,0.0013267841,13.173742849,4101,0.1322019106,0.0551104374,11792.8,8.1,0.1583131747,3.324181514,4.0613676064,0.1690313597,0.1063830488,0.1253522147,0.3457578758,0.143486823,0.7670346523,0.0015715232,0.0009467007,0.337,0.205,40.7813710696954,9.72478848585043
"28091",0.1863821776,0.0003662556,18.312782322,6749,0.2341499086,0.0686514886,13784.9,6.3,0.2910160953,5.4546751557,5.6988206494,0.1469312494,0.1773429761,0.1901221823,0.3906071487,0.2691384837,0.3545481394,0.0005259964,0.0005664576,0.411,0.315,25.7700497768856,28.4826865955052
"28093",0.1549713016,0.0001133337,7.3666912223,6158,0.1912406562,0.0559122525,12578.62,6.8,0.2562249024,4.6552396107,5.0974859168,0.1452439934,0.150729549,0.167970676,0.375180807,0.2294660326,0.3466777945,0.0002820795,0.0006769908,0.425,0.314,32.0615581917281,20.7457141240594
"28095",0.1485820416,0.000453875,13.048905027,5138,0.1858695652,0.0547659887,13924.85,7.2,0.2388730269,4.9503491828,5.1233015589,0.1476530432,0.1564366848,0.1689165379,0.3806109179,0.2370035367,0.2405850388,8.4355e-05,0.0009279046,0.407,0.302,34.9257591632921,21.7106070474518
"28097",0.1484530607,0.0006138107,11.253196931,4061,0.1852740358,0.0569251457,13839.12,5.8,0.2652125683,4.9791008295,5.3667439992,0.1417177105,0.1617080765,0.1757269786,0.3933029715,0.23662092,0.0805491991,0.0001995411,0.0005986232,0.421,0.332,16.9727417767066,33.9454835534132
"28099",0.2146497079,0.0006181743,12.020056323,7368,0.2783308751,0.0866989117,14003.68,6.4,0.279308609,5.5338658118,5.6287719798,0.1453385165,0.1783100771,0.1900664091,0.3889059312,0.2792129894,0.448139911,0.00072103,0.0012360515,0.395,0.31,24.0718027487706,12.6090395350703
"28101",0.1770821028,0.0001903131,14.749262537,5171,0.2207471705,0.0806985294,13342.53,6,0.2516900124,4.9612071269,5.1501492394,0.1468958951,0.1628345705,0.1742993601,0.397364964,0.2437547666,0.4532228361,0.0003264469,0.0007461642,0.431,0.304,31.582105578979,34.7403161368768
"28103",0.1940758294,0,11.519631372,6356,0.2416722185,0.0784237222,11993.62,6,0.3047782521,5.2684967383,5.5119871464,0.1258329729,0.176830954,0.186050865,0.4233717987,0.2586528662,0.3952360329,0.001518747,0.0010441386,0.463,0.376,19.2381685263563,19.2381685263563
"28105",0.1442479229,0.0004234981,11.494948273,2871,0.1689378627,0.061055193,10314.42,5.3,0.2216361215,4.3878508127,4.973528594,0.1342697733,0.1446576542,0.1607373478,0.3879845399,0.2056042917,0.600952361,0.0018951995,0.0008064679,0.367,0.273,20.1376069810371,10.7400570565531
"28107",0.1634765348,0.0002047263,11.698642957,5234,0.2072072072,0.0578338591,12296.08,6.3,0.2749014569,5.1038409627,5.2800322666,0.1413403455,0.1661993327,0.1776327287,0.3947657745,0.2484822124,0.1805399487,0.0008777576,0.0009070162,0.433,0.325,32.2839421628285,4.89150638830734
"28109",0.164858307,0.0002700999,9.0033312326,5241,0.2064627371,0.0628316542,12328.68,6.7,0.2090606439,4.5033362792,4.994901285,0.167458227,0.1428843229,0.1631434679,0.3636446041,0.2268549984,0.4799226278,0.0004694242,0.000812465,0.356,0.256,32.3744889027446,15.5877168790993
"28111",0.175861712,8.35213e-05,8.352125616,6504,0.2131843259,0.0767254038,14739.05,5.9,0.2563289316,5.1490301865,5.4063181194,0.1446967795,0.1670312403,0.1839842724,0.3782657821,0.2540329335,0.5502857143,8.38153e-05,0.0010895985,0.426,0.307,5.59190292456523,5.59190292456523
"28113",0.1597342023,0.0004581552,16.035430666,5709,0.2068085896,0.0587490257,12494.11,6,0.2958726056,5.3548898009,5.7358070279,0.1234282281,0.1782027638,0.1882902139,0.405832578,0.2603797147,0.523042273,0.0039936304,0.0013649117,0.421,0.333,43.2760844477632,9.33405742990971
"28115",0.1855148471,0.000217567,9.3242991235,4208,0.2354502974,0.0763024435,12214.72,6.8,0.2479243102,5.1269508484,5.2045188097,0.1466631788,0.1586884196,0.1727802233,0.3625849739,0.2347142634,0.2908835998,0.0004083812,0.0007853485,0.388,0.273,18.6590371936808,16.5858108388274
"28117",0.1697721519,0.0003581947,8.3578763034,4779,0.2114886165,0.0640402638,13566.78,6.5,0.2714974469,5.4793268198,5.6652746016,0.1511667784,0.1766668225,0.1869762893,0.372093089,0.2607166366,0.57109511,0.0011060636,0.0009480545,0.377,0.304,26.5062157075834,23.8555941368251
"28119",0.1617290851,0.000147232,8.8339222615,6925,0.2075761454,0.0413971539,12702.17,0,0.3571626213,6.0374963965,5.7735696787,0.1088772055,0.2057451982,0.2037836322,0.4313143194,0.2850899225,0.1737808586,0.0004254716,0.0008509431,0.482,0.391,29.1219725282726,29.1219725282726
"28121",0.1332619473,0.0006311546,10.819792492,4310,0.1655388278,0.054851752,12280.74,7.6,0.1780112704,3.8640814281,4.575734703,0.1630379087,0.1179332624,0.1414953528,0.3402813592,0.170931004,0.7014270886,0.0012475471,0.0009876415,0.354,0.24,40.2022582059904,14.4040176459965
"28123",0.2177832849,0.0001777841,11.733750533,5560,0.2747524752,0.0935687928,15496.09,5.4,0.3046132312,5.3912220813,5.401014621,0.1318008386,0.1784678384,0.1862330319,0.4094953021,0.2672454932,0.6856425134,0.0001060558,0.0007777424,0.442,0.329,27.227957192916,11.8382422577896
"28125",0.1779285925,0.0002314279,18.514232816,4770,0.2271386431,0.0662313433,11040.23,6.3,0.3501929988,5.9246416816,5.6980761729,0.1103456973,0.2008218364,0.1973335865,0.4416097437,0.2765494914,0.0199349064,0,0.000228467,0.486,0.364,7.77725929382486,7.77725929382486
"28127",0.173245614,0.0004126341,12.754145097,6615,0.2149010028,0.0661422379,13852.69,6.9,0.2719718394,5.2663289611,5.476517016,0.1396288473,0.1705705876,0.1814724446,0.3882558713,0.2564807309,0.2938952114,0.000298976,0.000411092,0.372,0.304,26.2352426759948,14.9915672434256
"28129",0.1756702999,0,8.7961799447,6301,0.2149210585,0.0806579995,14826.53,6.9,0.23777357,4.7496275917,5.1251340051,0.1575242399,0.1535671568,0.1716711395,0.361949646,0.2372519024,0.4667394336,0.0001249844,0.0004374453,0.415,0.312,23.0622471014949,29.351950856448
"28131",0.1720774598,0.0002726876,4.9083769634,5402,0.2109903027,0.0721700445,12905.29,5.8,0.2325005699,4.6773959673,5.1248437995,0.1614924873,0.1522725876,0.1719659746,0.3638948198,0.2426717394,0.6925671877,0.0002137095,0.0007479831,0.406,0.292,21.6555681879703,30.6787215996246
"28133",0.1531241002,0.0003185982,9.9561927519,5966,0.1997866754,0.0458950448,13641.07,4,0.324155341,5.4363565774,5.1831937607,0.1273785054,0.1828800554,0.1802890224,0.4374453028,0.2644411868,0.2777928693,0.0002331455,0.0012823004,0.478,0.35,50.2745253687901,31.7523318118674
"28135",0.1604965157,0.0002172496,12.310811789,4249,0.2032360502,0.0543318649,13082.71,3.7,0.3336917925,5.7054075219,5.6716327419,0.1331531967,0.1913293859,0.1866071631,0.430281269,0.2823506672,0.274027832,0.0003574748,0.0008579395,0.439,0.356,24.094643760692,24.094643760692
"28137",0.1549132432,0.0002824759,12.005225804,4357,0.1924052199,0.0617451691,11845.61,6.2,0.2405229467,4.8089156417,5.0073398399,0.1474918171,0.1553770968,0.1685085172,0.3886928386,0.2245881386,0.2916291629,0.0001390869,0.0005911193,0.4,0.291,30.3670914166248,12.8476155993413
"28139",0.1642407005,0.0001362707,16.352486941,6390,0.2017089997,0.0749954271,13591.63,6.9,0.2600165087,5.2663634569,5.4895389953,0.1581404882,0.1643351375,0.1804633772,0.3674175678,0.2565509366,0.5832133861,0.0009547624,0.0010002273,0.401,0.324,47.1425529973539,18.2487301925241
"28141",0.1731504682,0.0003095496,6.1909921065,4931,0.2097472924,0.0773712421,13055.14,NA,0.2484194875,5.2256452531,5.5227173602,0.1583746849,0.1655997778,0.1814154498,0.3737898911,0.2545693039,0.5118154443,0.0010280662,0.0011822761,0.41,0.31,20.6497797356828,27.5330396475771
"28143",0.1282427802,0,3.1146179402,6519,0.1695927602,0.0439481268,12504.91,6.4,0.2805204783,4.9438247196,5.1439832422,0.1198345261,0.161900217,0.1704638086,0.4350737175,0.2299932803,0.5650398961,0.0003016895,0.0006033789,0.491,0.377,3.45208505937586,3.45208505937586
"28145",0.1727387463,0.0005205622,13.881658858,4010,0.2156263117,0.0751445087,12221.98,6.9,0.2294323271,4.5919228739,5.0594493103,0.1544923799,0.1494267363,0.1688662322,0.3678597537,0.2384168404,0.5872337289,0.0002097462,0.0016080543,0.388,0.281,28.973078215722,22.0195394439487
"28147",0.1836553803,0.0004199916,11.899762005,3917,0.2238240684,0.0805716023,10892.82,5.9,0.2872578265,5.4770106094,5.2717710707,0.127703201,0.1777029659,0.1837822184,0.4096329915,0.2580271515,0.2054005051,6.91324e-05,0.0003456619,0.444,0.334,37.1704030665583,34.8472528748984
"28149",0.1507469932,0.000572927,14.984244508,4738,0.188678538,0.0566775837,12580.48,6.5,0.2389772886,4.6557077275,4.9681647804,0.1467294455,0.148398295,0.1631860666,0.406268824,0.2125796675,0.5465113895,0.0047210672,0.0008879071,0.385,0.304,22.7276059766272,16.8624173374976
"28151",0.1436829994,0.0004782619,15.714318249,5796,0.1878683398,0.0421660009,11156.76,4.4,0.294160242,5.3499546643,5.2123261733,0.1214961816,0.1787005056,0.183182621,0.3936545587,0.2474726151,0.7729041594,0.0013980427,0.0011983223,0.444,0.357,69.0392917023875,9.10408242229286
"28153",0.1685830748,0.0003468265,12.386662042,6689,0.2106614187,0.0677864427,11855.57,6.5,0.265128195,5.014409956,5.2677351625,0.1530956529,0.1581928545,0.1717869932,0.4053225306,0.2297556712,0.0768303851,0.0003448616,0.0004433934,0.416,0.322,64.1468469357545,52.6333103062601
"28155",0.1512275373,0.0003096295,13.417277325,7349,0.1840479972,0.0712457338,11265.17,6.6,0.2334036986,4.8037230471,5.2875760927,0.14804056,0.1542469236,0.1732045573,0.366986173,0.2412777359,0,0.0007151614,0.0016346547,0.401,0.272,54.8828593969746,37.73196583542
"28157",0.1667505452,0.0003476246,10.428736964,6770,0.2078625235,0.0675824176,13479.8,5.3,0.3612748163,6.1181133698,5.7157657088,0.1185989797,0.2048871487,0.1974112655,0.4410592458,0.2991145556,0.1097388135,0.0002274795,0.0006824386,0.44,0.389,62.0804718115858,38.8002948822411
"28159",0.1702297848,0.0003341688,16.151489836,3277,0.2125365313,0.0647942843,11356.43,6.1,0.267447829,4.9732272402,5.1826319967,0.1391816862,0.1628629786,0.1759914867,0.4014017806,0.244214301,0.2890405251,0.0017065786,0.0012111203,0.402,0.309,64.856851663115,48.1793755211711
"28161",0.1390006352,8.259e-05,14.040303931,7549,0.1712747381,0.0560471976,13828.2,6.6,0.2481346396,4.7371429686,5.1916338781,0.1374044922,0.152544825,0.1701748665,0.3930775875,0.2296781027,0.3451648525,0.0001613944,0.0006455778,0.408,0.307,43.8572446686037,43.8572446686037
"28163",0.1541598263,0.0001684069,6.73627484,4249,0.2019371205,0.0505508749,13487.51,4.4,0.3167020345,5.4614732529,5.2950976237,0.1367073164,0.1810020495,0.1788628368,0.4190388098,0.2560009991,0.2936753964,0.0011682243,0.0004602096,0.444,0.38,31.7946302402261,30.6170513424399
"29001",0.1541826718,0.0011443002,11.048415736,2165,0.1749496073,0.0877573131,10640.22,6.7,0.2108472267,4.7082680761,4.9185522873,0.1805025129,0.1464176403,0.1622542916,0.347886022,0.2206900806,0.7831842855,0.0018943131,0.0007103674,0.402,0.27,23.6589950184672,13.1438861213706
"29003",0.1097680956,0.0001129178,8.4688346883,3948,0.1252811736,0.0718690702,11515,8.2,0.1793423957,4.3119675728,4.5842548464,0.2037883228,0.1278214204,0.146920844,0.334265932,0.2044014145,0.643224799,0.0002271824,0.0001703868,0.381,0.241,54.8152348549286,22.682166146867
"29005",0.1276821192,0.0003888781,29.165856504,5983,0.1405797101,0.0950605778,12373.12,7.9,0.1820347818,4.2485355331,4.6485288495,0.1983633591,0.1287176619,0.151061995,0.3552000389,0.2129834882,0.764819701,0.0005801586,0.0017404757,0.361,0.249,84.3608046722907,90.85009733939
"29007",0.1408892671,0.0005120529,7.8777375138,3117,0.1666666667,0.0811135934,11023.48,7.1,0.2231767229,4.8960737916,5.1433980575,0.1821274074,0.1505546926,0.1699385083,0.3693538194,0.2475404979,0.7294841161,0.0019236054,0.0005496015,0.397,0.298,92.4751638131473,23.7793278376665
"29009",0.1874617847,0.0006426556,13.411942217,3094,0.2226396193,0.0995865759,10525.31,6.8,0.242619051,5.1282981572,4.9780068624,0.1789424395,0.1606893281,0.1704878046,0.3636575654,0.2486770031,0.490855971,0.0006687845,0.0010310427,0.384,0.294,24.1876215195408,19.536155842706
"29011",0.1621503497,0.0002552323,11.910838863,3590,0.1924788949,0.089509488,12986.75,4.8,0.2282730258,4.9709314269,5.1423439659,0.1865502794,0.155443766,0.1720551368,0.3627349971,0.2512868355,0.3482502822,0.000678081,0.0004238006,0.396,0.293,42.681538811746,25.6089232870476
"29013",0.1488961954,0.0002473411,12.367054168,5651,0.1708619375,0.0941455696,13179.07,7.3,0.2114397724,4.7167056061,4.9240490917,0.1881535111,0.1468692213,0.1652477867,0.3618459041,0.2467789189,0.3667077248,0.0005514706,0.0005514706,0.412,0.294,34.8832437312759,53.3508433537161
"29015",0.1642119648,0.0003085944,14.401069794,4043,0.1880918799,0.0922897196,11138.92,6.9,0.2235675793,5.0007818127,5.1321754159,0.1815942288,0.1552611589,0.171909968,0.3591275541,0.2452768915,0.3110831234,0.0006743438,0.0005705986,0.399,0.278,70.2680468910674,32.563241242202
"29017",0.1670369195,8.24198e-05,9.0661831369,3617,0.1925894011,0.0971428571,10823.61,6.7,0.2429164617,5.2392748053,5.3459598224,0.1829558145,0.164372,0.1793679478,0.3601538255,0.2720378595,0.2610207878,0.0004108801,8.2176e-05,0.391,0.296,27.4627193584709,16.4776316150825
"29019",0.1099758648,0.001174756,10.971778148,2688,0.1242793988,0.068792614,10385.26,7.4,0.1699452169,4.0042746504,4.4743319099,0.2014214472,0.1183768624,0.1372088663,0.3238258295,0.1836434548,0.8272156024,0.003572123,0.0015555123,0.328,0.221,39.74540857728,14.7205216952889
"29021",0.136409184,0.0005952108,12.590998581,4680,0.1656741855,0.0618234909,11813.59,6.8,0.2153535347,4.8272925669,4.9501733607,0.1850042755,0.1475347219,0.1620633471,0.3764122978,0.2328281389,0.8265041872,0.0017838796,0.0011403281,0.369,0.262,38.481321319033,19.4311622502048
"29023",0.149601143,0.0009416639,8.2395593013,5446,0.1827030609,0.0668882845,11237.15,6.1,0.2512107775,5.4585893352,5.258201931,0.1686195262,0.169123491,0.1792503375,0.3834417334,0.2680846763,0.6851895125,0.0027205141,0.0017120477,0.39,0.324,48.7057622058997,17.2826898149967
"29025",0.1445851715,0.0001108647,15.521064302,3859,0.1654632972,0.0949513664,10091.73,7.3,0.2180301547,4.8861106796,5.0644596864,0.186814748,0.1500406591,0.1670274211,0.3611526018,0.2446824403,0.4505517827,0.0001097936,0.0002195872,0.408,0.275,55.1896684940579,44.1517347952463
"29027",0.114100515,0.0003799477,8.4929486177,3478,0.1306242686,0.0706516,10698.69,7.8,0.1871177417,4.1403396666,4.6472283029,0.2024541003,0.129308002,0.1501274122,0.333657907,0.2167903678,0.6799828566,0.0017821738,0.0003564348,0.342,0.245,31.2223552063277,17.0979564225128
"29029",0.1572746847,0.000712666,13.389482777,3150,0.1805448731,0.0857489388,9877.29,7.4,0.1968864913,4.505274261,4.711823194,0.1938756469,0.1369812298,0.1541146994,0.3536745994,0.2231763508,0.6916276533,0.0013532686,0.0006329805,0.397,0.247,62.0786232982517,20.2116447947796
"29031",0.1156949087,0.0008875252,12.932510048,2779,0.1356442776,0.0629196573,9592.25,7.3,0.1878147057,4.4993789816,4.4650917708,0.1949733598,0.1343290889,0.1474341079,0.352509997,0.1993065864,0.7588471602,0.0027681485,0.0018158038,0.4,0.248,18.5547533904595,21.9283449159976
"29033",0.1328264758,0.0003456619,16.130890656,4629,0.1573244426,0.0726368159,11750.55,7.2,0.2174199202,4.741864612,4.8638649692,0.1836217509,0.1492073588,0.1668065527,0.3624548819,0.2483066842,0.4799354492,0.0003431316,0.0008006405,0.37,0.289,61.5953187557746,61.5953187557746
"29035",0.1526439735,0.0001671682,8.358408559,4818,0.1827699671,0.0793423874,10366.35,5.2,0.2300917528,5.0020478012,5.1693881419,0.1854572983,0.1559353678,0.1726246365,0.3500743616,0.2551666348,0.7653631285,0.0009910803,0.0013214404,0.397,0.286,33.2834082210018,55.4723470350031
"29037",0.1002559776,0.0002363396,9.1699754207,4634,0.1182985838,0.057769987,12284.54,7.9,0.1699840162,3.9968545667,4.4925962786,0.1951948036,0.1209944748,0.1436940853,0.3420503839,0.2064472784,0.6926054002,0.0007908226,0.0004097033,0.345,0.237,88.4927883101342,27.0832021162688
"29039",0.1634035446,0.0002787651,11.847515506,3817,0.1997047376,0.0834995725,12015.57,6.6,0.2340050003,5.1147644347,5.1623176924,0.1868313649,0.1597466046,0.1749679889,0.3623609964,0.2630118802,0.5758832785,0.0007765619,0.0005647723,0.373,0.295,105.05182556728,32.6827901764871
"29041",0.1353165246,0.000134662,17.50605979,2961,0.1521513738,0.0980615735,11082.15,7.9,0.1998083239,4.5264237896,4.838605093,0.1920142564,0.1384105606,0.1580460447,0.3550108473,0.2288281456,0.335078534,0.0005368407,0.0006710509,0.384,0.263,49.4671043755902,44.9700948869002
"29043",0.1199053734,0.0004627801,8.2397426491,3357,0.1445170939,0.0634122891,10483.85,7.9,0.1772600335,4.2512855697,4.5715198757,0.200452429,0.1267197027,0.1471183597,0.326737884,0.2034182662,0.6734649066,0.0010921674,0.00045986,0.373,0.22,36.4342512010157,22.5366502274324
"29045",0.1519848771,0.0004413712,10.298661174,5526,0.1742902208,0.0966090851,10357.42,7.6,0.2123724069,4.8235036014,5.019627917,0.1949172206,0.147636171,0.1667879346,0.3502704849,0.2461096747,0.4415184199,0.0002923122,0.0002923122,0.405,0.291,4.8854365137525,0
"29047",0.092519861,0.0006361323,9.4819722502,4480,0.1103525549,0.0492342415,11460.21,8.2,0.1603844591,3.7750883544,4.2409836725,0.2290908012,0.1149488553,0.1327935354,0.3124791607,0.1898477277,0.9092047815,0.0011974103,0.0006981511,0.342,0.219,29.8755895094001,20.5394677877126
"29049",0.1173672167,0.0005886104,6.8671212047,5381,0.1367442639,0.0702075702,11172.69,8.4,0.1872201267,4.1840484945,4.7182405142,0.211698638,0.1313813282,0.1527988143,0.3385641809,0.2253597532,0.5392180495,0.0004396678,0.0007327797,0.368,0.247,65.1359713401726,17.9123921185475
"29051",0.104319962,0.0006515082,22.802788455,3084,0.1223138933,0.0613577771,10557.92,7.8,0.1722733406,3.8721216505,4.3693712153,0.193450791,0.1212196129,0.1392106629,0.3433519357,0.202305173,0.7752204237,0.0018881192,0.0009245273,0.335,0.216,39.1760834363519,16.5410130064597
"29053",0.1209912536,0.0003952792,11.858377096,3667,0.1359150397,0.0850357508,10147.69,7.3,0.1967814463,4.4427333733,4.7081600843,0.2005139162,0.1341517681,0.1530770743,0.3562980542,0.2217094428,0.5897960343,0.0010793615,0.0003976595,0.373,0.259,38.157744114168,49.6050673484184
"29055",0.1577912415,4.1806e-05,11.705685619,4792,0.1875643099,0.0817518248,11396.06,7.2,0.2573795413,5.3604002134,5.5129340985,0.1777618651,0.1691577084,0.1853247301,0.3636881444,0.2726302137,0.6130142533,0.0004174145,0.000459156,0.413,0.294,20.9450402144772,22.3413762287757
"29057",0.1705508475,0.0007935458,13.225763788,3163,0.1969223371,0.0976220275,11669.18,7.3,0.2383151293,5.1650014814,5.2220524964,0.1835874905,0.1625647727,0.1765001556,0.3619007248,0.2635207169,0.1340860079,0.0006605892,0.0005284714,0.402,0.301,48.4624195964402,61.6794431227421
"29059",0.1718596012,5.92487e-05,4.7398980922,4793,0.2025316456,0.0983485334,11505.85,6.3,0.2318932766,5.0692755342,5.1527559255,0.1907627491,0.1591723865,0.1752485479,0.3608399906,0.2638673096,0.057698039,0.0002982938,0.0004176113,0.395,0.306,76.6825930513773,74.7163727167266
"29061",0.1944137605,0.0001208021,7.248127567,4521,0.217552821,0.1440677966,10312.68,7.8,0.2235564971,4.7825764668,4.9622579645,0.1910062808,0.1486626996,0.1670560931,0.3594041451,0.2546567859,0.317561959,0.000240587,0.0006014676,0.395,0.278,32.1620969687224,32.1620969687224
"29063",0.1160205641,0.000239101,7.9700326771,3392,0.133869071,0.0750791497,10376.93,7.7,0.2252642386,4.7466378463,4.7590267716,0.2039616086,0.1467817555,0.1552416109,0.3680326724,0.2494056459,0.649937946,0,7.91766e-05,0.397,0.255,47.0640347720163,44.2955621383683
"29065",0.165633378,0.0002568548,8.9899184486,8117,0.1996047431,0.0795324971,12347.95,6.5,0.2443090537,5.2252056624,5.2946124343,0.1809144257,0.1643495368,0.1789403263,0.3631043124,0.2686957405,0.6289838411,0.0012304903,0.0004533385,0.374,0.293,27.9599956984622,25.8092267985805
"29067",0.1773049645,0.0001516875,10.618126659,4153,0.2121954735,0.0910647039,10398.53,5.4,0.2643772313,5.5418504099,5.3764716919,0.1726060504,0.1771038587,0.1884258246,0.3652210439,0.2816214867,0.3856328559,0.0005982203,0.000972108,0.376,0.281,57.641220991429,27.5675404741617
"29069",0.1605877494,0.0002746215,13.73107686,4814,0.1934775792,0.0874529823,13132.75,6.4,0.2923758054,5.9605967642,5.6548037219,0.1532836132,0.1868434856,0.1924679269,0.3757538756,0.2954232694,0.68200169,0.002005234,0.0009516365,0.395,0.336,49.1810778662275,24.0186659346692
"29071",0.1182781754,0.0006444353,13.850548732,3690,0.1371410028,0.0704485705,11868.96,8.2,0.1852613502,4.2136173049,4.4973029313,0.2106688244,0.1306556882,0.152195096,0.3801986707,0.2199336698,0.74710322,0.001186457,0.0006076975,0.314,0.236,53.5074622083523,22.7486815376827
"29073",0.1413701068,0.0004759962,16.999864001,4092,0.1639284851,0.0814767664,12632.56,8.2,0.1899847653,4.3646193846,4.7641994674,0.2027799882,0.1335715423,0.1551994804,0.3403030001,0.2225265302,0.4680725266,0.0006800408,0.0004760286,0.337,0.253,68.2174773176888,25.0130750164859
"29075",0.1383756736,0.0003043677,13.696545427,4814,0.1570753406,0.0972553699,13671.81,7.2,0.2089176777,4.6863652622,5.0324508025,0.1913302569,0.1453147158,0.1654087421,0.3632481469,0.2400853869,0.6203621253,0.0004526252,0.0007543754,0.388,0.268,25.4026317126454,60.966316110349
"29077",0.1326606493,0.0009894707,12.078366077,3579,0.1514271504,0.0797385621,10695.84,7.2,0.1975859029,4.5342330514,4.9140733052,0.1839079681,0.1386877613,0.1564948585,0.3326309386,0.2075626668,0.8317355564,0.0035591577,0.0017127804,0.358,0.241,46.704227016634,22.6134821808033
"29079",0.1542087542,0.0002030457,20.304568528,2926,0.1790171607,0.0992493745,12816.33,6.5,0.2037969307,4.6619709371,4.8109874659,0.1965634024,0.1426950513,0.1603800051,0.3521942771,0.2340506763,0.5927297534,0.0018156143,0.0005043373,0.376,0.275,102.183316870466,74.9344323716748
"29081",0.1360201511,0.0003591954,9.5785440613,2318,0.1621253406,0.0786132813,13036.55,6.3,0.2374158796,5.0148978498,5.1260686399,0.1918114156,0.1574877717,0.1725306526,0.3500187498,0.261841498,0.2260801608,0.0008319468,0.0007130972,0.387,0.285,67.7641806513334,39.8612827360785
"29083",0.1459810523,0.0006873167,14.662756598,3074,0.1691134257,0.0856668741,11790.63,5.9,0.2256376176,4.9787784892,5.0514094575,0.1871954903,0.1552284805,0.1705714292,0.3527355229,0.2499616318,0.4489942529,0.0027991924,0.0009636564,0.424,0.282,50.2344273275285,28.9228520976679
"29085",0.1753153441,0.0001047779,7.334450964,2014,0.2002957955,0.1002475248,9550.54,7.3,0.2339955603,5.1317451733,5.2827164062,0.1853911385,0.1603601351,0.1768717613,0.3614139043,0.2657798345,0.32107614,0.0005258176,0.0003154906,0.398,0.292,104.752260902964,118.71922902336
"29087",0.1437013997,0.0002271179,18.169429934,4333,0.1614827439,0.0974808324,10160.28,7.2,0.1971339323,4.5291115886,4.6981801086,0.1969267541,0.1386395821,0.1569639161,0.3584969987,0.22808673,0.6239820847,0.0002270663,0.0011353315,0.382,0.261,61.3543983434312,61.3543983434312
"29089",0.1287611819,0.00039996,9.9990001,2627,0.1515093981,0.0733363513,9028.2,7.7,0.2046266991,4.6165719809,4.9098959119,0.189677819,0.1420964411,0.1597372944,0.3538581421,0.230818139,0.3647476341,0.0005918911,0.0006905396,0.376,0.251,49.7694017717907,43.1334815355519
"29091",0.1605091094,0.0009223023,11.466460603,4004,0.1958503615,0.0763508627,9567.18,6.1,0.2393385321,5.2646276185,5.2006162564,0.1686785995,0.1633189221,0.1747625038,0.3689195424,0.2611079435,0.6458910891,0.0023205909,0.0013474399,0.403,0.281,87.9996679257814,23.2451953011498
"29093",0.1388308977,9.87654e-05,9.8765432099,4146,0.1629590395,0.0724088973,12080.38,5.7,0.2422325985,5.2717053669,5.3652969517,0.1820077628,0.1640278194,0.1797413269,0.3554415739,0.2669820278,0.7923800564,0.0009826078,0.0007860863,0.41,0.309,32.8947368421053,36.1842105263158
"29095",0.1318067479,0.0008477819,11.123581281,4658,0.1552875761,0.0712335493,11983.7,7.6,0.2058898974,4.247736361,4.8111015035,0.1894010336,0.1313295135,0.1433036654,0.3662582108,0.2095724177,0.9150881544,0.002370389,0.0013522641,0.362,0.265,61.01715165109,20.2916401761201
"29097",0.1671042704,0.0006293021,12.115917183,4517,0.2039490518,0.0808173423,11749.84,7.1,0.2181052339,4.8708494542,4.9530013856,0.1771866299,0.1442199937,0.1629988101,0.3485769471,0.2333386025,0.7454601206,0.0023541895,0.0014340661,0.373,0.276,30.5270453120359,18.4262345577154
"29099",0.1117292144,0.0002443565,7.6416934348,5217,0.1341734243,0.0536589014,12868.58,7.8,0.179372942,4.4050992455,4.8361083865,0.2112441846,0.1300739394,0.1550818081,0.3561228764,0.2120913475,0.6750558901,0.000842445,0.0004056216,0.411,0.245,24.261395829111,26.6283612758535
"29101",0.1226014254,0.0004254375,9.4336132589,4126,0.1405124718,0.0741981409,11603.88,7.2,0.1873434373,4.2786927117,4.3985146782,0.1784002516,0.131906589,0.1463692317,0.348062495,0.203586493,0.4929175777,0.0014351748,0.0007269067,0.373,0.251,46.3154514521438,16.0560231700765
"29103",0.2080693565,0,12.629451882,3409,0.2319734345,0.1471215352,12287.85,7,0.2113718543,4.6532095189,4.864534641,0.1878750047,0.1459142899,0.1653622021,0.3429853133,0.2391564293,0.1370128298,0.000506714,0.000253357,0.379,0.295,8.44166807361135,8.44166807361135
"29105",0.1424370329,0.0005038771,12.037062957,3651,0.1703110412,0.0775478416,10605.42,5.9,0.2278840736,4.8586223843,4.9772843764,0.1828959297,0.1535078591,0.1706796812,0.3686679525,0.2529024886,0.5307975598,0.0013720494,0.0008960323,0.415,0.274,39.1312854627274,27.0192209147404
"29107",0.114135845,0.000275162,14.675308793,5322,0.1335569041,0.066189857,12160.62,7.6,0.1900873833,4.6626898192,4.7363544229,0.1918052555,0.1384844209,0.1558682428,0.3485692691,0.2232017304,0.480962224,0.0014418062,0.0006135346,0.4,0.289,71.2018878671983,24.4120758401823
"29109",0.1773491785,0.0005475166,13.557554426,4277,0.2122271964,0.0994519992,10808.09,7.3,0.232318955,4.9773544809,5.1195662068,0.190220663,0.1560734043,0.170757758,0.3651660557,0.2552326653,0.5320184294,0.0013034751,0.0007038765,0.352,0.285,51.3539155184569,19.14891765095
"29111",0.1265478296,0.0002045827,11.252045827,5035,0.1451981707,0.0817810086,9909.86,6.7,0.2152967859,4.7487859868,4.9424197224,0.1908844586,0.1456034341,0.1649352463,0.3469218096,0.2412353134,0.1721672706,0.000608828,0.0004058853,0.397,0.29,40.7594850718386,40.7594850718386
"29113",0.117105003,0.0001016725,6.7781675224,4803,0.1361281337,0.0733558179,13070.64,8.2,0.2017866051,4.5423693285,4.876987146,0.1993355689,0.1398526614,0.1598979349,0.3594184289,0.2372289351,0.3523570369,0.0007280796,0.0004507159,0.364,0.274,10.7455123347171,16.9665984232375
"29115",0.1344392976,0.0003355705,16.77852349,2990,0.1559270517,0.0830985915,11687.66,7.2,0.2066838458,4.6464023959,4.8653841528,0.1870248763,0.142430384,0.1619280777,0.3555768328,0.2446005706,0.6640545412,0.0002492315,0.0005815403,0.381,0.253,44.708972531925,30.7374186156984
"29117",0.1306130232,0.0007880738,13.134563604,4573,0.15130954,0.0827183272,12691.49,7.7,0.2074705679,4.6856150612,5.1219707954,0.172462374,0.1460438113,0.1689845045,0.3710941326,0.2292704097,0.7445870352,0.0005942163,0.0005281923,0.388,0.269,78.1494216942795,58.0538561157505
"29119",0.2266348954,0.0001313658,6.1304024171,4187,0.2729464959,0.1196261682,11942.28,7.7,0.2699496104,5.4127248582,5.20852884,0.1855782357,0.1721845928,0.1802929131,0.3604295722,0.2762250871,0.5241952952,0.0001299939,0.0004766444,0.393,0.328,58.1268618760445,20.3444016566156
"29121",0.1457051226,0.0003307535,12.568631342,4638,0.1651342405,0.0993806306,13253.99,7,0.217282109,4.7567650228,4.7513772408,0.1812216593,0.1441442347,0.1624930274,0.3605379112,0.2402158631,0.5464473853,0.0005939418,0.0006599353,0.368,0.257,57.3129064256585,33.0651383224953
"29123",0.135251046,0.00024818,14.890800794,3812,0.159617613,0.0732232592,10668.05,6.7,0.2213589052,4.9569677569,5.1446916789,0.1844042064,0.1523092792,0.1706131767,0.3604956662,0.2470803503,0.8403402585,0.0015589104,0.0008204792,0.398,0.284,16.4884992717579,16.4884992717579
"29125",0.1754778973,0,13.797861331,5743,0.1847325185,0.1475501114,11874.3,7.7,0.211861818,4.768484377,4.9719219202,0.1930475828,0.1469350064,0.1655030399,0.3632577683,0.2435112639,0.2052092415,0.0003421143,0.0003421143,0.389,0.292,38.0792810631735,26.6554967442215
"29127",0.1113990795,0.0009814231,18.576936558,6902,0.1318509239,0.0628986797,11804.86,7.2,0.212760725,4.7874062412,4.8652043565,0.1863426799,0.1477928283,0.1647002556,0.369881434,0.2373477087,0.76293388,0.0029029099,0.0008743705,0.399,0.258,46.759015722719,21.0415570752236
"29129",0.1723764876,0.0002764722,13.823610727,5127,0.193598348,0.1220338983,10717.74,4.8,0.1955711036,4.4374870773,4.7926677655,0.1982275761,0.1364657878,0.156354582,0.3423634943,0.2265581203,0.2639365918,0.0002746498,0.0002746498,0.376,0.267,9.24556213017751,9.24556213017751
"29131",0.1574961892,0.0003513018,8.1970412584,4046,0.1892581357,0.08047105,10377.79,7.7,0.2194315525,4.8949898363,4.9200237776,0.1965641123,0.1519799172,0.1667838605,0.3592197038,0.2460889459,0.5591562955,0.0003157562,0.0002762867,0.372,0.258,41.695984155526,7.81799702916113
"29133",0.1451558833,0.0001517451,8.3459787557,5495,0.1811433986,0.0608351332,11005.12,7.1,0.3050270896,5.6236065379,5.3537333625,0.1562223587,0.1862679569,0.1886256078,0.4061275289,0.2938459947,0.5203370943,0.000224955,0.000374925,0.441,0.36,20.4045196010916,20.4045196010916
"29135",0.1693627451,0.0001239772,16.736920407,2757,0.1965771333,0.1103123451,10762.98,8.2,0.2068014497,4.5455227506,4.7852855047,0.2056577134,0.1385754998,0.1557508619,0.3505040035,0.2303061573,0.3833536234,0.0003101545,0.0003101545,0.363,0.263,25.0846607299636,22.9942723358
"29137",0.1348314607,0.0003470615,11.568718186,3844,0.148890785,0.098265896,10975.34,7.5,0.2132653563,4.6656282703,4.8671055085,0.1998419937,0.1466484168,0.1644537969,0.3515367369,0.2493291337,0.464479638,0.0002308403,0.0003462604,0.375,0.293,46.189376443418,46.189376443418
"29139",0.1438410297,0.0001731452,9.5229850229,3059,0.1659660595,0.0870413739,10324.35,7.3,0.2287401995,4.9826207817,5.1621954838,0.1860859487,0.1568478654,0.1724305788,0.3522648143,0.2642682892,0.3903236352,0.000433501,0.0006936015,0.384,0.279,66.9013060298438,31.9962767968818
"29141",0.2098214286,0.0002424007,14.05924274,3716,0.2416521019,0.1347680735,9558.04,7.3,0.2560026751,5.3537606378,5.3619253933,0.1810127107,0.1704426968,0.184073585,0.3658452057,0.2782982886,0.4116703136,0.0003438452,0.0002947244,0.372,0.297,56.7251746325019,19.4486313025721
"29143",0.1392716169,5.85617e-05,11.126727571,4885,0.1698015172,0.0640578265,11068.82,7,0.2857550632,5.6524794291,5.3643989607,0.1627277501,0.1788018908,0.1866915255,0.3709764258,0.2848338892,0.4251951889,0.0002312673,0.000346901,0.444,0.332,29.3743268383433,21.5411730147851
"29145",0.1569723847,0.0006293021,11.504911052,4531,0.1907279993,0.0762561296,11350.27,7.7,0.205714184,4.6944884314,5.0603434287,0.1862527356,0.1439906179,0.1613101166,0.363271597,0.2329312809,0.5419348178,0.000308928,0.0002917654,0.348,0.261,39.4391636610976,16.5758803793019
"29147",0.1334945112,0.0004526525,9.958355966,2776,0.1482218354,0.0806831567,11118.92,4.9,0.2018948249,4.6734440071,4.7783978611,0.1916887347,0.1417660106,0.1571359546,0.3460728108,0.2197007728,0.7582370561,0.0011208752,0.0005380201,0.389,0.25,61.990656042577,22.6795083082599
"29149",0.165207461,0,4.7487890588,4464,0.1968,0.0873786408,8945.6,6.1,0.2595324947,5.4855085744,5.4197661256,0.1751792208,0.1733635961,0.1857301968,0.3727140529,0.2797944226,0.5129124161,0.0001897353,0.0003794706,0.395,0.312,120.707728471141,88.9425367682094
"29151",0.112330772,0.0002203452,8.0793242747,3272,0.1252224765,0.0818350899,9541.29,8.7,0.1777217346,4.1726763685,4.5416106349,0.2098372385,0.126297345,0.1482234563,0.3408212834,0.214972743,0.3308113561,7.29182e-05,7.29182e-05,0.359,0.242,53.8371182458888,24.4714173844949
"29153",0.1941305712,0.0002180074,8.7202964901,3531,0.2279803796,0.1003401361,10320.62,4.8,0.2646843538,5.60938977,5.4947090658,0.1719514724,0.17941016,0.189568207,0.3740779467,0.2891634304,0.3939113442,0,0.0004436065,0.395,0.318,58.6639290166459,69.663415707267
"29155",0.1368528557,0.0003163556,13.919645682,6268,0.1683157185,0.0649864097,11310.98,6.1,0.3051933281,5.9695172249,5.6787169767,0.150788479,0.1901486983,0.1942559796,0.3624796668,0.2844287658,0.5350349803,0.001413471,0.00116765,0.426,0.355,44.0463955366319,46.1438429431382
"29157",0.1116542824,0.0004703177,12.54180602,4776,0.1287720888,0.0700440529,11869.28,8.3,0.2021361825,4.5849694195,4.7865090505,0.2024761574,0.1398778703,0.1599270739,0.3493235831,0.2347766751,0.3700911918,0.0006788512,0.0006266319,0.382,0.259,17.3973556019485,20.8768267223382
"29159",0.1558592953,0.0005196155,11.337065117,5342,0.1855567943,0.0871083428,10272.44,7.3,0.221625433,4.8098125988,4.8901017631,0.1839662113,0.1495985586,0.1641056004,0.3492766255,0.2436746613,0.6749366129,0.0012458277,0.0006346669,0.389,0.265,43.1809438569219,13.3468371921395
"29161",0.1559418937,0.0008076638,12.788010679,5733,0.1830507135,0.0822165497,12094.31,6.7,0.2085446925,4.6844700629,4.7945831554,0.1784328466,0.1453146587,0.1570419368,0.3549243099,0.2187577846,0.8049207193,0.003219172,0.0012742556,0.353,0.251,19.4437589273028,17.2002482818448
"29163",0.1308557152,0.0002731942,13.659709321,4883,0.1524874231,0.0818249442,11459.09,7.2,0.2240971563,4.6477650672,4.8051385825,0.1881527585,0.1469802834,0.1607122333,0.3513811229,0.2443568779,0.4599805574,0.0004863813,0.0007025508,0.428,0.287,29.4344898634976,22.0758673976232
"29165",0.08034686,0.0008140359,9.5768928729,3804,0.0935113909,0.0487290617,11443.94,8.3,0.1425681389,3.3819558888,3.9163643932,0.1993863703,0.1032725601,0.1232186074,0.3284762444,0.155970434,0.8590716733,0.0010486964,0.0005437685,0.318,0.201,34.7205631739054,16.8824756717155
"29167",0.1596021975,0.0007154188,9.3315499705,2838,0.1886362373,0.0858433735,10733.05,7.8,0.21658982,4.7936417098,4.8907053523,0.1885118082,0.1486968156,0.1640658564,0.3565834476,0.2360430343,0.4947168963,0.0018011863,0.000993758,0.365,0.267,88.8062783973565,21.6852540272615
"29169",0.1208140954,0.0003231509,9.3143498014,3401,0.148198249,0.0573414422,10592.52,5.6,0.1980805674,4.4268321593,4.4403010666,0.1868825904,0.1334348183,0.1455837355,0.3503361147,0.2100704587,0.729043119,0.002172492,0.0010958588,0.374,0.254,10.8053136718998,15.2545604779762
"29171",0.1583476764,0.0004258944,10.647359455,5115,0.1786148238,0.1092436975,13120.79,6.9,0.215448163,4.8416677387,4.8943570402,0.1919734327,0.1486270389,0.1644023142,0.352813295,0.2399799983,0.5380598514,0.000420433,0.0002102165,0.36,0.26,91.9312637012941,63.6447210239728
"29173",0.113,9.70026e-05,7.7602095257,4409,0.1251066735,0.0819599109,10158.85,8.3,0.1999578193,4.5790641137,4.8399717323,0.1979564874,0.1394178181,0.1590804018,0.3613503127,0.2318336962,0.1470443592,0.000391696,0,0.384,0.271,32.4464633354964,25.9571706683971
"29175",0.1270100845,0.0003636658,13.334410861,3889,0.1515957447,0.0668859649,12076.8,7.3,0.2128563858,4.7654687369,4.9700100922,0.1985166074,0.1480488409,0.1647311255,0.3693865059,0.2449742186,0.5305736995,0.0008884222,0.0006865081,0.383,0.275,31.1147186147186,24.3506493506494
"29177",0.1220421394,0.0003475541,9.5577374229,5793,0.1434526911,0.0682115492,12373.25,8.2,0.1988479087,4.5607097865,4.8008404324,0.2001628622,0.1397819912,0.1594987263,0.3519484153,0.2329089324,0.5342215034,0.0003933051,0.0002185028,0.391,0.274,66.8449197860963,23.2504068821204
"29179",0.1595289079,0.0004784689,14.354066986,4999,0.1858001718,0.0830645161,11122,5.6,0.2393619111,5.1917354324,5.2549426178,0.2020942252,0.1623894658,0.1789562965,0.3642905017,0.2753013914,0.6384408602,0.001918772,0.0007994883,0.384,0.294,5.34130968913578,5.34130968913578
"29181",0.1719067428,0.0002257676,10.535821794,5049,0.2073646015,0.0825115056,12041.52,6.2,0.2702557616,5.7051781714,5.6690023387,0.176820854,0.1812550184,0.1936833527,0.382155886,0.2888710975,0.6195035461,0.0006715917,0.0003731065,0.418,0.322,35.0096276476031,30.0082522693741
"29183",0.068743108,0.000455199,6.2185651532,3447,0.0786704554,0.0454512647,11817.19,8.8,0.1423390462,3.5616016291,4.1967449775,0.2397358807,0.1068600754,0.1284652331,0.3192526702,0.1706855193,0.9069364883,0.0015155994,0.0004960143,0.304,0.203,38.6778951274134,14.9079681433285
"29185",0.1641768523,0.0004256678,13.834202405,3384,0.1910182119,0.0931578947,13924.59,7.2,0.2301573206,5.0093894564,5.2047434326,0.1957447533,0.1561415932,0.1716406359,0.3618317461,0.2572442309,0.2851606323,0.0002128792,0.0007450772,0.374,0.287,49.1555774024788,45.6444647308732
"29186",0.1057617533,0.0003911926,12.853470437,3435,0.121335663,0.0660213452,11943.62,7.3,0.2009016507,4.6614854518,4.8522345942,0.2030030205,0.1409156707,0.1596068735,0.3378627798,0.22962147,0.3259851199,0.0009503578,0.0004472272,0.365,0.252,44.6877443861021,20.4818828436301
"29187",0.1253180919,0.0006694934,12.497210444,3935,0.1519627003,0.0579740332,12078.36,6.9,0.228450517,4.8597895088,5.0988363087,0.1927261019,0.1511220628,0.1679688561,0.3639670524,0.256290316,0.6298137976,0.00257902,0.0008846638,0.369,0.288,17.9647890135335,21.9569643498742
"29189",0.0825109852,0.0012552743,10.189045519,3934,0.0995224497,0.0396075935,11136.96,8.4,0.1561343221,3.3558816823,4.3399108646,0.2141290218,0.1056621442,0.1326476624,0.3456572211,0.1614888578,0.94090819,0.0028757855,0.0009920307,0.283,0.215,53.6317864644225,14.706030142337
"29195",0.1446130763,0.0005272176,10.544352181,5413,0.170383443,0.0809384164,10467.12,6.6,0.2264991361,4.9133380983,4.8992786331,0.1741090159,0.1513157035,0.1639656909,0.36095993,0.2369785632,0.5574240479,0.0013976851,0.0006551649,0.393,0.281,80.2755641182824,52.5440056046939
"29197",0.1615696888,0.0006437768,12.875536481,2158,0.1866876723,0.1081081081,9811.77,3.9,0.22722084,4.9436287143,5.2048550511,0.1856367981,0.1554241284,0.1737913245,0.3608871509,0.2575205211,0.4254118709,0,0.0006523157,0.372,0.274,7.25005437540782,7.25005437540782
"29199",0.2163400356,0.0014279886,18.359853121,4426,0.2558411215,0.1410614525,13037.09,8,0.2567135225,5.38731201,5.4344051498,0.1885533896,0.170570527,0.1859003341,0.3694176889,0.282236375,0.0474912244,0.0004027386,0.0016109545,0.381,0.293,6.78472080873872,6.78472080873872
"29201",0.1362006,0.000522466,14.890282132,4018,0.1691213581,0.0574317057,11028.25,6.9,0.2303242669,5.0845543628,5.1187261439,0.1707032567,0.1584568538,0.1722702945,0.3617117546,0.2572756214,0.6602536297,0.0015341411,0.0011181029,0.428,0.34,26.9504285987516,23.4729539408482
"29203",0.1849226804,0,6.1229488121,5123,0.2208278292,0.0886363636,10732.7,6.1,0.2723672732,5.5263505075,5.5532625314,0.173896579,0.179532785,0.1901451238,0.3715024733,0.2896972137,0.7300082929,0.000122115,0.0002442301,0.394,0.326,40.7199283329261,40.7199283329261
"29205",0.1467869718,0.0001686341,25.295109612,4907,0.1685004715,0.0963431786,9024.59,6.5,0.2127703503,4.652818114,5.0111172542,0.1948400104,0.144605525,0.1649619643,0.3470101492,0.2386077132,0.4321355719,0,0.0004958678,0.381,0.293,44.6952343706352,44.6952343706352
"29207",0.148900762,0.0004823428,14.125753661,4230,0.1736763386,0.083178726,10838.79,7,0.2326779944,5.3975402286,5.1392781288,0.1773775793,0.1609772973,0.1752225066,0.3622952303,0.2586380652,0.6427189002,0.0004793536,0.0008559885,0.402,0.325,12.6100513573001,19.4882611885547
"29209",0.166805286,0.0003442664,12.518778167,3822,0.1873982514,0.1008215086,10631.26,7.6,0.204801596,4.6592439941,5.047733403,0.1998848162,0.1451641099,0.1644117285,0.3474108707,0.2362386089,0.6663871809,0.0003779647,0.0003779647,0.383,0.266,33.275793939646,22.8771083335066
"29211",0.1524889729,0.0003284612,14.780752176,3955,0.1718931475,0.1033740129,11418.69,7.3,0.2444170781,5.0152665851,4.9092403083,0.1773444505,0.1542606601,0.1648939281,0.365630714,0.2386015692,0.4819779565,0,0.0009644752,0.408,0.313,38.1616965599956,38.1616965599956
"29213",0.179990426,0.0007509655,13.052496066,4261,0.2155616007,0.0857744108,10937.54,6,0.2154681042,4.8495539988,4.9468952659,0.1738035281,0.1477442396,0.164704408,0.3533060075,0.234723107,0.724315433,0.0007877963,0.000931032,0.374,0.268,21.4433775702271,16.678182554621
"29215",0.1939245849,0.000433105,12.205685487,5037,0.2311827957,0.102960103,9901.64,6.4,0.2589681212,5.3565278367,5.277173498,0.1729903971,0.1692883589,0.1780300934,0.3816442196,0.265523026,0.6566825592,0.000391068,0.0005474952,0.409,0.308,27.6021608548784,21.030217794193
"29217",0.1545322285,0.0003404173,11.185138355,4210,0.1763972944,0.1009765219,10799.6,6.3,0.2174660397,4.8073606027,5.0277432501,0.1853223504,0.1494062804,0.1681980107,0.3516379859,0.2427227387,0.5464814027,0.004043258,0.0006819953,0.365,0.291,35.7845768473788,13.0125733990468
"29219",0.1153448632,0.0001683077,7.5738449886,3943,0.1328778986,0.0730551381,11765.38,8,0.2011836183,4.4669767497,4.6933573948,0.2134819951,0.1363876849,0.1553859717,0.343565623,0.2290999149,0.6974133424,0.0005473769,0.0002016652,0.374,0.243,18.6996278774052,19.6346092712755
"29221",0.1496962459,0.000283057,7.6829761423,8358,0.1806898542,0.0715044248,14386.01,6.7,0.2533159132,5.3760269447,5.383259844,0.1833573479,0.168647735,0.1828157115,0.3783558074,0.2821835071,0.595594364,0.0006414625,0.0006013711,0.414,0.301,16.155741346581,26.9262355776351
"29223",0.1692307692,0.0003884099,10.098656102,3865,0.1993773879,0.0854961832,10169.27,4.9,0.2694967574,5.7309834476,5.4770775354,0.1803466274,0.1813328754,0.1929936008,0.3719696649,0.3073297588,0.6554988536,0.0006096632,0.0004572474,0.407,0.335,28.3768444948922,15.4782788153957
"29225",0.1483958875,0.0002273187,8.0824408972,3980,0.1829334787,0.0772933444,11027.45,7.6,0.2282512433,4.8977353116,5.2492363455,0.1908902687,0.1551793069,0.1702852781,0.3713550036,0.2568715515,0.5540301641,0.0005880999,0.0006648086,0.391,0.283,25.3036437246964,21.9298245614035
"29227",0.1430508475,0.000496771,14.903129657,1333,0.1556776557,0.1083743842,12241.6,7.7,0.206586647,4.6755694826,4.7999763755,0.1947006245,0.1437614225,0.1609523198,0.3436023005,0.235218687,0.2091202211,0,0.0004901961,0.379,0.258,16.6500166500166,0
"29229",0.1895402139,0.000164033,12.029088523,3604,0.2257413758,0.1094643235,9739.56,6,0.2758698756,5.6993786088,5.5060387042,0.1734775963,0.1831155587,0.1924139864,0.3590865435,0.2885363184,0.3376561254,0.0010882577,0.000925019,0.413,0.318,41.8242653476869,14.5475705557172
"29510",0.126367265,0.0009481795,13.873363143,4819,0.1440806227,0.0635215852,11620.82,7.4,0.2358227845,4.5322038404,4.9808830815,0.2055658336,0.1419462533,0.1579955351,0.3676576078,0.2403441434,0.979379506,0.0036422113,0.0023609983,0.39,0.261,39.0651444577991,13.761584979452
"30001",0.1070190641,0.0015867978,8.4629218238,735,0.1173422173,0.0712054966,9001.3,8,0.1419592101,3.592148704,4.0707962166,0.2315255165,0.1101662672,0.132074816,0.3167408824,0.1872162603,0.7956954359,0.0020204168,0.0008507018,0.311,0.213,59.9858856739591,17.6429075511644
"30003",0.1475291354,0.000525565,6.0064569412,7161,0.1933893882,0.0735900963,12274.19,5.4,0.2552587129,5.2191914659,5.1467945672,0.1932059596,0.1766337081,0.1830918909,0.3736240276,0.2891870856,0.5942479596,0.0008247114,0.0010496326,0.366,0.293,52.8700906344411,35.2467270896274
"30005",0.1542425916,0.000748391,7.4839095944,4349,0.1810055866,0.1037151703,9000.52,5.4,0.2302782204,5.0425622045,5.2436420723,0.2003647661,0.1648314799,0.1795510859,0.3696292579,0.2755761018,0.3899245109,0.0011752608,0.0005876304,0.359,0.254,59.8324690865576,54.8464299960112
"30007",0.1068312407,0.000320667,6.4133397467,2872,0.1165714286,0.0805687204,9049.01,8.7,0.1417874394,3.5857704485,4.0769039422,0.2259552036,0.109993554,0.1331001057,0.3154468103,0.1930331369,0.5956878118,0.0008216927,0.0003286771,0.319,0.189,31.9727166151551,63.9454332303101
"30009",0.1170226372,0.0005594406,10.256410256,1805,0.1253731343,0.0907172996,9258.45,8.7,0.1283020852,3.3264600392,3.9974909368,0.2421571532,0.1028443377,0.1260591556,0.3300258174,0.1758950391,0.4535622147,0.0007466866,0.0003733433,0.29,0.178,33.9925834363412,40.1730531520396
"30011",0.1328210757,0,0,694,0.1362940276,0.1194029851,9351.94,5.5,0.1484499894,3.6833403269,4.2290522217,0.2275196227,0.1158959241,0.1399473463,0.3266529507,0.2026998776,0.2172413793,0,0.0016155089,0.306,0.21,26.8456375838926,26.8456375838926
"30013",0.0974771001,0.0008234398,12.904653049,3108,0.1139775164,0.0574966353,9772.2,7.8,0.1683287713,4.1391709104,4.4336125178,0.2151520287,0.1245372196,0.1435166949,0.3593296603,0.2054323089,0.8345076051,0.0032703355,0.0014698137,0.35,0.213,83.8943340631458,28.237605123693
"30015",0.1413793103,0,10.647737356,1468,0.1560306318,0.1052631579,8917.77,6.4,0.1796623653,4.2358689003,4.6287920962,0.218377282,0.1329756038,0.1517532492,0.3443052186,0.222683092,0.3659040083,0.0006962576,0.0010443864,0.334,0.223,58.5514374377891,29.2757187188945
"30017",0.0947164213,0.0007893352,7.0163129276,2778,0.1057309225,0.0647359455,9820.38,8.4,0.1458640991,3.5857984558,4.1417419291,0.248355628,0.1114803647,0.1361710473,0.3331155146,0.1946448282,0.7226258655,0.0036250647,0.0014672881,0.338,0.201,75.8459743290548,90.4317386231039
"30019",0.1110190555,0,0,3205,0.115250291,0.101369863,11381.76,9.2,0.1397472624,3.5573625234,4.141036105,0.2357913493,0.1087681319,0.1331582705,0.3297275557,0.189696505,0,0,0.0022896394,0.306,0.199,19.7044334975369,0
"30021",0.0740513136,0.0005805178,13.932427726,2838,0.0836712914,0.0514285714,9153.85,7.8,0.1402004787,3.4510920703,4.1273263279,0.2267576119,0.1073468044,0.1322974776,0.3447569989,0.1887241497,0.7743698416,0.0020737327,0.0014976959,0.335,0.205,131.538223460229,123.800680903745
"30023",0.1017353925,0.0009846827,7.658643326,4626,0.1111545224,0.0636292223,11195.9,7.8,0.1918266316,4.3321833466,4.6427993065,0.2226986659,0.1388219415,0.1565953723,0.3423461168,0.237414436,0.7314476231,0.0047092323,0.0010951703,0.337,0.248,87.3521383075523,40.0363967242948
"30025",0.1135112241,0.001054111,28.109627547,6736,0.1188679245,0.1016311167,11779.64,8.8,0.1392922265,3.6043445316,4.0873881007,0.2431464941,0.1105257998,0.1347666379,0.3357006986,0.1980210807,0.5332179931,0,0.001369863,0.275,0.203,69.8324022346369,69.8324022346369
"30027",0.1139980109,0.0008144796,13.574660633,1903,0.1280821918,0.0783549784,8583.49,7.6,0.1447484827,3.5603010998,4.0032945922,0.2237371319,0.1123894469,0.1335301361,0.3179452139,0.1970982829,0.7195753496,0.0023396023,0.0005399082,0.297,0.202,114.22731235158,129.257221871524
"30029",0.1008742025,0.0008670019,12.908695066,1718,0.1172990718,0.0585976268,8956.16,8.7,0.135615324,3.4153307395,4.0343403611,0.2244306486,0.1083542853,0.1325865768,0.3010190489,0.193066656,0.8096185993,0.0029087419,0.0013123617,0.283,0.197,86.6042474572031,26.6227871812884
"30031",0.0825138465,0.0008039569,12.234126221,1929,0.090816627,0.0575765284,8454.99,9,0.112897865,3.2595318211,3.8946035314,0.2578007652,0.0971152088,0.1198569882,0.2838998637,0.1516667872,0.8176912851,0.0031284637,0.0010279238,0.191,0.126,60.6208978887607,22.44139008382
"30033",0.166130761,0,0,NA,0.1679273828,0.1590106007,6865.34,7.7,0.147731792,3.8357586446,4.2666776538,0.2226070684,0.1153272686,0.1410449701,0.3316682851,0.2019973404,0.1343283582,0.0007886435,0.0007886435,0.312,0.213,26.3574064312072,26.3574064312072
"30035",0.1920737007,0.0007998255,5.0897985894,4802,0.2435399652,0.0982522437,10269.17,5.7,0.2716995647,5.941546569,5.8996333773,0.1941893427,0.1940205757,0.1964457935,0.3655920643,0.3358600834,0.5834763788,0.0016730923,0.0009456609,0.399,0.296,53.5357959799484,38.9351243490534
"30037",0.1303602058,0.0012180268,0,1086,0.1342925659,0.1222222222,8087.32,4.6,0.1516884343,3.8379987189,4.2172304266,0.2223768234,0.1163213319,0.139002652,0.3304276589,0.1989239821,0.0124434389,0,0.0012106538,0.309,0.215,40.4203718674212,40.4203718674212
"30039",0.1341197029,0.0002959455,8.8783663806,2962,0.1420674406,0.1021194605,8948.9,5.5,0.1426210873,3.5815413472,4.0716994399,0.2306551565,0.1096361604,0.133828678,0.3181600471,0.1926641308,0.6960051965,0.0002960332,0.0005920663,0.304,0.197,49.6327178876315,49.6327178876315
"30041",0.1274031352,0.0004853191,9.7063819461,2765,0.1523725641,0.0788166703,8590.5,6.2,0.2009247186,4.8325032526,4.8621667162,0.2459494666,0.1426912675,0.1525036889,0.3640722753,0.2366007578,0.7562748509,0.0033645317,0.001406986,0.366,0.221,58.9562707109313,54.8903210067291
"30043",0.0890649762,0.0007364373,5.7278455118,2322,0.0979609297,0.0657331778,7837.93,8.4,0.1259965826,3.3000535907,3.8344800819,0.2344138033,0.1014849256,0.1233433475,0.3095846769,0.1741018347,0.5647904612,0.0008266512,0.0003306605,0.278,0.174,51.80217023829,38.1700201755821
"30045",0.1248256625,0,0,642,0.129489603,0.1139240506,6029.19,6.7,0.1415852563,3.6529477213,4.0151683816,0.229886804,0.1120971402,0.1328746737,0.3174245422,0.1904922144,0.0859073359,0.0005122951,0,0.298,0.188,16.7982529816899,16.7982529816899
"30047",0.155696975,0.0008208024,9.5213080307,3090,0.1826092323,0.0938729623,8573.35,8.2,0.1845705496,4.586222256,4.9252984916,0.2253616919,0.139889193,0.1579893549,0.33492966,0.2315532049,0.5452932582,0.0023801653,0.0009917355,0.324,0.208,76.3408729033525,29.4457652627217
"30049",0.079239389,0.0009649729,21.027768176,2943,0.09078775,0.0503944195,8732.71,8.7,0.1283350991,3.5591598562,4.1397492399,0.1992955146,0.1024230727,0.1258228256,0.3047327795,0.1697846132,0.7817335752,0.0045705968,0.0013100437,0.29,0.174,59.9920330580099,22.5570044298117
"30051",0.1455767077,0.000427899,17.115960633,1666,0.1639097744,0.0950413223,10540.56,6.5,0.1897790439,4.3537800407,4.7500347755,0.2163662903,0.1359790761,0.159880742,0.3341164159,0.2352456984,0.3886276186,0,0.0016460905,0.337,0.237,0,0
"30053",0.1401399213,0.0008008008,11.011011011,2562,0.1618826713,0.0763615946,8688.57,7.7,0.1780936234,4.5132556099,4.5116066789,0.1990412462,0.1382289194,0.1542004284,0.3478899787,0.2220391556,0.9892314725,0.001970294,0.0012124886,0.333,0.219,89.82484155896,33.2684598366519
"30055",0.1715727502,0,18.028846154,NA,0.1721311475,0.1680911681,7885.39,8.4,0.1407214358,3.6400446706,4.0799929637,0.2440180756,0.1106890093,0.1362141758,0.328751507,0.2012566816,0.3788927336,0,0.0005970149,0.301,0.197,20.0521355524363,0
"30057",0.1343531759,0.0006976744,11.627906977,2681,0.1440946546,0.1016320475,9269.34,8.3,0.1341524174,3.2837967167,3.8605907538,0.2408360076,0.1034543207,0.1248906617,0.329523258,0.1757825839,0.3548303212,0.0004562044,0.0010264599,0.28,0.18,83.5644015649333,68.3708740076727
"30059",0.0997605746,0.0010741139,0,3455,0.1043478261,0.0864553314,13963.61,4.8,0.1546983286,3.9051787465,4.2963255292,0.2116300302,0.119996559,0.1415111119,0.3323869546,0.2057846576,0.6382866208,0.0005359057,0.0005359057,0.289,0.195,17.9888469149128,0
"30061",0.1038448899,0.0004548556,9.097111667,2328,0.1175954366,0.0652446675,11115.75,7.1,0.1832517381,4.2997287975,4.5743785139,0.2228885417,0.1341341919,0.15452217,0.3527534063,0.231966356,1,0.0016218721,0.0013901761,0.321,0.219,45.2591083955646,45.2591083955646
"30063",0.091671967,0.0010367893,11.371237458,1953,0.1061554547,0.0449311259,8564.46,8.4,0.1321213725,3.5334799249,4.1830795383,0.2348668086,0.1063831644,0.129538638,0.31997196,0.1718345954,0.9257175272,0.0046889074,0.0015152663,0.264,0.144,52.2191761036162,20.5543565514234
"30065",0.1343283582,0,8.6337146557,3301,0.1513928139,0.0841232227,9622.75,7.6,0.1963278099,4.5629356586,4.8033072457,0.2036150579,0.1424455131,0.159074341,0.3673335155,0.2433477538,0.5531070956,0.0004300151,0.0004300151,0.316,0.223,7.16691750877947,7.16691750877947
"30067",0.1005148515,0.0011441648,13.850415512,3609,0.1108507387,0.0668693009,9852.6,7.8,0.1324329449,3.4389117198,4.2322022389,0.2498390608,0.1044967538,0.1303950986,0.318892147,0.1910418277,0.599897672,0.0025095602,0.0010755258,0.25,0.169,73.8493473314439,43.9104227376153
"30069",0.0914127424,0,0,3965,0.0848056537,0.1162790698,11643.37,6.2,0.1294485749,3.3897861514,3.9894247019,0.234154453,0.1035331546,0.1276980064,0.3182306843,0.1798197834,0.0587044534,0,0,0.31,0.21,0,0
"30071",0.1618983507,0.0002529084,7.5872534143,6599,0.1801062289,0.1199143469,9398.95,7.5,0.1774065317,4.252556141,4.5454077165,0.2287846001,0.131324135,0.1509480613,0.3564777125,0.2210040443,0.646132142,0.000981836,0.001227295,0.307,0.238,100.443626014899,75.3327195111743
"30073",0.1174299978,0.0005075283,15.22585011,1684,0.1378670788,0.0720221607,9002.58,7.2,0.171264476,4.0098111372,4.39141343,0.2389415976,0.1279230158,0.1482090809,0.3358112824,0.2241500667,0.48545425,0.0013395847,0.0013395847,0.325,0.218,164.166430795358,101.896405321257
"30075",0.1295681063,0,0,2950,0.1362660944,0.1107266436,7242.71,6.9,0.1486071521,3.7234493821,4.1342616775,0.2246562454,0.1165337967,0.139838371,0.3342772785,0.1967838631,0.1755593804,0,0.0005827506,0.284,0.194,19.6889151407757,19.6889151407757
"30077",0.1145943098,0.0008708273,7.2568940493,3233,0.130619469,0.0712890625,10333.35,8.2,0.1654430801,3.9683895811,4.127709173,0.2513320291,0.1213820602,0.136251952,0.3515613884,0.2253201756,0.8310801195,0.0008610792,0.000717566,0.322,0.225,96.7351874244256,48.3675937122128
"30079",0.1201117318,0,0,NA,0.1305182342,0.0931372549,9759.1,5.3,0.148329963,3.6560268562,4.2760138751,0.2273264512,0.1139576754,0.1370319561,0.3325914266,0.2011791713,0.032230704,0,0.0018399264,0.322,0.232,30.9501702259362,0
"30081",0.125601434,0.0005706981,10.500844633,2277,0.1417058428,0.0802170579,8458.06,8.6,0.1547759509,3.9571942572,4.2064588923,0.2241541026,0.1203627874,0.138998252,0.3295168091,0.1969352609,0.7211528897,0.0020846845,0.0006485685,0.299,0.18,78.0421275950902,37.126837399606
"30083",0.1071001414,0.0004628344,19.43904471,1005,0.1184979994,0.0820657941,11069.41,8.3,0.1469065897,3.4543714979,4.0897407008,0.2408718437,0.1064360864,0.1323342471,0.35555717,0.1931225439,0.6123537862,0.0011912398,0.0007330706,0.361,0.205,85.472694526695,39.6837510302512
"30085",0.2019386107,0.0002726281,4.5438022537,3185,0.2525684932,0.1171070932,9648.55,6.9,0.253855271,5.5849993005,5.1619781723,0.207078609,0.1813332184,0.1837090641,0.3947513657,0.3126159291,0.486618705,0.0018989059,0.0013563613,0.383,0.288,36.3339086202198,30.2782571835165
"30087",0.1292702924,0.0006713662,13.427324606,4030,0.1545454545,0.0825298882,9508.75,7.2,0.1932128651,4.6451336173,4.8665478996,0.2283480006,0.1438910864,0.1613464391,0.3723452455,0.2477879617,0.5471677678,0.0024274523,0.0013240649,0.366,0.238,63.3477418393203,40.9897153077955
"30089",0.1595852301,0.0007430034,6.6044745315,2463,0.1788604181,0.1030478955,8485.56,6.9,0.1953174559,4.5269116741,4.7204252711,0.2166347133,0.1416883393,0.1604263217,0.3546873834,0.2484142203,0.8319460265,0.0030395137,0.0004221547,0.309,0.236,58.1491942183087,35.9971202303816
"30091",0.1171099643,0.0006044122,27.198549411,4266,0.1224932249,0.1043723554,10604.11,8.2,0.1466344929,3.7026469151,4.0737146053,0.224930689,0.112085895,0.1332058464,0.3172512973,0.1856910578,0.6421394799,0.0014602804,0.0008761682,0.294,0.218,70.0420252151291,70.0420252151291
"30093",0.0920474517,0.0006587427,9.4515251325,2504,0.1072650826,0.0493124045,9564.9,8.2,0.1647498629,4.0801833853,4.4484436782,0.2194238232,0.1265913992,0.1443381914,0.335880389,0.2177803481,0.6303508772,0.0054010802,0.0011430858,0.301,0.223,56.1434226552984,29.4990864799026
"30095",0.0791143513,0.0002074258,12.445550716,3085,0.0861492759,0.062732342,8770.56,9.1,0.1294764871,3.4486076151,3.8513627013,0.2330185798,0.1038477239,0.1277130249,0.3150115466,0.1830465888,0.3632773939,0.0005244389,0.0004195511,0.279,0.185,68.8136526286815,61.9322873658134
"30097",0.1087198516,0.0005351887,10.70377308,2728,0.1145940391,0.0937896071,9808.9,8.9,0.1357545013,3.4536728218,3.9977155366,0.2350079578,0.1068472845,0.1305966916,0.3201414457,0.1868962939,0.7055601205,0.0008086253,0.0010781671,0.309,0.186,125.774862995239,89.8391878537418
"30099",0.1165736368,0.000162681,26.028957215,2736,0.1317757009,0.0848563969,9008.09,7,0.1511336814,3.7049291531,4.4637008273,0.2217654108,0.1184941986,0.1416589939,0.3338500717,0.2022959058,0.2669191503,0.0009737098,0.0012982798,0.298,0.204,80.8276753960556,59.2736286237741
"30101",0.1331278891,0.0006334459,6.3344594595,2595,0.1520697168,0.0878787879,10217.04,8,0.1858563916,4.351217999,4.6228604383,0.2313382104,0.1353741165,0.1518312217,0.3486984427,0.2375709905,0.692336589,0.0014424068,0.0008242324,0.3,0.22,77.0577933450088,0
"30103",0.1038696538,0,0,6085,0.1063218391,0.0933333333,8337.86,3.9,0.1623793219,3.9316889058,4.346144782,0.222991758,0.1218883312,0.1436498663,0.3311655769,0.2051302646,0.1128133705,0,0,0.299,0.208,48.3091787439614,48.3091787439614
"30105",0.1021466905,0.0008112493,10.816657653,2726,0.118554095,0.0652801849,9397.4,7.5,0.1538563245,3.8655830089,4.1447104396,0.2202764779,0.118444195,0.1380521178,0.3192055912,0.2072029675,0.6357714751,0.0012101654,0.0013446282,0.323,0.209,94.6286950252343,54.0735400144196
"30107",0.1905684755,0,0,1163,0.2146690519,0.128540305,10804.01,7.2,0.1987448783,4.4797303185,4.6357583675,0.2117770715,0.1409856471,0.1576559792,0.3310222476,0.2421827258,0.4976937269,0.0008944544,0.0013416816,0.32,0.246,15.3397760392698,15.3397760392698
"30109",0.1320224719,0,0,2273,0.1414913958,0.1015228426,10500.04,4.9,0.1770277875,4.1894899371,4.5075432289,0.2150291455,0.1312149218,0.1507280898,0.3436655683,0.2241568003,0.0275319567,0,0,0.31,0.204,271.923861318831,0
"30111",0.0825520377,0.001066336,13.577185369,2831,0.0985981259,0.045179404,9521.77,8.6,0.1464576475,3.8133549385,4.3087791785,0.2261223832,0.1125711104,0.1333421356,0.3172195896,0.1949615756,0.8489849431,0.0033846019,0.0017797261,0.316,0.197,81.3332039708769,26.6293992696526
"31001",0.0955755129,0.0008927717,13.072729012,3214,0.1147072545,0.0515256959,10649.23,7.1,0.1485837369,3.5171803206,3.8638928558,0.2310877567,0.1069019673,0.1198422207,0.3245510338,0.1730694639,0.816286188,0.0039033988,0.0013963378,0.386,0.238,49.8964913211954,23.3558044482191
"31003",0.1023088329,0.0003175611,26.992696094,2897,0.1150793651,0.0746367239,11612.23,8.1,0.1443359866,3.3864256453,3.9537654025,0.2336371906,0.1071652187,0.1264918455,0.3113312979,0.1820662741,0.4966342558,0.0004734848,0.001104798,0.337,0.23,74.0819134299926,74.0819134299926
"31005",0.123943662,0,0,NA,0.118852459,0.1293103448,5917.12,4.5,0.1361097825,3.1931402849,3.6471050239,0.2308461065,0.1018730764,0.1179192942,0.3034209768,0.1640822102,0,0,0,0.382,0.228,0,0
"31007",0.0697674419,0,0,NA,0.0677083333,0.0726256983,4704.32,5.9,0.1376469809,3.353967261,3.7410807772,0.2266380283,0.1025298963,0.1185740738,0.3183277578,0.1678299192,0.0449275362,0,0,0.341,0.206,0,44.2282176028306
"31009",0.2012012012,0,0,NA,0.2063492063,0.1882352941,11140.2,5.5,0.1287045607,3.1720889484,3.6676371884,0.2455152272,0.0988037687,0.118116238,0.2937127551,0.1672045759,0.10041841,0,0,0.347,0.216,0,0
"31011",0.0961150353,0.001540832,13.482280431,6088,0.104676259,0.077170418,13707.16,8.5,0.1385248397,3.1634624504,3.5318919435,0.2607855547,0.1005618174,0.1184235953,0.2934291666,0.1744188509,0.4831970936,0.0001908761,0.0013361328,0.366,0.219,83.7251239775874,90.1655181297095
"31013",0.1030915853,0.0004636928,18.547713994,1650,0.1227035227,0.0611071172,11852.28,7.4,0.1517898797,3.5599711082,3.9335916377,0.2097989291,0.1087446847,0.1225808889,0.3215729654,0.1845524852,0.7291298196,0.0018566654,0.0007426662,0.367,0.227,74.41629716908,15.5033952435583
"31015",0.1258581236,0.0010422095,20.844189682,3418,0.1363636364,0.0953678474,12178.52,7.3,0.1425434024,3.4590525911,3.8492268566,0.2306280849,0.1070269579,0.120762545,0.3029318404,0.1817497419,0.0138161029,0,0.000511509,0.354,0.221,17.4398325776073,17.4398325776073
"31017",0.1322701689,0.0010152284,20.304568528,1189,0.1396426208,0.113323124,11878.96,8,0.1663779528,3.9034487164,3.9352322032,0.2178931352,0.1212379758,0.1325277685,0.3266816899,0.1984263766,0.7589825119,0.0003363606,0.0010090817,0.35,0.219,11.2246043326973,11.2246043326973
"31019",0.0954707808,0.0008457681,14.700255744,4108,0.1122347195,0.0541993855,11407.47,7.6,0.1377446317,3.2083615373,3.5979609946,0.231111794,0.1020721616,0.1114322004,0.30584594,0.1527650082,0.8908073402,0.0034465383,0.0015116396,0.337,0.201,41.5026642032827,14.0573540043377
"31021",0.1118230674,0.0003096455,18.578727357,3510,0.1302693208,0.0699067909,10804.24,8.2,0.1542878195,3.6509322705,3.9696810604,0.2122293348,0.1126911894,0.1270930656,0.3132831239,0.1916400743,0.4708369787,0.0001541307,0.0007706535,0.348,0.23,113.26194398682,102.965403624382
"31023",0.0801153661,0.000998004,12.4750499,2792,0.0945397112,0.0468018721,9305.09,8.5,0.1401458244,3.3008523501,3.8208007139,0.2406612683,0.1004998556,0.1192574752,0.3260312334,0.1815397542,0.4202501489,0.0001241003,0.0003723008,0.35,0.215,83.2154447865524,79.0546725472248
"31025",0.0660663463,0.0003047851,12.191405059,3367,0.0779780564,0.0383123934,9953.16,8.6,0.1283653392,3.2284935583,3.5170344897,0.2561958523,0.0944684906,0.110348467,0.3288576391,0.1660374133,0.6573828295,0.0003440498,0.0002293666,0.379,0.231,36.8773763654167,16.5312376810488
"31027",0.0948938788,0.0001190193,14.282313735,1810,0.1064888085,0.0719853278,10650.39,8.5,0.1308080511,3.0285578969,3.3487555468,0.247639713,0.0963297445,0.1147712789,0.3075885556,0.1568061487,0.5167193854,0.0001183992,0.0005919962,0.356,0.2,19.7925738263004,63.3362362441612
"31029",0.1376386171,0.000254842,17.838939857,3078,0.1527909177,0.1036889332,13109.82,7.9,0.1421437557,3.3576953745,3.5510923846,0.2277237389,0.1020481886,0.1150942025,0.2959181863,0.1658365555,0.7801311145,0,0.0007543374,0.369,0.227,119.240269142322,110.723107060727
"31031",0.1595987232,0.0007031113,14.062225347,3280,0.1849093264,0.0992647059,11132.2,7.5,0.1530830166,3.5049580662,3.5192880403,0.2128217315,0.1125622947,0.1253806574,0.300839513,0.1889303261,0.6453702083,0.000173581,0.0012150668,0.361,0.243,75.4454181417213,69.641924438512
"31033",0.074474133,0.0005611672,11.223344557,2608,0.0870340999,0.0442015209,10627.42,7.8,0.1358731502,3.1903968698,3.722216673,0.2531437658,0.0987271568,0.1157418674,0.3086597728,0.162208965,0.6278255651,0.0010741139,0.0010741139,0.34,0.231,51.2238849657898,51.2238849657898
"31035",0.1094231164,0.0003224246,19.345477995,2166,0.1261501929,0.0722891566,10422.91,7.8,0.1596746786,3.6824598001,3.8170920638,0.2333044812,0.1104051389,0.1233928583,0.3117515086,0.1805341546,0.5258330786,0.0001609269,0.0004827808,0.363,0.222,107.33644609027,101.969623785756
"31037",0.1778660488,0,14.006910076,1119,0.21771647,0.1014765944,9295.37,8.2,0.2049741417,3.6463605381,3.5460630542,0.205803515,0.1208052039,0.121351054,0.3220681751,0.1765734246,0.7828815977,0,0.0005514199,0.363,0.28,31.078099263449,40.4015290424838
"31039",0.1175608326,0.0004521818,14.695907755,2338,0.1393720832,0.0706252812,11083.17,8.4,0.1459058044,3.3448226593,3.477193768,0.2511045309,0.1038933801,0.1161196209,0.2928385137,0.1626977371,0.6989823832,0.0010067114,0.0004474273,0.374,0.227,75.2332229912729,60.1865783930184
"31041",0.1115033475,0.0007423216,12.99062819,5978,0.1322676972,0.0660305344,11454.79,6.9,0.1462608433,3.2276439761,3.5275562607,0.2249469992,0.1057360553,0.1208117507,0.318743708,0.181178062,0.4876131273,0.0007380074,0.0006457565,0.352,0.219,74.4347610334026,31.0144837639178
"31043",0.1547873604,9.98702e-05,4.993508439,2768,0.1944296138,0.0779331514,10300.99,8,0.207878236,3.4974310312,3.4023691807,0.181726974,0.1160285181,0.1189064315,0.3279665643,0.1664014124,0.8607064648,0.0023402878,0.0003983469,0.398,0.3,76.4386247694378,64.8066601306103
"31045",0.106075217,0.0008149959,18.628478286,3847,0.1228769134,0.0533672173,7949.4,7.4,0.1281445243,3.1434093225,3.7263539454,0.238122292,0.0966838253,0.1151535362,0.3109341051,0.1614965726,0.8847745589,0.002179899,0.0004589261,0.317,0.219,70.1316917322528,77.9241019247253
"31047",0.1506554798,0.0005509642,19.919474465,4402,0.1899566698,0.0710980876,12094.99,7.2,0.1909269553,3.3042735207,3.5828898058,0.2055413828,0.1145174697,0.1220365564,0.2996667689,0.1793011818,0.8211789854,0.00109663,0.0008013834,0.396,0.283,38.1280537746773,16.9458016776344
"31049",0.1066961001,0,39.018952062,2254,0.1239837398,0.0642673522,9789.8,7.7,0.1527167387,3.439079781,3.8200526197,0.2308981091,0.1085336695,0.1245590211,0.3223458613,0.1864694867,0.7764039155,0,0,0.35,0.23,18.4774575018477,18.4774575018477
"31051",0.1063636364,0.0003548616,21.291696238,3099,0.1195325543,0.0800542741,10788.16,7.7,0.1444099018,3.1988924391,3.4604452387,0.238805198,0.1039806063,0.1160625587,0.2999136993,0.1683733072,0.3708333333,0.000175162,0.000350324,0.391,0.237,94.4454282509887,129.862463845109
"31053",0.1012145749,0.0006290168,13.127307535,2979,0.1228926576,0.0533407572,10456.93,7.5,0.1589839088,3.7062582237,4.1324318928,0.226996675,0.1132111738,0.1248689738,0.3314089809,0.1856314171,0.9009838925,0.0014133891,0.0006523335,0.387,0.247,115.899176842067,14.6014710982131
"31055",0.1027404337,0.0011096972,10.501866707,3027,0.1260451536,0.0487397439,10333.91,8.3,0.1521434819,3.4704176191,3.9128164568,0.2426496514,0.1038889366,0.1193571578,0.322052579,0.175671681,0.9837423372,0.0040378916,0.0017887384,0.351,0.213,47.0646215940192,13.9558865520727
"31057",0.1998394864,0.0005906675,0,4258,0.2183544304,0.141955836,11800.68,6.8,0.1782876649,3.9573916114,4.0371788984,0.212017258,0.1243340462,0.1330810258,0.3242624927,0.2002610521,0.21812749,0,0.002259887,0.349,0.237,19.4779898714453,19.4779898714453
"31059",0.0867434452,0.0005492494,20.139143171,2259,0.0971502591,0.0544933078,11476.26,8,0.1386441084,3.3402678816,3.7513147529,0.2592199887,0.1035634955,0.1186623268,0.316012044,0.1733378589,0.635483871,0.0023520897,0.0010855799,0.365,0.218,139.326387206203,145.384056215168
"31061",0.1018474657,0.0006713662,13.427324606,2641,0.1145833333,0.0696517413,11603.39,6.7,0.1488261891,3.3687097118,3.7399076305,0.2257265553,0.1077219331,0.1253875219,0.3212378867,0.1845379907,0.5094573643,0.0006615944,0.0023155805,0.358,0.251,67.0990829791993,67.0990829791993
"31063",0.1112903226,0,19.033117625,3716,0.124726477,0.0740740741,10749.42,7.5,0.1349550281,3.1914569818,3.7373901704,0.2352105686,0.101297271,0.1197572008,0.321559377,0.1703059783,0.6150217707,0.0003834356,0.0003834356,0.386,0.204,12.7844541038098,12.7844541038098
"31065",0.1227510157,0.00106929,17.108639863,4630,0.1446721311,0.0705550329,12384.12,8.2,0.1537808783,3.5687077028,3.6832748021,0.2192283101,0.1113582168,0.1258507771,0.3242393869,0.1814574731,0.6715063521,0.0002120891,0.0014846235,0.369,0.23,128.168612930789,113.927655938479
"31067",0.0879899917,0.0006507693,14.874726909,1977,0.1059127679,0.0451112878,10751.04,7.4,0.1430099156,3.504785,3.9430986537,0.2313367755,0.1059538941,0.1241481376,0.3151140492,0.1894811758,0.6742414056,0.0016284372,0.0008840087,0.387,0.238,63.6280397908034,18.6228409143815
"31069",0.1324554609,0,38.105606968,4455,0.14795383,0.094972067,13785.79,7.6,0.1388919699,3.2939260355,3.6349869766,0.230761831,0.103259873,0.1182327859,0.3106180189,0.169372294,0.5644141954,0,0.0005271481,0.371,0.231,89.5896792689482,89.5896792689482
"31071",0.0970094821,0.000507872,35.551041138,4514,0.0965853659,0.1005434783,12959.97,8.3,0.130230671,3.2044306878,3.5795033226,0.2384692475,0.1006080847,0.1155615093,0.3051275192,0.1647795489,0.7003416301,0,0.0005032713,0.368,0.2,101.48849797023,101.48849797023
"31073",0.0866935484,0.0005025126,15.075376884,2330,0.0961718021,0.0609480813,11147.47,7.6,0.1146722942,2.799483968,3.272832176,0.255237922,0.0871796179,0.1058197947,0.2991130331,0.1514798084,0.3385518591,0.000501002,0,0.347,0.2,16.7448091091762,16.7448091091762
"31075",0.1125,0,0,NA,0.1181818182,0.0955414013,13330.89,6.2,0.1517153454,3.5122683346,3.7709205555,0.2242934253,0.1115986195,0.1252495743,0.3113420099,0.182282849,0.0521172638,0,0,0.365,0.235,52.2739153162572,52.2739153162572
"31077",0.1290877797,0,16.977928693,1548,0.1454396056,0.0932358318,11015.1,6.6,0.133163058,3.2930120568,3.8065696382,0.2274908596,0.1020879617,0.1206441064,0.323021158,0.1698885525,0.0031520883,0,0,0.35,0.238,14.2227279192149,14.2227279192149
"31079",0.1278230866,0.0006030675,14.180235685,2690,0.1588014981,0.0644650399,10326.34,7.9,0.1716394512,3.542344832,3.8475631078,0.2104171003,0.1102830875,0.1229309405,0.3056386496,0.1617758302,0.8928626273,0.0034573993,0.0011362345,0.399,0.268,74.461377915951,16.305411222471
"31081",0.0698931999,0.000965251,18.232518233,3154,0.0816247582,0.0441302485,8909.48,8.7,0.1174736935,2.7380329551,3.5053378863,0.2381234108,0.088910524,0.1104209488,0.323615212,0.1584624021,0.6749232793,0.0009698276,0.0006465517,0.368,0.193,68.2446751194282,79.0201501382853
"31083",0.1105630908,0.000591716,14.792899408,3066,0.1277936963,0.0686813187,13985.88,8.2,0.1456042133,3.3305170013,3.789554725,0.2311811502,0.1058906836,0.1218727723,0.3110155477,0.1789211869,0.5582822086,0,0.0008820935,0.363,0.218,59.4530321046373,99.0883868410622
"31085",0.1938461538,0.0010845987,0,NA,0.20861678,0.1596244131,8545.57,4,0.1690699622,3.7159668403,3.9240477997,0.2202234914,0.1198381245,0.1314482111,0.3159074314,0.1918644162,0.063081696,0,0,0.356,0.242,36.3108206245461,0
"31087",0.1152694611,0,10.861694424,5487,0.1322373124,0.0798122066,13465.7,4.3,0.1568200714,3.5567483836,4.0168098523,0.217208545,0.1132816483,0.1279096813,0.3245306081,0.1842416301,0.2510316369,0,0.0003563792,0.379,0.227,11.9889701474643,0
"31089",0.0996519273,0.0008940101,13.906824277,4992,0.117335352,0.0622325943,11939.97,7.8,0.138771615,3.1840251554,3.4782773629,0.2241645443,0.1013287591,0.1157365011,0.3118379016,0.1651849961,0.6050790609,0.0019650226,0.0018667715,0.355,0.234,59.600675474322,56.2895268368597
"31091",0.1130063966,0.0029325513,0,3033,0.1276595745,0.0743243243,6115.41,4.5,0.1383776624,3.2595483559,3.7816889426,0.2280706649,0.1029101876,0.120898726,0.3099421624,0.1701082142,0.1086956522,0,0,0.336,0.206,49.7265042267529,0
"31093",0.0935567524,0.0006206362,7.7579519007,2970,0.1058216232,0.0681818182,11078.17,8.1,0.1313605134,3.1965664675,3.4279109686,0.2400073362,0.1014367183,0.1173627955,0.3141734277,0.1722867529,0.4674848581,0.0003092146,0.0010822511,0.362,0.205,41.2349878872223,56.6981083449307
"31095",0.0925503611,0.000283849,19.869429464,1173,0.1098204857,0.0491698595,10218.72,7.2,0.1560101748,3.5867052166,4.0323568028,0.2205443914,0.1141675562,0.1291047634,0.3286279658,0.1858317162,0.5932158474,0.0005636184,0.000704523,0.341,0.23,164.76791262593,131.814330100744
"31097",0.1041263701,0.0003943995,13.803983435,5248,0.1211009174,0.0672782875,12937.34,8,0.1613264505,3.3997707325,3.7041707404,0.2438887324,0.1084436686,0.1175448376,0.3339599984,0.1915372275,0.5564500671,0.0001947799,0.0011686794,0.337,0.25,111.387760450793,104.835539247805
"31099",0.0735578784,0.0003079292,18.475750577,4346,0.085467706,0.0475899939,12609.24,8.7,0.1348824118,3.1400052571,3.7177545787,0.2343848513,0.1008426836,0.1169326817,0.3086066977,0.1692584434,0.5618739405,0.0004584352,0.0007640587,0.369,0.224,25.3923112081662,81.2553958661317
"31101",0.1023649232,0.000746826,18.670649739,3049,0.1199046484,0.0569886023,10359.73,7.6,0.1465550772,3.5321212655,3.7737623451,0.2407368527,0.1066743204,0.1216021172,0.311952544,0.182971517,0.7961281071,0.0013714001,0.0007480364,0.326,0.243,79.0415175971379,66.5612779765372
"31103",0.187732342,0,0,1366,0.1919191919,0.1733333333,13101.24,6.1,0.1328132152,3.2639095346,3.6313262497,0.2428047138,0.1006746473,0.1172823261,0.3069060376,0.172110357,0.3325242718,0,0,0.358,0.235,0,42.1052631578947
"31105",0.1225854383,0,11.013215859,4527,0.1404407996,0.076433121,10904.38,8,0.1708965593,3.8308910845,4.0654750386,0.2182554468,0.1201234155,0.1307337872,0.3162333269,0.198006461,0.7597487569,0,0.0008291874,0.362,0.263,93.0665425779432,83.7598883201489
"31107",0.1248372396,0.0004800768,15.602496399,3022,0.1466922339,0.0805984556,10687.12,7.4,0.1431576843,3.2791200125,3.479255109,0.2294439962,0.1032269495,0.1207515816,0.3153941192,0.1707695429,0.6142972072,0.0007126737,0.0013065685,0.375,0.234,39.912193175015,39.912193175015
"31109",0.0816764455,0.0007270676,12.723682973,2644,0.0958537129,0.0462813909,10847.61,8.1,0.1253418548,3.1517682561,3.826856826,0.2544661255,0.0956354836,0.1139952591,0.3256791073,0.1643079777,0.969030192,0.0037286618,0.0012512923,0.328,0.177,35.6317371151041,13.1659791099798
"31111",0.0848037254,0.0004869107,16.32582918,5378,0.1006604885,0.0476361032,11795.67,8.1,0.143114081,3.3071715223,3.8216163488,0.2297545804,0.1032956191,0.1225223497,0.3161021187,0.184287033,0.8627645503,0.0024442234,0.0013357965,0.401,0.222,85.2114968500469,20.1060835264156
"31113",0.1114982578,0,0,2390,0.1240694789,0.0819672131,12435.06,8,0.13640022,3.3188217954,3.6898356259,0.2401556515,0.1032953972,0.119716339,0.3110869256,0.1728647129,0.0249017038,0,0,0.353,0.228,0,44.5632798573975
"31115",0.1099585062,0,0,NA,0.1114285714,0.1134751773,12806.75,7.2,0.1312830348,3.2410763873,3.5768375303,0.2348102297,0.0999644458,0.1163486932,0.3062952436,0.1654818208,0.2310126582,0,0,0.345,0.224,51.75983436853,0
"31117",0.1263157895,0,0,NA,0.1344827586,0.09375,13565.26,4.8,0.1472579263,3.4749052591,3.8100844099,0.2285756443,0.1087101051,0.125500909,0.3150518479,0.1798036183,0,0,0,0.346,0.219,68.4931506849315,68.4931506849315
"31119",0.111673699,0.0005698168,17.664320921,2229,0.1322978853,0.0665411869,10288.16,7.6,0.1553125937,3.454169717,3.7364338175,0.2203536174,0.1091002687,0.1200121608,0.3187989228,0.173916507,0.8457105173,0.00522717,0.0019213382,0.38,0.239,100.660943553901,18.0429993162653
"31121",0.1009463722,0.0003868472,19.342359768,2204,0.1192281185,0.0541619156,10360.97,7.2,0.1423789262,3.3740704858,3.7996444867,0.2485634152,0.1056146483,0.121939533,0.3242135654,0.1772427787,0.4500956023,0.0002586318,0.0005172637,0.349,0.219,72.970768768511,77.2631669313646
"31123",0.1317699609,0.0002154244,12.925463162,3063,0.1527131783,0.0786516854,12648.81,6.8,0.165343689,3.6272614589,3.7642250931,0.2191708199,0.1123918166,0.1230512136,0.3171371189,0.1788279737,0.4516065054,0,0.0008536065,0.364,0.249,78.8360925965742,71.6691750877947
"31125",0.0949202818,0,11.366865587,5500,0.1073825503,0.0643564356,11341.24,8.3,0.1456285538,3.5162672897,3.9214928695,0.2420060522,0.108159141,0.1236603807,0.3139093928,0.180548157,0.6637215529,0,0.0011325028,0.358,0.222,103.940281583672,0
"31127",0.0774017892,0.0008605852,11.474469306,2660,0.0920177384,0.0446096654,11695.51,8.2,0.1385242424,3.4421546709,3.6445258309,0.2301047871,0.1035381988,0.1183345566,0.3181182658,0.1750206717,0.5361479029,0.0002874389,0.0001437195,0.373,0.229,47.6780776199104,47.6780776199104
"31129",0.1070950469,0.0012054002,16.8756027,2743,0.1160673646,0.0817307692,11816.18,7,0.1494048146,3.4731902326,3.9713980717,0.2210305401,0.1109744367,0.1260328518,0.3132438826,0.182293437,0.596,0.0007151371,0.0009535161,0.356,0.229,96.1769656167348,64.1179770778232
"31131",0.0950961161,0.0005620784,16.862353235,1359,0.1129427489,0.0542183937,11376.93,6.5,0.1461738269,3.3696021291,3.6074750963,0.2312830006,0.1021998143,0.1156419199,0.3138833812,0.165097199,0.7409148666,0.0007507038,0.0008132624,0.412,0.236,39.6146949668488,20.8498394562362
"31133",0.1177753544,0.0003827019,0,2947,0.1340046476,0.0793650794,12874.34,7.5,0.1669738258,3.7260149942,4.0791396398,0.2188519681,0.1190795934,0.1324370899,0.3261837459,0.1941587269,0.0883519654,0.0003799392,0.0011398176,0.403,0.265,63.7267397399949,0
"31135",0.114298725,0.0010377032,27.672085783,2447,0.1289245157,0.0858310627,10147.32,8.3,0.1241377991,2.8942745518,3.4573819666,0.2330470796,0.0921132054,0.1104596444,0.2908411361,0.1511875019,0.4723905724,0,0.0017070673,0.365,0.213,69.0687233797629,69.0687233797629
"31137",0.0797842135,0.0009962364,19.924728802,3675,0.0923232323,0.0521817364,10991.71,8.2,0.1336913933,3.2283192122,3.7292517137,0.2317896311,0.0983509437,0.1132752899,0.2964824298,0.1616895545,0.7129952111,0.0014450867,0.0011116052,0.367,0.218,103.565616215416,110.963160230803
"31139",0.0844724851,0.0005595971,15.388919978,2235,0.095709571,0.0605732829,9799.48,7.9,0.1257615697,3.122787024,3.5265220873,0.2361998827,0.0966247372,0.1140336209,0.320335124,0.1653062831,0.648775117,0.0001400168,0.0009801176,0.349,0.217,27.9407655769768,79.165502468101
"31141",0.1011219422,0.0007768151,11.054675829,2922,0.1197327298,0.0632069195,10341.39,8.6,0.1484012221,3.1168285528,3.4057003569,0.2285637156,0.0993725431,0.1110192833,0.3163301577,0.1492920007,0.8445264758,0.001948266,0.0004795732,0.361,0.234,44.9115242971346,16.9665758455842
"31143",0.1056355825,0.0005754844,21.10109342,3742,0.1193019943,0.0733113674,10773.47,8.8,0.1384118116,3.200829833,3.7427161937,0.2283693549,0.1029387265,0.1210148096,0.2937660318,0.1714814434,0.4620791713,0.0001894657,0.0003789314,0.339,0.229,165.689523323987,82.8447616619934
"31145",0.0982916564,0.0008392391,14.919806043,4407,0.1144442518,0.0600082203,11806.91,6.5,0.1464903884,3.607624012,4.0536029683,0.221137096,0.108903762,0.1251683859,0.3237458606,0.1818026979,0.7446404342,0.0016781652,0.0012120082,0.386,0.215,71.7024659413287,65.4674689029523
"31147",0.0976027397,0.0005085823,19.071837254,5582,0.115256654,0.0540858319,11722.07,7.2,0.1488616656,3.6899063417,3.9788199356,0.2178640014,0.1132216077,0.1259742781,0.3071577898,0.1956652452,0.0657658735,0.0010079375,0.0011339297,0.389,0.248,118.679269274785,80.532361293604
"31149",0.1229674797,0,0,2094,0.1335227273,0.1,11730.58,8,0.1332339976,3.239772293,3.7932791097,0.2306077329,0.1014018648,0.1188981681,0.3164371459,0.1691795801,0.001310616,0.0022058824,0.0029411765,0.364,0.202,24.4259892525647,24.4259892525647
"31151",0.1253022839,0.0004218223,12.654668166,2323,0.1492163835,0.0757900375,10697.67,7.4,0.1785652849,3.4102249997,3.906837316,0.2311476863,0.1167023434,0.1256983071,0.3096355736,0.1782804419,0.6851408451,0.0006271777,0.0007665505,0.371,0.274,44.6418082281901,46.9913770823054
"31153",0.0568998156,0.0005502254,6.8377529434,3282,0.0701592734,0.0294255811,10699.57,8.4,0.1034090365,2.8875525816,3.1164032026,0.2162126048,0.0860827266,0.0993679813,0.3122607875,0.1400041375,0.9242319315,0.0010083542,0.0005529684,0.334,0.19,34.6112743550082,12.4886041487143
"31155",0.0710379368,0.000463435,15.293354342,2152,0.0814881883,0.0483782298,11084.29,8.1,0.123151966,3.2367637254,3.7123490616,0.2509781587,0.0967919895,0.1149346376,0.3174509761,0.1745230964,0.5294513956,0.000375534,0.0003285922,0.328,0.204,108.011356622639,16.9732131835576
"31157",0.1149569135,0.0008422708,15.441630636,3307,0.1402714932,0.0594733318,10525.7,8.1,0.1846114188,3.999663545,4.2155208518,0.1837072482,0.1201947937,0.1279839246,0.3508461655,0.1752075317,0.7545307006,0.0027508405,0.0013893134,0.381,0.251,97.28172413148,23.3850298392981
"31159",0.0673969268,0.0005207128,17.357093265,2605,0.076754386,0.0476642163,11696.18,8.1,0.1240772953,3.0645565737,3.6456891979,0.2194413529,0.0957880428,0.1132634264,0.2975505762,0.1574853697,0.5863283582,0.0015013281,0.0002309736,0.349,0.196,40.5499343477253,54.0665791303005
"31161",0.1647742276,0.0003812429,24.78078536,3241,0.1946935725,0.0944680851,9456.09,6.8,0.1705848345,3.829313751,4.1569653373,0.2240827477,0.1201180765,0.1328661984,0.3263838765,0.1943675538,0.5644541964,0.0026974952,0.0007707129,0.375,0.256,89.8242012062107,102.656229949955
"31163",0.1252932895,0,19.993335555,3126,0.1382275132,0.0921875,11235.98,7.7,0.1411452744,3.27811965,3.7726109767,0.2628007635,0.1040252657,0.120346472,0.3143843228,0.1720484122,0.4898477157,0.0003291639,0,0.365,0.221,11.0803324099723,0
"31165",0.1432160804,0.0008576329,0,2235,0.1430948419,0.1333333333,7545.6,6.7,0.1386650073,3.3557840901,3.6793696939,0.2270339649,0.103396024,0.1182027797,0.3018153904,0.1710971493,0.1800152555,0,0,0.364,0.237,28.1452293836195,28.1452293836195
"31167",0.078275429,0,11.824324324,2132,0.0903417533,0.0515394913,11117.04,8.9,0.1366783801,3.2457024196,3.5320764067,0.2284556659,0.1019153941,0.1182118984,0.2921825892,0.1717051654,0.3135911242,0.0001675042,0.0005025126,0.359,0.206,118.176702307259,61.9020821609454
"31169",0.0923913043,0.0009994004,29.982010794,2630,0.1053873378,0.0659432387,12724.37,8,0.1315993143,3.1623035422,3.6649222532,0.2415150822,0.0995742643,0.1170273366,0.3109370754,0.1720120341,0.2957153787,0.0007938083,0.0003969041,0.369,0.226,308.125125594481,227.744658048094
"31171",0.1460674157,0,55.40166205,2331,0.1604278075,0.1046511628,9274.59,5,0.1354554154,3.2347300925,3.601557052,0.2393346064,0.1011137632,0.1174596986,0.3057605206,0.1702859405,0.1653786708,0,0,0.342,0.19,0,0
"31173",0.1588377724,0.0006921373,8.3056478405,4306,0.215644254,0.0744598765,13405.94,7,0.2354947746,5.1148827836,5.0657308156,0.2302860843,0.1664678315,0.1679133868,0.3361124223,0.2707205974,0.3805475504,0.0032863207,0.0013693003,0.427,0.296,68.975031038764,59.7783602335954
"31175",0.1120576671,0.0014430014,14.43001443,3704,0.1285781323,0.0755693582,12202.47,8.1,0.1454223394,3.3902660038,3.7632099135,0.2289485465,0.1040372553,0.1211611856,0.3233879464,0.1796710033,0.7525821596,0.0016706444,0.0019093079,0.341,0.214,72.2833507348807,72.2833507348807
"31177",0.0669461007,0.0004341743,8.6834869024,2974,0.0757613894,0.0477453581,11008.75,8.2,0.1150776036,2.845660064,3.1586653411,0.2557449158,0.0908680877,0.1065445222,0.3011599347,0.1524152066,0.4853217357,0.0004354768,0.0008709537,0.338,0.186,51.3668394946787,51.3668394946787
"31179",0.0778267254,0.0005327651,11.720831113,1852,0.0900738965,0.0446570973,10252.94,8.5,0.1261373106,2.8615838708,3.4802010048,0.2619525554,0.0951856376,0.1134928739,0.3040229775,0.1556711722,0.5156852527,0.0008507923,0.0002126981,0.357,0.196,49.5049504950495,0
"31181",0.0905238829,0.0005735589,14.33897333,3425,0.1038751346,0.0570687419,12225.73,7.1,0.1519480182,3.4339814308,3.6738818048,0.2224170478,0.1073929844,0.1213078426,0.3080731416,0.1816678384,0.6314270724,0.0005660911,0.0016982734,0.398,0.232,114.953539611074,134.112462879586
"31183",0.1294964029,0,0,NA,0.1365853659,0.1156462585,12995.89,5.1,0.1516319356,3.5542300135,3.9105344681,0.23077306,0.11321846,0.1280904029,0.3287658217,0.1870926424,0.04400978,0,0,0.344,0.224,0,42.0521446593776
"31185",0.0800276298,0.0008772571,21.931427736,3459,0.0942059782,0.0491140814,10934.32,8.1,0.1276693674,3.0371855928,3.6279061646,0.23089475,0.0980470966,0.1167737546,0.2821948963,0.1562364514,0.6027076473,0.0012343886,0.000798722,0.374,0.212,90.3276207216445,109.857917093892
"32001",0.1335473837,0.0004416075,9.6350716608,4188,0.1512992456,0.0920162382,8536.83,7.8,0.1896530614,4.5430611893,4.6357803454,0.2177843847,0.1349654936,0.1504254008,0.3745187571,0.2045933127,0.8698798087,0.0021276596,0.000613748,0.332,0.224,48.185030517186,28.1079344683585
"32003",0.1374203853,0.0005682232,3.4234564116,4225,0.160677511,0.0778404224,12581.04,8,0.2163323153,4.437104995,4.203310523,0.1737780572,0.1399796457,0.1390777752,0.3872105882,0.1788492236,0.9713586389,0.0019797038,0.0007241289,0.311,0.262,24.6539459154062,18.7692838248836
"32005",0.1136211464,0.0005520908,7.7701666496,2343,0.1189670726,0.098430466,9048.15,7.5,0.1577373238,4.1497758181,4.1956065834,0.2267153948,0.117495981,0.1328655981,0.3474680072,0.1674390765,0.9116326574,0.0011760579,0.0009078342,0.301,0.188,53.2568619418271,33.4562337839683
"32007",0.1303224406,0.0003789458,5.30524082,2840,0.1432742113,0.104583081,9272.08,8.5,0.1905593866,4.5982310721,4.7751125868,0.2112071691,0.1375010554,0.1477165131,0.3768801788,0.2158209716,0.6859150313,0.0006290507,0.0005528021,0.32,0.238,12.6387098404995,32.8606455852987
"32009",0.1819787986,0.0011454754,0,1596,0.185520362,0.1666666667,7587.38,3.9,0.2532491174,5.4036092431,5.0679789263,0.1913693215,0.1674022805,0.1660233612,0.3985525361,0.2373491865,0.1340996169,0,0,0.35,0.279,0,0
"32011",0.0722679201,0,0,2486,0.0663900415,0.0833333333,9822.89,8.1,0.1737379629,4.264287967,4.4555409392,0.2275855508,0.1269076332,0.1424343407,0.3663690614,0.1963241008,0.3427277302,0,0.0014977534,0.343,0.247,16.4015089388224,16.4015089388224
"32013",0.1507291082,0.0004753134,8.9121264334,3741,0.1683887468,0.1157289003,9296.01,8.3,0.2010803185,4.411429979,4.5865793399,0.242522501,0.1361261754,0.1464878359,0.3812623183,0.2081132373,0.5965029042,0.0010127487,0.0002978673,0.318,0.241,35.5878922082287,29.6565768401906
"32015",0.1245697074,0.0003615329,7.2306579899,3339,0.138576779,0.0964332893,10082.18,8.7,0.2167403309,4.8045381744,4.7944417969,0.2092386703,0.1455812117,0.1542587499,0.3911864566,0.2192023086,0.9089177489,0.0005381166,0.0003587444,0.354,0.26,6.01648516936406,6.01648516936406
"32017",0.1181716834,0.0003858769,0,4176,0.1256300892,0.1000935454,9854.36,7.3,0.1807160932,4.3839935175,4.5699227689,0.2265908444,0.1316017799,0.1457136668,0.368063865,0.2077892192,0.5429373246,0.0003845414,0.0007690829,0.303,0.224,38.602586373287,38.602586373287
"32019",0.1305402278,0.0001912711,4.6948356808,3187,0.1484740004,0.0843027888,9262.48,7.4,0.2088590175,5.0332386918,5.0415041078,0.2016361143,0.1518546494,0.1600111025,0.3773670435,0.2133439388,0.677856868,0.0014514048,0.0003046158,0.344,0.237,48.3578715545016,29.1312479243986
"32021",0.1258298129,0.0011098779,0,4518,0.1403580146,0.0859375,11449.37,4.6,0.2444254168,5.5643769615,5.3833799582,0.1852715565,0.1699928457,0.1725499095,0.4013960728,0.2415682705,0.7717937972,0.000886132,0.000443066,0.372,0.289,44.3229666839034,59.0972889118712
"32023",0.1294490103,0.0003224212,5.1587386884,4201,0.1460219854,0.0802414791,10575.79,4.3,0.2144159581,4.9666512956,4.7312610829,0.2001678085,0.1497876401,0.1577827747,0.3875178404,0.2384125904,0.2151049015,0.0016760023,0.0009041591,0.345,0.257,42.1660484695154,41.4513696818965
"32027",0.1411917098,0.0001486989,0,2097,0.1514716439,0.1173874669,9339.12,8.2,0.2181240131,4.7348482263,4.4475623247,0.2116238765,0.1406143332,0.142060869,0.3796448884,0.212511786,0.2283429587,0.00060006,0.00030003,0.33,0.247,30.0540973752755,30.0540973752755
"32029",0.0898075552,0,0,730,0.0931946251,0.0740037951,7973.86,8.8,0.1581712191,4.0910711943,4.4646571954,0.218908699,0.1186086507,0.1359757992,0.355053748,0.1789670484,0.4082294264,0.0014892033,0,0.291,0.194,48.5476171211263,48.5476171211263
"32031",0.124689481,0.0007740939,6.3199998303,2707,0.1409224417,0.0820807587,9353.29,8,0.1812472161,4.3304319336,4.8656572605,0.222820871,0.1267651795,0.1413925992,0.3516945232,0.1690428284,0.9163896186,0.0031842142,0.0009640675,0.269,0.204,30.4736639666953,20.7871396895787
"32033",0.1039197812,0.0007306889,0,2473,0.1161400512,0.0766533066,11230.44,7.4,0.2036686801,4.6127061925,4.4513533569,0.2132924806,0.1392358572,0.1455871587,0.3827000442,0.2129125918,0.59222333,0.0033773087,0.0004221636,0.327,0.241,28.0495073805266,28.0495073805266
"32510",0.146699208,0.0007511267,8.2266256528,3028,0.16852027,0.0898434158,9838.48,7.9,0.2062846903,4.7825512389,4.6849304306,0.1917131006,0.1412698462,0.1471372718,0.3851818156,0.1981349143,0.9968339545,0.0025264374,0.0014617245,0.344,0.231,70.5050070505007,32.8625032862503
"33001",0.0833351113,0.0006524966,11.908063227,2895,0.097254291,0.0388349515,9723.04,8.8,0.1403473995,3.5828754948,4.4112287782,0.2091451689,0.1102532757,0.1407924606,0.3495571355,0.1674249391,0.8719378245,0.0054570483,0.0008357642,0.34,0.206,146.294241771629,23.9291696578129
"33003",0.1101077267,0.0008996115,11.858515641,2680,0.1262550108,0.0508607199,9417.06,9,0.1357085547,3.6733946222,4.2888485295,0.2184851577,0.1105632341,0.138660848,0.3426541297,0.1726491253,0.8062235978,0.0022755694,0.0011275344,0.288,0.191,96.6933594813967,21.7900528408781
"33005",0.0753366557,0.0006965893,9.3316685286,2752,0.0887358651,0.0328175603,9592.8,8.6,0.1429772937,3.6320410444,4.4557584725,0.2194547908,0.111971294,0.1363301091,0.3321136697,0.1705480934,0.7531413307,0.0032682729,0.0009151164,0.311,0.19,65.5577213884251,19.6673164165275
"33007",0.087477314,0.0012039413,12.039413237,2533,0.1022674419,0.0360132373,9995.27,7.9,0.1852708295,4.2437129574,4.9668505955,0.2014370526,0.1322879289,0.1572416063,0.3904740723,0.1978758998,0.7351081531,0.0018993954,0.0012029504,0.355,0.231,100.714543180035,23.3233678943239
"33009",0.0934736842,0.0019691609,12.68273146,2972,0.108432053,0.0414209206,9542.38,8.7,0.1312769756,3.5251852759,4.4054028557,0.2176104855,0.1065103585,0.1337832738,0.3217445839,0.1557030328,0.8959693889,0.0044661751,0.0032299022,0.318,0.17,61.7688071222763,18.8635279235694
"33011",0.0800212376,0.0008536658,9.1121635394,4089,0.0947753795,0.0350745839,10534.6,8.8,0.1220007914,3.4280049549,4.1892181165,0.1913272604,0.1014206359,0.1319847765,0.362959329,0.1603454535,0.9173090504,0.0030584207,0.0013750852,0.292,0.199,71.7022366781321,17.8256396646861
"33013",0.0732774335,0.0010502606,14.201636821,3041,0.0862191677,0.0336083311,9934.71,8.9,0.1307376731,3.3118701378,4.3667818706,0.2120842088,0.1021032368,0.1308243546,0.3305834774,0.1715035544,0.9260882925,0.0041023741,0.0015549321,0.281,0.169,96.6724889870261,24.3878324489998
"33015",0.0636957582,0.0007844555,9.8783286901,3468,0.0744862881,0.0297197438,10399.92,9,0.11498392,3.4831212786,4.0829877572,0.2266164082,0.1017776416,0.1237794982,0.3262022198,0.1415825437,0.8843721526,0.0023190675,0.0011514477,0.289,0.159,69.4435486298336,16.5546540077312
"33017",0.0781486879,0.0006353678,7.272281889,3831,0.0913777598,0.0345698115,9624.57,8.5,0.1393854093,3.7033222239,4.4203459982,0.2057380948,0.1107552256,0.1391807644,0.3506832954,0.1746655832,0.8934409589,0.0025059574,0.0013298486,0.299,0.2,67.3029858051884,16.3158753467124
"33019",0.0774800216,0.0007184907,7.1849070598,3503,0.0908698891,0.0347137637,9833.09,8,0.1654276653,4.1636836922,4.7438020341,0.1947301718,0.123932415,0.1465689043,0.3202762289,0.1789051124,0.77867953,0.0017383645,0.0006721676,0.329,0.201,77.1861034139414,16.9809427510671
"34001",0.106981982,0.0008002427,8.4954678196,4635,0.1294584819,0.0443994201,12242.58,8,0.1865402717,4.3055040415,4.7151477998,0.171856724,0.1302555243,0.1434387836,0.4063904057,0.1779918927,0.913887867,0.0015823441,0.0007459622,0.324,0.225,44.6944866699325,11.9942831458858
"34003",0.0843994985,0.0011960927,10.14801513,2590,0.1011810823,0.0381914256,11531.94,9.5,0.1392969108,3.3333983406,3.997600612,0.1814703166,0.0977720409,0.1124798434,0.3559449249,0.1289482924,0.9946868689,0.0024212868,0.0005231175,0.229,0.182,45.3329560945498,8.6093320873022
"34005",0.0596283177,0.000866736,8.6449054562,4803,0.0700809732,0.0307598077,11582.27,9.1,0.1509879922,3.9603678664,4.450502415,0.1978727579,0.1121277714,0.1288433266,0.3725286273,0.1561415086,0.8186364305,0.0068412875,0.0006398973,0.3,0.184,54.2873144903012,9.8704208164184
"34007",0.0821810947,0.0010227634,7.957020244,5378,0.1001412273,0.0347871104,12193.97,8.6,0.1835087763,4.1593345472,4.5955663615,0.1748467652,0.1234566084,0.1386169889,0.4149842129,0.1784493542,0.8989851204,0.0029837619,0.0009919578,0.309,0.219,49.5278085819261,9.86609732707691
"34009",0.0918621914,0.0005867078,13.363900086,3641,0.107639938,0.0439015541,11745.61,7.8,0.1548456229,4.1803293591,4.5451891653,0.2140873223,0.122652569,0.1397718801,0.3855145497,0.1792848888,0.9490772631,0.0010155575,0.0006266206,0.294,0.192,55.4056745550345,9.05321479657426
"34011",0.1212647433,0.0004347041,9.8978779752,5694,0.1538133632,0.0456460285,12288.46,7.5,0.2516807398,5.2641980409,4.9329926118,0.1845960759,0.1594082421,0.1615945435,0.4256391725,0.2259591603,0.7927634514,0.0009405718,0.0004901571,0.357,0.308,53.4069858125124,11.1730095842076
"34013",0.1200438287,0.0008448324,8.2856159454,4509,0.1486180017,0.0469754204,12012.88,8.7,0.2120875828,4.3337716649,4.373942243,0.1725806272,0.1283412375,0.1369536744,0.4124411134,0.1590160968,0.9973111182,0.0021118651,0.0007302127,0.291,0.255,36.3031172749071,6.168612349812
"34015",0.0572358409,0.0005692027,8.0579900972,4830,0.0666357625,0.0318643352,12194.72,8.8,0.1518479069,3.9345518595,4.5070661155,0.1888620294,0.1128439977,0.1347556644,0.3863164343,0.1673069457,0.8287684538,0.0011564542,0.000507879,0.321,0.187,40.7399841833003,10.6129370561538
"34017",0.1349765784,0.0005428389,5.5919844257,4997,0.1614664831,0.0479885968,11913.33,8.7,0.2023582367,4.125951162,4.2803101846,0.1808397235,0.1213171179,0.1249617444,0.377570555,0.1499677352,0.9997130541,0.0006375164,0.0002854772,0.257,0.252,26.2855932178219,7.42530881859376
"34019",0.0516247937,0.0012301903,10.130979087,3115,0.0581045883,0.0336853677,11105.82,9.5,0.1227069589,3.4050912512,4.0163422521,0.2065421695,0.0973043468,0.1161352162,0.3430006921,0.1292612885,0.8897615096,0.0024135221,0.0006975961,0.251,0.149,57.237310167379,12.0358829791218
"34021",0.0964422581,0.0010015513,11.648477261,4168,0.1146561799,0.0473730287,11741.5,8.9,0.1678627322,3.8215094399,4.3366857786,0.1628081629,0.1125056239,0.1270813085,0.3887157713,0.1497129976,0.9916264907,0.0032178599,0.000838266,0.284,0.203,45.4512530783717,6.79052585832247
"34023",0.090775534,0.000964776,6.654045393,3661,0.107083905,0.0468476755,11357.49,9,0.150613951,3.6791716808,3.8498654345,0.158507224,0.1050987771,0.1142947858,0.3703247172,0.1313493157,0.966643535,0.00182961,0.0005194743,0.233,0.203,40.686454760739,7.8708915459763
"34025",0.0706309916,0.0011958726,9.3245743744,3862,0.0818356159,0.039943461,11946.14,9,0.135386513,3.5732815312,4.2427403753,0.2034140176,0.1030363777,0.1232038156,0.3729718832,0.1458981757,0.9480884546,0.0026216939,0.0007354906,0.221,0.185,62.2535014231678,8.71656631854207
"34027",0.0570522704,0.0010328457,10.918073783,2625,0.0647547764,0.0369961449,11220.72,9.4,0.1181332573,3.371859288,3.8582459391,0.2008691196,0.0934811958,0.1101736865,0.3484221241,0.1216455473,0.9548566251,0.0027092759,0.0007931562,0.199,0.146,51.3823824094885,7.92060440304368
"34029",0.0715329724,0.0004183232,7.4441769079,3896,0.0885412114,0.0350812016,12427.03,8.2,0.1601449883,4.0759558617,4.7814451632,0.1941450378,0.1196564725,0.1431070194,0.3810783479,0.1790189884,0.8997982888,0.001570678,0.0004886554,0.308,0.198,53.9199176775051,9.92828596096483
"34031",0.1415680818,0.0005798823,7.2933646324,3366,0.1749260269,0.0563968711,11855,8.7,0.220033714,4.6749712922,4.5938890382,0.1731311056,0.1378532604,0.1417495845,0.374358273,0.1581005703,0.9736346478,0.0012219109,0.0004073036,0.295,0.279,43.1080863862139,5.64589729249335
"34033",0.0849094487,0.0003526489,12.182415645,5738,0.1017059654,0.0390699031,12491.94,7.9,0.1897380867,4.4397757294,4.8649879732,0.1849340198,0.1357970693,0.1544592089,0.3852072766,0.2031267023,0.6953528139,0.0010701679,0.0002555625,0.353,0.248,51.7490650491083,10.6699103194038
"34035",0.0659231641,0.0011795679,10.032407717,2959,0.0747237293,0.0416369868,10598.89,9.5,0.1216895676,3.259023068,3.6962669067,0.2073695973,0.0899587826,0.1044523908,0.3624108853,0.1191347881,0.9709532407,0.0026905098,0.0004891836,0.243,0.16,54.0715907862009,7.47906115547452
"34037",0.0565247974,0.0004769091,9.2534593702,3613,0.0640687523,0.0343227237,11740.26,9.1,0.1304453957,3.6260792594,4.6166921801,0.2144616813,0.1023327057,0.1319087571,0.359740925,0.1475090175,0.939483469,0.0015909204,0.000262786,0.282,0.18,46.2865159071326,9.25730318142653
"34039",0.1262547967,0.0006758445,8.5199544883,3418,0.1555278225,0.0497292304,10410.34,9.3,0.1857988933,4.0051342458,4.3584443279,0.1673695065,0.1185186865,0.1278880545,0.392346466,0.152231711,0.9971146265,0.0018689512,0.0005483213,0.295,0.239,38.3877848990479,6.46783271310012
"34041",0.0761195439,0.0006174775,9.40465673,4132,0.0882015682,0.0397332463,11525.13,8.4,0.1524838118,3.9460237727,4.6070897494,0.2070429109,0.1158121877,0.1370092541,0.3831857291,0.1691004868,0.9704578074,0.0020230859,0.0004254153,0.305,0.197,55.5783623330281,10.7367290870622
"35001",0.1090264057,0.001060194,7.907280146,2366,0.1319236259,0.048031673,9304.71,7.8,0.1876821214,4.14158256,4.6000703924,0.1632554346,0.1255963349,0.1385400987,0.3325263062,0.1509204365,0.9104494056,0.0045778627,0.0013437434,0.275,0.188,47.9041798725955,24.515956946057
"35003",0.0910462777,0.0002835271,8.5058123051,1547,0.090391909,0.099078341,7404.34,3.1,0.1970249664,4.4980932115,4.6750133996,0.1796198639,0.1426847114,0.1555809544,0.3165809534,0.205393122,0.7358389262,0.0005589715,0.0002794857,0.292,0.246,9.3214019388516,9.3214019388516
"35005",0.1287855613,0.0006964327,9.7500580361,4024,0.1613349568,0.0597110942,11176.86,6.5,0.2533020527,4.7291761006,4.6000062758,0.1910587905,0.1497082985,0.1522759366,0.3284425678,0.2007777426,0.7108386016,0.0012521449,0.0007883875,0.326,0.272,25.2557791923305,23.7095069968817
"35006",0.1250575183,0.0004873477,4.4985941893,2953,0.1583173714,0.0523801942,8746.37,4.8,0.2894632707,5.6925761828,5.5166806441,0.1590052101,0.1824800775,0.1788823131,0.3796695742,0.2540260854,0.6636166538,0.0033276004,0.0013459957,0.388,0.28,51.3945471638985,31.3381385145722
"35007",0.1013375105,0.0004187254,15.074114396,2274,0.1163800032,0.0600917431,8065.89,6.3,0.2208096489,4.5850542943,4.457220531,0.1628102139,0.1440795183,0.1483844821,0.3374241618,0.1849108701,0.7581090909,0.0092485549,0.0009083402,0.307,0.237,83.3842903996887,44.4716215465006
"35009",0.1100051109,0.0005311108,10.826490174,3074,0.1347807846,0.0564811984,11436.06,6.5,0.2211023647,4.7400572919,4.5005272669,0.1580335978,0.1489337643,0.1501957349,0.3193179048,0.1934394885,0.78334298,0.0058255962,0.0007888828,0.316,0.245,24.4591803456897,19.0238069355365
"35011",0.1228641172,0.0005720824,28.604118993,2443,0.141509434,0.0841584158,10193.32,7.5,0.2355505716,4.803585296,4.8194970482,0.176983768,0.1527946058,0.1573564123,0.3440269537,0.2022552799,0.8545994065,0.0084222347,0.0011229646,0.306,0.239,19.2233756247597,19.2233756247597
"35013",0.1354822606,0.0006232957,6.0954650657,2979,0.1662423686,0.0629851244,9923.44,6.2,0.2350125924,4.4393295672,4.5299619343,0.1760055733,0.14146026,0.1473362886,0.3341256787,0.1580574758,0.7803262392,0.0029468284,0.000818308,0.309,0.25,49.6210685577469,17.5043646752788
"35015",0.0982286311,0.0003250086,10.605542251,2785,0.1169868525,0.0591275457,10999.24,7.7,0.2069042873,4.0203132695,4.259828003,0.1845747376,0.1297816924,0.1423130166,0.339826897,0.1767598313,0.7002916643,0.001208981,0.0008981002,0.377,0.245,31.468491457735,29.752028287313
"35017",0.0875978487,0.0007778354,8.8895473739,2226,0.1035646179,0.0481529131,8165.7,6.6,0.195309091,3.9404719275,4.1943552818,0.1875555525,0.1278514726,0.137662305,0.3345345821,0.1677708186,0.7839330487,0.005229284,0.0012067578,0.291,0.219,118.007154183722,33.1895121141719
"35019",0.0765972467,0.0004651163,6.976744186,2719,0.0902217742,0.045154185,7667.24,6.8,0.2364662776,4.2979985443,4.0469101859,0.1830648722,0.1338602695,0.130054274,0.3296380872,0.1608068768,0.5461915938,0.0158949551,0.002073255,0.317,0.262,92.9080210591514,46.4540105295757
"35021",0.0973684211,0,0,NA,0.0993589744,0.0857142857,8572.35,2.9,0.2065332419,4.3215259926,4.3361493925,0.1749152041,0.1329471362,0.1394971609,0.3221954732,0.173834426,0.0676258993,0,0.0015267176,0.318,0.231,0,0
"35023",0.1050644857,0.0004764173,0,2574,0.1216275984,0.064516129,8543.83,6,0.2551200846,4.9470206441,4.8068339418,0.1597639295,0.1548596377,0.1539742073,0.3491521741,0.1882763979,0.4711892113,0.0021226415,0.0009433962,0.324,0.263,103.635204081633,79.719387755102
"35025",0.1332297375,0.0002814127,9.4273251724,3881,0.1690154873,0.0688560283,10732.67,8,0.2322387817,4.5685440308,4.239627161,0.1586179813,0.1438565401,0.1469912427,0.343313418,0.1876109673,0.8373630788,0.0011348781,0.0007613739,0.357,0.27,14.1169163008033,18.8225550677377
"35027",0.1306032907,0.0004598406,18.393623544,2834,0.1485557084,0.081511471,8469.06,6.9,0.1826067914,4.0890196362,4.4287518585,0.1936231448,0.1256597319,0.1395035957,0.3054496055,0.1762201535,0.8509050105,0.0052157906,0.0006647576,0.292,0.211,55.8687592056478,33.859854064029
"35028",0.0283679158,0.0014972379,16.004956374,1652,0.0304377565,0.0247863248,7488.34,8.9,0.093698116,2.6680976191,3.1991459045,0.1917299784,0.0770610957,0.0960217378,0.2635896196,0.0964529251,0.991643454,0.0020417779,0.0014135386,0.209,0.113,32.7970724297452,18.9877787751157
"35029",0.1415194842,0.0003374246,8.0138344089,2988,0.1801809348,0.0651754104,8810.56,4.3,0.2996455436,5.2337033801,4.9309151485,0.1457173272,0.170671929,0.1641626166,0.3392008633,0.2144702831,0.701733413,0.0015440471,0.000625965,0.343,0.292,65.6635511407296,27.9419366556296
"35031",0.1989813636,0.0007566522,5.3245897964,4204,0.2568442494,0.0771773995,9263.92,3,0.3126214403,6.4697842183,6.1784282371,0.1439948963,0.2273793141,0.2165604497,0.3770200953,0.2755539236,0.4328176579,0.001687647,0.0005948264,0.411,0.271,77.396132990801,31.7044400203281
"35033",0.088531821,0,0,2595,0.0979338843,0.0610500611,6745.19,1.8,0.2740176091,4.8719846189,4.4751966044,0.1533217674,0.1540482033,0.1436217821,0.3319812183,0.1625758681,0.2817045687,0.0011096316,0.000665779,0.332,0.251,7.40466493891151,7.40466493891151
"35035",0.112553626,0.0005037783,9.4828863535,2932,0.1379669943,0.0510897884,9534.12,6.8,0.2205786911,4.8551137375,4.7633866094,0.1622339374,0.1471712092,0.1533143026,0.3466317651,0.2048734294,0.5464990517,0.0026654288,0.0008385619,0.334,0.231,38.0739524718401,27.6901472522474
"35037",0.1064575338,0.0002423361,14.540167212,2284,0.1275854055,0.0544332211,10023.91,5.8,0.250217169,5.0448375918,4.6668668252,0.1595125212,0.1590020471,0.1587590685,0.347439157,0.2073807522,0.7004756111,0.0142978311,0.0009693445,0.311,0.255,68.8175525239849,52.6251872242238
"35039",0.1236708654,0.0004624753,5.6524755274,2680,0.1500480923,0.060517484,7910.78,8.1,0.2642249694,5.1794587592,4.9488401895,0.151226897,0.1587944979,0.1503454365,0.346014737,0.180762463,0.7638771555,0.0049223196,0.0008972979,0.331,0.259,64.406430338005,15.4575432811212
"35041",0.130981679,0.0004324324,11.891891892,4552,0.1589828205,0.0676328502,11542.14,6.1,0.220312609,4.5956394641,4.576457972,0.1693566534,0.1458273237,0.1549293582,0.3292256619,0.1911051852,0.8027814169,0.0027210158,0.0010137118,0.343,0.236,23.3842390228986,17.9878761714604
"35043",0.089825106,0.0006201107,4.2930738409,2458,0.1092768665,0.0441651,9053.22,6.9,0.1801009216,4.3510572617,4.4019482072,0.1775322199,0.1291049516,0.1354016648,0.3319588296,0.1615230049,0.8523422595,0.0033544796,0.0006268124,0.273,0.184,47.6373031842135,24.7260287956156
"35045",0.1477652546,0.0005566402,6.7764888107,3463,0.1843307638,0.070075188,9083.79,5.7,0.2351367638,5.0140702882,5.0251475576,0.1491611752,0.1589278815,0.168323507,0.3332630008,0.2348227051,0.5557888099,0.0022312325,0.0008477084,0.35,0.239,73.5939921517648,33.5739015290898
"35047",0.1001203852,0.0004399311,5.1325292371,3169,0.1158250911,0.0501719603,8161.17,5,0.2628352302,5.005052715,4.8324875915,0.1547944975,0.1545711158,0.1454884697,0.3530558065,0.1692539788,0.6564147926,0.0099307745,0.0009060926,0.32,0.275,65.8440228259279,18.2900063405355
"35049",0.14245022,0.001190492,9.3111108155,1694,0.1589638686,0.0936280884,7979.45,7.9,0.178484484,4.0142698005,4.4838625402,0.1804352015,0.1203010464,0.1288539653,0.2862405101,0.142424553,0.7873066519,0.0070906861,0.0010529402,0.216,0.185,46.8653284994252,24.0958528605535
"35051",0.119364206,0.0004633491,11.120378093,2945,0.1391092129,0.0615474795,9901.81,5.3,0.2223177473,4.9321875413,4.863377182,0.1757781164,0.1528497773,0.1563657268,0.3489722705,0.214672059,0.8676176176,0.0020058352,0.0011852662,0.345,0.231,242.138172010053,52.1056825844419
"35053",0.1231013917,0.0004808559,4.207489331,1712,0.1475174168,0.0634198555,7558.81,4.4,0.2640426916,5.2951773938,5.0575592976,0.1744960205,0.1646825432,0.1636924669,0.3479304588,0.2153626898,0.5333034815,0.0016731401,0.0007768151,0.323,0.273,60.1045819726324,36.0627491835794
"35055",0.1465491421,0.0008862268,10.390245393,2344,0.1700626959,0.0735545672,7463.22,6.7,0.2137829887,4.3881287027,4.4377591893,0.1886071271,0.137140161,0.1390230316,0.3206727429,0.1698218943,0.8294015848,0.0081011116,0.0012182123,0.245,0.209,66.2244908355493,23.433281372579
"35057",0.1218955682,6.46789e-05,6.4678869413,2195,0.1413056451,0.0696657295,8073.49,5.5,0.2391442011,5.0096904792,4.7475078303,0.1572704416,0.1555714118,0.155738479,0.3603251343,0.1996036983,0.0875907953,0.0014752101,0.000448977,0.316,0.256,34.3805062529546,34.3805062529546
"35059",0.130952381,0.0002463661,14.781966001,2600,0.1469594595,0.0932311622,9831.33,6.8,0.2188410903,4.4747323578,4.50329379,0.1889225761,0.1404086982,0.1452426614,0.3266428578,0.1958906555,0.7599472412,0.0089849441,0.000728509,0.314,0.245,8.19470621978202,8.19470621978202
"35061",0.126361441,0.0003259962,6.2591278948,2369,0.155492516,0.057684006,9114.93,5.7,0.2409100554,4.5570273752,4.5889210985,0.164947266,0.1470328575,0.1491551111,0.3396529088,0.1844350648,0.4770729669,0.0021842628,0.0005493356,0.336,0.236,31.6403574926967,20.8046186253348
"36001",0.0402853704,0.0010081635,15.122452587,3607,0.0470467648,0.0190292333,10986.72,8.3,0.1349705829,3.3093060336,4.0898136175,0.2205196188,0.1003169992,0.1239756387,0.386129486,0.1658617524,0.9205993347,0.0035621603,0.0019015554,0.267,0.197,63.9544591864687,10.2589064224028
"36003",0.0554221993,0.0004556204,15.621270964,3940,0.06308001,0.0356803547,9241.45,8,0.1750506917,4.4226989715,4.6721960597,0.2020784904,0.1337607498,0.147508191,0.3964930921,0.2231566635,0.6236464675,0.0022183933,0.0007753608,0.309,0.241,72.4071016885336,18.8258464390187
"36005",0.0851196148,0.0006317837,2.7922581118,5342,0.1099566906,0.0215546115,12303.19,7.6,0.2931900863,4.7618415688,4.4621298085,0.1649250134,0.1565921741,0.1481482385,0.4244654841,0.1815667872,1,0.0020563747,0.0011444476,0.321,0.371,27.261088547732,5.10410372291444
"36007",0.0520782836,0.0008556969,11.234303473,4143,0.0622064647,0.022689453,10234.58,7.9,0.1695898572,4.0995572496,4.6950637256,0.2226273284,0.1248807704,0.1423957242,0.392798336,0.2205700978,0.8948404786,0.0021339984,0.0019096416,0.367,0.24,88.5285539578037,10.1475417580091
"36009",0.0693304389,0.0004598184,14.97694339,4473,0.0816412267,0.0374101567,10792.97,7.9,0.1962491586,4.6602979307,4.8485698033,0.2107158377,0.1442668635,0.1553193114,0.3733445238,0.2380827619,0.6312860291,0.0012493493,0.0008979698,0.32,0.253,52.4429682720042,16.1699152172013
"36011",0.0476969436,0.0002611784,10.185959047,4168,0.0563302626,0.0227820087,9977.03,8.5,0.1737835253,4.1681850353,4.5758325231,0.225200625,0.1246404167,0.1402304311,0.36973837,0.2265664425,0.7963037013,0.00189254,0.00094627,0.33,0.236,71.8171926006529,14.3634385201306
"36013",0.0542911925,0.0005358423,17.020874211,3305,0.0653727864,0.0234132905,10498.24,7.6,0.1793953865,4.2163068317,4.6993804223,0.2214002373,0.1311560822,0.1519831592,0.381309176,0.2368014344,0.7998888106,0.0016570397,0.0009692119,0.332,0.257,94.7820013967874,13.1277010244858
"36015",0.041139932,0.0007788535,11.622891104,6024,0.0495385799,0.0193658108,11386.61,7.9,0.1759972435,4.2691235821,4.5941192417,0.2006643979,0.126134071,0.1480408225,0.3908343777,0.2358428113,0.825903411,0.0028841361,0.0013886581,0.33,0.252,115.846156304428,15.179841170925
"36017",0.046155514,0.0003389328,11.227148516,4023,0.054509018,0.0231023102,10314.09,8.2,0.176177158,4.3143207905,4.7528690558,0.1991078693,0.1359740919,0.153744538,0.4083135876,0.2291356506,0.7417833865,0.001956412,0.0009676876,0.291,0.234,48.7725573077548,16.2575191025849
"36019",0.0500597134,0.0007330558,6.5850779648,4521,0.0589357735,0.02245539,11065.84,8,0.1733723064,4.18196197,4.6107609834,0.2169040029,0.1253715859,0.1463733727,0.39429794,0.2187574236,0.7428647964,0.0026271764,0.0010285643,0.311,0.225,64.7415732202293,12.8653126270968
"36021",0.05706018,0.0004036259,10.258825112,3947,0.0638574775,0.0339729783,10701.19,8.1,0.1524541892,4.0167005863,4.1891300796,0.2212718411,0.1188956402,0.1287554105,0.3383064744,0.2017738856,0.7415684037,0.0017023833,0.0007677415,0.31,0.207,62.6009580182325,17.3270508800465
"36023",0.0417452046,0.0003783023,11.559235829,4903,0.0489971981,0.0206808781,10362.13,8,0.1685029008,4.1619116418,4.7392038847,0.2124132876,0.1223212423,0.1432729483,0.3639840511,0.2152773221,0.8705407816,0.0034920436,0.001045522,0.291,0.232,81.359546069843,7.715129368692
"36025",0.0572791599,0.0003172086,12.914920131,3406,0.0654838044,0.0299231702,11175.92,7.8,0.175691544,4.3866548832,4.8178965406,0.2209105853,0.1336248595,0.1478036581,0.395423496,0.2288392976,0.6144435181,0.0012352056,0.0008534148,0.317,0.234,70.8898944193062,19.6078431372549
"36027",0.0533922862,0.0006661727,7.5114370977,3365,0.0620490119,0.0273042875,10638.15,8.6,0.1471689496,3.649747271,4.2839679345,0.2183896004,0.1069682742,0.1260616605,0.4046125889,0.1567146022,0.8572581079,0.0028292444,0.0010418156,0.285,0.215,45.7315862278704,13.3903900121308
"36029",0.0408415299,0.0007989533,10.068553241,3257,0.0482078081,0.0198374986,10284.82,8.1,0.1665285409,4.0485574264,4.4749966908,0.2282443289,0.1221070124,0.1391732436,0.3845244249,0.1877441403,0.9628220752,0.003088987,0.00162006,0.292,0.222,99.105042635853,10.5600759454534
"36031",0.0494985809,0.0003795581,15.182323438,3000,0.0556577292,0.0286979337,9760.89,8.6,0.1620117606,4.1348788461,3.9989420662,0.2104361628,0.1221421296,0.1295682114,0.3563955938,0.1877289418,1,0.0015549598,0.0007238606,0.292,0.221,105.333285318161,9.00284489898808
"36033",0.0701635836,0.0005797449,10.195513974,4031,0.0829545889,0.0352342159,10126.53,7.4,0.1924635138,4.2223610073,4.5594462377,0.2204406846,0.1332230924,0.1481287092,0.4127019805,0.2333082282,0.6536173182,0.0027439206,0.0011333585,0.363,0.277,56.5610859728507,12.6430662762843
"36035",0.0481968076,0.0003559186,9.1789521009,4561,0.0564629322,0.0243172126,10761.09,7.9,0.187288923,4.6461176347,4.8448048446,0.2040502012,0.1378252852,0.1552927796,0.4307079719,0.2403763876,0.8079090958,0.0018846448,0.0008583531,0.311,0.249,66.3387280487652,16.8976005407232
"36037",0.0441768856,0.0002793296,12.395251397,3354,0.0523632026,0.0212606303,10493.55,8.6,0.1607320733,4.1694102738,4.5869582221,0.1988713193,0.1234582668,0.1417905828,0.3798200464,0.226302763,0.6381764011,0.0016170819,0.000782459,0.286,0.228,114.678231510318,9.8960910440376
"36039",0.0497786958,0.0003602611,9.3244045096,3884,0.0572973791,0.0242786323,10766.93,8.4,0.1749838201,4.3285372426,4.5038788715,0.2196900218,0.1322456332,0.144162147,0.4024888099,0.2341993502,0.7790374027,0.0008422649,0.0008843781,0.318,0.24,52.870516580194,16.9185653056621
"36041",0.0726424525,0.0002264493,13.586956522,2795,0.0805647841,0.0399361022,8578.69,7.1,0.167078616,4.1233833979,4.6541230024,0.2406840768,0.1247746287,0.1487915575,0.3533759631,0.2124022279,1,0.00067659,0.00090212,0.294,0.241,60.6290261462675,60.6290261462675
"36043",0.047274879,0.0002935469,10.926466511,4486,0.0571070329,0.0200326112,10733.45,8,0.1675043762,4.2638593027,4.4686644014,0.2458177716,0.1302700159,0.1449558335,0.3967279112,0.2493986567,0.7389606163,0.0004851778,0.000517523,0.308,0.247,98.8609265767503,11.9502218938929
"36045",0.0475461167,0.0005553836,10.834532112,4384,0.0592834189,0.0196903652,10908.05,7.6,0.1727520569,3.852645525,4.0957659003,0.2078865735,0.123533116,0.1366401671,0.3843354914,0.2023549394,0.598293025,0.0020670216,0.0018522661,0.326,0.252,56.1143397920433,14.2560755147353
"36047",0.0720412763,0.000702761,5.3361396897,4350,0.0910184878,0.0191290004,12737.55,8.2,0.187332401,3.910971885,4.249554538,0.182223754,0.1166197416,0.1278278899,0.4143861773,0.1526812275,1,0.0021952664,0.0007228505,0.248,0.278,18.7719670743343,5.571707286973
"36049",0.0495457127,0.0006464862,15.972010952,5162,0.0596408441,0.0242561449,10515.22,8.1,0.1740663814,4.1166028504,4.3048192659,0.217234462,0.1294774353,0.1489436125,0.3695123656,0.2186810424,0.5782109499,0.0021174424,0.000718418,0.313,0.254,62.080324338021,19.0041809198024
"36051",0.0458230372,0.0003973678,11.921035064,3941,0.0536301758,0.0216502913,9928.93,8.5,0.1655310173,4.0806805092,4.5096769758,0.1960394652,0.124903872,0.1374169167,0.3553831662,0.2137186086,0.7444986466,0.0011703861,0.0006010091,0.301,0.22,46.1442990574894,16.4422215032434
"36053",0.0433453372,0.0006766186,8.880619106,3861,0.0504646747,0.0229844161,9181.01,8.4,0.1421215074,3.4835712547,4.605941483,0.2278750863,0.1097402979,0.1395060709,0.3675716704,0.2029238868,0.7387326053,0.0019775408,0.0009040186,0.288,0.211,70.683366790127,12.2517835769553
"36055",0.0421564619,0.0010852421,9.0863744827,4420,0.0505364195,0.0187860447,11853.8,8,0.1598888889,3.7831354545,4.2786016913,0.2113494467,0.1126420915,0.1296861045,0.3838326735,0.1803860166,0.948249734,0.0027462241,0.0021185927,0.337,0.225,108.846888111511,11.1902870106384
"36057",0.0521043106,0.0005485464,8.5329432559,4804,0.0630881472,0.0242705686,11261.64,6.2,0.2039581127,4.4844853588,4.7363550319,0.2009960232,0.1422986521,0.1528400487,0.3949784048,0.2263230203,0.6062645612,0.0008492569,0.0009301385,0.34,0.277,89.9584703001772,12.8512100428825
"36059",0.0480661879,0.0014370739,8.4087244385,3224,0.0564421487,0.0260527123,12074.82,9.9,0.1263438593,3.108624063,3.6703922895,0.1936067786,0.0908401047,0.1090480833,0.3919635574,0.1207426995,0.9885818331,0.0030176472,0.0014598669,0.239,0.197,34.1562892449985,6.17223081389101
"36061",0.0564922412,0.0013851487,13.065587037,2819,0.0624637238,0.0295878521,11041.83,8.4,0.1556601935,3.6125851108,4.0665616209,0.2394964217,0.1022004962,0.1140086336,0.3751125547,0.1192039758,1,0.0085872115,0.0023577072,0.19,0.198,30.414449759272,7.98867046344146
"36063",0.0430522369,0.0004109308,10.034355723,4279,0.0513522794,0.0189146641,10240.5,8,0.1762014794,4.2333647975,4.7259386725,0.2037876364,0.1276171337,0.1498034733,0.3975400355,0.2259405199,0.8447121759,0.0011119929,0.0005750049,0.305,0.223,96.6391237203675,12.5774147840346
"36065",0.0533918985,0.0007521723,10.582889829,4297,0.0624990146,0.0296167949,10773.13,7.9,0.1860436951,4.474678611,4.5150273173,0.1921118003,0.133061028,0.145270413,0.4128763441,0.2059887307,0.8819599963,0.0016421506,0.0014461379,0.322,0.249,97.1420403329084,14.2941741030406
"36067",0.0484401777,0.0009532537,10.531390057,4088,0.0580760778,0.0221950054,10342.6,8.1,0.1522302343,3.8646588423,4.6901844834,0.2187941175,0.1137355068,0.1377357358,0.3745454347,0.1719444658,0.9516707849,0.0025313495,0.002119924,0.3,0.21,95.2552602111685,10.7125976529278
"36069",0.040764376,0.0007651876,9.2915638066,4296,0.0478647267,0.0212060389,10240.37,8.7,0.1333282777,3.43984186,4.1980792375,0.2131271365,0.1029331118,0.1272964427,0.3601697625,0.1809574754,0.808609204,0.0021572126,0.0011468725,0.302,0.201,82.4912353062487,16.9834896218747
"36071",0.0490568033,0.0006910168,7.0660362654,4066,0.0608886816,0.0228281298,11555.34,8.5,0.1719323477,3.8166876498,3.9832747549,0.2051519621,0.1155940978,0.1270413101,0.3961990626,0.1722585615,0.8788776142,0.0023563232,0.0009084935,0.287,0.242,36.8883584680482,10.4155365086254
"36073",0.0590184169,7.43458e-05,11.1518636,4134,0.0700650666,0.0261754125,12278.25,8.2,0.2050561742,4.8602585518,5.0012395145,0.2028151021,0.1423649938,0.1518264629,0.3977803386,0.2456524574,0.762516615,0.0005417118,0.0003201024,0.336,0.264,78.5500487837145,14.056324519191
"36075",0.0527164449,0.00041836,9.7332741368,4311,0.063796568,0.0218057379,11083.5,8,0.1782184359,4.3014388761,4.9069211462,0.2160479412,0.1332027769,0.1530426171,0.4028926565,0.2359518208,0.6613107961,0.0013571053,0.0008397089,0.326,0.24,72.2888823114228,10.814872156827
"36077",0.0514383692,0.0011261829,12.438438136,4091,0.0590722433,0.0251468618,10371.88,7.5,0.1551671666,4.1170309225,4.5246471474,0.2285715237,0.1235137403,0.1399010343,0.3579067136,0.2014541307,0.6681443647,0.0019247184,0.0028284992,0.318,0.2,62.9415037399617,14.6114205110625
"36079",0.0420106242,0.0004780309,7.6281529699,2769,0.0481514316,0.0242014024,11527.5,9,0.1336695379,3.2443284999,3.7446903252,0.2164210555,0.0978503308,0.11312376,0.3651787668,0.1483443941,0.8821783171,0.0033976459,0.0005561623,0.264,0.188,26.7122917117507,6.08634494698117
"36081",0.102656002,0.0006566518,4.88495726,3621,0.1270408866,0.0253684465,12035.02,9,0.1858562509,3.7491317977,3.5559406878,0.1612432599,0.1153486056,0.1136758919,0.401330986,0.1409831984,0.9796581555,0.0016249025,0.0006841002,0.247,0.309,20.4036791724895,6.83575038266146
"36083",0.0421488908,0.00049145,8.2538402409,3987,0.0497428346,0.0191542055,11046.42,8.3,0.1488981093,3.8118354069,4.4939585258,0.2490131247,0.1132611735,0.1359423316,0.3791902467,0.2039943795,0.6626962472,0.0016620464,0.000840431,0.268,0.217,60.8905984915929,10.9183142122856
"36085",0.0494016678,0.0009639961,4.2844271574,3470,0.0596415074,0.0213559009,12298.76,9.2,0.1679300047,3.8552334421,4.2131444964,0.1900884331,0.1131365885,0.1304041919,0.4360188947,0.1859501444,0.9979049773,0.0022911552,0.0010962264,0.284,0.26,20.1730257227092,6.93447759218127
"36087",0.0560480591,0.000905494,11.326349263,3394,0.0725058392,0.0246583701,11824.52,8.7,0.1624403041,3.6303482483,3.8539920681,0.1797093656,0.1104553649,0.1224549465,0.3932158746,0.1450021724,0.9671946536,0.0026220851,0.0006048604,0.285,0.217,31.6044958162398,6.64819491280125
"36089",0.0569319911,0.000538333,9.9313161314,4327,0.0646144148,0.0367262227,10041.11,7.3,0.1931518656,4.5137269643,4.5816565624,0.2254700079,0.1362687261,0.1505230621,0.3774364996,0.2164059271,0.5832737797,0.0019621091,0.0012216906,0.361,0.27,47.0629032857337,10.8368527302676
"36091",0.0355531657,0.0007004172,7.4827179668,3323,0.0416850495,0.0179252559,10627.46,8.9,0.1303519147,3.643902339,3.9831606526,0.2409274014,0.1029049753,0.1223287294,0.3517493274,0.1768317762,0.9181629001,0.0016510039,0.0008819836,0.263,0.195,49.6868137280465,11.009323158401
"36093",0.047958275,0.0008113381,7.5982459642,3409,0.0579051149,0.0210492883,10647.34,8.6,0.1622309867,3.7309526184,4.3084013261,0.2009955143,0.1121529416,0.1341217281,0.3893173059,0.1721716025,0.9565492771,0.0022336659,0.0012809784,0.271,0.217,55.3639752192564,7.29602774207254
"36095",0.0510248966,0.0002903319,6.7744120778,3274,0.0590627864,0.0253232759,10265.43,8.5,0.1646052996,4.221350771,4.3691309485,0.2081318536,0.1302214941,0.1432542598,0.353587217,0.2241988872,0.4939082109,0.0013184552,0.000289417,0.341,0.238,41.8329257304672,16.0895868194105
"36097",0.0482618477,0.0005615769,8.4236536194,4398,0.0552763819,0.0262237762,12035.63,8.2,0.1693711125,4.072730495,4.4972950543,0.2279156298,0.1267855823,0.1475476819,0.356530758,0.2170787594,0.6671209726,0.0016748548,0.0006141134,0.32,0.241,48.6854917234664,20.5977080368512
"36099",0.054569494,0.0002645814,11.171213547,4495,0.0639348711,0.0288419519,11508,8.4,0.1867697349,4.2381528528,4.5509646229,0.207649876,0.1285773642,0.146230361,0.3984800899,0.2369546927,0.6831579246,0.0018075802,0.0005539359,0.337,0.253,72.3313165277058,12.7068529035159
"36101",0.0515960063,0.0005976158,10.589333082,3505,0.0616753605,0.0245034697,9754.82,8,0.1741997526,4.1478829204,4.6657620331,0.1982612754,0.1265662829,0.1476619384,0.3498052285,0.2081819654,0.5674310536,0.0018267986,0.0010334461,0.316,0.229,67.5221808614851,17.1429371099107
"36103",0.0518142269,0.0007198966,6.7723101908,3832,0.061353726,0.025611546,12839.09,9.3,0.1419448182,3.5428565248,3.997320131,0.2115395586,0.1062726665,0.1213921695,0.3815543147,0.1483184925,0.9333665919,0.0026635735,0.0009519996,0.276,0.217,42.3062716847847,8.84483120023231
"36105",0.0628775211,0.0003446813,10.605578534,4066,0.0752886836,0.0292466218,11197.8,8.3,0.1977430433,4.5966618187,4.360244151,0.1879319068,0.1384687494,0.1410281426,0.4222231217,0.2399187871,0.6681238475,0.0018940899,0.00051657,0.329,0.251,39.25339166946,14.9956777164229
"36107",0.0426972211,0.000311184,11.617534178,4462,0.0505893212,0.0209986452,9880.66,8.7,0.1535903237,3.9352094582,4.4770761768,0.2144751647,0.1210370703,0.1417040367,0.3989186163,0.2131714833,0.650992665,0.0013591433,0.0006589786,0.299,0.222,51.8431985179758,12.4423676443142
"36109",0.0467264586,0.000812292,10.178117048,2649,0.051930224,0.0274486955,8946.54,8,0.1345097946,3.5045989427,4.3998154352,0.2210263925,0.1043492193,0.1267736797,0.3283307696,0.1661054601,0.862126344,0.0037064781,0.0012063078,0.269,0.184,60.7781564612735,13.3973355640442
"36111",0.0589535305,0.0006757784,9.5172126393,3839,0.068626142,0.0269950861,10916.64,8.1,0.1562053298,4.0321682343,4.4053100965,0.2131627129,0.117480711,0.1342227034,0.3716867633,0.1800197609,0.8213136942,0.0034322701,0.0005935084,0.285,0.221,57.1280867897387,15.7336370175018
"36113",0.0433339442,0.0011729013,12.041786563,3365,0.0502987651,0.0216815624,9666.82,8.2,0.1539073307,3.8840557633,4.2022777145,0.222506592,0.1168274616,0.1325589866,0.3516887779,0.208282461,0.9804739221,0.0038123395,0.0023029643,0.284,0.209,104.70658713828,11.4604224728466
"36115",0.0507008133,0.0003594536,9.4765048036,3440,0.0595922783,0.0235143224,10080.63,8.5,0.1820114547,4.241959952,4.5993155561,0.2144703495,0.1274512857,0.1420936808,0.3786174816,0.2453993275,0.6604182485,0.0014052976,0.0005555828,0.326,0.239,67.7569710448234,14.7535340178245
"36117",0.0426031393,0.0002669099,10.453969172,5464,0.0504538024,0.0215277074,12299.98,8.6,0.1635112126,4.2557086959,4.5880502411,0.1824601222,0.1276674022,0.1468121716,0.3955951085,0.2283109688,0.6189267585,0.0010437023,0.0004996447,0.308,0.241,86.1425585082485,12.6243404710364
"36119",0.0573622449,0.00138087,8.6511091404,3165,0.0698284414,0.0243585373,11417.45,9.3,0.1371578715,3.3173112915,3.6903568728,0.1904627095,0.0983980913,0.1086432413,0.3667872543,0.1259732018,0.9962111993,0.003870353,0.0008309116,0.213,0.206,42.6416447196062,7.48038553286544
"36121",0.0440698827,0.0002759728,15.303946411,3888,0.0517673888,0.0219594595,9840.29,8.4,0.1761662789,4.3318842971,4.554449349,0.2250770465,0.1289402645,0.1431491492,0.3841403313,0.2273939079,0.6900011861,0.0021454409,0.0005987277,0.317,0.232,70.346456297264,17.586614074316
"36123",0.082815735,0.0005218159,12.443302693,3415,0.0959375717,0.0503701029,9915.15,8.9,0.1571834288,4.0400452689,4.5440641298,0.1985588316,0.1239983419,0.1428121912,0.3310446225,0.1868716868,0.4936089632,0.0012076809,0.0007246085,0.298,0.247,128.800279067271,13.4166957361741
"37001",0.1476081258,0.0004188568,9.6750025072,4522,0.1819416782,0.0582643121,10462.68,7.1,0.2100531998,4.0987792422,4.6754200957,0.1792018804,0.1338185918,0.1495604302,0.3824196922,0.2095516257,0.8032766276,0.0013578793,0.0007450311,0.359,0.245,55.1951444042965,13.2074095538852
"37003",0.1360278599,0.0002400192,15.467904099,4417,0.1618682929,0.0632631852,10799.29,7.3,0.2116431975,4.4835193259,5.0167516424,0.1991086667,0.1410862352,0.1595480928,0.3614652076,0.2413954047,0.204338943,0.0004283458,0.0003748026,0.337,0.234,56.9947725107088,16.9203230891167
"37005",0.1950444727,0.0010774894,11.67280237,4395,0.2274529237,0.0894056848,10609.31,7,0.2465254262,4.822518789,5.2453751201,0.1731968297,0.1569644119,0.1721442896,0.3637274739,0.2521826331,0.2674137158,0.0022399427,0.0005375862,0.342,0.259,44.7868147617341,50.7583900632987
"37007",0.1328777099,0.0004090649,10.226621942,7144,0.1633640902,0.0481511581,11872.06,7.6,0.2589109984,4.6802926718,4.990934738,0.1554236611,0.1518070904,0.1624195275,0.4188548773,0.2497393111,0.0618969868,0.0010451421,0.0003215822,0.4,0.291,28.602560610188,14.9822936529556
"37009",0.1649135228,0.0005146491,8.4549498217,4255,0.1946184792,0.0697100555,10440.17,6.8,0.1945378617,4.1828891521,4.8174308956,0.1932448225,0.1327840753,0.1537081487,0.3516289961,0.2209020396,0.5936732524,0.0016599653,0.0007746505,0.337,0.222,133.778443260758,23.3191781830678
"37011",0.1916345032,0.0002847867,19.365495244,2256,0.2199839762,0.0901574803,10230.02,7.7,0.2064531003,4.3076683821,4.7992058405,0.1913683711,0.1376437464,0.154255355,0.3582525341,0.2297942291,1,0.0042273636,0.0005141388,0.336,0.219,62.6983071457071,22.7993844166208
"37013",0.1441317776,0.0004681449,11.490828616,3549,0.1742599445,0.0596905708,9943.69,6.9,0.2159845739,4.2859075173,4.823835084,0.1698569183,0.1380492813,0.1579510438,0.3906704182,0.2183588961,0.5313553466,0.0013381763,0.0006797086,0.359,0.245,46.0516061383249,17.712156207048
"37015",0.1255553853,0.0001583364,26.389402016,4514,0.1504986401,0.047920434,11364.27,5.3,0.2702113629,4.7017094151,4.9021989312,0.1480011258,0.1565668418,0.163939754,0.4285624165,0.2467284449,0.3319236914,0.0004730369,0.0007358352,0.432,0.307,59.9805945135397,58.2164593807886
"37017",0.1614259154,0.0002139234,12.835401259,4912,0.1933024775,0.0720213397,12145.57,6.8,0.2617374042,4.858727403,5.2241253729,0.1481233225,0.1598857031,0.1715010978,0.3880385831,0.2501494285,0.363256607,0.0006929798,0.0007532389,0.397,0.28,53.631239691165,11.1310120113739
"37019",0.134547849,0.0004411147,7.8420389301,3021,0.1568065479,0.0561596696,10162.94,7.4,0.1691937333,3.6064533583,4.3600603946,0.1911314575,0.1164151107,0.140089733,0.3491062765,0.1928449762,0.7900978302,0.0008921781,0.0008409875,0.314,0.2,52.0295004934637,16.7987624911631
"37021",0.145720003,0.0014127592,13.093866175,2912,0.1703100745,0.0650682134,9689.44,7.2,0.1639150425,3.8046646116,4.6144615253,0.1840160936,0.1155151,0.1361465407,0.3095664338,0.1801656016,0.7499601373,0.0061288368,0.0023465572,0.297,0.183,86.7600357757559,20.1589494890727
"37023",0.1547370859,0.000596784,13.593413273,2763,0.1850334511,0.0550880334,9727.51,6.6,0.2166532435,4.5031104949,4.8050198084,0.1710769228,0.1434820525,0.1587826781,0.3727288323,0.2347195707,0.6620248152,0.0027992299,0.0008961961,0.327,0.264,78.5152146266841,16.5877214000037
"37025",0.1118582725,0.0008639289,10.441065728,4989,0.1360113022,0.0558897899,10893.86,7.9,0.1674173162,3.6084661938,4.2673336026,0.1815471975,0.1106219266,0.1318674309,0.348591312,0.1878744466,0.7950800793,0.0026450019,0.0011923801,0.309,0.218,25.8750542914086,10.7812726214202
"37027",0.152835719,0.0004502422,13.142203509,3553,0.185189002,0.0565446265,11563.57,6.3,0.2219282913,4.5437353053,5.0442019258,0.1732164752,0.1444414386,0.1639887227,0.3665839922,0.2497643263,0.6377651182,0.0006095405,0.0007558303,0.344,0.235,59.2756194505231,15.0219035593791
"37029",0.1123645211,9.20217e-05,9.2021717125,4540,0.1320297105,0.0615563298,9931.86,8.5,0.1783672354,3.8544179545,4.5460850319,0.1897598632,0.1206978934,0.1446110065,0.3621847301,0.2019180088,0.371743487,0.0003734827,0,0.31,0.217,30.7115874819569,18.4269524891742
"37031",0.1343423861,0.0007340981,12.378909792,3699,0.1562404483,0.0643615747,11132.46,7.3,0.1746981252,3.891137729,4.7123237436,0.1972813577,0.1184785714,0.1423200206,0.3519227283,0.1939710513,0.8920549429,0.001596571,0.0011219147,0.317,0.196,64.7311260818489,23.0155114957685
"37033",0.1327683616,0.0001769598,13.271987259,6228,0.1562371853,0.0656833372,12036.83,7.6,0.2263492974,4.3192295957,4.7580039825,0.1715778205,0.1403236805,0.1570439779,0.3767085883,0.2350310725,0.3378725916,0.0002643405,0.0008811349,0.365,0.254,81.1868034541294,19.1896080891579
"37035",0.1544909247,0.0006580968,13.72601864,3237,0.1831226948,0.0785892116,10468.48,7.2,0.1883861014,3.886250361,4.590774419,0.2026391427,0.1248842278,0.1455604198,0.3757939882,0.2037063322,0.7144106557,0.0021115397,0.0014938356,0.299,0.22,76.2784476813442,18.5994023113415
"37037",0.1399691469,0.0009534041,9.9368873372,2437,0.1645310597,0.0735313105,8921.61,8.1,0.1622917814,3.4737797423,4.2016382912,0.1911198698,0.1082901939,0.128123199,0.3376373405,0.1684951488,0.6341390442,0.0012305336,0.0003828327,0.312,0.189,82.8270437013391,12.9836987423721
"37039",0.166352089,0.0004194044,10.135607437,3132,0.1960549114,0.071487433,9755.07,7.3,0.2038331237,4.4787442691,4.8891681734,0.1878796795,0.1377051405,0.1606296502,0.3766120446,0.226001177,0.9863722489,0.0014445267,0.0009160413,0.327,0.235,92.9497606543663,30.2086722126691
"37041",0.1178480765,0.0008606469,12.192498028,2969,0.1402511566,0.0562192551,9002.94,6.4,0.2297243717,4.4091102418,4.9161720905,0.1698751215,0.1433897206,0.1584638482,0.3765983741,0.226510307,0.5186236734,0.0009979329,0.0006415283,0.38,0.253,117.261349223443,100.509727905808
"37043",0.1722905915,0.0005342356,13.355889947,2339,0.2006619056,0.0848516398,9392.8,7.7,0.2030613132,4.2569673705,4.8575161026,0.1835047943,0.1354412952,0.1564311585,0.3578888127,0.2248750183,0.9969774251,0.0012568453,0.0011670707,0.321,0.216,79.7047970479705,29.520295202952
"37045",0.1362700806,0.000490061,18.275189643,5770,0.169288204,0.0485623003,10860.84,7,0.2287888434,4.630722135,4.9825901095,0.1711782041,0.1476159385,0.164168499,0.3853612264,0.2398061478,0.5534574522,0.0013518357,0.0013415946,0.374,0.256,68.5612656002335,14.934137061437
"37047",0.1662905362,0.0003242776,8.1069395402,6087,0.2054812924,0.062291149,12077.15,7.2,0.263214435,4.7614001796,5.083551105,0.1566404278,0.1587816599,0.1716107842,0.4105416841,0.2619931334,0.459069159,0.0012397808,0.0008983919,0.416,0.281,34.3545266609208,10.2460868988711
"37049",0.1290046212,0.0007147123,12.238224381,3398,0.1556722087,0.0608438327,10930.82,7.1,0.1902582023,4.0019222685,4.5106796673,0.187327306,0.1244666654,0.1406361217,0.3898302569,0.1969764498,0.8078063862,0.0021280317,0.0010397233,0.338,0.215,59.7484687414295,15.998223870656
"37051",0.124959217,0.0007660003,9.2694979866,5103,0.1583880756,0.0457325053,10211.18,6.4,0.2192655176,4.4053206489,4.4663891324,0.1690626439,0.1354423988,0.1461908005,0.4201820573,0.1937712706,0.7720477975,0.0032768634,0.0018866789,0.375,0.247,31.5673225433503,16.8292665925117
"37053",0.1269567467,0.0003241725,9.7251737925,5466,0.1473555309,0.0712603987,10394.49,8.5,0.1707630651,3.794433997,4.5816781176,0.1973019555,0.1183633649,0.1430552407,0.3480352869,0.1983297099,0.5471185289,0.0002955083,0.0001846927,0.318,0.203,44.1069534015998,19.0732771466377
"37055",0.1364681296,0.0005404091,14.591045421,2298,0.1574806751,0.0718147789,9149.63,7.6,0.1511094321,3.4122650819,4.2109325201,0.2196380814,0.1060405528,0.1311510823,0.3252212723,0.1748811855,0.7075471698,0.0016711871,0.0007123093,0.283,0.184,64.8315729760393,17.1083317575659
"37057",0.1459044432,0.0002625157,10.440966774,4471,0.1774188688,0.0603806782,11055.23,7,0.2001562071,4.1608422245,5.0383440503,0.164454103,0.1357828076,0.1566336374,0.3649249767,0.2202616694,0.6871769054,0.0010023167,0.0005401707,0.341,0.235,53.4305809632203,16.6846423825669
"37059",0.13040234,0.000466788,9.8025486627,3256,0.1525698755,0.0706800684,11152.98,7.4,0.17747497,3.7881238411,4.5182298558,0.194328369,0.1208076546,0.1440908241,0.3600370616,0.2054682451,0.4790737148,0.0006318302,0.0007020336,0.32,0.211,54.3204128351375,12.4160943623172
"37061",0.2162483003,0.0002213105,9.5333753256,4173,0.2715065171,0.0841306967,11818.53,7.2,0.2904998624,5.12816965,5.1587590451,0.1464172733,0.1696370618,0.1742849485,0.3894418416,0.254290374,0.294897872,0.0006966155,0.0007136061,0.394,0.284,44.2199431943807,11.905369321564
"37063",0.1395045632,0.0012659882,10.482506345,3811,0.163836398,0.0662455869,9826.54,7.7,0.1729358659,3.4998183769,4.0803441744,0.1624367761,0.1101285866,0.1241894353,0.3667846796,0.1515084481,0.8958805921,0.0059449578,0.0023962947,0.356,0.208,62.2454126373723,8.2855790532276
"37065",0.1206184529,0.0003302767,11.462542742,5151,0.1514382991,0.0410176532,10354.88,6.6,0.27703521,4.9261401437,5.1210974834,0.1387363026,0.1637847744,0.1726507909,0.4254977673,0.2552595606,0.5850190975,0.0005576387,0.0005768676,0.401,0.292,53.1411610695631,12.9612587974544
"37067",0.1415851094,0.0011666383,10.646228698,4070,0.1766294868,0.0518355623,10787.3,6.9,0.1875068852,3.8468528784,4.4387121969,0.1511170889,0.1219347879,0.1413261259,0.3764592108,0.18653865,0.8048393076,0.0028541357,0.0024558229,0.332,0.208,59.9875833561088,12.2245439153642
"37069",0.1376816744,8.61017e-05,8.1796656382,4468,0.1645011209,0.0657195879,11468.35,8.2,0.2069379419,4.2266140184,4.6999801011,0.1749513138,0.132409157,0.1490316221,0.3828165446,0.2128247208,0.6121183127,0.0009917111,0.0002220249,0.355,0.234,54.9965567373173,16.2598515571199
"37071",0.138590874,0.000574536,13.183152288,5189,0.1699469375,0.0541590185,11398.68,6.9,0.2067571035,4.1747832035,4.8447947795,0.1729220544,0.1335946424,0.1533430641,0.3760617381,0.2248231238,0.7211115748,0.0023379374,0.0010231281,0.321,0.239,49.7074678422359,18.8443236297432
"37073",0.1175693527,0,10.378827193,5018,0.1373125551,0.0611570248,10346.65,7.3,0.1947764273,3.9540429371,4.6886685844,0.1809283952,0.1248574514,0.1484126409,0.385408167,0.2154534538,0.2886775437,8.6408e-05,0.0005184481,0.386,0.248,52.0246249891615,43.3538541576346
"37075",0.1902949572,0.0002369388,14.21632508,2485,0.2284796574,0.0835253456,10613.44,7.3,0.2274935682,4.7840836834,5.2585198764,0.1817481945,0.1515031227,0.1709256304,0.3663104787,0.2588672553,1,0.0009429514,0.0007072136,0.334,0.235,86.617583369424,59.0574432064254
"37077",0.1320406675,0.0004632464,11.746604239,4383,0.1586659345,0.0579378843,10087.73,7.6,0.2072609638,4.087079018,4.6004150749,0.1706783243,0.1296456032,0.1453471244,0.3752865355,0.2109867691,0.59181187,0.0033934958,0.0006986609,0.345,0.238,54.6828395307218,13.2564459468417
"37079",0.2074806884,0.0001423893,7.5940955907,5190,0.2551826717,0.0827227606,10288.94,7.7,0.2717306157,4.8648913555,5.0044867202,0.1567961594,0.1595755504,0.1656453122,0.3991883954,0.2505458146,0.3952345286,0.0001903674,0.0004759185,0.387,0.291,39.6768715580314,53.9605453189227
"37081",0.1314076729,0.000780008,11.150949227,4000,0.1623036485,0.0495498074,9903.45,7.6,0.1864948202,3.741732235,4.4950175398,0.1724820848,0.1192939202,0.1360351072,0.3784462328,0.1848700648,0.9034389422,0.0027938614,0.0012367193,0.358,0.219,62.8038960756874,11.6671269389617
"37083",0.1502293578,0.000519896,11.197760448,5711,0.1835944633,0.0617548435,10526.93,6.8,0.2882858878,5.0629304949,5.1750647656,0.1454617505,0.1671627744,0.1743089437,0.4233580836,0.2608348925,0.5411493664,0.0014632024,0.0008106932,0.432,0.299,77.3008669692063,16.6596696054324
"37085",0.1507843086,0.0002868153,7.501323763,5131,0.1906031778,0.0591611603,12143.48,7.5,0.2129793158,4.2441339384,4.798384551,0.1834448359,0.1351719174,0.1497146787,0.3702273002,0.2041846627,0.5549015504,0.0009238977,0.0008195866,0.41,0.255,37.0781440301733,13.0141830039681
"37087",0.1242932995,0.0007381613,15.405106151,4463,0.1462546605,0.0563909774,10163.23,7.6,0.1710219684,3.8920308781,4.6788538199,0.1922937733,0.1236112432,0.1466632877,0.3698593049,0.2087091124,0.8638627278,0.0038243695,0.0005486437,0.341,0.21,111.075509986116,21.8946918722632
"37089",0.1466278731,0.0009197987,10.645817897,2356,0.1750696141,0.0645189607,10034.81,7.5,0.1693613389,3.7688676736,4.2555512029,0.1981119227,0.1165458278,0.1349141927,0.3408680159,0.1848109928,0.8974798576,0.0018587042,0.0012077295,0.344,0.198,117.410169876067,20.1355605343014
"37091",0.1362029399,0.0006757613,14.359927356,4557,0.1670568562,0.0498188406,10367.85,6.6,0.2687370788,4.6608731965,4.8621365975,0.1385276152,0.156465111,0.1638021845,0.4226007994,0.2397846795,0.5932952288,0.0020710935,0.0010989475,0.414,0.293,69.5587984782238,62.4609618988132
"37093",0.1652262646,0.0001991527,5.6124850635,5560,0.2091657225,0.0656378328,12301.98,7,0.2369426561,4.4617061633,4.7601215815,0.1578528073,0.1441981809,0.154954782,0.3855131298,0.2224969062,0.2091923667,0.0011686509,0.0006938865,0.4,0.255,21.1062064307596,13.8697927973563
"37095",0.167561121,0.0002025522,8.1020862872,2597,0.1954474097,0.0821759259,10672.5,4.1,0.2398195265,4.5219960885,4.8324917985,0.1779264259,0.144083852,0.1555074521,0.3880034012,0.2394266219,0.6481927711,0.0001912046,0.0009560229,0.368,0.274,39.9733510992672,0
"37097",0.1281924762,0.0007260486,11.385762846,4509,0.1533923834,0.0629291149,11199.98,7.9,0.1698559105,3.6202115089,4.4430717068,0.2171747548,0.1152390417,0.1384511313,0.3425362436,0.1924295446,0.6667774732,0.0018774344,0.0012385462,0.312,0.193,49.4495532141294,15.9337449245528
"37099",0.1915437371,0.0008420957,12.062451636,3445,0.2237911674,0.0853724119,10048.37,7.6,0.1907987211,4.2206359885,4.9061755631,0.183524516,0.1329480628,0.1535383145,0.3648775027,0.2180405594,0.9950584788,0.0046391396,0.0011309345,0.35,0.215,63.9766028423891,16.7557769349114
"37101",0.1451518349,0.0002770626,8.4551851303,5064,0.1810509442,0.0606099554,11823.65,8.2,0.2021883095,4.1247466165,4.6214034703,0.1891602443,0.1266593549,0.1456769903,0.3561229686,0.2029018112,0.6960172432,0.0009621315,0.0007055631,0.346,0.232,29.9239168497119,12.4152420972209
"37103",0.1747185407,0.0005308419,7.4317868139,5160,0.2061395349,0.0747986191,11418.16,7.3,0.2504925159,4.7805021044,5.2409305462,0.1624926705,0.1566566281,0.1717456249,0.3863502924,0.2494937327,0.4842903575,0.0004150669,0.0010376673,0.407,0.278,84.7876775241998,70.6563979368332
"37105",0.1594283446,0.0005827223,15.377393613,4984,0.1978277091,0.0648334002,10835.93,7.2,0.2279060337,4.3573296948,4.7266236191,0.169135707,0.138322947,0.1515331113,0.3765711751,0.2104801954,0.7985863892,0.0015947406,0.0011065547,0.341,0.236,56.5781532890766,12.3933097680835
"37107",0.1494431969,0.0004647089,14.834938962,5913,0.1866049791,0.0524848678,10903.44,6.1,0.2620334114,4.8887008313,4.9612980104,0.1601017783,0.1567602529,0.1677493251,0.405452243,0.243409909,0.5376418186,0.0013934543,0.0008217808,0.406,0.288,41.1584001908795,12.5264696233112
"37109",0.1295904005,0.0004761296,12.890339213,4615,0.153148855,0.0632784463,10655.72,7.6,0.188380562,4.0148382553,4.6964435264,0.1955593504,0.1266618957,0.1489354139,0.3606184769,0.2167033477,0.6910240848,0.00056106,0.0007281843,0.323,0.218,50.7795238353658,18.6062377412027
"37111",0.1481270474,0.0003059708,14.205787219,3222,0.1783971328,0.0606287425,10658.44,7.5,0.2081341817,4.4070168398,5.0623724171,0.1777958681,0.1401353815,0.1615209658,0.3637873748,0.2380321807,0.8462974487,0.0016920474,0.0010547828,0.34,0.24,60.5640483053012,17.5124958955088
"37113",0.1817678027,0.0006135312,15.338278766,1745,0.2137931034,0.0895102826,8576.51,7.4,0.1942212269,4.1367429862,4.8729210057,0.1820667449,0.1297327912,0.1503271468,0.3351813533,0.2057019573,1,0.0021538898,0.000821879,0.326,0.222,89.6048984011126,17.7343028085535
"37115",0.1338339223,0.0006435302,9.6529533441,4063,0.1584289133,0.0556119858,10812.39,7.2,0.1948933916,4.2252040865,4.8430410606,0.1922437923,0.1335732871,0.1542332092,0.3539283146,0.2187008442,0.6272394529,0.0016541837,0.0004594955,0.322,0.212,79.6837169389194,73.5542002513102
"37117",0.1298469236,0.0004010695,15.59714795,5924,0.1575903614,0.0522420549,11245.27,7.4,0.2434811228,4.6109945559,5.1019044861,0.1619210516,0.1479942757,0.1649548739,0.3983142729,0.2403085462,0.5173229953,0.0009262935,0.000617529,0.381,0.282,40.1254291191725,71.3340962118623
"37119",0.1317518572,0.0008880035,9.2492858146,3750,0.158264483,0.0603853173,9998.13,8.2,0.1520564244,3.0942744913,3.5795442533,0.1809498059,0.1008353147,0.1166299648,0.3542805205,0.1486891258,0.9225382437,0.0028860016,0.0017542721,0.292,0.2,28.9511406749426,9.30036643443752
"37121",0.1456857402,0.0006014435,18.043303929,2762,0.1730469219,0.062633452,9882.54,7.6,0.1947712988,4.1828913183,4.7938055444,0.1860308016,0.1333825995,0.155545096,0.3439085191,0.2219586087,1,8e-04,0.0016666667,0.306,0.218,84.7363139703423,24.5289329914149
"37123",0.1734949217,0.0002208074,8.8322967652,4144,0.2121212121,0.0742233417,11487.94,7.5,0.2422026891,4.639529831,4.9799923242,0.162751418,0.1476829369,0.161639231,0.3760631031,0.2360969813,0.7282538312,0.0012100766,0.0005867038,0.351,0.266,59.9887368085992,13.4668592835631
"37125",0.1200945503,0.0011300555,12.291831879,3498,0.1423710407,0.0643905495,10095.26,7.7,0.1718369969,3.6652375172,4.4040775514,0.1925585588,0.1136460994,0.1342667514,0.3465801555,0.1816216096,0.6933153535,0.0023003182,0.0016720375,0.305,0.19,89.7944631149435,16.176208428795
"37127",0.1260777461,0.0005196293,12.195380602,5688,0.1534801372,0.054029695,10651.38,7.6,0.211562461,4.1944369488,4.654565721,0.1582875888,0.1345405976,0.1484841885,0.3846389955,0.2070760555,0.4643989983,0.0011700136,0.0010423758,0.384,0.254,70.6282025475593,14.8319225349874
"37129",0.1217723784,0.0009212148,9.553338764,3243,0.1443117015,0.0484627175,10483.42,7.2,0.1642060865,3.6905036005,4.4451454003,0.2001992136,0.1130046627,0.1366680521,0.3436464108,0.2006403142,0.8932139914,0.0040770814,0.0019244513,0.277,0.191,69.0969062784349,15.497042766151
"37131",0.1295124674,5.13268e-05,13.858235385,5126,0.1544246923,0.0517598344,11113.6,7.8,0.2716823705,4.7904968384,5.0745805399,0.1566524299,0.1583861327,0.1681782616,0.4241294805,0.2534226249,0.1891940812,0.0005082334,0.00030494,0.405,0.292,108.160076913832,22.3187460298384
"37133",0.1058403193,0.0003384898,6.6687548626,4047,0.1338113714,0.0423481368,11190.27,6.4,0.2028914991,4.1428859658,4.6074827522,0.1835897394,0.1287756317,0.1469124684,0.4049555627,0.2019333192,0.4854814031,0.0021296723,0.0009864278,0.337,0.23,27.6867857309645,21.6824225603939
"37135",0.1047829575,0.0018790916,10.237344756,2458,0.1216671186,0.0566504902,8661.31,8.4,0.138460342,3.2189256002,3.9965920494,0.1930767644,0.0995560679,0.1186848464,0.3114151367,0.1507223611,0.8409877355,0.006327597,0.0022804002,0.272,0.164,50.4982190360251,9.2429775914153
"37137",0.1456702544,0.0003143171,9.42951438,3439,0.1648177496,0.0827763496,10163.7,7.8,0.2062652858,4.274336091,4.6909751332,0.183292309,0.1347271027,0.1509530821,0.3703813961,0.2204691789,0.5486153378,0.000789266,0.0004735596,0.339,0.234,81.3413450184986,89.2130880848049
"37139",0.1216006216,0.0006277622,12.304138208,5433,0.1495001785,0.0499329759,10667.68,7.1,0.2132848673,4.2356557377,4.858394868,0.1592545855,0.133920537,0.1511318873,0.3785085608,0.2101182447,0.6880057057,0.001967759,0.0014127501,0.385,0.243,63.4205365711186,16.6896148871365
"37141",0.1339852428,0.0003171583,8.2461148113,3266,0.1598394232,0.067529428,10610.62,7.7,0.1820353108,3.9344414785,4.471048061,0.1881024483,0.1234096505,0.1426867578,0.3634476336,0.2062011447,0.6019878584,0.0008526109,0.00048261,0.309,0.223,62.6668702901108,22.6443312813005
"37143",0.1281601486,0.0001485553,11.141647478,3875,0.1494696239,0.066796875,10405.48,7.8,0.2087847371,4.2793384354,4.855497819,0.1764838181,0.1373955852,0.1554591872,0.3745097916,0.2268199256,0.2067196908,0.0004470273,0.0002980182,0.344,0.229,86.3089366739002,81.3769974353916
"37145",0.1272995321,0.000379843,14.180805267,4539,0.151340914,0.0586475165,10633.21,7.5,0.2158638288,4.3876824724,4.8939481826,0.1704477449,0.1383111292,0.1561538563,0.3824944611,0.2248727057,0.5177630245,0.000885919,0.0010631027,0.367,0.247,95.0202653840332,21.022182607087
"37147",0.1195563245,0.0011176152,9.6269821071,5424,0.1440626507,0.0487238979,10535.33,7,0.2023072892,4.0653491675,4.5453947138,0.1651850136,0.1303990854,0.1485202365,0.38053222,0.1964749792,0.7197231011,0.0035683716,0.0017341619,0.358,0.235,35.6893189594908,11.4058648221053
"37149",0.1408642152,0.000627292,17.371163868,2917,0.159785225,0.0781575037,9835.59,8,0.164909323,3.6662461319,4.4528040808,0.1952290584,0.1139420236,0.1374215818,0.3363372455,0.1839376479,0.6731350561,0.0018436757,0.0007277667,0.322,0.201,120.259761083941,22.448488735669
"37151",0.1740323885,0.0004802773,10.997654298,4100,0.2154281886,0.0640471991,10807.92,7,0.2117167429,4.1664621411,4.7540725287,0.1761351507,0.1377911572,0.1580618518,0.3427083323,0.2262011151,0.6130636605,0.0010045273,0.0007185161,0.357,0.238,62.3298383826681,18.5367549093437
"37153",0.1465541731,0.0002899909,14.722612595,6401,0.1839384373,0.0525103197,12126.1,6.2,0.2660674993,5.0824895374,5.266240727,0.1592601002,0.1626341556,0.1732462121,0.4028859009,0.2582024496,0.3909174725,0.0016040279,0.0004455633,0.367,0.269,52.9661016949153,10.4440200525185
"37155",0.1850309865,0.0004210526,11.177033493,7296,0.2382307119,0.0612752626,12179.55,6.6,0.3124070507,5.73329848,6.0194299519,0.1538868669,0.1941997463,0.1959399494,0.4128109814,0.2999542992,0.4483557927,0.0018887818,0.0011454059,0.442,0.307,31.595979156846,12.4855078926246
"37157",0.1371526558,0.0003735853,14.943412812,4968,0.1649735727,0.0563253172,10683.55,6.9,0.2242298581,4.5693043141,4.9937714596,0.1740366404,0.1444360706,0.1621418929,0.3628613085,0.2317193443,0.6539944256,0.0012570294,0.0005292756,0.359,0.251,87.5505980182061,19.4149861714014
"37159",0.1453319134,0.0004081977,14.075784021,4468,0.179406114,0.0560099518,10743.4,7.2,0.2089181981,4.3741500283,4.7559077335,0.1731959794,0.1371465637,0.1519420823,0.3827455194,0.2124714681,0.7928453781,0.0022440571,0.0009981453,0.364,0.254,78.66712066597,16.9075602625368
"37161",0.1375563316,0.0004177296,19.991347029,4219,0.1679644342,0.0527811323,10745.23,7,0.2232183356,4.4809890811,4.999361636,0.1729988731,0.1444720885,0.1629834229,0.3574314865,0.2371306627,0.5688246571,0.0014515308,0.0008828899,0.327,0.25,74.6524926467295,20.4050146567727
"37163",0.2015008118,0.0004249894,13.379295147,6077,0.2511354079,0.0856374808,11634.89,7.6,0.2724134962,4.7716454556,5.1042003243,0.1562019371,0.1589045081,0.1678456401,0.37462727,0.2424371795,0.4741372515,0.0003457706,0.0004715054,0.355,0.287,69.2771558578559,5.2482693831709
"37165",0.1374275873,0.0005456164,11.199494587,5740,0.1750545821,0.0514186594,10765.57,6,0.2811474992,5.1054366022,5.3868678749,0.1499331958,0.1684435823,0.1765326689,0.4086995129,0.2725456176,0.6625826258,0.0017810974,0.0015512784,0.386,0.295,28.7714587129567,9.59048623765225
"37167",0.1461824573,0.0003662071,16.877368404,5526,0.1769243669,0.0645976182,11433.81,8,0.1995810853,4.1400751389,4.9542794861,0.1808479298,0.1328197588,0.1540629767,0.3648040373,0.2229611346,0.6922505571,0.0021908981,0.0007893677,0.384,0.235,45.1839251541569,11.163087391027
"37169",0.1233328634,0.0002412757,8.7736614683,4722,0.1451025141,0.0540355677,12368.71,7.7,0.2021170398,4.3725867934,4.885997308,0.1931516368,0.1362092134,0.1577450802,0.3595642084,0.2267972516,0.5639332504,0.0004618734,0.0006158313,0.361,0.237,81.1397577503088,13.8887873626655
"37171",0.1671826625,0.0005154424,13.512948748,4924,0.2040933987,0.0642986777,11902.64,7.4,0.226908612,4.6112107672,5.0449095981,0.1728054113,0.145998514,0.1632265855,0.3692209309,0.2384590783,0.4878585099,0.0011119142,0.001334297,0.322,0.249,85.8811405015459,15.3193385759514
"37173",0.2233704293,0.0007707939,9.1093826641,3969,0.2650398647,0.1131840796,12567.2,7.4,0.2547885556,5.1425434954,5.536650162,0.1720300169,0.1671532887,0.1823032167,0.3858320433,0.2740453528,0.9704599099,0.0028080028,0.0021762022,0.359,0.245,138.189483546083,25.7641410001171
"37175",0.1589006268,0.0007561437,17.740293733,1784,0.184423676,0.0738916256,9751.52,7.7,0.180068596,3.861495641,4.6575900077,0.1969516086,0.1241400625,0.1476708638,0.3471415075,0.2068507914,0.8971592626,0.0024842905,0.0006137659,0.288,0.206,104.75469941221,14.5492638072514
"37177",0.1630094044,0,14.940239044,4477,0.1968716289,0.0761904762,9328.99,6.9,0.2779342034,5.0137789564,5.1261438313,0.1559210026,0.1618090996,0.1674268941,0.4228022182,0.2612309643,0.5922396188,0,0,0.387,0.282,50.3313480412717,50.3313480412717
"37179",0.1133008008,0.0006962424,8.0880850833,4688,0.1391815375,0.0577135192,10996.2,8.3,0.1602050073,3.4484952282,4.0948186398,0.1830812222,0.1082941293,0.1280970431,0.341871819,0.1714832682,0.6500804801,0.001216576,0.0005213897,0.3,0.198,26.6544870468911,8.60717810889191
"37181",0.1455797019,0.0003817222,14.146177164,4365,0.1837737194,0.0505992011,10547.47,7.3,0.2716998745,4.8464762961,5.0313653182,0.1415230087,0.1611012036,0.1699601943,0.4154615596,0.2477029386,0.7478314473,0.0020860437,0.00116639,0.398,0.287,64.2582284155864,7.47188702506818
"37183",0.1010441146,0.0008724897,9.8762233969,3175,0.1207513111,0.0517102084,10351.02,8.4,0.1355449125,3.1852057639,3.8593195053,0.1830917533,0.0962935711,0.114449931,0.3186485037,0.1434135293,0.9005619356,0.0030165567,0.0011315521,0.281,0.162,33.4498583326564,9.17173534927677
"37185",0.1704845815,5.06817e-05,11.656783741,4912,0.202556347,0.0755879059,9388.31,7.8,0.2583055094,4.6997545348,5.0045465169,0.1545793117,0.1535058233,0.1635159244,0.4163918948,0.2421423385,0.3823192829,0.0005553592,0.000252436,0.419,0.284,79.5800880460549,18.6251269895022
"37187",0.1411875812,0.0003454231,19.861830743,3614,0.1713331212,0.0574514039,10602.81,7.5,0.2689175036,4.8322452531,5.1092487681,0.1490898126,0.1593164453,0.1706993974,0.4061810634,0.2524049719,0.6798457817,0.0010118897,0.0005059449,0.424,0.291,88.7641736341771,74.4473714351163
"37189",0.1308119109,0.0008722431,14.062694697,2166,0.1454678363,0.063128267,11198.65,7.6,0.1867079931,4.1237282776,4.8419074095,0.1865897128,0.1303478712,0.1507931594,0.3332862465,0.2038391112,0.9200845749,0.0040575565,0.0009652337,0.314,0.208,32.0355000800888,15.4245000385613
"37191",0.1540370666,0.0004791645,13.400362216,4492,0.1918112539,0.0605680586,10802.06,6.8,0.2360994319,4.508738771,4.885436495,0.1545628895,0.1432219922,0.1591939534,0.3850084829,0.2210092871,0.4516281611,0.0018580423,0.0011359211,0.389,0.259,33.2121853617968,10.8007106867632
"37193",0.1644215152,0.0004092849,14.032625855,3656,0.1990362187,0.0656862052,10810.54,7.3,0.2286471816,4.6246044682,5.1353989855,0.1671218347,0.1489039461,0.1670169156,0.3752412883,0.2456202974,0.7399480819,0.0018816459,0.0008168385,0.374,0.25,55.6065010828634,20.4866056621076
"37195",0.1614677482,0.0004400924,10.513318908,5766,0.2025195038,0.0559978769,11550.13,7.5,0.2487728007,4.5356955386,4.8042055057,0.1618093381,0.1474003973,0.1603720753,0.396840994,0.2248500866,0.6567939533,0.0016328034,0.0009575839,0.415,0.283,67.2824025934308,11.8253919709666
"37197",0.1533459128,0.0002920328,13.805187565,5147,0.1814307734,0.0749007937,12919.25,7.5,0.2207253419,4.4446793268,5.1293886377,0.1768933096,0.1435332683,0.1630333314,0.3523159034,0.2332494518,0.3296099568,0.000852356,0.0007191753,0.331,0.233,70.8999867062525,17.7249966765631
"37199",0.1572427421,0.0006087775,8.8549449333,2564,0.1845752159,0.0745433117,9655.12,7.6,0.2070651054,4.3438897761,4.9964295001,0.1820766597,0.1393797836,0.1605407553,0.3525558098,0.2348507257,1,0.0018991231,0.0008378484,0.334,0.225,73.9768082706072,22.1930424811822
"38001",0.0947234584,0.0040613718,13.537906137,3013,0.0884648742,0.1126126126,10257.62,9.4,0.1378214729,3.0338972451,3.5432386476,0.2379068658,0.0976961878,0.1152855071,0.3174651682,0.1881491099,0.4212548015,0.0008718396,0.0017436792,0.34,0.252,14.9298297999403,14.9298297999403
"38003",0.0689926548,0.001056169,19.203072492,3741,0.0752840909,0.0530846485,9558.36,8.9,0.1457344694,3.3063146964,3.6649995426,0.2151979724,0.1001963696,0.1180634437,0.3236421471,0.1899502768,0.6388939093,0.0008537279,0.0008537279,0.358,0.221,47.8331579450875,60.5886667304442
"38005",0.1107815771,0,4.3911007026,4739,0.1368421053,0.0745959387,9622.96,6.4,0.2804295726,5.3217295464,4.7520591965,0.2074377326,0.1769307827,0.1720146869,0.4090806141,0.3263273245,0.625975976,0.0005745475,0.0004309107,0.416,0.328,4.86475968087176,4.86475968087176
"38007",0.0898876404,0,0,NA,0.086042065,0.0974358974,5433.23,8,0.1397211926,3.0784194689,3.3462634048,0.2354584058,0.0972227968,0.1114163451,0.3186050145,0.1881866334,0.6704980843,0,0,0.324,0.231,36.5363536719035,0
"38009",0.0840280825,0.0003183699,25.46959567,2385,0.0843113033,0.085214858,9356.19,8.5,0.1451420056,3.202638302,3.5540733061,0.2535992395,0.1024462758,0.1185213558,0.3437831839,0.2055681128,0.5646290247,0.0001559819,0.0009358914,0.366,0.225,42.1496311907271,42.1496311907271
"38011",0.1004682844,0.0003306878,16.534391534,4728,0.0951204447,0.1128608924,12384.53,9.8,0.1430026292,3.2596816297,3.6760152787,0.2349329793,0.1000009992,0.1170709023,0.3233100403,0.1936765922,0.7384957156,0,0.0013003901,0.338,0.243,110.05943209333,55.0297160466652
"38013",0.0677052127,0,23.640661939,2634,0.0687554395,0.0680147059,7324.05,8.6,0.1472176318,3.1496850962,3.5962451115,0.2436367756,0.1019653355,0.1192252385,0.3286679777,0.2012908832,0.4446138211,0,0,0.328,0.222,15.7903047528817,0
"38015",0.0562325612,0.0010771129,15.686110472,3942,0.0623373788,0.0438387083,9069.38,9.5,0.1238489796,2.8378573864,3.5402513831,0.203513418,0.0923297463,0.1105718969,0.3230544411,0.1633889498,0.8529787967,0.0025610614,0.0020887345,0.319,0.204,37.9644109769392,16.7182727237898
"38017",0.0616818697,0.0010224106,10.553915668,3490,0.0671391012,0.0482738931,10207.63,9.4,0.1253503244,3.100694844,3.6018700791,0.2256051241,0.0933537899,0.1100306985,0.312570306,0.1802262419,0.8671433722,0.0027821239,0.0018786223,0.339,0.221,51.3389227595859,16.4430713464866
"38019",0.0633235725,0.0002658161,13.290802764,3485,0.0629296668,0.0664375716,9101.68,9,0.1380830872,3.0938393933,3.5347348069,0.2581944253,0.0993905967,0.1165086266,0.2913271373,0.1947961227,0.664162284,0.0002611648,0.0005223296,0.332,0.241,44.2321302193914,44.2321302193914
"38021",0.0787086446,0.0008210181,26.683087028,2904,0.0792423657,0.0795734208,9103.93,9.9,0.1402564596,3.2885383144,3.5464042483,0.2524022592,0.0991424792,0.1162882491,0.3277608256,0.1890112756,0.7186613727,0.0004079135,0.0030593514,0.339,0.221,124.309392265193,96.6850828729282
"38023",0.101010101,0,30.918727915,3181,0.0966350302,0.1094619666,12033.97,9.1,0.1560732451,3.4517244398,3.7638757912,0.2371810008,0.1079832545,0.122704425,0.3264810719,0.211713544,0.5485272815,0,0.0013140604,0.349,0.26,117.233294255569,117.233294255569
"38025",0.1146393972,0,6.7811934901,1174,0.1027213492,0.1428571429,9163.95,8.7,0.1546875113,3.3847673936,3.4965486459,0.2470819652,0.1064214419,0.1193089227,0.3295374725,0.2075442243,0.3707579186,0,0.0011542013,0.353,0.246,45.382346267302,45.382346267302
"38027",0.0831408776,0,13.117621338,5426,0.0842975207,0.0848375451,7743.53,8.3,0.1630559297,3.5434480607,3.6780790658,0.2411520418,0.1127098473,0.1266395764,0.3216219941,0.2144423189,0.7006289308,0,0,0.376,0.25,14.7514382652309,14.7514382652309
"38029",0.1159671138,0.0006170935,9.256402345,6796,0.1151801536,0.120795107,9116.42,8.3,0.1659909361,3.7482443408,3.8189790627,0.2272454629,0.1144484643,0.1277882072,0.3221441073,0.2166787268,0.0284507042,0,0.0015174507,0.344,0.256,61.7093489663684,61.7093489663684
"38031",0.0638641876,0.000623053,24.92211838,3678,0.0624303233,0.0662905501,9365.53,9.3,0.1400835905,3.1282269813,3.4531190923,0.2270643962,0.0992764207,0.115786972,0.3188758785,0.1830315589,0.6903978462,0.0006218905,0.0015547264,0.362,0.234,10.4264414555312,10.4264414555312
"38033",0.0922213312,0,17.035775128,1816,0.0928725702,0.0906344411,9749.32,6.4,0.1457560387,3.355030665,3.6144061971,0.2405517415,0.1034899761,0.1193312719,0.3121685424,0.1911351527,0.3875,0.004522329,0.0011305822,0.361,0.243,18.9861401177141,0
"38035",0.0638082789,0.0012094858,11.518912615,2812,0.0698355852,0.0483752586,10350.85,8.4,0.158287073,3.4550292475,3.8898891804,0.2160444551,0.1075388352,0.1193314153,0.3148891078,0.193015305,0.8229461121,0.0031227921,0.0016673732,0.345,0.239,35.2881708328962,14.3060152025255
"38037",0.13478819,0,0,6438,0.1274864376,0.1507430998,9732.15,8,0.1610522604,3.5095039433,3.8733030801,0.2263252193,0.1114719671,0.1292644003,0.3199715456,0.2156206867,0.3153717627,0.00084246,0.0025273799,0.36,0.245,14.5708873670407,14.5708873670407
"38039",0.0768229167,0.0004482295,44.82294935,3849,0.0804810361,0.0705128205,13214.13,9.1,0.1438214547,3.2889271353,3.687298547,0.2330819773,0.1021743655,0.1206491069,0.3134474174,0.2012351145,0.444214876,0,0.002688172,0.338,0.223,14.9925037481259,0
"38041",0.1169686985,0,12.004801921,6665,0.1136929461,0.1220657277,8727.73,7,0.1726663115,3.7167932446,3.9893211341,0.2380634471,0.1148461496,0.1316505659,0.3211689705,0.2240960157,0.3593056116,0,0.0015910899,0.359,0.257,13.4210173131123,13.4210173131123
"38043",0.1033916849,0,12.096774194,5929,0.1007518797,0.1089866157,8392.23,5.8,0.1715229874,3.646927982,3.8963400827,0.2197386911,0.1162452833,0.1309091374,0.3401553599,0.228481599,0.1507186858,0,0.0004081633,0.365,0.268,13.5354629128316,13.5354629128316
"38045",0.1085244779,0.0002471577,17.301038062,3496,0.1042677013,0.119205298,9812.76,7.6,0.1630433141,3.3639142194,3.7896339355,0.2385801952,0.1090577963,0.1263999153,0.3187074538,0.2139194588,0.4312635902,0.0002461841,0.0004923683,0.356,0.244,65.892430607034,65.892430607034
"38047",0.1369450715,0,16.216216216,2017,0.1229773463,0.1666666667,8311.29,7.5,0.1563188329,3.43654605,3.7095855797,0.2347948731,0.1080566607,0.1247336669,0.3275409145,0.2151072077,0.1914572864,0,0,0.332,0.246,17.7525297354873,17.7525297354873
"38049",0.0851769912,0,13.925152306,2329,0.08288854,0.0917496444,9805.27,8.1,0.1421283029,3.0468708405,3.627305417,0.2379179736,0.0991679626,0.119202947,0.3211677502,0.2052176929,0.2767377201,0,0.0006877579,0.369,0.231,28.9754288363468,28.9754288363468
"38051",0.1022727273,0.0008009612,24.028834602,5998,0.1003262643,0.1051502146,11093.22,9.1,0.1698827405,3.620649214,3.9323490276,0.2224759556,0.11351148,0.1291608732,0.3191664426,0.2184605101,0.7297970808,0,0.0030947776,0.36,0.269,13.294336612603,13.294336612603
"38053",0.0885533861,0.0001996805,9.9840255591,1149,0.0871743487,0.094207256,8681.15,8.1,0.1558775084,3.3590261939,3.5661601597,0.2189008232,0.1093753295,0.1209795953,0.3329515438,0.2041191055,0.6657232704,7.33568e-05,0.0005134977,0.349,0.246,4.55601621941774,25.0580892067976
"38055",0.0911509381,0.0002116402,15.873015873,2005,0.08633235,0.1049440299,10138.05,8.6,0.146261672,3.2139393012,3.6092061619,0.2411638604,0.103371288,0.1204685693,0.3306110504,0.1977678221,0.2935728632,0.0001048108,0.0015721622,0.354,0.236,38.7228500017601,42.2431090928292
"38057",0.0511294261,0.0007328692,21.986075486,3087,0.0522931847,0.0505561173,10356.49,9.5,0.1375002759,3.1863664673,3.578337884,0.2703453801,0.0973902463,0.1144633543,0.3132223878,0.1895346003,0.7729107312,0.0004838515,0.0016934801,0.356,0.232,32.4833522819555,32.4833522819555
"38059",0.0632055049,0.0004463716,12.753475322,5022,0.0683441732,0.0519410253,9321.06,9.5,0.1443354772,3.1701676617,3.7864540675,0.2326325529,0.0987586198,0.1146075414,0.2995392363,0.1893330312,0.7430017109,0.0002251166,0.0002572761,0.358,0.204,42.5704008003235,17.0281603201294
"38061",0.1435473481,0.0003793267,11.379800853,3874,0.1479464841,0.1372093023,10871.29,9.5,0.1706321721,3.5912424362,3.6413683919,0.2502332739,0.1157207907,0.1270374889,0.35052266,0.2232988085,0.4489769321,0.0005871991,0.0015658642,0.366,0.271,38.3815768431153,38.3815768431153
"38063",0.0809386973,0,24.313997916,2537,0.0789644013,0.0868794326,9237.24,6.7,0.1470129188,3.2959595059,3.5845257057,0.2337705273,0.1029847791,0.1195012692,0.3209155428,0.1958750344,0.3394113884,0,0.000697107,0.346,0.239,11.7137167623287,11.7137167623287
"38065",0.0783532537,0,15.313935681,NA,0.0782013685,0.0775347913,9864.61,8,0.1520606463,3.3958733749,3.6421306742,0.2362262785,0.1052059241,0.1215775474,0.3299706202,0.1998415534,0.4003250271,0,0,0.354,0.238,17.1320884015762,17.1320884015762
"38067",0.0829277789,0.0002940744,29.407440082,4773,0.0847727877,0.081211287,10552.55,9.1,0.1534767122,3.2397238624,3.5865955063,0.2331732075,0.1033303466,0.1209280091,0.3360520345,0.2085526137,0.7467961689,0.0002878941,0.0011515762,0.365,0.254,39.2041556404979,39.2041556404979
"38069",0.0668058455,0.000754717,12.578616352,6164,0.0693119036,0.0632497274,11107.87,8.7,0.1609333871,3.5133382604,3.7565272959,0.2349600314,0.1114613122,0.1272080474,0.3227378093,0.2149795812,0.7167775993,0,0.0017152659,0.345,0.237,108.477970627503,100.133511348465
"38071",0.0729425028,0.000954944,13.890094626,2593,0.0791286241,0.0610909091,10516.54,8.6,0.158642745,3.4994905533,3.6391328285,0.2394236999,0.1089379205,0.1206902282,0.3258427037,0.1993708205,0.7676185486,0.0042679209,0.001219406,0.338,0.255,43.6198673956031,46.52785855531
"38073",0.0661096092,0.0003832886,32.579532388,3900,0.0645051195,0.0705289673,11369.56,9.7,0.1486311772,3.2928413466,3.7275095178,0.2449012251,0.1028720424,0.1198522086,0.3228386298,0.2047558957,0.7075316108,0.000572847,0.0017185411,0.374,0.254,63.9877143588431,63.9877143588431
"38075",0.0668478261,0,0,1488,0.0670685757,0.0690298507,8690.47,8.9,0.1437018574,3.2285908027,3.7073384256,0.2457494593,0.1015881565,0.1206761069,0.3280443953,0.1996125779,0.4963562753,0,0,0.355,0.224,14.3184421534937,14.3184421534937
"38077",0.0692301478,0.0004945293,21.63565556,3462,0.0756217791,0.0556014313,9070.96,9.2,0.1478085522,3.4270724063,3.5816104317,0.2221252371,0.1031369698,0.1203153345,0.3307615003,0.1951159231,0.5755162061,0.0001231603,0.0007389618,0.362,0.231,43.2347854731121,41.1759861648686
"38079",0.1357306684,0.0005643341,5.6433408578,8819,0.1637851392,0.0940594059,10293.07,7.3,0.286196114,5.340767608,4.9593987302,0.2434599792,0.1805498793,0.1749201491,0.3798258752,0.3331067399,0.6400947119,0.0011188029,0.0010488777,0.491,0.332,21.1059518784297,23.4510576426997
"38081",0.0716427857,0,17.957927142,3577,0.0709023941,0.0773672055,9550.67,10,0.1402458567,3.1806504733,3.4872025543,0.2587934311,0.0985260187,0.1136547743,0.3168985796,0.1944843874,0.6171324106,0,0,0.326,0.23,42.8045544045886,42.8045544045886
"38083",0.1244186047,0,38.022813688,2199,0.1279620853,0.1074380165,7917.92,6.5,0.1838099752,3.8980290919,4.0726184291,0.2253702784,0.1213920417,0.137107475,0.342806171,0.2360769723,0.469341408,0,0.0014825797,0.344,0.249,0,25.3871541000254
"38085",0.1228304406,0,0,5015,0.1551198257,0.0739045128,12749.09,4.9,0.3386830529,6.3554657584,5.6645394184,0.1851582709,0.2131527327,0.1940351195,0.4120996372,0.3615722502,0.2280279316,0.0006883892,0.0004589261,0.47,0.381,7.83637645952512,7.83637645952512
"38087",0.1128747795,0,0,NA,0.1045130641,0.1315789474,15036.35,7.7,0.139123793,3.0477013588,3.4458391635,0.246499868,0.0959607648,0.1126405577,0.3170885047,0.1867981974,0.6423658872,0,0,0.327,0.237,0,44.2477876106195
"38089",0.0649604845,0.0006033853,9.8447076757,3128,0.0697224015,0.056614477,8049.71,9.2,0.141411632,3.1403877561,3.4630188002,0.2411213482,0.0993706958,0.1171358437,0.3260657471,0.2022239721,0.7598661102,0.0016130593,0.0009033132,0.279,0.23,41.2292664362056,17.9717315234743
"38091",0.0466760962,0,0,3550,0.0458167331,0.0497630332,11440.51,9.1,0.1210060892,2.8552898446,3.291870659,0.2369827245,0.089271234,0.1086919879,0.308421184,0.1790740652,0.3437974684,0,0,0.338,0.209,17.5963399612881,0
"38093",0.06693953,0.0009176971,14.489953632,1683,0.0726226856,0.052907531,8403.2,8.8,0.1454494808,3.3592454897,3.6046067793,0.214595141,0.1054975941,0.1203987278,0.3104953307,0.2023160203,0.8115165877,0.0033465602,0.0014820481,0.336,0.238,66.002350327597,9.65888053574591
"38095",0.1065927295,0,18.273184102,3139,0.1042204996,0.1141078838,12146.47,8.8,0.1706989677,3.7050468487,3.8218656363,0.2270073745,0.11534165,0.1289393957,0.3340867734,0.21811881,0.6046304541,0.0031934307,0.0027372263,0.371,0.274,15.4106950223455,15.4106950223455
"38097",0.0598112906,0.0003733201,26.132404181,2137,0.0614901257,0.0578158458,10546.81,9.8,0.1373974874,3.0375071071,3.4523601118,0.2562785311,0.095109126,0.1132812462,0.3120648029,0.1868989304,0.6532446743,0,0.0006221227,0.326,0.214,58.2556591211718,58.2556591211718
"38099",0.0961841308,0.0003759045,16.915703411,5301,0.1023983671,0.0837004405,11579.14,9.2,0.171223659,3.5911016326,3.6966840138,0.2421884216,0.1133479732,0.1252562424,0.3424045364,0.2108352383,0.6603111791,0.0002812412,0.0008437236,0.332,0.29,50.4016380532367,15.7505118916365
"38101",0.0746155608,0.0007391966,12.862021555,2642,0.083564781,0.0537990196,9924.76,9,0.1351262861,3.1281662747,3.275647479,0.2172344853,0.0974379478,0.112055951,0.3397238247,0.1870095068,0.7947142278,0.0021846953,0.0012694851,0.365,0.238,38.2632412889807,19.6221750199901
"38103",0.0718518519,0.0010432968,33.907146583,2926,0.0723514212,0.0722291407,9964.89,8.7,0.1566672486,3.3650591209,3.7569741261,0.2446089175,0.1047434665,0.1226138259,0.3224554875,0.2055863387,0.0318516758,0,0.0010108668,0.339,0.245,86.9565217391304,69.5652173913044
"38105",0.0847607016,0.0005586741,12.503657985,2672,0.0872806067,0.0814886674,8742.35,9.5,0.1464697987,3.2154944111,3.5917921231,0.2467924314,0.1002304284,0.1153995117,0.3357867105,0.1954106561,0.7896240736,0.0014144272,0.0007072136,0.354,0.231,29.5595625184747,23.2893522872831
"39001",0.0957642726,0.0004332443,7.2207379594,5753,0.111671606,0.0575326216,14468.3,6,0.2516069027,5.6136081393,5.8149418684,0.155103237,0.1730113506,0.197453629,0.4372963055,0.3031620791,0.4170928196,0.0014427932,0.0007574665,0.417,0.325,40.987064964498,24.1100382144106
"39003",0.0757356488,0.000683921,16.414104405,5078,0.0888586811,0.0458791779,12153.38,7.9,0.1948412311,4.5204871439,5.0413976611,0.1694352851,0.1387045995,0.1621117929,0.4187579235,0.2449846349,0.7583489293,0.0021624149,0.0017922718,0.391,0.28,39.0887118315016,16.9384417936507
"39005",0.1071246758,0.0004300352,18.697180465,4681,0.1116367077,0.0956444011,11010.11,8,0.1852332096,4.3723497783,4.9636791794,0.1773174987,0.1338772575,0.1616449573,0.390040699,0.2363712028,0.6004441183,0.0022141595,0.0006512234,0.373,0.27,36.1165943296947,12.4539980447223
"39007",0.098339702,0.0002982281,12.54614823,5467,0.1115916159,0.0647179721,12869.74,6.7,0.2279467697,4.8917326253,5.4078835513,0.1790360055,0.1548507037,0.1793775283,0.4320078677,0.2753616839,0.7313516656,0.0015180577,0.0004513145,0.417,0.301,78.6274193382249,18.5409635120705
"39009",0.0910777498,0.0007041499,8.2661074288,3469,0.0994385891,0.0585436492,11432.33,6,0.2104802211,4.8322305442,5.2292414023,0.1784437935,0.1529717668,0.17567518,0.4076474593,0.242087516,0.8301187516,0.0052113404,0.0008964113,0.403,0.282,27.9718857119608,12.7144935054367
"39011",0.0591876629,0.0003723497,15.113019099,4106,0.0661039708,0.043854231,10757.84,8.6,0.1595321266,3.7500344005,4.5188746995,0.1960729846,0.119355355,0.1493106128,0.3772365095,0.2292539764,0.7771659884,0.0004803074,0.0004584752,0.371,0.259,61.2512760682514,9.47936415341986
"39013",0.0745554726,0.0003581769,14.177834821,6603,0.0832285171,0.0492530345,11967.49,7.4,0.1899246791,4.4704901675,5.1365139152,0.1907234781,0.1362867996,0.1605800139,0.4033294015,0.2386048146,0.47390625,0.0019109696,0.0009480779,0.391,0.282,49.8894947690865,19.9557979076346
"39015",0.0822647746,0.000230245,6.4468594585,5012,0.0948442239,0.0508325171,12479.17,7.6,0.2024174832,4.6475668836,5.1154437274,0.1816759331,0.1417288701,0.169471121,0.3953268703,0.2470341423,0.4994871337,0.0007109766,0.0004128251,0.376,0.289,42.9289831963694,18.3981356555869
"39017",0.0770835583,0.0005481111,8.1433649846,4730,0.0914550975,0.042535681,12382.81,7.6,0.1684534936,4.3075086374,4.8116987,0.190412618,0.1251783608,0.1506183288,0.3742280198,0.2141185705,0.8416673458,0.0022752355,0.0006904163,0.359,0.256,56.4647833489697,12.5091212342333
"39019",0.0841527446,0.0002229323,14.11904585,3838,0.094365285,0.0566974991,10776.46,8.1,0.1951966127,4.5219300829,5.1929048915,0.1694301853,0.139717073,0.1663646496,0.4176152462,0.252603442,0.3094742683,0.0004431151,0.0001107788,0.381,0.277,45.7399990110271,16.0708104633338
"39021",0.0676126878,0.0002057349,11.829754404,5109,0.0744924978,0.0507051713,11392.47,8.3,0.1842388049,4.3946685131,5.0649255883,0.1874238249,0.1335126384,0.1613361893,0.3897877543,0.2366539942,0.5893208968,0.0010837591,0.0004386644,0.408,0.261,56.6042590416727,18.0104460587141
"39023",0.0851275574,0.000440026,10.441293825,5100,0.1003673107,0.0473193321,11316.66,7.2,0.2085876454,4.8192730711,5.2011455633,0.1703628641,0.1462141446,0.17141108,0.4269266833,0.2622627955,0.8639297926,0.0014711892,0.0005944199,0.367,0.29,43.0069034780901,22.3735336013185
"39025",0.070203547,0.0006636697,7.2180130602,4486,0.0806620977,0.0439601034,12349.58,7.6,0.1659202691,4.1154176171,4.7293398737,0.1912251066,0.1238655194,0.152929348,0.3671512227,0.2235546601,0.7755911696,0.001007466,0.0004088268,0.37,0.264,38.104895025858,17.5992947365192
"39027",0.0710387403,0.0006433473,9.7693480747,4683,0.0808945106,0.0471390755,11099.89,6.6,0.1883422447,4.5968530609,4.9430439266,0.1776195853,0.137242517,0.1626578213,0.4105302464,0.2385744275,0.5192435775,0.0024015027,0.0007133176,0.386,0.273,50.0214377590396,15.8798215108062
"39029",0.0805733352,0.0003631617,15.606136451,5279,0.09368142,0.0451451262,12515.97,7.4,0.2050848919,4.5308833802,5.3197183453,0.174020526,0.1429122456,0.1712508398,0.3896275899,0.2729315558,0.7733051437,0.0010227439,0.0005259826,0.384,0.268,65.1037406842763,18.3206506448215
"39031",0.1055973497,0.0003278689,11.202185792,4361,0.121030001,0.0692858742,12037.7,7.7,0.2183134966,4.815601881,5.5303936917,0.171679085,0.1525173373,0.1811669658,0.3953057253,0.2736194797,0.458009268,0.0007371209,0.00035491,0.396,0.301,35.5586352778132,26.4410364886304
"39033",0.0769015747,0.0003373982,18.556899793,4071,0.0899513776,0.0436055971,11983.95,6.5,0.1991447596,4.6612364687,5.212024904,0.1830092686,0.1418383035,0.1692183716,0.4195655733,0.2532734913,0.8025306048,0.0013718412,0.0008182912,0.379,0.305,43.4146419899986,17.6874467366661
"39035",0.0728464811,0.0011489209,9.0844906208,5050,0.0848357421,0.0392700455,11447.94,7.8,0.1904155985,4.2054103141,4.969249694,0.1961822413,0.1297342332,0.1533703658,0.4485286363,0.2091418105,0.975110966,0.00380108,0.0016464915,0.349,0.231,74.7003085130835,14.7566156578753
"39037",0.0818504461,0.0004695479,16.825465146,3019,0.0928082311,0.0566674705,10718.35,8.1,0.1840217469,4.3017484492,5.0032825451,0.187151953,0.1339253847,0.1635381372,0.4039727243,0.2434050232,0.5039370079,0.0007014399,0.0002922666,0.383,0.272,41.0046797404339,15.6208303773081
"39039",0.0682420787,0.0004988579,15.228293118,5468,0.0767176276,0.0479236813,11495.29,8.1,0.1798908225,4.21000137,4.7156784273,0.1945904615,0.1280366191,0.1537257566,0.3988100951,0.2299926937,0.6404949151,0.0023057775,0.0008646666,0.358,0.281,36.8324125230203,9.64658423221959
"39041",0.0452121442,0.0014533147,8.3661205582,2459,0.0483347035,0.0396853147,10796.69,8.9,0.1175341928,3.1304551625,4.1269427736,0.1936658582,0.0921913214,0.1176729577,0.3644939747,0.1531335991,0.9556063233,0.001215666,0.0005126302,0.316,0.178,36.0126649850133,11.4730614111547
"39043",0.0748435632,0.0008079067,12.522554062,5404,0.0854763538,0.0459517183,11704.81,7.6,0.1838790031,4.2646196192,4.9058566554,0.1777335489,0.129356662,0.1560329255,0.402169743,0.2238340377,0.8548631923,0.0023721772,0.0007907257,0.382,0.248,73.6747529200359,13.0278526504942
"39045",0.0683377775,0.0005711602,10.217421656,4226,0.0786274299,0.0440882278,12361.87,8.1,0.1623916345,3.8729833275,4.5082130644,0.171964979,0.1183999339,0.1455879983,0.403911955,0.2135955691,0.8025465941,0.0012838454,0.0007446303,0.39,0.258,54.7493473412745,12.471859046854
"39047",0.0854510523,0.0003155127,10.166520596,3860,0.0988662684,0.0527323612,10740.3,7.4,0.2174255176,4.8937887773,5.4678977236,0.1699200602,0.1486955575,0.1767135568,0.4212020446,0.2746377653,0.5504650362,0.001116305,0.001046536,0.446,0.312,11.6590882592981,33.8113559519646
"39049",0.0890980677,0.0010381574,9.3639216377,3558,0.1048530719,0.0471703863,11195,7.7,0.1635856625,3.7295921085,4.5608218346,0.1769489043,0.1112923804,0.1385231856,0.4057966612,0.1900352251,0.9553005207,0.0030130504,0.0013302297,0.361,0.229,45.1959672848004,11.9948983723378
"39051",0.0742559785,0.0003323363,14.480368419,1675,0.0822263874,0.05554469,10142.62,8.2,0.1856587622,4.4129543833,4.9217041969,0.1942992993,0.1315453584,0.1541890016,0.3930665233,0.2176904425,0.5466063984,0.0013719368,0.0004730817,0.365,0.263,46.7175016430308,19.7955515436571
"39053",0.0961250908,0.0009030704,13.378821326,5654,0.1083159463,0.0661985958,13306.91,6.7,0.2262759362,5.1529450076,5.3616478528,0.1670022744,0.1574101645,0.1798356021,0.4218638323,0.2681517507,0.5262817612,0.0032022416,0.0019680443,0.406,0.308,33.4526477770716,28.9922947401287
"39055",0.0983271803,0.0006940811,9.6103535542,3198,0.1018349143,0.0915407173,10490.6,8.8,0.1470199557,3.6867513005,4.313384896,0.1851000879,0.1088419361,0.1391811698,0.3694659153,0.1878050008,0.8128687533,0.0021269581,0.0003509481,0.346,0.207,95.7462333289435,16.3729618332022
"39057",0.0697852065,0.0009411793,9.8261482091,4009,0.0792771281,0.0445395907,10908.32,7.9,0.1626331871,3.7958528609,4.5891180108,0.1818689128,0.1128744535,0.1408658237,0.3798485317,0.1864317649,0.8578351581,0.0027203191,0.00076788,0.345,0.21,56.7986841638169,13.0163651208747
"39059",0.0884065988,0.0003858521,15.691318328,4606,0.1017827622,0.053940016,12445.06,6.3,0.2159375842,4.9716317167,5.6281805125,0.1648315774,0.1529487117,0.1785128316,0.4204838505,0.2699835383,0.5069224437,0.0018707396,0.0006919174,0.382,0.295,35.140045939182,17.9985601151908
"39061",0.0771173463,0.0011144099,10.520225133,4144,0.0885644819,0.047972426,11467.81,7.6,0.1780792289,4.0149398998,4.572959583,0.2030701507,0.1240637338,0.1447886559,0.369274171,0.1995256893,0.9690294052,0.0037260434,0.00147303,0.361,0.249,52.117699545948,12.8866925324879
"39063",0.0639806555,0.0005146273,12.403837272,3455,0.0716616017,0.0452736605,10038.06,8.2,0.160304735,3.8260382474,4.7098132865,0.1877706371,0.1183937472,0.1462786301,0.3909353157,0.2025777168,0.8512476264,0.001580403,0.0009745819,0.351,0.248,44.469883761888,18.0521310320535
"39065",0.0781474341,0.0003188267,11.796588554,5465,0.0886779347,0.0539856038,11842.27,7.8,0.2028886673,4.6606317368,5.0345964792,0.1746550844,0.1427032642,0.1665212134,0.409990918,0.2526789448,0.6460477884,0.0006035578,0.0005082592,0.372,0.287,45.5923828911932,15.9043196132069
"39067",0.0872968092,0.0002659574,16.622340426,5989,0.0938300349,0.0694271482,13240.97,7.4,0.2145330559,4.7714505281,5.1504209206,0.1675349308,0.1497673955,0.1742847419,0.4175574449,0.2694357761,0.2665784165,0.0002636088,0.0001318044,0.411,0.29,50.8534536128062,46.4314141682144
"39069",0.070024003,0.0004073169,15.552099533,2908,0.0770517108,0.0535298681,10814.3,8.5,0.1749465424,4.1899028857,4.706965093,0.1932244931,0.1243856257,0.1507974163,0.3890241384,0.2217288757,0.430976431,0.001255261,0.0001845972,0.381,0.276,60.496814657514,12.3462887056151
"39071",0.0975793157,0.0003011978,12.279604272,4788,0.1123057573,0.0619384439,11598.02,7.3,0.2221736615,4.8982028266,5.2049464479,0.1721539974,0.1552325794,0.17802088,0.4137316853,0.274232284,0.419417743,0.0009289795,0.0006038367,0.4,0.305,38.6031824463609,16.2133366274716
"39073",0.0764073877,0.0005660911,8.845174073,4360,0.0867146399,0.0495268139,12419.02,7.4,0.1945455949,4.6360791476,5.2811167228,0.180783887,0.1403496998,0.1691750305,0.4207460399,0.2648347673,0.8251531654,0.0019376431,0.0004932182,0.376,0.288,43.6609081468895,18.8803927121684
"39075",0.2362602147,0.0002502275,11.373976342,1312,0.2366655624,0.2321148079,9986.99,8.6,0.2394276385,5.0619523479,5.647136103,0.1728112273,0.1603254208,0.1901126183,0.4114125593,0.2908648733,0.3710994666,0.0001366992,0.000227832,0.369,0.319,28.0609149375076,30.336124256765
"39077",0.0886630048,0.000463392,11.842240758,4831,0.1016769013,0.0577190542,11640.78,7.6,0.2002496893,4.5302599341,5.2942746296,0.1848348245,0.1429595778,0.171388567,0.4035884833,0.2608195012,0.6756280817,0.0011110351,0.0010084781,0.438,0.284,55.5081860268156,18.3119788954443
"39079",0.0841330653,0.0004010736,11.415172924,3222,0.0975519091,0.0517611413,13533.19,7.1,0.2254181571,5.09596108,5.3716139638,0.1587393856,0.1582541098,0.1820011326,0.4308809919,0.2738700743,0.5838675696,0.0015748518,0.0009572628,0.406,0.325,38.0306300750334,26.7242265392127
"39081",0.0785692323,0.00039801,18.828932262,5555,0.0893891378,0.0469359114,13966.95,6.6,0.1965636827,4.5176315824,5.1794759371,0.1689945295,0.1402807839,0.1711972596,0.4092406849,0.2682987931,0.8372806955,0.0018094181,0.0014749038,0.394,0.291,54.0730802781193,20.9150593528575
"39083",0.0876073311,0.0003530054,13.157472482,4919,0.0958106831,0.0679859339,12245.23,7.7,0.1859760028,4.420704874,5.210809178,0.1792868003,0.1328497627,0.1605716045,0.3863821577,0.2299758333,0.6569655784,0.0014056517,0.000775532,0.404,0.251,33.219387263044,13.3949142189693
"39085",0.0744936416,0.0004431912,8.6465724379,4185,0.0848740602,0.0450147866,11967.03,8,0.1618766801,3.7922097352,4.5147002462,0.2079168385,0.1140538739,0.1441355732,0.3841651701,0.2109397031,0.9091814068,0.0020779649,0.0006203528,0.37,0.213,71.7150175593134,16.661064685497
"39087",0.0775595276,0.0004204295,8.7449338244,6545,0.0894784943,0.0451607998,13579.88,7,0.2267725216,5.1372064699,5.445413052,0.1532378898,0.1562765234,0.1808711282,0.4378983894,0.2709245315,0.542866293,0.002422076,0.000618047,0.403,0.331,54.9265777379218,14.0118820760004
"39089",0.0720753225,0.0004240594,10.007802694,4427,0.0820692637,0.0478463219,11428.07,7.6,0.1668517897,3.8745292689,4.7406659299,0.1887970998,0.1211608084,0.1528544959,0.3966089591,0.2092818222,0.7737008385,0.0012687106,0.0004266964,0.373,0.253,62.7436497962245,15.8272269756242
"39091",0.0725847998,0.0004598003,12.480294272,4138,0.081016083,0.0520997497,11454.22,8.2,0.1889296366,4.2320912252,4.9263843742,0.1919145374,0.1330522083,0.1623385143,0.4212854831,0.2528433912,0.6296393214,0.0012346223,0.0005952643,0.343,0.262,68.2038194138872,22.0012320689959
"39093",0.0761223056,0.000539,9.5535336778,5085,0.0888933694,0.0439496003,12334.17,7.8,0.1797253319,4.2228501396,4.7853346379,0.1798046541,0.1261940789,0.1539435219,0.3933491663,0.206537268,0.9091771858,0.0016060182,0.000601045,0.387,0.249,64.1998741768352,15.781574421396
"39095",0.0805275687,0.0009268165,9.5950021945,5108,0.0950428875,0.04349774,11672.29,7.2,0.2034351569,4.5785634237,5.1033175074,0.1743674115,0.1404327712,0.1591204649,0.4173423679,0.2376918758,0.9783597207,0.0029216165,0.0015305921,0.378,0.263,41.662100158487,15.7010153582358
"39097",0.0788708505,0.0003353379,9.1659028414,3220,0.0874167804,0.0568904213,11054.41,7.8,0.1854811927,4.3823035296,4.9115967394,0.1984165106,0.1306917885,0.1560681262,0.4066659844,0.237466442,0.6210659606,0.000630446,0.0004953505,0.396,0.264,43.3797296994084,15.7064538566823
"39099",0.0777761547,0.0010800978,12.725038591,4572,0.092204335,0.0379611172,11694.63,6.4,0.2016266373,4.4448508276,5.0376465157,0.17154331,0.1378679128,0.1612963421,0.435335096,0.2319503482,0.8076064701,0.0033835274,0.000857857,0.362,0.289,69.8421975452952,15.9263588544711
"39101",0.0761681067,0.0002611648,12.597360699,6177,0.0886554744,0.0451654399,12883.72,6.6,0.2162742933,5.0302817104,4.8736077619,0.1587386125,0.1524992109,0.1691304476,0.4207950976,0.2634378023,0.7721838769,0.0015937232,0.0010726983,0.402,0.302,42.5272456179004,19.9826816758809
"39103",0.0577027948,0.0006342283,8.678913578,3408,0.0636989487,0.043491895,11839.65,8.7,0.1365506773,3.5862972467,4.3709263741,0.1846751375,0.1060475757,0.1360164129,0.3749795378,0.1788998983,0.9207924239,0.0013006151,0.0006084423,0.362,0.215,60.9480478099458,15.0054464212937
"39105",0.0882614002,8.73096e-05,15.715720086,5820,0.1004953467,0.0549780088,11873.72,5.7,0.2332087479,5.1452808213,5.5566407432,0.174717952,0.158295271,0.1860245911,0.4135344154,0.2832999112,0.4347917543,0.0009088548,0.0004760668,0.414,0.307,42.2180489438209,20.3811270763273
"39107",0.0719079006,0.0004614787,11.90129214,5001,0.0816556751,0.0520283791,10633.58,8.8,0.164028706,3.9303394722,4.638409886,0.2117935578,0.1222400352,0.1541396902,0.3880284578,0.2242999803,0.6565394227,0.0008789277,0.0005371225,0.339,0.259,21.0688383776994,8.10339937603825
"39109",0.0754848127,0.0004953873,11.964070401,4178,0.0859315956,0.0504513027,11166.69,8.2,0.1720383999,3.9312532227,4.9682168539,0.1888332286,0.1232877656,0.1556271735,0.3952633677,0.2209971578,0.8568571596,0.0011391237,0.0006778257,0.346,0.251,53.0049107490841,14.6542988541585
"39111",0.089584143,0.0001464772,16.112494507,4663,0.0980726367,0.0666194189,11303.88,7,0.2088744434,4.5920530884,5.2902543035,0.1746866187,0.147212306,0.1763695022,0.4117877462,0.2707015129,0.7025679552,0.0002900653,0.0005076142,0.388,0.283,87.74067755301,24.3724104313917
"39113",0.0879160517,0.0009761382,10.645360898,4185,0.1003586908,0.0551543117,11599.5,7,0.1953711825,4.5253919111,5.0066321123,0.1897439631,0.1362525881,0.1580427428,0.4154617852,0.2212330567,0.9346654134,0.0026299426,0.0013487849,0.403,0.272,68.7503603596828,15.9184972938555
"39115",0.093251315,6.89275e-05,11.028398125,4918,0.1033236994,0.0654781199,12358.87,6.6,0.2406954786,5.3098096802,5.8175933822,0.1837292874,0.164665576,0.1858509086,0.4312130997,0.2813205346,0.2777999203,0.0011640646,6.84744e-05,0.4,0.318,115.162263629454,105.949282539098
"39117",0.0862512158,0.000169837,6.7934782609,3988,0.096359743,0.0600585938,12228.35,8.6,0.1876692171,4.5217496705,5.2153055185,0.1831856928,0.1378103015,0.1645425045,0.3939933716,0.2535020666,0.1733425216,0.000484165,0.0001424015,0.388,0.281,30.2311740087481,15.1155870043741
"39119",0.079328558,0.0006263411,12.990778867,5152,0.0893793488,0.0537693735,12423.3,6.9,0.2063873751,4.588217166,5.3396817507,0.1565668537,0.1447031299,0.1722791472,0.4116374331,0.2561301559,0.7864860469,0.0016476567,0.0013227667,0.381,0.301,64.2370113536983,20.5094072394338
"39121",0.0801687764,0.0001386578,12.479201331,3961,0.0895011412,0.0602978569,10559.92,6.3,0.2098430584,4.5934805469,5.1962980898,0.2024816176,0.1426832961,0.1695765555,0.4173312837,0.2640697872,0.3187435985,0.0009753379,0.0004876689,0.372,0.281,30.1330490009735,44.0406100783459
"39123",0.0705138978,0.0004194941,13.571869217,3178,0.0767524401,0.0528726606,11229.14,7.5,0.1761393624,4.2281697855,4.8772630791,0.1924350782,0.1250345107,0.1508241813,0.3949841343,0.2111693323,0.7541517814,0.0007849101,0.000220756,0.332,0.243,64.9954338650892,21.3909022847129
"39125",0.0791505792,0.0002142245,13.924592973,4896,0.0884873323,0.0569536424,12400.61,7.8,0.1844215857,4.4101735993,4.9534029076,0.1783580973,0.1321082705,0.1598805434,0.4004776963,0.2394982693,0.3705006628,0.0004797441,0.0003198294,0.379,0.264,35.6633380884451,21.398002853067
"39127",0.0779522001,0.0002490729,8.579177506,5000,0.0891176745,0.049787283,12306.63,7.4,0.2228494598,5.2046570641,5.5715783557,0.2183390113,0.1548971419,0.1786798982,0.4335237557,0.2815510113,0.8423096123,0.0012488552,0.0005550468,0.367,0.298,43.3651344319167,15.6852613902678
"39129",0.0716089668,0.0004447714,8.2111637614,3963,0.0801374486,0.0498867983,11495.38,8,0.1858477678,4.3998839775,4.9616147982,0.1832477093,0.1319002504,0.1580016218,0.4126100882,0.2374618581,0.8352544077,0.0013256206,0.0005336914,0.395,0.288,29.1094228914219,15.4108709425175
"39131",0.0860465116,0.0002880599,7.5615728071,1564,0.09947024,0.0533253445,12947.5,7,0.2390617755,5.0981812646,5.6642638552,0.1774684174,0.1583027524,0.1859089485,0.4212295188,0.27856998,0.4336967501,0.007054548,0.0004631774,0.409,0.301,100.557856681112,20.3509948045107
"39133",0.0764967521,0.000369308,8.3709822363,3880,0.0853899008,0.0493535515,11775.44,7.4,0.1704213955,4.3933717344,4.7495338803,0.1916391535,0.1274350826,0.1519117237,0.4002664166,0.214004188,0.8378815381,0.0020806864,0.0003437122,0.351,0.243,43.4447595783399,16.3942488974868
"39135",0.0786098724,0.0001467639,7.3381928477,3644,0.0896659752,0.0509269124,11144.88,8.2,0.1822052291,4.4148953833,5.0971271807,0.1957524233,0.1317452883,0.1622129689,0.3878977953,0.2425947215,0.4176011356,0.0007561529,0.0003902725,0.374,0.258,32.5958521778104,17.1128223933504
"39137",0.0700422856,0.0005611175,13.880275243,3243,0.0758405004,0.058010118,10982.16,8.6,0.1551191053,3.5962424837,4.488014313,0.2067580737,0.1144684624,0.1429902188,0.3925031266,0.1931401205,0.465288849,0.000562463,0.0002664298,0.348,0.244,41.4630534577225,5.92329335110321
"39139",0.0865647911,0.0004952375,14.692044835,4478,0.1004065352,0.0522829341,11190.18,6.8,0.2059690539,4.555381808,5.0260776168,0.1658133548,0.1423280322,0.1666552742,0.400146878,0.2583053737,0.6730508134,0.0035425561,0.0008257707,0.393,0.277,51.4947238561012,13.768642742273
"39141",0.0752080551,0.0005869616,10.174001513,985,0.0850389635,0.0496180911,13619.86,7.1,0.2191339979,5.04832398,5.5628265015,0.1707525706,0.1516225634,0.1753358413,0.4425361424,0.2651316447,0.7093154335,0.0041725702,0.0013908567,0.379,0.295,68.2558245694883,18.2595199485255
"39143",0.0727869134,0.000495574,12.816569261,4201,0.0818491742,0.0503408495,11827.83,8.1,0.1913963932,4.2993754335,4.8968814283,0.1820312729,0.1334593592,0.1602226072,0.3849790077,0.2352710555,0.8153386716,0.0011224681,0.0007142979,0.357,0.287,64.8951431108682,13.0928797504383
"39145",0.0830899282,0.0005842207,10.3566402,5450,0.0967049049,0.0480821178,16109.08,6.7,0.2423774554,5.5351815256,5.7198133842,0.1700974651,0.1692771681,0.1859582699,0.4510882242,0.2966035801,0.7713430358,0.0039734047,0.0015231385,0.467,0.334,43.0799021153564,18.2090307910269
"39147",0.0723453089,0.0003443401,14.498532024,4096,0.0835669857,0.0444101648,11519.24,7.5,0.1913506733,4.3706339066,5.0827317356,0.1817939517,0.1346395439,0.1633540823,0.4003081482,0.2512099447,0.711586924,0.0012136142,0.0004890684,0.376,0.285,32.0584552663574,21.1706780060851
"39149",0.0668548025,0.0004321877,10.290183165,3540,0.0740217045,0.0511414052,10556.38,8.2,0.181881575,4.2005194656,4.9654450371,0.1960729921,0.1298174945,0.1588533494,0.399875424,0.2414043792,0.6841146834,0.0008225883,0.0002879059,0.386,0.271,42.5958750704206,17.8627863198538
"39151",0.0766422354,0.0007959936,12.304172086,3710,0.0899046622,0.0413278049,11030.73,7.4,0.1893175054,4.284865798,5.0432298765,0.187570769,0.1364670165,0.1648446378,0.4005850805,0.2406625404,0.7985547917,0.0027962129,0.0009096438,0.388,0.262,68.348274026217,17.8065240226197
"39153",0.0795292612,0.0009740986,11.127274206,4008,0.0943482885,0.0378598977,11300.24,7.6,0.1715658512,3.9110821723,4.8078405669,0.1734155861,0.1217667588,0.1495185114,0.3855115063,0.2328454005,0.9411736477,0.0027661011,0.0010887256,0.341,0.243,66.0378580056567,15.414999534467
"39155",0.0892610212,0.000479861,11.819733904,4677,0.1024201252,0.052892762,12439.35,6.7,0.2063646516,4.6507614812,5.4193944809,0.1705721663,0.1420028895,0.1706161903,0.4538479141,0.2707156065,0.8202717867,0.0015707834,0.0003373157,0.417,0.286,76.1710883534069,18.2001715534689
"39157",0.1025240483,0.0003804885,17.285051149,3916,0.1153450248,0.0711839304,10317.62,7.9,0.1998185017,4.2626211678,4.7840530338,0.2040484401,0.1347702121,0.1622170639,0.4034593231,0.2464097142,0.6992719967,0.0015622288,0.0004881965,0.36,0.289,29.3543138157346,14.495957439869
"39159",0.0582593323,0.0005255306,11.188716349,2752,0.0650814594,0.0434580679,10930.11,8.3,0.1479585292,3.4762571783,4.2672759139,0.1761361999,0.1090062952,0.1388499446,0.3761684748,0.1939669837,0.7784321224,0.0012622115,0.0005014265,0.352,0.235,53.7196625274253,13.5712831648232
"39161",0.0716922393,0.0004244032,16.268788683,3256,0.0803023731,0.051243632,11072.02,7.8,0.1870554825,4.2901207187,4.9028877125,0.1903781908,0.1305307179,0.1602757681,0.3953386094,0.2394888091,0.6260436961,0.0008839857,0.0006364697,0.392,0.245,51.9388538039308,5.90214247771941
"39163",0.1024399506,0.0001528468,3.8211692778,2805,0.1161564188,0.0650684932,12177.41,7.2,0.2419675895,5.4888568591,5.8088832921,0.1672862778,0.1678012645,0.1924500569,0.4263374257,0.3125870275,0.426646818,0.0006849836,0.0001522186,0.386,0.322,58.6794570874579,28.0640881722625
"39165",0.0531044629,0.0009377584,8.5250765126,3791,0.0594088423,0.0395925138,11852.18,8.6,0.1382717142,3.3605253896,4.121639702,0.1716783959,0.1008812803,0.1264040713,0.3641365921,0.1657025987,0.8773866559,0.0022957019,0.00061592,0.359,0.199,47.0797107717527,11.7699276929382
"39167",0.076993684,0.0007678056,12.852397723,5573,0.0854945762,0.0535816854,12839,7.4,0.2026971542,4.6810630984,5.222022316,0.1930424038,0.1409997018,0.1685598647,0.4147085776,0.2534510424,0.7151736864,0.0012135317,0.0018951043,0.376,0.27,58.4248656228091,16.1363914577282
"39169",0.1201952477,0.0005012531,13.82767263,3266,0.1235718628,0.1123704888,10353.63,8,0.1785604638,4.4925997256,5.2339698937,0.1644730018,0.1341423349,0.162148956,0.3857247995,0.2275649664,0.6669402724,0.0032940405,0.0004656497,0.399,0.271,62.4692331829658,15.833215783701
"39171",0.0781157862,0.0004633163,17.987572223,3472,0.0884635781,0.0530838041,11173.78,7.5,0.1902908096,4.4863446946,4.9871427989,0.1975218347,0.1356512748,0.1617044809,0.3992396203,0.2445114269,0.614526327,0.0009238126,0.0004890773,0.401,0.26,29.9833728568703,19.0803281816447
"39173",0.0619954857,0.0007032725,11.619284955,3901,0.0700500357,0.040227594,11001.49,7.8,0.1659820374,3.8326009671,4.9254192407,0.1924631888,0.1168170385,0.1472900176,0.3719157364,0.2051380499,0.706027668,0.0016985983,0.0006580155,0.397,0.25,48.1374132125738,10.9518982441305
"39175",0.0687366538,0.0002296528,19.290832262,3798,0.0752017901,0.0532964864,11633.67,8.6,0.1826033978,4.3076237537,4.8622172643,0.1904828717,0.1329553164,0.1617911044,0.3920576725,0.2409579441,0.589829759,0.0005014817,0.0004558924,0.391,0.265,35.1585190620319,19.8722064263658
"40001",0.2236035049,0.0002703433,8.5608723078,10145,0.2870496125,0.0880106277,13512.97,6.4,0.3343574686,6.8243638239,6.2457500638,0.1296416425,0.2191925656,0.2154593299,0.4305614386,0.3205628944,0.2846625226,0.0023548592,0.0006792863,0.449,0.376,27.177605652942,19.628270749347
"40003",0.1722878021,0.0003507541,22.799017888,3142,0.197405756,0.1173874669,11706.95,7.2,0.1882401965,4.3016636717,4.5542213879,0.1690682628,0.1297291953,0.1454034304,0.3696201502,0.2139885379,0.3908188586,0.0001737921,0.0003475843,0.36,0.269,34.9365319669268,34.9365319669268
"40005",0.2078254031,0.00014537,12.356447158,9269,0.2470735786,0.1168045831,15931.46,5.9,0.2535214107,5.4040405447,5.4070359242,0.1439509827,0.1710832567,0.1812258879,0.4028645355,0.2647714394,0.3592582146,0.0117068941,0.0002167943,0.426,0.325,24.0917413510649,24.0917413510649
"40007",0.2236186863,0,22.59461495,4132,0.2503506311,0.169562196,10807.62,7.7,0.2115607158,4.4446454777,4.7345712884,0.1522760055,0.1385049491,0.152633259,0.3674392031,0.2007245971,0.0198722498,0,0.0007520211,0.374,0.291,37.8859632506156,37.8859632506156
"40009",0.1714012891,0.0006404685,16.011711423,4678,0.2105632567,0.0907623318,12840.37,7.3,0.2144067548,4.6551939808,4.9062617109,0.1482614951,0.1437913268,0.158802748,0.3797840708,0.2146983762,0.6507527465,0.0030402137,0.0012897876,0.381,0.303,39.9778584168768,19.9889292084384
"40011",0.1812943856,0.0004242231,18.029483508,2789,0.2151550844,0.1110662359,11894.06,6,0.2290109824,4.947974836,5.1280585097,0.1467246943,0.1537641235,0.1701228756,0.3729590023,0.2349481769,0.5806748723,0.0037954665,0.0007380074,0.398,0.31,49.363562638835,38.7856563590847
"40013",0.2030820753,0.0004167101,10.209396812,9133,0.2446777379,0.1015330705,14551.03,6.5,0.226335003,4.985812051,5.1933073766,0.1465683846,0.1587733238,0.1741218325,0.3944135474,0.2468922146,0.4413900415,0.008539583,0.0005933209,0.387,0.305,24.2743697333287,20.1130492076152
"40015",0.1991207181,0.0002086086,13.907238718,5169,0.2477317024,0.0981862812,13990.1,6.7,0.2509272305,5.1496926427,5.2181766331,0.1433777605,0.163121966,0.172423496,0.3918145911,0.2543040488,0.5347972973,0.0004486317,0.0006556924,0.426,0.323,48.5981740971732,25.4561864318526
"40017",0.1228972732,0.0003708549,6.6753873748,2747,0.1530842217,0.0578777342,12109.39,8,0.1705578827,3.9883501058,4.4623010443,0.1630333046,0.121538128,0.1409784817,0.3486736539,0.1842408504,0.8431379337,0.0020353486,0.0006438348,0.349,0.252,26.6849050891926,15.9212458935519
"40019",0.1928860021,0.000540417,11.224044397,4110,0.2334063527,0.1014102878,14022.01,7.1,0.21720506,4.5255195096,5.1342273567,0.1422122036,0.143287996,0.1652405537,0.3782906362,0.2279490807,0.4539815379,0.0047117919,0.0012869211,0.413,0.3,55.3093521200766,26.9633091585373
"40021",0.24181955,0.0005754568,6.5766487864,4006,0.2856637544,0.1249306967,12625.59,6.1,0.2643116276,5.7745574091,5.7729710996,0.1391650389,0.1751618504,0.1860112247,0.4145280314,0.2655860422,0.7030029583,0.0041499743,0.0009861325,0.394,0.302,36.8975955066928,19.8153753647054
"40023",0.192563081,0.0004089422,11.586695747,10191,0.2374018739,0.0909599776,14712.27,4.7,0.2907582491,6.0070720378,6.0470228984,0.1355737682,0.1929132006,0.200730222,0.4285527039,0.2889417133,0.353699441,0.0084537769,0.0008181074,0.4,0.349,29.5548583640249,31.8283090074114
"40025",0.2220804084,0,28.076743098,7194,0.2524084778,0.1648550725,14151.19,6.7,0.2208086747,4.5924040811,4.8100006174,0.1457642174,0.1436930786,0.1559005957,0.3748687943,0.2115474983,0.3595959596,0,0,0.384,0.302,15.5400155400155,15.5400155400155
"40027",0.1190683371,0.0005140592,7.9925637469,2661,0.1401111967,0.0630728698,12174.36,8,0.1730704109,4.3092649231,4.9346185092,0.1590632172,0.1254055721,0.1461210668,0.3771655992,0.1780319876,0.8657973451,0.0033408007,0.0008378629,0.31,0.252,30.8414316522212,16.7692955371393
"40029",0.2095193654,0.0001819836,14.558689718,7800,0.248013245,0.120780195,15110.71,6.1,0.2561577045,5.5883474802,5.6351292868,0.1456718175,0.1735240236,0.185463851,0.39129845,0.2707610795,0.4820253165,0.0003623188,0.0005434783,0.404,0.338,30.1168533911577,30.1168533911577
"40031",0.1490875315,0.0007536294,8.281642084,5395,0.1839058221,0.0679297758,12329.93,6.7,0.2211865539,4.6272816625,5.1260724916,0.1492142434,0.1435425652,0.1558176071,0.4183978562,0.2160727457,0.6868200938,0.0032220026,0.0008968461,0.393,0.312,36.7129489055125,20.4267535263754
"40033",0.1692032229,0,14.119308154,4911,0.1998149861,0.0906298003,12873.41,7,0.2313111275,4.995743183,5.3053545947,0.1550062044,0.1566746224,0.1745135062,0.3852562842,0.2440343182,0.4398514452,0.0003462604,0.0003462604,0.41,0.312,40.8926276434163,46.7344315924758
"40035",0.1891661133,0.0004242681,14.849384811,5328,0.2227781435,0.1059390048,12411.93,6.1,0.2541091778,5.4982436293,5.5270672175,0.1442573978,0.1739296285,0.1845326754,0.4030035493,0.2709418848,0.5105462772,0.0057318608,0.0009786104,0.435,0.328,39.8667979925895,30.4863749355096
"40037",0.1579893521,0.0002097257,10.765918179,4976,0.1932925502,0.0742866984,13035.93,7.6,0.2152567608,4.9242004718,5.1980127721,0.1497112224,0.1512115566,0.1709411588,0.3871883849,0.2349947492,0.64376063,0.0024998603,0.0003212111,0.363,0.294,43.3342186560801,22.366048338622
"40039",0.2045918367,0.0005516671,16.20522015,4402,0.2438920885,0.1162129216,12435.87,6.6,0.2249841422,4.8303493858,4.8816565136,0.1441987058,0.1516635963,0.1624242651,0.3774175602,0.2132919353,0.7596927445,0.0058548009,0.0007576801,0.378,0.302,54.218048842387,19.6107836238421
"40041",0.2240763566,0.0004650189,9.3003789904,3577,0.2696210662,0.1007063112,11798.44,6.6,0.264193183,5.6729300307,5.6353569735,0.15173143,0.1770579572,0.1870322057,0.3867140794,0.2545296409,0.4680261287,0.0018018861,0.0007254347,0.402,0.332,48.8834401527026,18.6222629153153
"40043",0.1730575177,0.0004089143,24.534859947,3688,0.1897920605,0.1414068165,12182.47,5.8,0.2121652859,4.7300592238,5.0661231032,0.1483009848,0.1457757811,0.1626200234,0.3829719669,0.2241836321,0.3147609148,0,0.0002043318,0.386,0.288,54.7945205479452,54.7945205479452
"40045",0.1820338983,0.000518269,36.278828712,4112,0.2031624341,0.1318681319,11221.23,6.7,0.2120140586,4.739388939,5.12060705,0.1476794893,0.1476176689,0.1654062903,0.3677605772,0.2343824062,0.3938809925,0,0.0002530364,0.397,0.297,51.5419637488188,68.7226183317584
"40047",0.1675891389,0.0004585954,13.594077568,5014,0.2073032894,0.0817334751,11509.26,7.7,0.2054000852,4.67246571,4.7282811822,0.1457818882,0.1422079647,0.1568278485,0.3766061212,0.2097887403,0.6676130736,0.0044818019,0.0007551754,0.379,0.296,54.6932256970652,15.8610354521489
"40049",0.1909254268,0.0003247808,13.352098445,3848,0.2322287033,0.0986559908,12603.73,7.6,0.2365631958,5.1087618607,5.3098581403,0.1440810825,0.1591280423,0.1743451819,0.3692620788,0.2624531583,0.3462068465,0.0014023228,0.0008629679,0.403,0.32,56.4815593717328,16.8242942809417
"40051",0.1396925365,0.0002507433,11.820754379,3050,0.167756995,0.0746818971,13319.38,7.7,0.1851448994,4.4445537969,4.8978065009,0.1423425438,0.134156713,0.1585585655,0.3572109589,0.2103489618,0.4870973279,0.0014041151,0.0007380605,0.383,0.279,31.0835609805668,17.9328236426347
"40053",0.162470024,0,18.462958689,3290,0.1859057501,0.1097674419,12253.53,6.8,0.1778868385,4.1401346787,4.649964128,0.1636812313,0.1267393015,0.1499303272,0.3609331056,0.2014582572,0.2898166556,0,0.0006934813,0.352,0.274,92.0880976133835,76.7400813444862
"40055",0.1414197876,0.00017507,19.257703081,8061,0.1753116204,0.0655172414,16067.7,6.9,0.2490013588,5.0965148124,5.1546211804,0.1494891361,0.1622203541,0.1698034231,0.3979521159,0.2521570353,0.6459368489,0.0041230029,0.0006871672,0.424,0.313,63.8162093171666,46.411788594303
"40057",0.2410891089,0.0003769318,15.077271014,11405,0.2854046243,0.1430700447,17150.11,8.1,0.2444747769,4.8883074303,4.9267672324,0.1370598829,0.1520592409,0.1604422836,0.3823988091,0.2121343306,0.7919233402,0.0003753754,0.0018768769,0.407,0.334,12.7000254000508,12.7000254000508
"40059",0.228845495,0,21.69197397,5882,0.2582582583,0.166838311,15734.78,6.1,0.2088513285,4.4099638293,4.69551478,0.1567582787,0.1368524324,0.1511761349,0.3560495399,0.2024333476,0.2488466757,0.0007900974,0.0007900974,0.389,0.318,63.0857966834895,63.0857966834895
"40061",0.2048022599,0.0002375861,11.087352499,4538,0.2489720686,0.0989047461,12974.28,5.5,0.2543910398,5.4997925254,5.4602229038,0.1358843004,0.1743596647,0.1865162343,0.3815265119,0.2722454076,0.5547027958,0.0022892327,0.0011051468,0.409,0.33,36.8935620734182,31.623053205787
"40063",0.1968911917,0.0002259206,12.802168838,4301,0.2443102647,0.0908476866,13841.24,6.7,0.2682779492,5.6786879745,5.5913616002,0.1476576852,0.1797572445,0.1858254923,0.4205900631,0.2790464352,0.1490394915,0.0013498313,0.0007499063,0.424,0.334,20.1308505284348,30.1962757926522
"40065",0.1733193801,0.0006522625,9.7839380351,4173,0.2126619928,0.0833199292,12123.74,7.1,0.2278120741,4.7213235648,5.0289313738,0.1450327963,0.1445219581,0.1588749795,0.3774933617,0.2028597484,0.5230280572,0.002404906,0.0005611447,0.378,0.312,47.4357584300119,21.684918139434
"40067",0.1970096746,0.0003332223,9.9966677774,3774,0.2386831276,0.1047945205,14846.89,6,0.2615713217,5.4660040915,5.4653038868,0.1401416404,0.1730402876,0.1836519408,0.3938576969,0.2591815237,0.3603213844,0.0001633186,0.0011432304,0.398,0.332,66.393714728339,71.926524289034
"40069",0.1790939951,0.000270636,11.727559765,5287,0.2128729467,0.1032186459,14352.44,6,0.2419905979,5.3723427421,5.4667954756,0.1437658989,0.1666328921,0.1801468383,0.3936746968,0.2598898105,0.4237473761,0.0080372637,0.0015526532,0.389,0.312,36.5207864142675,48.6943818856899
"40071",0.1741186839,0.0003904635,14.699802471,4227,0.2094109653,0.0982386054,11699.58,6.1,0.2266387366,5.1067974009,5.2842446681,0.1483792994,0.1548244349,0.1694787955,0.3996857863,0.2346862136,0.7782741291,0.0019927085,0.0005661104,0.409,0.297,60.3177754193612,35.8852587937972
"40073",0.1820395738,0.0004440216,15.223596575,3233,0.2123142251,0.1214382632,12941.34,8.3,0.1970409494,4.3099806001,4.8035518194,0.1597448353,0.1334940971,0.1520139942,0.3594106837,0.2068797958,0.5185579353,0.0015806778,0.0006322711,0.368,0.273,54.8673686876147,52.7570852765526
"40075",0.1711419298,0.0003445108,18.373909049,6210,0.2071788413,0.0872641509,12725.31,5.4,0.2459765923,5.2830266324,5.2525719244,0.1417252957,0.1628175909,0.1750772376,0.3892646907,0.243489377,0.3453313572,0.0018329706,0.000687364,0.398,0.328,95.5000382000153,76.4000305600122
"40077",0.1914578281,0.0001985506,13.898540653,3426,0.2314237096,0.0952170062,12030.25,6.4,0.2432741738,5.2966204283,5.4251788851,0.1523055998,0.1687054943,0.1817144582,0.4016126073,0.2588218942,0.5802402725,0.0063532402,0.0017593588,0.413,0.313,49.2837429359968,16.427914311999
"40079",0.2238782997,0.0002808256,7.6224098851,6453,0.2719889281,0.1145226172,13944.84,6.4,0.2594938259,5.5986069355,5.485741019,0.1377698429,0.1737319706,0.1851465529,0.4192240383,0.2759472228,0.3046205144,0.0032012805,0.0004601841,0.45,0.341,40.7296618770365,16.0247850008012
"40081",0.1690165983,0.0002293775,9.4618229779,3558,0.2046283801,0.0851391356,12685.73,7,0.2074023829,4.7194924878,5.3510706602,0.1477729108,0.1472486433,0.169256536,0.3709372935,0.2348995077,0.3831879322,0.001975945,0.0006013746,0.433,0.293,46.7369947158581,20.0301405925106
"40083",0.1496838209,4.16571e-05,8.7479952511,2616,0.1784978327,0.0783106027,11980.4,7,0.1882764175,4.5022382443,4.8266658849,0.1539058254,0.1332782179,0.1506587916,0.3761920798,0.1972768682,0.3719174154,0.0017127995,0.0004017678,0.381,0.268,29.8447379562601,15.9634644882321
"40085",0.2037490811,0.0002925973,12.679215839,4561,0.2384668748,0.1232548863,14070.82,7.5,0.2281649308,4.8165912081,5.2091950533,0.1494611075,0.151114469,0.1674930847,0.3946867209,0.2311395495,0.3781173724,0.0007894217,0.0004933886,0.407,0.33,45.726230525525,32.6615932325179
"40087",0.1444070771,0.0004694372,10.624104363,3628,0.1704640643,0.0879313526,12098.81,8.6,0.1805482971,4.3038502854,4.6348893721,0.1590260415,0.1263502092,0.1475215628,0.3575127126,0.1962746527,0.6120384861,0.0013755158,0.0006252345,0.35,0.256,18.0613593635834,20.524272004072
"40089",0.2251065627,0.0004264133,11.574074074,6773,0.28026534,0.102263202,13260.46,5.8,0.2773887119,5.7083131162,5.7194831907,0.1328827745,0.1847082302,0.1924302412,0.4087672885,0.2740157641,0.564206208,0.0031495581,0.0006727212,0.42,0.356,15.2583234154231,26.4477605867334
"40091",0.2212376934,0.0002551541,7.1443151664,4475,0.2608778444,0.1124744376,13311.28,6.5,0.2572675918,5.5089353438,5.6783056382,0.1414771138,0.1737332002,0.188813384,0.4041139874,0.2728525303,0.8025380209,0.0016149382,0.0008074691,0.389,0.327,38.952680960607,20.3231378924906
"40093",0.1847376262,0.0005243151,22.283392319,3516,0.2111300952,0.1311796378,12038.16,8.2,0.1856183352,4.2331611477,4.7703669483,0.1637490439,0.1293536405,0.1518552171,0.356656744,0.2134356462,0.0199282583,0.0005232862,0.0002616431,0.385,0.277,48.1358305618764,61.2637843514791
"40095",0.2278704914,0.000236253,11.81265135,7369,0.2752034726,0.1181181181,14023.64,6.2,0.2422240812,5.1290905433,5.1237233562,0.1453227477,0.160225569,0.1725079785,0.3900765232,0.2394872014,0.5320707071,0.0033916458,0.0004165179,0.366,0.32,19.665296651,23.5983559812
"40097",0.1910009463,0.0003406326,14.355231144,4944,0.2243371856,0.1091226988,13598.86,7,0.2431817338,5.4685335484,5.663877567,0.1390370501,0.168157442,0.1841638967,0.3956682717,0.2664173229,0.6072856831,0.0020921011,0.0003162478,0.384,0.319,38.1001791519062,24.3192632884508
"40099",0.1762306228,0.0002842322,8.5269665317,6353,0.207977571,0.1020529604,13821.28,7.1,0.2225465946,4.8580857939,5.2588169847,0.1520530368,0.1519874561,0.1706991296,0.384542464,0.2370185393,0.7760231317,0.0011467068,0.0002866767,0.391,0.317,69.0788690121722,61.9327791143613
"40101",0.1846322889,0.000470609,10.441637131,5737,0.2314054083,0.082239772,13471.11,7,0.2491085322,5.1776599434,5.6097403826,0.1333114109,0.1653488928,0.1796969557,0.3942688638,0.2607037705,0.6163121566,0.0046809631,0.0009800767,0.41,0.324,38.2411052659963,19.1205526329982
"40103",0.1480063077,0.0003593568,15.272661935,4314,0.1709143039,0.0957408082,11125.66,7.2,0.1918708211,4.4735895139,4.9321155309,0.1597835813,0.1362904107,0.157795919,0.3767950181,0.2162699295,0.4894905285,0.0002657454,0.0001771636,0.383,0.276,59.642739987475,17.8928219962425
"40105",0.1769230769,9.92457e-05,12.901945216,3920,0.2120894479,0.0879450879,10459.46,6.9,0.2346520478,5.2498961624,5.5125337926,0.1571885234,0.1636751645,0.1806381383,0.3967958919,0.2593074666,0.5462224753,0.0022509297,0.0004893326,0.403,0.304,32.927230819888,39.5126769838657
"40107",0.1935264826,0,8.3381972817,4910,0.2350565428,0.0989920806,12705.09,6.4,0.284535441,5.8981639135,5.7951512593,0.138618069,0.1875058863,0.1940618044,0.4258357881,0.2890042882,0.238946764,0.0033063316,0.0007439246,0.441,0.361,58.5676037483266,50.2008032128514
"40109",0.1646055393,0.0008727995,10.29552289,3368,0.2023416887,0.0797748578,12130.99,7.6,0.2086284851,4.4265824608,4.9099489948,0.1488192681,0.134603061,0.1508994542,0.3882184488,0.1850218211,0.9211071576,0.00667565,0.0014900666,0.365,0.273,39.8486752821675,21.4698313365137
"40111",0.1849047715,0.0003899649,11.438970493,4815,0.2247881154,0.0919377652,12005.52,5.8,0.2477535048,5.0599763845,5.4817335505,0.143806454,0.1678170606,0.1845913594,0.4025429273,0.2641058171,0.5195537697,0.0030259554,0.0004956306,0.437,0.326,39.1188692038875,23.4713215223325
"40113",0.1591099447,0.0001916402,9.1561441986,3778,0.1932566106,0.0735647658,13029.96,6.5,0.2204475424,4.752488338,5.0684717105,0.1466513555,0.1528037312,0.1697295922,0.3923843604,0.2436486177,0.4602502528,0.0006381078,0.0003403242,0.421,0.299,25.601092313272,27.0233752195649
"40115",0.1972797502,0.0005140232,13.493108877,4610,0.2480075565,0.0853548967,11798.74,6.5,0.2551620287,5.5321821866,5.5473594687,0.1409611584,0.1755237906,0.1890451527,0.3984869421,0.278471532,0.4252072344,0.0048757017,0.0007698476,0.4,0.323,36.4881252615877,24.6831435593093
"40117",0.1741263029,0.0003053249,11.602344895,3385,0.2027085125,0.1062373225,12765.95,7.8,0.2188567827,4.9157388718,5.2087126299,0.1550263129,0.1549078367,0.1728837235,0.3943570079,0.248851187,0.5786933703,0.0014032947,0.0005491153,0.394,0.297,48.8330925590575,30.5206828494109
"40119",0.1760428144,0.0005013206,12.227330529,4119,0.2008469826,0.1040519641,11488.35,6.6,0.1995077666,4.5265904752,5.0224188345,0.1517651164,0.1437923271,0.1596472242,0.3647130641,0.2119648045,0.716716225,0.0026694295,0.0005485129,0.374,0.274,33.3904771987833,14.2520329507002
"40121",0.1839683416,0.0004581482,11.911852293,4442,0.2240804125,0.0899799599,12535.77,6.1,0.2316241174,5.1519593524,5.3001830576,0.1535450829,0.1605507067,0.174381551,0.4094217225,0.2684885887,0.7413661453,0.0078856804,0.0010711762,0.368,0.321,31.2476183217743,28.9612072250591
"40123",0.1871782259,0.0006791349,14.36631491,3686,0.2253350142,0.1013520595,13315.72,7.1,0.2086358041,5.0233271259,5.1295113874,0.1385363495,0.1517677231,0.1653103646,0.4038369757,0.2305788892,0.5319001387,0.0057520851,0.0021962507,0.4,0.287,40.8951691493805,21.7527495475428
"40125",0.1689339256,0.0003443906,11.020498127,2756,0.2064140935,0.0791573388,12918.98,7,0.2171662145,5.0391678179,5.5234280601,0.1473759141,0.1527596506,0.1724374513,0.3922927629,0.2464299513,0.6898418824,0.0029719726,0.0007429932,0.391,0.305,45.8150264123627,20.1586116214396
"40127",0.2056456456,0.0001802451,12.617159337,8252,0.2442658631,0.1113801453,13596.76,6.1,0.2516309256,5.4631632255,5.6140964738,0.1497770024,0.1731774361,0.1869823875,0.4109844305,0.2707650276,0.5397511234,0.0100187852,0.0006261741,0.418,0.332,24.0637689878177,30.0797112347721
"40129",0.2047670639,0.0005581915,16.74574379,5135,0.2315734449,0.1449275362,14951.87,6,0.2073151106,4.7443295681,5.0976824862,0.1529374646,0.1452553225,0.1638266871,0.3787107326,0.2297474625,0.5198793529,0,0.000547046,0.373,0.291,9.25154963456379,9.25154963456379
"40131",0.1349100123,0.0003893618,8.7606398512,4695,0.1552990745,0.0862549184,12812.86,8.1,0.1796092964,4.2557072421,4.7128809562,0.1589679691,0.1304882689,0.1526129853,0.3838965304,0.2155800234,0.5425809792,0.0023808488,0.0004892155,0.354,0.258,51.1531062903911,19.4525897160642
"40133",0.2071742313,0.0003710116,10.718113612,4664,0.2539053741,0.1022258862,14223.87,6,0.2556158237,5.5214276894,5.8845088,0.1364527023,0.1755799263,0.1890143604,0.4045683706,0.2642380492,0.5850796641,0.0028887623,0.0008137359,0.414,0.334,31.470636527831,27.3657708937661
"40135",0.212518151,0.0002886767,5.53296928,5658,0.2603079771,0.093436925,12875.27,6.3,0.2832128082,5.9330740977,5.9298438975,0.1367344198,0.1894972711,0.1983999035,0.4165704334,0.2871179747,0.3864263641,0.0028898225,0.0003885476,0.403,0.357,33.7930257631592,15.287321178572
"40137",0.1816041207,0.0004172172,15.993324525,5402,0.2235973597,0.0806057645,12012.55,7,0.2134215942,4.8315458228,5.2337375316,0.1465959657,0.1505291763,0.1670976573,0.3733071583,0.2241938994,0.6000266383,0.0010632151,0.0008320814,0.41,0.317,58.6836334434938,26.2532044352472
"40139",0.2414445298,0.0004503828,11.509783316,2320,0.2974888442,0.1296520685,10118.98,7.5,0.2455225892,4.6165473047,4.6983811098,0.1319570151,0.1461771205,0.150538855,0.3735320287,0.2058207691,0.6722383721,0.0016621853,0.0003422146,0.428,0.348,44.6760982874162,8.27335153470671
"40141",0.2007679649,0.0002758621,12.413793103,4790,0.2458129348,0.0931899642,11314.02,6.2,0.2640475652,5.2469839178,5.079513681,0.1394535355,0.1644225034,0.168692045,0.3981274486,0.2366462587,0.5628128128,0.0019052803,0.0005443658,0.42,0.353,27.4888899069959,27.4888899069959
"40143",0.1662375443,0.0011081234,11.587716713,4471,0.2028511099,0.0834681889,12441.41,7.3,0.1955791815,4.5330433724,4.8572338435,0.1503411543,0.1320977826,0.1518943287,0.3485240504,0.1900323923,0.9172841368,0.0046316861,0.0011860695,0.367,0.279,36.6794193208586,19.5657626739399
"40145",0.1569250787,0.0002952429,4.6746792309,5856,0.1880662617,0.0837652812,12959.59,7.5,0.1933667208,4.5723325494,4.8229168766,0.150490955,0.1370674477,0.1555357404,0.3718299471,0.2211973658,0.5670657454,0.001448009,0.0002496567,0.361,0.268,26.6040176159526,19.2367511992273
"40147",0.1718753824,0.0004269606,13.002891688,2218,0.2025122656,0.1024049041,10658.37,6.9,0.1915498706,4.4940662087,4.860089675,0.1462662291,0.1379457492,0.1542358496,0.3769122393,0.2118694606,0.5271696485,0.0029897961,0.0008872943,0.358,0.273,41.1332202169777,25.7082626356111
"40149",0.1803353485,0.0001832173,16.489556614,4044,0.2148424813,0.1024425811,12515.78,6.5,0.1935674558,4.4691607486,4.8222776558,0.1596052344,0.1366902528,0.1558745251,0.3691542887,0.2143802889,0.3889414395,0.0005392289,8.98715e-05,0.378,0.28,54.7561828856508,42.5881422443951
"40151",0.1496630622,0.000682361,20.470829069,2908,0.1734141589,0.0900755124,11810.32,7.8,0.1815342145,4.1925626033,4.5393968293,0.1625586365,0.1293356098,0.1477065318,0.3651028788,0.1952653267,0.5041676053,0.0041587052,0.0006743846,0.355,0.277,53.0765439587519,30.3294536907154
"40153",0.1833142712,0.0003958241,14.348622038,3888,0.2193719189,0.1048756219,12346.11,7.8,0.195708828,4.4317261936,4.7633409386,0.155994009,0.1342014352,0.153357971,0.3771979421,0.2167550491,0.8314326976,0.0038077342,0.0006923153,0.396,0.288,33.1977757490248,28.2181093866711
"41001",0.0901203966,0.0007442322,16.74522451,819,0.1056525958,0.049375,7519.3,6.8,0.1915924482,4.9488198974,5.2407144458,0.2096399647,0.1491544786,0.1617564926,0.3484369789,0.2106830317,0.731746622,0.0064350868,0.0011245783,0.28,0.18,84.6862477795679,37.1793282934688
"41003",0.0672151549,0.0011498823,12.251082716,1801,0.0759378817,0.0364433312,8102.54,8,0.1605016614,4.0624984091,4.8118082757,0.183432661,0.1246382342,0.1381416279,0.3168268016,0.1468494116,0.9025578705,0.0089575575,0.0011617681,0.285,0.159,34.4836256658752,12.2129507566641
"41005",0.0738459572,0.0009158582,9.1585821654,2081,0.084987742,0.0433724532,9098.91,8.9,0.1465813881,4.005905874,4.6306513907,0.2177567624,0.1169449786,0.1341073685,0.328487164,0.1688783292,0.9125593098,0.003102806,0.0005455747,0.258,0.148,55.9776662648166,17.4382772574606
"41007",0.0815210184,0.0006712411,13.424821002,2966,0.0950196592,0.040842872,8815.44,8.2,0.1766961269,4.4290238832,4.8024999063,0.2140109055,0.1355671284,0.1515319114,0.3401006933,0.1821459325,0.9344474743,0.0028920632,0.0008550448,0.285,0.178,52.3208012556992,19.9317338116949
"41009",0.0728338515,0.0003438133,7.2582801696,3246,0.086391851,0.0346347052,9026.35,8.5,0.1771224007,4.8666364584,5.1357887251,0.2384024849,0.1422723397,0.1584806651,0.3731142855,0.2067611498,0.7791736743,0.0035702694,0.0005154934,0.302,0.191,38.0693750912079,26.0140729789921
"41011",0.0910163934,0.0008994061,12.560671143,3322,0.1079915482,0.0397384733,8957.92,7.5,0.2103314556,5.1839192831,5.4165840479,0.204072853,0.1599394155,0.1705652883,0.3419751349,0.2176883307,0.7696810114,0.0039447732,0.0009473668,0.34,0.209,67.6698332016096,32.5435075702397
"41013",0.1012594739,0.0002868382,10.653991149,1746,0.1195072486,0.0495375128,8852.12,7.8,0.2060705603,5.0597393147,5.3064170097,0.2043735327,0.1548584918,0.1676790479,0.3583346431,0.2080998871,0.7529793117,0.0044412788,0.0006284828,0.298,0.198,44.9738334060183,29.9825556040122
"41015",0.0995069169,0.0006543075,8.2878953108,2195,0.1135196309,0.0486914181,8584.72,7.9,0.185976286,4.7063176874,5.0326725092,0.2148911727,0.1448915745,0.1582387929,0.3420808427,0.1954042196,0.9192452155,0.0039889537,0.0010520317,0.289,0.186,85.4539924394942,33.3125733238706
"41017",0.0791897573,0.0010268498,9.6614936366,1797,0.0933896254,0.0370488662,8420.54,8.4,0.1507770368,4.0971575341,4.6177584813,0.2210818809,0.1254403732,0.13899216,0.3389418489,0.1630900934,0.9039959932,0.0045417613,0.001072939,0.275,0.158,41.5922036597758,17.7527698547823
"41019",0.0865497808,0.0006757974,10.362227428,1764,0.1037944929,0.0370127743,8221.78,7.2,0.206486226,5.0366273796,5.3856172437,0.2122252426,0.1545981123,0.1684410461,0.3654469631,0.2210637689,0.6534314135,0.0027928148,0.0009974339,0.31,0.224,104.02041926843,32.4688013901457
"41021",0.0860685631,0.0005230126,15.690376569,2063,0.0966469428,0.0533333333,7752.58,6.4,0.1873715832,4.7291849072,5.1026897008,0.2054198973,0.1433950477,0.1576238139,0.3446682361,0.1954505553,0.8214858365,0.0015839493,0.0021119324,0.309,0.206,103.788271925272,103.788271925272
"41023",0.0976619077,0.0008334491,9.7235727184,458,0.1118475559,0.0549019608,9428.52,6.2,0.1962732662,4.9495651615,5.1806362999,0.2014572109,0.1502265651,0.1658181593,0.3409014666,0.2057273756,0.6213566152,0.003483835,0.000696767,0.311,0.199,51.0322430990489,55.6715379262352
"41025",0.102955016,0.0006763154,9.4684160693,1996,0.121703854,0.049511855,9301.91,7.1,0.199082339,5.0922260977,5.3729011585,0.2015346931,0.1550311651,0.1674274293,0.3519232045,0.2145640813,0.7099164646,0.0060035476,0.0010915541,0.302,0.194,99.5700384702421,45.2591083955646
"41027",0.1275720165,0.0021383971,13.685741168,1708,0.1524807528,0.06514146,8222.88,9.4,0.1977809888,4.58976331,4.6867621685,0.2030595331,0.1370031425,0.1452526247,0.3276317476,0.1703932733,0.8017094782,0.0035000854,0.0009817313,0.276,0.192,55.6427450420887,79.89727493223
"41029",0.0975993774,0.0009459411,9.5046708668,2449,0.1187158857,0.0389561935,9063.75,7.8,0.1936942529,4.8190966294,4.9400262451,0.2041630625,0.143796055,0.1540647481,0.3344863111,0.2068099834,0.8258811256,0.0044861635,0.0013207994,0.268,0.183,94.8136338382008,30.9503104089668
"41031",0.1218731347,0.0006083218,7.7054100089,2292,0.1475094311,0.0616246499,9369.93,7.7,0.2294214301,5.3944641291,5.4753150279,0.2104386983,0.1655107821,0.168367999,0.3690205437,0.2187315672,0.7556169429,0.0023148148,0.0007440476,0.344,0.214,50.1994410224405,31.2050579328684
"41033",0.1030384788,0.0008115491,7.8868860516,2304,0.123780751,0.0433743577,8199.33,7,0.2189948432,5.2151891437,5.5523660679,0.1813537306,0.1609728203,0.1709399266,0.3551409527,0.2291073877,0.8189039208,0.0078839266,0.0009726179,0.304,0.212,133.494084044224,30.4260020613616
"41035",0.1070579524,0.0009965122,10.697851637,2966,0.1314316182,0.0422583758,9004.43,6.6,0.2086532488,4.99404158,5.4208923028,0.2151829438,0.1593890746,0.1704280795,0.3553979269,0.2163761671,0.8061012353,0.0047004567,0.0009460039,0.305,0.226,109.465865220153,31.7646483897767
"41037",0.0922184811,0.0005083238,17.791333079,2541,0.1097778912,0.0444591904,9709.92,5.9,0.2204418442,5.2734842699,5.457508728,0.214842035,0.1631361948,0.1715941964,0.3458613119,0.2249473231,0.76010133,0.0019037949,0.0006345983,0.316,0.213,118.158416677217,75.9589821496392
"41039",0.0906040721,0.0008349321,9.6841653427,2559,0.1062566999,0.0389159041,8721.07,7.6,0.1840965128,4.7560794812,5.2979349183,0.2099661038,0.147108472,0.1609174123,0.3259769013,0.1743623052,0.8851740756,0.0086035442,0.0008245283,0.301,0.179,51.8929572346121,25.4223073321079
"41041",0.1094746034,0.0005404107,9.6073015492,2476,0.1283200844,0.047094431,8150.01,7.6,0.1924295794,4.7832460518,5.1977440963,0.2091423017,0.147665202,0.1602295218,0.3524652891,0.1965995992,0.9250771169,0.0044342755,0.0012553657,0.324,0.194,56.6919890884595,36.0160871856096
"41043",0.0841798445,0.0006011607,11.098351432,2009,0.1003047165,0.0414855383,9352.1,7.2,0.1920780709,5.0496088534,5.211024662,0.186061686,0.1506614891,0.1602193754,0.3695297605,0.188263639,0.7656678552,0.0017355794,0.0004083716,0.333,0.197,57.7114325317284,19.0653839613746
"41045",0.1219828585,0.0002289752,10.14032907,1580,0.1557474896,0.0570317563,9752.3,7.7,0.260107316,5.6204956057,5.2811535849,0.1985995846,0.1717871504,0.1682905902,0.3667785174,0.2205505254,0.6735860505,0.0050447518,0.0013018714,0.326,0.247,27.0917543536449,15.1713824380412
"41047",0.1039430363,0.0006785158,9.8039779425,2864,0.1300914297,0.0418822921,9756.52,8.2,0.2059584749,4.6693903764,4.9184699114,0.174142571,0.1452493305,0.1526882034,0.3490175213,0.1824076354,0.7944915725,0.0034393487,0.0006919059,0.355,0.214,69.7391487608848,17.0516050541724
"41049",0.1218789674,0.0003447384,8.6184607429,3370,0.1505845674,0.0625195374,9869.56,8.7,0.2483502163,5.2570816934,5.0994591532,0.1919990712,0.1657829089,0.1665577538,0.3517259474,0.2067267841,0.5524926161,0.0077383046,0.0010552234,0.369,0.265,34.6070656092285,20.1874549387167
"41051",0.0833765466,0.001465206,11.281224819,2684,0.0972693855,0.0339568104,9274.83,8.5,0.1662077085,4.4660829952,4.8670344415,0.2368662846,0.1304843472,0.139519823,0.305156727,0.1596430607,0.974595218,0.008307878,0.0011762822,0.257,0.162,48.2713291252317,19.0544720231178
"41053",0.0859849369,0.0006040541,7.7830051693,2084,0.1033566771,0.0416540595,9376.39,8,0.1817628068,4.7644967509,4.9735395877,0.186492247,0.1380581423,0.1503606842,0.3374475236,0.1794268867,0.7655928809,0.0027923129,0.0005279583,0.355,0.179,76.4292855405828,15.8262661977974
"41055",0.0762195122,0.0005617978,28.08988764,1722,0.0862944162,0.0442477876,7544.44,6.5,0.1826998073,4.5890995713,4.9035926993,0.2161614884,0.1403603239,0.1545130615,0.3357301712,0.1942154372,0.5699716714,0,0.0005854801,0.294,0.191,18.9071658158442,0
"41057",0.0998492645,0.0007027667,10.726438822,2649,0.1171847834,0.0498234602,8653.15,8.3,0.1922120142,5.0403500284,4.9830825047,0.2104890875,0.1490527343,0.1573800965,0.3512480244,0.1875616126,0.8656237624,0.0027252025,0.0008212939,0.32,0.188,30.7635513443672,17.2275887528456
"41059",0.1168753924,0.0004618345,9.8781270045,2476,0.1449209717,0.0553792609,8623.82,7.2,0.2258616344,5.0813338448,5.2140765573,0.1896663119,0.1596899981,0.1637697186,0.3583824819,0.2079290226,0.7730501127,0.0038314671,0.0006837298,0.336,0.224,46.7373873371695,18.8664682828941
"41061",0.0853736637,0.0008570896,17.141792435,2469,0.1026390967,0.0414402174,8946.08,8,0.1968729076,4.8395601149,5.061466464,0.2075901517,0.1497688853,0.1624381385,0.3540671829,0.1991492157,0.848337735,0.0030233173,0.0012849099,0.322,0.194,31.3098801457788,17.5335328816361
"41063",0.086860137,0.0015260821,11.098779134,2724,0.0978409401,0.0572878898,9108.46,7.1,0.1737329752,4.4833108375,4.9136977177,0.2157063463,0.1372689905,0.156189804,0.3475455485,0.1899170994,0.5716324201,0.0025420138,0.000706115,0.296,0.17,83.8379133674895,102.468560782487
"41065",0.1157715674,0.0009744397,10.49396597,1867,0.1393760878,0.0546927752,8593.44,7.3,0.205595709,4.9296966865,5.0302217943,0.2000666418,0.1501714884,0.157132341,0.3463814678,0.1956599132,0.8774441756,0.004904735,0.0009432183,0.294,0.2,116.848850358085,25.1287850232441
"41067",0.0685926339,0.0009026051,7.1144563093,2221,0.0815923847,0.0341104329,9258.64,9,0.146603749,3.821586893,4.421108392,0.2016071744,0.1130940679,0.1302023321,0.3086788154,0.1313532813,0.9768892413,0.0039066748,0.0006826224,0.276,0.169,39.3831598717773,13.4235558999579
"41069",0.112195122,0,0,NA,0.1188271605,0.0923913043,6840.22,3.1,0.2128991891,5.1820545625,5.3833434431,0.1997705933,0.1603268328,0.1693596957,0.3601697473,0.2162456129,0.4975711312,0.0029282577,0.0029282577,0.315,0.201,0,24.4798041615667
"41071",0.0930636808,0.0006069094,9.0569561158,2862,0.1111808008,0.046473029,9769.02,8.5,0.1842768511,4.6579355964,4.6654844672,0.2118605871,0.1403551772,0.1475544957,0.3295836632,0.1766449626,0.7969614791,0.0039718884,0.0005794284,0.308,0.178,63.7108954954843,18.647091364532
"42001",0.076860159,0.0005145181,12.523177586,3661,0.0834578845,0.0586508876,10444.97,8.8,0.1675211297,4.0838418444,4.761417691,0.2112432715,0.121082892,0.1519944905,0.3723042698,0.1978718485,0.6062303391,0.0008267598,0.0007100408,0.335,0.222,53.7979401222445,13.9356109955212
"42003",0.0511125103,0.0011274254,12.261059418,4223,0.0579666264,0.029818247,11412.72,8.3,0.1605962383,3.7635558324,4.6024000265,0.2192599113,0.1100910936,0.1390961849,0.3817215758,0.1848435322,0.9199303878,0.0032459219,0.0018580954,0.329,0.206,72.685282327465,14.5919132823439
"42005",0.0652300994,0.0004325326,19.463968487,3772,0.0728891733,0.0422535211,10965.93,8.3,0.1873611628,4.3081971434,5.1743573545,0.2157025899,0.1322344177,0.1654986091,0.4097476985,0.2335233683,0.7852656619,0.001041938,0.0007967761,0.398,0.239,79.3160280181294,18.5414091470952
"42007",0.0564785635,0.0004453147,14.701486619,4363,0.064115648,0.0339186322,11598.29,7.8,0.1721180161,4.0031386633,5.0190844999,0.202755926,0.1204469755,0.1532053774,0.395324188,0.2061617913,0.8435313916,0.000995496,0.0007587622,0.345,0.219,93.4358753048371,15.6744278833823
"42009",0.0839153118,0.0002505847,18.167390578,3112,0.0903687397,0.0644210526,11328.09,8,0.1931067752,4.5089040177,5.2329097293,0.2030278284,0.1365795613,0.1696239653,0.4041325011,0.236173256,0.622261967,0.0012869479,0.0009133178,0.34,0.259,40.3110904149957,25.7156956095662
"42011",0.0758854789,0.0006292086,11.254523179,4241,0.084660022,0.0531324511,11105.07,8.7,0.1923639529,4.0347720576,4.6373969675,0.2105328432,0.1249831982,0.1488280914,0.3632155471,0.1971533971,0.8567696054,0.0013899732,0.0008163712,0.373,0.251,52.9971093205992,14.5761855231543
"42013",0.067194435,0.0008044062,18.714755928,4178,0.075373927,0.0440676626,12697.82,7.9,0.1838695943,4.2423961328,5.20407944,0.2139360901,0.1301530228,0.1611862071,0.4045278041,0.2357155863,0.7501199946,0.0024001567,0.0016899063,0.315,0.224,95.5305916874699,16.1498708010336
"42015",0.0819073792,0.0011272649,13.925036885,5446,0.0931632804,0.053088159,10445.2,8.1,0.1865343006,4.2519349085,5.0864742774,0.2090447635,0.1324293672,0.163944732,0.4112361455,0.2255249263,0.6029670084,0.0006739763,0.0023342594,0.361,0.25,50.171741731311,17.0914724579191
"42017",0.0538451678,0.0008340363,7.8469447849,3807,0.0613348042,0.0330445582,11776.96,9,0.1321295278,3.1366512386,4.4238907917,0.2286415587,0.0969756842,0.129768338,0.3534698867,0.1603162824,0.8917535254,0.0024323657,0.0006462961,0.255,0.194,77.8475652338186,14.2216410924768
"42019",0.0480675172,0.0006547673,13.095345829,3507,0.0537526626,0.032117739,10693,8.8,0.1449923812,3.684864963,4.6501683368,0.2370659894,0.1054677884,0.1401287691,0.3685265215,0.1787679438,0.8197996323,0.0016020182,0.0009899515,0.328,0.199,83.2041014311105,13.2772502283687
"42021",0.0576541173,0.0008218631,19.66326656,5518,0.0651346398,0.0366598778,12431.94,7.6,0.1869374418,4.4027473919,5.0659153669,0.208603092,0.1299422449,0.1623199329,0.4130286773,0.2302053141,0.799824609,0.0019661429,0.0014043878,0.332,0.239,97.5437410712914,16.6413206552072
"42023",0.0610180209,0.0004497414,24.735776928,4676,0.0683333333,0.0381303813,11513.33,7.8,0.1936624722,4.4754135058,5.2672219745,0.2119383112,0.1358465213,0.1682340213,0.4044636859,0.238272392,0.9329400197,0.000222618,0.0020035619,0.362,0.27,60.2909036099179,60.2909036099179
"42025",0.0671078836,0.0004206787,14.334237013,4328,0.0752770854,0.0424491084,11446.77,8.4,0.187030362,4.2757085261,5.1165716283,0.2154304353,0.1281626456,0.1615837389,0.4007766483,0.226608342,0.7465555028,0.0005760817,0.0006383608,0.312,0.242,60.7823783053665,30.650942906125
"42027",0.0817450552,0.0007636173,12.316408535,3500,0.0828136771,0.0782849239,10699.03,8.7,0.1602335944,3.813466722,4.6279317937,0.2086226187,0.1150268795,0.1426464895,0.3742178273,0.1851844362,0.8633742451,0.0020208225,0.0010933325,0.312,0.209,31.0261647140045,11.0954496328228
"42029",0.0589935601,0.0008514464,9.7335372741,3723,0.0647108998,0.0449947288,10942.04,9,0.1285936554,3.0588605187,4.07809829,0.2173924908,0.0925314484,0.1223496143,0.3279608254,0.148045185,0.854772433,0.0022967325,0.0008581619,0.299,0.18,55.026261378554,11.6914920250045
"42031",0.0817410499,0.0004162547,15.609553046,3654,0.088072059,0.062686163,11182.7,7.7,0.193704028,4.5453376788,5.27041308,0.2107963653,0.1355151343,0.1670961423,0.3918773474,0.2338489422,0.5439881965,0.0013151448,0.0007478274,0.365,0.246,82.2354183618705,23.3721715344263
"42033",0.0714771716,0.000479465,17.159800643,4716,0.077677747,0.0525458248,12144.93,7.7,0.2095973374,4.7376944068,5.3225212221,0.2224434979,0.1426452771,0.1669687868,0.4288189276,0.2386965311,0.5976580682,0.0026578324,0.0016501234,0.339,0.25,67.4379886619882,21.9173463151462
"42035",0.0725580122,0.0003882791,12.942638227,3567,0.080191282,0.0511255246,10604.16,7.9,0.197101935,4.5147417386,5.1902093953,0.1931501057,0.1370239394,0.1668277113,0.4065393888,0.2293068866,0.7228961721,0.0011374212,0.0009306173,0.354,0.254,46.8453150347436,16.4826108455579
"42037",0.0660458629,0.0005079736,15.239209408,2785,0.07249501,0.0453387672,10664.47,8.3,0.1840227938,4.2796046107,5.244390935,0.2123385869,0.1309246991,0.1623439112,0.3963020045,0.2166722851,0.7926146073,0.0006874847,0.0006416524,0.347,0.23,60.431625201012,20.4852966783091
"42039",0.0862175574,0.0006498954,15.124839003,3620,0.0944761164,0.0637180139,11487.95,8,0.1951500266,4.6798019084,5.4019142824,0.2209837007,0.1371144806,0.1684171075,0.4025902674,0.2346855115,0.7342871627,0.0012931592,0.0009757474,0.321,0.249,45.7794142602875,16.180655040274
"42041",0.0685337069,0.0008919762,13.813790109,2869,0.0739043907,0.0541407246,11080.05,8.8,0.1512337367,3.5797603924,4.5937711003,0.2022542741,0.1081761085,0.1391726521,0.3652866383,0.1758605197,0.8323747058,0.0019767483,0.0010937742,0.321,0.197,59.0284624991783,11.7005192927102
"42043",0.0773369765,0.0010995368,18.469344123,3901,0.0860573837,0.0543867851,11533.01,8.1,0.1798108638,3.7784870041,4.8333510378,0.1912447089,0.1162810952,0.1480637909,0.3872448674,0.1998733737,0.8277806789,0.002251919,0.0022663544,0.32,0.241,54.4734038095466,12.8102290277395
"42045",0.0626234746,0.0010480867,8.5223212474,3793,0.0727334957,0.0359938256,11529.02,9,0.1551760204,3.7071426677,4.7092062898,0.2210950272,0.1094963494,0.1392871335,0.3793908986,0.1772477483,0.9650380426,0.0027746741,0.000867639,0.3,0.215,69.1299460444893,13.0722725910363
"42047",0.0581309467,0.0004012036,18.722835172,4406,0.064031757,0.0411922304,10827.01,8.3,0.1709514094,4.0373337561,4.9002805016,0.2215221703,0.123340538,0.1564413224,0.3891857361,0.2180456066,0.8159393977,0.0008618118,0.0011601313,0.315,0.23,33.4500367950405,22.300024530027
"42049",0.0709159033,0.0008341737,13.124332661,4152,0.0836793627,0.0369640132,11264.33,7,0.1811313247,4.236472852,5.050499493,0.2208590019,0.128007691,0.1561382956,0.3935628097,0.2087300771,0.8835781955,0.0019701464,0.0016136087,0.381,0.231,74.6715378016946,16.4153959134304
"42051",0.068458361,0.0003326268,13.691848322,5129,0.078210101,0.0391010703,10985.51,7.4,0.2108351796,4.5753008124,5.2987570629,0.2099714634,0.1410267144,0.1736083969,0.406257371,0.2368333393,0.582258466,0.0032965095,0.0011116137,0.345,0.258,63.6858918989998,18.0486333317004
"42053",0.0722610723,0,6.899406651,3398,0.0751565762,0.063174114,12584.67,6.5,0.2346283194,4.7300998601,5.0515043393,0.2051791542,0.1463983307,0.1617248974,0.4344863225,0.2571689501,0.9092794194,0.0004121445,0.000274763,0.403,0.284,74.4497696710251,74.4497696710251
"42055",0.0850738582,0.0005998955,15.158649784,3258,0.0958614723,0.0575318276,10304.49,8.3,0.1783607065,4.1497998002,4.9699129547,0.2016929048,0.1266203988,0.1568117167,0.3794438537,0.2109240273,0.6907390822,0.0010656505,0.0008654374,0.4,0.232,73.2547223517129,13.1042171948812
"42057",0.0682673356,0.0002064694,16.517549897,3334,0.0734942639,0.053888131,10952.15,8.6,0.1921253224,4.4452807504,5.2375175103,0.2199738853,0.13422876,0.1677349023,0.395303815,0.2396630273,0.5526439879,0.0004131378,0.0011017008,0.359,0.238,32.1440051430408,36.7360058777609
"42059",0.0638742263,0.0004139872,14.903540971,6504,0.0696215549,0.0484228002,10657.42,7.7,0.1878787206,4.3491432197,5.0711772177,0.2110632784,0.1317804772,0.1625532438,0.4056016844,0.2332284955,0.4662151683,0.0010683175,0.0006574262,0.364,0.245,72.9051310446659,18.4569952011812
"42061",0.0711391412,0.0003544214,17.278043594,4089,0.0767482517,0.0547794118,11696.37,8.4,0.1918238645,4.4393565453,5.0988440803,0.2061035912,0.1329496839,0.1618465697,0.4067278468,0.2258431011,0.6808964781,0.0010626993,0.0006420475,0.367,0.248,50.4069620909994,22.2383656283821
"42063",0.082192656,0.0005114603,16.414306614,3695,0.0876325236,0.0650264755,10707.66,8.2,0.1910346023,4.5035808745,5.2920804824,0.2047587226,0.1366188626,0.1687495172,0.3882060897,0.2294875675,0.6484248425,0.0033727412,0.0006627141,0.355,0.243,119.728193214345,15.4615878654287
"42065",0.0781184752,0.000437536,19.573978123,4325,0.0853777814,0.058511766,11295.14,8.1,0.1993674941,4.4512575927,5.282765726,0.2165064508,0.1372694768,0.1696015131,0.4122874557,0.2397682007,0.5831415929,0.0007103412,0.000893655,0.39,0.26,91.4161045984605,18.4368614316223
"42067",0.1135407042,0.0002019141,23.422040948,2731,0.1180951025,0.1011353712,11171.27,8.5,0.2037197883,4.5807565647,5.3705387988,0.203923443,0.1391748598,0.1706708601,0.3968816606,0.2417645574,0.6134518591,0.0001619171,0.0005667098,0.347,0.256,80.986961099263,14.8476095348649
"42069",0.071054359,0.0008823221,11.207875082,4103,0.0815407913,0.0425179709,11455.51,8,0.181011472,4.3624052409,4.9519115618,0.2248708639,0.1277051199,0.1556423077,0.3913217645,0.2116933367,0.9111627191,0.0017410445,0.0013757573,0.319,0.24,69.9016293434331,17.7931420146921
"42071",0.1117918532,0.000727474,14.091372195,2684,0.1124061566,0.1097070041,9536.57,8.6,0.177587703,4.2159994238,4.8551244418,0.1737509822,0.1245965692,0.151028425,0.3740996393,0.1950122601,0.7776472966,0.0014092358,0.0009069886,0.338,0.225,64.4461877389599,11.0671347065956
"42073",0.0657304587,0.0003859107,16.956684442,4335,0.0741318686,0.0424107143,11512.87,7.7,0.1847446853,4.3086380872,5.3246037234,0.2118201165,0.1317480013,0.1641966503,0.3956001807,0.2263966806,0.8212231637,0.0011603082,0.0006845818,0.372,0.241,72.0463900864167,19.4719973206532
"42075",0.0818925476,0.0005712553,15.092423462,2720,0.0914459106,0.0584138328,10008.75,8.5,0.1856638266,4.2207272807,5.0641019087,0.1973868795,0.1272252406,0.1557915883,0.3824978897,0.2053938685,0.8504357331,0.0026041298,0.0008774785,0.363,0.253,85.9288556159804,14.5961343786049
"42077",0.0806005439,0.0010397544,10.180928089,4151,0.0941955708,0.0453960002,11128.61,8.5,0.1879241035,4.1107283787,4.6690623646,0.218783249,0.1235156947,0.1448869642,0.3810092875,0.1838060561,0.8187995891,0.0018554741,0.0016001087,0.364,0.247,88.3398603165436,13.6254534298244
"42079",0.0742754292,0.0007813066,10.522435786,4105,0.085476249,0.0418156381,11616.66,7.9,0.202336242,4.4280302524,5.2155731795,0.2233867656,0.1321748843,0.15942673,0.4304535877,0.213718237,0.8057447697,0.0010011144,0.001092411,0.355,0.244,71.9503804967202,19.2217804830654
"42081",0.066742462,0.0007502273,15.887165818,2623,0.076114124,0.0413115031,10547.84,7.7,0.1849761461,4.1751422377,4.8114380601,0.1895491932,0.1278753486,0.1563632404,0.3672371669,0.2183895075,0.5917957816,0.0016451999,0.001697987,0.346,0.235,107.004691744176,15.8743224016086
"42083",0.0633042548,0.0005661538,19.446153846,5035,0.0690215918,0.0476074219,10508.42,8.1,0.1980094534,4.4952696629,5.2103394569,0.2061731087,0.1375716044,0.1682566019,0.4028521358,0.2340558181,0.8065592635,0.0010495997,0.0008055067,0.367,0.247,90.2186572183128,9.84203533290684
"42085",0.0712860603,0.0006214359,16.723936248,4125,0.0780567046,0.0515263557,11562.15,7.6,0.1848083524,4.215584083,5.1061957321,0.2145274232,0.1293724779,0.1626494199,0.3881355527,0.2264896806,0.8512405905,0.001626266,0.0009486552,0.335,0.237,81.2409478719131,17.3435731411949
"42087",0.0956428732,0.0005418527,16.905804326,2972,0.1077656995,0.0648024432,10624.01,7.7,0.209038053,4.7320261298,5.478405526,0.2060289513,0.1448928052,0.177024749,0.4028683899,0.2486080652,0.6138554475,0.0008870235,0.0009086582,0.353,0.275,87.4125874125874,18.7828700225394
"42089",0.083211474,0.0004111093,7.5761580069,5139,0.0919890522,0.0563686422,12160.14,8.5,0.186073913,3.9877017461,4.9423217792,0.1966716126,0.1218487288,0.1505753303,0.4067292793,0.1996276061,0.8613652689,0.001138596,0.0007905278,0.323,0.242,40.3975432018387,15.1000525560271
"42091",0.0487996489,0.0013792024,11.276725056,3643,0.0543063087,0.0347675133,11267.42,9.1,0.1357172677,3.2701202568,4.3598521987,0.2227534513,0.0955577504,0.1256375955,0.3955955963,0.1417079987,0.9546828626,0.0033345241,0.0009666861,0.28,0.181,73.9957038375094,12.9141553580911
"42093",0.0622043858,0.005869446,15.359297861,2728,0.0631303336,0.060294892,11725.87,8.4,0.1677220813,3.9193552648,4.7896786123,0.203557655,0.1185925892,0.1488889422,0.3736569561,0.1989448125,0.5293151585,0.0051535088,0.0155701754,0.322,0.225,58.7026709715292,22.0135016143235
"42095",0.0584059456,0.0008385607,10.514764892,4043,0.0659467841,0.0373919699,11616.22,8.7,0.1709018841,4.043495777,4.6611246745,0.215461141,0.1162400575,0.1410683445,0.405249391,0.1863271594,0.8725611702,0.0022177968,0.0016239785,0.313,0.212,82.3158483117609,14.8474209156492
"42097",0.0637444914,0.0004513281,16.622084255,3903,0.0700684702,0.0460934042,10859.13,8.1,0.2048752829,4.3705426962,5.260580573,0.2035566022,0.1375750113,0.1695318019,0.393015071,0.2325777342,0.7432189404,0.0003513279,0.0004391599,0.367,0.245,74.2145019545601,15.0633395056285
"42099",0.0902425876,0.0002593361,16.208506224,3205,0.0952831562,0.0758040574,11179.91,8.8,0.1828637834,4.2460628939,5.1591714576,0.2119609025,0.1283034828,0.1613167675,0.3986449993,0.2253329036,0.4981182971,0.0003251046,0.00023841,0.336,0.238,41.8400986849224,19.4772873188432
"42101",0.0896496624,0.0007468133,7.7648377843,5366,0.1056747123,0.0424365174,11905.81,8,0.2355079828,4.8068702427,5.6066370055,0.2062964102,0.1467681946,0.1750002198,0.45310884,0.2163290928,0.9994135017,0.0026045711,0.0013906617,0.305,0.297,42.2189024812875,10.4493890372847
"42103",0.074096885,0.0003046104,7.1673027648,3609,0.0811116893,0.0507310372,10737.54,8.7,0.1686189501,3.8309144362,4.5676939241,0.2028488224,0.1141402208,0.1432654581,0.400178136,0.1859529887,0.7683243564,0.0009118052,0.0002324209,0.348,0.242,45.288235784857,19.6646286960564
"42105",0.0730816078,0.000423575,19.363427327,4506,0.0781629499,0.0596971462,10695.64,8.1,0.1996105123,4.5241872969,5.2736720487,0.2071148722,0.1389475912,0.1706292928,0.4056372064,0.2396871528,0.4225239159,0.0003008062,0.001564192,0.364,0.249,84.6757121832221,24.1930606237777
"42107",0.0613076967,0.000530564,13.087245948,4394,0.0680771372,0.0425524488,11821.65,8.3,0.1952480646,4.5075900749,5.1850088258,0.2106741685,0.1362782487,0.1632059232,0.4133650708,0.2285990644,0.7518224548,0.0007390879,0.0006335039,0.364,0.266,76.3907718061466,19.3334669385927
"42109",0.0866742521,0.0003963143,14.861785396,2786,0.09478433,0.0655373832,10068.98,8.4,0.188826725,4.3805235454,5.1522086855,0.2109152544,0.1326230716,0.1659185684,0.3912099677,0.2281417858,0.6753564052,0.0005920079,0.0006660089,0.379,0.244,47.0184526804642,11.5483918864298
"42111",0.0762138435,0.000367612,21.103652974,3064,0.0842524277,0.0520437793,11457.7,8,0.2033520755,4.5968990713,5.1489736754,0.2078623113,0.1365537229,0.1645002306,0.4096483706,0.237487922,0.7119446374,0.0010276936,0.0007572479,0.354,0.255,72.1693938224815,14.0707623175907
"42113",0.087992451,0,18.133860864,2882,0.0921416713,0.0647887324,10319.47,7.4,0.1927791805,4.4616809405,5.1060295076,0.2130662889,0.1344766449,0.1635743725,0.3951992899,0.2344873509,0.367921593,0.0001647175,0.0004941525,0.347,0.244,160.664819944598,121.883656509695
"42115",0.0846133562,0.00037195,11.406466971,4398,0.0934774118,0.0575353116,10639.8,8,0.1895085769,4.4518697262,5.1578660137,0.2073962471,0.1336009919,0.1643788686,0.4050781355,0.2293045697,0.404396162,0.0006159304,0.0004681071,0.349,0.243,42.1755993483456,23.155231014778
"42117",0.0830171248,0.0004434481,16.259762016,3121,0.0909941208,0.0609652837,8730.08,7.4,0.1863991993,4.4446324128,5.3155888205,0.2092941046,0.1348487759,0.1660835517,0.4035694279,0.2342490088,0.5678521236,0.0011530064,0.0008095577,0.348,0.242,96.9318601881135,21.3578674990759
"42119",0.0840771972,0.0009349331,14.246599737,2583,0.0888607718,0.0717930029,9605.88,7.8,0.1770827706,4.0463260601,4.6286109476,0.2143132827,0.1217556984,0.1484986398,0.3810187727,0.2026542258,0.6876543485,0.0013397343,0.0018309702,0.353,0.239,70.1482067431829,13.432635333801
"42121",0.0687248392,0.0005723534,20.525775637,4605,0.0776380347,0.042022792,11956.87,8.2,0.1936024009,4.5641331503,5.441421655,0.2187992514,0.1360844762,0.16900167,0.3965653264,0.2407698351,0.7365051651,0.001482464,0.0013459213,0.354,0.249,81.4385729860372,21.6731686172518
"42123",0.0648434054,0.0005103212,16.075119288,3251,0.0708369167,0.0476739715,10525.19,8.1,0.1757307213,4.2291973538,5.0528356694,0.2083095292,0.1276904055,0.1604470334,0.3984121697,0.2226176655,0.8146119813,0.001063345,0.001063345,0.35,0.244,108.843537414966,14.4557823129252
"42125",0.0585839501,0.0007927876,13.777101008,4606,0.0677668335,0.0323113377,11297.35,7.9,0.1586577064,3.8813894386,4.8195650888,0.2199217595,0.114103598,0.1479502871,0.3901525396,0.1937438131,0.7403955346,0.0010562056,0.0008874056,0.325,0.198,78.0980783041928,18.3570740756247
"42127",0.0757455494,0.0004672806,10.513813983,3704,0.0832102776,0.0521719145,10714.65,8.6,0.1796666227,4.1206658536,4.9421864661,0.2156758489,0.1245806044,0.1539043359,0.4028628309,0.2126102997,0.5822952558,0.0007800921,0.0007410874,0.311,0.239,50.7152145643693,30.5591677503251
"42129",0.055184289,0.0007537998,14.216148513,3913,0.0616566111,0.0353967557,11819.2,8.1,0.1541456633,3.6453873328,4.8686692376,0.2211750717,0.1126057123,0.1478981113,0.3985667128,0.1954411913,0.8595663925,0.0015686901,0.0008100145,0.348,0.212,91.0570162154105,16.8164059327516
"42131",0.0596685625,0.000522505,8.2107934612,3833,0.0641334811,0.0470455401,10753.26,8.8,0.1715703215,4.1718397082,5.0383832635,0.2212584556,0.123993163,0.1568409824,0.3971050086,0.2259510485,0.6530980337,0.0004806626,0.0005915847,0.346,0.233,53.4845827580631,17.4135850840205
"42133",0.0612687357,0.0007126028,12.470549461,3570,0.0700471155,0.0385648203,11096.07,8.6,0.1699348711,3.9065129419,4.6709412154,0.1848505466,0.1177822958,0.1497001983,0.3887868291,0.2059665657,0.7216303578,0.0011711613,0.0008878518,0.336,0.228,58.5407548270154,17.2135045879183
"44001",0.0343030596,0.0020214938,10.107469213,2868,0.041006424,0.0149054276,9503.72,8.2,0.1246400066,3.6236508289,4.1712327372,0.2028980243,0.1074632175,0.1281684602,0.3286874472,0.1441136365,0.9636090226,0.0020555407,0.0003083311,0.253,0.162,134.728275065646,11.6856156944693
"44003",0.0370553582,0.0008764882,9.7387578214,3725,0.0438295097,0.015374621,10806.58,8.6,0.1539104283,4.0943848742,4.782361074,0.2042165497,0.1191356982,0.1408971375,0.3732989155,0.1851566646,0.9421273727,0.0031734214,0.0011168002,0.315,0.179,89.082972976812,12.7841168508865
"44005",0.0416106282,0.0009015375,11.939280232,3460,0.0491251825,0.016782927,10218.27,8.7,0.1212395415,3.2987280188,3.9634642433,0.2544936124,0.1029851734,0.1229735499,0.3343350642,0.1487918866,0.8918178747,0.0032468319,0.0006420974,0.249,0.154,86.8295058021586,9.73788850117666
"44007",0.0579762915,0.0009907173,9.3750342369,4003,0.07075679,0.0199669214,10531.26,8.4,0.1949166017,4.4536918014,4.4475382784,0.1858565176,0.1375079468,0.1386242034,0.3929260263,0.1763706872,0.9631175728,0.0047918199,0.0012718446,0.33,0.267,69.2627285957767,9.4163830417219
"44009",0.0345076095,0.0009316993,11.467068014,3748,0.0400119115,0.0157195234,10160.08,8.7,0.1318843937,3.7611385682,4.2180753136,0.2443370542,0.1097331886,0.1279773886,0.3588185331,0.1623434413,0.9222076091,0.0030829219,0.0007370482,0.247,0.159,95.0988339134627,10.3310710936631
"45001",0.1365159589,0.0005300281,11.415990541,3072,0.1650125907,0.0569760419,10622.69,7.5,0.2179031421,4.7566461204,5.43678828,0.1671013763,0.1490217984,0.1690435404,0.4273851725,0.2261853917,0.5903922572,0.000611222,0.0006519702,0.385,0.291,103.440766550523,20.4159407665505
"45003",0.1331549809,0.0003277307,10.007490987,4017,0.1614040404,0.057559519,10117.85,8,0.1907246296,4.0907585826,4.7322686838,0.187102938,0.128497362,0.1534579116,0.3729893971,0.1905610541,0.6828899618,0.0014580788,0.0005607995,0.373,0.259,43.2606865587878,21.6303432793939
"45005",0.1080608498,0.0005755064,5.7550644567,3261,0.1349796212,0.0372860636,10067.81,8.1,0.3068781274,5.5666900694,5.47053111,0.1462415435,0.1819331596,0.1803214714,0.4511323697,0.2595873428,0.6122468567,0.0011232169,0.0007862518,0.46,0.361,54.0081783812977,57.8659054085333
"45007",0.1313204578,0.0006664758,12.539618282,4419,0.1568584146,0.0665063596,11242.99,7.5,0.1933310918,4.2309059797,4.9445004153,0.1587240383,0.1327069728,0.157320402,0.3779696052,0.2001718701,0.5174802005,0.0016360571,0.0006185094,0.402,0.246,43.793721692545,19.4272900741365
"45009",0.1270203272,0.0003554671,17.06242002,3430,0.1527704485,0.0517943026,11304.4,6.7,0.2494832416,4.9190077742,5.1921477028,0.147637284,0.1551152063,0.1707024917,0.424439277,0.2207382104,0.068743354,0.0004203152,0.0009807356,0.426,0.308,78.112055293867,56.8087674864487
"45011",0.1171893995,0.0001916994,15.335953225,4757,0.144885639,0.0503321925,10664.03,7.6,0.2478527203,4.9614284327,5.2034562434,0.1516564468,0.1577063235,0.1735068896,0.4265623994,0.2301174149,0.5558551788,0.0015630921,0.0005683971,0.41,0.328,44.5980599843907,50.9692114107322
"45013",0.1439092716,0.0006922685,9.3169964918,3116,0.1666124242,0.0818982225,9956.8,8,0.1439763769,3.5917454755,3.8593597627,0.2517602379,0.107974621,0.1281683361,0.3511125722,0.1635534111,0.8307434369,0.0015155128,0.0008372413,0.291,0.194,56.0284339965967,14.2239368040896
"45015",0.1224703638,0.0003159183,6.5816319815,3411,0.1474067925,0.0601587075,11167.7,8.3,0.1797089218,4.1501971898,4.5926235198,0.1937060642,0.1198600962,0.1444902211,0.3784182256,0.1712182062,0.7931265217,0.0010810028,0.0004342103,0.379,0.246,30.511617042709,15.9127572136616
"45017",0.1305499726,0.0002748574,13.055727341,3123,0.1512048193,0.0683118741,10202.04,8.5,0.2051107929,4.33136366,4.8791422106,0.1792793241,0.1359037523,0.1568858673,0.3930412059,0.2020975503,0.0501482702,0.0002066116,0.0002066116,0.398,0.279,61.8882801934582,27.5059023082036
"45019",0.1307374061,0.0012493741,11.691613637,3366,0.1498019077,0.071690467,10253.25,8.5,0.144283674,3.3596520928,4.3553445538,0.2429582039,0.109933821,0.1340931606,0.3209294313,0.1428402318,0.7994283414,0.0035131373,0.0020719134,0.3,0.192,43.7143606531897,16.1905039456258
"45021",0.1365556687,0.0003664921,16.055846422,4154,0.1691003016,0.0525211658,11660.2,7.9,0.2240269561,4.8331798537,5.1824243452,0.1636111792,0.1538644547,0.1710898447,0.3925104579,0.2305651287,0.6887535687,0.0005080767,0.0005956761,0.394,0.29,25.6269875476138,25.0445560124407
"45023",0.1240604447,0.0002481082,14.88649051,5411,0.1520734852,0.0505064331,10902.3,7.6,0.2325244749,4.9906653471,5.1021123144,0.1750763376,0.1534800947,0.1686131361,0.4172866395,0.2425940352,0.5878696439,0.0004030883,0.0002480543,0.419,0.308,62.0302500852916,21.7105875298521
"45025",0.1491220794,0.0003066813,12.048192771,4769,0.1819343203,0.0601049609,10350.24,8,0.2498407865,4.9431065698,5.1964760667,0.1415007449,0.16385486,0.1751440716,0.4023542855,0.2463526118,0.5686438139,0.0010928006,0.0003715522,0.428,0.328,48.9015400335742,24.8157068827093
"45027",0.1461596766,0.0002667062,11.557267743,4149,0.1773265651,0.0567364802,10072.36,7.4,0.2470817902,4.8690765647,5.3224883956,0.1493931953,0.158799699,0.1727118578,0.3958062943,0.234925269,0.4367046982,0.0010089021,0.0005934718,0.419,0.31,48.5821931390046,21.8124132460837
"45029",0.1536752896,0.0005042864,10.881970433,4722,0.1870371244,0.067067421,10821.08,6.8,0.2459839292,5.1955425844,5.27923704,0.1561217601,0.1599584861,0.1725155101,0.3919131631,0.2260236964,0.444924406,0.0011152416,0.0007700478,0.395,0.3,75.3425871758053,20.3868177063944
"45031",0.127723154,0.0005103726,13.960190939,6067,0.1585111164,0.0472244678,11196.44,7.7,0.2257824336,4.4665161022,4.8816009223,0.1500738718,0.1428979802,0.1644360238,0.4190686821,0.2113905176,0.6543876764,0.001272417,0.000808359,0.422,0.309,39.5140274797553,13.0046166389068
"45033",0.1671042915,0.0004593327,9.5147478592,4663,0.2141100703,0.058854099,10944.92,7.3,0.2985239442,5.7651446416,5.6214431829,0.1388015876,0.1845427507,0.192546288,0.4297892495,0.2670020016,0.3116773751,0.0012091898,0.0007189777,0.436,0.344,76.5487451473563,5.46776751052545
"45035",0.1171907879,0.0003255348,6.4492749172,3709,0.1416442892,0.0567755232,11306.95,8.5,0.1667736533,3.93654696,4.5616091323,0.1711355114,0.1234719541,0.1408748086,0.3745832102,0.168871772,0.7224488301,0.0012262912,0.000616258,0.362,0.236,36.7952934731282,15.7402088746159
"45037",0.1367118749,0.0003668379,9.5377842993,3307,0.1590115682,0.0706186592,10607.44,7.7,0.2164582801,4.4724470226,4.6781517309,0.1719379254,0.1405895411,0.1545921289,0.3791742237,0.2007313462,0.4280896795,0.0005544877,0.0005175218,0.409,0.293,45.4366833677178,13.5082031633756
"45039",0.1212552649,0.0004027386,14.76708283,2923,0.1416757685,0.0578493119,9959.66,7.6,0.2461105644,4.841939895,5.0364388749,0.1574773379,0.1567800705,0.1695088339,0.4030971795,0.2300091264,0.3238854567,0.0009820552,0.0004910276,0.415,0.317,56.8794156388456,62.8667225481978
"45041",0.1247052683,0.0009834193,12.148120295,5898,0.1555775818,0.0488188025,11210.8,8,0.2098890588,4.4316717889,4.8108190201,0.1594251064,0.1424052519,0.1593000884,0.4099379959,0.2035242641,0.4576104029,0.002127983,0.0013462749,0.415,0.308,42.7494928026278,11.1100376775191
"45043",0.1419617105,0.0006700702,16.273133376,3579,0.1691741792,0.0611926048,10436.85,7.7,0.2006425406,4.4441573759,4.7861863991,0.1805330369,0.1379902284,0.1543730133,0.3851025303,0.1925606607,0.6944213571,0.0008674838,0.0006104516,0.35,0.257,57.3607673595989,15.4024282724849
"45045",0.1327537321,0.0010868278,12.167123173,2743,0.1627729023,0.0575091693,10252.81,8.1,0.1577416462,3.8667336644,4.6065037643,0.1732267698,0.1174602935,0.1385670836,0.3572804424,0.1699024434,0.7991556319,0.0022714323,0.0013788061,0.327,0.226,39.6754383562778,16.3669143781114
"45047",0.1432073918,0.001129768,13.698436684,4327,0.1775468198,0.0575056012,10564.21,8,0.2101049359,4.465044247,4.9157100177,0.1526840104,0.1430422493,0.1618794066,0.3788214881,0.2136154739,0.7448500596,0.0031240723,0.0009047087,0.445,0.286,91.7103270531356,17.4014466716206
"45049",0.13457851,0.0003121423,10.404744564,5120,0.1641674017,0.0581367064,11324,8.3,0.2670430141,4.9363557653,5.0205454462,0.1555603298,0.1603220232,0.171904411,0.4180184474,0.2329552442,0.4481270744,0.0007751537,0.0009818614,0.411,0.324,60.0430897467594,58.2771165189136
"45051",0.1802606261,0.0005959088,8.416153366,3945,0.2164754504,0.0633264836,11064.94,7.7,0.1847166107,4.4652973507,5.0396634327,0.1893745586,0.1331960238,0.1540643152,0.3439316896,0.1937294179,0.8419850645,0.0014935478,0.0009385524,0.348,0.254,41.5539679808814,16.3583493861388
"45053",0.1935512524,0.0001995145,5.9854354404,5250,0.2331590828,0.0782840928,11168.68,8.5,0.2415842312,4.7318794583,4.9989800884,0.1676846765,0.1542003196,0.1641615988,0.4242551707,0.2330962145,0.5193526254,0.0005177591,0.0004142073,0.406,0.291,24.2739871127196,13.2403566069379
"45055",0.1229332488,0.0006761732,11.269552674,3151,0.1508322134,0.0533561731,10619.71,7.7,0.1867639156,4.4057636539,5.0139444202,0.1835650563,0.1348597152,0.1563594092,0.3758944414,0.2044731007,0.5238342221,0.001280644,0.0005183559,0.403,0.264,61.1176514790973,19.0366455426696
"45057",0.1190984705,0.0004591275,10.917030568,5354,0.1432313611,0.0580748909,10156.08,8.4,0.183041354,4.0164312439,4.3181131492,0.1773813057,0.1215309001,0.1442549528,0.3733018851,0.1857250227,0.59737515,0.000471797,0.0005032502,0.362,0.238,37.0347719133726,15.2895847348786
"45059",0.1422044546,0.0004889396,11.40859052,3432,0.1706085916,0.0665676479,11235.07,7.6,0.2323225336,4.8333775553,5.4872788891,0.1496888733,0.1550540656,0.174387515,0.3993404067,0.2378043196,0.5397147452,0.0006269218,0.0003880945,0.351,0.321,65.7212037357316,23.2247862825518
"45061",0.1230329041,0.0001782743,10.102210601,5792,0.1506347935,0.0478612025,11790.31,8.1,0.2805989253,5.2644880023,5.0964230139,0.139442585,0.1714338653,0.1755292871,0.4008342801,0.2442504187,0.3899063476,0.0010500525,0.0004083538,0.443,0.341,65.12600895976,19.7351542302303
"45063",0.1237436329,0.0006259414,10.845188285,2812,0.1500692135,0.0561377979,10727.65,8.2,0.1626004032,4.0403448907,4.6868017397,0.2020928304,0.1216073056,0.1404358217,0.3737964493,0.1882424763,0.6336345378,0.0015794897,0.0008168605,0.369,0.257,49.012618521423,17.5999857417837
"45065",0.1204795597,0.0003170242,10.567473317,3093,0.1343574738,0.064947469,9352.2,8.6,0.2262260644,4.6319411854,4.7355170438,0.1613368602,0.1440094495,0.1549339188,0.4095256633,0.2179393711,0.9641356396,0.0006376196,0.0003188098,0.44,0.283,120.128608274741,134.261385718828
"45067",0.1350700895,0.0004240467,9.1333137619,6718,0.1685805887,0.0483847602,10068.98,8.4,0.2588161364,4.9694933454,5.0436699576,0.1472491699,0.1605378258,0.1734329512,0.4128187057,0.2290345795,0.5933397859,0.0009987435,0.0005799156,0.459,0.338,65.321052975374,11.9755263788186
"45069",0.1407743133,0.0001531511,5.360287924,5923,0.1762334851,0.0465922218,11096.88,6.9,0.2878993821,5.5851119217,5.2878864435,0.1419301369,0.1766286199,0.181326257,0.4223853452,0.2532821293,0.2692427332,0.0021971361,0.0003788166,0.462,0.369,61.4620279908319,12.8045891647566
"45071",0.1485398472,0.0006503642,12.747138398,2960,0.1802176248,0.0661334607,9802.68,7.3,0.2182797081,4.4415752045,5.0577857974,0.1814760089,0.1446806645,0.1644980693,0.3978742825,0.2136202199,0.5408979418,0.0005970924,0.0005192108,0.404,0.291,111.780252155453,17.3302716520081
"45073",0.1475306177,0.0005405677,14.959897418,3538,0.1759083499,0.0672945842,10234.91,7.3,0.1969843212,4.6027747758,5.0369198116,0.2000558872,0.1388420163,0.1579844405,0.3676858525,0.2043900202,0.6359242255,0.000918672,0.001033506,0.357,0.247,40.7674364847542,17.2315968646899
"45075",0.1296236085,0.0004525674,12.880765883,4513,0.1620070002,0.0461193552,10527.53,7.2,0.2382979681,4.7365767767,5.1542195751,0.1339576004,0.1543979008,0.1650083295,0.4320218418,0.2140575639,0.4149360547,0.0015068903,0.0007937056,0.442,0.312,56.8770990357977,11.9944902728553
"45077",0.1315077201,0.0005910911,12.531130797,3325,0.1558630148,0.056490237,11056.13,7.1,0.1793071355,4.2431320432,5.0202464201,0.1819820103,0.1318933188,0.1537281528,0.3473120826,0.2004900845,0.7470307992,0.0011205648,0.000712359,0.309,0.247,42.6535792145422,18.1672652210087
"45079",0.1131734921,0.0008490496,12.002145474,3084,0.1370184582,0.0476085495,10046.16,7.3,0.1627392214,3.7426854655,4.2212553101,0.172661829,0.1152201371,0.1346798578,0.3836011447,0.1689411296,0.7596617981,0.0032997569,0.001218112,0.379,0.251,41.8605619080092,12.4060938733106
"45081",0.1763827537,0.0001465345,11.234308602,3660,0.2107260309,0.0818634102,10420.42,9,0.2232816356,4.6136999202,4.9190837403,0.1676812893,0.1467219324,0.1610353548,0.3733213738,0.2108679959,0.4357735849,0.0005354361,0.0004380841,0.42,0.324,107.6110350225,81.5235113806822
"45083",0.1298913274,0.000650437,12.852385196,3844,0.1554506456,0.0652550555,10760.63,7.5,0.1851810759,4.1805223749,5.057449103,0.1533065897,0.1318023964,0.1563576939,0.4151809379,0.1953493392,0.7705086403,0.0011373484,0.0009238964,0.363,0.267,63.653922686008,19.690002271122
"45085",0.1248417796,0.0005059923,10.400952015,5165,0.1571695393,0.0460134712,10690.19,7.9,0.2187130011,4.3517704361,4.7786084789,0.1576163158,0.1435928482,0.1595146263,0.4090190609,0.2098901592,0.6856108547,0.001408292,0.0009106955,0.411,0.292,68.2117568282159,11.5772247827706
"45087",0.1253023476,0.0004026944,17.572118905,4120,0.1537332482,0.0446554149,12171.74,7.8,0.2280621436,4.813651555,5.4069773918,0.1603587848,0.1521900904,0.1735910887,0.4045130451,0.2298302429,0.65280895,0.0009485589,0.0003648304,0.39,0.31,78.3190768138821,13.461091327386
"45089",0.138681592,0.0001975764,8.5616438356,4988,0.1708898763,0.048588839,10427.39,7.8,0.2746022397,5.2193047289,4.8712144506,0.1357391517,0.1637122685,0.1682780283,0.419382325,0.2167400358,0.203294309,0.0012415866,0.0002613867,0.442,0.34,53.965352041322,55.0666857564511
"45091",0.1158864772,0.0004840219,10.890493596,4149,0.1425939142,0.0509562261,10759.58,8.5,0.1514782496,3.506143894,3.9215943568,0.1870132634,0.1088129143,0.1353047853,0.3779168144,0.1819899736,0.7280303265,0.0016489249,0.0005909864,0.351,0.23,41.6961817195411,16.9390738235636
"46003",0.1768060837,0,14.540167212,3108,0.1910487642,0.1417322835,9534.73,7.8,0.1304150806,3.0253501556,3.118600372,0.2461684428,0.0948651803,0.1043470905,0.2942905024,0.1834758618,0.5782287823,0.0007140307,0.0007140307,0.334,0.214,12.0743781695243,12.0743781695243
"46005",0.1643484132,0.0004877256,18.425188316,8502,0.1926323106,0.1081463513,9531.68,8,0.1633080565,3.4028552033,3.2341953374,0.2172951691,0.1100551707,0.1113786587,0.309980266,0.2055298031,0.6811702495,0.0028597151,0.0015357729,0.353,0.249,23.2770506186324,30.43922003975
"46007",0.2178711285,0,8.9153046062,4618,0.2885600455,0.100456621,11889.93,4.5,0.2623577156,5.1559323457,4.2971075346,0.221509252,0.173042398,0.1576352223,0.334897941,0.3211648998,0.0402215098,0.0002883506,0.0028835063,0.385,0.288,9.77326035965598,9.77326035965598
"46009",0.1294706724,0.0005796261,21.735980293,6436,0.1407584558,0.1067373202,11414.5,6.4,0.1527079832,3.4195445122,3.3971293087,0.2546710346,0.1083074004,0.1116588911,0.31463474,0.2135720155,0.6680339463,0.0001432665,0.0015759312,0.37,0.238,48.2415939022625,48.2415939022625
"46011",0.0970470288,0.0005701742,14.254354705,3731,0.1104294479,0.0639766392,8805.55,7.4,0.1204886684,2.9146058286,2.9742458331,0.2211845477,0.0905951636,0.0991465464,0.2807698687,0.1655237703,0.837603629,0.0012204814,0.0008231153,0.33,0.209,16.0510612584032,12.2743409623083
"46013",0.1222229377,0.0006436829,16.735755298,3416,0.1438134706,0.0735232068,9891.13,8.2,0.1425478176,3.3549039931,3.1394711447,0.2068982919,0.0971430937,0.1036459338,0.3154773869,0.1848076477,0.7923407517,0.0035354563,0.0015769661,0.321,0.22,42.7741609848323,15.3986979545396
"46015",0.1749579428,0.0015102888,15.102888427,1644,0.1933566434,0.1370262391,9923.47,7.3,0.1571186633,3.5825890032,3.5553302542,0.2273540463,0.1121471983,0.1190439338,0.3155797662,0.2077718774,0.6302568982,0.0011474469,0.0017211704,0.346,0.227,6.33713561470215,6.33713561470215
"46017",0.1838150289,0,0,1897,0.2611218569,0.0724043716,11026.84,5,0.3457480056,6.6825474427,5.2498851684,0.1744269101,0.2257304322,0.1895068805,0.3964280642,0.3756904704,0,0.0024557957,0.0014734774,0.422,0.372,0,16.7954316425932
"46019",0.1591020608,0.0002876594,9.5886470419,1802,0.1870478207,0.097467383,8419.79,7.1,0.1635253963,3.4846974961,3.4270825301,0.2290911244,0.1135801581,0.1200170619,0.3030265938,0.2249937453,0.7235410485,0.0003913129,0.0005869693,0.338,0.233,25.6500689345603,25.6500689345603
"46021",0.1149897331,0,36.337209302,2399,0.1183510638,0.1072961373,9149.35,8.7,0.1214618624,2.8852311394,3.051916882,0.2487095774,0.0905996403,0.1020954106,0.2870081304,0.1787847129,0.2230559345,0,0,0.316,0.2,24.1954996370675,0
"46023",0.1926365141,0.0004304778,16.14291864,4376,0.2261208577,0.1366775718,10193.98,8,0.199511631,4.2857862124,3.990095006,0.2258585125,0.1371892284,0.1378285039,0.3318105287,0.2583464049,0.5491291489,0.0006425359,0.0018205183,0.368,0.267,21.5115445288972,21.5115445288972
"46025",0.129982669,0,10.706638116,3571,0.1403876375,0.109327984,8631.67,7.4,0.1521556728,3.4323934702,3.4597931376,0.2314114899,0.1082405395,0.1145378386,0.3104580721,0.2098768561,0.4153345977,0,0.0002674512,0.349,0.224,44.3380331648488,0
"46027",0.1096641535,0.0005685856,12.793176972,1269,0.123733812,0.0690335306,10824.18,7.4,0.1409510328,3.4510172579,3.4260465193,0.2430394048,0.1056776345,0.1097279466,0.3100575534,0.1810036149,0.8467974611,0.00056976,0.0010683,0.346,0.211,23.608848596454,23.608848596454
"46029",0.1021881742,0.0009639759,15.709236317,3731,0.1206437635,0.060769455,10115.19,8.1,0.1348855442,3.2951377371,3.1964797577,0.2475038209,0.1048151707,0.1093534208,0.3097569847,0.1996181336,0.8285525398,0.0022487953,0.0007139033,0.341,0.239,21.375133594585,20.1876261726636
"46031",0.2015661253,0,7.342143906,6216,0.2699711261,0.0996515679,9987.23,4.1,0.3012778358,5.7481950064,4.9712457337,0.2181044566,0.1987773232,0.1741744815,0.377758806,0.3471142704,0.0177777778,0.0009603842,0.0009603842,0.435,0.348,8.14199641752158,8.14199641752158
"46033",0.1270134228,0.0004458315,11.145786893,2606,0.1357098186,0.0950446791,9465.22,7.9,0.1271038444,3.1295323161,3.2224718858,0.231964408,0.097395834,0.1062017138,0.301308074,0.1802397401,0.7949123661,0.0005730002,0.0004584002,0.332,0.223,26.2025079543328,26.2025079543328
"46035",0.1016476388,0.0007079646,15.676359039,2287,0.1186965228,0.0632394063,9691.6,7.6,0.1365956005,3.1804770266,3.1925536924,0.2625506553,0.100970882,0.1101564143,0.2977087126,0.1923216794,0.8362387203,0.0015664477,0.0009095503,0.345,0.225,37.0513835323442,23.5781531569463
"46037",0.1545869235,0.0003687316,20.280235988,4751,0.1699134199,0.1211382114,9244.49,6.7,0.1610991404,3.6274132615,3.6754527775,0.233964613,0.1149700683,0.1201719016,0.3083957003,0.216435325,0.3313485114,0,0.0007266122,0.364,0.244,36.868624800295,36.868624800295
"46039",0.1230312036,0.0002298322,18.386577798,2326,0.1301799916,0.1072124756,12541.11,8.1,0.1322798644,3.0495172461,3.1588354802,0.2585116773,0.0960900755,0.106401717,0.2927553415,0.1881344585,0.3471585701,0,0.0004611483,0.339,0.215,0,7.67224182906245
"46041",0.2073194471,0.0001697217,13.577732519,4577,0.2809836066,0.1017881706,11303.76,4.6,0.2729062093,5.3778967686,4.6222571221,0.2013663506,0.1803155148,0.1639802154,0.3663121363,0.3180138677,0.5378230523,0.0003387534,0.0025406504,0.447,0.333,5.68666477111174,5.68666477111174
"46043",0.1499312242,0.0003423485,20.540910647,5180,0.1572022161,0.1362467866,8792.5,9.1,0.1321303568,3.1794562013,3.2684021274,0.2597584067,0.097854925,0.1088366262,0.2975146271,0.1918925468,0.5026648901,0.0003407155,0.002044293,0.354,0.223,11.4129194247889,11.4129194247889
"46045",0.1141322591,0.0005223296,15.669887699,2661,0.1205335874,0.0991285403,10466.1,8.7,0.126283891,2.9424779307,3.1401643407,0.2484338559,0.0933565266,0.1053410645,0.2986895652,0.183475567,0.4485384426,0,0.0010322581,0.329,0.218,8.67980210051211,0
"46047",0.1314863676,0.0005958588,14.896469537,3217,0.1474507532,0.0836928387,10256.27,7.1,0.1533053187,3.4958802735,3.4254128821,0.2280209524,0.1094393349,0.1149779364,0.3120061292,0.2069781751,0.9295179025,0.0053270198,0.0031074282,0.353,0.247,64.4234104762377,69.3790574359483
"46049",0.1433486239,0.0004349717,13.049151805,8068,0.154109589,0.1214642263,14588.46,6.9,0.1296733554,3.0697069607,3.2214770078,0.2357034836,0.0963107277,0.1071972101,0.2973965065,0.1804136295,0.0469543147,0,0.0017167382,0.345,0.224,14.4196106705119,14.4196106705119
"46051",0.1136735064,0.0009926262,26.942711288,5739,0.1277028746,0.0822249093,9848.07,8.7,0.132010306,3.0502255389,3.0871012008,0.2584999818,0.0954451267,0.1056453332,0.2963496609,0.193643071,0.6494018488,0.0001399188,0.0006995942,0.344,0.23,4.71720364168121,4.71720364168121
"46053",0.1663947798,0.0004778973,16.726403823,7426,0.1888045541,0.1215139442,11920.22,7.5,0.1568029581,3.5348616148,3.4923920825,0.2327994974,0.1122795113,0.1192478215,0.3084401534,0.2157570267,0.5357059237,0.0002374169,0.0018993352,0.362,0.239,7.92644261255549,7.92644261255549
"46055",0.1432644334,0.0010531859,15.79778831,3196,0.147995889,0.1319910515,12447.16,6.8,0.1663126134,3.6623541386,3.6083336066,0.2249870827,0.1174776156,0.1238621504,0.3163772354,0.221649142,0.5689210119,0,0,0.378,0.267,17.611835153223,17.611835153223
"46057",0.1248298658,0.0001622323,8.1116158339,4687,0.1408848447,0.1011291114,9894.6,7.2,0.1292608136,3.0704750472,3.0365472594,0.2311499158,0.0959062194,0.104856954,0.304074689,0.1856114063,0.0221921057,0,0.0003272787,0.328,0.215,27.0138851369604,70.236101356097
"46059",0.1097046414,0.0003133814,21.93669696,4556,0.1126259632,0.1026722925,10541.42,8.1,0.122655593,2.9557856465,3.1516505623,0.2487660209,0.0938245549,0.1054770835,0.2958020243,0.1839230833,0.5508598076,0,0.0018393624,0.329,0.207,114.82254697286,62.6304801670146
"46061",0.1011004127,0,8.6880973067,1290,0.1139510117,0.0794824399,9008.73,7.8,0.1191144604,2.8601236235,3.0497263326,0.2567209448,0.0902251684,0.1035502042,0.2865089757,0.1803348478,0.1435004503,0,0,0.347,0.219,0,9.69180073657686
"46063",0.1913043478,0,0,1468,0.2047556143,0.152027027,5698.21,6.7,0.1303169302,3.0744945557,3.2180438804,0.2505593393,0.0964920429,0.1071167081,0.2981977541,0.1929262025,0.5179282869,0,0.001601281,0.325,0.198,0,0
"46065",0.1070656092,0.0007417551,27.387880863,1935,0.1237156201,0.0731596829,10717.87,8.2,0.1299144196,3.0669597051,3.0941496425,0.2389896763,0.0947344189,0.1047971588,0.2928839245,0.1747968344,0.8017859241,0.0020963173,0.0015864023,0.345,0.207,22.8519195612431,20.9475929311395
"46067",0.1318206375,0.0008229324,26.059525442,5745,0.1473796222,0.101658641,10404.93,8.7,0.1356312308,3.2161906306,3.292947164,0.2353086484,0.0998086572,0.1095101558,0.2903814406,0.1909389496,0.4355168187,0.0002710027,0.0014905149,0.314,0.223,36.4414886348107,45.5518607935134
"46069",0.1683778234,0,30.745580323,2142,0.1714285714,0.1573426573,6597.52,8.6,0.1397413017,3.2369662481,3.3371228076,0.2403136442,0.1017100939,0.1114284144,0.3032537524,0.2009609943,0.5823943662,0,0.0015600624,0.323,0.205,25.879917184265,0
"46071",0.2441735389,0,0,3403,0.3222416813,0.1214028777,10472.66,1.7,0.2847936435,5.6631305026,4.7148407747,0.1826884144,0.1923150503,0.1711656545,0.3699490292,0.3136533796,0.1474760805,0.0003023889,0.0012095555,0.395,0.319,10.0280786201364,10.0280786201364
"46073",0.1241331484,0.000496771,19.870839543,4283,0.1248730964,0.1221052632,9543.9,6.7,0.1372033632,3.1815299022,3.2209361355,0.2446666818,0.0987603278,0.1072127398,0.2979638295,0.1899561593,0.3843553839,0,0.0014684288,0.335,0.211,16.553550736633,16.553550736633
"46075",0.1578171091,0,0,1361,0.1646341463,0.1384615385,8096.58,5,0.1287722113,3.0887930319,3.2594172105,0.2388258164,0.0963562599,0.1087262846,0.2990436055,0.1862764995,0.555666004,0,0.0010775862,0.321,0.203,0,0
"46077",0.1071047009,0.0004049403,22.271714922,3064,0.1152073733,0.0901432182,9239.97,8.9,0.1286748424,3.0101967417,3.0289766925,0.2618646537,0.0946833667,0.1050010024,0.2962301789,0.1834035027,0.6666666667,0,0.0018296402,0.33,0.219,40.4176490400808,40.4176490400808
"46079",0.0858498706,0.0007032898,12.502930374,2894,0.0979104478,0.0579494799,9859.95,8.6,0.1261984926,3.1060574125,3.1883884409,0.242926858,0.0937549831,0.102697708,0.2994716644,0.1837953151,0.0971428571,0.0011488091,0.0003829364,0.321,0.21,36.513483907986,41.7296958948412
"46081",0.1191482699,0.0008899551,17.412165299,1796,0.1349734946,0.0719592443,8725.03,8,0.122513123,3.0495120024,3.0609707064,0.2536621672,0.0937537289,0.1028735463,0.2957183394,0.1872774836,0.8534672366,0.0019035779,0.0012043044,0.289,0.201,33.4164460324397,16.7082230162198
"46083",0.0693760796,0.001554116,12.923701086,4674,0.0834908374,0.042645344,10784.47,9.5,0.1094928384,2.7180198426,2.6931375672,0.2248762841,0.0800815782,0.09029922,0.2726105951,0.1490013071,0.8018872133,0.0026527454,0.0012413488,0.328,0.2,13.1180515320791,13.6646370125824
"46085",0.1685136897,0.0002644803,0,774,0.2015810277,0.1057957682,8690.12,6.4,0.1990256973,4.3568418635,4.0968235718,0.214400717,0.1374223783,0.13668007,0.3361700701,0.2567424454,0.3041278296,0.0005234232,0.0010468464,0.383,0.267,8.77269935959295,8.77269935959295
"46087",0.1228226887,0.000179019,16.111707841,2798,0.1412123264,0.0894770006,9225.9,8,0.1334779793,3.1456111317,3.1276618752,0.2339359301,0.0987450485,0.107636495,0.297069006,0.1858646587,0.2791028836,0,0.0005409304,0.334,0.212,42.036992553447,42.036992553447
"46089",0.1318746304,0.0004203447,21.017234132,1406,0.1424731183,0.1112956811,8823.24,6.3,0.1553515555,3.4922080398,3.5155243574,0.2329851067,0.1110566999,0.1195751285,0.3063144895,0.2122720973,0.4640097601,0,0.0004154549,0.358,0.241,13.9879703455029,0
"46091",0.1619318182,0.0002026342,22.289766971,5007,0.1659308315,0.1555004136,9793.16,7.7,0.136668726,3.07082218,3.0332803175,0.248302579,0.0977280401,0.1025713554,0.3061382981,0.1809551947,0.0195446735,0,0.0005868545,0.33,0.2,0,0
"46093",0.1010795751,0.0006706198,9.1769024425,2519,0.11765057,0.0596393897,8708.45,8.8,0.1268420131,3.1786784093,3.2010540913,0.2046526674,0.0958281821,0.1035531196,0.3207843132,0.1831347252,0.6696547928,0.0020852478,0.0009189227,0.294,0.212,28.1643861337339,19.9497735113948
"46095",0.220971564,0,0,4311,0.2868852459,0.0998389694,7821.03,3.1,0.2978383687,5.7602571969,5.0147474538,0.1688953946,0.1946108573,0.17519495,0.3525493869,0.3348895611,0,0,0.000489716,0.426,0.348,16.1498708010336,16.1498708010336
"46097",0.1189376443,0.0004512635,18.050541516,2932,0.129218107,0.097826087,8798.86,8.6,0.1355725323,3.1173825148,3.2558257003,0.2475526977,0.0996470661,0.1095944603,0.3022093422,0.1951428841,0.5190456258,0,0.0013556258,0.331,0.228,90.4840898808626,90.4840898808626
"46099",0.1095124786,0.0009941284,14.290596166,3532,0.1279626641,0.0686503889,9966.27,8.6,0.1267798434,3.0352534639,3.1384653395,0.2321781787,0.0941425782,0.101121479,0.3021506035,0.1731658547,0.921123752,0.0018405608,0.0021568261,0.305,0.197,26.9449721883265,17.1624026677239
"46101",0.1429112964,0.0003041363,15.206812652,4352,0.1588680303,0.1127946128,8472.4,8.5,0.1484072104,3.3417463274,3.4051452391,0.2240874425,0.107502766,0.113512408,0.3074217238,0.2064130151,0.5595127968,0.0007599939,0.0007599939,0.316,0.219,40.650406504065,40.650406504065
"46102",0.1709018036,0.0002821471,0,3364,0.2396769571,0.0638170974,NA,NA,0.3488954474,6.6037867948,5.3393589121,0.1852815974,0.2326503421,0.1896944161,0.3638707509,0.409373335,0.2894155749,0.000838633,0.0004892026,0.46,0.396,NA,NA
"46103",0.1291202746,0.0010635025,12.304987915,3016,0.1531210853,0.0707967933,9371.3,7.8,0.1476400319,3.2318962533,3.5988911717,0.2357707002,0.101224241,0.1128044823,0.2923574877,0.1905323427,0.944912232,0.0027477199,0.0020764528,0.337,0.213,19.0375772486308,28.1170371672085
"46105",0.1652173913,0.0003490401,24.432809773,2006,0.1725516322,0.1464646465,8650.5,8.1,0.1415673759,3.2863170205,3.3626704389,0.2442177018,0.1024299401,0.1114750447,0.2983576262,0.1926551629,0.7052313883,0.0020533881,0.0006844627,0.34,0.214,11.602274045713,11.602274045713
"46107",0.1146037983,0,18.578727357,4555,0.1210428305,0.0947368421,11711.64,8,0.1250403133,3.0215921433,3.1470409313,0.2492961126,0.094113639,0.1063264023,0.2879565469,0.1829038811,0.5753542293,0.0004531038,0.0027186226,0.337,0.219,15.330369461904,0
"46109",0.1902953069,0.0004810468,14.431402732,4588,0.223701731,0.1337305528,8712.67,7.2,0.1974438454,4.3023874857,3.9882984976,0.2124780563,0.1359030108,0.1374723162,0.3196138645,0.2490360414,0.3353039708,0.0007657701,0.0017229827,0.4,0.283,16.0400359296805,25.6640574874888
"46111",0.1176151762,0,0,2153,0.1251956182,0.0981387479,9716.43,6.3,0.1341039212,3.1773697199,3.1839116305,0.2400317152,0.0998504414,0.1085611472,0.3002825388,0.190355904,0.2887473461,0,0.0004116921,0.347,0.223,14.0944326990839,0
"46115",0.1175257732,0.0003136763,17.252195734,3844,0.1240687679,0.1022001419,11292.64,7.9,0.1314873809,3.1045497248,3.2037078002,0.2349411727,0.0974630694,0.1081964117,0.2999033134,0.1913965157,0.4787217459,0.0006158584,0.0006158584,0.345,0.207,5.21104742053153,5.21104742053153
"46117",0.1108879068,0.0012911556,0,379,0.1268349971,0.0811138015,8972.37,9.1,0.108805159,2.7118504698,2.8948166592,0.2704535059,0.0836629356,0.0961572818,0.2798397511,0.1615499649,0.8556979096,0.0003309067,0.0003309067,0.338,0.187,0,10.8213396818526
"46119",0.1003861004,0,21.567217829,1071,0.1056910569,0.0849673203,9853.66,7.3,0.1180491688,2.9146130171,3.0204079562,0.2497089431,0.0898908069,0.1007644719,0.2919654564,0.1730024209,0.0553532411,0,0.0007183908,0.332,0.209,23.9578342117873,23.9578342117873
"46121",0.1900807899,0.0002947824,2.9478235236,8073,0.2783525667,0.0790640394,17218.31,4.2,0.3475503071,6.4891831004,5.4515471884,0.1954070962,0.2364568666,0.2018291975,0.4059901072,0.4033234773,0.5212234707,0.0006807352,0.0014587183,0.489,0.403,25.9968153901147,55.2432327039938
"46123",0.1765567766,0.0009189487,5.513692336,5808,0.2044661549,0.1143079316,10616.16,7.4,0.1654159887,3.7188423641,3.5091522118,0.225397234,0.1179178884,0.1222839501,0.3125915448,0.2204038766,0.5877037562,0.0034684191,0.0016429354,0.38,0.27,73.6377025036819,36.8188512518409
"46125",0.1071865443,0,21.469465649,3014,0.1202559576,0.080760095,8887.51,8.9,0.1289274015,3.0949235807,3.189004627,0.237801124,0.0963779837,0.1067219635,0.2965563668,0.1834798774,0.5757757278,0.0002374169,0.0007122507,0.33,0.218,39.7203686050207,31.7762948840165
"46127",0.0823010867,0.0007532011,11.29801657,2676,0.0908101045,0.0657389635,10437.38,9.1,0.1172914085,2.7693420912,2.9505277633,0.2510770448,0.0874617079,0.0990125037,0.2873730231,0.1661456801,0.7181748733,0.0005121967,0.0021128113,0.372,0.2,37.7018620530758,29.3236704857257
"46129",0.1437376726,0.0011039558,20.239190432,2767,0.1682044003,0.0912576687,9068.3,7.8,0.1439958135,3.391867938,3.2758316752,0.2543699279,0.1047441936,0.1112919778,0.3138179942,0.2038910743,0.6452739978,0.0014318955,0.0010739216,0.335,0.234,61.1321677466683,61.1321677466683
"46135",0.111137782,0.0010081529,14.026474972,3328,0.1283126468,0.071932299,9793.53,7.9,0.142019603,3.2865376621,3.2536446054,0.2561826101,0.1015081474,0.1088118142,0.3035714107,0.2003945397,0.8348337642,0.0054221872,0.0011806375,0.377,0.218,20.460358056266,11.6916331750091
"46137",0.2001650846,0,0,1782,0.2485448196,0.0828877005,9697.68,3.9,0.3046438494,5.8502412404,4.6595013981,0.1898142899,0.2013802694,0.1741749252,0.381754219,0.3360481079,0.5783648697,0,0,0.474,0.355,0,12.2639195486878
"47001",0.1214061726,0.0004676661,14.939333316,4124,0.1482808825,0.0479971345,11254.43,7.6,0.2096881286,4.7117472068,5.3086440477,0.1546258682,0.1466088007,0.1689701648,0.4165934343,0.2438978792,0.6626069827,0.000915248,0.0012813472,0.355,0.253,71.4230059995325,20.3447350422911
"47003",0.1514778919,0.0002816165,7.8450304749,4481,0.1917789481,0.0575079872,11742,7.4,0.2459391146,5.2605188424,5.4846664074,0.1580038468,0.1654438919,0.1798372222,0.4263011794,0.2627394601,0.4949620489,0.0006729475,0.0009788327,0.374,0.278,24.1724300006715,17.4578661115961
"47005",0.1357880706,0.0001856436,10.51980198,4872,0.1664793165,0.0499081445,12248.57,6.8,0.2722946555,5.8605889351,5.9858973531,0.153234798,0.1847780455,0.1968758591,0.4161428337,0.2989299564,0.4830493056,0.000432526,0.001173999,0.384,0.29,26.8179473955647,28.8808664259928
"47007",0.1662617513,6.63834e-05,3.9830058417,2694,0.1943882369,0.0672191529,12829.98,6.8,0.2652338178,5.6929520939,5.790824444,0.1584815199,0.1771692733,0.1875195636,0.4237022487,0.2841588129,0.2380397639,0.0002710945,0.0006099627,0.362,0.288,39.96270147862,26.6418009857466
"47009",0.1161042241,0.0006912719,11.045323395,4180,0.1381886445,0.0525804012,11359.56,7.7,0.1957420653,4.719831003,5.3034723309,0.1724936285,0.1410562209,0.1645612062,0.3983275641,0.2199143983,0.6777497764,0.0012409687,0.0009516631,0.355,0.237,46.0935699469924,18.2871228594046
"47011",0.140206613,0.0004624919,13.78225881,4860,0.1747260338,0.0478616326,11951.76,6.8,0.2220643872,5.0442226666,5.4172987893,0.1587433339,0.1564975851,0.1748351539,0.3890119428,0.2458979097,0.7674989643,0.00093697,0.001218061,0.389,0.277,30.5642342887487,17.9063190782568
"47013",0.1289461694,0.0004015863,9.0356909794,4987,0.1572489083,0.0476880357,12079.53,6.5,0.2684898088,5.7301111187,6.1256860879,0.1503175851,0.1811293249,0.1990074799,0.43041578,0.2940772501,0.652126928,0.0005052674,0.0015158022,0.375,0.303,57.8558132514967,30.1856416964331
"47015",0.1245982067,6.81292e-05,7.4942090203,4813,0.1512864494,0.0505896958,11036.02,8,0.2365668039,5.2671458642,5.7575349472,0.1642273282,0.162930409,0.1841558083,0.4226315361,0.2724423335,0.2119411637,0.0001382935,0.0004148804,0.355,0.264,38.6477822993157,22.7339895878328
"47017",0.1262971642,0.0004321677,12.965030432,3894,0.1577832219,0.0462598425,12198.74,7.3,0.2482128725,5.3315933337,5.6832809606,0.152472024,0.1657683939,0.1839618338,0.4306956604,0.257779385,0.241006942,0.0004996431,0.0014275517,0.384,0.267,33.5064499916234,14.3599071392672
"47019",0.1395043493,0.0003369332,13.654661205,5180,0.1698233861,0.0403435962,12015.7,5,0.2585604667,5.5689934889,5.8149537554,0.1551126505,0.1743329328,0.1911075542,0.423134579,0.2784343332,0.8112809975,0.0003016805,0.0006565988,0.387,0.28,88.0822889572003,27.7843461811303
"47021",0.1173243054,0.0006147491,7.1310890894,4932,0.1396738062,0.0547001184,12199.39,8.5,0.2033610325,4.681878184,5.2791212943,0.1799637507,0.1428716847,0.1668662746,0.3945157901,0.2391212382,0.4888121724,0.0006924009,0.0009891441,0.339,0.241,34.3679167314475,20.4570932925283
"47023",0.1239575436,0.000231254,9.2501589871,3553,0.1540237121,0.0474339036,11837.05,7.9,0.2230479647,5.143253398,5.7270216963,0.1658420764,0.156623212,0.1797132602,0.4285933923,0.2522718754,0.336407682,0.0008682565,0.0008103728,0.39,0.264,23.0747043553504,21.1518123257379
"47025",0.1224904596,0.0006258018,5.9451171814,3787,0.1482394173,0.0438454044,11789.5,6.8,0.2577465138,5.6202138742,5.919889199,0.1523843679,0.1775971012,0.1938199462,0.4089858518,0.279170445,0.5356222643,0.0001574506,0.0015430155,0.363,0.276,60.5820050554639,20.8903465708496
"47027",0.1409888929,0.0002626395,3.9395929087,7319,0.1711996115,0.0570317563,12298.39,7.1,0.2845984129,6.0641266159,6.1699636286,0.1502036193,0.1928475822,0.2048408643,0.4329325498,0.3058482868,0.259381758,0,0.0007775042,0.404,0.313,21.7760550498672,34.8416880797875
"47029",0.128620164,0.0004443951,9.9988890123,4725,0.15915274,0.0399073822,11182.71,6,0.2748560216,5.9630304805,6.2175812958,0.1526444191,0.1887173912,0.2040456726,0.4230149926,0.3054768119,0.3806292412,0.0004752055,0.0010342707,0.382,0.29,37.9619084655056,24.0734053683694
"47031",0.1187791897,0.0006192498,10.969568294,4777,0.145990969,0.0536469913,12061.59,7.6,0.2188262238,5.0255126967,5.5245567662,0.1643245545,0.1534705947,0.1745737639,0.3966395977,0.2460219083,0.731854686,0.0021723519,0.0016157989,0.376,0.265,27.6711490003061,24.7274097449544
"47033",0.1532891832,0,18.271257906,4282,0.1904820614,0.0614294152,11773.59,7.4,0.2681906548,5.6203905635,5.8379560861,0.1553018752,0.1757610528,0.1873672337,0.433432619,0.2742211757,0.0300287947,6.97934e-05,0.0009073143,0.404,0.289,53.8162759137068,14.0390284992279
"47035",0.143213134,0.0006939855,9.253139458,4046,0.1720534787,0.0567582831,10500.12,6.8,0.2197433949,4.9842028362,5.4971034281,0.1662616381,0.1549430025,0.1761059414,0.4005987327,0.2702017864,0.6287799047,0.000318402,0.0009887219,0.367,0.248,61.6075161169663,23.1028185438624
"47037",0.1338405556,0.0009608957,13.484233819,4822,0.1564358262,0.0636607881,11205.76,7.8,0.1940558531,4.3855371908,4.9531750808,0.1685311083,0.1359548458,0.1482576623,0.3865025787,0.2047421961,0.9091292061,0.003179384,0.0021903385,0.324,0.221,34.5041849539648,13.0712232694686
"47039",0.1268948094,0.0003429649,7.7167109663,5933,0.1520578071,0.0603238866,13121.6,7.6,0.242606384,5.5038403696,5.785030809,0.1556681788,0.1696450947,0.1865091337,0.4128306784,0.2758633906,0.4848175555,0.0010251153,0.001537673,0.424,0.293,57.191878753217,51.4726908778953
"47041",0.1418670265,0.0003904344,7.8086871645,4121,0.1716560245,0.0594170404,11297.28,7,0.2392597912,5.3224244459,5.622555513,0.1563138762,0.1645854007,0.1793503024,0.4253334868,0.2570917047,0.3386209475,0.0003972589,0.0006455457,0.394,0.277,45.5543805417717,55.3160335150085
"47043",0.1169117316,0.0003151183,8.5267294432,5606,0.1434541683,0.0488642573,12214.15,7.9,0.2235548312,4.9662633946,5.5218414069,0.1630021665,0.1543398852,0.1770498456,0.401156268,0.2516995429,0.6821165385,0.0009916551,0.0012723122,0.364,0.254,43.271311120727,22.8719787352414
"47045",0.1151657181,0.000349848,11.841007562,6337,0.1446257738,0.0432414406,12916.78,6.2,0.2421132164,5.2969157524,5.640330101,0.1652762461,0.1643920859,0.1818356848,0.4100401934,0.2652629429,0.6161210382,0.0005359057,0.0013933548,0.399,0.274,41.3773252257763,21.5881696830137
"47047",0.1128595707,0.0003646707,9.7245520628,4026,0.1323396567,0.0510399388,11334.91,8.2,0.2137102444,4.7832933198,5.080856096,0.1647177821,0.1442138209,0.1630561463,0.4185383181,0.2301930936,0.4826230703,7.40613e-05,0.0004443676,0.385,0.257,33.2630212558819,12.9806912218076
"47049",0.1320619444,0.0004858824,6.4784322194,7086,0.1601202599,0.0540400104,12566.21,7.4,0.2728742036,5.7982712475,6.0171984842,0.1466365414,0.1869281615,0.2019760424,0.4209161452,0.3014940873,0.5519238265,0.0002744689,0.0008234067,0.37,0.28,36.0185135159472,21.6111081095683
"47051",0.1173615077,0.0005923048,10.187642153,4947,0.1405760398,0.0536063499,12113.6,7.5,0.2113285977,4.7584555682,5.229217411,0.1681046081,0.1476071481,0.170517878,0.4335888163,0.2526699881,0.5522020852,0.0004774409,0.0007400334,0.396,0.25,31.5998198810267,27.6498423958983
"47053",0.1169495407,0.0003663526,16.689394094,4385,0.1478617415,0.0439623887,12040.3,7,0.2403268693,5.0323915751,5.2535417034,0.1454322694,0.1607073657,0.1796117101,0.4130071721,0.261559422,0.5309260713,0.0002446733,0.0007951881,0.367,0.277,46.8314136978492,19.0040519353591
"47055",0.1312639747,0.0003393972,9.842519685,5056,0.1595624517,0.0536337671,11899.13,7.7,0.2323945117,5.0722379829,5.4097225542,0.1608920666,0.1578291108,0.1763985187,0.4098034867,0.2545787065,0.4365609632,0.0005084229,0.0010168457,0.38,0.26,57.629072171938,21.4696543385651
"47057",0.1385181524,0.0002144082,6.8610634648,3894,0.1662775427,0.0563973064,11086.61,NA,0.2546626858,5.463590851,5.8338272051,0.1581687155,0.1731406099,0.1910910656,0.4118289921,0.2819869016,0.2251401333,0.0001728235,0.0004752646,0.378,0.28,67.1140939597315,27.131229473083
"47059",0.1313457969,0.000579131,9.5556617296,3731,0.1604975882,0.0443871918,11135.16,6.5,0.2451475967,5.388990627,5.8625468601,0.1441810517,0.1675840436,0.1843893411,0.4153933499,0.2729797749,0.4460344903,0.0009263682,0.0013027053,0.38,0.284,87.6149946805182,24.551454553332
"47061",0.1417787671,0,5.9581440381,5522,0.1744354945,0.0544452102,12272.77,6.9,0.2802514751,6.0189016254,6.2588894309,0.150747931,0.190857017,0.205505563,0.4303841728,0.306184818,0.3570021163,0.0003746441,0.0008991458,0.375,0.28,44.7116101147598,24.8397833970888
"47063",0.1561085537,0.0005698093,12.320202051,4831,0.1958211986,0.0563067477,11328.57,6.5,0.2528375883,5.3759888618,5.6840320224,0.1371001384,0.1678989862,0.1839695984,0.4556829401,0.2691848018,0.6458173446,0.00161068,0.0017810404,0.376,0.284,39.0518619002842,21.5812921027886
"47065",0.1196924299,0.0011011299,13.567008515,3305,0.1443031876,0.0496643096,11621.25,7.2,0.1953867454,4.7030950878,5.2714432176,0.1661815313,0.1412631021,0.1561943389,0.3910796285,0.2046212181,0.89438066,0.0021301944,0.0018282339,0.311,0.227,39.3204270524538,14.5866100355877
"47067",0.1184183982,0.0001510574,0,3253,0.146039604,0.0439481268,12863.24,6.5,0.2772212894,5.9466752413,6.2255145968,0.158460367,0.1893721631,0.2052369966,0.4229623827,0.3075567888,0.0720046928,0,0.002137731,0.406,0.317,25.4297629946089,25.4297629946089
"47069",0.1231449512,0.0001197605,13.572854291,4108,0.1538268507,0.0444536768,12296.52,7.4,0.3020952613,5.9366338786,5.7526065604,0.1374568007,0.1873431553,0.1898496617,0.4738216089,0.2978735636,0.3093971306,0.001149881,0.0006344171,0.449,0.322,26.629030969563,13.3145154847815
"47071",0.1220894292,0.0005067831,12.864493997,3326,0.1484298674,0.0491588785,12156.77,7,0.2477637328,5.4314978333,5.7448229687,0.1559457157,0.1697463802,0.1880007065,0.4107278837,0.2857587387,0.4841312534,0.0009310987,0.0013190565,0.367,0.282,45.4480528755632,33.7614107075613
"47073",0.1165035221,0.0002817596,8.1005881731,3568,0.1419433076,0.0402080945,11635.94,6.8,0.2433254639,5.4204101828,5.7465762507,0.152838162,0.1665433224,0.1860166128,0.4229759375,0.2807116817,0.5402143121,0.0001768972,0.0008137272,0.387,0.262,58.204137785068,18.8134586780018
"47075",0.1199880979,0.0002889505,20.226537217,3720,0.1487577957,0.0448222566,10802.23,6.9,0.2865732051,5.5091793111,5.5840536264,0.1285819975,0.1762061423,0.1842496031,0.4602228132,0.2700043919,0.4780433278,0,0.0007499279,0.459,0.332,56.1569295714645,11.6186750837513
"47077",0.1271023008,0.000213394,7.8244478429,4818,0.1578000992,0.0487992611,11625.45,7.6,0.2411194086,5.4090435774,5.7203323036,0.1631594535,0.1705929779,0.1900750162,0.422873289,0.2822323761,0.4529151212,0.0004668366,0.0008259418,0.399,0.275,46.4064731080438,13.0890052356021
"47079",0.1293732383,0.000680167,14.530839388,4286,0.1580843041,0.0504491018,11112.7,6.6,0.2413222926,5.3532975911,5.7203585466,0.158396067,0.1665598941,0.183588983,0.4220401573,0.270842193,0.6393751933,0.0017615427,0.0009889363,0.381,0.277,66.1437178970432,35.1388501328042
"47081",0.1402646305,0.0001985861,3.971721344,3734,0.1699346405,0.0598611372,11984.42,7.5,0.2435770126,5.3166690128,5.8138446704,0.1665704215,0.1655671136,0.1844346638,0.4260862287,0.2712176007,0.3504252734,0.0003989945,0.000438894,0.371,0.281,39.667847887026,26.445231924684
"47083",0.1382279274,0.0002438727,12.193634923,5070,0.1686875133,0.0557413601,13006.6,7.8,0.2534189957,5.5078562537,5.9483423993,0.1595171861,0.1719250127,0.1922634119,0.425439095,0.2872792149,0.463802516,0.0019363427,0.0008471499,0.375,0.277,121.182743577315,117.143318791404
"47085",0.11790664,0.0002152621,12.915724895,5211,0.143647964,0.0483031954,13099.64,7.1,0.2313574556,5.2137395051,5.6213367711,0.1707511696,0.1608369375,0.1815010306,0.4198023601,0.2662452534,0.3906570288,0.0005409499,0.0008655199,0.351,0.274,70.070789464228,23.3569298214093
"47087",0.1422433288,0.0001696929,2.545392839,9453,0.1686217009,0.0555296314,13359.73,7.4,0.2543048563,5.6192641352,5.8910089429,0.1537791791,0.1769259033,0.1940547999,0.4201364733,0.2904984002,0.4798934525,0,8.50485e-05,0.377,0.278,62.1328513330321,45.1875282422052
"47089",0.1310730431,0.0004037068,10.276172126,3366,0.1574378741,0.0500139965,10860.97,7.7,0.2278530502,5.2654348023,5.6419170006,0.1708312779,0.1589293733,0.1788060491,0.4099762573,0.25391527,0.5329040792,0.0003147449,0.0008886914,0.359,0.259,54.3299107524387,21.3656952397231
"47091",0.1241170535,0.000337306,13.492241961,2813,0.1489385228,0.047523427,10771.26,7.1,0.2674029759,5.6853577067,5.9785254577,0.1585040912,0.1789965172,0.1933226468,0.4187846913,0.2954586362,1,0.0007874902,0.0014062324,0.381,0.298,65.5246653561734,31.8262660301413
"47093",0.10733021,0.0011247829,12.077063573,3409,0.12869235,0.0466107897,10948.94,7.3,0.1917683271,4.302701576,5.1729595508,0.1947771111,0.1316243453,0.1562984496,0.396438932,0.1913393208,0.8356114625,0.0037009257,0.0021320083,0.347,0.22,58.6021509186082,17.857003665646
"47095",0.1186531267,0,9.9771949829,8305,0.1448349308,0.0380267215,15232.98,6.8,0.3044591155,5.9587995176,5.7858279399,0.1529048467,0.1904827043,0.1904902262,0.4584424269,0.308902432,0.23046476,0.0001349346,0.0010794765,0.425,0.333,28.017744571562,28.017744571562
"47097",0.1251053963,7.80244e-05,7.022197948,6078,0.1584340902,0.0432809773,13369.6,7,0.3021108222,6.1601990903,5.9070284115,0.1352589188,0.194521009,0.1964675399,0.4631325469,0.2964396179,0.3292108575,0.0001548887,0.0008131655,0.42,0.334,24.7045209273297,13.0023794354367
"47099",0.1298814652,0.0003851207,10.647455938,5054,0.1652107403,0.0503284218,11788.63,7.7,0.2509036621,5.4561999939,5.8394024107,0.1590821694,0.1714751082,0.189984112,0.4110612508,0.2750726353,0.5635912011,0.0008002927,0.0012804683,0.384,0.277,29.4766756356381,24.1859902651389
"47101",0.1198734844,0.0001630258,9.7815454842,5743,0.1473408893,0.0484581498,10990.96,6,0.2457056462,5.4489856713,5.8788799824,0.1593330661,0.1714222954,0.1899274458,0.423821361,0.275669161,0.2110023847,0.0004137018,0.0006619229,0.388,0.286,54.4706811558679,13.617670288967
"47103",0.1323232694,0.0005237735,6.4016760752,3257,0.1633735914,0.0519530253,10937.37,7.8,0.234695688,5.1405102779,5.6344758704,0.1663668679,0.1611085456,0.180091594,0.4272278073,0.265382663,0.385599952,0.0003517308,0.0006741507,0.372,0.256,55.3274511516846,30.0903681702144
"47105",0.1369842117,0.0005178664,12.391802915,3226,0.162551087,0.0666356445,10510.52,8.2,0.1977861163,4.6892105765,5.2195848272,0.1758920556,0.1417158434,0.1612457795,0.4167150902,0.2230426382,0.5239723206,0.000603159,0.0008481924,0.36,0.228,67.2706625851684,16.6633751357756
"47107",0.1291304141,0.0005019147,13.942075324,3537,0.1587547633,0.0485992484,11253.94,7.1,0.2377011622,5.2462724832,5.6414546314,0.1520548981,0.163353738,0.1829403776,0.412891004,0.2620509949,0.5044388321,0.0006943793,0.0009383504,0.352,0.271,47.1209706919963,22.940472573735
"47109",0.1153962188,0.0003502763,10.508289873,4070,0.1417539989,0.046866772,11266.3,6.4,0.2660337009,5.8222992608,6.0510428993,0.1571613612,0.1802716265,0.1978947934,0.4286293263,0.2904862111,0.3707766059,0.0013549086,0.0007355218,0.393,0.3,38.8490326590868,29.7842583719665
"47111",0.149637213,0.0001625884,3.6582391675,8890,0.190179758,0.0517241379,13968.54,7.2,0.2638535029,5.8345699945,6.0490516008,0.151934762,0.1791579829,0.1947889538,0.4237350224,0.2896080564,0.4092502697,4.12116e-05,0.0006593859,0.382,0.301,54.2785029988873,25.7822889244715
"47113",0.1129167211,0.0013471587,15.716851731,4412,0.1397329484,0.0446501129,10813.54,7,0.2356226008,4.8531002191,5.3221646504,0.1356735949,0.1517321763,0.1698941684,0.4137582046,0.2323915748,0.7729566403,0.0025306081,0.00203883,0.431,0.267,46.6067242957112,11.2264372391129
"47115",0.1215586243,0.0003805307,6.9187394057,2594,0.1490413243,0.0458686271,12405.45,7.3,0.2356434891,5.3715516588,5.718386365,0.1669094153,0.1644795251,0.1852923362,0.4203850496,0.272081761,0.677196586,0.0003149606,0.0006649169,0.369,0.278,28.9331759368562,18.517232599588
"47117",0.1179761444,0.0001454545,8.1454545455,4447,0.143756355,0.0523547401,11581.25,7.4,0.2306738334,5.1021318708,5.4039856412,0.1577445788,0.1557441651,0.174899561,0.415740559,0.2526665227,0.5090309305,0.0004453285,0.0008609684,0.362,0.265,27.1649494537905,20.3737120903429
"47119",0.1133255129,0.0005394918,10.582339942,4076,0.1390434199,0.0478686536,11170.59,8,0.2060679474,4.6017330033,5.2130593077,0.1605887652,0.1400956962,0.1625712005,0.3936130623,0.2197132006,0.5990785118,0.0022789909,0.0013143947,0.393,0.242,29.6227916381059,17.2225532779686
"47121",0.1306895469,0.000483014,10.465303494,4475,0.1565961026,0.0569644947,12287.12,7.7,0.2369142432,5.2823343347,5.6323669768,0.1669887736,0.1632507515,0.1848894183,0.4224864362,0.2727595279,0.3297030545,8.12612e-05,0.0006500894,0.364,0.269,32.2061191626409,26.8384326355341
"47123",0.1316873573,0.0001933613,10.957138253,4400,0.1618180444,0.0490235555,11532.71,7.3,0.2638399007,5.6886038704,5.8882584427,0.1488237987,0.1755270471,0.1936368423,0.4248716861,0.2753745963,0.7541049889,0.0004314343,0.0007118666,0.356,0.275,46.402387224352,18.5609548897408
"47125",0.0934227811,0.0004067122,6.7944859397,4081,0.1163424274,0.0409824561,11351.32,6.8,0.2118472529,4.6551238942,5.0427582413,0.1626222843,0.141075953,0.1569828751,0.4284909114,0.2185873188,0.6547806257,0.0019130857,0.0008254431,0.38,0.248,21.2970880205469,20.1845535717124
"47127",0.101984127,0,6.1652281134,4157,0.1178486686,0.0568181818,9886.46,8.8,0.2120275044,4.7853438248,5.4233958779,0.1677540943,0.1496979176,0.1722351774,0.4115706876,0.2495475984,0.2008802263,0.0001559819,0.0004679457,0.35,0.25,41.3714640326835,41.3714640326835
"47129",0.1249255214,0.0001401673,7.9428117554,5699,0.1496386187,0.0556365403,10962.21,6.8,0.2771003564,5.8873132668,5.9587715132,0.1569431589,0.1863343562,0.1968244925,0.4452236832,0.3076032677,0.4884249784,9.26827e-05,0.0005097549,0.381,0.292,66.7567106018971,15.5248164190458
"47131",0.1251554793,0.0004988526,15.963284446,5905,0.1551238408,0.046065549,12434.35,7.1,0.2652814417,5.697664716,6.1282993424,0.15361272,0.1760130229,0.1917868807,0.4253410079,0.2756051455,0.7009777722,0.00046255,0.0014206892,0.387,0.297,44.2150176307383,13.2645052892215
"47133",0.13267075,0.0005395441,6.7443010656,7971,0.1612776335,0.0545941492,12154.51,8,0.2506424692,5.5800761737,5.7269032142,0.156500232,0.1738562798,0.1912528252,0.4243741365,0.2911177309,0.4529275914,9.0629e-05,0.0006344028,0.384,0.293,35.8878504672897,16.4485981308411
"47135",0.1452757175,0.0002476474,4.9529470035,7462,0.1774301676,0.0634307777,10860.06,5.7,0.2886875748,6.0542575021,6.2341199575,0.1529006907,0.1940954308,0.2067901126,0.4271814226,0.3084390904,0.1276058117,0.0006200397,0.0013640873,0.379,0.306,66.0093238169892,57.7581583398655
"47137",0.148824343,0.0005942948,9.9049128368,5844,0.1741795889,0.0688487585,13322.92,7.5,0.2533421465,5.5173337565,5.9116076302,0.160142092,0.1739827034,0.193995651,0.4159160187,0.2884908328,0.5670671656,0,0.0011806375,0.383,0.291,118.491211901784,72.4112961622013
"47139",0.1448254509,0.0004752852,12.476235741,4103,0.1731004902,0.0583434099,10523.6,7.8,0.2453119984,5.4543474006,5.7470112358,0.1624108468,0.1685258126,0.1887076319,0.4158289803,0.26812697,0.7338484398,5.91786e-05,0.000591786,0.376,0.263,47.4636606348265,27.6871353703154
"47141",0.1325353781,0.0006604773,10.966415353,5304,0.162153126,0.0489392618,11348.06,6.5,0.2250816771,5.0154934006,5.2907339504,0.1558392184,0.1606799994,0.1757542795,0.4086775119,0.2481776117,0.4739840434,0.002219601,0.0020547163,0.386,0.271,56.2460159072066,19.9985834336734
"47143",0.1397915625,0.0003618054,11.155666777,3191,0.1733928856,0.0541288028,10702.09,6.4,0.2581392039,5.5532424457,5.7946175463,0.1545728114,0.1770956955,0.1903364701,0.4292832759,0.2765837079,0.6373353453,0.0003934148,0.0008170924,0.379,0.267,53.1840166977743,19.0659682501455
"47145",0.1061757017,0.0003559252,11.989059983,5262,0.1276547379,0.0402131783,12008.86,7.5,0.2147601392,4.9374127134,5.328923313,0.1725734703,0.1511230587,0.1713649415,0.4151117939,0.2386046066,0.6516121888,0.0004516372,0.0009973654,0.366,0.246,85.4311780148787,23.6962391574116
"47147",0.1157009687,0.0003620514,10.583042068,3941,0.1431921644,0.0463711974,11854.68,8.5,0.2041965975,4.5830840513,5.2267376822,0.1693729872,0.1416262845,0.1654953715,0.4090571566,0.2355971382,0.583422597,0.0006336957,0.0009294204,0.344,0.248,26.0344026034403,21.8503021850302
"47149",0.1035579143,0.0004333629,6.7412010774,4744,0.1258650213,0.0480901735,11453.34,8.3,0.1876768046,4.3896352502,5.2746568952,0.1722383968,0.1327205941,0.1556574299,0.4217271539,0.1991798581,0.7556967906,0.0009449352,0.0010249623,0.39,0.22,22.4801191446315,14.2507898149003
"47151",0.1202986415,0.0003625159,6.3440275512,5691,0.1525784577,0.0421753607,13226.9,6.2,0.2714913045,5.9838536014,6.228954791,0.1539346428,0.1862263707,0.200267491,0.4356282956,0.3021258665,0.7105002699,0.0005444893,0.0010889786,0.379,0.304,55.8937716210704,18.1277097149418
"47153",0.125320787,0.0003327566,5.3241048849,2571,0.1498904647,0.0564440263,10802.15,5.2,0.2295358557,5.1587013875,5.6764972926,0.1615568431,0.1592841649,0.1804385232,0.4012704009,0.2611612992,0.3370890023,0.0002016671,0.0007394461,0.391,0.278,26.6205244243312,39.9307866364967
"47155",0.1764476202,0.0003562341,10.076335878,3609,0.2164638387,0.060153332,10268.19,7.4,0.2271278938,5.1995449321,5.5556568654,0.1554738898,0.1588714724,0.1759041636,0.41019511,0.2539349241,0.6371858626,0.0006844277,0.0012462714,0.356,0.272,55.520573080647,22.3436452641628
"47157",0.131718886,0.0008781795,8.9525228188,4469,0.1657483036,0.0481183219,11044.4,7.3,0.2321319052,4.7158032405,5.1224558245,0.1514616583,0.1507455713,0.1612217177,0.4585810817,0.2114388424,0.8668724209,0.0014416028,0.0013443561,0.383,0.261,30.296050441678,11.5701720253177
"47159",0.1206329884,0.000446495,5.4571612839,7810,0.1476186518,0.0488697524,12254.35,7.9,0.2352755384,5.230820869,5.7270065965,0.1689360314,0.1622855559,0.1830653177,0.4084709985,0.2682565809,0.4925388709,0.0001504363,0.0005014542,0.37,0.27,66.2427133015368,18.2167461579226
"47161",0.1264013453,7.29129e-05,7.2912869121,4315,0.1512170513,0.0576201841,12240.07,7.3,0.2207494293,4.9634094806,5.5426937102,0.1706581035,0.1547805677,0.1765896088,0.4199541542,0.2579747173,0.5432302612,0.0002949635,0.0009586314,0.365,0.25,75.3616141971557,12.1550990640574
"47163",0.1213272648,0.0012504105,13.956601915,3996,0.1484971231,0.0391867151,10755.75,6.7,0.2170680121,5.0548824227,5.7218605656,0.1537648537,0.1552251604,0.180522865,0.4102832172,0.2476483807,0.7812310694,0.0012050638,0.0021056904,0.335,0.245,92.2550029382587,21.9052975013217
"47165",0.1035399722,0.0004652792,7.8417841627,5554,0.1259811855,0.0480543835,12837.44,8.1,0.1844432383,4.4310762764,4.9669687678,0.1776561548,0.1324925326,0.1554505379,0.3947608336,0.2072824304,0.6540321828,0.0008335604,0.0009992038,0.369,0.238,29.4428677701644,17.2475970961318
"47167",0.1040508494,0.0002759785,9.091056673,4739,0.1287979762,0.0440977371,11631.26,8.3,0.2214276887,4.9396074055,5.4409433987,0.162239733,0.1512349359,0.1702813358,0.410473487,0.250474186,0.4935249914,0.000649551,0.0007632224,0.389,0.265,28.0932262909378,17.8283936077105
"47169",0.1286719073,0.0002658632,4.4310528181,10115,0.1556398104,0.0586538462,14688.58,NA,0.2452199453,5.2186779677,5.4962885788,0.1679551489,0.1619192811,0.1755308224,0.4267194107,0.2704974216,0.6695044473,0,0.0008172902,0.37,0.252,23.7030013925513,23.7030013925513
"47171",0.130454207,0.0003355142,13.420567019,4882,0.1572560916,0.0470449868,11887.68,7.3,0.2468141046,5.5264068746,5.696135895,0.1555850696,0.1708692367,0.1854147063,0.4159831765,0.2670978693,1,0.0001689094,0.0007882439,0.35,0.268,162.924399333321,170.415176314163
"47173",0.1372733547,0.0001502103,3.0042058882,4049,0.1671758316,0.0541781451,12010.5,7.5,0.2747269269,5.8508306098,6.1147361508,0.1539550339,0.1854335728,0.2027102755,0.4251445009,0.2994606325,0.2241875556,0.000558716,0.0006603007,0.37,0.282,55.1406085518071,21.7220579143483
"47175",0.1269585253,0,0,6190,0.1528682171,0.054375531,12257.8,7.4,0.2723613992,5.8624135066,6.1243776475,0.1563263966,0.1858772192,0.2016443015,0.422545784,0.3036916459,0.6288752704,0.0001734605,0.0001734605,0.37,0.291,90.9918107370337,90.9918107370337
"47177",0.1580456301,0.0005087579,9.6906267413,4382,0.1974284877,0.058908046,11789.01,7,0.2737162966,5.693978958,6.0010493719,0.1520945396,0.1800226982,0.1929629354,0.4243739224,0.2843466703,0.5661035669,0.000660502,0.0011008366,0.367,0.287,84.0336134453782,21.0084033613445
"47179",0.1189359296,0.0018164251,13.062801932,3906,0.1429105777,0.0451709117,10496.07,7.1,0.1968148356,4.7178781413,5.2480478586,0.1607245027,0.1422833929,0.1642498994,0.4014085495,0.2239653471,0.7040958212,0.0031258019,0.0031880069,0.347,0.232,71.5850948502507,22.9175303657277
"47181",0.1341277663,0.000299886,7.7970371259,4989,0.1580307837,0.0586552217,12291.9,6.8,0.2624300582,5.5186824358,5.6441437479,0.1609349874,0.1712322568,0.1846597217,0.4338521268,0.2861645973,0.7078902532,0.0002415751,0.0009663003,0.386,0.287,74.3643854888956,68.3348407195257
"47183",0.1152021331,0.0005700912,15.602496399,4592,0.1386698485,0.0446834293,12093.86,7,0.2366903913,5.2564896543,5.6235279654,0.1555073643,0.1644088157,0.181110568,0.4277674114,0.2618303783,0.2501641872,0.0003591202,0.0008978004,0.389,0.27,26.9792259959831,13.9892282942135
"47185",0.1277746426,0.0003656976,8.0453464984,4016,0.1578981344,0.0480895916,11662.19,6.4,0.2561053472,5.6718065781,5.7930853599,0.1550501703,0.1760457576,0.192064585,0.4124657755,0.2801712844,0.35888704,0.0001475634,0.000700926,0.368,0.275,64.5090616974403,25.5601942574764
"47187",0.0628041594,0.001438686,12.709091824,2483,0.0750482542,0.0388712928,10287.99,9.1,0.1216268975,3.2740039817,4.0131565948,0.1827528688,0.0961931533,0.1183736628,0.3499730519,0.1389495069,0.8044349336,0.0017218389,0.0012687234,0.28,0.168,22.3623284215411,13.4173970529246
"47189",0.0949814448,0.0003110807,9.4015498731,4375,0.1145199652,0.0475552952,11917.72,8.4,0.1728419486,4.0558844956,4.8550541082,0.184477609,0.124632444,0.1499907368,0.395399879,0.2021185472,0.5809040906,0.0005546667,0.0011306667,0.326,0.213,46.8376510110472,20.3040063496165
"48001",0.2080994612,0.0003810514,9.1798735602,4713,0.2381239208,0.1428571429,12350.85,6.4,0.2412283188,4.5209954469,4.5834909142,0.1955350573,0.146310279,0.1517022465,0.3804618229,0.2180329755,0.2638988676,0.0004306113,0.000533958,0.394,0.282,14.4011705271404,35.1388560862227
"48003",0.2094402277,0.0003742315,6.9500133654,4861,0.2373540856,0.1598751232,11338.56,8.1,0.231418701,4.1702195779,4.2829020251,0.1969214232,0.13107989,0.1378975541,0.3577263273,0.1732388951,0.9386581902,0.0001654898,0.0006619594,0.382,0.293,10.7696726019529,10.7696726019529
"48005",0.219638354,0.0006227296,11.186069308,4903,0.2605933957,0.1328674422,12649.91,6.5,0.245263797,5.0595738699,5.0769664126,0.1748504675,0.1550478785,0.1613470985,0.3725966066,0.2043067907,0.6512775005,0.001343407,0.0007807835,0.406,0.286,25.7096042639571,15.7327429077946
"48007",0.2494504152,0.0002977456,4.6788600595,2606,0.2789298203,0.1648096565,11044.31,5.7,0.2329916019,4.6349410932,4.7214042938,0.188944298,0.1448502884,0.1525001777,0.3662418692,0.1963220434,0.8060281544,0.0007985878,0.0004623403,0.355,0.277,50.6215197705158,47.8092131165982
"48009",0.1968926964,0,9.3534432363,5110,0.2093991672,0.1646090535,13638.61,7.6,0.1721334326,3.8625925482,4.4225275019,0.2215014052,0.12046905,0.1420654777,0.3524573145,0.1832778415,0.2250938812,0,0,0.352,0.23,42.1957113813341,46.0316851432736
"48011",0.1802696948,0,26.497085321,1685,0.1920326864,0.153674833,10090.25,6.3,0.1559676671,3.6885234446,4.3040138526,0.2210122678,0.1118025229,0.1351895971,0.3400824947,0.1712859699,0.0252498685,0,0.0005285412,0.333,0.207,17.7053824362606,0
"48013",0.2218593663,0.0001759428,5.8647586652,4365,0.2632060138,0.1365246995,12615.15,7.9,0.2535749523,4.3102571891,4.3276547577,0.1783037436,0.1373155125,0.1395974195,0.3588656793,0.1699105586,0.4116586137,0.0003975353,0.0004372888,0.382,0.315,11.0975474420153,16.9727196171999
"48015",0.2160460364,0.0001664891,11.321257326,3755,0.2443931594,0.1525651356,10899.79,8,0.1941275006,3.9397727586,4.3312707198,0.2052882591,0.1232251023,0.1382440204,0.3572151952,0.1708537204,0.2649470387,0.0003334556,0.0005001834,0.363,0.26,44.4479015034503,18.8903581389664
"48017",0.2810727179,0.0002857143,8.5714285714,5452,0.3336898396,0.1878980892,14270.16,8.5,0.2641623266,4.5100079754,4.3783608787,0.1782393803,0.1435538698,0.14281708,0.3619803468,0.1808593842,0.8212142359,0.0002846165,0.0008538494,0.385,0.299,4.82532329666088,4.82532329666088
"48019",0.2051984417,0.0002163378,9.5188646591,2207,0.2217088261,0.1524500907,10733.18,6.7,0.185047849,3.9578905301,4.3106608479,0.2040700485,0.1227418475,0.1390792442,0.3519784015,0.1800646862,0.5848181596,0.0006133894,0.0004381353,0.351,0.241,21.4908950241414,34.3854320386263
"48021",0.2267531326,0.0002705048,6.8753310866,3794,0.2619799479,0.1509401636,12570.38,7.9,0.2176966401,4.1685869563,4.4091975229,0.2052102476,0.130143614,0.1418716803,0.3673478307,0.1785832847,0.4751317901,0.0005748712,0.0003449227,0.357,0.264,27.3101384212495,17.9573512906846
"48023",0.1627118644,0.0014249074,14.24907381,9216,0.1777301927,0.1260606061,14229.85,7.5,0.1849753556,4.0940871908,4.5391013778,0.2048060713,0.1265407529,0.1446065722,0.3582973107,0.1886399024,0.85856146,0,0.0005583473,0.358,0.246,9.42595909133754,9.42595909133754
"48025",0.1862232549,0.0002149547,4.6061722708,5479,0.22888322,0.0984246278,13445.65,6.5,0.2889528432,4.8124308496,4.4488341804,0.1785827026,0.1550254172,0.1469344517,0.3858255696,0.2025341859,0.5088980258,0.0004296192,0.0005523675,0.412,0.32,17.4064403829417,19.4542568985819
"48027",0.1664755437,0.0007715114,8.3213014295,4125,0.1995486422,0.098867762,10990.98,6.8,0.1970121381,4.0996023887,4.231980682,0.1731433192,0.1266443284,0.1379913261,0.3847673058,0.1813585379,0.776801457,0.002159475,0.001684278,0.39,0.254,17.4553258495921,18.7415077542988
"48029",0.1913930692,0.0007641421,5.6848979364,3458,0.2330452593,0.0952227812,11273.01,7.2,0.2190636854,4.1375770559,4.2194909499,0.1727309463,0.1253659992,0.1328947257,0.3721678949,0.1457822254,0.8626412942,0.0017748807,0.0009763103,0.397,0.253,18.565839586492,12.5157360865072
"48031",0.2170794576,0.0004190764,10.057832537,2632,0.2202966662,0.2092403376,11127.9,8.2,0.1732035846,3.8046100753,4.2271214801,0.2095517574,0.1164003017,0.1331455707,0.3511775855,0.1651545568,0.4988091836,8.54555e-05,0.0002563664,0.352,0.229,44.5657623530723,16.7121608824021
"48033",0.1226993865,0,0,NA,0.125698324,0.1151079137,12112.06,6.8,0.1392950102,3.2610817901,3.8484147423,0.2283110526,0.097723631,0.1184702407,0.3337948612,0.1422668077,0,0,0,0.314,0.181,0,0
"48035",0.2297111417,0.0005351887,14.985282312,5439,0.258790436,0.1578167449,10983.43,6.6,0.2049775266,4.3587664062,4.6506284404,0.1968602001,0.1349883619,0.1499951022,0.3604514255,0.1967434092,0.3138040852,0.0002140067,0.0004280135,0.357,0.257,53.5915253934511,53.5915253934511
"48037",0.1729141138,0.0007185372,12.869322752,4626,0.2092248508,0.092153812,12658.97,6.7,0.2139161971,4.535809943,4.7181215806,0.1832849303,0.139614348,0.1514742637,0.3892414887,0.2024801343,0.4086317723,0.0009859633,0.0014842458,0.382,0.265,12.0974915495463,20.9927059242128
"48039",0.1635281311,0.0006412586,6.5194621978,4690,0.1928615196,0.1022976517,13233.09,8,0.1759560039,3.5247691379,4.1131585756,0.1923294977,0.1097166894,0.1231040036,0.3744434789,0.1523916002,0.8051352957,0.0006726094,0.0006023771,0.389,0.26,15.7335850706945,13.6891079146155
"48041",0.175425603,0.0008507445,7.8966541745,4040,0.1977562572,0.1146672666,11993,6.6,0.189742821,3.7732533177,4.3022241591,0.1794133938,0.123901408,0.1362619514,0.3474613092,0.1582589053,0.8863490565,0.0008687676,0.0005953483,0.367,0.246,25.1262120129436,9.87619894150385
"48043",0.21173063,0.0008692818,14.125828534,3121,0.2348903718,0.1419612315,8813.38,6.2,0.2020032892,3.8979865584,4.0645775325,0.1913982332,0.1208623452,0.1274011608,0.3457026351,0.1499570559,0.579397747,0.0012949174,0.0007553685,0.358,0.251,18.0459811599957,39.7011585519905
"48045",0.2411971831,0.0006468305,19.404915912,2447,0.2535714286,0.2057877814,11187.23,2.9,0.2261656008,4.549177689,4.6754501135,0.1849059201,0.1425875123,0.1520937665,0.3676801307,0.1946778585,0.7122785583,0,0.0006596306,0.39,0.293,0,21.982853374368
"48047",0.1859474805,0,5.639362752,7356,0.236988111,0.0843187661,15566.14,5.5,0.3597984844,5.2277728459,4.6075776557,0.1522549852,0.1761127945,0.1539734805,0.3788615561,0.1866540992,0.4201855185,0.0001405679,0.0002811358,0.453,0.406,37.7875395588305,37.7875395588305
"48049",0.2004345277,0.0005810268,17.16670188,3007,0.2271545407,0.1339735894,12419.28,6.6,0.2059335496,4.2800919608,4.5722744191,0.1974104911,0.1330911008,0.1466764519,0.360243617,0.1896190784,0.6486904949,0.0018194283,0.0008174243,0.388,0.259,67.0069916505762,17.6334188554148
"48051",0.2031055901,0.0004337689,10.84422274,3775,0.2256838906,0.1473256925,12066.66,7.6,0.2105579471,4.3607943782,4.5550942396,0.1939738688,0.1334995937,0.1468973974,0.371396482,0.2014633952,0.4987490545,0.0001087607,0.0004350427,0.362,0.253,45.1703826834821,9.03407653669642
"48053",0.2089882054,0.0003945592,12.04443983,3575,0.2374009873,0.1397149061,11014.53,7.5,0.1869655344,3.9585931148,4.3830016207,0.1966023927,0.1229294827,0.1383192182,0.3484648751,0.1783013803,0.6297777778,0.000652055,0.0005889529,0.347,0.251,49.5356037151703,21.327829377365
"48055",0.2565316648,0.0002748259,8.931843166,5215,0.2997281553,0.1516248928,13695.91,7.3,0.2550296243,4.4503931994,4.3950115802,0.1856065752,0.1452340398,0.1477624526,0.3716006241,0.1876101447,0.5871906688,0.0007630587,0.0005087058,0.399,0.317,25.9760103904042,16.0440064176026
"48057",0.2033185324,0.0005166745,9.8637858149,6266,0.2316580012,0.1388888889,14251.91,5.3,0.2368112286,4.3181623929,4.3185640223,0.1873861341,0.1353864449,0.1388359296,0.3699218043,0.1750578425,0.5521724896,0.0001391401,0.0006029405,0.388,0.281,51.6820146588987,9.39672993798158
"48059",0.1840927769,7.17206e-05,10.758086495,4607,0.211209068,0.1164987406,13386.02,7,0.1970131414,4.3688325215,4.752595119,0.2056678613,0.1328805466,0.152606196,0.3628335349,0.2021203138,0.5455552274,7.14592e-05,0.0005716736,0.371,0.238,23.7829096011606,26.1612005612767
"48061",0.3082167901,0.0004962627,4.938995139,5178,0.3981850546,0.1385001598,13145.44,5.6,0.3412066008,5.1299203792,4.7238784389,0.1571932522,0.1712603139,0.1539622835,0.3913108634,0.1784908393,0.6560927576,0.0005661606,0.0006652387,0.427,0.331,15.88985967366,7.94492983683002
"48063",0.217669532,0.0008400794,9.1645028257,4987,0.2541707556,0.143020595,13660.92,7.2,0.2353546469,4.6171320466,4.7146348349,0.1778029954,0.1454993398,0.1548393493,0.3806958963,0.204004314,0.6014031127,0.0004603698,0.0001534566,0.385,0.277,25.5186669048409,51.0373338096818
"48065",0.1536003409,0,18.562267972,4553,0.1634819533,0.1325136612,11639.01,7.9,0.1527345688,3.6413254743,4.2397048734,0.2222429822,0.1090176769,0.130620196,0.3407981146,0.1629866562,0.7240375283,0,0.0011656953,0.345,0.21,5.62271577171774,5.62271577171774
"48067",0.167727035,0.0002331313,18.983547592,4290,0.1948580806,0.1032719836,12753.48,6.7,0.2213061945,4.5849706845,4.9086907858,0.1865294544,0.1458027479,0.162300328,0.3841267697,0.2223550569,0.3631499475,0.0002324114,0.0004980245,0.369,0.273,44.4325957522438,29.9920021327646
"48069",0.2925257732,0.0001328021,9.2961487384,3974,0.3415998055,0.1979260595,12787.23,8.1,0.2663366133,4.5225416778,4.4156053355,0.182836918,0.1435640768,0.1420433937,0.3685076683,0.1771597049,0.4892086331,0.0001304631,0.0003913894,0.382,0.31,26.5592492585543,26.5592492585543
"48071",0.1591334165,0.0001140589,4.7904738007,8828,0.1781692284,0.1218178979,14565.92,7.9,0.1917524042,4.0636225803,4.3867272614,0.1967738226,0.1260999097,0.1403967635,0.3661665466,0.1804244252,0.7033280146,0.000259104,0.0005417628,0.359,0.237,9.85737141817244,17.4399648167666
"48073",0.2237398857,0.0004178855,8.737605896,3948,0.2665963406,0.1378676471,13245.73,6.6,0.2482981105,4.7417455257,4.9603479284,0.1845295258,0.1508845391,0.1611160482,0.3864537129,0.2094582911,0.4745599371,0.000893672,0.0004373289,0.418,0.312,25.2983625634831,19.6062309866994
"48075",0.231254222,0.001368738,10.949904188,4692,0.2671210646,0.1530967293,11325.56,5.8,0.2416327862,4.5911561951,4.5265605267,0.1922309792,0.1457465279,0.1477372506,0.3778062801,0.2068029555,0.7419400653,0.000685777,0.0010972432,0.393,0.29,50.5979760809568,64.3974241030359
"48077",0.1876722626,0.0003820074,12.415242097,4565,0.2039507007,0.1440366972,13471.24,5.8,0.1801073321,4.056945068,4.5331360239,0.222915869,0.1254816096,0.1468480186,0.3605937046,0.1915649563,0.1852678571,0,0.0001912777,0.337,0.222,50.8307653207104,38.1230739905328
"48079",0.285038693,0.0007010165,14.020329478,703,0.328358209,0.1899736148,11171.14,6.6,0.3164922844,5.2173352893,4.8411662579,0.1644519767,0.1713384191,0.1648599058,0.3849348478,0.2143022731,0.4752158618,0,0.0003526093,0.436,0.374,11.6468669927789,11.6468669927789
"48081",0.1931771476,0,14.762326543,4372,0.2069364162,0.1613333333,13443.76,4.2,0.2098518515,4.3388385471,4.64672942,0.1982108736,0.1347748878,0.1496406747,0.3582855181,0.1938381918,0.7234939759,0,0,0.362,0.258,9.92063492063492,0
"48083",0.2556403451,0.0006116208,23.241590214,8629,0.2840263576,0.1791304348,12983.23,6.7,0.2248463108,4.6124995262,4.7968899158,0.1941861707,0.14442341,0.1567743301,0.3733529658,0.2102467531,0.6905002811,0.0001190902,0.0005954508,0.353,0.257,89.1699092088197,56.7444876783398
"48085",0.1248879613,0.0010089589,6.5524339683,3603,0.1429472724,0.0877663058,12817.84,8.4,0.1354226215,3.0871652771,3.4486006124,0.1865873454,0.0933388526,0.1059074375,0.349903563,0.115437232,0.9012898468,0.0011351585,0.0007192985,0.28,0.191,18.155847870062,11.0541799421262
"48087",0.3228718831,0.0003424658,13.698630137,9321,0.3642547928,0.2303595206,15937.33,7.6,0.2414899703,4.6101717809,4.7245209411,0.1868905276,0.1462499549,0.1540757264,0.3687946505,0.2011584785,0.7052666012,0.0003376097,0.0016880486,0.387,0.297,11.4168284050691,11.4168284050691
"48089",0.2484366462,0.0004652678,12.562229563,4901,0.2778686408,0.181995704,13364.08,7.8,0.2184468431,4.2742708025,4.4433965409,0.187871884,0.13307072,0.1430672787,0.3685114666,0.1859081922,0.5749257449,0.0001885281,0.0002827921,0.403,0.283,68.407960199005,18.6567164179104
"48091",0.1499591734,0.0006657747,9.9866204892,3247,0.1644284382,0.1166138941,11538.08,8,0.1615570921,3.4590977879,4.0573655052,0.2203621179,0.1066502326,0.1239251904,0.3320897672,0.151384319,0.8390552401,0.0012805564,0.000647018,0.337,0.213,14.2737231409008,20.6649424577221
"48093",0.2407353085,0.0005133847,9.534286762,5026,0.2707645765,0.1694094869,12547.38,7.3,0.2163063747,4.3803090316,4.5865706515,0.1943089145,0.1363956416,0.1476371855,0.360823413,0.1901177634,0.1517818806,0.0004433279,0.0005911039,0.35,0.26,48.8770497812752,24.4385248906376
"48095",0.2190287413,0.0003668379,0,7151,0.2384364821,0.1614785992,14999.79,7.1,0.2801300032,4.635740912,4.2440898812,0.1959721944,0.1481268706,0.138079909,0.3734093686,0.1942557943,0.7012478591,0.0002338634,0.0004677268,0.375,0.303,10.1739749720216,10.1739749720216
"48097",0.2195173774,0.0002908597,9.6953244298,4069,0.2476635514,0.153698075,13126.42,7.7,0.1923457019,4.142041311,4.5478405839,0.2019495301,0.1280412111,0.1456198898,0.3586516367,0.1886183121,0.520384005,0.0005915118,0.0007393898,0.356,0.244,24.3459066415633,25.1574368629488
"48099",0.1604803102,0.0001843294,6.8465194665,3476,0.1943238731,0.088572897,11547.82,5.1,0.2087626165,4.3574154778,4.6493898681,0.1986137826,0.1350035068,0.1503978395,0.397484677,0.201523863,0.6384703136,0.0005213346,0.0005079671,0.362,0.267,20.6597039068819,18.9014312339558
"48101",0.2162679426,0,21.459227468,3137,0.2408660352,0.1591591592,12895.73,0.6,0.2818119841,5.2574403247,5.1564122037,0.1692147642,0.1696717031,0.1730177347,0.3894846646,0.2303299848,0.8418604651,0,0,0.403,0.309,24.0963855421687,0
"48103",0.2035440613,0.0002084636,10.423181155,6135,0.2293084916,0.1535298149,13484.45,8.9,0.2288722097,4.0334033627,4.1754517905,0.1928543903,0.1268035651,0.1319047918,0.3612847022,0.1589372844,0.9213714286,0,0.0002085941,0.37,0.286,6.96572861521315,6.96572861521315
"48105",0.2089499648,0.0002886836,14.434180139,3455,0.2354124748,0.1505617978,11803.57,8.2,0.2399642639,4.1240271518,4.1563086552,0.1865017607,0.1305708795,0.1332245885,0.3585289691,0.1610675941,0.1831137403,0,0.0002857959,0.385,0.329,0,9.54562810232913
"48107",0.214863388,0.0003486143,15.687641625,2380,0.2543831686,0.1315789474,12914.88,7.4,0.287599242,4.9475243093,4.73515031,0.1705414318,0.1600529906,0.1570396449,0.3762586033,0.199472138,0.3241458987,0,0.000519121,0.396,0.332,35.1226365392495,35.1226365392495
"48109",0.2426602756,0.0004606172,0,7815,0.2715121136,0.1723446894,13293.88,6.7,0.3583527333,5.5125605223,4.9660522909,0.1492694315,0.1852368554,0.1681765593,0.3918728087,0.2182737921,0.9307756464,0,0.000907441,0.446,0.392,0,15.3280196198651
"48111",0.3381726369,0.0006861534,13.723068478,4028,0.3783583929,0.2661628883,13380.4,6.6,0.2432113341,4.4502839321,4.5742368169,0.1944425644,0.1413611533,0.1486346973,0.3667827687,0.1933321924,0.9266000298,0.0002777778,0.0015277778,0.394,0.333,4.59558823529412,4.59558823529412
"48113",0.2508259406,0.0007068824,7.5165546329,4246,0.2908366096,0.1572204456,12606.22,7.4,0.2263676351,4.0628019138,4.3526983231,0.1829815488,0.1288255175,0.133008908,0.3692669603,0.160440343,0.9627462746,0.0014728339,0.0010611228,0.36,0.283,22.5181485403789,10.9366639457764
"48115",0.2320143885,0.0003928347,14.927718416,5131,0.2842122033,0.1326561099,13364.44,5.4,0.3143768518,5.2243548167,4.8258635521,0.1697755497,0.1700207757,0.1604335468,0.3870826616,0.2160648078,0.6830767006,7.92456e-05,0.0005547191,0.42,0.361,33.9239581430547,31.3144229012813
"48117",0.2615996465,0.00010784,9.7055968942,2665,0.3291200778,0.142074632,11602.22,7.6,0.2744050343,4.5519130498,4.3803770301,0.1731742831,0.1462080515,0.1425689785,0.3642664657,0.1734297172,0.8081767499,5.33049e-05,0.0010660981,0.404,0.345,23.3884461076228,19.790223629527
"48119",0.1859020311,0.0001875821,9.3791033577,5186,0.2110773387,0.1279069767,13738.65,7.1,0.2157047118,4.6101479161,4.910430988,0.1942762093,0.1438251187,0.1597073272,0.3731356019,0.2140836727,0.6933664691,0.0003739017,0.0003739017,0.367,0.25,62.3869237007923,62.3869237007923
"48121",0.134069587,0.0005398966,5.7934619542,3940,0.1492207323,0.0990968852,12820.09,8.2,0.1431085681,3.4257011961,3.8765534924,0.2114166387,0.0999604607,0.1155288741,0.3353553007,0.1339601537,0.9447642217,0.0011198234,0.000647216,0.302,0.203,18.4574175746878,11.0294324531671
"48123",0.2009217224,0.0005456349,16.865079365,4597,0.2296669631,0.1395698925,13057.11,7.7,0.2402495271,4.4974050729,4.6134759767,0.1882669614,0.1422716376,0.148721897,0.3764744084,0.1972398114,0.6011344977,0.0001486105,0.0006439788,0.391,0.297,59.4834850712976,21.4801473868575
"48125",0.2195301028,0.000452284,18.091361375,1928,0.2438016529,0.1642857143,12119.38,6.7,0.2447789441,4.6409809184,4.5565478658,0.1886508881,0.146895218,0.1483894824,0.3730845815,0.2019639744,0.3723404255,0.0004446421,0.0004446421,0.381,0.289,15.1515151515152,15.1515151515152
"48127",0.2045898438,0.0003951008,6.9142631371,5647,0.2549889135,0.1096401901,15686.08,4.2,0.360498885,5.3346387629,4.7169752526,0.1531057158,0.1780258927,0.1588050086,0.3798438733,0.1929837836,0.6764705882,0.0002910361,0.0006790842,0.457,0.427,3.29413314886188,3.29413314886188
"48129",0.2125949084,0,18.303843807,3416,0.2315270936,0.1631097561,13176.09,7.2,0.1952521418,4.2980323596,4.6411238133,0.2030222949,0.1326406507,0.1497750971,0.3684828377,0.1964776997,0.778895839,0,0.0012051823,0.368,0.24,10.0959111559818,10.0959111559818
"48131",0.2193738925,0,3.5851931523,5698,0.2704501664,0.1169732732,17366.24,6.1,0.3443459508,5.1213831928,4.5677299938,0.1590116532,0.1686000627,0.1511761612,0.3790868112,0.1856703266,0.5774062129,8.91902e-05,0.0005351409,0.42,0.364,17.9495617315344,29.915936219224
"48133",0.2411075926,0.0002723312,13.616557734,4584,0.2763332314,0.1520423601,12293.67,6.3,0.2284957339,4.7269158554,4.9541646493,0.1912498545,0.1491511322,0.1622005747,0.3691360343,0.2177169004,0.5301081634,0.0002183168,0.0003820544,0.384,0.277,47.2126384601416,21.7904485200654
"48135",0.2204662109,0.0005955854,7.4598581424,5025,0.256497948,0.1545643154,11769.8,7.9,0.2397504739,4.3185756191,4.2915554465,0.1931113681,0.1332905495,0.1364846583,0.3660072668,0.1712586689,0.710595785,0.000468777,0.0007956873,0.396,0.311,18.5465922652646,15.7242847466374
"48137",0.2577319588,0.0005175983,15.527950311,3506,0.2903907075,0.1875,14895.66,7.2,0.2563847775,4.4374514616,4.3518851375,0.18204183,0.141558984,0.1416068644,0.3653744629,0.1759533077,0.0284715285,0.0005186722,0,0.406,0.343,17.2920629431091,17.2920629431091
"48139",0.1889675549,0.0004111976,8.5485808274,4579,0.2179607194,0.1274835732,12612.02,7.9,0.1793340904,3.598322675,3.9553375391,0.1934984854,0.1155117465,0.1344723009,0.3500201051,0.1749180315,0.6595882628,0.000635324,0.0005517288,0.347,0.24,18.7042958731849,14.7476179000112
"48141",0.243420359,0.0004992624,5.0164554036,3809,0.3011107557,0.117345675,11382.9,7.1,0.2713160633,4.3988817259,4.5130696589,0.1871405403,0.1391379953,0.1363603641,0.3688818536,0.1515628116,0.8176137549,0.0009229766,0.0007802483,0.377,0.303,19.8708434835929,11.5020850503831
"48143",0.236852463,0.0005620872,11.007541337,3525,0.264584102,0.1632181378,10791.96,6.2,0.2021654322,4.3359448215,4.6351579792,0.191551392,0.1341593727,0.1481281289,0.3598166605,0.1853971578,0.6453417788,0.0009188145,0.0004240682,0.343,0.238,66.2158793468777,12.4641655241182
"48145",0.2136333444,0.000115627,13.297103544,6550,0.2492974239,0.1300326442,11178.38,6.6,0.2690108162,5.0264851233,4.9993695349,0.1659288097,0.1608712357,0.1679306378,0.3945143617,0.2230934427,0.4468823464,0.0001730603,0.0004038073,0.408,0.319,26.9713140809525,38.530448687075
"48147",0.2146693902,0.0001971054,10.981584727,6262,0.2446886832,0.1421254802,13892.6,6.7,0.2046913542,4.424974447,4.694528904,0.2042591112,0.136134808,0.1510546075,0.3682551477,0.2051086036,0.3932478254,0.0010202347,0.0004250978,0.352,0.252,23.4273237562434,19.6789519552444
"48149",0.2157274342,0.0003156317,19.726978616,3237,0.2343865348,0.1691900076,12106.84,7.7,0.2062616698,4.2638487469,4.487783009,0.1959004589,0.1327592789,0.1458779216,0.3618953095,0.1939071599,0.575384866,0.000276145,0.0004733915,0.367,0.246,69.5154901497862,14.4277432386349
"48151",0.1946002805,0.0002610966,20.88772846,2963,0.2066601371,0.1668611435,12132.66,7.4,0.2069248453,4.199715076,4.4253179943,0.1986907429,0.1299894153,0.1419241531,0.360550595,0.1822113545,0.0364871666,0,0.001041938,0.378,0.252,8.73133676765913,8.73133676765913
"48153",0.2594771242,0.0005252101,19.257703081,4749,0.3093410109,0.1563307494,12911.8,7.9,0.2766537789,4.7671520993,4.5709791261,0.1740312482,0.1526882179,0.1498793236,0.3742078007,0.188968231,0.828420726,0,0.0003426418,0.391,0.313,46.4549097032693,46.4549097032693
"48155",0.2290167866,0,0,6028,0.2438220758,0.1818181818,14927.31,3.9,0.2169988449,4.4625988261,4.7749681232,0.2011676252,0.1377117437,0.1549828407,0.3682901312,0.2034957129,0.4139221557,0,0.0008333333,0.379,0.283,28.6532951289398,28.6532951289398
"48157",0.1498597073,0.0008476163,4.669281793,4339,0.176283229,0.0963817948,12828.16,8.4,0.1494237871,3.0278034665,3.3677675084,0.1759268948,0.0947731982,0.1058183578,0.3536827669,0.1245611323,0.8925406791,0.0007031724,0.0006701715,0.306,0.216,14.3896571571941,10.4540244304402
"48159",0.172667068,0.0002797203,12.121212121,2450,0.1883415715,0.1395438732,12571.46,6,0.1740150769,3.867503481,4.3776229526,0.2159362781,0.1190402838,0.1380953128,0.3545207491,0.1755562311,0.0751532296,0.00037154,0.00018577,0.341,0.211,30.9482545184452,30.9482545184452
"48161",0.2081810514,0.0003043059,11.157884059,5635,0.2389407468,0.144093466,12841.5,6.6,0.2323382403,4.5928612887,4.850387526,0.1896460171,0.1467729983,0.1575148876,0.3849091501,0.2146830623,0.3471941865,0.000151454,0.0005553312,0.381,0.276,45.4553106954663,23.5694203606121
"48163",0.228066499,0.0001969861,5.4171180932,3275,0.2789268892,0.1231914014,13573.58,6.7,0.3138766604,4.8123083462,4.38184657,0.1707204747,0.1569089784,0.1426720536,0.379743743,0.1876025506,0.4058779114,0.0002523214,0.0006055713,0.408,0.363,8.26432620948414,13.2229219351746
"48165",0.3575324141,9.30579e-05,13.02810348,3747,0.4040712468,0.2872167272,11496.63,8.2,0.2698447359,4.8437769932,4.8230460202,0.1838717314,0.1546420249,0.16097945,0.3718268609,0.2148777064,0.3600365172,9.56892e-05,0.0001913784,0.362,0.308,12.4244824426532,12.4244824426532
"48167",0.1740746164,0.0007628478,7.0731486326,5867,0.2000019497,0.1126236617,13565.51,7.2,0.1911985074,3.9218362824,4.2798228622,0.2151930406,0.1178418867,0.1363456759,0.3913721848,0.1826728674,0.8445465125,0.0011098286,0.0008878629,0.356,0.233,28.4845256838725,15.8030587698197
"48169",0.2356119968,0.0001605394,11.23775887,6150,0.2695970696,0.1441090555,15737.73,7.3,0.2815601255,4.7736126539,4.5042778663,0.1882454399,0.1532557578,0.147324499,0.370054369,0.2043191317,0.1275344374,0,0,0.4,0.323,36.785958274213,36.785958274213
"48171",0.2415351087,0.0012227657,15.56247221,2094,0.2554577074,0.2089071722,10312.77,8,0.1753448008,3.7897144916,4.1568464227,0.2045348484,0.1154232728,0.1306502097,0.3423509073,0.1602098046,0.7090228288,0.0008953887,0.000559618,0.346,0.22,63.1563304933624,19.8137507430157
"48173",0.1910299003,0,0,NA,0.1942789035,0.1846965699,6534.5,5,0.2235349815,4.3076055221,4.4246083799,0.1959577117,0.1341377297,0.142561504,0.3554636472,0.1818252366,0,0,0,0.378,0.287,23.6071765816808,23.6071765816808
"48175",0.1701906412,0,9.1407678245,4833,0.1838916607,0.1368867353,12569.06,7.2,0.210732923,4.2218587761,4.4295286824,0.1941751382,0.1301382617,0.1406195982,0.3657053033,0.1769246448,0.5841886269,0.0002637131,0.0001318565,0.382,0.275,69.9667657862515,56.8479972013294
"48177",0.2516665683,0.0003839324,11.997888372,4505,0.2992808249,0.1556802244,12338.13,6.4,0.2658512299,4.6919159717,4.5940379634,0.1773203402,0.1496916378,0.1511166118,0.3752970906,0.1949292037,0.4026859191,0.0003361183,0.0005281859,0.407,0.316,62.2893740716488,19.165961252815
"48179",0.2385499665,0.0004569131,15.078132139,4728,0.2868322868,0.1458844133,12854.89,6.9,0.2398726388,4.7465625022,4.7907885236,0.1905766434,0.1479926064,0.1555243164,0.3759044577,0.2081232015,0.9236742844,0.0002283626,0.0006394154,0.389,0.287,16.8095478231636,21.3939699567536
"48181",0.2180427246,0.0004551728,10.718585734,6389,0.2497671748,0.1453603307,14550.31,7.1,0.1930654823,4.2277995546,4.6006701411,0.1930414195,0.1307750989,0.1474603779,0.3603586248,0.1914024908,0.6663881466,0.0012239628,0.0007463188,0.37,0.247,22.0306912006971,17.1349820449867
"48183",0.223919431,0.0008632861,14.199846706,4986,0.2639467229,0.1385004005,13183.82,6.6,0.2261471175,4.5960189764,4.7121368628,0.1743753046,0.1431428958,0.1543822602,0.3931950187,0.2000335506,0.8159122648,0.0015520545,0.001349964,0.387,0.285,24.2012901976708,16.9409031383695
"48185",0.226478686,0.0002770083,6.9252077562,4872,0.2549878673,0.1638699924,13101.91,6.7,0.2540058257,4.7153846029,4.6675968551,0.1854987241,0.1518471691,0.1562188368,0.37729869,0.2144747198,0.3971583221,0.0001057828,0.0003878702,0.397,0.289,20.7244341078131,21.8757915582472
"48187",0.1589930441,0.0002996758,5.0345526141,3035,0.1811116625,0.1103769024,11431.65,7.5,0.192359893,3.9402516586,4.1866163559,0.1916141547,0.1166120017,0.1284828267,0.3655085571,0.1539944963,0.6531212699,0.0002810121,0.0003237748,0.379,0.256,15.9633162991446,15.9633162991446
"48189",0.2409225675,0.0003292822,14.668023708,4035,0.2923628375,0.1426224121,12872.41,7.3,0.2647306798,4.6258292888,4.4345126465,0.1808266747,0.1459714479,0.1440183959,0.3644071884,0.1829520145,0.7404956855,0.0012415016,0.0006207508,0.382,0.325,16.001600160016,11.001100110011
"48191",0.3023992757,0,10.12145749,3243,0.3598484848,0.158445441,10862.18,5.8,0.3117939574,5.5862351184,5.2689628708,0.1608064237,0.1829315245,0.1787455346,0.3917563149,0.2382232671,0.4261855055,0,0.000330251,0.404,0.316,78.3786809987683,0
"48193",0.2477225507,0.0009455147,16.546507505,5277,0.2721547458,0.1881551363,11661.87,6.3,0.218665071,4.5810209463,4.8488670456,0.198765412,0.1433722614,0.1580808116,0.3661417286,0.2133117281,0.4617823177,0.0008250825,0.0008250825,0.362,0.263,137.244137714689,152.929182024939
"48195",0.2963288635,0.0005556585,16.669753658,494,0.3273769386,0.239143367,11848.27,7.5,0.270148945,4.8178662303,4.8052686636,0.1847013484,0.1556045603,0.1577999342,0.3707601679,0.2070628455,0.8768929271,0.0003660992,0.0005491488,0.386,0.303,6.19540301096586,0
"48197",0.2672672673,0.0012712942,10.17035342,5892,0.2974217311,0.1916859122,14609.79,6.8,0.2352297935,4.603107094,4.7932969774,0.1961419032,0.146079302,0.1570063588,0.3748444741,0.2123216505,0.3421116212,0.0007649159,0.000254972,0.38,0.275,84.2743974380583,42.1371987190292
"48199",0.1624344264,0.0002083261,12.152355821,4825,0.184836926,0.111624431,12947.07,6.9,0.1919673258,4.1575575514,4.8492995035,0.2140622745,0.1305950339,0.1537485905,0.3718127089,0.2093879638,0.5560172051,0.0003496076,0.0004544898,0.371,0.257,41.591090264219,23.6838152893469
"48201",0.2415500537,0.0005915145,5.5268838877,4411,0.2839667959,0.1454587342,13081.01,7.6,0.2178313672,4.1004656944,3.9996373613,0.1624054824,0.1269413733,0.1269887163,0.3780580214,0.1550176537,0.905662097,0.0011777929,0.0009038826,0.377,0.287,15.384944817376,10.7277658395851
"48203",0.2000856021,0.0003005124,10.517933076,5083,0.232939423,0.1291384887,12424.18,7.3,0.2163286411,4.4896804248,4.7177161738,0.186603348,0.1390028013,0.1523615058,0.3782231277,0.2083102708,0.630479499,0.0002697599,0.0005994665,0.385,0.259,19.53271730148,17.0285227756492
"48205",0.2292522597,0,12.553802009,NA,0.238018526,0.2123966942,7328.7,7.4,0.1822986525,3.7526037061,4.0108757971,0.2197611802,0.1148596749,0.1274728104,0.3570115086,0.1730675836,0.7380402507,0.0001779676,0,0.359,0.234,60.1033778098329,0
"48207",0.2688338493,0.0005302227,15.906680806,4400,0.3017651052,0.1646341463,12944.98,6.1,0.2672398867,4.9694590725,4.8149645817,0.1853590864,0.1588478528,0.1619890595,0.3724037196,0.2264507999,0.6112900492,0.0005160846,0,0.371,0.31,29.0275761973875,29.0275761973875
"48209",0.1671436632,0.0004257334,5.9515793406,3433,0.1877947929,0.116202946,11641.81,8.3,0.1760867264,3.7459503805,4.2561287781,0.221603861,0.1143866054,0.1274201126,0.359053708,0.1516132933,0.7241052276,0.0009657236,0.0005839259,0.319,0.224,27.5142000642478,13.3969665234296
"48211",0.2328767123,0.0010473946,18.329405604,4201,0.2480544747,0.2057613169,7839.08,8.2,0.219439049,4.3799648481,4.5881552669,0.191277064,0.1363965027,0.147174431,0.3594473654,0.1896153908,0.8565799842,0.0002614379,0.0005228758,0.345,0.249,8.75580071797566,8.75580071797566
"48213",0.2318591943,0.0003021623,10.756976927,4868,0.2687580501,0.137158349,13463.97,6.7,0.2201407398,4.577997958,4.9800582621,0.1897926125,0.1442177095,0.1621662897,0.3767972525,0.2207503477,0.6293994805,0.0005224851,0.000461731,0.396,0.272,29.3375343610848,25.3186940376485
"48215",0.3315653057,0.0004627567,3.4649197025,5268,0.4344714354,0.1487783781,13766.24,5.3,0.3312004656,5.0703182565,4.3125418672,0.1465113341,0.168197228,0.1476589769,0.3537264067,0.1531904313,0.5930167573,0.0005901109,0.0008106807,0.429,0.334,16.1312200030193,6.01568061870317
"48217",0.2260324614,0.0002455729,10.914349641,4731,0.2655302654,0.1350824931,11032.54,7.7,0.2175168902,4.4227253929,4.6197085276,0.1930101818,0.1396376299,0.1514692682,0.3631982887,0.203219723,0.5165151472,0.0004951312,0.0003025802,0.371,0.262,44.5418102155278,27.2704960503232
"48219",0.2211861246,0.0006081404,11.29403588,3935,0.2605372858,0.1377734247,13032.71,6.5,0.2438471603,4.5003178881,4.5551808032,0.1862955491,0.1422456353,0.1480224307,0.3647105438,0.1856931387,0.6579899717,0.0006527415,0.000435161,0.394,0.305,33.3710571370535,17.4109863323757
"48221",0.1784222435,0.0004704508,10.22013854,4231,0.1993591488,0.1273805113,12032.78,7.7,0.1720572666,3.9769890936,4.434127158,0.2195526169,0.1192095596,0.1382581321,0.3432076391,0.1753048661,0.7265444883,0.0009415729,0.0004294894,0.328,0.22,42.0016477569505,27.462615841083
"48223",0.2350068569,0.0002966239,8.3594002804,4195,0.2735103412,0.1483961551,13379.84,6.9,0.2181495621,4.5778139885,4.7813121456,0.1938835018,0.1422605242,0.1555194978,0.3711728063,0.2098040361,0.413611672,0.0006519967,0.000923662,0.367,0.261,35.1148887128142,27.0114528560109
"48225",0.2169287697,0.0001741553,12.19087426,4005,0.2527881041,0.1314298169,12011.19,6,0.2666590123,5.0996043289,4.9474069272,0.1741571709,0.1654924933,0.167089115,0.3922643208,0.2359970953,0.5648070116,0.0002158056,0.000345289,0.416,0.301,21.7479556921649,18.8482282665429
"48227",0.1913403614,0.0002727471,10.637137246,4128,0.2218960179,0.1217518604,11811.69,6.6,0.2448571848,4.4334454053,4.4238090187,0.1939381252,0.1420268196,0.1454383343,0.3819874597,0.1945660551,0.8198332,0.0014536877,0.0010148386,0.39,0.296,20.9733456133792,25.5327685728094
"48229",0.3201820941,0,0,8601,0.3503014066,0.2266928361,11181.3,1.7,0.3632479438,5.3699590183,4.8965365409,0.157322595,0.1812906196,0.1643149441,0.388764133,0.2132280997,0.0046029919,0,0,0.425,0.398,6.85541920888462,6.85541920888462
"48231",0.1971693874,0.0003042782,11.055439479,5893,0.2302451839,0.1215389702,13751.98,6.8,0.2165914757,4.4820398629,4.6395259726,0.197764048,0.1396047597,0.1525614782,0.3761701423,0.2061497514,0.6515575474,0.0007772585,0.0007876219,0.372,0.263,28.4848114915868,13.903300847084
"48233",0.2021307562,0.0002865603,14.328016047,4389,0.2287729907,0.1458670989,12699.36,6.8,0.20916035,4.3521802495,4.5847767969,0.1983388889,0.1357571488,0.1497332368,0.3713683563,0.1956677694,0.8406320542,9.43485e-05,0.0003773941,0.368,0.263,30.248515434703,15.9202712814226
"48235",0.1401639344,0,26.041666667,1532,0.1466208477,0.1331521739,12056.78,5.5,0.183827464,3.9241384447,4.3207257553,0.2127326388,0.1202703442,0.1365372297,0.3553367571,0.1742443204,0.7473420888,0,0,0.349,0.236,0,0
"48237",0.2454473476,0.0004476777,10.072747622,7023,0.2738419619,0.1812749004,13345.55,6.2,0.2261979343,4.6253918228,4.8042160903,0.2046235008,0.1439798672,0.1560569383,0.3707394791,0.2230540719,0.6038257408,0.0001130838,0.0002261676,0.378,0.28,44.7193858537676,18.6330774390698
"48239",0.2210278804,0.0001355014,12.872628726,4058,0.2483532569,0.1651728553,14269.69,7.4,0.2088556089,4.1453216322,4.372705112,0.1958653295,0.128661558,0.1404008266,0.3606358173,0.1787774887,0.5004618117,0.0001344628,0.0006050827,0.363,0.281,76.4251033986693,62.938320445963
"48241",0.1763574332,0.0003377523,10.695488193,4305,0.2032870178,0.1175928061,13135.87,6.8,0.2318669427,4.7643833538,5.02893245,0.1870154475,0.1479576342,0.1617621238,0.382547902,0.2282594571,0.3794175301,0.0004181534,0.0006411686,0.391,0.294,14.9846407432382,26.2231213006668
"48243",0.2710755814,0.0004397537,30.782761653,2806,0.2744795682,0.2023809524,6756.77,8.1,0.1909437218,3.7950413981,4.039198335,0.1963070743,0.1172843439,0.1268860941,0.3436999195,0.151799935,0.4782237404,0.0022202487,0.0004440497,0.384,0.292,14.8235991698784,14.8235991698784
"48245",0.2155965151,0.0005326655,11.170075328,4520,0.2586975021,0.1173369239,12661.79,6.8,0.2362479084,4.2522580202,4.4017841192,0.1751836447,0.1370036797,0.1471420832,0.4201632105,0.2028751161,0.6508227198,0.0009529374,0.0011725444,0.398,0.287,19.6909446763747,14.4047850317104
"48247",0.1833254382,0.0001923077,0,6750,0.2369105087,0.0906832298,16839.74,5.4,0.3337242727,4.8843411527,4.3387741222,0.156985339,0.1618444047,0.1447383057,0.3724627771,0.1713647814,0.4713207547,0,0,0.431,0.394,38.3828045035824,38.3828045035824
"48249",0.2183716572,0.000222321,6.1755842103,4305,0.2686750153,0.1173939766,16067.29,6.7,0.2969827578,4.7067964975,4.4404667848,0.1710708775,0.1517331058,0.1443063614,0.373578089,0.1715170248,0.4734560948,0.0008328842,0.0007104013,0.408,0.33,13.1410361707021,16.4262952133776
"48251",0.2021180682,0.0004379554,7.5078064123,5041,0.2339824789,0.1339731044,13647.73,7.7,0.196917329,4.260763323,4.4678053109,0.2052083806,0.1282403864,0.1441800758,0.3549872461,0.1914719886,0.7056925544,0.0007119473,0.0005310427,0.372,0.253,25.2490256344055,15.377226138247
"48253",0.2043987772,0.0002987601,10.456605089,7131,0.2321321681,0.1397079085,13483.47,6.7,0.2462963598,4.5806233366,4.5271714242,0.1976308441,0.1453071411,0.1478130167,0.382297046,0.2139084417,0.436986437,5.04617e-05,0.0003532321,0.411,0.297,25.0941028858218,11.7105813467169
"48255",0.1945323741,0.0002563938,10.255752836,3737,0.2210893855,0.1402385802,13992.29,7.7,0.2628281747,4.5060609825,4.3229792708,0.1897377625,0.1441064468,0.1410925043,0.3743023056,0.18942288,0.5083648138,0.0001277955,0.0001916933,0.395,0.313,25.6339051118279,27.7700638711469
"48257",0.1706378869,0.0002570619,7.1242857353,4516,0.2012863473,0.1099850516,13366.99,8,0.1985768675,4.1825509086,4.4799139186,0.1957922885,0.1275454225,0.142107554,0.3618687763,0.1846821082,0.5872085148,0.0009174169,0.0004276096,0.361,0.25,20.8346610323207,16.9128424850603
"48259",0.167132447,0.0008644136,9.4874660032,2104,0.1835094672,0.1310013717,11126.84,8.5,0.1448207359,3.3560856735,3.8328184128,0.2167411255,0.0991473699,0.1173042139,0.3338967567,0.1339223517,0.7611792876,0.0015337087,0.001051686,0.332,0.198,35.3119813552738,13.4185529150041
"48261",0.2626865672,0,0,NA,0.2911392405,0.1962616822,29569.66,4.4,0.3791972636,5.7935211152,5.3171159349,0.1559591264,0.1911991123,0.179963563,0.3822851949,0.2326038479,0,0,0,NA,NA,0,0
"48263",0.1405109489,0,0,4591,0.1493670886,0.1212121212,15408.6,4.1,0.182253603,3.9116194957,4.3395098179,0.2148665856,0.1195154492,0.1372344751,0.348656265,0.1775259353,0,0,0,0.338,0.207,43.9753737906772,0
"48265",0.2383391156,0.0008935361,14.63878327,2256,0.2666015625,0.1647932753,10072.95,7.4,0.1943212058,4.1057393562,4.3366148623,0.1969314319,0.1255107693,0.1387293161,0.3614483562,0.1724972017,0.709138539,0.0029004866,0.0008777788,0.362,0.237,42.4389069764496,25.970077403499
"48267",0.2379847531,0.0009222965,11.528706479,2815,0.2666961521,0.156133829,11974.41,6.3,0.2215281504,4.4627273229,4.695801239,0.1905213663,0.1398989268,0.1514999283,0.3643420167,0.1928405466,0.6064684176,0.0002292526,0.0011462632,0.377,0.279,7.63650248186331,7.63650248186331
"48269",0.2162162162,0,0,NA,0.2162162162,0.2133333333,6486.72,5.3,0.1797157661,3.8736515624,4.2669035972,0.2202257809,0.1176251426,0.1362192976,0.349026973,0.1801395636,0.006993007,0,0,0.407,0.344,120.192307692308,0
"48271",0.1856786012,0,0,2167,0.2107413894,0.1277472527,8169.01,4.8,0.3106544948,5.0866509983,4.6650153136,0.1699528706,0.1666348147,0.1552945636,0.3803875051,0.2016054429,0.6998332407,0,0.0002654632,0.401,0.316,45.028818443804,45.028818443804
"48273",0.198130169,0.0004237288,7.8226857888,6169,0.2359581959,0.1088741722,13849.51,5.7,0.2660001671,4.4898643742,4.2268806049,0.170651551,0.1412887483,0.1350642866,0.371359098,0.1592861305,0.5064096566,0.000417617,0.0004497414,0.407,0.323,15.1931153483022,18.4487829229383
"48275",0.250349162,0.0002729258,16.375545852,8504,0.2785787848,0.1918367347,14361.75,7.3,0.233880248,4.5309446315,4.5179187383,0.1858918802,0.1413385924,0.1492361409,0.3657097288,0.1932553877,0.3933853186,0,0.0016424856,0.375,0.285,9.09090909090909,9.09090909090909
"48277",0.2181253001,0.0004412443,14.641288433,5565,0.2531762696,0.1363598708,12849.08,5.9,0.2191263135,4.6923750359,4.945277337,0.1870225969,0.1467848789,0.1615513609,0.3833011621,0.2166488334,0.6364750065,0.0010456885,0.0009853604,0.388,0.268,62.2106868594975,20.0679635030637
"48279",0.2690540023,0.0003878073,18.614752191,3205,0.3197889934,0.1681931724,10929.46,6.8,0.2943713429,5.018471516,4.7946447916,0.1666835186,0.1630551367,0.1587738382,0.3798112854,0.2041779621,0.6937110968,0.0002279982,0.0006839945,0.406,0.337,38.6986919842109,82.5572095663167
"48281",0.1847519398,0.0004200112,13.06701512,3848,0.2071290944,0.1290389395,11631.63,7.3,0.1902579832,4.1752473253,4.5385881781,0.2011650498,0.1273107556,0.1421990951,0.3599898032,0.1786038862,0.4900645424,0.0005181591,0.0003297376,0.348,0.244,37.2404804021972,9.3101201005493
"48283",0.1830375567,0,5.3191489362,2717,0.2206997085,0.0949197861,11955.95,7,0.2957454951,4.5051845196,4.1342317635,0.1779261545,0.1454207965,0.1329972323,0.3654224191,0.1639160928,0.0037757769,0.000531138,0.0011950604,0.412,0.358,4.43439315329697,4.43439315329697
"48285",0.1885718026,0.0006946512,11.908306043,5021,0.2066271298,0.1506036423,14087.57,7.7,0.1967556084,4.1336448513,4.49711785,0.2017301244,0.1285079641,0.1452735097,0.3596634186,0.1909785765,0.6229559259,0.0001491795,0.0005469915,0.362,0.258,100.859788359788,97.5529100529101
"48287",0.2213583688,0.000232032,11.02152097,3727,0.2449484945,0.1575397896,11792.05,7.7,0.2176125103,4.2910512695,4.9244184487,0.1892677039,0.1369591977,0.1522866989,0.3788513325,0.1940046015,0.471887792,0.0005832944,0.0003499767,0.376,0.277,32.8312089609888,44.4186944766319
"48289",0.2627602159,0,16.088255573,3728,0.2825778263,0.2183536434,12026.56,6.6,0.2252315707,4.5580861737,4.7936707318,0.1885491844,0.1447463592,0.1582671869,0.3742230926,0.2174116296,0.193083745,0.0001158078,0.0002895194,0.383,0.283,21.0861272451933,24.9199685625012
"48291",0.227848454,0.0002267085,8.1615071583,6111,0.2671275279,0.1489561629,15328.59,7.4,0.2471436395,4.6821977435,4.8876289685,0.1837323103,0.1490901593,0.160345094,0.3887434402,0.2191889789,0.5451793292,0.0001853504,0.0003938695,0.398,0.304,21.7972182239777,21.0455900093578
"48293",0.2264717777,0.0003840082,9.8135426889,4532,0.2591574351,0.1488345434,12395.59,6.7,0.2526858291,4.8120187431,4.7936198295,0.1852652943,0.1533601712,0.1594155793,0.3883001104,0.2217640347,0.6141806363,0.000467707,0.0006377822,0.397,0.291,25.6060088767497,27.0285649254581
"48295",0.2916986933,0,30.931023817,2740,0.2894736842,0.2966002345,8597.11,5,0.2144820787,4.2662436694,4.4416388142,0.1991432537,0.1324997468,0.1427793366,0.3619267135,0.1837109004,0.0051483949,0,0.0002980626,0.362,0.252,10.3103412722961,0
"48297",0.2243381328,8.19202e-05,10.649627263,2511,0.2459437751,0.1717131474,12378.44,7.4,0.2428840975,4.4703566053,4.5299947906,0.1937344928,0.1415237647,0.1461895117,0.3732550152,0.1983704924,0.3378718238,0.0001643926,0.0003287851,0.394,0.334,19.0751287571191,19.0751287571191
"48299",0.2329299597,0.0006882312,11.011699931,3730,0.2551325301,0.1651108518,11434.82,6.3,0.1873022158,4.1184588699,4.5344853855,0.2025575932,0.1276550317,0.145757933,0.3541711755,0.1858252829,0.7956064453,0.0005543749,0.0002771875,0.352,0.233,77.9828437743696,32.1105827306228
"48301",0.1140939597,0,0,NA,0.1313131313,0.0925925926,5828.33,5.5,0.1994026432,4.0475760061,4.540579066,0.2082988841,0.1267384222,0.149782585,0.3647399934,0.20329595,0,0,0,0.34,0.178,0,199.203187250996
"48303",0.1769875702,0.0008339532,8.7259191999,3248,0.2075205051,0.1043016701,12845.69,7,0.208938888,4.178062477,4.4426084652,0.176793567,0.1307570543,0.1408285749,0.3487329838,0.1667876982,0.8965358945,0.0015516636,0.0014443158,0.346,0.268,29.3754080662297,17.9039895878116
"48305",0.2116758522,0.0008401949,13.443118804,3863,0.2453115547,0.1431995207,17417.22,6,0.2708814882,4.8296446592,4.7345007442,0.1760987561,0.1541373781,0.1551953651,0.368998913,0.1989943936,0.2304311074,0,0.0006806194,0.391,0.313,5.60129950148434,5.60129950148434
"48307",0.2102346806,0.000501002,13.77755511,4194,0.2441517147,0.1261013216,13433.79,5.4,0.2286529291,4.4566002721,4.6235194454,0.1895765677,0.1397083847,0.1487133825,0.3709570673,0.1900154015,0.5399010021,0.0002504069,0.0003756104,0.379,0.282,42.0274018660166,50.43288223922
"48309",0.1804838091,0.0007637663,11.534429884,4104,0.2149712986,0.1025325141,11290.18,6.1,0.2193119062,4.5097272228,4.7667554571,0.186810825,0.1388848283,0.1490105765,0.363244215,0.1894196774,0.6581441087,0.0015317725,0.0007226824,0.353,0.271,28.0170177441112,16.7323855971775
"48311",0.1364452424,0,0,5381,0.1369193154,0.1464968153,13314.46,5.9,0.1965986494,3.8122651109,3.9595183143,0.2033597578,0.1172464603,0.1246896009,0.3550779965,0.1565819445,0.2347949081,0,0.0013351135,0.391,0.294,45.1875282422052,45.1875282422052
"48313",0.2398574274,0.0001400168,10.501260151,4949,0.2741641337,0.1682064352,13278.91,6.8,0.2305202387,4.4286640655,4.5007576394,0.2002714769,0.1412492343,0.1484343053,0.3890966707,0.2040958922,0,0.000277354,0.000277354,0.382,0.281,51.0050309507801,39.4129784619665
"48315",0.2021927951,0,8.118530546,6956,0.224801812,0.1352843733,13044.42,7,0.2375893332,4.7863978208,5.0451060498,0.1779039563,0.1541702485,0.1676369818,0.3960845451,0.2353475078,0.2854162716,0.0001007252,0.0003021757,0.393,0.277,20.1734920314706,40.3469840629413
"48317",0.2041699449,0.0001732802,13.862415526,4866,0.2235437633,0.1716101695,19048,8.1,0.2267646932,4.2221900773,4.3701606931,0.1927053971,0.132698035,0.1404422479,0.3570336856,0.1768662807,0.3809126901,0,0.0003476447,0.365,0.276,5.76701268742791,5.76701268742791
"48319",0.2935505319,0,18.717828732,1565,0.3056586271,0.261452514,9123.68,7.8,0.2043043006,4.1947218968,4.5035108678,0.1943487782,0.1306347717,0.1438822536,0.352963638,0.1842459917,0.6991525424,0.0004672897,0.0004672897,0.339,0.222,7.75314002170879,7.75314002170879
"48321",0.2077991812,0.0003820648,13.372267555,4640,0.2412641564,0.1376079942,13034.56,6.2,0.2551945305,4.6292886642,4.5548712082,0.1788151045,0.1471591586,0.149874053,0.3845949158,0.192396237,0.6689826168,0.0004103743,0.0005471657,0.403,0.295,42.7583697234352,13.646288209607
"48323",0.2853856157,0.0002384115,2.5544089098,5869,0.36169688,0.1493925384,14593.81,5.5,0.3601121252,5.1998909946,4.6002041856,0.154564957,0.1737037276,0.1533557351,0.379531848,0.181365993,0.8017619522,0.0002906728,0.0004616568,0.455,0.352,11.3904946322294,10.2514451690065
"48325",0.1822736315,0.0002326303,5.621898263,4291,0.2103487451,0.1173994009,12104.91,8.1,0.2173898918,3.8811512383,4.1220830215,0.1981281528,0.1236821064,0.1309403232,0.3546592726,0.1608539021,0.5425161935,0.0003338505,0.0001963826,0.399,0.269,20.0176930577349,17.434764921253
"48327",0.2854137447,0.0004677268,14.031805426,3430,0.3079122974,0.2258064516,10030.12,6.8,0.2115715986,4.0878145311,4.3464465434,0.1943134065,0.1271996198,0.1376390797,0.3565121025,0.1709486893,0.7685102587,0,0.0004675082,0.361,0.259,93.7353538509608,93.7353538509608
"48329",0.1836788942,0.0003619254,9.5005428882,3254,0.1954571732,0.1621273777,10487.31,8.3,0.1896260216,3.6979571752,3.9388895042,0.2003038572,0.1139552446,0.1248882481,0.3489222237,0.1501965432,0.6622026419,0.0008575832,0.0008749667,0.361,0.244,14.2241305737256,19.9137828032158
"48331",0.1925456152,8.05704e-05,12.891270193,4556,0.2215022091,0.1278195489,12717.67,6.5,0.2420084619,4.6661809803,4.7416090936,0.1821591934,0.1457262304,0.1552152963,0.3817822346,0.2073995978,0.6062931696,0.0003183319,0.0006764554,0.372,0.282,33.4842356218692,16.0724330984972
"48333",0.2688777021,0.0002052124,16.416991586,2418,0.2991836735,0.1915983607,11306.08,6.7,0.2162088052,4.4654015411,4.7563545791,0.1965443965,0.1396411405,0.1548695179,0.3602457087,0.2018824601,0.2416936791,0.0010160536,0.0006096322,0.37,0.256,143.50143501435,157.16823834905
"48335",0.1991556535,0.00046811,9.362200117,7768,0.2273950484,0.1406677614,14524.1,7.7,0.2364872501,4.4426514831,4.4128989334,0.1976582033,0.1380253581,0.1410383889,0.3769292057,0.1919412251,0.0433904073,0,0.0002455494,0.379,0.288,52.2256146553109,52.2256146553109
"48337",0.2173571569,0.0003027551,14.633161772,4355,0.2488047076,0.1437177281,13831.55,6.9,0.2008760561,4.4369948979,4.6786648599,0.1875308169,0.1376568783,0.1554199821,0.3653683716,0.2071035337,0.4107206248,0.0002551541,0.0001530925,0.352,0.25,87.5774723794126,26.9469145782808
"48339",0.172779438,0.0006042236,5.8611339318,4558,0.2015728454,0.1122372914,13704.81,7.6,0.1639196274,3.5419785099,3.7875462781,0.1966055701,0.1109674867,0.1270677829,0.3470081507,0.1555422137,0.839208682,0.0008224394,0.0006667513,0.323,0.237,20.4968906655297,16.770183271797
"48341",0.2717284891,0.0003820439,13.371537727,4227,0.3223817568,0.1843567251,11578.25,7.7,0.2657784152,4.5857089739,4.4533241111,0.1753147214,0.146468384,0.1452182506,0.3773971632,0.187753382,0.7676223521,0.0001396323,0.0002792646,0.38,0.316,9.51188192583903,15.853136543065
"48343",0.1872902685,0.0001614466,16.951888925,4806,0.2189209165,0.113963039,13720.59,7.2,0.2139480692,4.4381704393,4.7396948762,0.1866025936,0.1386942565,0.1546084141,0.3862285498,0.2059261728,0.3783825576,0.0002431315,0.0003241754,0.405,0.288,40.4094827586207,43.1034482758621
"48345",0.226618705,0,0,2662,0.2441860465,0.1821862348,14734.05,7.6,0.2044153465,4.3652256368,4.6629551399,0.2028695306,0.1344977321,0.149358749,0.3613205259,0.1963389408,0.2495867769,0,0.0008103728,0.354,0.243,0,0
"48347",0.212193474,0.0007054782,7.514876388,5498,0.251200849,0.1229771342,12276.04,6.2,0.2345261644,4.6700277789,4.5786971091,0.1936271965,0.1468044629,0.1569444987,0.3941774978,0.2096816502,0.6292387329,0.0009739617,0.0008522165,0.404,0.29,24.5313490197682,22.4870699347875
"48349",0.2362727562,0.000399098,8.7801568455,4413,0.2797295363,0.1470046423,12069.97,6.9,0.2411767187,4.640321243,4.866553138,0.1887516035,0.1481219686,0.1582094036,0.3816988209,0.2134059454,0.5316015502,0.0006456169,0.0004842127,0.389,0.301,19.9505227036948,21.9455749740643
"48351",0.2178396236,0,8.0912100037,3817,0.2452983358,0.143684401,12773.81,5.5,0.2392838789,4.8911910786,5.0833388916,0.1849368844,0.1554235605,0.1679493055,0.3984081889,0.2368578978,0.1115264798,0.0001454969,0.0001454969,0.403,0.309,12.2684333210649,24.5368666421298
"48353",0.2049716153,0.0003398124,12.912872095,4898,0.2407619048,0.1333841463,13119.43,7,0.239793817,4.5402745502,4.6275899633,0.1863748396,0.1434839444,0.1507862446,0.3681698137,0.196410806,0.7636041009,0.0006101281,0.0006779201,0.399,0.305,51.9187358916478,40.6320541760722
"48355",0.1991673048,0.0008004549,7.3973071594,3926,0.2397418336,0.1033292799,12790.42,7,0.2378482343,4.1560339084,4.2035795891,0.2024265394,0.1309648117,0.1332153467,0.352403849,0.1558256356,0.9514524297,0.0011538515,0.0009412999,0.401,0.318,20.1340986129537,15.8130820156531
"48357",0.2732430242,0.0004066694,15.250101667,4431,0.3153859868,0.1978643216,11581.64,8.1,0.243902679,4.4181447224,4.4710069502,0.1868742094,0.1404823919,0.1449602421,0.3614077076,0.1832691945,0.8831067201,0.0003015985,0.0002010656,0.39,0.314,6.80712024777918,6.80712024777918
"48359",0.1808236808,0,14.204545455,2103,0.1928737413,0.1254612546,10662.45,5.2,0.1935657263,4.17012377,4.5458496438,0.2044198583,0.1283422599,0.1459490428,0.3548432555,0.1915639928,0.2363547758,0.0004692633,0.0004692633,0.341,0.226,15.6788962057071,15.6788962057071
"48361",0.1676689019,0.0001798647,9.3529665691,4040,0.1902143923,0.1163225264,13267.31,6.6,0.197371731,4.3408918545,4.8908712891,0.2082731971,0.1325838678,0.1535066959,0.3851409347,0.2120795079,0.6354705084,0.0002153831,0.0003470062,0.361,0.251,22.0135603531776,18.011094834418
"48363",0.2312538014,0.0003768543,11.990818459,6014,0.266245597,0.1474201474,13788.95,5.1,0.2192951121,4.5700790091,4.8952509367,0.189861102,0.1434802332,0.1570409815,0.3662476241,0.2106093259,0.4729109601,0.0002077922,0.0005194805,0.366,0.262,41.1974732216424,19.4543623546645
"48365",0.1973943508,0.0003449168,10.347503665,4820,0.2236111111,0.1372654155,12354.01,6.8,0.217033114,4.5887251816,4.8372400297,0.1940658275,0.1425832673,0.1578986273,0.3757611821,0.2142667111,0.3938056816,8.64006e-05,0.0002592017,0.378,0.262,20.1354830358555,20.1354830358555
"48367",0.1726056795,0.0003989418,9.2386511569,4046,0.1981193294,0.117003548,13503.62,7.8,0.1656724496,3.7458307548,4.224597656,0.2033207055,0.1139945122,0.1346329782,0.3474782383,0.1749638709,0.5257724905,0.0005347941,0.0003541204,0.328,0.215,26.545766998023,20.258611656386
"48369",0.2821174159,0.0001041124,12.493492972,2659,0.3156744948,0.2142346209,11814.58,7.6,0.2777705439,4.6557350238,4.4671887363,0.1776694018,0.1494085068,0.1456788412,0.3712641489,0.1817945894,0.744571039,0,0.0011151663,0.396,0.315,20.6960780932013,34.4934634886689
"48371",0.2475853743,0.0005687923,6.9519054541,2596,0.2857694784,0.17382667,10148.98,6.6,0.2698008088,4.500152165,4.1922802993,0.1818467353,0.1423609777,0.1377523913,0.3693471486,0.1826186124,0.5549751725,0.000255216,0.0008294519,0.395,0.324,65.6584911255136,25.416190113102
"48373",0.2295243681,0.0005452457,7.9839541994,3274,0.2601292477,0.1481764369,10575.95,6.7,0.2365667726,4.7683265385,4.7769664536,0.1923233484,0.1471760014,0.1570447115,0.3830125658,0.2169529818,0.398784489,0.0004197398,0.0004996902,0.384,0.315,27.2057728058868,29.1490422920216
"48375",0.2525345622,0.0008687135,10.986671209,4596,0.3022530491,0.1538154215,12396.64,6.5,0.2598398455,4.7018739187,4.6163355806,0.1696179609,0.1521842999,0.1542165838,0.3659720344,0.202570144,0.7090433045,0.0020058839,0.0018972319,0.397,0.322,29.739397904647,26.623841933684
"48377",0.3259701493,0.0002983294,8.9498806683,2789,0.3979280926,0.193088316,8139.17,4.3,0.3990546684,5.9250405427,5.0781834293,0.1426902637,0.1989961108,0.1731390204,0.3834247982,0.2192048783,0.9457661806,0.0004317789,0.0004317789,0.454,0.446,4.96031746031746,4.96031746031746
"48379",0.2214499572,7.99105e-05,8.7901550264,4908,0.2418767303,0.1683206107,13166.65,NA,0.2012339113,4.3491751354,4.8168224096,0.2046471248,0.1352692541,0.1557309472,0.3699428451,0.2119796599,0.5185083379,0.000411218,8.22436e-05,0.367,0.252,29.5500335795836,45.6682337139019
"48381",0.1322027685,0.0006317486,7.4793229397,3568,0.1526367307,0.0869009585,11577.06,8.3,0.1585022471,3.5619921572,4.0667486123,0.2045298234,0.1089009931,0.1261349449,0.3331646972,0.1530925733,0.9200993995,0.0008732599,0.0004990057,0.329,0.218,16.9129923190853,21.5036616628371
"48383",0.1986482515,0.0005196155,12.990387114,1778,0.2191721133,0.1585261354,11284.18,8.8,0.2526923358,4.2883350855,4.2013552767,0.1845150876,0.1362462557,0.1353169215,0.3670631933,0.1677748764,0.9287199287,0,0.0005346164,0.389,0.308,8.75426770550643,8.75426770550643
"48385",0.2222222222,0.0005793743,17.381228273,4427,0.2461111111,0.1448275862,11972.51,2,0.249495315,4.8188147339,4.8279338405,0.1759460662,0.1541746286,0.1606415482,0.3750305278,0.2079266697,0.748564521,0.0005750431,0.0008625647,0.392,0.297,106.372691229088,77.3619572575186
"48387",0.2127947648,0.0001663478,13.307826666,5209,0.2466940264,0.118061309,13999.72,4.7,0.2344274606,4.838206166,5.0831102108,0.1848977734,0.1524187908,0.1674274173,0.3904085647,0.2303081598,0.3575427683,0.0003285421,0.0002464066,0.389,0.278,46.9704086425552,49.7333738568231
"48389",0.2220297255,0.0003129695,5.0075112669,6699,0.2523892852,0.161748927,11304.55,8.1,0.279301506,4.3504137909,4.1814932537,0.1889895987,0.1406167406,0.1343490549,0.3744828677,0.1752671717,0.7207429442,6.37146e-05,0.0003822874,0.413,0.349,16.7996640067199,25.1994960100798
"48391",0.1878095238,0.0001439263,11.514104778,4107,0.2155241398,0.1210790464,13355.09,6.9,0.2508462735,4.4749597498,4.4771889457,0.1819479065,0.1422134938,0.145750362,0.3732441117,0.1825542444,0.3904916701,0.0002844141,0.0004266212,0.396,0.306,71.9183008102795,95.8910677470394
"48393",0.1671641791,0,0,NA,0.170212766,0.1612903226,9090.2,5.8,0.1738353624,3.9603558593,4.4372329581,0.2103980212,0.1208103237,0.1406749344,0.3508874284,0.1789097768,0.601722282,0,0,0.34,0.216,0,38.9105058365759
"48395",0.1996441545,5.85686e-05,9.3709734099,4346,0.2319958312,0.1247879816,12704.67,7.2,0.2242944172,4.4066085077,4.6920645209,0.1902613422,0.1365251209,0.1487243969,0.381039776,0.1961652622,0.4834556612,5.7857e-05,0.0004049988,0.387,0.28,46.5901811193291,62.1202414924388
"48397",0.1487624032,0.000743459,7.8158509269,3476,0.1631072555,0.1201112638,12253.11,8.7,0.1427266641,3.3505882998,3.8340247102,0.2126505502,0.0999265996,0.1195273656,0.3299764765,0.1382800668,0.9016811979,0.0012517758,0.0008146478,0.325,0.189,25.6767894503265,11.7289038229887
"48399",0.2018978649,0.0004871395,17.537022603,5707,0.2338624339,0.1279870393,14638.5,6.3,0.2326732046,4.4670782623,4.5825268016,0.1890634837,0.1406042848,0.1489434654,0.3631340962,0.1940616081,0.475859442,0.000390854,0.0006839945,0.38,0.284,48.5452603644131,100.326871419787
"48401",0.2069958953,0.0002021836,11.02819542,5203,0.2405732623,0.1361698705,13126.67,7.1,0.2256464665,4.514240397,4.6840423794,0.1920614224,0.1406103171,0.1516865911,0.3838815449,0.2065348673,0.4107819239,0.0002387511,0.000312213,0.397,0.277,14.7076847652899,18.3846059566123
"48403",0.2008588447,0.0001897173,11.383039271,3936,0.2206458839,0.1475995914,11778.31,6.3,0.2335617913,4.961256055,5.157825483,0.1874816431,0.1557096923,0.1701403527,0.3771877267,0.2353656046,0.8470555658,9.44376e-05,0.0011332515,0.387,0.268,41.0898286870219,37.9290726341741
"48405",0.2107051827,0.0002428068,6.0701711788,2866,0.2388747982,0.1349544073,12721.09,5.5,0.2528149013,5.0418205179,5.2195533806,0.1829314332,0.1591470059,0.1714394643,0.3973011551,0.2336905038,0.4973491258,0.0001214772,0.0004859086,0.408,0.308,64.7327750131488,64.7327750131488
"48407",0.2262092593,6.93025e-05,3.1186111785,5915,0.2550724638,0.1522392784,15152.08,7.1,0.2402353952,4.8686989557,5.0584759075,0.1905941542,0.151726166,0.1658820956,0.388457155,0.233955861,0.7409035779,0.0001044605,0.0001392806,0.39,0.283,32.2287319145018,20.7184705164654
"48409",0.1874204592,0.000254758,9.8906039263,3362,0.2225359409,0.1135749352,13738.65,6.8,0.2490923385,4.3545060819,4.4013486984,0.1841864156,0.1383687288,0.1414851047,0.3656188873,0.174525697,0.4808808098,0.0003886804,0.0005082744,0.431,0.337,28.401730014151,15.4465549199769
"48411",0.3067173638,0.0003303055,14.863748968,2766,0.3465949821,0.211001642,9661,6.5,0.2490547499,4.7243768978,4.7147013271,0.1910197702,0.1502057578,0.1548397636,0.3741274019,0.2124893166,0.4656662861,0.0003303601,0.0004955401,0.387,0.292,104.694732201896,0
"48413",0.2486510791,0,10.741138561,3780,0.2638977636,0.2153846154,12117.15,8.1,0.2165678118,4.0205356798,4.2097899866,0.1940411617,0.1247558723,0.132521219,0.353491309,0.1570164873,0.771742271,0.0003454231,0.0003454231,0.38,0.3,0,11.8357202035744
"48415",0.2245044184,0.0006585643,11.37520206,3714,0.2646433632,0.1452852154,13754.9,7.9,0.24351736,4.5572138114,4.5883686491,0.1907292445,0.1433783123,0.1480932616,0.3696593896,0.1972924227,0.4023993854,0.0002371635,0.0003557453,0.382,0.297,55.7424697895722,55.7424697895722
"48417",0.2254290172,0.0003062787,27.565084227,3653,0.2412472648,0.1874197689,11941.17,7.4,0.1939378594,4.261187306,4.6487133694,0.2049844997,0.1326296578,0.1511508932,0.3541169206,0.1972328575,0.796625222,0.0006148171,0.0003074085,0.333,0.219,10.1853738032186,10.1853738032186
"48419",0.2584785049,0.0001978318,11.474242304,4638,0.3060329585,0.1581298392,11684.19,6.6,0.2628048311,5.1010603868,5.0813512418,0.1689864475,0.1631728704,0.1694475907,0.3911006073,0.2314188188,0.4214083622,0.0005114486,0.000786844,0.411,0.302,25.1299482852117,15.8715462853969
"48421",0.2826855124,0,16.545334216,6969,0.295194508,0.2553191489,11450.46,7.1,0.2180650376,4.1447202795,4.3371513288,0.1976183193,0.1299139209,0.1388972017,0.3551113829,0.1758666584,0.3760711931,0,0.0003247808,0.367,0.274,10.9553023663453,10.9553023663453
"48423",0.2107639976,0.0010268484,12.846346525,4194,0.2509012094,0.1219641604,13116.69,7.1,0.2059815071,4.2471568567,4.4318996789,0.1806384605,0.1326072999,0.1450449689,0.3702410628,0.1852157526,0.7249349114,0.0011423806,0.0013856251,0.39,0.252,18.174584775136,20.178082309403
"48425",0.1776656668,0.0006573181,6.5731814198,2901,0.1936026936,0.138623327,10916.63,7.3,0.210660463,4.420489591,4.674016511,0.1930062358,0.1379676092,0.1514072622,0.3633661686,0.1968045522,0.7090694935,0.0002218279,0.0008873114,0.363,0.235,69.6404354359858,18.326430377891
"48427",0.312367836,0.0002166076,2.4755156035,5325,0.410109965,0.1435015506,16339.69,4.3,0.4099519577,5.9147526212,4.900837343,0.1377774857,0.1996823659,0.1692022216,0.3739546703,0.2017917818,0.2500984123,0.0001704766,0.0005269275,0.444,0.428,28.9519397799653,6.20398709570684
"48429",0.23979442,0.0003203075,8.5415332052,4805,0.2794759825,0.145971564,13840.27,6.2,0.2439479567,4.7830284083,4.7897623185,0.191987923,0.1511637376,0.1583597723,0.3835252818,0.2210350313,0.5634475597,0.0002120216,0.0010601081,0.38,0.28,46.209078306615,31.9909003661181
"48431",0.1903460838,0,23.237800155,2268,0.2024623803,0.1692708333,14078.6,5.7,0.2154014392,4.1753156249,4.3485747068,0.1960013391,0.1301866724,0.1391657782,0.361511035,0.1788432093,0.5538057743,0,0.001525553,0.368,0.268,0,25.5297421496043
"48433",0.1949238579,0.0007407407,29.62962963,3746,0.2008733624,0.1794871795,15886.75,7.4,0.2091050209,4.3204403392,4.53805019,0.1964525872,0.134220431,0.1473801129,0.3635410407,0.196348029,0.5308724832,0.0014684288,0.0044052863,0.38,0.28,24.6305418719212,24.6305418719212
"48435",0.2068511199,0.001059322,15.889830508,3391,0.2343387471,0.1427061311,15404.17,7.9,0.2126391956,3.7827994534,3.9559808421,0.2016139605,0.1178304737,0.1246083874,0.3515716623,0.1475293989,0.8495639535,0,0.0013304949,0.383,0.304,0,8.87154009936125
"48437",0.2631191309,0.0001351899,13.518994187,4298,0.3139661757,0.1596998928,11884.04,6,0.2915532971,5.1286268613,4.8599055808,0.1718610214,0.1659255556,0.1614964886,0.38120816,0.2181377294,0.5402342755,0,0.000402037,0.411,0.344,36.037659354025,36.037659354025
"48439",0.1893004138,0.000592148,6.9297959824,4685,0.2214037324,0.118085024,12579.8,7.5,0.2128658285,4.2781161523,4.3978774448,0.1819279254,0.128561243,0.1375284426,0.3302529291,0.1538414735,0.9386313358,0.0012187454,0.0008053024,0.376,0.251,21.2334646374869,12.946075081214
"48441",0.1851919897,0.0007172146,12.460698089,4177,0.2155674524,0.1167343923,13242.64,6.7,0.1979835117,4.0983015861,4.3450540643,0.1901628889,0.1288555674,0.142332097,0.3807317393,0.1805861639,0.8413304336,0.0016492299,0.00143127,0.345,0.274,36.3965927004343,18.0777778313416
"48443",0.1953578337,0,0,3687,0.2037533512,0.1710526316,13300.33,4.8,0.2641903905,4.6000832631,4.4951549236,0.1769086787,0.1474982265,0.1466341175,0.3700818909,0.1822300371,0,0,0.0012150668,0.388,0.284,43.4593654932638,0
"48445",0.2633696918,0.0004052849,8.1056983059,7215,0.3220338983,0.1546331482,12875.73,5.8,0.2937084908,4.9858017901,4.7518643772,0.178613407,0.1614588962,0.157244831,0.3840041108,0.2082257782,0.7482412458,8.13868e-05,0.000488321,0.416,0.356,27.168745075665,27.168745075665
"48447",0.2433712121,0.0006662225,19.98667555,3657,0.2542153048,0.2133333333,17679.45,4,0.1970063356,4.2532472773,4.6128282061,0.2029084243,0.1312666317,0.1489662714,0.3565812271,0.197560948,0.5734308349,0.000660066,0.000660066,0.364,0.263,22.2074172773706,22.2074172773706
"48449",0.2510331712,0.0004274809,9.1603053435,4604,0.3045028245,0.1499843766,13277.86,6.5,0.2624847061,4.7760368104,4.7576789654,0.1742256507,0.1520548388,0.1550298793,0.3739859897,0.2012156189,0.4919589287,0.0006357279,0.0009687282,0.391,0.312,17.2223404147545,14.1831038709743
"48451",0.1762109033,0.000738255,10.906040268,4873,0.2081216038,0.1048896168,12114.98,7.1,0.2066121751,4.1146307076,4.3453345976,0.1969918775,0.1268593353,0.1361114822,0.358787887,0.1664875327,0.7685622006,0.0014806793,0.0009476347,0.363,0.258,25.1819395129813,18.1869563149309
"48453",0.1647958989,0.0008783677,8.9720664953,3296,0.1798845155,0.1226530634,11723.04,7.8,0.161862531,3.5122691651,4.0539857688,0.2216982237,0.1048191854,0.116511898,0.3192919762,0.12685921,0.931744293,0.0027611766,0.0009289341,0.293,0.192,26.3391922996443,12.6333961079724
"48455",0.215235222,0.0001365095,14.333492594,5590,0.2463489623,0.1322733424,13288.5,6.4,0.2337175419,4.8253312802,5.0990480405,0.1869682464,0.1518748812,0.1667605941,0.3817368376,0.2224101479,0.8070620501,0.0001356852,0.0006105834,0.412,0.286,31.6212675610968,13.5519718118986
"48457",0.2007267344,0.00018457,11.997046881,5505,0.2310542894,0.1235321747,12605.66,5.6,0.2161948956,4.5005042015,4.8642753512,0.2078663812,0.1409040634,0.1547523682,0.3835677295,0.2186286804,0.5187907746,0.0002765487,0.0003687316,0.352,0.289,7.69716282578242,23.0914884773473
"48459",0.1859006747,0.0002874045,7.6641199435,4891,0.2147915357,0.1199882938,12681.31,7.3,0.203088368,4.3616334538,4.7343227224,0.2015145393,0.1351892604,0.1538916567,0.3695212409,0.2053123973,0.2625607367,0.0003877848,0.0001211827,0.362,0.264,24.7645371827543,17.574832839374
"48461",0.2047448814,0.0005468964,0,4168,0.2237487733,0.1706422018,16586.46,7.8,0.2550973219,4.5424615522,4.5017017867,0.1837694772,0.1436463117,0.1467458556,0.3722885982,0.1894485598,0.6587183308,0,0.0010896214,0.378,0.292,9.13158615651539,9.13158615651539
"48463",0.2485086705,0.0003739576,10.47081261,3305,0.301292517,0.141221374,11434.6,5.6,0.2879122967,4.6741976886,4.4660797456,0.1674222074,0.1523643169,0.1468355503,0.3718386536,0.1777659415,0.7663700057,0.000521493,0.000595992,0.393,0.337,70.958184466382,13.6936847215825
"48465",0.2358045746,0.0003467619,7.7511473738,4410,0.2976095768,0.1188153803,11332.93,5.8,0.2997656694,4.6634629037,4.2731076347,0.1754626628,0.1520342917,0.1421039922,0.3774016983,0.1695263281,0.8196976207,0.0005283694,0.0006503008,0.431,0.351,24.4463911015136,11.5441291312703
"48467",0.2392266428,0.0001236968,11.839547623,4050,0.2720022518,0.1613358071,12890.67,6.7,0.2104457684,4.3832916199,4.8218302167,0.190809058,0.1365175398,0.1565575841,0.3607255866,0.2047516398,0.3701287586,0.0003213196,0.0002677663,0.356,0.26,23.5097741886189,17.0445862867487
"48469",0.2023255195,0.0007493158,9.2307024022,5551,0.2359124755,0.1292066552,13187.04,7.2,0.2271740308,4.2563840827,4.3866711478,0.1891425886,0.1341803212,0.1397489225,0.3634321556,0.1712911279,0.7905361031,0.001510295,0.0009452926,0.382,0.287,73.8983173642933,18.1123326873268
"48471",0.1916621075,0.0002877856,6.3038741418,4828,0.2107686658,0.1312246404,13112.05,7.3,0.2274593646,4.4990467424,4.4972822825,0.2002563786,0.1416542668,0.1469854635,0.4043922466,0.2030833957,0.7688068257,0.0005518764,0.0004966887,0.423,0.285,23.4358844748754,10.109597224456
"48473",0.2391092143,0.0001448069,4.706223075,5756,0.2765558893,0.1565513741,13516.16,7.1,0.2301895813,4.3701328835,4.529333673,0.1799070977,0.1381319307,0.147793704,0.3812341253,0.1899701258,0.2402036801,0.0002258781,1.88232e-05,0.372,0.265,19.2975685063682,12.0609803164801
"48475",0.2124756335,0.0001666944,7.5012502084,6274,0.2426502852,0.1563888889,11857.41,8.4,0.2521205952,4.4606163526,4.4613183263,0.1834237938,0.1410266126,0.1440361749,0.3665375526,0.1821266264,0.819009195,0.0001706485,0.0007679181,0.401,0.307,47.4661454697752,33.5055144492531
"48477",0.1971488178,0.0005573825,14.491945822,2843,0.21638255,0.1548957675,11071.38,7.4,0.2049822576,4.3202352605,4.5593523724,0.1847209095,0.1313530785,0.1445635379,0.3721530246,0.1853529867,0.6121656089,0.0005411872,0.0005981543,0.355,0.24,82.4271035303154,13.1134028343684
"48479",0.302342748,0.0003036306,3.5062099678,4850,0.3901483687,0.1454017361,13124,6.8,0.3485709624,5.0137427539,4.6358347572,0.1593437439,0.166047519,0.1470905435,0.3844334623,0.1662623235,0.8750998785,0.0003153202,0.0005037875,0.446,0.38,13.8513664071844,6.74501320697675
"48481",0.2562790285,0.0003609587,15.400904803,5699,0.2982501177,0.1666363636,13139.23,7.5,0.2538118133,4.6480940434,4.6682750823,0.1763159833,0.1464511471,0.1511791889,0.376847769,0.1919716317,0.6265503876,0.0004084673,0.0006727696,0.411,0.296,33.6376741950985,20.0224251161301
"48483",0.2624007937,0.0003955696,21.756329114,4884,0.2876761836,0.2098859316,13700.15,7.3,0.2236320902,4.5713921598,4.7934790641,0.1909945808,0.1419653207,0.1544486699,0.3681935782,0.2033011053,0.6288354898,0.0005779233,0.0005779233,0.381,0.287,32.9098927137498,52.6558283419996
"48485",0.1857050227,0.0008394464,9.9069802617,4670,0.2132849426,0.1220535685,13395.39,6.4,0.2239433091,4.5600656353,4.8081443822,0.1609898751,0.1395558166,0.1510357076,0.3852957678,0.1988058936,0.6906692015,0.0015068452,0.0011282409,0.374,0.258,38.2390899096602,16.6038153555103
"48487",0.2176762661,0.0003132587,11.747200251,5822,0.2561174551,0.1176882662,14474.42,5.6,0.261312197,5.0426054574,4.8309284704,0.1753649315,0.1560336935,0.1598163659,0.3877755324,0.2113246525,0.2851865534,0.0015600624,0.0005460218,0.409,0.33,15.7311030125062,26.2185050208437
"48489",0.2338041559,0.000327746,4.6820863377,6312,0.2961809045,0.1069033531,14757.85,4.6,0.3731591073,5.4644204238,4.6558719503,0.1532696028,0.1830334452,0.1574260251,0.3887742008,0.2016175951,0.3351405078,0.000232396,0.0006042296,0.464,0.392,32.795077615017,46.8501108785957
"48491",0.1236876971,0.0006874935,6.2314685777,2915,0.1426003235,0.0831613637,12191.39,7.8,0.1458439737,3.2531413633,3.6514300623,0.1864410704,0.0962143189,0.1123674593,0.338605093,0.117428947,0.8726929892,0.0011098975,0.0006775845,0.304,0.193,24.6179846489684,13.4638405746074
"48493",0.165769746,0.0004307813,5.4826708439,3261,0.1865600421,0.1190773067,11521.91,8.6,0.1942424316,3.81291931,4.2646252327,0.1982069876,0.119879557,0.1331412964,0.3585700268,0.1646677426,0.3155319446,0.000298662,0.0004380376,0.367,0.251,20.219545125459,13.6971112140206
"48495",0.2104503464,0.0002496879,7.4906367041,5036,0.2405721717,0.1544748672,12008.71,8.5,0.2718903165,4.6584052225,4.5739593386,0.1855817996,0.1486798885,0.1487854286,0.3712499794,0.1877388687,0.9756680731,0,0.000388601,0.375,0.305,4.23423804886311,4.23423804886311
"48497",0.2164890538,0.0004000914,9.8593964335,4590,0.2452807503,0.1514983659,14128.1,7.7,0.1976164898,4.2191980076,4.4243481456,0.1950381976,0.1304574947,0.1468896309,0.3559913354,0.1914158047,0.3841054002,0.0002342435,0.0007027304,0.35,0.256,32.9555386797725,17.1941940937943
"48499",0.2217884011,0.0004172248,13.395111882,3311,0.2516570636,0.1448655944,12256.59,6.7,0.2048365026,4.3918980904,4.7918006876,0.2078502328,0.1363767302,0.1538560367,0.3697400017,0.2049296438,0.3945524735,0.0003766979,0.0006869197,0.352,0.245,24.8249476120591,14.6029103600348
"48501",0.2615163774,0.0003443131,9.1816825433,4560,0.2928601079,0.2106147128,12447.05,8.6,0.2453554639,4.2119616723,4.2468332691,0.1887028673,0.1332002267,0.1355032929,0.3602924777,0.1648826179,0.6689935271,0.0002328018,0.0004656035,0.379,0.314,38.4526647696685,30.7621318157348
"48503",0.2353150334,0.0008883953,11.660188784,4841,0.2639367525,0.1712732216,14935.61,6.7,0.2124587547,4.5108198224,4.887759888,0.1890822498,0.1380240879,0.1540014717,0.3684579008,0.2075153907,0.5992991914,0.0004987531,0.0005541701,0.351,0.254,55.5977686762171,27.7988843381086
"48505",0.2933433308,7.05268e-05,2.1158050638,6126,0.3890066225,0.1349155442,14058.47,6.2,0.3971376143,5.7322988187,4.8581416134,0.1416750721,0.194026806,0.1666241457,0.3888581551,0.2005381833,0.4532743615,0,0.0002114165,0.437,0.413,23.5067346794857,28.2080816153828
"48507",0.218710493,8.44595e-05,3.3783783784,5327,0.2838996507,0.09455081,14171.52,4.3,0.3990134857,5.7673483749,4.9021914621,0.1452524099,0.1948499243,0.1658560932,0.390642095,0.2052875584,0.5850817847,0.0004172578,0.000751064,0.465,0.428,39.256372150408,28.04026582172
"49001",0.1321889931,0.0008941878,0,4248,0.1482213439,0.106884058,9245.87,8.2,0.1668361868,4.1630299697,4.123581123,0.1218320138,0.1223201603,0.1364442508,0.3359061399,0.1298530494,0.776286016,0.0007598784,0.0012158055,0.278,0.164,54.860106727844,44.885541868236
"49003",0.1012386801,0.0003033223,3.0332227099,1841,0.1157056757,0.077039614,10288.35,8.2,0.1605663595,4.0764871687,4.213674758,0.1065401076,0.123799669,0.1340073482,0.3655104754,0.1154816437,0.764002001,0.0047497725,0.0003275705,0.326,0.182,28.5709183764576,22.0234162485194
"49005",0.0938334898,0.0004443093,2.8841132131,1910,0.1109655229,0.0655795997,10618.38,7.6,0.1497105075,4.0128109707,4.1471626037,0.1000004526,0.1148330508,0.1321801525,0.3329332309,0.1025389415,0.8597234058,0.0015897,0.0005587559,0.296,0.167,27.2471786195282,18.4242826855857
"49007",0.0999875869,0.0003420808,5.3755558813,3770,0.1114733315,0.0773418434,9215.38,7,0.1840318403,4.4927316384,4.3720101265,0.1175717094,0.1320775488,0.1419333849,0.3625898179,0.1450525538,0.7244311545,0.0019241206,0.0010360649,0.301,0.219,29.272100435829,24.3934170298575
"49009",0.0928882438,0,0,NA,0.0945378151,0.0917431193,8354.2,7.7,0.1354106854,3.6509546446,3.9307602449,0.1329880644,0.1066282319,0.126197007,0.3331520342,0.1202787224,0.9933899906,0,0.0010204082,0.28,0.169,33.82949932341,0
"49011",0.0813608817,0.0004894776,2.2223409971,1672,0.0931083692,0.0622646801,10562.95,8.6,0.1242171289,3.5789987154,3.8202041907,0.0968642871,0.1015027975,0.1143729821,0.3155865029,0.0838736637,0.9394966702,0.0020528101,0.0005458996,0.323,0.163,26.1621528357336,17.7227486951743
"49013",0.1475639678,0.0004513993,1.5046644598,3401,0.1673400357,0.1178301467,8664.29,7.5,0.1845098146,4.274716047,4.4372716433,0.1186211597,0.1293744792,0.1429375763,0.3365954427,0.1502319543,0.5355511367,0.0016529754,0.0009016229,0.296,0.187,46.8258746404442,35.1194059803331
"49015",0.0990293648,9.98801e-05,0,3287,0.1083441739,0.0821870702,10853.1,7,0.1717470127,4.3151841427,4.4548686405,0.1157226033,0.1289530362,0.1429106391,0.3342533279,0.1317567465,0.4330357143,0.000998602,0.0005991612,0.307,0.183,36.4564345607,26.5137705896
"49017",0.1738651994,0.0003959612,0,2174,0.1768149883,0.1678383128,9138.14,5.5,0.1746547948,4.3260250726,4.2728382831,0.1181890692,0.1295571534,0.1386036095,0.3408735367,0.1350099052,0.3911446249,0.000984252,0.0007874016,0.303,0.188,65.8718134510243,79.0461761412292
"49019",0.1635846373,0.0012302645,4.1008816896,1049,0.1792303637,0.1226679104,8794.78,8,0.1578295068,3.9803636294,4.0807117288,0.1178482584,0.1174455435,0.1305374816,0.3338599537,0.1277809234,0.9508943089,0.002355592,0.0007169193,0.29,0.18,57.9927679607014,17.0566964590298
"49021",0.1232621191,0.0003829391,4.0117434672,2084,0.1409564211,0.0896354992,9247.82,6.4,0.1834050582,4.6578968344,4.6624388253,0.1082819426,0.136013884,0.1430155536,0.3378279927,0.1369690548,0.6165543834,0.0030885836,0.0005116059,0.272,0.177,35.8819665750359,21.8940813000219
"49023",0.1112926478,0.0006657236,0,5896,0.1240455041,0.0930009588,12100.25,7.1,0.16119552,4.0234704956,4.2116704334,0.1182303762,0.1239223602,0.1391891763,0.3430498761,0.1336830622,0.6948077298,0.0052791,0.0002596279,0.28,0.182,5.60318260772119,22.4127304308847
"49025",0.1023044693,0.000380421,0,2402,0.111196319,0.0843437006,9672.07,6.7,0.1510528778,3.9871278991,4.1000860692,0.1196044407,0.1173915494,0.13212734,0.3351572618,0.1207918315,0.5762807018,0.0016863406,0.0007783111,0.279,0.177,85.073801522821,51.0442809136926
"49027",0.1495318264,0.0004549591,0,2007,0.166742184,0.1224539282,9123.52,7.9,0.1730115241,4.0579021537,3.8828146282,0.1025410321,0.1247122164,0.1331568676,0.3372267219,0.1230316073,0.6176117732,0.0012302014,0.0003075504,0.283,0.199,48.0757065863718,25.3030034665115
"49029",0.0788792306,0.0009072913,0,1785,0.0800426894,0.0780935332,9336.35,9.4,0.1102580336,3.1762736266,3.5571623818,0.1383485251,0.0935364181,0.1133205076,0.2982656024,0.0943596228,0.8858379977,0.000166044,0.000332088,0.253,0.141,54.5985640577653,46.4087794491005
"49031",0.1318681319,0,0,2610,0.1432664756,0.1028037383,6743.62,2.7,0.196923799,4.5602704762,4.5102200001,0.1120730516,0.1396218138,0.1480918025,0.3440056629,0.1479816359,0.1053984576,0.0062283737,0,0.314,0.214,22.7427791676143,22.7427791676143
"49033",0.106022897,0,0,1483,0.1017733231,0.1155913978,7612.13,4.6,0.1552398108,3.9978775997,4.1662226276,0.1252572794,0.1179188639,0.1318791252,0.337008423,0.1221266747,0.4302120141,0.0004058442,0.0008116883,0.283,0.173,13.5153399107988,13.5153399107988
"49035",0.1135058331,0.0007790169,4.47245305,2110,0.1288117638,0.0818629482,10675.77,8.5,0.1636914886,3.8072551406,4.1158948906,0.1371497336,0.114179845,0.1271640921,0.3236847146,0.111268813,0.9036055766,0.0049729619,0.0012128752,0.301,0.176,32.139486521395,21.2442580852513
"49037",0.1752692461,0.0006532532,0,3387,0.2077100815,0.1171032357,10428.8,4.2,0.2537580331,5.7641973244,5.2248055394,0.1061528397,0.1863958876,0.1772467234,0.3963986539,0.1882200636,0.3737962837,0.0012298531,0.001165124,0.341,0.222,65.167807103291,23.89486260454
"49039",0.1479860639,0.000484825,0.9696499564,2946,0.1644064648,0.1136937847,9814.42,7.5,0.1778825631,4.3777561902,4.3902235,0.100476751,0.1303835372,0.1440660523,0.3408673256,0.1287665336,0.6397455251,0.008588316,0.0005224831,0.311,0.192,26.8947340110806,25.8189446506374
"49041",0.1175103452,0.0004625347,1.3876040703,2073,0.1316444826,0.0922030682,9330.35,8,0.1727901697,4.3046377048,4.3871889171,0.123541287,0.1325142132,0.1438028389,0.3418991018,0.1400528802,0.6618113643,0.0023213705,0.0005107015,0.326,0.183,44.6572937679977,36.9577603597222
"49043",0.1005041382,0.0013524736,8.0673864041,1701,0.1027004757,0.0973096215,8618.98,8.7,0.1090835821,2.9175364498,3.5220308348,0.1663235983,0.0875309917,0.1053847428,0.2561522485,0.0828114137,0.9525382667,0.0017647199,0.000715427,0.207,0.125,26.0710871643348,18.1707577205969
"49045",0.1048998355,0.0001383911,2.4910391785,2962,0.1216379535,0.0772058824,10678.16,8.3,0.1575595279,4.0368623043,4.3729669721,0.1177574378,0.119912802,0.1307808416,0.369110671,0.1173788867,0.8920608746,0.0010442445,0.0005435793,0.324,0.178,21.2296587563112,20.7681444355218
"49047",0.1620172359,0.0003078301,2.7984552527,3859,0.1830388693,0.1285488302,9359.03,7.4,0.1951467171,4.591218608,4.691434483,0.1132030894,0.139937421,0.1469994801,0.3641840261,0.1486533972,0.6183257641,0.0013262599,0.000479711,0.355,0.217,41.0669952026283,28.000224001792
"49049",0.0937828026,0.0004180845,1.8546606207,1807,0.1059755137,0.0752641435,10752.13,8,0.1320866453,3.7891476943,3.9378186813,0.0645300054,0.106340774,0.1191857159,0.3087074443,0.0707564963,0.8454925237,0.0026068244,0.0007650113,0.301,0.148,22.8854882438242,16.496404569347
"49051",0.1147931775,0.0004986653,2.63999296,1783,0.125510679,0.0972222222,9214.97,8.3,0.1227852838,3.1640821426,3.6241113131,0.1275695554,0.096426686,0.113675141,0.3088068489,0.0941010427,0.7330216745,0.0010529483,0.0002707581,0.28,0.135,34.1027564770878,12.6667381200612
"49053",0.1503659544,0.0005575706,3.2102547929,2039,0.1652164431,0.1205427031,9915.14,7.3,0.1586600908,3.9835556971,3.8130793178,0.1086769294,0.1194186649,0.1268794385,0.3284380002,0.1091043289,0.8135104804,0.002708212,0.0010192196,0.308,0.156,40.6238475089344,22.090387124674
"49055",0.1569851176,0.0003688676,0,1803,0.1618655693,0.1435045317,8979.54,6.6,0.1523795815,3.8473452734,4.0207536693,0.1353659046,0.1154965788,0.1291301757,0.3262434158,0.1228893116,0.4384449244,0.0059479554,0.0011152416,0.271,0.189,12.2549019607843,12.2549019607843
"49057",0.0987307624,0.0004304166,3.458704984,1790,0.1097436757,0.0778860087,10526.53,8.1,0.1590511712,3.9267089546,4.2031639918,0.1215299071,0.1173706109,0.130462831,0.3178492139,0.1230049978,0.8610337491,0.0022702538,0.0009088817,0.336,0.201,38.4995444220577,24.5113766153767
"50001",0.0619857996,0.0011420181,9.7887266498,2447,0.0747423927,0.0191274107,6211.05,9,0.1199935802,3.3901335419,4.3171558442,0.2162833222,0.1045230389,0.1328363106,0.2998661965,0.1422368732,0.7245593547,0.0028399102,0.0008114029,0.282,0.163,55.1532083796711,14.4664153127006
"50003",0.0613317981,0.0010149422,14.096419509,3905,0.0748396294,0.0210263197,8632.92,8.4,0.1409923246,3.782664569,4.6623278707,0.2032580993,0.1152401869,0.1434763681,0.3433857164,0.1671736335,1,0.0046588645,0.0011787488,0.254,0.179,105.224588731574,20.669115643702
"50005",0.058907533,0.0008335278,12.669622912,2730,0.0724440232,0.0184111831,9199.18,8.4,0.1463842734,3.8582266652,4.7356355854,0.217552312,0.1188879126,0.1475986768,0.3118069284,0.1904218503,0.6043488007,0.0035641212,0.0011880404,0.307,0.216,63.3333333333333,25.5555555555556
"50007",0.0491770528,0.0018684284,11.906651849,2371,0.0583883518,0.0173226767,6530.11,8.7,0.1116607391,3.6704373434,4.0458799946,0.1944720806,0.1053339045,0.1237203595,0.2948293879,0.125373657,0.8748985915,0.0062100479,0.0014947865,0.216,0.138,34.1011505078636,13.3968805566607
"50009",0.0645377401,0.0001622586,6.4903456109,3295,0.0772334294,0.0208333333,8048.39,7.5,0.1798653541,4.4469615,4.8658940296,0.205709009,0.1390309053,0.1637912063,0.3540051205,0.2065140302,0.4360926102,0.00048,0.00064,0.321,0.235,32.3694432455762,64.7388864911524
"50011",0.0539751111,0.0005465366,8.9065220032,3787,0.0678432804,0.0154495644,7159.59,8.9,0.1407578447,3.7992694578,4.3341745325,0.1924671877,0.1141092563,0.1431172435,0.343384955,0.1701638985,0.4877686089,0.0024281176,0.0011128872,0.338,0.201,50.5023298408166,20.8742963342042
"50013",0.0531238969,0.000691085,5.5286800276,3640,0.0631123263,0.0199851962,6537.57,9.3,0.1256289933,3.6740465261,4.1412892009,0.2413436048,0.107668674,0.1308189503,0.3095895337,0.1506278113,0.6242467719,0.0002820874,0.0001410437,0.287,0.164,69.7869172792407,46.5246115194938
"50015",0.0690887433,0.0008674395,8.6743947638,2515,0.0835586625,0.0259245139,8561.16,8.7,0.1429183649,3.823240967,4.6378561152,0.2336661183,0.1171459447,0.1417011151,0.3213840143,0.1709970651,0.6818386108,0.0046245059,0.0008695652,0.254,0.168,31.5777008802284,7.8944252200571
"50017",0.0625541817,0.0008999031,10.383497162,3357,0.0754078908,0.0208372442,9219,8.6,0.1445308377,3.9126777177,4.6276992543,0.2031907299,0.1209949825,0.143125203,0.334834676,0.1722467149,0.516726569,0.003310459,0.0009310666,0.287,0.18,56.4984780001845,27.6727239184577
"50019",0.0666633426,0.0007027407,9.6164515294,3233,0.0815959502,0.0229711919,8472.72,8,0.1586947033,4.1326700741,4.9900117341,0.2199863737,0.1283228212,0.1529679886,0.3613330704,0.2117936382,0.5064081378,0.0025643884,0.0005946408,0.301,0.205,56.9018196212318,19.7919372595589
"50021",0.0552885174,0.0007733155,11.685655857,3507,0.0673486014,0.0158941658,10067.23,8.3,0.1448203255,4.2022281786,4.668607819,0.2095162385,0.122789315,0.1490407839,0.3194944163,0.1752967426,0.8471983388,0.0030338151,0.0012442051,0.301,0.179,83.6067732939351,23.4786144181599
"50023",0.0522104692,0.0010443596,20.71598555,2383,0.0635024355,0.017016296,6818,8.3,0.1236610209,3.5784561374,4.4150801291,0.2433989795,0.1091584757,0.135136286,0.288470678,0.1467559825,0.8302314644,0.0054007568,0.0010835913,0.286,0.162,46.890099898786,14.295762164264
"50025",0.0620072723,0.0009947421,13.973757757,3026,0.0748823456,0.0193444385,8564.75,8.1,0.1419635291,3.9291029064,4.8131730284,0.2069712228,0.120592592,0.1394370202,0.3003106447,0.1653077023,0.696470694,0.0067826738,0.0010524839,0.266,0.175,60.6332632507304,22.0484593639019
"50027",0.0642077166,0.0011260034,13.984235952,3029,0.0775444265,0.0215032551,8818.32,8.8,0.1289537876,3.6558673986,4.5362703277,0.2333782031,0.1108254758,0.141213636,0.3240438495,0.15836205,0.8191282866,0.0049741345,0.0013204066,0.286,0.181,59.273237528427,24.1931581748681
"51001",0.1511754828,0.0004332219,11.139992573,2963,0.1791036222,0.0771752086,10646.8,8.5,0.2394982976,4.7861115084,4.8979254483,0.1776347418,0.14776697,0.1599799253,0.4056057527,0.233604033,0.3739597154,0.0010181414,0.0006170554,0.383,0.294,66.0025163459357,14.4380504506734
"51003",0.087227944,0.0014360194,10.427147169,3287,0.0994587502,0.0555877244,8815.4,8.8,0.1419134709,3.5103154316,4.0497421478,0.1973542119,0.1006885763,0.11713764,0.3390010429,0.1408867215,0.7738001415,0.0013705182,0.0008186317,0.26,0.17,64.1922725889869,14.6029814420444
"51005",0.0951335529,0.0004710633,16.823687752,8741,0.1106439212,0.0480631277,10479.19,7.2,0.21260643,4.7371502234,5.1144567924,0.1912543157,0.1470290122,0.1651301331,0.3979521725,0.2431033436,1,0.0002682763,0.0006036217,0.367,0.253,94.4435699669448,22.486564277844
"51007",0.1156755722,7.60746e-05,9.8896918981,4324,0.1305970149,0.0738231098,11333.67,8.6,0.1981341884,4.3795194142,4.6901939391,0.1937023063,0.1326655538,0.1528638703,0.3849627163,0.2185250125,0.075965327,0.0006147698,0.0002305387,0.357,0.244,15.3170632084142,45.9511896252425
"51009",0.1021597819,0.0002214839,15.503875969,3671,0.1190143599,0.0546112685,10700.82,8.4,0.2008297377,4.3736226769,4.6816472354,0.1785201599,0.1361715053,0.1524529259,0.3849743656,0.2156297239,0.5367972058,0.0001578981,0.000410535,0.364,0.238,75.8389685900272,25.2796561966757
"51011",0.1193154427,0.0001256992,16.340896235,4189,0.1379197913,0.0684931507,10326.84,8.6,0.2028693795,4.5133133151,4.7262196142,0.1784338952,0.1356056769,0.1526160556,0.3971779134,0.2246135804,0.5473185066,0.0001262547,0.000378764,0.367,0.237,64.8603410398577,25.1072287896223
"51013",0.0614938368,0.0007811115,14.313339695,2650,0.0685354897,0.0360903266,9077.69,9.3,0.1121365198,2.7526284937,3.4671844281,0.2242487889,0.0803207664,0.0950138904,0.309203805,0.1008790691,0.9998940408,0.0017851053,0.0006188926,0.278,0.144,26.452730789579,5.59846154276805
"51015",0.0997563448,0.0004764552,13.102517272,4188,0.1147459902,0.056414485,10438.95,8.4,0.1655528179,3.8937844336,4.5037579216,0.1763270369,0.1187638524,0.1413527276,0.369406641,0.1911016649,0.5078101695,0.0006758816,0.000980691,0.348,0.222,56.6885950456805,23.2906630807834
"51017",0.1045883941,0,12.056908609,6562,0.1154989384,0.0649149923,11799.15,7.8,0.2236637754,4.9327332881,5.1739102056,0.1833126818,0.1521424867,0.1683041583,0.4084348664,0.2468776181,1,0.0002329916,0.0006989748,0.389,0.266,119.445771619685,111.482720178372
"51019",0.0917596608,0.0007848399,12.405534387,NA,0.1062822812,0.0502993273,10528.08,8.9,0.1555198926,3.7251359309,4.2990993888,0.1873746939,0.112847987,0.1368595213,0.3587220712,0.1876585285,0.5320435793,0.0004571603,0.0003809669,0.321,0.189,79.9814779735219,19.3639367725369
"51021",0.078662497,0,7.9617834395,4676,0.0863930886,0.0522006141,11506.16,8.2,0.165017566,3.9770526048,4.5259928191,0.211458426,0.1179559411,0.1398878446,0.3881415484,0.2065410885,0.9992672919,0.0003178134,0.0019068807,0.374,0.233,53.1575590048905,53.1575590048905
"51023",0.0728713182,0.0005086927,18.25308956,3190,0.0809101747,0.0498551608,10256.12,8.3,0.1490223125,3.6982421694,4.2088001124,0.198906157,0.110509933,0.1323270981,0.3566358803,0.1873658026,0.9080185833,0.0003906602,0.0005409141,0.345,0.197,96.6819164947323,17.9409741948988
"51025",0.1248801993,0.000246442,8.0093647958,6011,0.147397746,0.0571852952,10135.68,7.4,0.2605213312,4.9724582937,4.851887222,0.1541852522,0.1546752661,0.1594982152,0.434841442,0.2428534637,0.1655386027,0.0003051758,0.0001831055,0.423,0.295,41.1082792074324,36.9974512866891
"51027",0.1215733015,0.0002380499,7.1414968577,7894,0.1384615385,0.0637935923,12005.7,6.8,0.2799535004,5.761976643,5.6866689106,0.1605646658,0.1785447798,0.190731136,0.4222234658,0.2911244579,0.2881981907,0.0002827388,0.0009424627,0.396,0.305,46.1504185365543,28.6450873675165
"51029",0.1190455456,0.0002332634,12.829484488,4395,0.139771135,0.0601234969,10181.89,8.2,0.2436261286,4.7780122927,4.883760598,0.1694417616,0.1504841637,0.1609712099,0.4216892428,0.2530793428,0.3653913449,0.0004706159,0.0002941349,0.427,0.285,54.5649420247491,70.1549254603917
"51031",0.1033827618,0.0001457593,13.664935775,4383,0.122099936,0.046288688,10985,8.6,0.1882754214,4.3978961026,4.753483656,0.1696900393,0.1324234848,0.1496762093,0.3783178566,0.2117987482,0.4378943146,0.0001091445,0.0001819075,0.395,0.246,81.1324638839443,16.953052154854
"51033",0.0954439907,0.0001627339,9.4385679414,5693,0.1125820509,0.051861146,11249.25,9.3,0.1836477374,4.0146773019,4.3863619448,0.183203926,0.1206807875,0.1396576777,0.4014515667,0.1995240484,0.4562620424,0.0003249708,0.0001299883,0.388,0.226,40.0619335838106,15.1585694641446
"51035",0.1215657781,0.000906314,11.077170958,4934,0.1421133594,0.0559763532,10921.79,8.2,0.210380744,4.7341733723,5.0860874595,0.1836777671,0.1455399878,0.1613733824,0.4070838648,0.2356957419,0.4236735237,0.0003711702,0.0008773114,0.364,0.252,81.5633344878828,17.8768952302209
"51036",0.1396518375,0.0002872325,17.233950883,4123,0.1508031647,0.0965323336,10852.97,9.1,0.2304201896,4.7349280392,4.8969949137,0.1668789732,0.143994864,0.158346712,0.4408030519,0.2339894966,0.3234564498,0.0001440715,0.0004322144,0.401,0.273,53.0759951749095,57.9010856453558
"51037",0.1241910288,0.0005050505,10.942760943,4583,0.1461899712,0.0645549318,11294.32,6.4,0.2443261954,5.0847079797,5.2190443572,0.1701369907,0.1585435705,0.1698822696,0.4222861087,0.2502759868,0.2142857143,0.0001675322,0.0004188306,0.409,0.283,70.1498400583647,67.3438464560301
"51041",0.0908392431,0.0008503353,8.4466641346,3458,0.1081429364,0.048065951,11009.38,8.8,0.1548689122,3.3547008147,3.8926951233,0.174561833,0.1028371436,0.1200495105,0.3648679161,0.1536319851,0.748494795,0.0016439252,0.0006168306,0.367,0.212,35.0131134019062,15.0999949981267
"51043",0.0949450549,0.0003420207,15.73295027,3537,0.1044532525,0.0678137652,9930.55,9.3,0.162395842,3.9464864826,4.4503541481,0.1989163374,0.1164473448,0.1351532317,0.3489896442,0.1809866445,0.7545959812,0.0005508504,0.0002065689,0.324,0.187,36.559729458002,13.7098985467508
"51045",0.064992232,0.0003897876,5.8468134866,3943,0.0714047381,0.0423913043,9764.82,8.4,0.1606567468,3.9361011377,4.4192663932,0.2025398006,0.1168206696,0.1403695921,0.3768625201,0.2021938813,0.9581888247,0,0,0.332,0.211,65.4793085385018,65.4793085385018
"51047",0.1110019187,0.0003421728,8.5543199316,4211,0.1294345159,0.0706987844,10192.35,9.1,0.1813784534,4.1107084712,4.3876695937,0.2047612767,0.1202749434,0.1390983179,0.3887035766,0.1988770397,0.6682087858,0.0015619275,0.0008870206,0.373,0.233,50.6223383723653,16.4522599710187
"51049",0.1053675304,0.0004027386,3.0205396698,4299,0.122133426,0.0544323484,10023.43,6.7,0.2222704517,4.7054418212,4.8433801106,0.1702608881,0.1429643844,0.1583494106,0.4079426244,0.2314892009,0.4726422602,0.0003058416,0,0.389,0.25,37.0694884410595,30.329581451776
"51051",0.1027305709,0.0002793686,2.0952647018,3365,0.1211380021,0.0518934081,12743.89,NA,0.2587441218,5.6329466111,5.6520109174,0.1786292252,0.1736086424,0.185295258,0.4059395651,0.2832915558,0.6007671509,0.0006197067,0.0008262756,0.365,0.292,39.6094969593886,27.9596449125096
"51053",0.0995837897,0.0001401345,6.3060538117,5004,0.1152890891,0.05249614,10642.52,8.2,0.2064520863,4.3560054657,4.729129582,0.1790258665,0.1345654559,0.1513366486,0.4050538405,0.2154981156,0.3165958359,0.0001752603,3.50521e-05,0.406,0.241,36.1469665698861,16.3244365154324
"51057",0.1134407951,0.0001825984,12.781886241,3785,0.1312827018,0.0576829859,11503.24,7,0.2171746758,4.4571474984,4.8232419831,0.1756134104,0.1383258527,0.1542759341,0.4313428531,0.2144015335,0.2454488387,0.000183167,0.0004579174,0.4,0.284,51.8055767179643,60.9477373152522
"51059",0.0905906043,0.0011102087,8.740496997,2497,0.1069809737,0.0501227606,9044.45,9.6,0.1237472057,2.8209437462,3.2609371248,0.1683172546,0.0823174843,0.0991960842,0.3736010632,0.1126346737,0.9960627738,0.0018317772,0.0008776541,0.221,0.162,31.9206859381406,8.90068172843701
"51061",0.0910626224,0.0005054618,12.776950942,3971,0.1048426659,0.0582535471,10372,9.5,0.142146564,3.6477802162,4.1198711368,0.1998547514,0.1029577888,0.1229119348,0.3667169283,0.1603572884,0.6539423033,0.0007782101,0.0005518217,0.296,0.19,34.6997533504019,11.2539740595898
"51063",0.1206824454,0.0004444727,13.334179948,2682,0.1375820265,0.0714513557,9456.13,8,0.1917292958,4.3415044176,4.7540955643,0.1973342827,0.1324874846,0.1524442409,0.3886469311,0.2125492694,0.4001570783,0.0005698006,0.0005064894,0.342,0.232,84.5290674330635,35.924853659052
"51065",0.0906557137,0.0001833517,6.600660066,3240,0.1049080566,0.0520684736,9227.5,9.3,0.1455750968,3.5589658094,4.0610554134,0.1897867372,0.1043065136,0.1278936861,0.354098917,0.1616350915,0.4943754622,0.0005227196,0.0002613598,0.335,0.196,52.7769254372507,18.4105553850875
"51067",0.1029241179,0.0003925627,10.170943221,3454,0.1184961827,0.0575339932,9383.52,8,0.1914080631,4.4181971964,4.8172989608,0.1926634886,0.1320508499,0.1545250604,0.3837537422,0.2205804788,0.4216243167,0.0005694457,0.0003736987,0.355,0.235,64.725303436973,17.8143036982494
"51069",0.0946278138,0.0004814529,8.1735021777,4847,0.1117046647,0.052914074,9507.83,8.9,0.1625121498,3.7513820207,4.2352620705,0.2014113051,0.1119521335,0.1331981575,0.3599828034,0.1775598665,0.8119915714,0.000554581,0.0001697697,0.327,0.229,29.0192606041215,15.6257557099116
"51071",0.0921226232,0.0003588517,11.363636364,4149,0.1088321473,0.0462411348,11218.91,8.7,0.1841694585,4.510031596,4.7822888793,0.1892643715,0.1316669582,0.1509959792,0.381194696,0.2211869105,0.8973735971,0.0001187366,0.0006530515,0.332,0.237,107.511895992195,27.8734545164951
"51073",0.0943698658,0.0005622791,8.0325586377,3301,0.1075535114,0.0557423694,10947.62,8.9,0.1656825994,4.0029518518,4.4490826162,0.2203325242,0.1170482701,0.1402560181,0.3756465027,0.195170271,0.7071734766,0.0016064687,0.000562264,0.347,0.202,57.0633760119833,14.2658440029958
"51075",0.0639821285,0.000757799,15.57697975,2972,0.0652626879,0.061754386,10510.09,9.4,0.1462075037,3.5318739881,4.1527541611,0.1955492796,0.1038375801,0.1254431407,0.360530769,0.1665293135,0.5432610397,0.0009895027,0.0002151093,0.312,0.178,23.8001904015232,22.4001792014336
"51077",0.1162615414,0.0002572347,6.4308681672,3581,0.134740459,0.0572300649,9718.08,7.1,0.2293202205,4.8514468346,5.1714037274,0.1771420863,0.1514331124,0.1689372872,0.3972918991,0.2492020119,0.7017961759,0.0002559017,0.0003838526,0.405,0.258,53.5630115267601,62.1330933710417
"51079",0.1076039286,0.0002018265,3.0273979515,4976,0.12756028,0.0594795539,9989.08,8.7,0.180585185,4.1682164865,4.683367538,0.1948841683,0.1243492543,0.1449380119,0.3800384024,0.2022314318,0.3858610009,0.0007078214,0.000151676,0.369,0.221,60.2722295702255,16.7422859917293
"51081",0.0855797337,0.0003528582,2.6464361327,5182,0.1034170627,0.0428416486,11120.17,9.1,0.283646338,5.2220933308,4.9121680809,0.1573882236,0.163798642,0.1636286582,0.4486559943,0.2643402511,0.1640120885,0.0004300335,0.0003440268,0.421,0.288,46.7248780772713,58.4060975965891
"51083",0.1053733989,0.0003538675,14.744478193,4642,0.1263221351,0.0492109039,9443.94,7.7,0.2189116961,4.4087738926,4.6983414259,0.1605383356,0.1406051812,0.1562270528,0.3982887126,0.234027576,0.4287133357,0.0009671747,0.0011137163,0.392,0.28,94.4287063267233,12.7872206484105
"51085",0.0667358349,0.0007145111,12.063173914,3706,0.0763216796,0.0432186523,11210.86,9.2,0.1298540396,3.2232068632,4.1246202114,0.2260211683,0.0973201066,0.1229484508,0.3524454137,0.1642453723,0.8069655428,0.0015199694,0.0008578968,0.351,0.183,60.0123118041743,20.4165596859562
"51087",0.0880881969,0.001082166,12.363293412,2978,0.1048433946,0.0444049965,10937.37,8.8,0.1506470147,3.5617988581,4.186182556,0.1921134835,0.1052365833,0.1195848667,0.3984267073,0.1622644993,0.9676446153,0.0027910989,0.0008898716,0.347,0.21,53.2276159763343,11.2693629288269
"51089",0.1143446686,0.00057361,14.834740985,5081,0.1370366406,0.0483297797,10239.46,6.8,0.2561818756,5.3107407043,5.3478663343,0.1641152542,0.1608995104,0.1730548085,0.4360020133,0.2538081,0.4036305885,0.0001177556,0.0001570074,0.404,0.277,67.1852666662275,23.0537679737055
"51091",0.1461154669,0.001369863,0,3086,0.1576135352,0.0955631399,8799.59,5.3,0.1851901852,4.307518985,4.7252642074,0.1941437806,0.1295877214,0.1505540793,0.3716664089,0.2165507447,0.7923308919,0.0022624434,0.0004524887,0.334,0.212,106.060606060606,0
"51093",0.0823973827,0.000377267,12.665391145,3532,0.0932680094,0.0531316415,10145.6,8.7,0.1721980611,4.0656255135,4.4659678976,0.2096689047,0.1194464115,0.1391152683,0.3917699484,0.1871258467,0.7100085058,0.000270614,0.0002164912,0.356,0.217,80.5102561120703,16.1020512224141
"51095",0.0692647635,0.0012283889,7.8407798962,3896,0.0795909941,0.0431965443,10133.53,8.5,0.1304663826,3.2356189489,3.7057307323,0.2144971446,0.0950549752,0.1151314407,0.36246715,0.1432340789,0.8975361519,0.0028927837,0.0009424454,0.309,0.172,90.6598650078948,12.5795984939184
"51097",0.1227443609,0.0002846975,14.234875445,5455,0.1369796709,0.0763116057,10005.84,8.8,0.2139521227,4.6191851385,4.7529668301,0.1884069261,0.1386125914,0.1530844663,0.4061357859,0.2236264408,0.1451403888,0,0,0.362,0.226,61.8782426579085,57.1183778380694
"51099",0.0671768338,0.0002235803,10.433745715,6710,0.0784765601,0.0406456346,10811.47,9.5,0.1540390889,3.6700330414,4.2107428843,0.1984710812,0.1071525941,0.1267666992,0.3663973877,0.1683946218,0.7112873134,0.0004139229,0.0005268109,0.359,0.195,44.5588672145757,22.2794336072878
"51101",0.0854419289,0.0002332634,6.414742244,3175,0.0971702638,0.055583004,10916.86,9.2,0.1739427751,3.9636002049,4.63277479,0.2006425407,0.1194892472,0.1413556626,0.3810614707,0.1986333047,0.5250705993,0.0005903536,0.0005313183,0.347,0.213,56.0624806681101,9.66594494277761
"51103",0.1181625869,0.0004715647,23.578232576,2176,0.1291476257,0.0859701493,10597.63,8.8,0.1799802918,4.0560855108,4.5472552837,0.178219854,0.1217228097,0.1388180087,0.3822296944,0.1889887736,0.5765077693,0.0008346471,0.0011128628,0.359,0.228,115.610548681415,121.859767529059
"51105",0.1087048066,0.0002561585,4.6962387397,4275,0.1274462624,0.0538758809,11305.1,7.1,0.2520633247,5.2787439562,5.43233355,0.1756750363,0.1654268261,0.1782777926,0.3925045132,0.2770967613,0.3596748349,0.0011894142,0.0008495816,0.392,0.301,54.1295119797157,22.7913734651434
"51107",0.0611334166,0.0007544651,7.1819276584,3586,0.0733312223,0.0366462437,9923.69,10,0.1174926524,2.7809877302,3.1910334485,0.1576602094,0.0824433145,0.0956376424,0.346284218,0.1143996011,0.9172235368,0.0014378764,0.0006464299,0.27,0.161,18.3401814069171,9.00921191918737
"51109",0.1212304183,0.0001064084,9.8427815169,4087,0.1366492847,0.0764872521,10092.05,8.9,0.1945047238,4.3643455966,4.6990477691,0.1859244305,0.1315926365,0.1506485546,0.3893850888,0.2139474908,0.3670256085,0.0003534722,0.0002175213,0.362,0.235,46.2218113616768,20.4442627176647
"51111",0.1361074469,0.0001639882,12.299114464,4113,0.1598434187,0.0726569218,9845.77,8.4,0.2589593416,4.9805018643,5.0815596209,0.1633049955,0.1568424277,0.1652859814,0.4102901012,0.2547664606,0.5713179495,0.0005791825,0.0006619229,0.416,0.279,68.4013242496375,51.9850064297245
"51113",0.112051989,0.0002262273,9.0490913204,3443,0.1268874172,0.0715063521,9297.78,9.2,0.1954619532,4.3624868132,4.8372419726,0.1905175267,0.1328810488,0.1528399452,0.3983345181,0.2178533,0.5166065524,0.000300865,0.0004512975,0.364,0.227,77.7565967693388,25.0827731513996
"51115",0.0883181442,0.000339597,16.979850577,2530,0.0976078599,0.0582120582,10287.28,8.8,0.1627324946,3.7637525004,4.1925392329,0.2078551282,0.1136601874,0.1360113228,0.3657500802,0.1943697389,0.5170416574,0.0003408316,0.0003408316,0.341,0.2,60.6014695856374,75.7518369820468
"51117",0.1202305792,0.0004904044,16.019877726,3749,0.1409301758,0.0598438855,9656.01,7.3,0.2324738117,4.6646866421,4.8817073526,0.1564974605,0.148106112,0.1608951532,0.4016857182,0.2431026089,0.55440462,0.00091354,0.0010114192,0.377,0.265,82.6841899125288,19.5830976108621
"51119",0.1149225648,0.0002835003,11.34001134,2623,0.1263077801,0.0810810811,8740.17,9,0.1823522339,4.146305967,4.5728265763,0.1948045277,0.12352572,0.1442836664,0.3830697599,0.2006460831,0.3777716945,0.0007428731,0.0005571548,0.334,0.22,97.1177944862155,93.984962406015
"51121",0.0880537089,0.0006799614,10.859085604,3280,0.0997693478,0.0439574441,10287.44,8.2,0.165242107,4.0893766988,4.3695072276,0.1829936833,0.119440837,0.1354577636,0.3897224521,0.1779039563,0.744798288,0.0022124564,0.0009092287,0.357,0.225,41.9044915532035,13.8555173683979
"51125",0.1272061585,0.0010046885,10.046885466,3754,0.1409954077,0.0869090909,9153.66,8.7,0.1796236213,4.1161154698,4.5862867895,0.1960110816,0.1238390326,0.1430192959,0.3757350468,0.1978809561,0.545539281,0.0011458614,0.0006066325,0.346,0.223,62.8916690999753,22.4613103928483
"51127",0.0860894942,0.0003464553,7.3621757395,3937,0.0930647811,0.0669199916,11718.42,9.7,0.1500184388,3.6476535744,4.1963684564,0.2020060393,0.1075682122,0.1294712405,0.3766884686,0.1795205442,0.7760052092,0.000893216,0.0003126256,0.334,0.196,18.8051497179228,15.9120497613193
"51131",0.1253458439,0.0011955594,15.37147737,2683,0.1449109623,0.0728534258,9621.74,8.5,0.2333657329,4.6557306381,4.6468969093,0.1723819963,0.1439311443,0.1537227721,0.4101719496,0.2181853438,0.1958188716,0.001022582,0.0011077972,0.429,0.267,119.59678797198,91.1213622643659
"51133",0.1111407962,0.0007441091,18.189334436,2724,0.1231884058,0.0717863105,10444.82,8.7,0.1827168812,4.0394531024,4.3900866517,0.1898141866,0.1228882064,0.1393168885,0.3894532713,0.200013897,0.4404703974,8.23249e-05,0.0003292994,0.361,0.222,63.3416870920658,77.1116190686018
"51135",0.1292217327,0.0006565126,15.099789916,4214,0.1570247934,0.058408862,11859.96,6.2,0.2523874657,4.8813348033,4.7691172523,0.1654886938,0.1541988659,0.1627885504,0.4278348314,0.2530423918,0.6311108308,0.0005836576,0.0005836576,0.408,0.279,69.850694141273,52.3880206059548
"51137",0.10396314,0.0004318372,7.0173544574,4508,0.1187309048,0.0647095565,10177.36,8.2,0.1800239482,4.0396502933,4.3936617388,0.1833040586,0.1214290359,0.1406141535,0.3889525536,0.2056685163,0.6420955169,0.0005457919,0.0003001856,0.341,0.215,77.2062124068588,11.6707065266182
"51139",0.1128411002,0.0003347,10.877750816,4688,0.1330828697,0.0538033395,11353.18,NA,0.2152377433,4.7733633001,5.2009261019,0.1898487424,0.1468805199,0.1672312573,0.3845300919,0.2465451082,0.3245570252,0.0003760498,0.0008356662,0.362,0.249,57.1285252480214,20.9006799687883
"51141",0.1168872335,0.0002839618,7.9509313948,3731,0.1346432265,0.0602254428,9919.19,8.1,0.2238699482,4.890938887,5.1091954816,0.1798686196,0.1496216691,0.1668356778,0.4053137248,0.2495603045,0.4631151974,0.0003960844,0.0005092514,0.364,0.243,75.7948990032971,34.1077045514837
"51143",0.1143955726,8.28446e-05,14.746329986,4257,0.1323117338,0.0592307018,10597.24,7.9,0.2167998684,4.6322934573,5.0218341266,0.169563623,0.1429181982,0.1617054635,0.3862166001,0.227719429,0.289594684,0.0001968859,0.0002461074,0.375,0.274,82.802934536,26.49693905152
"51145",0.0909683022,0.0004046945,8.0938891137,3312,0.0990126939,0.0669873508,11447.8,9.6,0.1496076764,3.7018514349,4.1130248259,0.2088147775,0.1082151538,0.1294611887,0.3615185977,0.1830631852,0.6537117593,0.0002398164,0.0002398164,0.324,0.192,32.5882974300194,38.2069694007124
"51147",0.0983923688,0.0005701254,10.086834488,4171,0.1143552311,0.0484734869,10905.14,8,0.2140105532,4.619318553,4.705914838,0.1713844476,0.1397756968,0.1512112286,0.413327609,0.2214250527,0.8138479973,0.0025272331,0.0007843137,0.386,0.271,53.8119200674831,7.27188109020041
"51149",0.0755771313,0.0002085886,6.257659114,4941,0.0887223202,0.0449451184,10720.41,8.7,0.1762382317,3.8621934013,3.9576102424,0.1745183909,0.1152096615,0.1298670818,0.4012343754,0.1840557596,0.4076976907,0.001050365,0.0008928103,0.358,0.228,32.1400960728277,15.6357224138081
"51153",0.1131965229,0.0004316073,6.2508637461,4205,0.1346638242,0.0648428965,9925.56,9.6,0.1616740204,3.424619615,3.8624716361,0.1659518423,0.1011238881,0.1206823402,0.4125824808,0.1436940748,0.9690523928,0.0011623658,0.0005042617,0.349,0.199,22.7742260829958,8.91165368465053
"51155",0.0826591208,0.0003526611,16.163634761,5141,0.0951319405,0.0433441558,11767.46,7.8,0.188703331,4.4300083841,4.6722808022,0.2093765841,0.1302858506,0.1501453562,0.3965451012,0.2244924458,0.8310392292,0.0003816122,0.0005577409,0.333,0.242,81.350217587329,18.6223389657741
"51157",0.1224219489,0.0004070556,10.854816825,3049,0.1334957369,0.0869565217,8757.85,8.4,0.1548421835,3.776369042,4.2610177263,0.2035574648,0.1107860428,0.1324621223,0.3671822283,0.178405311,0.4939644649,0.001103144,0,0.311,0.208,27.4197970935015,45.6996618225025
"51159",0.0969433894,0.0001108279,14.407624958,3248,0.1124784642,0.0551948052,9837.01,8.5,0.2382205727,4.7698425391,4.769959945,0.1856696375,0.1466776729,0.1540358755,0.4216250475,0.2304621727,0.6060082127,0.0016596592,0.0005532197,0.401,0.263,36.8568480023588,66.3423264042459
"51161",0.0748212603,0.0013165439,12.103709681,2921,0.0856416159,0.0456921087,9985.33,8.9,0.1589338465,3.8267934984,4.2897053952,0.199086283,0.1091024017,0.1299557868,0.3537059477,0.1764818406,0.8216203343,0.0025405802,0.0006909528,0.335,0.202,105.033101341029,14.8531658462061
"51163",0.1011860175,0.0007974128,12.404199708,4024,0.1148036254,0.0587197581,9264.72,7.9,0.189981763,4.5330520998,4.9180241787,0.1852431725,0.134508388,0.1532458193,0.3908301026,0.2165854549,0.564710629,4.39522e-05,0.0002197609,0.316,0.219,92.5354719309069,23.5010722364208
"51165",0.1153302802,0.0003050715,13.545174989,5597,0.13283598,0.071777079,10157.01,8.8,0.1750534617,4.0482151277,4.5337180365,0.1981419854,0.1239720427,0.1432282126,0.3629465759,0.1935975985,0.7210079409,0.0001600118,0.0002707892,0.315,0.229,64.7557608190993,16.6980263747363
"51167",0.0977221181,0.0002256827,8.2750319717,6073,0.1123973356,0.0517818468,11558.2,7.4,0.2265262521,5.1711103584,5.356392621,0.1805031028,0.1558403708,0.1720625233,0.3924757359,0.2594044244,0.4429525556,0.0008224914,0.0012711231,0.393,0.279,57.5136594941299,18.7544541828684
"51169",0.1015710868,0.000324585,5.1006213484,4373,0.1178726668,0.0517241379,11571.72,7.3,0.2201755943,4.8981061422,5.0481293095,0.1738554911,0.1520115035,0.1680608356,0.3836269179,0.2485794751,0.4030288648,0.0013002693,0.0006965729,0.351,0.266,84.96964266403,40.1674674411778
"51171",0.1021871745,0.0004126926,13.29787234,4522,0.1200373089,0.0548105577,10297.73,8.4,0.1914157704,4.2661619135,4.5732040628,0.1880201265,0.129541269,0.1471819029,0.3771939707,0.2086247662,0.6364870336,0.000505782,0.000505782,0.382,0.238,74.0356286922407,18.3180936970493
"51173",0.0928455356,0.000564709,9.3010895562,4151,0.1097809031,0.0429871881,11644.72,7.6,0.2170225507,4.8603233929,5.2501266024,0.1952708536,0.1483608769,0.1679212099,0.3796906226,0.2494236146,0.9334947839,0.0015095826,0.0013454975,0.416,0.263,71.6917036154678,29.7796307325789
"51175",0.0883081595,0.0002268731,12.478021666,3747,0.1016168755,0.0511516602,10144.09,8.7,0.2034765325,4.2624600231,4.5865511326,0.1855349532,0.1315668268,0.1480943821,0.4206641984,0.2167599453,0.3095853527,0,0.0002274537,0.379,0.253,77.5736476642764,62.4373261688078
"51177",0.089268461,0.0005799655,6.4603751422,5831,0.1048855772,0.0526937142,11881.92,9,0.1642087979,3.6361281857,4.2449605873,0.1871194236,0.1103777451,0.131308001,0.3832172753,0.1749349297,0.7450427707,0.0007598445,0.0006927994,0.348,0.214,29.3468850727069,12.4724261559004
"51179",0.0710616053,0.0002943447,5.5598435395,5730,0.0833271175,0.0438981987,11454.31,9.5,0.1418400745,3.1552929359,3.5643156725,0.193757727,0.0975774434,0.1156658129,0.3633075717,0.141587832,0.7759012415,0.0007935449,0.000360096,0.365,0.207,21.9761091407559,14.14304053613
"51181",0.0875025736,0.0003114295,14.014325755,3942,0.0963698093,0.0557586837,8480.75,8.1,0.2154930614,4.5034365981,4.7177522067,0.1693290651,0.1379247378,0.1518959849,0.421826171,0.2187015787,0.0928024936,0.000463392,0,0.394,0.26,67.423888802448,62.2374358176443
"51183",0.1005040477,0.0002688413,15.234339995,6850,0.115962632,0.0568115942,11174.76,7.6,0.2597236212,4.832584918,4.8454614115,0.1577548211,0.154816807,0.1592655382,0.4347401805,0.2496367038,0.2747580045,0.0001779834,0.0001779834,0.456,0.277,72.0266498604484,69.0255394495964
"51185",0.1036927024,0.0005419387,11.577780515,5735,0.1232733551,0.0487531172,10812.6,7.1,0.2128910882,4.9511550092,5.0592989759,0.1788669307,0.1466111806,0.163695771,0.4010208685,0.2596018072,0.5525977195,0.0018112838,0.0010769796,0.392,0.272,56.5671140114282,25.4142106428156
"51187",0.1013757706,0.00059755,10.457125784,4829,0.1178761788,0.0561309723,10526.03,8.4,0.1779697157,4.12709063,4.6937110621,0.2010042424,0.1222323826,0.1445848625,0.3993426809,0.209829247,0.7969394544,0.0008999325,0.0004499663,0.325,0.229,54.7073158601482,20.722468128844
"51191",0.1059832965,0.0007443245,9.3040565687,4408,0.1204071417,0.0616541353,10825.91,8,0.1933684253,4.638396062,4.925088311,0.1997329581,0.1381142934,0.1542602863,0.3847039488,0.2248087913,0.6292914935,0.0016175876,0.001249954,0.329,0.228,87.1246995433677,18.5371701156102
"51193",0.1067653277,0.0001665279,19.428254233,4796,0.1237394111,0.0581127733,9931.94,NA,0.2022009272,4.301933167,4.5718572332,0.178122521,0.128112343,0.1448957635,0.3853784459,0.2126727227,0.4262633207,0.0001121705,0.0001121705,0.405,0.254,50.0055561729081,77.7864207134126
"51195",0.1125154804,0.0004815023,8.5600406602,3968,0.1349615647,0.0473203327,10488.04,6.4,0.257039426,5.5333457263,5.3450024546,0.171442252,0.1652334248,0.1758928103,0.4290830233,0.2629132071,0.7067692753,0.0010259918,0.0009470693,0.376,0.28,59.5021358602499,15.9856484400671
"51197",0.0964638938,0.0004183517,9.7615395342,5557,0.1111444878,0.0537005164,11743.9,7.9,0.1963135883,4.6055821281,4.8373780291,0.1940662094,0.1376777364,0.1586621161,0.3748135662,0.2378131734,0.7990080383,0.0018432218,0.001217222,0.401,0.24,45.3182737223733,26.726161426015
"51199",0.0695555043,0.0012595196,8.4944346807,2999,0.0808038363,0.0432657926,10287.87,9.2,0.1304889479,3.0610148375,3.775659689,0.1885680645,0.0927653453,0.113511745,0.3766596393,0.1483881024,0.7768544544,0.0007074846,0.000619049,0.309,0.172,52.1125045659321,15.0980153415317
"51510",0.0911820617,0.0007589633,21.012620117,3706,0.1017785582,0.0508756719,9757.66,NA,0.1306353744,3.0341985225,3.8235694749,0.1996914988,0.0916953488,0.1076237933,0.3457640051,0.121748135,1,0.0032641874,0.0006353953,0.273,0.177,30.2913822062154,8.56514945141262
"51520",0.0940791013,0.0005965875,22.073738217,6584,0.1149880221,0.0336779911,12562.61,6,0.2210447385,4.9443732956,5.1655442027,0.1744179808,0.1497533429,0.1646046131,0.399660043,0.2388198928,0.9183627698,0.0006067225,0.0006673947,0.373,0.267,90.9576256105036,19.7733968718486
"51530",0.0793986873,0.0003087373,13.893176906,4642,0.0969889983,0.0324963072,9202.28,2.9,0.2428247687,5.2270308675,5.4185726494,0.1745148696,0.1629781244,0.1774585231,0.40111267,0.2588403981,0.972481203,0.0008016675,0.0001603335,0.378,0.269,136.004603232725,104.618925563634
"51540",0.106735725,0.0028773325,21.368425507,2801,0.1193089684,0.0541563356,8596.62,8,0.1821986301,4.002901049,4.4079367646,0.1805948625,0.1230539944,0.1362557915,0.3799166173,0.1768842591,1,0.0088742025,0.0047176674,0.334,0.21,30.2108435851138,7.02577757793344
"51550",0.0789137566,0.0008046235,9.3532378949,4748,0.0939498047,0.0429410606,10688.69,9,0.1635713257,3.4731809583,4.0359644958,0.1839129581,0.1094028987,0.1265911502,0.4087565744,0.168493893,0.9258445878,0.0010386014,0.0008490154,0.37,0.223,50.2396253131467,13.6150746106089
"51570",0.0914638576,0.0013816926,12.665515256,3804,0.1093638313,0.0485762144,11309.59,8.1,0.1873682533,4.0993550685,4.5696033805,0.1926396237,0.1261451996,0.1451791095,0.3902561491,0.2066339724,0.9933375452,0.0020748051,0.0016822744,0.391,0.233,82.0485422072966,22.8972675927339
"51580",0.0801207617,0.0005417118,37.919826652,3530,0.0966531123,0.0332197615,NA,7.6,0.2079969335,4.6263711545,4.8959343329,0.1832559501,0.140035229,0.1574728621,0.3932214242,0.234265129,1,0.0027472527,0.0010989011,0.371,0.257,60.1069904429885,60.1069904429885
"51590",0.0976398427,0.0010987913,20.72720008,4410,0.1210955391,0.0362730328,10675.72,7.2,0.254641434,4.9790002359,5.0456078822,0.1460773221,0.1584564088,0.1647205967,0.4363652835,0.23035762,0.8224596446,0.0027768904,0.0019905143,0.413,0.298,116.08046034194,15.7537767606918
"51595",0.0832928606,0,24.317246539,5054,0.1055688418,0.0307813733,NA,7.4,0.3155794,5.6972437741,5.4623103849,0.1255944048,0.184080563,0.1821921272,0.4590980092,0.2651809622,0.8992745065,0.0029291154,0.0025385667,0.47,0.352,158.992622742305,89.0358687356907
"51600",0.094392249,0.0001249011,24.563886923,2723,0.1095247948,0.0595296026,9658.24,9.5,0.1276958733,3.0062099209,3.4286000429,0.1742443726,0.0883117494,0.1013957146,0.3465742912,0.1162526898,1,0.0133881338,0.0017498169,0.283,0.181,113.85410013607,30.546221987726
"51610",0.0383886256,0.0030101936,14.366833139,2569,0.0448010699,0.0245922858,10072.16,NA,0.0897784394,2.5234984289,3.1824478409,0.2115321324,0.0701359936,0.0883718888,0.3112998129,0.0930147863,1,0.0105605199,0.0019631736,0.259,0.139,40.8905043162199,31.8037255792821
"51620",0.0739447794,0.0011296598,16.317308899,4721,0.0931734317,0.033253012,10771.44,6,0.2455947449,4.6634112037,4.845185892,0.1624661011,0.1487012796,0.1592657606,0.4255539397,0.2242082262,0.4525751573,0.0016223637,0.001247972,0.415,0.283,109.184059127367,104.984672237853
"51630",0.1042656093,0.0014120402,13.431602149,6451,0.1228731233,0.0533847886,10566.99,8,0.1788089937,3.9316907053,4.6084406467,0.185929871,0.1155564424,0.1364960413,0.3922533011,0.1744780209,1,0.0063134779,0.0044606094,0.342,0.21,39.9215256866502,15.9686102746601
"51640",0.1405846093,0,18.906570033,4470,0.173418424,0.0586275816,10176.43,7.1,0.2753422877,5.5546519538,5.4788501416,0.162872757,0.1745233034,0.1828466359,0.402595505,0.2663356033,0.6900028401,0.0065390005,0.0040479527,0.395,0.299,215.042484002937,257.001993076681
"51650",0.0785536853,0.0004163259,9.2186454539,3767,0.0935103172,0.0356917467,9722.72,8.1,0.1944938285,4.118284315,4.3955989007,0.1669139545,0.1269298155,0.1375836679,0.4170333243,0.190582576,0.8881734043,0.00276965,0.0008859902,0.383,0.251,53.4273919270221,12.1201027982597
"51660",0.1299823238,0.0013580806,13.014938886,3992,0.1505566243,0.0565677013,9376.85,8.2,0.2242662647,4.6776549036,4.7714631729,0.1605491055,0.1452900556,0.1545227368,0.3869032652,0.2068646047,0.8311117471,0.0043121796,0.0021653434,0.381,0.27,41.1848764141701,6.86414606902835
"51670",0.0902878666,0.0003994851,16.423276666,6493,0.1153580474,0.0333390323,11212.97,6.3,0.2547252303,4.9662810755,5.102140277,0.1566006579,0.1547317302,0.1657723736,0.4461719193,0.2389020206,0.89610907,0.001283413,0.0006638343,0.41,0.327,62.2222222222222,34.0740740740741
"51678",0.0604883463,0,24.174053183,3092,0.0700492238,0.0347912525,NA,7.5,0.1983457782,4.471384991,4.8246610403,0.1847709325,0.1366201258,0.1527952825,0.3887424119,0.2146971837,1,0.0068665919,0.002382287,0.328,0.223,141.805040940488,100.635835506153
"51680",0.0926387812,0.0013265505,15.577840522,4227,0.1100497963,0.0439278105,10697.31,7.5,0.2082705379,4.4609644726,4.6933820395,0.1848734771,0.1348673741,0.1497423884,0.400304426,0.203602757,0.9470410756,0.0045661544,0.0027640455,0.343,0.244,65.8924976103801,13.8292896219316
"51683",0.1597939564,0.0009492516,9.9793111841,3765,0.1987490227,0.0691874497,7681.1,9.6,0.1951119551,3.8831639954,4.016310134,0.1716191734,0.1164456468,0.1254104334,0.3772546414,0.1657312142,1,0.0030258639,0.0018971687,0.345,0.242,32.3637687608722,4.04547109510903
"51685",0.1528234996,0,4.005034901,NA,0.1816966151,0.0659448819,10589.19,8.9,0.2038695933,3.8957009126,4.0071233146,0.1637843225,0.119116861,0.1254646411,0.3783023917,0.1673166864,1,0,0,0.371,0.267,18.9433404686582,11.3660042811949
"51690",0.0836697618,7.96559e-05,27.8795603,6035,0.1035133566,0.0402153262,10906.42,6.5,0.2473596069,4.9087830105,5.0123653155,0.1524537601,0.1533047348,0.1626461075,0.4397220476,0.2318229671,0.9473988858,0.0038753682,0.0030227872,0.427,0.307,161.328713866335,15.8683980852133
"51700",0.09475626,0.0005523783,10.601199609,3957,0.1166744775,0.0377675804,10300.42,7.9,0.199220298,4.138641587,4.2760145681,0.1719412706,0.1269141413,0.1412005169,0.4353838837,0.1968020462,0.9784582695,0.0014891449,0.0013379911,0.411,0.242,64.4424701953575,14.5274932810344
"51710",0.1041114835,0.0010216609,10.875744618,4999,0.1271295559,0.0375933451,10556.62,7.6,0.2030978497,4.463862784,4.7736500222,0.1938069767,0.1335546403,0.1484110663,0.3933315763,0.2100427549,0.933732285,0.0020813189,0.0018272997,0.38,0.239,50.8483171399946,13.5686884012385
"51720",0.0821316614,0.0007535795,0,4472,0.099026661,0.0342075257,10615.05,5.2,0.234349528,5.0329847048,5.220639019,0.1727450189,0.1575593946,0.1716044803,0.3997227774,0.2480919709,0.9962102072,0.0030241935,0.0050403226,0.392,0.286,83.7942014412603,67.0353611530082
"51730",0.1059584259,0.0007018439,15.631978562,4645,0.131468981,0.0341955283,11612.63,5,0.2820948333,5.2976939352,5.0500071573,0.138394912,0.164848106,0.1664735978,0.4690543739,0.2368213971,0.9182603331,0.0039281528,0.0014888966,0.467,0.32,107.113400957594,19.2804121723669
"51735",0.0574747475,0.0009779154,5.7045065602,4277,0.0661261009,0.0368965517,11201,8.7,0.1268354976,3.2668107797,3.915187918,0.214997855,0.0956841048,0.1188340013,0.3549925474,0.1556301611,0.9540740741,0.0004922067,0,0.316,0.171,73.5334168527698,62.6395773190261
"51740",0.0878993046,0.0005614526,10.487510329,4125,0.1082227073,0.0338535637,9963,8.1,0.2275924129,4.6345853188,4.777820605,0.1576624505,0.1383673932,0.1498510593,0.4547747905,0.2122544913,0.9752865442,0.0026101107,0.001310339,0.431,0.291,78.1348988469823,16.1901141755008
"51750",0.0747556506,0.0005479752,12.603430325,5376,0.0839694656,0.0320675105,11145.05,6.2,0.2139902587,4.7889119819,5.0302092506,0.1749204523,0.148450687,0.1622927891,0.3889427755,0.2212587073,0.9787908337,0.0011996292,0.0009269862,0.384,0.271,40.1145086884379,47.4080557226993
"51760",0.1180101162,0.0010632019,14.667847038,3796,0.1366992913,0.0461932409,10934.99,7.5,0.225222757,4.6263610975,4.9927498692,0.1829695056,0.1407165606,0.1501266675,0.3861031606,0.204535714,0.9137865181,0.0036016662,0.0017527526,0.364,0.239,38.4701603164388,11.1360990389691
"51770",0.1109426835,0.0010893356,16.844356132,3700,0.1377560482,0.0378422263,10613.38,7.5,0.2222253271,4.6174916402,4.9195925076,0.16827803,0.1421685276,0.1538556362,0.4043391965,0.2242877641,0.9213146179,0.0028122498,0.0025520416,0.372,0.276,97.2759382935117,21.8032275485457
"51775",0.0726271911,0.0010671515,16.204893087,3442,0.0838728241,0.0415763547,10438.3,8.4,0.1632041967,3.9136027816,4.5209583916,0.1915103936,0.1153465331,0.1375410344,0.3770080975,0.1860130838,0.8662607854,0.0077604024,0.0051086066,0.32,0.205,165.172251061822,17.0415814587594
"51790",0.0930968968,0.0003609819,23.263276111,3784,0.1097773746,0.0432162892,10273.39,8.5,0.1740295316,4.0207056262,4.4901949358,0.1837886434,0.1213671045,0.1423446876,0.3683708955,0.1918920045,0.9863134844,0.0060187786,0.0011235053,0.348,0.224,131.922605404829,7.99530941847449
"51800",0.0788095146,0.0008576888,12.159638685,4906,0.0934122951,0.0428267423,10903.58,9,0.1787663792,4.1321411838,4.2203212588,0.1704016125,0.1205192836,0.1344632855,0.4145129565,0.1862801555,0.7624046817,0.0009870044,0.001041838,0.363,0.228,70.7055402841208,11.5437616790401
"51810",0.0815070706,0.0007511545,7.4893216052,4002,0.0966481173,0.0412180597,10931.52,9.1,0.1595443038,3.5500320479,4.2641308436,0.2076117934,0.1063295728,0.1316152273,0.3883288891,0.1772178548,0.9786184286,0.001697065,0.0009995802,0.327,0.213,40.4767225546362,14.8735305913745
"51820",0.1013506154,0.0009721608,18.117543084,4214,0.123500835,0.046875,9805.52,7.5,0.2060981318,4.4243638842,4.7072573094,0.17797292,0.1365914008,0.1529880308,0.3819044171,0.2121877932,0.688469961,0.0011932119,0.0002651582,0.374,0.249,66.177443785938,35.2946366858336
"51830",0.0803571429,0.0001337435,14.711782801,2981,0.0886251541,0.0503295386,10754.47,7.9,0.1699116558,3.9530997689,4.3093099924,0.1760303857,0.1185839539,0.1346293967,0.3889237579,0.1730093461,0.9963747512,0.0004699248,6.71321e-05,0.351,0.213,55.4213128200581,48.7707552816511
"51840",0.1274716406,0.0025286701,17.807536149,4239,0.1520211979,0.0640037742,10315.61,7.9,0.1933452071,4.156244983,4.5020464556,0.1856414532,0.125171171,0.1413521195,0.3752684161,0.1917121648,0.991146052,0.005941369,0.0067240643,0.345,0.236,53.6442314569773,13.11303435615
"53001",0.1311446629,0.0004503828,10.508932593,2051,0.1890919697,0.0446227477,9000.17,5.9,0.2866270823,5.6386887686,4.7391226476,0.1517906215,0.1758699214,0.1564444179,0.3325028565,0.1682185569,0.6156023067,0.0017207349,0.0008603674,0.38,0.311,18.404189462765,16.7310813297863
"53003",0.0742694565,0.000752812,7.9709503144,2284,0.0912145943,0.0270445695,9406.03,7.9,0.1799668188,4.709921272,4.8246601478,0.1865529897,0.1414810963,0.1514766494,0.333309979,0.1828487685,0.9804374971,0.0035382574,0.0004865104,0.329,0.211,49.9911780274069,23.5252602481915
"53005",0.08325619,0.0007143207,8.5131366505,3631,0.1067900133,0.0323306916,10309.23,8.2,0.1733608489,4.3299146852,4.1375317097,0.1773935638,0.1277118935,0.1291849771,0.3328659353,0.1399909324,0.7742683115,0.0025956399,0.0010501444,0.332,0.192,20.8913762683758,16.4846015867653
"53007",0.1183847216,0.0011528497,14.248704663,2405,0.1494088965,0.0417693108,9586.66,8.2,0.1805247843,3.9542888898,4.2202745129,0.1986585177,0.1260663939,0.1319946006,0.2951125016,0.1438026831,0.8538638842,0.0037904356,0.0016096371,0.338,0.208,20.2752254001122,17.6868987532893
"53009",0.0970418748,0.0009310626,8.7933687654,1604,0.1155715298,0.0400060615,8481.99,6.7,0.170457018,4.4218271122,4.485072538,0.1912020623,0.1338674542,0.1436066977,0.3490499183,0.1678137292,0.7710632458,0.00333607,0.0011989001,0.319,0.19,58.5865983156353,29.724082968962
"53011",0.0727403779,0.0007537261,6.8818472844,3052,0.0914454077,0.0257652611,9513.24,8.5,0.157585257,3.9766013987,4.1901298633,0.1853020152,0.1171709187,0.1294127443,0.3239313245,0.1443104947,0.9275936083,0.0033972735,0.0006308926,0.344,0.177,24.2678240691824,18.4053721873012
"53013",0.0661215784,0.0007528231,10.037641154,3529,0.0770685579,0.0338753388,10228.59,6.7,0.1691354178,4.2694412335,4.2279721051,0.2011271028,0.1286091574,0.1381980012,0.3186447719,0.1643696209,0.3898970083,0.0029563932,0.0009854644,0.337,0.182,66.1594442606682,0
"53015",0.0736474774,0.0006148671,8.2283688841,3236,0.0910010591,0.029966186,10038.55,7.1,0.1951559095,4.8619483495,4.8111206986,0.1776023691,0.1433484817,0.1537263424,0.3708019617,0.1793481755,0.7351137584,0.0040555296,0.0008074357,0.378,0.195,41.3958561841481,19.0360506540243
"53017",0.1159723017,0.0002072348,6.4473047963,2442,0.1494762122,0.0423080306,9604.08,7.1,0.2018224515,4.483415456,4.3540960834,0.2079757271,0.138096374,0.1397825203,0.3378607471,0.1616907424,0.771356457,0.0005593493,0.0003728995,0.334,0.215,15.3969329309602,15.3969329309602
"53019",0.1151764047,0.0007866789,3.9333945195,1137,0.133108271,0.0561883068,8046.51,4.6,0.222452486,5.2030072435,5.1796501582,0.1952646617,0.162932426,0.1667709235,0.372690086,0.217099562,0.7463912065,0.0024839848,0.0013073604,0.331,0.219,43.4121988278706,26.0473192967224
"53021",0.1344018219,0.0002205373,4.935834156,3761,0.1851469435,0.0451828753,9985.74,8,0.2369862647,4.5607387238,4.1889612365,0.1654319921,0.1443688738,0.1372274678,0.3511467418,0.1464204839,0.606591354,0.0013248964,0.0005511569,0.402,0.238,12.9079973765367,9.07048464297177
"53023",0.0584652862,0.0008988764,13.483146067,1686,0.065767285,0.0394190871,9654.35,8,0.1561011951,3.970346546,4.1459401126,0.2134780271,0.1215583548,0.1322214285,0.3385789683,0.1544525518,0.4554280671,0.0004450378,0.002670227,0.315,0.168,14.7885241052943,14.7885241052943
"53025",0.1343448344,0.0004195103,8.1855667993,1927,0.1815255993,0.0430152288,8975.31,7.4,0.2294136973,4.9081753813,4.4562625234,0.161461343,0.1508885735,0.1460529888,0.3230390132,0.1773243128,0.7940978456,0.0021473118,0.0008116633,0.332,0.241,23.4342364005013,16.6417041105009
"53027",0.0973071772,0.0003330624,10.791223139,2844,0.1197996348,0.0363871803,9694.34,7.4,0.1965286643,4.8593954835,4.6223078356,0.2000347924,0.1481109248,0.1513112127,0.3601455347,0.178184215,0.8166407956,0.0029769557,0.0009066183,0.365,0.208,39.5710322259373,22.6755353204809
"53029",0.0662218407,0.0004110828,9.3961781046,1946,0.0777558633,0.0316355584,7974.06,8.3,0.1400956339,3.7117752203,4.0419677211,0.2065863943,0.1112297506,0.1233481222,0.3400760008,0.1398724594,0.8619213818,0.0028415818,0.0005564764,0.31,0.16,25.0376542847642,17.2133873207754
"53031",0.0857069276,0.0008689985,9.0003413923,571,0.0964047089,0.0414216313,8083.8,7.6,0.1448206663,3.8313751141,4.1521290698,0.2212414291,0.1148155047,0.1247955571,0.2994030475,0.1308083045,0.8506963042,0.0040341643,0.0010715749,0.26,0.146,42.4211070874289,39.3171236420072
"53033",0.0627789963,0.0012082838,8.940057227,2343,0.0739325023,0.0277121176,9241.73,8.9,0.1237326509,3.2295437258,3.8482022596,0.1934947345,0.0943903984,0.1111025032,0.3031068199,0.1068360175,0.9741706015,0.0042670419,0.0009954491,0.209,0.139,21.68555647268,13.194758781467
"53035",0.0639428968,0.0006814674,7.9565923683,2254,0.0763567391,0.0284105856,8783.95,8,0.1516143399,4.1435218614,4.1330469876,0.1882969656,0.1202033848,0.1253102457,0.3360928672,0.1437795607,0.8521341281,0.0032875595,0.0007042123,0.301,0.151,37.4662956889192,18.7945680013267
"53037",0.0866632628,0.0005841243,8.5532491916,1766,0.101904957,0.0315434626,8156.78,7.5,0.1593743863,4.033615031,4.2600945108,0.1913697331,0.1228280613,0.1356249252,0.3160676956,0.1466630302,0.7893193205,0.0016468204,0.0006122794,0.294,0.17,22.8368961198037,17.3006788786392
"53039",0.109132338,0.0005797101,6.6889632107,2170,0.1304556355,0.0464375142,8812.77,7.7,0.1802203741,4.552654866,4.4462810439,0.1967801058,0.1359675677,0.1413708272,0.29853583,0.1581086843,0.7425435574,0.0014475053,0.0008594563,0.305,0.196,34.2114266164899,16.3619866426691
"53041",0.0945843849,0.000446058,9.292874224,2574,0.1165669712,0.0351853978,9545.88,7.6,0.1924933297,4.5754542747,4.4492408083,0.1766851198,0.1388023284,0.148322984,0.3274651188,0.1804815613,0.5359088198,0.0036304708,0.0010049746,0.337,0.204,31.3505486346011,21.8628826004455
"53043",0.0725524476,0.0003656641,14.6265655,3582,0.0857644991,0.0416326531,10118.51,7.2,0.1635757738,4.1923207257,4.5580838357,0.2190637227,0.127108777,0.1398230222,0.3315422615,0.1622324029,0.5915799432,0.0011173184,0.0005586592,0.385,0.189,30.5166468308462,30.5166468308462
"53045",0.1060737977,0.0002396358,6.1406661874,2453,0.1275707481,0.0462168931,8990.25,7.7,0.2034355494,4.7037705367,4.8278671475,0.2060436704,0.1430374579,0.1491056817,0.346313703,0.181723481,0.6348374767,0.0017708031,0.0003969041,0.345,0.198,32.9178699145632,25.4365358430715
"53047",0.1460779709,0.000757522,12.30973179,1952,0.1848713398,0.0545233019,8652.77,7.3,0.2242714091,5.0873315362,4.7854460561,0.182188039,0.158991724,0.1551252366,0.3443044425,0.1874875336,0.6741245136,0.0027769866,0.0014478306,0.359,0.241,36.2218984999409,18.8983818260561
"53049",0.107868191,0.000222509,12.905522674,2736,0.1254956042,0.0463556851,9466.84,7.5,0.1993496955,4.7604884544,4.7264476949,0.2056111417,0.1440707831,0.1499737327,0.3383045655,0.1858792831,0.6679732314,0.0033127609,0.0004991832,0.368,0.207,40.0053340445393,19.2618275029263
"53051",0.0907151564,0.0004371903,8.0151559312,2054,0.1082340047,0.0413561848,8399.37,7.1,0.1878632604,4.8031026831,4.7062852776,0.1898244135,0.1415068034,0.1511352834,0.3454154184,0.1788240216,0.5882624414,0.0022790766,0.0010292604,0.307,0.191,79.5755968169761,24.1138172172655
"53053",0.0760204526,0.0007491878,6.7183805167,3112,0.0949361806,0.0270226649,9164.43,8,0.16992285,4.2695997603,4.1523695661,0.1795598892,0.1264825223,0.1254628944,0.3612220405,0.1394617804,0.8288999969,0.0046247107,0.0011298117,0.328,0.204,32.3965036866705,18.1907475142694
"53055",0.106207264,0.0007962689,13.081560687,1010,0.1169074666,0.0637107189,8524.56,NA,0.1299553251,3.4236397102,3.8419740121,0.217295343,0.103285617,0.1164488222,0.2910270773,0.1162750029,0.863846788,0.0041452592,0.0004086875,0.257,0.141,36.3970729090839,34.4814374928164
"53057",0.0971111311,0.0008204017,9.984133741,2680,0.1184367174,0.0412787634,9200.24,8,0.1643710976,4.0897738884,4.4644047773,0.1935320463,0.1288286985,0.1358890548,0.3270332413,0.1591492955,0.8056132967,0.0041261719,0.0010607928,0.337,0.189,41.7310664605873,16.4863472436888
"53059",0.0740542278,0,4.1380451875,2611,0.0849280626,0.0403821103,9061.79,8.5,0.1699322784,4.3361975345,4.4242883982,0.1947581533,0.1291364825,0.1407668177,0.3416005491,0.1687432991,0.9301463944,0.0011741027,0.0002515934,0.328,0.182,24.921083236418,24.921083236418
"53061",0.0723093613,0.0005169794,6.9700991262,2450,0.0869703758,0.0319697222,9293.26,8.9,0.1532974913,3.8657782698,4.1406636226,0.1710527131,0.1122788545,0.1213771431,0.339473421,0.1293178927,0.8613596697,0.0032691088,0.0006000729,0.305,0.193,28.5323240023718,14.5903929557583
"53063",0.0695168167,0.0008913577,9.0474714899,2292,0.0863367575,0.0242919112,9887.55,7.9,0.1639233687,4.3787058253,4.5598103181,0.1958719709,0.1264369737,0.1414281429,0.3222140823,0.1576897838,0.8901237424,0.0040222995,0.0014398666,0.337,0.185,41.4523259928439,18.5864820707513
"53065",0.090264195,0.0007436082,7.6547908055,1944,0.1080331296,0.0441458733,8667.3,6.8,0.1867846017,4.8754046715,4.8200074923,0.1923961189,0.1481608589,0.1517461364,0.3593425514,0.1919191374,0.4342882084,0.0036897923,0.0007070261,0.314,0.197,26.2117472313842,21.1150186030595
"53067",0.06866541,0.0009602941,9.3275876311,2633,0.0835292704,0.0272194174,8868.98,8,0.1542594394,3.8449534817,4.0922699538,0.1732003049,0.1152521739,0.1254803527,0.3143117625,0.1314070464,0.7457148067,0.0033656985,0.000862373,0.308,0.168,37.5418040042295,16.7617840508181
"53069",0.0825749916,0,8.9126559715,3129,0.0968032418,0.0425531915,9678.02,8.1,0.1621575836,4.1831657803,4.3940711886,0.1917385907,0.1247008391,0.1372337087,0.33636382,0.1641968855,0.1171442936,0.0027112517,0.0009037506,0.344,0.187,7.45600954369222,7.45600954369222
"53071",0.0963006065,0.0012014483,7.7353522054,2458,0.1187844453,0.0376481525,8704.47,8.1,0.1780822739,4.1442435313,4.4184839477,0.1825537034,0.1259132568,0.1339840976,0.3281104191,0.1437490172,0.8334836086,0.0028725255,0.0010176948,0.297,0.191,40.4429044563708,14.2096691333195
"53073",0.0913313287,0.0009160425,10.512678465,2588,0.1089535209,0.0361959148,8598.74,7.8,0.1499174217,4.2332961422,4.5147371714,0.198401242,0.1251338703,0.1337603585,0.2915228722,0.1381918198,0.8510390773,0.0045018499,0.0007931409,0.284,0.163,34.5507239615831,18.368739321348
"53075",0.0694012183,0.0005987546,8.7817339933,2101,0.0787828675,0.0340267078,9335.97,7.1,0.1643800533,4.2918686324,4.1696172562,0.1797017458,0.1339380499,0.1367868923,0.2949890243,0.1503643407,0.7573476863,0.0014862124,0.0006426864,0.331,0.199,17.4035275611634,16.0647946718431
"53077",0.1511880917,0.0007015502,7.8525787948,3248,0.2040188164,0.0494761744,8895.35,7.9,0.2584689589,5.1710111277,4.4485742774,0.1644537526,0.1643854755,0.1485335771,0.3367547366,0.1578439879,0.7547269879,0.0031259197,0.0009982263,0.371,0.253,25.324914677578,13.7894823375294
"54001",0.0911253281,0.0004257649,6.0823550879,3842,0.1113566063,0.034273582,12761.57,7.5,0.2570563828,5.7302830575,6.2333983871,0.1461123298,0.1755188133,0.1990620241,0.4513017257,0.2705450836,0.3599373079,0.0009071666,0.0009676444,0.382,0.303,50.5868069607446,26.3051396195872
"54003",0.0801258125,0.0004447391,7.719998993,4483,0.0984145977,0.0316988608,9679.48,8,0.2042791222,5.1914594019,5.5666178353,0.1711784106,0.1524572253,0.1723569062,0.4171067181,0.2456405805,0.4396317522,0.0016819924,0.0008538033,0.381,0.277,48.2675304601598,18.1351993058404
"54005",0.0812843161,0.000279629,6.0586288857,9306,0.0992464326,0.0306234853,12562.15,7.2,0.2852992857,6.1255972061,6.996039404,0.136002672,0.190057567,0.2178063399,0.4759945732,0.2832222675,0.047220756,0.0002733361,0.0010933443,0.44,0.326,63.6023765570948,18.6153297240277
"54007",0.0956105191,0.0004298918,9.3143225622,3677,0.1148763575,0.040853883,9503.2,6.8,0.2696676754,5.8975293031,6.261837523,0.1430861663,0.1827567658,0.204512889,0.4124721119,0.2935510124,0.1326860841,0.0004968415,0.0004258641,0.399,0.321,43.1158378844496,26.3485675960525
"54009",0.0696859752,0.0002279046,15.04170655,6018,0.083129185,0.027265842,14462.76,8.1,0.2220008,5.1274110376,5.7906931185,0.160855895,0.1509410872,0.1791680024,0.4209513108,0.2427308593,0.83584694,0.0001351169,0.0001801558,0.387,0.26,112.434666342531,7.59693691503586
"54011",0.0825939144,0.0017510468,14.900212083,4218,0.1011837866,0.0275219417,12139.25,7.7,0.2333559653,5.2635220471,5.895183792,0.1520543393,0.1619497872,0.1878729234,0.4267213845,0.2557415501,0.8885474309,0.0027031666,0.003035699,0.405,0.28,88.8863194559868,15.8983660815586
"54013",0.0904407556,0.0004220003,4.2200028133,5024,0.1073488839,0.0371493556,11082.09,5.6,0.2740735755,5.9588936632,6.3042715765,0.1467311411,0.1843256412,0.2076774266,0.4402642632,0.2895893481,0.0064245444,0.00027571,0.0015164047,0.417,0.322,28.1584381452975,28.1584381452975
"54015",0.0838241957,0.0001175364,4.7014574518,4715,0.1041449698,0.0300157978,11307.39,5.9,0.2976618244,6.3810065148,6.490059044,0.1389698088,0.1984587132,0.2180420408,0.436737891,0.3142912197,0.116130407,0.000463392,0.0008109361,0.407,0.341,66.7163769082846,78.4898551862172
"54017",0.0863008721,0.0001183712,7.1022727273,4049,0.0997695853,0.0384615385,7999.32,8.4,0.2341010235,5.1292144981,5.666363912,0.1554783448,0.1579437541,0.1828858421,0.4271965623,0.2597008546,0.5152401853,0.0001189626,0.0001189626,0.405,0.303,7.92958528268971,7.92958528268971
"54019",0.0918656028,0.0004716314,10.375890204,7495,0.1149848419,0.0293750709,13242.05,7.2,0.2758256285,5.9196407362,6.6631234225,0.1505895855,0.1799656899,0.2075121784,0.456276355,0.2910761017,0.6082234627,0.0005114138,0.0012320424,0.402,0.328,76.8711858557018,15.6879971134085
"54021",0.0794730132,0.0003834846,7.669691934,7391,0.0942509674,0.0311418685,14298.44,5.5,0.2637579775,5.5064893075,5.8033425997,0.1441534429,0.1697583586,0.1833218253,0.4476665523,0.2667075827,0.3107097665,0.0003737852,0.0004983803,0.4,0.295,25.3592561284869,25.3592561284869
"54023",0.0892296968,0.0006051176,13.831258645,6439,0.1071150553,0.0378754898,11099.61,8.2,0.2554442346,5.6142521965,6.1876026316,0.1504045828,0.170785432,0.1974700548,0.4319899071,0.2736398472,0.367261456,0.0006881129,0.0003440564,0.4,0.303,77.8008298755187,66.2747810050715
"54025",0.0891298497,0.0013271017,13.848018002,5082,0.1077365073,0.0346086449,11688.65,7.4,0.2529472163,5.4538693297,5.8380965171,0.1392983732,0.1671357845,0.1927394775,0.448885533,0.2559632759,0.5122322435,0.0009486575,0.0014948543,0.374,0.302,97.3334489770351,22.1650428363545
"54027",0.1036134842,0.0002588997,8.1984897519,4219,0.1211781416,0.0455847255,9908.38,7.1,0.2609338695,5.6760043654,6.2044001979,0.1607113732,0.1751524595,0.2001381057,0.4215572478,0.2830164462,0.4472124854,0.0006853129,0.0005996488,0.395,0.295,50.2065641496443,14.3447326141841
"54029",0.084727173,0.0006247831,14.578271434,5649,0.1019520155,0.032510215,13784.29,6.8,0.2264391482,5.3598369677,5.7701247628,0.155853962,0.1575535968,0.1815703962,0.4309931064,0.248275744,0.8996935715,0.0014435966,0.0010998831,0.397,0.271,82.104654524429,16.1896501879156
"54031",0.103431975,0.00014518,7.9849012776,4737,0.1253503185,0.042582897,9281.73,8.1,0.2427491594,5.3190057597,5.8114224725,0.1446954746,0.1626254084,0.1871344743,0.4451566813,0.2682271463,0.6660962567,0.0004355717,0.0013067151,0.389,0.304,46.1344211344211,33.993783993784
"54033",0.0772058824,0.001189485,17.247531819,4952,0.0945341521,0.0299389002,11375.9,8.1,0.2195610334,4.9559540479,5.6207873076,0.1399240005,0.1527725212,0.1813988514,0.4195081436,0.2397864736,0.7004732341,0.0020872191,0.0017763567,0.389,0.272,32.7251090836969,24.2959143197144
"54035",0.0746899035,0.000349944,10.14837626,4415,0.0911284,0.0299871713,11308.58,7.7,0.2258975313,4.940096261,5.7739198941,0.1445388152,0.1562715538,0.1843921769,0.4328586056,0.2681490376,0.3139913046,0.0008012262,0.000905734,0.368,0.273,46.6553916136934,20.994926226162
"54037",0.0737256571,0.0005249711,8.3995380254,3735,0.0878680527,0.0365245009,9823.06,8.9,0.1853124743,4.2947363505,5.2134547458,0.1704181908,0.1323423156,0.1607666625,0.3859534255,0.2142910935,0.4456989046,0.0007392934,0.0005808734,0.355,0.253,54.2454343426095,16.3319587268072
"54039",0.0806880421,0.0013586041,18.133435135,5063,0.098855147,0.0282173865,12007.04,7.5,0.2192860028,5.0253766377,5.7934027833,0.150894458,0.1525650279,0.1822645631,0.4120129577,0.2543710055,0.7155695291,0.0018952198,0.0025657508,0.382,0.301,82.8299032778579,21.5021193610692
"54041",0.0818366518,0.0006286541,11.944426982,6756,0.0996244754,0.0339976553,12500.33,7.4,0.2484753356,5.6313427614,6.128061589,0.1468285435,0.1713745409,0.1949268523,0.4341536132,0.2738706421,0.4101514781,0.0018097853,0.001435347,0.378,0.319,54.4662309368192,29.3279705044411
"54043",0.0825176558,0.0004409819,3.4298593758,6228,0.1010624734,0.0334645669,13569.7,7.4,0.2973922902,6.2662048559,6.6554340936,0.1396905458,0.1952634477,0.2159118953,0.4548676845,0.3073874995,0.1811233886,0.0005340065,0.0007281907,0.433,0.35,55.6911434702134,22.9316473112644
"54045",0.0901404999,0.0005621662,6.870920391,12215,0.1112336624,0.0310437912,13923.94,6.9,0.3003467447,6.4330394865,6.4668853831,0.1420621928,0.1945802916,0.2103780606,0.4642718109,0.2946727306,0.2854965572,0.0008280431,0.0015334131,0.45,0.356,61.2579687272878,22.8419544406836
"54047",0.118423025,0.0002269632,5.6740807989,7460,0.1486704271,0.0316349384,11846.36,6.2,0.3654452599,7.2061494248,7.2875952128,0.1227678695,0.2303223954,0.2466905023,0.4738197881,0.3467992181,0.3222086555,0.0003292542,0.0012072655,0.47,0.405,85.2870382654512,37.9053503402005
"54049",0.0780107931,0.0005171922,16.050791839,6150,0.0950013641,0.0282756221,12448.97,8,0.2458987923,5.5661760344,6.0514841149,0.1425175405,0.1634679006,0.188223893,0.419892853,0.2477634129,0.6297635506,0.0009447921,0.0008200082,0.403,0.262,60.0722056015845,17.8432293866092
"54051",0.0694751441,0.0003275359,13.42897383,6933,0.0837415711,0.027658165,11840.6,8.1,0.2201314681,5.1228202802,5.9002789462,0.1727459888,0.1567326023,0.186436948,0.4319972209,0.2645371021,0.6174525025,0.0001949001,0.0005847003,0.391,0.281,77.6643804898325,29.5343418764152
"54053",0.0695205821,0.0004525569,12.822446825,5695,0.0848493076,0.0283018868,12092.61,7.7,0.2567022651,5.5602425612,6.1294087776,0.1434955253,0.1737338722,0.1998757746,0.4340830912,0.2815466724,0.3984043332,0.0001871398,0.0004117075,0.429,0.306,59.0682300896078,22.6218753534668
"54055",0.0884684685,0.0005786446,13.955546479,5323,0.1106285365,0.0276351186,11552.54,6.5,0.2668389615,5.8663287206,6.2178488994,0.1233147702,0.177465457,0.1983458763,0.4441239158,0.2615552714,0.5995117564,0.0012852818,0.0018771879,0.377,0.308,95.3748857488348,15.8958142914725
"54057",0.0680949113,0.000297752,13.026648802,4812,0.081920904,0.0288496876,12667.99,7.8,0.223301036,5.0714278132,6.0994858943,0.1535490747,0.1546465055,0.1840455374,0.4188353277,0.2469949456,0.6095278605,0.0008537491,0.0004083148,0.384,0.272,50.91270334037,19.8683720352664
"54059",0.0973087128,0.000170765,6.8306010929,14221,0.1216809223,0.0328959878,12507.49,6.4,0.3288804176,6.9336416444,7.0773288663,0.1328525935,0.2118406242,0.2304725855,0.4871496023,0.3362571215,0.5255784493,0.0013453857,0.0008829094,0.441,0.361,34.2075256556442,14.2531356898518
"54061",0.0690990268,0.0014676363,10.415483089,5251,0.0791407657,0.031469702,12182.36,8.1,0.1988123059,4.6066322899,5.3937035715,0.1654757988,0.1405333188,0.1657632921,0.4063835968,0.2096478599,0.8171100646,0.0025277204,0.0035707574,0.337,0.228,36.0670030829447,12.5450445505895
"54063",0.1040562576,0.0003766478,9.0395480226,4390,0.1251367615,0.04418429,10699.59,6.4,0.2502858042,5.5782090418,5.9814066502,0.1534886777,0.1699055591,0.1930807925,0.4034624572,0.2769960214,0.387201896,0.0006024096,0.0004518072,0.402,0.285,120.651518198271,95.5157852402976
"54065",0.0984960189,0.0005032431,13.419816596,4235,0.1146350783,0.0453714982,11097.55,8.8,0.2122277016,5.0112592695,5.6066401454,0.1615811595,0.1497408502,0.1786937929,0.4077983856,0.2454483208,0.6835984265,0.0005059875,0.0004497667,0.374,0.268,48.5581951292395,24.2790975646198
"54067",0.0878150586,0.0008572828,10.613977792,4405,0.1063074806,0.0366092404,10731.38,7.7,0.2548766219,5.6617933307,6.1212933397,0.1444524373,0.1723007053,0.1962146854,0.4285215196,0.2797882729,0.50512713,0.0005635617,0.0009258514,0.379,0.309,76.0064062542414,24.4306305817205
"54069",0.0667213922,0.001666224,20.28446548,5931,0.0801567039,0.0289729996,12686.65,8.1,0.198321703,4.5813835902,5.4381542907,0.157675122,0.1382450605,0.1716735271,0.3974871794,0.219400091,0.8609004793,0.0030655011,0.003161298,0.357,0.263,110.174671084376,20.1048669862
"54071",0.0977428456,0.0004304778,10.044482709,6102,0.115394913,0.0450660451,10608.43,6.6,0.2549407345,5.5539685342,6.0149160298,0.1425300908,0.1711036484,0.1967557461,0.4302954218,0.2787346889,0.8812215724,0.0005716736,0.0011433471,0.36,0.301,90.9177911761891,76.5623504641593
"54073",0.0548757879,0.0001340483,14.745308311,6698,0.0655086849,0.0243562978,12874.09,8.6,0.239110816,5.3459726878,5.8546049525,0.1534092029,0.1626230468,0.1866272768,0.444434904,0.2651558125,0.6639053254,0.000666045,0.000133209,0.377,0.286,40.1696049988842,62.4860522204865
"54075",0.0867461552,0.0003637686,8.4879350067,3339,0.101814059,0.0381679389,11689.93,6.1,0.2599577974,5.6463774297,6.0642071251,0.1426220202,0.1725526004,0.1954787561,0.4272932246,0.2714781312,0.9334786099,0.0003565486,0.0005942477,0.383,0.311,24.143897629874,36.2158464448111
"54077",0.0846533053,0.000388849,7.4778655181,4061,0.1018448592,0.0345625675,11628.27,7.7,0.2385581648,5.4065246108,5.7321636725,0.1461304295,0.1616798102,0.1884111484,0.427583013,0.2529266586,0.3385441527,0.0001773102,0.0007092408,0.412,0.272,49.6766052995003,21.8577063317801
"54079",0.0587032202,0.0010274579,9.7431355182,4220,0.0714285714,0.0255426862,12089.8,8.8,0.1870163916,4.5181730247,5.2091953462,0.1571186224,0.1356739125,0.1642175964,0.402758457,0.2150687282,0.6659337491,0.0007586183,0.0006704068,0.368,0.257,48.9502241094598,16.5133286152394
"54081",0.080067014,0.0007906108,11.313913387,7050,0.1004119595,0.0267799248,12805.43,6.5,0.2446001029,5.3238534709,5.9205749204,0.1366572534,0.163505975,0.1873193614,0.4537445584,0.2725264924,0.5518583801,0.0016295418,0.0023298408,0.427,0.292,62.5751014578185,25.8462375586642
"54083",0.0895825089,0.0006969855,10.454783063,3571,0.1093802011,0.0335718217,10813.47,7.8,0.2584492895,5.6710497653,6.0543362155,0.1594297263,0.1752441475,0.1957827933,0.4371644241,0.2759563907,0.8118687298,0.001214308,0.0018735038,0.396,0.285,60.5319830044817,32.5941446947209
"54085",0.091356674,0.0002093364,12.560184216,5139,0.1087194455,0.0401459854,10569.53,7.6,0.2516754449,5.5998934138,6.196174286,0.1487431172,0.1703220419,0.197453086,0.4371666597,0.2763187136,0.3606086707,0.0004114803,0.0007200905,0.411,0.315,38.2289566970181,34.7535969972892
"54087",0.1012815608,0.0005113968,5.1139684395,2572,0.1227776346,0.040311174,10189.3,6.3,0.2893592767,6.2529806824,6.4060453177,0.1415336565,0.1907762195,0.2122279146,0.4514729935,0.3029216731,0.4845906472,0.0008613264,0.0008613264,0.45,0.321,63.2572624203202,24.3297163155078
"54089",0.0835724534,0.0003181421,8.7489063867,5127,0.1000779423,0.0318072289,12073.34,6.8,0.2755583385,6.2377715009,6.4245508919,0.1355005196,0.1872250764,0.208856232,0.4611214858,0.2780874603,0.5199971279,0.0011755486,0.000862069,0.415,0.318,82.060513010562,15.8826799375281
"54091",0.0809180636,0.000359389,11.979634621,3317,0.098364094,0.0310467179,13598.12,NA,0.2334915128,5.4743504593,5.8866975013,0.1541491446,0.1622820259,0.1867954916,0.4162762519,0.2581483206,0.7162474105,0.0006523544,0.0007116594,0.415,0.285,25.8675581025151,23.8777459407832
"54093",0.0917449939,0.0004386606,5.8488083053,3858,0.104556962,0.0385005066,11226.54,8.4,0.2263198683,5.2117144707,5.8429294597,0.1600307719,0.1562791645,0.1848582047,0.431428145,0.2563877122,0.9854362134,0.0007189073,0.0008626887,0.378,0.279,72.7802037845706,58.2241630276565
"54095",0.069054878,0.0003492027,15.132115004,5841,0.0819805195,0.0302501454,10824.63,8.1,0.2306783919,5.2012223287,5.7719677473,0.1533841797,0.1591351276,0.1869293207,0.4248485972,0.2645485763,0.7928974805,0.000228676,0.000228676,0.406,0.282,61.8477000386548,46.3857750289911
"54097",0.0970471228,0.00062045,12.822634017,3624,0.1191366029,0.0370072405,10814.49,7.8,0.2653186607,5.7366423986,5.9717931175,0.1448341612,0.1753722622,0.1993532012,0.4172466587,0.2802204742,0.6373794013,0.0008191685,0.0015154618,0.412,0.296,50.8095192320896,13.7323024951594
"54099",0.0890626022,0.0005837267,6.5986498147,5137,0.1093784126,0.029915056,11856.86,6.5,0.2712055674,6.2447348663,6.5860431357,0.134931522,0.1899138206,0.2101404113,0.4668308652,0.2901698514,0.3920340858,0.001552173,0.0009012618,0.374,0.308,75.1689189189189,15.2027027027027
"54101",0.0805335968,0.0003697313,7.3946265714,5167,0.0966893225,0.0336239103,11976.05,7.3,0.2891405355,6.140623368,6.4564694475,0.1364858028,0.1935455156,0.2141095635,0.4377718551,0.3097752663,0.4537906926,0.0002414001,0.0027761014,0.422,0.339,57.2433250194218,57.2433250194218
"54103",0.0779265959,0.0004646532,16.594756057,4674,0.0935502615,0.0335177351,10959.11,6.1,0.2567640572,5.6185867733,6.0037043878,0.1495980397,0.1762177324,0.1987352536,0.4215063689,0.275107515,0.5707652415,0.0009168304,0.0004584152,0.411,0.3,86.2088021397467,26.5257852737682
"54105",0.0781352594,0.0001717918,6.8716715341,5982,0.0942891136,0.0332805071,12099.12,7.9,0.2721631411,5.9825836116,6.3900727759,0.1418070252,0.1861284452,0.2102382685,0.4507925705,0.289445257,0.4525100577,0.0005145798,0.0013722127,0.411,0.323,5.76169624337405,5.76169624337405
"54107",0.0731442384,0.0008620896,17.72073086,6460,0.0900148785,0.0265283231,13029.81,7.3,0.2280188113,5.2261025303,5.6882387056,0.1464171189,0.1558840406,0.1831862764,0.4076161879,0.2496036361,0.6830925986,0.0014013752,0.0013776231,0.407,0.27,50.6664432555783,18.3516251161937
"54109",0.0902566057,0.0002451701,7.8454447386,9238,0.1109024161,0.0316336166,13672.27,7.3,0.2762872435,6.0587545118,6.5412305412,0.1403041721,0.1840353392,0.2113267096,0.4433001563,0.2936068443,0.6165742142,0.0003848744,0.0003367651,0.419,0.359,71.774627669119,21.2061399931488
"55001",0.0910981057,4.9456e-05,5.4401582591,3098,0.0990920629,0.0623714873,10267.43,8.1,0.191489496,4.3781558043,4.4799486149,0.2560880529,0.1363422347,0.1444696605,0.3458940515,0.2336820587,0.5307305389,0.0004914488,0.0002457244,0.364,0.233,32.7514492516294,21.2884420135591
"55003",0.0892554992,0.0017992546,11.566636679,1597,0.1059416383,0.0473974993,9948.56,7.1,0.1848111617,4.4763388709,4.5125048448,0.2442118316,0.1379170517,0.146412971,0.3388555321,0.2296210122,0.6429411401,0.0031410256,0.0010897436,0.404,0.222,85.8792966485604,23.6168065783541
"55005",0.0892123387,0.0011051189,16.134736098,2733,0.1043540556,0.0499242041,11391.16,8.3,0.1674670589,3.956052308,4.251215924,0.2568426665,0.1265510109,0.139273041,0.341071754,0.2093979273,0.7432962721,0.000797095,0.0012842087,0.344,0.21,65.6836263265878,17.7124385599787
"55007",0.1074489123,0.0003990423,15.961691939,1850,0.117596142,0.0768365817,8709.48,7.7,0.1506348537,3.902911347,4.1510204436,0.2638768417,0.1201965494,0.1334425855,0.320896599,0.1943090128,0.6123617957,0.0023268182,6.64805e-05,0.323,0.182,30.891438658429,26.4783759929391
"55009",0.0779165979,0.0007144423,8.6186692472,2628,0.0906309946,0.0471321696,10598.84,8.6,0.1491517749,3.8615471504,4.1117450501,0.2779362186,0.1175280321,0.127066069,0.3274644025,0.179867497,0.9197079115,0.0019515677,0.0013820441,0.356,0.194,66.3697273289339,14.1319571498871
"55011",0.0859492528,0.0001534802,9.2088097613,3840,0.0959164292,0.0590379009,8488.65,8.5,0.1570302027,3.8437944976,4.2088444097,0.2723710591,0.1196367145,0.1347634355,0.3344361302,0.2059331345,0.6686538603,0.000152381,0.000152381,0.335,0.203,51.0347291331751,61.2416749598102
"55013",0.0915730337,0.0001297522,16.867782535,3476,0.1014528441,0.0612927192,10228.33,8.3,0.1641605059,4.0530994419,4.2723211174,0.273531863,0.1272545125,0.1401886505,0.3297162589,0.2094788191,0.696965776,0.0014293139,0.000714657,0.34,0.219,79.805016931605,77.6481245821021
"55015",0.0485042937,0.0001197868,7.1872067719,2586,0.0559690578,0.0297764725,9344.58,9.3,0.1298974669,3.488075718,3.9915254911,0.2979599543,0.1047017678,0.1205464049,0.3123002555,0.1721010222,0.7912642176,0.0002591758,0.000199366,0.304,0.176,61.1470386887948,9.30498414829486
"55017",0.0670759572,0.0007732995,10.980853104,3884,0.0759895905,0.0442819699,10180.94,8.4,0.1515811351,3.8530884441,4.0114417669,0.272644869,0.1202861469,0.1316665904,0.3311267048,0.1970256743,0.6416886966,0.0009043424,0.0005769081,0.358,0.209,63.5560378235932,20.151914431871
"55019",0.1598391024,0.0002300569,12.365560476,4480,0.1695925444,0.1393687868,12075.61,8.4,0.1908343242,4.459658454,4.4581924841,0.256028977,0.1409231236,0.1506155409,0.3284625676,0.2333251659,0.4579129432,0.0003457317,0.0005474085,0.37,0.241,71.0152298878151,17.2739748375767
"55021",0.0587160752,0.0004345408,12.862407008,4130,0.0659537589,0.0393857416,8943.26,8.9,0.1438354637,3.7877761439,3.913591107,0.2756781317,0.1145695521,0.1268653338,0.3257153548,0.1871881495,0.722062886,0.001115799,0.0007845462,0.344,0.189,53.8949222869991,18.544489389075
"55023",0.0708838821,0.0006819168,8.6789411692,4854,0.0799480397,0.0470479705,10132.27,7.9,0.1642615842,4.0773747601,4.2370194281,0.2640887987,0.1261726677,0.1380174692,0.3356210032,0.2173922749,0.7295722182,0.001043521,0.0006138359,0.347,0.213,24.7713807980513,10.3214086658547
"55025",0.0493504916,0.0013005423,12.200587165,2906,0.0570726753,0.0265702151,8537.57,8.9,0.1210466866,3.2912334554,3.6405687414,0.2757443267,0.0965176721,0.111825956,0.3074368174,0.1437278925,0.9406584671,0.0040526289,0.0016280579,0.247,0.155,49.4031719151191,12.6096875295064
"55027",0.0621253652,0.0005464543,11.384464759,3184,0.0698251346,0.0408896877,9613.09,9,0.160889389,4.0005123801,4.1448854181,0.2601651083,0.122245357,0.1324350522,0.3332405447,0.2046586639,0.8335830733,0.0010586588,0.0009448245,0.369,0.208,61.2116096752363,15.2078533354624
"55029",0.08281291,0.0007589996,20.239988434,2276,0.0924622429,0.0522819799,9929.67,8.9,0.1342934465,3.5002753304,3.8465118013,0.2753869979,0.1072675605,0.1216898141,0.3186603641,0.1711998261,0.7301781537,0.0013763129,0.0007968127,0.316,0.184,98.5967992112256,21.6431998268544
"55031",0.0700546189,0.0002317497,12.514484357,5974,0.0792670939,0.0424158598,11460.09,7.8,0.1549102928,4.0568625203,4.240797881,0.2747229163,0.1225754959,0.1350319459,0.3209411798,0.2013486785,0.6947394642,0.0011571931,0.0005785966,0.333,0.193,58.4345686606182,18.4530216823005
"55033",0.0671509972,0.000705343,10.359724916,1669,0.0761951626,0.0408453789,10733.12,8.4,0.1521475974,3.811911871,4.1804997642,0.2873658227,0.1198842643,0.1332353413,0.3258862996,0.1930510958,0.6365460474,0.0015510403,0.0007755202,0.335,0.205,46.3402255224309,12.5045052997036
"55035",0.0699430182,0.0013378438,12.518395352,4410,0.0820481087,0.0342569966,10667.66,8.2,0.1475768499,3.6231771999,3.9917950085,0.2502527038,0.1145920742,0.1279155838,0.3412309056,0.1811551622,0.8073549668,0.0031281688,0.001874988,0.328,0.19,68.0574990459229,16.5373362167663
"55037",0.0844888746,0.0004656577,9.3131548312,1472,0.0914171657,0.0566929134,10532.9,8.3,0.1617892036,4.1352676323,4.3980035433,0.2688219313,0.1274790815,0.1408490932,0.3305864221,0.2111188854,0.7872484739,0.0002314279,0.0002314279,0.352,0.212,147.127148830726,61.9482731918848
"55039",0.059618491,0.000483545,11.701788149,2785,0.0682341087,0.0374531835,10347.26,8.6,0.1462184382,3.5819842255,3.9491836833,0.2653717106,0.112616113,0.1296100227,0.3180748319,0.1846645041,0.8491533262,0.0012419227,0.0008441193,0.357,0.193,54.3037324118938,17.1315346299427
"55041",0.1056670602,0.0001110618,8.8849400267,2555,0.1209661453,0.0634226353,9503.15,7,0.1910510761,4.5216122829,4.5055137484,0.2565947525,0.1430339522,0.1512511791,0.3451791392,0.2357654297,0.5439595873,0.001668335,0.0007785563,0.371,0.24,89.0372843628269,100.16694490818
"55043",0.0783542977,0.000349929,11.469896382,4445,0.0873597929,0.0545387658,9003.79,8.6,0.1642575348,4.1910231003,4.1733172246,0.2783684559,0.1279739138,0.1368072348,0.3336433504,0.2027657468,0.7029565693,0.0011638282,0.0007952826,0.375,0.216,51.2940382043191,14.2844157024686
"55045",0.0646105207,0.0006764069,10.281385281,2888,0.0742788683,0.0395547134,8426.95,9,0.1420506377,3.6605980084,4.0385125758,0.2723791294,0.1132581665,0.1288518589,0.3332040257,0.1861276851,0.7382335378,0.0009477646,0.0009477646,0.352,0.199,36.2017159613366,19.0059008797017
"55047",0.0954700438,0.0008988526,15.333368582,2140,0.1034848924,0.0746515474,9473.75,8.6,0.1671015323,3.9677521264,4.2865964527,0.2591139424,0.1256639066,0.1380784492,0.3234412476,0.2060881189,0.7362868091,0.0010043345,0.0005814568,0.361,0.213,54.6361409259945,72.2607025150249
"55049",0.0598137724,0.0005490329,9.2913252809,4074,0.0675460212,0.0402488108,8661.81,9,0.1387010466,3.5484871516,3.9950497815,0.2835843079,0.1107522941,0.1271501792,0.3196087747,0.1896571429,0.4708067716,0.000631021,0.0005048168,0.332,0.192,49.2340587151317,53.4541208907145
"55051",0.0738696109,0.0005275189,5.2751890276,1831,0.0817081372,0.0452488688,9119.97,7.9,0.1644221185,4.0809422375,4.315001592,0.2706496982,0.12806976,0.141634457,0.3365920265,0.2173066289,0.6362407032,0.0012332629,0.0003523608,0.343,0.203,123.087743977493,105.503780552136
"55053",0.0990961701,0.0008719663,11.141791406,3890,0.1133206211,0.0636956522,10414.21,7.7,0.1777537285,4.2905628303,4.419040451,0.2627837221,0.1332240019,0.143424784,0.3383374574,0.2270909987,0.6612059269,0.0015626526,0.0005859947,0.36,0.235,45.3433952486599,25.9105115706628
"55055",0.0632068507,0.0004482771,12.386603593,3180,0.073891039,0.0339371454,9604.45,9,0.1466475148,3.7373554827,3.9972022203,0.2751218156,0.1132844303,0.1274887445,0.3232828127,0.1880392182,0.7778720455,0.0009162565,0.0003993939,0.359,0.196,44.7171054696081,14.9057018232027
"55057",0.0924808599,0.0007869,10.86671413,2627,0.1084676037,0.0479896239,8906.33,7.7,0.1852005601,4.3734390686,4.2887000597,0.264544233,0.1351969049,0.1439145346,0.3365347671,0.2288667009,0.6341509151,0.0012398091,0.0008265394,0.369,0.229,53.6079389617514,9.9735700393956
"55059",0.0769673173,0.0004600114,7.3130024003,4216,0.0922238828,0.0357560653,10768.96,8,0.1630278751,4.0285089881,4.2183774368,0.2559605634,0.1218665832,0.1321633191,0.3562940157,0.1871304203,0.9805619314,0.0011341485,0.0006438656,0.344,0.209,50.3419714387971,15.7318660746241
"55061",0.0665134766,0.0005383185,9.7876088871,2038,0.0763093116,0.0410447761,10138.6,9.3,0.1457858522,3.7277037378,4.034726416,0.2851436079,0.114349773,0.1305717493,0.3231497854,0.1953191592,0.6389617964,0.0005887259,0.0007849679,0.331,0.196,66.9901802199239,17.9729751809552
"55063",0.0524495308,0.0014489561,13.388015184,2154,0.0606210234,0.0285142571,9237.66,8.6,0.1400816654,3.669115639,4.0100137891,0.2665873727,0.11093669,0.1255138619,0.2955510669,0.1729730908,0.8938310159,0.0031210353,0.0021906454,0.324,0.188,67.3717681283616,16.9134145928941
"55065",0.1158021713,0.000240024,9.600960096,4472,0.1274603681,0.0871054563,9104.45,8.7,0.1625306557,4.0192955177,4.2442094836,0.2642022374,0.1239071403,0.1374144401,0.3307223487,0.2063569823,0.5298764552,0.00180018,0.00030003,0.363,0.215,34.0163278373619,28.0134464542981
"55067",0.0789510885,0.000833811,16.155088853,2230,0.0888235852,0.0508832059,10069.62,7.6,0.1707832566,4.162175847,4.4001705955,0.2742995541,0.1299435803,0.1433459149,0.3370416982,0.2184183793,0.6415377684,0.0009341914,0.0009341914,0.357,0.226,71.2102264832569,10.4210087536474
"55069",0.0592092758,0.0005798572,15.583662523,2854,0.0658395774,0.0374800638,10045.51,8.7,0.1561136399,4.0072222728,4.4010780484,0.2667246571,0.119262997,0.1370174068,0.351377104,0.2044661165,0.7441116098,0.0006861931,0.0006500776,0.349,0.208,88.1131711085361,28.9687137891078
"55071",0.066339901,0.0004937896,9.3693419936,2953,0.0744149698,0.0438105555,9727.94,8.4,0.1513892049,3.823964891,4.077545692,0.2838070925,0.1194310382,0.1312525341,0.331187167,0.1981215817,0.7664227303,0.000961125,0.0007840757,0.318,0.21,59.5409016434978,17.7355877235951
"55073",0.0677595728,0.000980161,12.823158329,3298,0.0769855246,0.0446172738,9749.16,8.6,0.1427845494,3.616892832,4.0258311257,0.2612885713,0.1138986469,0.1280016169,0.3439757073,0.1907169518,0.7269567293,0.0019124553,0.0012257436,0.34,0.203,64.6647636048024,15.7359120559215
"55075",0.0678163987,0.0006939281,15.365551425,2785,0.0776819288,0.0389643681,10142.23,7.8,0.1714479099,4.0299677958,4.3913441127,0.2698071286,0.1295162917,0.1434803786,0.3391219065,0.2245245239,0.7667489042,0.0012365831,0.0009398031,0.379,0.214,85.9177502767543,22.3055697833881
"55077",0.0868393602,6.42096e-05,10.273532811,3884,0.0967403958,0.0585349902,8275.8,8.9,0.1670645756,4.0838045938,4.4315516866,0.2730415264,0.1262983451,0.1426249435,0.3418539095,0.2155629941,0.2770059725,0.0008422962,0.000129584,0.34,0.213,68.6798446118516,51.5098834588887
"55078",0.0800106326,0.0004389816,6.5847234416,2513,0.1032702238,0.0431320504,8328.67,5.2,0.2869078998,6.0503477826,5.6488846683,0.2635265903,0.2047355632,0.1866970018,0.4073486064,0.335647901,0.0692344045,0.0023615286,0.0006440532,0.465,0.284,50.8720930232558,50.8720930232558
"55079",0.0854651999,0.0007549755,8.6177180283,4359,0.1058684433,0.0326269538,11061.46,8.3,0.1970238753,4.8660216183,4.6955895,0.2345668901,0.1425753504,0.1404582442,0.3614951547,0.2000195475,0.9782787383,0.0029244854,0.0018898947,0.378,0.233,59.8109930350838,12.6455515309747
"55081",0.0892971587,0.0006053661,8.6480876916,2145,0.1032779352,0.0579819911,8887.54,8.3,0.1636070611,3.9928019697,4.1282101206,0.2703813063,0.12341554,0.1358264511,0.3343302416,0.2013095493,0.6491393011,0.0014983388,0.0009554624,0.359,0.211,65.5213628443472,16.5603444551647
"55083",0.0688879186,0.0003427366,10.809385711,1607,0.0774988794,0.0446621708,8939.24,8.9,0.1566109763,3.9249199609,4.197176512,0.2732613467,0.1226452134,0.1362792364,0.3322659262,0.2049988701,0.625889538,0.0003700767,0.0007137193,0.336,0.202,45.5568891653452,17.5218804482097
"55085",0.071013532,0.000674252,14.327855036,2885,0.0783915516,0.0474815528,8827.64,8.9,0.1369153004,3.5135805283,3.8937991971,0.2557335461,0.1093515531,0.1273319887,0.3063934713,0.1893047412,0.7362909051,0.0028474767,0.0021144629,0.306,0.181,66.4694427801079,19.659976033553
"55087",0.0671189972,0.0008728744,9.633552439,1976,0.077546834,0.0412228494,9352.33,8.8,0.1367689849,3.4810036808,3.8908629596,0.3101369886,0.1087637408,0.1226983661,0.3294579627,0.1739275125,0.8935849911,0.0021028474,0.0011368185,0.327,0.201,76.2389719440583,15.9569941278262
"55089",0.0410220014,0.0013449748,11.656448594,2546,0.0468332456,0.0269120412,9916.95,9.2,0.109052994,2.9649118402,3.4646641143,0.2818366851,0.0906168628,0.1074647713,0.3017721903,0.1405200471,0.8918687424,0.0024005295,0.001076873,0.306,0.159,60.7277645103964,9.31407431141049
"55091",0.0758096617,0.0004116921,9.6061479347,2584,0.0828592629,0.0576184379,10424.69,NA,0.1625842318,4.0579797136,4.3264754748,0.286970272,0.1254242398,0.1383018402,0.3221750835,0.2113756827,0.670504753,0.000137193,0.0004115791,0.348,0.211,27.463724996567,45.7728749942784
"55093",0.0540851893,0.0004210132,10.525330963,3129,0.0620238523,0.0326996198,9828.46,9,0.1377405001,3.4933288188,3.9478769728,0.2889824442,0.1086104025,0.1255228848,0.3070079377,0.1785173113,0.7482630001,0.00046998,0.000187992,0.31,0.175,45.3093141888461,13.2803162277652
"55095",0.0690301238,0.0007537172,15.987940525,3110,0.0759074607,0.05,10867.29,8.9,0.1528268783,4.003620253,4.2840875333,0.2879431143,0.1187086388,0.1334404082,0.3199064377,0.1985133523,0.6662142292,0.0020184412,0.0005734208,0.315,0.199,112.064036592338,15.2468076996379
"55097",0.0654328315,0.0004380263,11.727801956,2666,0.0756570403,0.0343817012,10484.52,8.8,0.1460705628,3.9122724199,3.9999329724,0.2766867335,0.1162221049,0.125376501,0.3218714993,0.1762682678,0.8120081692,0.0012263539,0.001254546,0.32,0.173,34.3132185799028,13.1612345237983
"55099",0.0734989648,0.0001498015,14.9801513,4740,0.0800653595,0.054197229,10784.84,8.2,0.165070345,4.0656939472,4.2253594098,0.2627073974,0.1266547542,0.1374333344,0.3358142893,0.2040411524,0.6679850272,0.000522505,0.0010450101,0.368,0.214,95.0166279098842,120.021003675643
"55101",0.0716193297,0.0004533623,9.1691245014,3519,0.0864845479,0.0341380734,10913.16,8.6,0.164432081,4.0465813419,4.1980433455,0.2516366534,0.1210549875,0.1304774623,0.3416770892,0.1880576334,0.9334571768,0.0014294144,0.0006765556,0.361,0.213,76.9496022571883,15.6277337917469
"55103",0.0922708671,0.0006955715,8.1150011593,2233,0.1024212556,0.0660352539,9251.93,6.9,0.1684658088,4.1535133039,4.3418803946,0.2639022506,0.1287346147,0.1410226093,0.3349598551,0.2132494928,0.6178347483,0.0013235887,0.0006330207,0.35,0.224,86.7269258195694,65.5270106192302
"55105",0.069924744,0.0004958556,9.9171125286,4686,0.0825145919,0.0380706018,11034.93,7.6,0.1689569169,3.9783835764,4.3379792734,0.250934138,0.124414702,0.1366872434,0.3165112894,0.2011067536,0.8947864106,0.0018390354,0.0007049636,0.351,0.216,53.9252032918885,15.7281842934675
"55107",0.0913176516,0.0004937227,10.579771477,2017,0.1058517555,0.0525956284,9786.1,7.2,0.1883173515,4.4993411343,4.5899384186,0.2576889316,0.1399336013,0.1490938279,0.3437372164,0.233318701,0.4069806845,0.0005654909,0.0003534318,0.364,0.222,77.9275981769665,61.3975015939736
"55109",0.0445019438,0.0004962122,10.806400035,4280,0.0509907863,0.0299542128,10301.67,9.4,0.1164989125,3.2052482255,3.5518637247,0.2775668741,0.0971097182,0.1138089134,0.3181346356,0.1550205812,0.8384492264,0.0013267331,0.0003790666,0.34,0.162,38.9392364236148,12.8572950455332
"55111",0.0834784291,0.0009931411,12.879798889,3693,0.0942533041,0.0561401172,9111.61,8.8,0.153886681,3.8419515104,4.2604463397,0.2760531136,0.1184534292,0.1326600943,0.348429232,0.1958662663,0.7921937524,0.00168096,0.0008093511,0.338,0.201,71.9685202443823,16.5682924303614
"55113",0.1092344254,0.000785119,10.266940452,1679,0.1243826806,0.0680272109,9798.72,7.3,0.187530916,4.5838981726,4.5572102701,0.2783037371,0.1426253322,0.1495759143,0.3490809168,0.240896127,0.6771154195,0.0029716781,0.0007277579,0.363,0.207,78.3966872374214,72.3661728345428
"55115",0.0898366894,0.0005623609,14.425780581,3028,0.1022874968,0.057403857,10091.99,8.6,0.1715115071,4.1910979522,4.5554989962,0.2683130751,0.1301228021,0.1435884326,0.3350900835,0.2304320948,0.5927435696,0.0016913423,0.0008579272,0.367,0.241,61.2339873123178,12.2467974624636
"55117",0.0627380783,0.0006329114,14.999132998,2051,0.0727299903,0.0368364446,9300.66,9.2,0.1449790538,3.5247445505,3.8011019273,0.2793007158,0.1089421431,0.1226796811,0.3415018968,0.1735339879,0.8295860857,0.0014377772,0.0008574695,0.347,0.178,65.3111236981123,13.2934145580229
"55119",0.0860968202,0.0002949417,8.8482524701,2007,0.0964158639,0.0603324441,11251,7.9,0.1706940867,4.0096317036,4.2161012029,0.2720480225,0.1270174603,0.1418342295,0.3499382453,0.2231517979,0.6177195611,0.001175779,0.0010288066,0.342,0.227,32.7476953809376,40.934619226172
"55121",0.0812568168,0.0003035516,14.165739148,2587,0.0935464415,0.0539008962,9163.49,8.9,0.1567799342,3.8557856783,4.1555789574,0.2684749166,0.1198021499,0.1331974502,0.3348303476,0.1999438001,0.8237090505,0.0005094763,0.0008830922,0.351,0.206,79.9801739287163,18.0237011670346
"55123",0.0943559343,0.0010382195,11.679968853,2935,0.1081473417,0.0651105651,9619.1,8.2,0.1766852321,4.2858912718,4.482466479,0.2507629079,0.1320053381,0.1451505615,0.316829537,0.215378761,0.6567023814,0.0014292675,0.0006171837,0.345,0.224,24.8734697408833,16.2218280918804
"55125",0.1092481703,0.0005857175,19.824284749,3166,0.1190517998,0.0801457195,9312.91,8.4,0.1605220159,4.1493236825,4.3027172088,0.2633628827,0.128447333,0.1362683311,0.3159005015,0.2059793953,0.9052263182,0.0006837451,0.0003646641,0.358,0.194,66.1763599993984,22.5601227270676
"55127",0.0820415326,0.0003947318,10.686640736,2680,0.0953714407,0.0444505419,10075.14,8.3,0.1522294115,3.8420113929,3.9664168303,0.2926213487,0.1152531492,0.1281084718,0.3255170889,0.1868839084,0.8601850765,0.0011377003,0.000511001,0.355,0.194,61.9505102089947,15.4073807773666
"55129",0.0771689903,0.0009541985,12.72264631,2790,0.0876042908,0.0481371579,11173.19,8.2,0.1623374519,4.0636368734,4.27030167,0.2530778782,0.1255688841,0.1388118735,0.3262311449,0.2041305288,0.738105713,0.0010076836,0.0004408616,0.345,0.21,54.9566687803847,25.3646163601776
"55131",0.0455609048,0.0005292794,9.2623902848,3596,0.0516472538,0.0303401185,10436.66,9.2,0.1245395524,3.4332501225,3.8028995478,0.2765921207,0.1011583483,0.1170964965,0.3056127441,0.1609701261,0.9194689393,0.0011128061,0.0005600878,0.3,0.171,58.7987417069275,14.4546906696197
"55133",0.0403024973,0.0014003038,11.207378562,3081,0.046910888,0.0237952497,10464.84,9.2,0.1129074223,2.943440431,3.4661353095,0.2860382524,0.0898939301,0.1077159261,0.2800282777,0.1506916415,0.9474288968,0.0022477374,0.0010866545,0.288,0.157,66.0105715806771,12.7735812671722
"55135",0.0676788601,0.000568739,16.473818396,2674,0.0749340904,0.0473619399,10225.24,8.6,0.1529284646,3.829899616,4.2720114295,0.2715434441,0.1186364647,0.1349586829,0.3356638105,0.211897828,0.8314825415,0.0007432327,0.0009192615,0.364,0.204,101.45174169732,18.3267662420966
"55137",0.0904611052,0.0002863806,14.319027943,2517,0.1029608105,0.054896794,8929.09,8.5,0.1787233007,4.2465102195,4.3328855092,0.2684602107,0.1314786544,0.1397484634,0.3450686297,0.22077463,0.596383083,0.0011540205,0.0006594403,0.364,0.215,39.708620878519,20.5389418337167
"55139",0.0613600987,0.0008143938,11.227000646,2316,0.0705312681,0.0356037152,10161.47,8.2,0.1515792489,4.1559115302,4.292598973,0.2760258304,0.1205360602,0.1281172841,0.3306513029,0.1945067935,0.8709534474,0.002257046,0.0012279266,0.356,0.191,76.3762296961664,16.9077149709071
"55141",0.057479528,0.0014657735,14.52074686,3189,0.0663946231,0.0343908787,10368.97,8.2,0.1520202556,3.8117896718,4.0550070021,0.2569740141,0.1189027621,0.1331302965,0.3235446096,0.1986608331,0.7701507712,0.0014783382,0.0018205462,0.357,0.206,78.6774863457967,16.4673808630737
"56001",0.1312788616,0.0007458848,12.860082305,2629,0.1408663924,0.0963309914,8862.09,7.4,0.1540303822,3.7017982523,4.0871442795,0.2018068903,0.1156308695,0.1288886663,0.3460827589,0.1682784426,0.9101628144,0.0050775887,0.0010621486,0.284,0.206,27.4840892889351,20.6130669667013
"56003",0.2151323806,0.0003392706,11.026293469,4402,0.2367701464,0.169324737,11294.02,7.7,0.1708418815,3.9891670854,4.2645253321,0.2011757285,0.1219283781,0.1397023806,0.3528640065,0.2104230694,0.6821220432,0.001851696,0.000505008,0.297,0.243,39.7208193837599,28.3720138455428
"56005",0.1345873078,0.0004963208,8.4158736324,1854,0.1507499128,0.1009471009,10198.02,7.8,0.1626534583,3.6772052916,3.8135029912,0.2080781036,0.1163343953,0.134088631,0.3558543121,0.2149238838,0.5593176251,0.0020372779,0.0006718682,0.382,0.257,28.7445115948174,21.558383696113
"56007",0.1765268836,0.0005405405,8.7837837838,2741,0.1928903005,0.1386882404,8147.62,6.6,0.1819131847,3.8870809708,4.2058962519,0.1986352636,0.122317257,0.1331218122,0.3671510362,0.217597681,0.7384324835,0.0026050364,0.0009351413,0.35,0.262,35.9696056831977,35.9696056831977
"56009",0.1370487206,0.0005787874,10.852264506,4409,0.1528173375,0.1023441967,11664.92,8.3,0.1602570265,3.9027779857,4.0969886355,0.2275143125,0.1175810517,0.1331158808,0.3403811895,0.1952810152,0.8394419143,0.0021260997,0.0010997067,0.343,0.235,24.2330247661513,12.1165123830757
"56011",0.1709931335,0.0003955696,10.548523207,965,0.1777993685,0.157622739,8555.32,8.3,0.1384796013,3.5012959705,3.8904695611,0.2129095647,0.1076258814,0.1281901323,0.3378207935,0.1869155483,0.7059155725,0.0005369128,0.0005369128,0.319,0.217,4.41949882883281,4.41949882883281
"56013",0.2232493719,0.0008659993,12.225873004,2756,0.2420091324,0.1846618593,8586.99,7.6,0.1741860862,3.9500701507,4.1317822674,0.1810262649,0.1281010044,0.1398526697,0.326821557,0.2130326931,0.657453331,0.0022766942,0.0010371607,0.286,0.242,54.1872338263807,32.1736700844135
"56015",0.1551724138,0.000756945,15.138899402,2460,0.1738020129,0.1073227431,9156.48,7.9,0.1630085457,3.705120387,3.9432436261,0.1984403593,0.1171405135,0.1302709654,0.3332105759,0.1938342156,0.7031474074,0.0044108852,0.0005980861,0.353,0.243,50.2234945507508,30.1340967304505
"56017",0.1515440942,0.0009064129,13.596193066,1328,0.1690079017,0.1078107811,10501.69,7.8,0.1567453403,3.7518023155,4.159959463,0.199505369,0.1168129472,0.1356519667,0.3422634387,0.1912076991,0.8025768911,0.0028540066,0.0008781559,0.333,0.246,104.532218323005,89.5990442768611
"56019",0.1403314917,0.0013025459,14.209591474,3531,0.1523325227,0.1117584746,7900.74,7.2,0.1507580691,3.6056088094,3.9473709752,0.218109331,0.1136667009,0.1312897748,0.3144491955,0.1862422149,0.6471000117,0.0028368794,0.0004728132,0.301,0.223,90.2208449378261,62.7623269132703
"56021",0.1184147524,0.0007236181,12.56281407,3789,0.1325764636,0.0836639788,9732.25,7.5,0.1542181818,3.7526653341,3.9204072677,0.1785070356,0.1145413565,0.1266895222,0.3532989893,0.1924689316,0.7126054634,0.0040716941,0.0014548982,0.309,0.232,30.7619260978162,30.7619260978162
"56023",0.160906061,0.000706001,1.5128593041,2701,0.1727388073,0.1378353377,9480.39,8.3,0.14759415,3.5926600722,3.8954231875,0.1940413585,0.1120141694,0.129093436,0.324669157,0.1829006312,0.800894731,0.0012864053,0.0005660183,0.322,0.227,38.6444209217534,28.5632676378178
"56025",0.1453495441,0.0007889003,15.026672343,4141,0.1672152033,0.0932290069,10322.83,7.6,0.1560833739,3.8017342007,3.9816676937,0.2070408642,0.1152407924,0.1285315345,0.3373831007,0.2178727447,0.8558515573,0.0041711433,0.001542059,0.34,0.25,50.0442057150483,30.4435584766544
"56027",0.1905379132,0.0008488964,0,2488,0.2084063047,0.1425233645,10672.54,6.9,0.1947531837,4.4380801689,4.7512672966,0.1813483657,0.1399025191,0.1579413421,0.3615801381,0.2280208013,0.7198067633,0.0004187605,0.0004187605,0.345,0.282,14.2470437384243,14.2470437384243
"56029",0.1396810723,0.0013016373,16.099198465,3090,0.1546737548,0.1021575678,8843.48,7.8,0.1358010313,3.642662619,3.9084556445,0.1982015407,0.1075915482,0.1216557434,0.3196428733,0.1746535149,0.6082609466,0.0033760742,0.0013981721,0.305,0.208,53.5008935787545,30.7345558856675
"56031",0.1497955846,0.0003574407,17.872036221,3371,0.1631827377,0.1161991986,10954.32,7.8,0.1547337123,3.7366034714,4.0930131771,0.2058014617,0.1153218596,0.131293712,0.328025488,0.1951551261,0.7797392408,0.002334812,0.000583703,0.314,0.238,46.9906410306614,46.9906410306614
"56033",0.139002453,0.0006888634,15.089388224,2668,0.1552831634,0.0978211184,7631.3,7.9,0.1308850285,3.3129790996,3.8406188422,0.206914724,0.1022218479,0.120055093,0.3294387879,0.1810757813,0.8897513395,0.0048291602,0.0011907518,0.305,0.204,72.0673502145642,25.1143796202269
"56035",0.15302082,0.0004068762,6.1031431187,2439,0.1606574761,0.1353982301,9308.73,8.1,0.1356753509,3.3867905575,3.8118406809,0.2145395527,0.1039682767,0.1213862688,0.3301551409,0.1795808412,0.4754562311,0.0008152451,0.0007133394,0.287,0.211,6.77966101694915,6.77966101694915
"56037",0.1386437976,0.0004487164,8.9743286966,2520,0.1576412546,0.0972148775,8731.82,8.1,0.1644323415,3.5948660902,3.9809643198,0.1918800096,0.1154084806,0.1283816885,0.3543717788,0.1850863965,0.8968634434,0.0025318808,0.0006736197,0.33,0.236,24.9869209085869,34.357016249307
"56039",0.1745600804,0.0011506989,18.32594613,2391,0.1802941743,0.1561461794,8621.16,8.7,0.1141171801,2.935198538,3.3371361085,0.237738597,0.0888580926,0.102049228,0.2706767015,0.1288442733,0.9971823049,0.0047658247,0.001083142,0.199,0.16,22.8434367950658,17.1325775962994
"56041",0.1406002232,0.0004449718,3.4608919213,3002,0.160038627,0.1041808294,8949.75,8.3,0.1691336951,4.0252764735,4.2390357082,0.1840730737,0.1251476862,0.1418013604,0.3587001747,0.2076451009,0.8401837295,0.0035469728,0.0006404256,0.346,0.234,21.4027000329272,34.5735923608825
"56043",0.158514036,0.000640615,16.65598975,3890,0.178646687,0.1096664782,10768.32,8.3,0.1665080133,3.7223337554,4.0811201753,0.1932913031,0.1172175047,0.1332467115,0.3238663897,0.1944253884,0.8318293683,0.0039315155,0.0005072923,0.301,0.227,51.1727078891258,51.1727078891258
"56045",0.143161153,0.0004330879,11.549011116,2481,0.1542328042,0.114934618,10157.11,7.6,0.1688594111,4.0037039624,3.9884984146,0.1971488706,0.1241565431,0.1357570674,0.3447419762,0.2063855625,0.6302719201,0.0017224056,0.000717669,0.322,0.253,58.1479866259631,58.1479866259631
